cell_id,fov_id,gene,cell_stage,crop_raw,crop_seg,scale_micron,plate_id,well_id
763652,15585,ACTB,M0,crop_raw/66dd9080811f87ff188e6b13757b9fa6e8c0eb68a5e8fd669f15ec29417f5467_raw.ome.tif,crop_seg/faadafdcc43fb4f117ad04ccc24f583b25e1452cff30d9cf9f42e5fca4b5c36d_segmentation.ome.tif,0.108333,3500001199,43734
794768,16402,ACTB,M0,crop_raw/578156a699da27cd152713c0bdff037b1e9b80a3c84685c3c5d45c07a85dbf0e_raw.ome.tif,crop_seg/b760bed13bf6381ba5142065fefb3981d5ac7e0bf896a27cf0fe953f33bf2b01_segmentation.ome.tif,0.108333,3500001309,53524
440690,5798,ACTB,M0,crop_raw/e1132973a1b340a91bb4713f36cae5cc898957aa071d97dfbe4a04aba991cda6_raw.ome.tif,crop_seg/d4b536425f7d220734acce31c1589c7c02c20d7061ff2aff1df17c1fa5e7fb22_segmentation.ome.tif,0.108333,3500001222,44226
427106,5653,ACTB,M0,crop_raw/282174aba35c9ea19d6e5406c6aeea8bdcf6520558350cae2281fda64a226d6d_raw.ome.tif,crop_seg/94928e704ee2835f24e20fb82b604b6e62675c66755ef465120b01d746330637_segmentation.ome.tif,0.108333,3500001238,45076
431426,5706,ACTB,M0,crop_raw/fe80c0612d23cdc0b63f0dfd9c3aad6c5add68595eeb5fe73a8ec052e9f7feef_raw.ome.tif,crop_seg/cbab41e9ee919b0ab4d4551a8d842c042b4bea1ab85392f37b74e1923a41b2d3_segmentation.ome.tif,0.108333,3500001245,45556
807673,16675,ACTB,M0,crop_raw/9f221cc92835ef0a313b27f7a81fb27065dcabecae8cfb01eb0f7fa01463a710_raw.ome.tif,crop_seg/920a9b8a31b5b3a2fbb7830470197a682c221ae1e113d64cd78e0322e2659d4b_segmentation.ome.tif,0.108333,3500001307,53729
426364,5644,ACTB,M0,crop_raw/06b02328137390fa69fcf4e8038b0981da9d5005a865ded36aa5551a58de9658_raw.ome.tif,crop_seg/0fe1b9120130103bd6c54bd82d68e21ea0915ccab5fda1af967fed855d3f7d12_segmentation.ome.tif,0.108333,3500001238,45077
473259,6260,ACTB,M0,crop_raw/fefd4d45abc772df301d010edfd0ff7bce4ef5eb71072de590d3672fee2ff55a_raw.ome.tif,crop_seg/ac9c0cdc84a79ef9c9dd9acea6d6a0c7032f2ac70da4230d102bbffed21d7d57_segmentation.ome.tif,0.108333,3500001310,53444
757286,15443,ACTB,M0,crop_raw/40c37b6c814311e0c0dd24cee9fa4bf08988438097c2b7e141035b2f4444bf27_raw.ome.tif,crop_seg/c0b08f95e7775619f6f80da121c7ef0f036036e2eff53ac84d32f36b19ae3b5e_segmentation.ome.tif,0.108333,3500001309,53538
415925,5466,ACTB,M0,crop_raw/c68f06056a4ae10f0b340829340baf2a1b8211b71805e887670a381a8736d172_raw.ome.tif,crop_seg/5e390b2ffd227910dc3a0026ba6ca30f88d5f4c1df2dff4d4fa170ad1d4f93fb_segmentation.ome.tif,0.108333,3500001221,44308
766319,15642,ACTB,M0,crop_raw/7cb36c86f259bb92374f46d67a8e3a26e572637daa7b603e4bff30158585d804_raw.ome.tif,crop_seg/6a279afbdd68cdb1736f7f6f241d820327eab2ce3e3888770fbcae796a00b73a_segmentation.ome.tif,0.108333,3500001309,53540
983510,6235,ACTB,M0,crop_raw/97e4927169bb0031c0dbd9ffe705d6b48663fb9d30585c461ecc139746783b16_raw.ome.tif,crop_seg/68acdfa2cf2e2f8ac123e84e891e9b85524e3153d82b418e2b3f9eea4f1b5e8c_segmentation.ome.tif,0.108333,3500001310,53442
439783,5789,ACTB,M0,crop_raw/7c0e9dd95ead7e0246eb5832fe9f6a2545d4e5f0f305365001d382abfc39efbb_raw.ome.tif,crop_seg/7eac1e6df2223ab9040ab072d0980ca5100945fdb567eee98e530db3322cecf1_segmentation.ome.tif,0.108333,3500001222,44213
471790,6228,ACTB,M0,crop_raw/96f819143df03d45318c790317b8bea808b155757146491df490d0d17ebc1d14_raw.ome.tif,crop_seg/2ebfed1ace9c0a70f50ecaf1a1c1a74d94e9f1d82ac7cf4dcd33d6cd526daa08_segmentation.ome.tif,0.108333,3500001310,53432
806407,16625,ACTB,M0,crop_raw/f6ec5fb5f31e174375e2f911fa71a02a52677e4a8c0b51f873a8cce05574d05d_raw.ome.tif,crop_seg/13bb82350546420b30276fb8d682a3eb2ce907da3f7d4bff4aab5931e8152fc8_segmentation.ome.tif,0.108333,3500001307,53717
437213,5764,ACTB,M0,crop_raw/2c14a96a9ed8f69a7c527d9a5b95900be3979eb0887bfc9c36a0bc8c55ebf4b8_raw.ome.tif,crop_seg/f12beec72b3674177a7dc359856d7d64ff61115d5a80248edc39cbe116fdfcab_segmentation.ome.tif,0.108333,3500001245,45559
438714,5779,ACTB,M0,crop_raw/77ba4d2ba1002927695aaf173e6a4de8ea366d1fc1cea20f241b589869ec46d8_raw.ome.tif,crop_seg/44501177632264dd46d6f71701acc4c0c8ed247b6bd4b426b0e97c21281385f8_segmentation.ome.tif,0.108333,3500001222,44213
436679,5759,ACTB,M0,crop_raw/e918fa5a5a591de2afe2ac8d5a489f3cb19699f33b94993a97e467d009e5eeb0_raw.ome.tif,crop_seg/be970040e59f09adec66c06f3e69d26ee6855fe8809fcd3e496e467304ee0f0b_segmentation.ome.tif,0.108333,3500001245,45556
824701,17167,ACTB,M0,crop_raw/119fa436b909938396097bb497f0e7e0ae264bf84e9d02fc7b66bcade7b43487_raw.ome.tif,crop_seg/294cdc08e833ce286638d9a79fa258797c10a72cf00be75b865beb28926b2c5d_segmentation.ome.tif,0.108333,3500001307,53730
412676,5242,ACTB,M0,crop_raw/e4cbfb54e955c52c34c827903cd5d424e62d35fbdd6738fa05f93f7f6c487520_raw.ome.tif,crop_seg/92796134bad87494ed768e06159ba7130f9a64a4b08cb6b06a61a642c1ab107e_segmentation.ome.tif,0.108333,3500001200,43637
425888,5639,ACTB,M0,crop_raw/46ecafa534742da9fdb4a43bb8e7327e56b83b140b00f0b10db769ebe8730f2b_raw.ome.tif,crop_seg/b43d3890313aabc1a0c8e960989e613fdc616cebe94d8cc547ee9d3b61054a2b_segmentation.ome.tif,0.108333,3500001238,45076
429935,5689,ACTB,M0,crop_raw/96183e956211a8ff664920d63085db589bdab7291f2681c5cfcfd464bc6f5bda_raw.ome.tif,crop_seg/55195a1adf3c39f34360e6eaa613ddce44715b024f7c485fbe0b2f35baacd66d_segmentation.ome.tif,0.108333,3500001245,45556
742040,14990,ACTB,M0,crop_raw/fd9f93ec69a0422223b683be3c0806e51e63341478a1743212e999110e2272af_raw.ome.tif,crop_seg/bb86c233d0472ed2334bc76b86bd4addda98a6f45f3f464dc837265970148c3e_segmentation.ome.tif,0.108333,3500001199,43734
762856,15572,ACTB,M0,crop_raw/e269e2d01e84b6641b74b5eb3cca1b055ec6ba95c0fc0357d622ef92e843dbec_raw.ome.tif,crop_seg/3081d187160244f61ea11983aa20d81128b73e176b032bb560d3ea93a4551939_segmentation.ome.tif,0.108333,3500001199,43733
772813,15826,ACTB,M0,crop_raw/4286b2eaab7fb9ff0e00f14bbdca06825019e5cadf8cbbffdd93209b993ad977_raw.ome.tif,crop_seg/19ac7256159ee9e793f24c7ed48004491263f905fe26a5e3979b74db89c552ad_segmentation.ome.tif,0.108333,3500001199,43745
414905,5446,ACTB,M0,crop_raw/e54be65028a1d379f01f9e92bfed27a4aba6f2de9653b90610bda71002f7720d_raw.ome.tif,crop_seg/a7dd2df7c04cb2b2fbb51aab7c9f6b95a89fc361f25833df13fc660b6dfcf7a5_segmentation.ome.tif,0.108333,3500001221,44311
470699,6210,ACTB,M0,crop_raw/134dd1cd9f4f843d178d71fbf82fd493d16e621e8ca1864136d1443d27a8f57f_raw.ome.tif,crop_seg/bb778437968f0ca600661bc5b7617a2b790ed0e7834f66e47adf68cfa31e7b30_segmentation.ome.tif,0.108333,3500001308,53632
430120,5691,ACTB,M0,crop_raw/1eb181b09c3f1ea2f1cd9cd0f7b02897a5a1741120a9f241f6a4e620d8c95a13_raw.ome.tif,crop_seg/b95aed2f593b3b3c1fc839e0226fb8ca302166e404c973c843844269617b05ac_segmentation.ome.tif,0.108333,3500001245,45568
815495,16957,ACTB,M0,crop_raw/ad1aebe9fe5c44208bf8d6cec3909f6f3016ab5037d6cb3bfc1bf489dbeec1e5_raw.ome.tif,crop_seg/bebb5b3fe8e27c11e63d501c05704c8b9f5cb52770ae75905ac3ed67db6180e8_segmentation.ome.tif,0.108333,3500001309,53538
426295,5643,ACTB,M0,crop_raw/f1b34a39aa9bd95861f95fa41e92b6ba981e69c50270227963633673e60ce08c_raw.ome.tif,crop_seg/a37635ca345da7479e37f444d488accf56ef301c53cd8565c215ecc0091b415b_segmentation.ome.tif,0.108333,3500001238,45078
431819,5710,ACTB,M0,crop_raw/bd8103ce6fcf2245755c6b5a0ca118139600341232200363d61e54cd3b8aaf65_raw.ome.tif,crop_seg/7a330883d49771a849ebb0437eb2aa63ab1993b2028708e9e990071ec46cdbe0_segmentation.ome.tif,0.108333,3500001245,45556
474684,6279,ACTB,M0,crop_raw/8556444a9ac4d0c81880a531e6bf96a8681ca557db133227e59879e11cbf155d_raw.ome.tif,crop_seg/8fa7ba9d0dd41c4fd165113ba3e7b1a854e19eb85bfa34d25abe97b88286a3c6_segmentation.ome.tif,0.108333,3500001310,53431
469672,6200,ACTB,M0,crop_raw/0aaa3c1d3f2b590b732300e0332edbe72b16dffc4b1ec0ef08c134a3b45650c9_raw.ome.tif,crop_seg/64e673106041328e1f41e5ee8fe49a561ad9a80bcc1c34ce971fe84950e480c1_segmentation.ome.tif,0.108333,3500001308,53621
470248,6206,ACTB,M0,crop_raw/4861ddc3a8d4f4f3b082d4c8f6473f638bbdc67fc4c94568a6f1b582610c0199_raw.ome.tif,crop_seg/3ea59e3af36f93dbcd636c8c5f30ec958973b1c36dcb5a71dbca445aa7c2baae_segmentation.ome.tif,0.108333,3500001308,53624
776872,15929,ACTB,M0,crop_raw/44b9845d5c6f5ac23110a74142d5bab987ebfa8497a9f6cf856f18c174f0d245_raw.ome.tif,crop_seg/cc0c0bf6298dc8b68ec19011d4ee8d1a6d2f78c78215e7124dd41d59c2ae78b7_segmentation.ome.tif,0.108333,3500001199,43733
415799,5464,ACTB,M0,crop_raw/67d6d65c379a1be569a66c6cade0cb7bca8a4e34b0262f68a7db0edc89e9ff9a_raw.ome.tif,crop_seg/bd573f8c4a6ce7c57fbafd9c2b061e85805cc3155539127fc9f2e17da1110ce8_segmentation.ome.tif,0.108333,3500001221,44311
433985,5731,ACTB,M0,crop_raw/76259703e63661b28a418d88b50b30dd474ff337a0db980b476e014563d4aab7_raw.ome.tif,crop_seg/02ee9404bd549ba02456ef265bfb6c969526d462b04e3d3444b01f2b16837333_segmentation.ome.tif,0.108333,3500001245,45568
413768,5273,ACTB,M0,crop_raw/680135a01d8ce44a276ca68c4941f62b8cb6becf3252caf6d9b19645f3598175_raw.ome.tif,crop_seg/16fa113d70b3363d815058a0d2c1dc7f0022a4f0f57593139f824065087b3604_segmentation.ome.tif,0.108333,3500001200,43639
412604,5241,ACTB,M0,crop_raw/df2df37e8a673f69539735e4e8a7d6a9509b8dd46c078ea99a3e9bce0912397c_raw.ome.tif,crop_seg/bb80ebe68319c735ac272636b6832f51a6283e7d0ade48c5a95a1c774237a323_segmentation.ome.tif,0.108333,3500001200,43639
755617,15386,ACTB,M0,crop_raw/c48cc8d39ac767222d6e2a0eab3f262543a32a719b045acd9911eb560276d3c3_raw.ome.tif,crop_seg/03b5704b86bc9e08a0c572094018e8413b787ec3d4055c0297a9930b2dce3e36_segmentation.ome.tif,0.108333,3500001199,43733
426585,5646,ACTB,M0,crop_raw/f2a05c39d8164c4c3e4943e80cf019c1f621e86b5739fc6adad42cf4c6ec6ba5_raw.ome.tif,crop_seg/a98802068d3be0ee02f804056748181842e58bf60a1507ad58a8fbb8b7a65e14_segmentation.ome.tif,0.108333,3500001238,45077
471665,6219,ACTB,M0,crop_raw/0c994dd04cd1a2744a8e526a9d025efbd979fe82a11a04b6323434d5dabaee48_raw.ome.tif,crop_seg/c44bb08dae2bdbb7156dd2bb50bb6794c894132e4f57f38808204a8b2a6dcf9b_segmentation.ome.tif,0.108333,3500001308,53624
800152,16500,ACTB,M0,crop_raw/db8e8dd4b66f7d4b912eef008deb2af6a7ae7c07cbccb95dc3bea0b4be7c115d_raw.ome.tif,crop_seg/2dc1924ae3935ab2e37ed15205bf4d3071d5c46a444d9d6a355dc426eadbd4db_segmentation.ome.tif,0.108333,3500001199,43732
805370,16594,ACTB,M0,crop_raw/02c45f4dc1004b4509ba4ff84cebceb1de13ae982937b8ad7b0e861e41127c56_raw.ome.tif,crop_seg/529ad19b3c6d9b37b4a3fb95bbb3640075f46151da86e9a82b3b36f601ed8d09_segmentation.ome.tif,0.108333,3500001199,43732
412828,5246,ACTB,M0,crop_raw/dbce3d81f679eb3f9fc0559ec8bb94c1b0865999ce2e5ab505388dd2880d3721_raw.ome.tif,crop_seg/cd831fb94dc4f05f8d1412207f615dede52f2c589075653c9e1ec6de017ecca4_segmentation.ome.tif,0.108333,3500001200,43638
812954,16843,ACTB,M0,crop_raw/a03a97a3c0122c720cfc84a07fd6d223c74794e38b6e05f1fc21daafa5348435_raw.ome.tif,crop_seg/50af556c180eebe8a7d7597f8fb79b361dbe7c994e2d6bd4fdbe9113d89b0172_segmentation.ome.tif,0.108333,3500001309,53538
417387,5496,ACTB,M0,crop_raw/589087be7c84c669e128f16a0842933db45bd1d7fdd4fe333e811724b9565095_raw.ome.tif,crop_seg/de417732cc71e308ad190f45845f0ac56f471e9eac694f164a70406cc34982d4_segmentation.ome.tif,0.108333,3500001221,44321
765760,15636,ACTB,M0,crop_raw/a758b86a68052d6fef528d41dd704dd7398dcce7c78c5a56bfb5792b11043d57_raw.ome.tif,crop_seg/d79ea54f79a0ad5e952053cdc9633eaf592eb74e16430b1d175587ed1685f340_segmentation.ome.tif,0.108333,3500001309,53524
431023,5702,ACTB,M0,crop_raw/a04b42ae144feee782f4f9ffc38fa359c7bc62eb70f717098a7d0e33a506624a_raw.ome.tif,crop_seg/7e18573f660648572cbdcfe005db9170ef16fbdd3616a5a09d0f8930d4af4904_segmentation.ome.tif,0.108333,3500001245,45560
470059,6204,ACTB,M0,crop_raw/1ba619b0415e81d0d62fd8db7d2ca3394889b1a22d1949f743bc98c258b9e86b_raw.ome.tif,crop_seg/b33898fb84a8922a98164a580d737820c941cc6db827a8657a3449150644278a_segmentation.ome.tif,0.108333,3500001308,53621
470564,6209,ACTB,M0,crop_raw/61843a7ddbf874f61841fcecc11714447d9e9d1d08353b05279e10b95f193b40_raw.ome.tif,crop_seg/03e5c1573338fb2a1e6aa1a75fa172e5aadf1a47f2ae73fe68f5f49343cccf69_segmentation.ome.tif,0.108333,3500001308,53623
435142,5743,ACTB,M0,crop_raw/a32ad5e778557cb3b818d31e58c5d065631b44c3813e1d05f9d7f01c5564b63a_raw.ome.tif,crop_seg/c65eded96552b51256f4c0f843f718780815aa2b312513ca81f998737a4c1625_segmentation.ome.tif,0.108333,3500001245,45568
795012,16414,ACTB,M0,crop_raw/794d6d015c7cfef8d0ee226e350a5d0ec9255d4bf213a87cda4cc465d9de2735_raw.ome.tif,crop_seg/328d5aaaa35efdab32e6726ac6cc745d1ba4b82b3c914c51954fd9e84f4c51ee_segmentation.ome.tif,0.108333,3500001309,53527
820187,17031,ACTB,M0,crop_raw/692074807e220280e1b47f60dd1b56fbf4af96c83a176aafa44a25cd01769e1d_raw.ome.tif,crop_seg/cc462c985fe76916f96b641f456c61c661381ee950a82bea288a04749b0ca620_segmentation.ome.tif,0.108333,3500001309,53527
788079,16196,ACTB,M0,crop_raw/6aca606cc9cee10b1562c9bc36a97146463496d02f4f9208607943935112aff5_raw.ome.tif,crop_seg/fc73c1050468cd36361e5d85fa5b4acb8ac93eda09836c0a6ed88a398e1d094a_segmentation.ome.tif,0.108333,3500001309,53528
412560,5238,ACTB,M0,crop_raw/d4e149ce56f344e8522cba9fc37a37d2d7b5a8db28cb6dad5eb014e4f91ebf7a_raw.ome.tif,crop_seg/08c5f91f73210e102f0a9040c6e46626dd80e75412f717936e5fc9914379102f_segmentation.ome.tif,0.108333,3500001200,43639
426482,5645,ACTB,M0,crop_raw/91139c11a51be0e7a1e054bf6d49fd7f9b75cddd6db2ff50ce59fd0764a9b734_raw.ome.tif,crop_seg/d84e4b741f597f53be159287a3eb7fcaeac4074c30ca3690abdfad75759e16d5_segmentation.ome.tif,0.108333,3500001238,45076
755133,15370,ACTB,M0,crop_raw/802b6a90cad65d6a2a6b5839b8ea8eeb3cd245230bf8c41a2b8a531a66dec404_raw.ome.tif,crop_seg/5de61af4d96a3067dc4c836c25492c2e5354968bc8cbae2f8370e80fadf7e754_segmentation.ome.tif,0.108333,3500001309,53524
429129,5677,ACTB,M0,crop_raw/f17144cb97c3980e2bfeef300bba2f2bf2a254cb618bdc3c4c6f8f9092b2c53f_raw.ome.tif,crop_seg/c167e4be408747125b8ba43cb2b7af45b7d38f74bf026e9ed6dfa156c4919517_segmentation.ome.tif,0.108333,3500001245,45568
793553,16349,ACTB,M0,crop_raw/18618c950615ac0987ef0dd9bcd66c008a5e07b1e98dde69d7805e8f1af25e41_raw.ome.tif,crop_seg/a8af8391a4773adf137ff0b134c36450214308f14101da37d115af49f1d27243_segmentation.ome.tif,0.108333,3500001307,53731
416466,5476,ACTB,M0,crop_raw/7cd865e4f24e0b38fe47b405c7f531e6bdf783bd66d919f8a555b75b951368b3_raw.ome.tif,crop_seg/7f06556dc28e182ad690bae6dae380cc726b1cafd82373a4260b9370e520a8ca_segmentation.ome.tif,0.108333,3500001221,44311
805913,16601,ACTB,M0,crop_raw/3a3b22722d094fbb72aaeb5bf960b18aa4992e43f466a4ded1789a9c931f6fec_raw.ome.tif,crop_seg/0fcf58752cee807565c735cdbbaba43caac90a697b3f6b0aac6d45b5ee87bf18_segmentation.ome.tif,0.108333,3500001309,53538
230951,5228,ACTB,M0,crop_raw/387229e1227f5bfdff6c36e053d5b8a273201f97d775f2bc308f1ea7588770dd_raw.ome.tif,crop_seg/375904da31cccbd00010aa38db0a9c53dce7162d4758ad1b7be5b4d4f4ae8454_segmentation.ome.tif,0.108333,3500001200,43637
474051,6269,ACTB,M0,crop_raw/8b8fb7615377b391706a1c5cb28b21a4ed1761714354f8c615ec5f4d3af34560_raw.ome.tif,crop_seg/818b587a097f8f20d00ba17839529c00153cabcc4eba75d527e981032ec9b819_segmentation.ome.tif,0.108333,3500001310,53441
745831,15118,ACTB,M0,crop_raw/a9aae790b27a139eb72474db7fea2a67aedfd80bdd05cf0ab31a9c02bf7bd16a_raw.ome.tif,crop_seg/806f18ac900f5354c9f3f0f3b7d4359228f5fa9bbc893e4dab238421445df89e_segmentation.ome.tif,0.108333,3500001309,53540
801680,16519,ACTB,M0,crop_raw/878a614a394a1675d21b58fb46d46ec139a84b9ed58163a2a5d097d8b31ad759_raw.ome.tif,crop_seg/86e3c3482a276f64ed78f4bab91c691e80ff8f223daa12dd9dc89ae88d16effc_segmentation.ome.tif,0.108333,3500001199,43732
809007,16705,ACTB,M0,crop_raw/5d78eae466ab96e8ab705b47bbd1839ddd6555e16f3196978756638cda3c26bc_raw.ome.tif,crop_seg/e154390ab773a379fc6f44f63d027e9cb5fa9f4c3da35a5c14d9a94d01f41dea_segmentation.ome.tif,0.108333,3500001199,43732
429566,5685,ACTB,M0,crop_raw/250556d2f737dc88657e4a2bdf6c65d668016e20a9cb998ad5eb0b6c5303d3bd_raw.ome.tif,crop_seg/4158451d7cec453762287f78d55717302679c127844dcc4b7944ed99cb53511d_segmentation.ome.tif,0.108333,3500001245,45568
767054,15675,ACTB,M0,crop_raw/57ccd6333e8f7f08bea8485c7accc820786dd15126e49c74a68f11ed95ffea07_raw.ome.tif,crop_seg/035ba137dc10b842885625874b47cc10682b2851aa0468aa9baa7fdc892467a7_segmentation.ome.tif,0.108333,3500001307,53731
431223,5704,ACTB,M0,crop_raw/1d656dd6f728abec60e999f27bef6d62ba6024cbba753de999eea29262b88a8a_raw.ome.tif,crop_seg/6d61cc07539599465e92f8804e140d0d5ddf11ec636b3c4f2a36aecf63adc1ae_segmentation.ome.tif,0.108333,3500001245,45568
231285,5235,ACTB,M0,crop_raw/5364f581416d96f43944ff1eb6d5668b7a632fab4ae3f24c19300d531829116c_raw.ome.tif,crop_seg/e405c9fbb818d63cc45ce4eda5aef7c09c27c76803402e999251827adf3840b3_segmentation.ome.tif,0.108333,3500001200,43638
771276,15810,ACTB,M0,crop_raw/a1e65955462bd69d30a2d34a73170796d20184d1040fc37b49c68cb7e6c512dd_raw.ome.tif,crop_seg/c64a3dc19dc94fc2c03f0282eb574d9756e2bd65667d36067eb2239da214bb6b_segmentation.ome.tif,0.108333,3500001307,53730
413606,5269,ACTB,M0,crop_raw/08488bc02d4bb008e41f5dcb6847bee59be31f2f2bee1362acc8783210211362_raw.ome.tif,crop_seg/13bbce2ee67793756883ce50816a374d9cc952ff4f94fa787a006720bd978f4a_segmentation.ome.tif,0.108333,3500001200,43637
438612,5778,ACTB,M0,crop_raw/c2545bd36ff6cfd1168ffb03208e35025fe38f6bc7ee827c991370061f2a0270_raw.ome.tif,crop_seg/e61fbf3078b9ce617f3b03eb025673ace985ad64a12a6d0e56dc7d835f54eb09_segmentation.ome.tif,0.108333,3500001222,44214
809257,16711,ACTB,M0,crop_raw/85501a6fb65092816164f9124c9f2372a7f9b539a16f71afdfac2675e3406c23_raw.ome.tif,crop_seg/cf4aecdc30dd42af38268c4b81dd438d94d941193d543c5d37f65aa3585a77a4_segmentation.ome.tif,0.108333,3500001199,43733
791741,16286,ACTB,M0,crop_raw/6b8217c322acf55a96abecaef1b5fce15420a59cc8d15552edf5e524024100a6_raw.ome.tif,crop_seg/288dbf68196072b9f869e156e1b877f66e62cf2f5f1ac20e5b0f836620dea15f_segmentation.ome.tif,0.108333,3500001199,43733
810477,16746,ACTB,M0,crop_raw/2e5182042accd0e1fd90f238a97d2f484eca3835983f9a5b5aa5195133bf8fb1_raw.ome.tif,crop_seg/4d884b307033e82cbecfdd253dcb06856a957080768c037512148aa46ba0d3cf_segmentation.ome.tif,0.108333,3500001199,43732
782312,16078,ACTB,M0,crop_raw/2c6b271ded6f887da95ae7db1e9d95ac4d9459b99a241dce265105e1247b76a1_raw.ome.tif,crop_seg/f9415956edc7a9287ca34de36843c16814756170e3b692b130e54c0360ae68d2_segmentation.ome.tif,0.108333,3500001199,43732
432026,5712,ACTB,M0,crop_raw/654737269c22c6e8edc0e796d65dde6d021869c9b60aade37a4f456f987271cb_raw.ome.tif,crop_seg/ebe269236bb4b9d3e793e418f8789360ccbcbfd3905a2fdd1c073e483f54a1f1_segmentation.ome.tif,0.108333,3500001245,45560
434829,5740,ACTB,M0,crop_raw/8243626c2002a7c1677bcaa5a9ffb62327d6e70b132ede62594f11a8075fe261_raw.ome.tif,crop_seg/65b7679c3f3dbfa5403b56e5944a13c7ba6a48e3a239739701313b7f64418736_segmentation.ome.tif,0.108333,3500001245,45559
235185,186,TUBA1B,M0,crop_raw/740fecd3e14cd9d7207120a63a6b8383dbc1d5db1324f8073458cdc08a3a63eb_raw.ome.tif,crop_seg/3b9ce139aaad8705e7794a7fcd551f8309b7a31262894b22267d969cda55e15c_segmentation.ome.tif,0.108333,3500000636,1506
888327,14031,TUBA1B,M0,crop_raw/88e5ce4905de3983b68627fbfdf77fc568a20209ab63fbeffdb6af51a98f651f_raw.ome.tif,crop_seg/dbaf7d68cf8985611698afee8fb198b406195befd0d63951f26fa1f2f2b26851_segmentation.ome.tif,0.108333,3500002082,135339
252069,749,TUBA1B,M0,crop_raw/abf1cc1b49ea4d6ea22444573b889ef56f24ba79aac7bd1187ed71508766848e_raw.ome.tif,crop_seg/265a526cfcb116176522815a1185504a7061e9fca718a0bd78c69037e56f687a_segmentation.ome.tif,0.108333,3500000757,94508
239903,312,TUBA1B,M0,crop_raw/3883b6cc644bead2cc26fca81dd4a12d2eba3b1f387f619fdf24695ee3acb292_raw.ome.tif,crop_seg/1a9c6638d3bbde1f257469a56a97cfecfe18e3a7d578a2b587860325ab9bc297_segmentation.ome.tif,0.108333,3500000668,88853
898911,14085,TUBA1B,M0,crop_raw/ee078f8e3da5541dda863e91c4ae2b6feffd446c3aac5e435d806aa01580fbd2_raw.ome.tif,crop_seg/209922cc00d9ea1e4203e8b219f19b447ad622fe591346db0c273113c206f414_segmentation.ome.tif,0.108333,3500002075,135266
890428,14043,TUBA1B,M0,crop_raw/e68fd0a3567603fc829d6146ef5e5d2eb13f4b161e2bac41ff9f3a04b7edc080_raw.ome.tif,crop_seg/bb9ea2b54cf94f72d5614e6f9b69fde49e20bf34e9fb462ad85bd555a8e35719_segmentation.ome.tif,0.108333,3500002075,135268
395651,15231,TUBA1B,M0,crop_raw/54b14ccddee5fa3393d29cfb55025f625b822691509795a7f8f83957630bbe32_raw.ome.tif,crop_seg/2bfa6188e2108333b4066c86ed9135f6232fa20ecaf2bc6f9004943c104edfb8_segmentation.ome.tif,0.108333,3500000672,88266
404532,16338,TUBA1B,M0,crop_raw/3f4ea39c1fa330dc9ac11bb825cb4908d7797adbbef754bdce54e380bf93d983_raw.ome.tif,crop_seg/df206673b9f0ee221f67e707bfcb60989e2ad87f8e60d26397050e20859c67f9_segmentation.ome.tif,0.108333,3500000523,90860
234433,166,TUBA1B,M0,crop_raw/00c4101f134b5ad1c9f226e4cf5ae52700b087435502ce0b1e72da06c2f34005_raw.ome.tif,crop_seg/58b154e32568dcb98791cc158c84ff0a5e2defd312922ba2d4bc7336f18c88c5_segmentation.ome.tif,0.108333,3500000527,91147
249485,627,TUBA1B,M0,crop_raw/90722e9ddcdb0a1edb4fab62a5157746a381b28af3d1a8727b63370c5b6c547e_raw.ome.tif,crop_seg/bf6d1cf8be7e21ab7b735d8b6461135570e91183914430ad734ea46f9cf2c9da_segmentation.ome.tif,0.108333,3500000729,92696
901228,14096,TUBA1B,M0,crop_raw/7a933fd48ca5210701cfa4a64d905ab62e52620090b46616214cc562be83cd9b_raw.ome.tif,crop_seg/ca78bb06bc6fbbfb3e0b3722f3c6ff51cf9b3bc67bdef12dc75cd42d425963f2_segmentation.ome.tif,0.108333,3500002083,135439
399526,15678,TUBA1B,M0,crop_raw/dae335901692d2b98ab2466140fa7e007e62e57a6d4ae02b92142520703906ba_raw.ome.tif,crop_seg/968824f6e97768b4b016dc0355def1478dae9e358590badafb9d4bd6a8424760_segmentation.ome.tif,0.108333,3500000695,89237
399349,15652,TUBA1B,M0,crop_raw/d9578474708a0cc2a96d69ac04def60ff677b01eb90686d645deb323a5faa567_raw.ome.tif,crop_seg/a81a21f568ab25cfc3319cb60847168deabe2f074449ed0d4022812c04e1ec91_segmentation.ome.tif,0.108333,3500000781,4554
241514,365,TUBA1B,M0,crop_raw/e484b217af10dcfb78be88eefdd7d56dfc8235d3479696073f16cb51b2abbe77_raw.ome.tif,crop_seg/55e24d2dd9d5ca310295af7e2f9206b50d28bcd7186b837c5c82984995c34e53_segmentation.ome.tif,0.108333,3500000693,90090
237568,255,TUBA1B,M0,crop_raw/80a9dee0007abcf1161423929ba5a6736bf4bf68023613e9c82fa8dee3d35f16_raw.ome.tif,crop_seg/d8b7b2c686a3f7b57b5e547f8691347541200f8fe900d05f6ab0061b6df9f648_segmentation.ome.tif,0.108333,3500000636,1508
262326,1054,TUBA1B,M0,crop_raw/a837c648a1fa5d19588a522e6bae4f0a2136ea0bb3d6d3aaaaabea9bdf3b2c64_raw.ome.tif,crop_seg/e997e2dad5b19515d23c6f8665a4eeb5c277a79fa35ddf7936ac794ed8237aa6_segmentation.ome.tif,0.108333,3500000766,95657
234298,158,TUBA1B,M0,crop_raw/f8846c45c1b972dd1372b2800f5470157dcc7cc18d2b2718a18f1dc4a9aa1395_raw.ome.tif,crop_seg/3ff7acef53e55749663ce77b01a4f44228f92ca59d006f449830e320da908caf_segmentation.ome.tif,0.108333,3500000645,2070
234041,141,TUBA1B,M0,crop_raw/e97cb09eeaccb88eab329a240c189e42068c25ee2b9cb6d91ba3ef8dd1e1b5be_raw.ome.tif,crop_seg/3494cda771bc259e71c0911a00fdc2b7c3b7a4073e097e62381504acb67da47b_segmentation.ome.tif,0.108333,3500000527,91147
242577,395,TUBA1B,M0,crop_raw/9a30e4b34fed6876c598e3a4a4300995a8088c474e7c1b076a6f3ee11a5ce734_raw.ome.tif,crop_seg/2ec0a8ec96781842f10c07bce48a6590864a23d512bdfc944a02ef1539e0e963_segmentation.ome.tif,0.108333,3500000695,89238
889263,14037,TUBA1B,M0,crop_raw/fd7f7639bd4e0c7ea0f239f0b199650f69c7b97daeeb8a77bfcd223a359812e2_raw.ome.tif,crop_seg/12810412cab907e9afc68061bc43719ef547b8251cef70d0b85ba1d97cb27911_segmentation.ome.tif,0.108333,3500002082,135343
253258,798,TUBA1B,M0,crop_raw/3943240d20d44e8c5223dc2e37d9f046e080786e7dcd4bd916b14a4bea8c6e4f_raw.ome.tif,crop_seg/15f55a4ffa77f8179fd57d65256574a3cc6bb4c3f3967297a51611abd0c479e6_segmentation.ome.tif,0.108333,3500000757,94507
250709,684,TUBA1B,M0,crop_raw/393568d1942b144193d4f0d161f8f1fe1ac3316b8a7d3f29fe5d63d62752eb51_raw.ome.tif,crop_seg/99366d5c5a9d3565e3b069da8d8281a3f3af007360240c05ccb7026c4442a673_segmentation.ome.tif,0.108333,3500000741,94312
398634,15549,TUBA1B,M0,crop_raw/cc33f61127d1d6f39da218cc8a176260cc29390978051fd8b711ef2e0f2d72a0_raw.ome.tif,crop_seg/956826fe20ddb4edfe698a4c39d21a1153c835dc46398fad7db7d36d9cb12549_segmentation.ome.tif,0.108333,3500000523,90860
247738,548,TUBA1B,M0,crop_raw/1cb9000e40c01c75cd5546a580ebd1548af6a6c2e0083655ded0c88356396160_raw.ome.tif,crop_seg/140c50c2d9c9dc828632b4655417e07a7408128b76027e9250a83865cdf42a60_segmentation.ome.tif,0.108333,3500000729,92693
902109,14100,TUBA1B,M0,crop_raw/58ec7dfc7d5d75c80abe01e3d6ce8a8746ca6249e1d1049bce5aca58af77fd6c_raw.ome.tif,crop_seg/1ab7a69cf0d34b3eff6b03fcb2e3d49374fb27705b98e5307f1e84befdf1a535_segmentation.ome.tif,0.108333,3500002083,135436
245772,495,TUBA1B,M0,crop_raw/41d3afe4ba176f35255bba22a44409b019f15c515d4194c098ebf4b47cc55a9f_raw.ome.tif,crop_seg/5912b62974c0a3dbed089c929c122e337fcbaa21b3f589dac8dd5dacdfe8a37b_segmentation.ome.tif,0.108333,3500000726,92310
251504,711,TUBA1B,M0,crop_raw/49ffa2996b53ae95a2cf7899167549b7d153c23213bc134dd025bee812a930fb_raw.ome.tif,crop_seg/2b4622b7578076eb447e833d7ce816c9b19088135187fbe3f917ae369f3013a7_segmentation.ome.tif,0.108333,3500000757,94507
894417,14063,TUBA1B,M0,crop_raw/3eadb6829aae90d5b68b7d7c121fd20b8546aa14133bd8c86bccda5977f3c184_raw.ome.tif,crop_seg/31eed207d9c3527b8c468f6405d0dc551baceec0fe6296ff49eaec4ddfa9c5f2_segmentation.ome.tif,0.108333,3500002075,135272
252463,770,TUBA1B,M0,crop_raw/601db55a181cfead5ff6fa8c2d3d15ef560bfbb45a9a481fe5c29a8cb91e5a2a_raw.ome.tif,crop_seg/8213e540b13a5aa32178b02ff444bdd8c80ba6fe99054832867293eac16a9608_segmentation.ome.tif,0.108333,3500000757,94507
245172,478,TUBA1B,M0,crop_raw/34527428519f9066336aa3ff3fa3297c323821276234f77a36f712861cc210a4_raw.ome.tif,crop_seg/5f43c9ee4ad7337538711f8b3b6dda9cc34224930a00e19aeffd68061b58492c_segmentation.ome.tif,0.108333,3500000726,92309
262019,1045,TUBA1B,M0,crop_raw/cb2549506c0dfd1000193447c250aa95fa39aebb50d356911d180872d4dee88d_raw.ome.tif,crop_seg/818dfc38b412eec228b765d14f75e9a046f66ba1afbc46a765949f90a5af48bc_segmentation.ome.tif,0.108333,3500000766,95656
886447,14021,TUBA1B,M0,crop_raw/411100b58902875da5b4a25a9350c1c1b1464e880377f40e7f6081f0983c6efa_raw.ome.tif,crop_seg/eaadada259689b4ab7118436e745c93a3d891031dd3d4959a4cc1533cc91aeb2_segmentation.ome.tif,0.108333,3500002082,135343
238329,269,TUBA1B,M0,crop_raw/cf802c69166bb1c6042ba2ab81aaae5504517126d45f7826b6fe28518a389380_raw.ome.tif,crop_seg/2e77566939943179e669bb19328ffc151996a88054c8fea7ac36d34211b588f6_segmentation.ome.tif,0.108333,3500000654,740
407340,16658,TUBA1B,M0,crop_raw/a49e8dbe8d9c441b0f47b1e19117729041b73ac2116a8a37bb39e1f4dc01435d_raw.ome.tif,crop_seg/10fb478ce68eeb9447d9eee62fcac6286c26ec243bfd1dedd1ad02f2961939e7_segmentation.ome.tif,0.108333,3500000523,90859
406664,16586,TUBA1B,M0,crop_raw/67cf7c1fddd4bc06562afc382bd6c18dd5a1a72f0e0e55967ede75d2c256bee7_raw.ome.tif,crop_seg/c99517104c12e003c6f6a0a29bc850c62267d62c195047065160c803394727a8_segmentation.ome.tif,0.108333,3500000523,90859
252431,769,TUBA1B,M0,crop_raw/cfefe242a2167fe5cd78e088f58b3e3f0213156e2660592646081276c5eb66cb_raw.ome.tif,crop_seg/b9cf723c0866c65b25949c880076e49209b54cc3a340420f4b2a19241bb6d776_segmentation.ome.tif,0.108333,3500000765,95752
240650,336,TUBA1B,M0,crop_raw/f67230119f4e6ea52f3a0770959df716fc47448596c184e5a812c42bdc51d92b_raw.ome.tif,crop_seg/3709dabf4cd29b86729809100210a98fa39b90e8b816e496e53e99ac4cf9f746_segmentation.ome.tif,0.108333,3500000680,89048
404737,16365,TUBA1B,M0,crop_raw/775696a8f0063623dd0eb938d73b8e17defca50da2e59724c67db468dd64edd0_raw.ome.tif,crop_seg/00953174be19e5050c7be8ad6c21120a0fe946e55251da546ad772e838284a1a_segmentation.ome.tif,0.108333,3500000781,4555
234900,179,TUBA1B,M0,crop_raw/1ba60a983d4c102f442472a811e4955d82f241d603b8bc3ce1f92b9cf1f0dad2_raw.ome.tif,crop_seg/a543aba4393c56cf140a1fb043c86917cfe4092ef9f614863292de642c00af1d_segmentation.ome.tif,0.108333,3500000666,2933
232897,58,TUBA1B,M0,crop_raw/66039a9eaace685625e77eded87e1cde1908ea326273ed35c65f9a732648a709_raw.ome.tif,crop_seg/122bc634b23119729bd7d4ebe957ab3febf542fe4dda4b60c6a1ed1678931f23_segmentation.ome.tif,0.108333,3500000635,1303
242126,382,TUBA1B,M0,crop_raw/d5b474637edd06a1b479806cebb932d1b815c1b923213a024eb1b22e56b76b27_raw.ome.tif,crop_seg/8b8efe901d2324d73fadb357bf216b44ea89cabe25036879f0f1fca181727925_segmentation.ome.tif,0.108333,3500000695,89238
240472,331,TUBA1B,M0,crop_raw/58b0573e6ed88b6da1e90ce3a11d685336eea70a7356b37600a11f40579eecf1_raw.ome.tif,crop_seg/95b3875027f9b853fbdb56dcd61d09afa7d9c5b8ea02c7682f5d16ef4217a10a_segmentation.ome.tif,0.108333,3500000680,89056
239447,299,TUBA1B,M0,crop_raw/f042ae3f1531460ed4780f7c068919e9294a5564d885cd05a54b854a20b87873_raw.ome.tif,crop_seg/a261aa4a89d2a88739cc875e66e3db660708b9b14e29f69123b569a81cc7ef27_segmentation.ome.tif,0.108333,3500000636,1504
394486,15072,TUBA1B,M0,crop_raw/74534479f01865494a91a6288b155b837081223fb3a34892bbd8bb6d215e38df_raw.ome.tif,crop_seg/f3e9f5c320fb57345e3325e706f1c1e5704b7933412c2c99a2bc8b6a42a183a7_segmentation.ome.tif,0.108333,3500000684,88564
243823,435,TUBA1B,M0,crop_raw/c7dad268036f9cecdceaa3ae956b783fb42c57fedc59d903445d714de0501704_raw.ome.tif,crop_seg/c7f66d0c1137a97295060b6a0ef0fe5ac3033d0045a01b84769b43dea5f3ad02_segmentation.ome.tif,0.108333,3500000684,88566
251012,693,TUBA1B,M0,crop_raw/1b136a1994c028ea5218541f883ba04f2d99cee95a5567b21f56cc4f3322feca_raw.ome.tif,crop_seg/cb6528622a3d033ca7413cd91dc58e1acb6666b651fc014f272f445e4507c788_segmentation.ome.tif,0.108333,3500000741,94312
248136,572,TUBA1B,M0,crop_raw/cb71aef79799e31d508d29be68b0980a870ec07467487da16baa2685f402e5bd_raw.ome.tif,crop_seg/2101d434613c7e931b75e2c326c7c09e5ee5b72de1b63365d1386e28d7d74554_segmentation.ome.tif,0.108333,3500000738,93460
236050,217,TUBA1B,M0,crop_raw/0c8b4adee3f76105adefe50f809aa39b6d4a0b3e84668a870603b3117eec05c8_raw.ome.tif,crop_seg/c943ac50051a0990a5c8714f3c771553187dbe5762348095b863393248b88dd2_segmentation.ome.tif,0.108333,3500000636,1494
251666,726,TUBA1B,M0,crop_raw/71e2a070fa140171d0d7af3d76b773405b32df3bc77ab6f76e1aab9b500ca3d1_raw.ome.tif,crop_seg/3ae254f61d0e6a3c37dbdd93e4fc6c6019861b11eab427b54f02b7d15fecebbc_segmentation.ome.tif,0.108333,3500000757,94506
251765,732,TUBA1B,M0,crop_raw/ec6294d5b459a0596602913d941bb081f41cdbe511d02a9ac39771584577d587_raw.ome.tif,crop_seg/4d5bf35fbde6f11b64b81c41867243af9b7cb0b9f2a4323bc39b2211e7dc68f0_segmentation.ome.tif,0.108333,3500000757,94504
249521,629,TUBA1B,M0,crop_raw/763ec3b0eeed5326b583bb9282e022cf6345cb102ece27da68f43c953a349ac9_raw.ome.tif,crop_seg/164178c0e8c8c6848bf0c5292e9292fb2380c2b6bfa98e1f07ebc7f3d9b715d3_segmentation.ome.tif,0.108333,3500000729,92692
248258,577,TUBA1B,M0,crop_raw/00d3d1864b225fc4da8cc95acdbe34139b08e1eaa26f14e0adf39fcc0bca8492_raw.ome.tif,crop_seg/9372b6ab1db275081bb03a3c1a8e6b264120fc170011824955e3b5a5e8f75c09_segmentation.ome.tif,0.108333,3500000738,93463
253657,810,TUBA1B,M0,crop_raw/4a7a291b0ca196f250066ddf39a3c9f671259d8974a628b5753d735624faa953_raw.ome.tif,crop_seg/5bc6789be683cc411f31b35afdc208019ba6601849453757763b8f361572f77c_segmentation.ome.tif,0.108333,3500000765,95752
245023,475,TUBA1B,M0,crop_raw/df8dad8072cc863d3d64a93576f525e332e3e8c2d578b7d83d632336f1608e3d_raw.ome.tif,crop_seg/d0be1db72c2fa4cb8a697541c98b1fc8d6b530e0cd9057f35255534c52544d92_segmentation.ome.tif,0.108333,3500000722,91924
243919,438,TUBA1B,M0,crop_raw/51e897ebf44a8e59b278fe251376a3c44c40c828a514b98de8f856c82ac97d7a_raw.ome.tif,crop_seg/7e08c07d8fc10b4488cc0e947eb43b5c839c9e06e9ddc1e1927a547eb253d3a4_segmentation.ome.tif,0.108333,3500000684,88566
244566,460,TUBA1B,M0,crop_raw/16f9c3b359681b096a9af0325860ea3f8e0f6119b4369350c00af2ad2d1e2750_raw.ome.tif,crop_seg/a9e850209c7774abec1899c9cc0327862e282fc4bb8754dc5bf5793daeacd6dd_segmentation.ome.tif,0.108333,3500000722,91924
241743,371,TUBA1B,M0,crop_raw/9331c950c4e0c538c362d76c31047ac34a3e5e7af21209ea244472e438d1c79f_raw.ome.tif,crop_seg/9359f826337af3626e746a6be45f297c971e1a5573bb8481c7dbecdc7584f91b_segmentation.ome.tif,0.108333,3500000693,90090
249952,653,TUBA1B,M0,crop_raw/ee3f906b1f72f1e59b8f73c1f73b2b07a7b0d6214de4d23e69167738c6efb912_raw.ome.tif,crop_seg/a9c55c994753a05455dfe72025ce9772415d6a04ba9228d011ac09886bb7acc4_segmentation.ome.tif,0.108333,3500000729,92696
247346,538,TUBA1B,M0,crop_raw/e97329381e97ce165bed194f3d0331500ce77d044d0ee9051fff8bf0f55e5dd1_raw.ome.tif,crop_seg/2fb854d8b070c71221ff5f7badaf54b5781a4ee1d92a489e0c0b57ee5dc843bc_segmentation.ome.tif,0.108333,3500000684,88568
895945,14070,TUBA1B,M0,crop_raw/c272ef87ba721ab8951181d86077f4fb7f92a969f5f49e03e0b87dd16d5eb114_raw.ome.tif,crop_seg/e3d866f8ad7328aa5194213e0144cb2200c9feed05711871e135216191ec5710_segmentation.ome.tif,0.108333,3500002075,135268
251645,724,TUBA1B,M0,crop_raw/6c75d3ab3a845c0503422d050fec3dd5c91611588a18fe48b9eec6ee949eb7e7_raw.ome.tif,crop_seg/ed4b8076d2d0dc4e9b74dd22d9bb15fa0bcd24ed13463f4cda0ad9b955c27c5f_segmentation.ome.tif,0.108333,3500000757,94508
244375,455,TUBA1B,M0,crop_raw/0872352e3cbf1fbe1362036ee8911c8a240ec6b3e80d7e3ba1dd9e4d2a2c3031_raw.ome.tif,crop_seg/faed23877c27000eba7f23ec578199345bbcf31d8a34ab38a48a3f0a7e103bad_segmentation.ome.tif,0.108333,3500000684,88566
242293,387,TUBA1B,M0,crop_raw/6fb1519e1657801b7a2f714eb2f09bf15928815dd6368183cb212b6f9b0796b8_raw.ome.tif,crop_seg/0a67d69ae2a791426faa3ed7957704b92808db2a89e626826f51bf8352e4d762_segmentation.ome.tif,0.108333,3500000695,89238
251870,737,TUBA1B,M0,crop_raw/1a80440ab989a66517e78c253325fb841dfe27a6f3be0dd47140b265267db54f_raw.ome.tif,crop_seg/c9011e34cca26110664a77a32b3e64e11f0af40050abc695521923698bfdd4b8_segmentation.ome.tif,0.108333,3500000765,95753
235301,192,TUBA1B,M0,crop_raw/0ccea3c23950d3b6d82f5d9dca952af21d27e91a8145e84bfdf9ffd13d4d8a9b_raw.ome.tif,crop_seg/8b3e13d698a48841ea126ede15e55b44102dbf7ee2463d80c532f1640f265e6f_segmentation.ome.tif,0.108333,3500000636,1504
240397,328,TUBA1B,M0,crop_raw/12c29b97a5c4317bb267154e59e87b48823ffd3ade8e2e66130e63486a7aa034_raw.ome.tif,crop_seg/3a7e42ecc9c7bb160423c5f99ee1b350b315a13f85dadb23e15e0f8ac56f5366_segmentation.ome.tif,0.108333,3500000680,89048
409802,16916,TUBA1B,M0,crop_raw/dabc0fd9f962fa0e10cb8b71b011f534c2b1da9f0638495e17c484099432ec3e_raw.ome.tif,crop_seg/383dc2fcb5a79836a75e9de693c72e96a2c209d747cd9d7a183ef764a9872a0d_segmentation.ome.tif,0.108333,3500000695,89237
249282,613,TUBA1B,M0,crop_raw/1e96b4440618849a02be34a71150b8d0b4bae2bc45bddab7ecfacdca80941a59_raw.ome.tif,crop_seg/764610d78b1cd0582d9c8bd19ba4249c6d0eca291413b3f713a2d59b2e89b1aa_segmentation.ome.tif,0.108333,3500000738,93451
234531,169,TUBA1B,M0,crop_raw/15a7107be7862c11856656cd3b05166afc3f66b1b01f4f07a2b5a175e3044b68_raw.ome.tif,crop_seg/8cd18f27a96f257a6fbbd91e3443d42a5c38703f9bf0c6301b646dee04e1e516_segmentation.ome.tif,0.108333,3500000527,91147
235806,209,TUBA1B,M0,crop_raw/88a354ee62ef1e0a4ad6ec1a0d45719d12efa180b6ea4ed8ee1175d914b2e88e_raw.ome.tif,crop_seg/a2a516c21c361e38fcc19738a09549b578f3641b675f49ccce2375f95f00bea6_segmentation.ome.tif,0.108333,3500000645,2071
247975,566,TUBA1B,M0,crop_raw/065805236cade95a3e2ea52219b970f5488336bbf98111e610313c176826bbea_raw.ome.tif,crop_seg/2296699c85bdce589420a0aa4e4064cab15de374c01f1fbe8838215337ee8ef2_segmentation.ome.tif,0.108333,3500000729,92693
410066,16939,TUBA1B,M0,crop_raw/b4c7447e5a96aa00045d50a2ee781079a561fd788c69ea9cde0cde1a7155d233_raw.ome.tif,crop_seg/c76479b53b2ef65728dbc5c33b15a439d6f0eed06b6896635130d7f0349a49db_segmentation.ome.tif,0.108333,3500000781,4556
401970,15939,TUBA1B,M0,crop_raw/de49938a5d01596e28faab9e3edfc6251b780ea3d9849423706b08d44cd617f4_raw.ome.tif,crop_seg/17c5925d32134835e9dbc210f4c54068f9ec0518fb69976a1e86853bf7f19039_segmentation.ome.tif,0.108333,3500000695,89237
989338,14013,TUBA1B,M0,crop_raw/65bbf7ab7fe6b60040957dc157b39d0803fa2cd8ffaae5a5f1e02961c3030566_raw.ome.tif,crop_seg/172a8ea80c054f31d32cdc50d729e083a7802bf98cbc5519a4032623b1968dba_segmentation.ome.tif,0.108333,3500002082,135341
239478,301,TUBA1B,M0,crop_raw/5f02263b5f2d965708d7c3feb10d4bf85c2e4d19394e0abf6aad5d5f92974ed4_raw.ome.tif,crop_seg/050695d2e8f3cdea79ffaf4cc47ee52bffee359f9b619e566ca46ab8edbf8f50_segmentation.ome.tif,0.108333,3500000668,88852
255781,870,TUBA1B,M0,crop_raw/28ac08da13de5eae8aca492aee3f09549155f85b119597ec5c782eb7c49f57ee_raw.ome.tif,crop_seg/189a82f9eeefcfd8d1be2b8a79de306392831107999e04bd6f69202ed776a86e_segmentation.ome.tif,0.108333,3500000765,95752
235252,189,TUBA1B,M0,crop_raw/cff0c596f3a8827229216ef5d62cc14df6b91a588002028cdf2c51183c313fd5_raw.ome.tif,crop_seg/9f44cde0342a5537110f818b8f95f6670c1a9da404792ae1fa249924f1a750ff_segmentation.ome.tif,0.108333,3500000636,1493
245603,490,TUBA1B,M0,crop_raw/2ff7c4478b52d5698a370bab75e9b9ce8316e81dcf05db87d920e66679a9536f_raw.ome.tif,crop_seg/607f9c10eb42dc63a09904e6487b90388dedf67fabca4e0da8d32bd5e9e6afe4_segmentation.ome.tif,0.108333,3500000726,92309
241969,378,TUBA1B,M0,crop_raw/8de5fda0537d86b99d6c764974fbfbe1865851e2b61d3bb0f80ec50effd2722c_raw.ome.tif,crop_seg/d9e6ee6f7df86f68db786c8cc362f79a56c8499d1620468358363a4360772989_segmentation.ome.tif,0.108333,3500000695,89237
253755,814,TUBA1B,M0,crop_raw/1ebcf4ed0d734990412620c5bfa0508f20cc91d5ae87d4fab578fce66a0eb703_raw.ome.tif,crop_seg/44d320716bb989cebd49eddba0ab2aef3ccdb1ccdf68135929d42ba843f0c287_segmentation.ome.tif,0.108333,3500000765,95753
386263,5173,SEC61B,M0,crop_raw/81c3c941bddcf5d6272cdb9500a814072ce68a8c937f2e47405e705241e42f14_raw.ome.tif,crop_seg/74fb2cf4139b0340d7fd521ac1e0c7cfe4b8e98a4f0f3257bd6c10a7469f42ed_segmentation.ome.tif,0.108333,3500001191,38464
963074,15957,SEC61B,M0,crop_raw/ae8e7305f84b70bd987d69f4576dcb8c6d332a0a9233a48a877177c8be4059e3_raw.ome.tif,crop_seg/a8d3817abedabfba255aadc13961567e3d921fc5dc71574a0c742c61eb56f3d5_segmentation.ome.tif,0.108333,3500002119,138253
377889,4849,SEC61B,M0,crop_raw/fa020b64dd85004a60ab6c1633f77c5e8de67d78ba3f7eab3d7517e4d206487f_raw.ome.tif,crop_seg/ce97df310f5b061492f4d6736170163f3b7c4b4948bcb3b76d4852b73387d933_segmentation.ome.tif,0.108333,3500001153,41046
383170,5025,SEC61B,M0,crop_raw/8b9081e621f883805031da12036e690fc2710ed9abc9a4050762dd5e0b3430a9_raw.ome.tif,crop_seg/346151447cb748107839fd21bf6e32134e7989a7307f1ac5d1647670b13597ff_segmentation.ome.tif,0.108333,3500001175,41909
977731,17236,SEC61B,M0,crop_raw/3764eec0182b29f691dc16527bb3618eefba16cec8474f971772e0a26e45851e_raw.ome.tif,crop_seg/90487ccdf200d719ee54c5d642363f76571d68e6ede068545899e896381ccda4_segmentation.ome.tif,0.108333,3500002118,138044
963182,15966,SEC61B,M0,crop_raw/c1e97db22e3681734ce2f36fa0b923c9495fa383e4ff5c3aedcc939f9835a696_raw.ome.tif,crop_seg/9c1725167ec4d8151479da5f2538a13ded3bd2ae1f5865a4cfc2f5fb86419f1b_segmentation.ome.tif,0.108333,3500002119,138253
388480,5274,SEC61B,M0,crop_raw/9774400a1e7579bcdb67e246c1903b72e7ad427782fec082699d3b520e619455_raw.ome.tif,crop_seg/82c57a7156e21770b0f8e4dfd3a6777eb02946919c97e61db15599641b20b1b2_segmentation.ome.tif,0.108333,3500001198,39137
371312,4580,SEC61B,M0,crop_raw/ee8282a3701cc8fa6168675e59fc4a7fc0bad04808a050db91e4e2be71937918_raw.ome.tif,crop_seg/6578fe96c8663cc315e88002f7d40868a0f868a9acefdb6470374e911f4bdce6_segmentation.ome.tif,0.108333,3500001130,40386
376702,4820,SEC61B,M0,crop_raw/afb6e65f841147477e207756d8125488b7754314d8f2bdf230f026796224fb41_raw.ome.tif,crop_seg/a36a8b7cfa08ddd65be0a01568d4c33e0d22397200e99da2a7436270b708a9a8_segmentation.ome.tif,0.108333,3500001157,41240
383058,5021,SEC61B,M0,crop_raw/d03ba00e5edb70d6c6ff14876e897cf95b5c678a912a5c3c9f344965812b189f_raw.ome.tif,crop_seg/904aeb708f6b584420d298af2204017fa170d51e5e3c8618a230466ca6da32d3_segmentation.ome.tif,0.108333,3500001175,41908
379771,4901,SEC61B,M0,crop_raw/a61a0cb41fd717c5fb215356cccab49e6af3e38a73499d891d61748ee3efd5c7_raw.ome.tif,crop_seg/6efa4099396fbde079c63834a06c9d136118bdfc9b6b7a5332cdccbcb9f7daf4_segmentation.ome.tif,0.108333,3500001153,41060
966280,16225,SEC61B,M0,crop_raw/27dbcfec096418cfbe8244648b2360df10de5586864d73ace7e19c5918dfbecc_raw.ome.tif,crop_seg/c906f8b5e9ec5796528553765418816be8ee300524815c5ab32e11b8ee26d7f1_segmentation.ome.tif,0.108333,3500002118,138024
389975,5330,SEC61B,M0,crop_raw/de8363c48959494b9d27a92bf5d61dd99911f91425cf7b30687159e483642d0e_raw.ome.tif,crop_seg/e98dae57af087ef717f9bb7be9d1fc738a6665b7bcd9ac591a5ade9c6f412f39_segmentation.ome.tif,0.108333,3500001205,39232
386666,5186,SEC61B,M0,crop_raw/a882e7a2e85cadfb511cc7f1490e9d7f21050d2ed89be003e871623b1df6eb0a_raw.ome.tif,crop_seg/7ba5d65984026629718edd23698aa47b5a392b29e5727533295a0c5d1aeffce7_segmentation.ome.tif,0.108333,3500001191,38464
923759,14221,SEC61B,M0,crop_raw/3927c951e80e26dc27c5cbd7111dbc754bfe21405738b075cdb85f13f8b68c9d_raw.ome.tif,crop_seg/a4a103f66737afb10cb59adff2a5a530c7d93b7c3a05ae151ee74c196433ba97_segmentation.ome.tif,0.108333,3500002098,136120
370926,4570,SEC61B,M0,crop_raw/c723c2c39ea126135e88a156e364ab0bed3a0c1cb1712b485191e97e0dc519e0_raw.ome.tif,crop_seg/10bcb6c30eb35d3a0fa4a4c223c8b12f44d2d9be1edea992ec240760ee8e6fa0_segmentation.ome.tif,0.108333,3500001130,40387
387115,5199,SEC61B,M0,crop_raw/2b804656d31d02a026eb2ecd69b724d80ab8bc1545e3895c9ecc023aaf480d9c_raw.ome.tif,crop_seg/287f8a504cca61ba99f56b5c5375fca9aced26627bc34e9b4070a88dd9d866ca_segmentation.ome.tif,0.108333,3500001191,38464
384142,5061,SEC61B,M0,crop_raw/685334725396370dc1eaa677caed34373d12dd53d4cd06bcd382e8a7c46360e0_raw.ome.tif,crop_seg/3c693d2ab37dafc2e0be99aa58bb894bc8c9675c7a478373e8685aa6407b9bf2_segmentation.ome.tif,0.108333,3500001175,41908
372393,4609,SEC61B,M0,crop_raw/d2ef6d5f6ffde43e51077eeed251a165000b9444faed0ac22b1598dcad910c1b_raw.ome.tif,crop_seg/23d6bf4323ea2ab3c56cf960303aaa18634986a67f4442b9323e0a49ec8f5553_segmentation.ome.tif,0.108333,3500001130,40376
977967,17256,SEC61B,M0,crop_raw/e5f41a79045c0a760159ce6ccfa34143fb47b80588f7d14aaf002f46e6a9f18c_raw.ome.tif,crop_seg/8e6aed6c85475681baa35fc36b1c1c2c8d09f413d13d7427c112cca7aa684262_segmentation.ome.tif,0.108333,3500002118,138045
378401,4864,SEC61B,M0,crop_raw/671023f48947649eb7a9338c491da88779eb9274a6a60d2a9728ebbecbff1057_raw.ome.tif,crop_seg/8ea0fb3c79bcfa7fbae10807e3e0e3dfd47685f3baeb4ac0d204660cd4cda676_segmentation.ome.tif,0.108333,3500001153,41057
377646,4843,SEC61B,M0,crop_raw/fcd545f64bfb45fd2d29f08c50dac38ccda48d62149709c348ca6f0ea7ead140_raw.ome.tif,crop_seg/600826018ea401480d4c07626988da6bafb10397abf408ed72c2ad96ae121dd9_segmentation.ome.tif,0.108333,3500001153,41044
392273,5436,SEC61B,M0,crop_raw/4f678974e56c7e48350fe233c89d38bca110dbe8850a365a98766ff73331ac10_raw.ome.tif,crop_seg/6b85d67e3d4193347c385c6b0bbd768b263d31625977d3e31cb44b3107a462fd_segmentation.ome.tif,0.108333,3500001217,40195
371244,4578,SEC61B,M0,crop_raw/ceb80e5fd55ee4c3fea9771aeabf79659a8834e75c568cf760b18f95a0f9ecd5_raw.ome.tif,crop_seg/cf4d4cacbb16a36a992a02c01d35ed07db1bbd90c70d9669b44718bbab7a7f35_segmentation.ome.tif,0.108333,3500001130,40385
387380,5222,SEC61B,M0,crop_raw/173abdc2cb7114416db5c0e6ef4acf305b456129ec2338ad41b1e41f25f491bc_raw.ome.tif,crop_seg/f634833e22ab350a6688c51c2af904cdd9c97dc33ca5b1c36e78a9bf21d59303_segmentation.ome.tif,0.108333,3500001198,39140
378944,4877,SEC61B,M0,crop_raw/412a87f1856076774dd0272eff440af9de60add73fdfed67ce6bf682d790e914_raw.ome.tif,crop_seg/ad814f349d67690338cb780679b35d58689d9ee650d7f59ee4ea8bdbc962715f_segmentation.ome.tif,0.108333,3500001153,41057
977994,17257,SEC61B,M0,crop_raw/9c11ff6e4bbb04188c55db5abf2bb602696d49e2a7f8b5bb6f82c819f4e7af2a_raw.ome.tif,crop_seg/76f1e92f9b752e0a06abd548a7a8e705d8dc6ff80d9904f70c9b305bba047684_segmentation.ome.tif,0.108333,3500002118,138026
977662,17234,SEC61B,M0,crop_raw/52f73a276dcc018c57ca8374a906dd405cc9c6008405617dc017dfbd8b2ccffe_raw.ome.tif,crop_seg/a3e4622513da5c64e440d06ba9581caa6d4d75a437f8a8016f7f5a0bab71bc66_segmentation.ome.tif,0.108333,3500002118,138045
379111,4882,SEC61B,M0,crop_raw/9f78ed5e28092655dfd6575dd0ce45ad9ffeded16570684625bdf04dbcb3f894_raw.ome.tif,crop_seg/fb7eff6ee73520d3b82ff6447706e70760f94fd27b226173d54f05717cfec7e1_segmentation.ome.tif,0.108333,3500001153,41047
375359,4733,SEC61B,M0,crop_raw/620fdeae3b57c1ffd1b156c851bc90659baa0fb2e15ea987eeddf04deb2c3a1b_raw.ome.tif,crop_seg/6cf74b3ac9f5c38ddfc2c674712459829a0c753fd08edbfabd5b0b6e5b23c59a_segmentation.ome.tif,0.108333,3500001155,41430
392201,5434,SEC61B,M0,crop_raw/80f4f7334d0009458a677c4cb5b6912ae187e8e9f9688ac2f647be568fd9f827_raw.ome.tif,crop_seg/13d00e5b8813d316ef218dcd7651826e58d274c98fbd188bf4ef8558aa543cb5_segmentation.ome.tif,0.108333,3500001217,40181
383111,5023,SEC61B,M0,crop_raw/e3b84276e1f828c3586fe9ad2038f10388f6f5d5d07c4af4540ff80e30d2375d_raw.ome.tif,crop_seg/6e34d84c92270eb43f55649adbfae224e811ca75063aee3ce4ea9d9416e16344_segmentation.ome.tif,0.108333,3500001175,41910
372753,4618,SEC61B,M0,crop_raw/39691732df9217c80399f709f28198f40280b031245a7d9a0072cc459009a2c6_raw.ome.tif,crop_seg/0d4825d6d6111c39dfde98380bb8c16deada69fbe5e41b7e8b0bfe84879b3f4f_segmentation.ome.tif,0.108333,3500001131,40484
387646,5230,SEC61B,M0,crop_raw/a6853892a58aa79e4858fd4224248eb13e088129125760fc4ed95203c4f5d3c6_raw.ome.tif,crop_seg/660eee22f84c871b955676963ffe228e9e18b9333ae37fe58715a4627614c29c_segmentation.ome.tif,0.108333,3500001198,39128
382898,5017,SEC61B,M0,crop_raw/8c154bbe86406bb34766f89a640b7c2b7f8754caa2d280e66f1722384959398d_raw.ome.tif,crop_seg/86ea8338b3fcdf14945f20e23be4a10565faf4abeea08c646669644533465ede_segmentation.ome.tif,0.108333,3500001175,41910
970806,16618,SEC61B,M0,crop_raw/594dbd527aa5d518413e46e0d2d6bc09fc100b243cb8efbaacb4c57b33b38eb2_raw.ome.tif,crop_seg/8a4b73a65c14e6675b2400d721b53fa8c078b4495c33112fd752f2c08adbec7d_segmentation.ome.tif,0.108333,3500002098,136121
389242,5307,SEC61B,M0,crop_raw/f1d1c9e90d24d9a4171eb51ac747f5af8eac2439cd3500e8012d8df0e04150dd_raw.ome.tif,crop_seg/da6ad06977c10c3c9af74f0c1a2d2a6681fef79c2e837d0154a5b03aa306223a_segmentation.ome.tif,0.108333,3500001205,39224
376915,4826,SEC61B,M0,crop_raw/0b32a7f97c17e03becc5bfd475ac1495ec5d28c9f0e6b6ad725811d81125c4ad_raw.ome.tif,crop_seg/a91d02fb448c4f36c57e6befd44704727a0b2120a23ffe593a52374d5ae283b9_segmentation.ome.tif,0.108333,3500001157,41237
379312,4888,SEC61B,M0,crop_raw/e1a411932bb099115ad64d44426e61617b7912e5dd7c260353c647da93ee4758_raw.ome.tif,crop_seg/99c7566393902c8f5357435ff13b0d212112eb9b340519ea33f4fa50163b58d2_segmentation.ome.tif,0.108333,3500001153,41059
959368,15632,SEC61B,M0,crop_raw/158cd5476ae70916ff3616b535ea3bc9e00e4f3529265d7519fb69101b235ba8_raw.ome.tif,crop_seg/2d100375baffa9748576e56c6742b7dc253cec6d7e0e740969c0472b186fd4ef_segmentation.ome.tif,0.108333,3500002118,138030
378445,4865,SEC61B,M0,crop_raw/eaf0bf02e40bd709a90b233e96a39812ec9442054e4d0ea9323e20e11474f19a_raw.ome.tif,crop_seg/bcc4982eb5387d019259fb1c3e9083cd550e9b52e189f52f859edeb26650d6f7_segmentation.ome.tif,0.108333,3500001157,41237
390251,5365,SEC61B,M0,crop_raw/360523c0f84b29c8285119d6591a2207b51ba351b47eb5e5290d76af8101a422_raw.ome.tif,crop_seg/54637c46a415797c9d08158955c5efbbf4f0f644fcb29f702073c2b0225a3168_segmentation.ome.tif,0.108333,3500001218,40088
961215,15786,SEC61B,M0,crop_raw/8f25f2474672f8e24dfd4fd8e358a1519c1fb0d34df53c4a4407627de92f77af_raw.ome.tif,crop_seg/82f144d26858e77df2dff6fc448e6299de54106e9bbaf2698d167e81051ed290_segmentation.ome.tif,0.108333,3500002118,138045
956522,15430,SEC61B,M0,crop_raw/5aa3e0de63890e49aa5bb65cfa3d6a838873d4447d3ffd04c6386415c5562cc3_raw.ome.tif,crop_seg/eeda1e08c117d7934d73b2e19f466cd4f9c96920c2cba9badac8409ff2e5b1db_segmentation.ome.tif,0.108333,3500002098,136119
370471,4559,SEC61B,M0,crop_raw/2a58be3d8a4ed8d6167b33996df35c5326a110dd6e7b887fd526eec68f3c294c_raw.ome.tif,crop_seg/b10eb17b9772c6898eb0092c82ad15d44665b5e43f2a51182e1bda19d6516937_segmentation.ome.tif,0.108333,3500001130,40385
960237,15715,SEC61B,M0,crop_raw/11def99a2dc97cca5b228c8883047868262a38fb2caeed061e6eb329c50cb2d4_raw.ome.tif,crop_seg/4d6283b70da00d3e4063be09c784ed0178985ff7b34cd5271fadd96ef4d786e5_segmentation.ome.tif,0.108333,3500002098,136124
387205,5202,SEC61B,M0,crop_raw/b60988d7303137109d3c82223ffb94ae527393a6f32df134e209d68fa1b5cd49_raw.ome.tif,crop_seg/cd46db890cab6ffebda594558d87345335e4760958751eb25457d03c0bcbf1aa_segmentation.ome.tif,0.108333,3500001191,38464
383952,5051,SEC61B,M0,crop_raw/aa1f3ac62e64a353103c252785fd084008060db9544e971ef5107528f3f7f54f_raw.ome.tif,crop_seg/8a43dd4354af3c8f89a65cc5ec40a7694ba808f9bf877fea64e4fcfb5bc47984_segmentation.ome.tif,0.108333,3500001179,42211
376982,4827,SEC61B,M0,crop_raw/2a19d7b4a27ed65e3b5bf87d5302db91f930464896fe1d2290c2aff5755cb213_raw.ome.tif,crop_seg/b4335ad714595d37ecb7994491a1681899a7912212159ee9847a808b230b2436_segmentation.ome.tif,0.108333,3500001157,41238
391257,5405,SEC61B,M0,crop_raw/4fd3e47c6d6176b8be99b888bddfd5cb5746b19fdd233835bf9e271b66fa0ac8_raw.ome.tif,crop_seg/202e2bb9f01fc27fd94dc39d43408149fc82bc13248a1e29c8b9d6b460846279_segmentation.ome.tif,0.108333,3500001218,40087
372049,4599,SEC61B,M0,crop_raw/d6f4e3b11a15b16bb10cf33cc6cda8ba62c693f00b34c0370df07b5c2fc4459b_raw.ome.tif,crop_seg/3dc8f6a0b8691f505f2b57dbd6b743cc56d0231f9bba0188d8c2f97daefdd8f7_segmentation.ome.tif,0.108333,3500001130,40375
387353,5221,SEC61B,M0,crop_raw/56b598c6b7371f6d411f1ff75a8795b2dffec4b3fef982ed5d88127877a7916d_raw.ome.tif,crop_seg/cad5a881802042eb9b1432fe540bd8bc647a83e713fb6bd40f45339feee9c3af_segmentation.ome.tif,0.108333,3500001198,39124
377596,4841,SEC61B,M0,crop_raw/eee1d14c101b61039e623ea31bccfe915610d52fe0ec54a4e02e5288497d8b04_raw.ome.tif,crop_seg/9710557ce52d422e960248923063a1e83d137c3914cfcbe67d9db08383abba44_segmentation.ome.tif,0.108333,3500001153,41059
378855,4874,SEC61B,M0,crop_raw/b5346cf0a5bee54d322cabcee0c00b313ce585482ef4a717dd2c9dba3aa5c7f7_raw.ome.tif,crop_seg/934e11507f02a816bd93606eab5ccca37247973ac3f99c974b0423baf6aef84f_segmentation.ome.tif,0.108333,3500001157,41238
376182,4808,SEC61B,M0,crop_raw/da4d82061664cb8c8c5ec86608500aaf3f2b803cf144772ff8248d9681163091_raw.ome.tif,crop_seg/cc196823e4059db0a06280efb1d47121f882d87e78848637d1180ad6d1f974ba_segmentation.ome.tif,0.108333,3500001156,41347
373532,4647,SEC61B,M0,crop_raw/483b53a6bbf01680f88c31aa0bd48a33fed28dd57d06a49ce5ab686264202a05_raw.ome.tif,crop_seg/3661c57a7c7984ed39f57eef4bd83a45ca167c77078f8753782392c6f3d293ce_segmentation.ome.tif,0.108333,3500001131,40481
393255,5498,SEC61B,M0,crop_raw/bc8d8149dd5b1e5ebc56dfb032153eade464ad9537f59e4096f1018ed5f04402_raw.ome.tif,crop_seg/a3af91b6fa196af9ef1318ccec9fd81c697c73325547acb8afe3aea65db31d23_segmentation.ome.tif,0.108333,3500001217,40182
383547,5035,SEC61B,M0,crop_raw/a59b1e85b92b1fbba7572bbf1a8547ba34be65c802625237c3c4caacb11bb395_raw.ome.tif,crop_seg/feac217b31b67846e10f1bbd693ee6e6c57c185b0bc63639e0fb87cfb4e04777_segmentation.ome.tif,0.108333,3500001175,41909
379471,4892,SEC61B,M0,crop_raw/04047fd9a5cf0f012afb45ad9ad3f7918e5b4dfce562af76a7e877aab8a625fd_raw.ome.tif,crop_seg/fcd8f0bac197dae048de9418804516805bb3f05016d655f2f52beb944ace13aa_segmentation.ome.tif,0.108333,3500001153,41059
372248,4604,SEC61B,M0,crop_raw/f1b52423e3db7d0cb7533e1ac3013eb392cde45338896985c5df730b83ed5f44_raw.ome.tif,crop_seg/66b39d2aebd979ab8917f4da202d51f0e4a6e41d2e80d5b16bce6d18b3f1b534_segmentation.ome.tif,0.108333,3500001130,40376
977917,17255,SEC61B,M0,crop_raw/f39dde2eba5f0f73f9686f10b36ae3672068186e7ec4fd8fa4113f52bde7bd83_raw.ome.tif,crop_seg/fa0c907259c6753a306c196877c3bbe80727fbf16302d59a56343bac20ddae92_segmentation.ome.tif,0.108333,3500002118,138033
977418,17221,SEC61B,M0,crop_raw/5b7f042f0c9dcb7f523a82f5616e49da366925c9a06f7ec3b98e5aa19020c94f_raw.ome.tif,crop_seg/8edba35c54f2dda8ba85a8eb5e1bd2a9e8695a27bb1bf1cb72762ae606d456bc_segmentation.ome.tif,0.108333,3500002119,138257
384743,5096,SEC61B,M0,crop_raw/559f21e0afe763643939f97fa7378ae1ce3bc439b7218a46829a5be19f693fcd_raw.ome.tif,crop_seg/9e5b518c047317c191f7246e4908d6d3ca56c6832c3515c4e3f80a5e170315bc_segmentation.ome.tif,0.108333,3500001175,41909
387237,5203,SEC61B,M0,crop_raw/021fb4c2c49ed8b95754f917d2259c36c1b986401cddacb556ad6e4af82a0a05_raw.ome.tif,crop_seg/19263be914c4bc48a4e6c5cd8ba8f11e171ef1acab27c2007998482ce0c3b933_segmentation.ome.tif,0.108333,3500001191,38452
377218,4832,SEC61B,M0,crop_raw/f9c9be5ce5c27d844b01be87d79720e991e5e03bf524f8bbea209dd25745931a_raw.ome.tif,crop_seg/8f32b6cb16f36313530e0535652ff25a7171261e5fe242b01992b341e0b6c6f2_segmentation.ome.tif,0.108333,3500001157,41239
956854,15452,SEC61B,M0,crop_raw/bb8de20f45facf2d33ab428678601d09f526485493d532910b2b0ec8edeab3fb_raw.ome.tif,crop_seg/d3073c341ce12e787dff904c8146c792e34cbd03d28decdf6eaf7046ad1e6523_segmentation.ome.tif,0.108333,3500002098,136120
384003,5053,SEC61B,M0,crop_raw/2ef9299e87ce1a99e179ecfec83e15719972b2c8316473b4d484d112733d06f4_raw.ome.tif,crop_seg/7779738d34906b7c21071dc96757cb58619cd551060882a96ea536a4680938aa_segmentation.ome.tif,0.108333,3500001179,42211
384435,5079,SEC61B,M0,crop_raw/0dafdb02c7a7b596e5031ff925c3dddcf4cb075a8b2e15b1a7ed3a1073e1e292_raw.ome.tif,crop_seg/49a82248a09d3d888b55470b9b3105a9089f85c257ccfc18b987bd99efa30087_segmentation.ome.tif,0.108333,3500001175,41911
977889,17249,SEC61B,M0,crop_raw/2911b632c3b81831b9b5aa7cac5e6f384ce9be00c21b38cc77b959cb7d6dc774_raw.ome.tif,crop_seg/966ef8c9c39178ed42bb80293de4ece1b3b5f5781eddadfa68c3477c8a603def_segmentation.ome.tif,0.108333,3500002119,138251
390380,5371,SEC61B,M0,crop_raw/72d67e8d97299fc57715453ee24b602b33581882dfbd08f271500f2d9a4222b9_raw.ome.tif,crop_seg/6d23f3591afbb54703324db1b3da847ad29bb9e7367071f3a796520920177971_segmentation.ome.tif,0.108333,3500001218,40085
392003,5428,SEC61B,M0,crop_raw/7c5ce5a20dfdfa5a9091495f8f9a34c9282833ab60a2645183e2bc0027f67c37_raw.ome.tif,crop_seg/d9ca6e32d9f52ab3f21cc69a9264b79a062d08d14fbc84432d34a8bef500fd4e_segmentation.ome.tif,0.108333,3500001218,40087
390056,5332,SEC61B,M0,crop_raw/bd43172f30f03a9c6007eeea7ec48f931106a439f62295ff218ad143d0ba0778_raw.ome.tif,crop_seg/ab3491481638f761ca9db8ac548e5e40bf0f251ee5d1ae7fcf258e9b5ff31ddb_segmentation.ome.tif,0.108333,3500001205,39224
379275,4887,SEC61B,M0,crop_raw/1fdc975a3181752ed4978992e50e591e67710ee45ae2f1be2f724dcd9c903cab_raw.ome.tif,crop_seg/30831cb0c6d62df2e0d1e04049cbec4c1294607431447292f4222e0bc1e88061_segmentation.ome.tif,0.108333,3500001153,41057
386112,5165,SEC61B,M0,crop_raw/9096b9d1fbad938c208ad43c1308af115d9430d856df2f5432e6961bd9715c8a_raw.ome.tif,crop_seg/175e26530855500ca12fd94a7e495cb10dca37a0a7ee31780d9134d31ebaeb33_segmentation.ome.tif,0.108333,3500001191,38452
372189,4603,SEC61B,M0,crop_raw/b5ca19fba866c4a704c678059a51806c3062560fcc3da1be5a20e2f7572a4881_raw.ome.tif,crop_seg/5ae50e983bd314f7bd63a57496efd9a6430b88e627833c4a5de6570797a08e98_segmentation.ome.tif,0.108333,3500001130,40386
392360,5443,SEC61B,M0,crop_raw/18c22fa5037fe454e28315bf9f45b5f9ff0341ba4d0a2896a46ae748e99b4136_raw.ome.tif,crop_seg/786fcff17075c5b674b8acdf3effeb117f1e622b3a93584e549c9a58a4b4293e_segmentation.ome.tif,0.108333,3500001217,40181
379614,4896,SEC61B,M0,crop_raw/495244821b7293fca47ad61d3f406cdda1371062f198449c7987c7ea918a9b51_raw.ome.tif,crop_seg/ceab820a4e42352d247ccc8a3d47cad5139174d92ec32c6998137ad819149f5f_segmentation.ome.tif,0.108333,3500001153,41057
374385,4676,SEC61B,M0,crop_raw/eea0e8df9c328ffe61ec532f8ca092c3c4c91f4de9035513bd9db7c917d4721c_raw.ome.tif,crop_seg/a585dee9223cf91805676a1d5d4d033e42c6aa1305b248c89931b56f7afbb054_segmentation.ome.tif,0.108333,3500001152,40962
924271,14224,SEC61B,M0,crop_raw/1d5811f3ea2732e39840336e8dd4edf156b09a682f581770fffac275a8231f88_raw.ome.tif,crop_seg/d1e8e20b68d6769fcc74956cd73926fe7812d4facc573f6b8886fc24149f821c_segmentation.ome.tif,0.108333,3500002098,136120
392660,5463,SEC61B,M0,crop_raw/11ed39943da41d9fa5defe00245967b8b9aa792a5a7c782d1fc3a0751277f381_raw.ome.tif,crop_seg/0b639695fb41d9b2a626de3f7c252e427284a15583fd292ae43c257f57048a93_segmentation.ome.tif,0.108333,3500001217,40194
257037,906,TOMM20,M0,crop_raw/3c323962cd0a70de93e295fc132b4a3d00eade3f3acf9531d5f3383baafb4893_raw.ome.tif,crop_seg/1e212560a2913e460d756ea4c755edf7438f9dc82454da4ffd45bb2ff57919fb_segmentation.ome.tif,0.108333,3500000791,8228
260906,1014,TOMM20,M0,crop_raw/a7d77c73d0432c184cbbf5a2f8b308e373c32017f091c0120a0ad0557d2c9c2a_raw.ome.tif,crop_seg/bf5ab5de332710217041e08cda25c4d628ffb786fad654ec39cf987615d03b49_segmentation.ome.tif,0.108333,3500000801,6497
318467,2920,TOMM20,M0,crop_raw/7022040e5a95e7a5a5d2b203aca9ae6310600ce3e258ffd44c38e0acea0ae8b1_raw.ome.tif,crop_seg/ffdacc1a98584992690f1c1de3aeb809222b7e9fb49d6b0be635c8541fe113a5_segmentation.ome.tif,0.108333,3500000969,22624
401104,15840,TOMM20,M0,crop_raw/b7efd44adac620bab8566f9125754b8540a3bea7b3bccac8e828dbe622d6d14f_raw.ome.tif,crop_seg/5ad7092dabb0c6b9f2b2a90ef221b424751db5a514db63bc87923670917d6f6c_segmentation.ome.tif,0.108333,3500000964,136719
280228,1605,TOMM20,M0,crop_raw/bc2bdc2446571d272af0f9707bd3ae605e8b21ee35ddf2eef9c66a0f82cafc1e_raw.ome.tif,crop_seg/d1a5c8198816bd173e23c84c0b76d9baba096d121ce514373228df146c78ae80_segmentation.ome.tif,0.108333,3500000847,11671
406001,16524,TOMM20,M0,crop_raw/faf8b40a0f17e0bcd8ba9609596a05da35c38115b3fbfcb4042776cfa378b57a_raw.ome.tif,crop_seg/97ae55d9ca31326fae329feddfa95d5837e14cfdf17a6debfdf4a0aef451d6b4_segmentation.ome.tif,0.108333,3500000824,9748
263622,1093,TOMM20,M0,crop_raw/13a11abdec64d8e87d0112bde7e5d5213c2a509417024f6ea051bea2e69adaa8_raw.ome.tif,crop_seg/213f53a1e08a6e76e4c73a7945406033365116ea63f34a3bad35eab3d0d1db7f_segmentation.ome.tif,0.108333,3500000807,6775
405215,16415,TOMM20,M0,crop_raw/6fc841e028806ed07ca082b638ed9e4f49261ee4612968157ad70d78b50563a6_raw.ome.tif,crop_seg/2d6b2e58c716caa73a5b7d2f72ca266869f72abf450a995fcf149f5440e75d3b_segmentation.ome.tif,0.108333,3500000968,136736
282403,1676,TOMM20,M0,crop_raw/6f2c8491eec57b07d049674596d5fc424f034c3448efd9a015636400388176d7_raw.ome.tif,crop_seg/54f3db8c46f505d3f4840753d241a166ed0804d100936415ea2fbc1f939d893a_segmentation.ome.tif,0.108333,3500000847,11683
339969,3589,TOMM20,M0,crop_raw/95ff3822d9647556829176f292e1a3e7f516f961ee034a39a466bcaf9cd748e1_raw.ome.tif,crop_seg/4d855b46e4e4905a5130591ddc25c72f60735bc80c5c64bb76d5409c7f105454_segmentation.ome.tif,0.108333,3500001003,24932
347392,3828,TOMM20,M0,crop_raw/6b2f30e0e8baa260690c36742f485231e010fb97aa77a5fd09ca96785c131ff6_raw.ome.tif,crop_seg/330f11e0c807414d2d3f26bbe860abbf272b4702cb9542b08b9acc54fd69d0c8_segmentation.ome.tif,0.108333,3500001012,25206
929692,14286,TOMM20,M0,crop_raw/63492746c30308a1222ffe500e04d3a9181920277a4b5ce30578c45572b5d4ec_raw.ome.tif,crop_seg/14072e4afd5adb9dd0be14e73806e23ba96e43ca0ec2529525636bd0fed0649c_segmentation.ome.tif,0.108333,3500002098,136132
342138,3672,TOMM20,M0,crop_raw/19d923ce36ba29f668ea7e68b8efc0bcd293eeeb2052aedbcc2c8ed84527094f_raw.ome.tif,crop_seg/b613febf0360e4e75ed47912c2d4653953ad61af17d12ed1c2d8ef610789b18e_segmentation.ome.tif,0.108333,3500001005,24724
265801,1162,TOMM20,M0,crop_raw/5b86bc9fe820d37cb928f41ee33a32374a339b0702e1e6ea3bbd1f2e912b08e6_raw.ome.tif,crop_seg/939a0ef41ffa72f3a53ec0cee825c4b8a10a086080f25c932f3c70513ce84572_segmentation.ome.tif,0.108333,3500000815,8980
982140,956,TOMM20,M0,crop_raw/27a74ea2d376f4a87976ef5fe81fb0eb64513e1265c6862d25e3e7f306a0e616_raw.ome.tif,crop_seg/5f6e67712605faf32fd4c1b06779c424286ca1d8ee495feedf3b117cc491aadb_segmentation.ome.tif,0.108333,3500000778,5155
339031,3562,TOMM20,M0,crop_raw/5b72b74bbc36119a2dab51ee303bf11da905602c0dd43f6cf010fd7ccbab02b7_raw.ome.tif,crop_seg/5c7ba821d2cba1a93d1a8fba9e21b3f3b5ad800e2baaaf062500c89daa3fdac0_segmentation.ome.tif,0.108333,3500000997,24150
231225,5,TOMM20,M0,crop_raw/f31e75fc1a1d7cd0885a5b3f34e32b3328ce8a6a3ef920d6354c01633ac362a1_raw.ome.tif,crop_seg/b415834d837b285ff11f2498d86e0fb2615662b4b83b68caabae675735cada10_segmentation.ome.tif,0.108333,3500001004,24833
231780,17,TOMM20,M0,crop_raw/9b4635d0ff5fae5b3a620f1c4841eaf8d8523970ed305affd9c135341fd7cd27_raw.ome.tif,crop_seg/f26b38cdeade7c26aa0d35a32988431de8fb9a46d8f7b66a18976d431da1a85b_segmentation.ome.tif,0.108333,3500001004,24820
398837,15588,TOMM20,M0,crop_raw/e4a5b764157cbc5aa2e001003065c0feb37490bfc92d231b1b5189d0384604aa_raw.ome.tif,crop_seg/ecc6e8dac75653268b7f838e0389d117fe3dfff01791c17135e2e0cc4d6ec207_segmentation.ome.tif,0.108333,3500000964,136721
328973,3255,TOMM20,M0,crop_raw/071c721704d76e9aca1710cb4f71f5aa0c314c06210a36ed8f02b526731ca380_raw.ome.tif,crop_seg/040fc07809f014e3d60ea510eb5243c3fb38c08676d19853d2b5efdc9ae8de69_segmentation.ome.tif,0.108333,3500000981,23383
957715,15518,TOMM20,M0,crop_raw/1ac56829fc8a1931387027fe4974bf9e17b60e585ef247ebec8c5e113d791485_raw.ome.tif,crop_seg/3ab1b5bb9edc48c84d6d00b2128f8c54b288a1e93d8494970cfd86be299a293c_segmentation.ome.tif,0.108333,3500002099,137953
328757,3250,TOMM20,M0,crop_raw/f4bf0afa504430cac27913fd1b5fc62fa14fd1557793225210393c7b4dd84b84_raw.ome.tif,crop_seg/ede2f5bddcb56406a11321a62f13495ebfcea32c7a0088ea1a47df00ae883fb6_segmentation.ome.tif,0.108333,3500000982,28086
259906,989,TOMM20,M0,crop_raw/01e73057e0f1005e23723252b4baba1ec249e64ef2ec8c3fccaa12bab3187252_raw.ome.tif,crop_seg/65dca103ec8f8c81b7bc87206166592730b740870a1ca56766ef917d60a23977_segmentation.ome.tif,0.108333,3500000801,6486
316021,2840,TOMM20,M0,crop_raw/ac8e1eecf2c53d0b999e328600d94c9f326da1eb82a08d4fd461c16360574110_raw.ome.tif,crop_seg/51c7f7db43e2721965511e75e19ef523ac18686501fcf3116577fc36cf714693_segmentation.ome.tif,0.108333,3500000959,22132
326582,3189,TOMM20,M0,crop_raw/5bee16489bdbdd5ab000d4e64287efc59b18a723359680615e9662a912bb098c_raw.ome.tif,crop_seg/c969fee13b33ea06fd1773d5f7d35d6483f53639f5f649c80a975ee4d5ab627c_segmentation.ome.tif,0.108333,3500000981,23394
256785,899,TOMM20,M0,crop_raw/4f10de22793ca39c0572d4c09b7f026b54852478040fb405281f0bd4c17c6142_raw.ome.tif,crop_seg/3408a5bf9202ed272a7eb52994fc1e0325a9a05d76b0ee2006297e179a944321_segmentation.ome.tif,0.108333,3500000791,8225
971163,16650,TOMM20,M0,crop_raw/fe704aa0246fbe771d96c4d5f4813217bfe73463189e214a04c7e2e5d47bbaba_raw.ome.tif,crop_seg/1ac8fdd6a512ac8f4e45b119b494150617cb2cc10a72f58e86917e470b21a1c2_segmentation.ome.tif,0.108333,3500002099,137954
261163,1020,TOMM20,M0,crop_raw/1f62002f91473eacc38ef40ec9c48383df67c00d2d99fa165c2d8c16b4fd4127_raw.ome.tif,crop_seg/e17a373e841a2cae04e9d0991ee9e41143e936504fac2b800288eade365ff88d_segmentation.ome.tif,0.108333,3500000801,6487
397843,15442,TOMM20,M0,crop_raw/5d3a9632b72b40d2dcfc26afd8959f9e6f46a74e106620015f654c4cd3d1772c_raw.ome.tif,crop_seg/0b71515e50301a65c2c3280077c7cc9f7f134686ef25c59a47ff43eeaa63e802_segmentation.ome.tif,0.108333,3500000968,136738
407169,16641,TOMM20,M0,crop_raw/702356275d2ff1aa40735df6b59bc896ff8c8f0e56ffea6aa828ca35ccc11b4a_raw.ome.tif,crop_seg/1994e61937e3b8b4089d62570da4fbdc816111b2569b46ef4218198c293980e2_segmentation.ome.tif,0.108333,3500000968,136712
317059,2878,TOMM20,M0,crop_raw/691e45c9a579538721ecd7ca088d7b7ac6c5bd2464a09bc168782b07ce7942d7_raw.ome.tif,crop_seg/afc84cc499a76a6806623c4777cdae97ba5b48b524d83fe84de10a0bc8a5273e_segmentation.ome.tif,0.108333,3500000971,27799
347882,3844,TOMM20,M0,crop_raw/2258b412752cbd783bf74299d3ae9b227a6062609db4d0293a348dc2be454a39_raw.ome.tif,crop_seg/28f563ed4d5c3c5d88017b42f8bbe540554f0522cd86ef3bf70a6f692e34299e_segmentation.ome.tif,0.108333,3500001022,25783
326407,3179,TOMM20,M0,crop_raw/1d7e2385d2c54e5a2853e636ad45f38c865fdf71666be769bd59843f7da4a53c_raw.ome.tif,crop_seg/21e9a5393be8be784be5c1d613e5ece6a97ca2278463cf82b5a86b6057836f80_segmentation.ome.tif,0.108333,3500000981,23394
411216,17076,TOMM20,M0,crop_raw/e84a33d0feab74dc09a4888f4494e02a559877a41a7b1c226e2587e70157c2e5_raw.ome.tif,crop_seg/79d122335e06519aee1ed4b678866cb5225d5b6d4d635cec1d91fa5239abe12d_segmentation.ome.tif,0.108333,3500000845,11476
281686,1656,TOMM20,M0,crop_raw/8b3c9f01a171abac373c3a03ad9618ef058946a2ae8c6b9af875f238905a7bfb_raw.ome.tif,crop_seg/1d1b8a237da725394b7cbf03e2e6719cd10c7f91e3303b33d46384cbc843060f_segmentation.ome.tif,0.108333,3500000847,11680
261351,1025,TOMM20,M0,crop_raw/efc841dea71c7c29291eb2ad6847cc633c440a00350d0a2bf7eb312b32c0e9c3_raw.ome.tif,crop_seg/f3ae93fbd093eee1312576707691f59b748574bc4992d7ea9070ffbe2ca4af6b_segmentation.ome.tif,0.108333,3500000801,6497
408786,16795,TOMM20,M0,crop_raw/f1056464e1b803e309cd3c3da4adcf12dd917f24933fdce33cae987e1b6c5db3_raw.ome.tif,crop_seg/b1649f48b3484df72200b8babd4d39cecd13b94c788a3636b62b4285703d69d5_segmentation.ome.tif,0.108333,3500000968,136707
269265,1277,TOMM20,M0,crop_raw/4b0bf0f1dbefe0add3bed51f3f496186b5fd36dae7cf5f8c179f3f0cadb9dceb_raw.ome.tif,crop_seg/3100f8a75c2c72c0d2681d5e3ae6cd0f097bca1109defba79a08f1ab5ed250fb_segmentation.ome.tif,0.108333,3500000839,7649
265360,1149,TOMM20,M0,crop_raw/3bf1a125cb976d35ff125c04dee6d61ee2f0cbcdf3ba66b37bc8e2964a82624b_raw.ome.tif,crop_seg/fe49d524df3990e7858dc6d8405c01ae10d17f624b601e0f100136b51aea6b03_segmentation.ome.tif,0.108333,3500000815,8981
333339,3387,TOMM20,M0,crop_raw/df82b238259f8fc3c5f7ed204fe5b977214991f9c140f93213242fddd3fa250c_raw.ome.tif,crop_seg/46f8cc9080436b3118f22835467bc6f3ca836e5262e624ecc282f23bfa6358d2_segmentation.ome.tif,0.108333,3500000994,28760
333983,3408,TOMM20,M0,crop_raw/98b6491ce8a9837d114d7e2212fb9df936574977fad2df771baa4049da1b46ba_raw.ome.tif,crop_seg/ca233461b60c6d18748eed543709754a97e43550cb8d70492675ee607a1d7255_segmentation.ome.tif,0.108333,3500000989,23778
397359,15374,TOMM20,M0,crop_raw/5b6c1e246495e0d2f86be64c39ffb4b6c05e448452a44862dfd6a20c56ee9813_raw.ome.tif,crop_seg/3285cd108e3b5c09c0864c0b59fafa4ea24072bfd0bd440fa6ce2ebf2202d56f_segmentation.ome.tif,0.108333,3500000968,136708
344754,3748,TOMM20,M0,crop_raw/e0e406d85b1e13defc00d44de0ddb4e61ee7f6d6a26bcd45b046e0bdd5310c34_raw.ome.tif,crop_seg/6be3e1645b0ccf2736d4f9e48cfd01eb5cfbbcf452cdee704063962cfaee33a9_segmentation.ome.tif,0.108333,3500001009,29046
346736,3807,TOMM20,M0,crop_raw/aecca7ee49820db85576b558ca2b874390021010569304d8e7ac149f342f0fd8_raw.ome.tif,crop_seg/6f2b32eb56ac37e028f070b4fb7dba17c29fbcb4f0f82b097be0c58f414a1296_segmentation.ome.tif,0.108333,3500001012,25216
398214,15502,TOMM20,M0,crop_raw/8fb1049177c00e25238733a89124310cb38692bc4108a4c0c4c9fdd10f5a2e74_raw.ome.tif,crop_seg/50fbe0e6be537e2d5388a0eecdf42304de487bbd0c8b2b0e0ccda5dc6e4ef207_segmentation.ome.tif,0.108333,3500000964,136723
338948,3559,TOMM20,M0,crop_raw/002370c4074a78219eadc609435d61320f64c738b63120187c2a1e2fe58b7ea8_raw.ome.tif,crop_seg/e9910fae3ba57d7745831d8975d83342067bf439bf02256ea5aca5b4eb71f407_segmentation.ome.tif,0.108333,3500000997,24160
334896,3438,TOMM20,M0,crop_raw/87bbe8ee4ef337da53b97076e87854a1fa6ba8fe91842c223370ae33996c21c3_raw.ome.tif,crop_seg/4da3fdbb2e99db6de3bad01ab62f40d5c6761020c35158491f5976d2ba92e8ef_segmentation.ome.tif,0.108333,3500000989,23765
262975,1074,TOMM20,M0,crop_raw/4214f37e216867b8df500c45e90c306f21c656f49a92d3f82dd8fb1479f649a7_raw.ome.tif,crop_seg/9e44a0139f035b287d36bf255ee311cffc4c2df7e92518567da716ada866adc6_segmentation.ome.tif,0.108333,3500000794,8311
265261,1145,TOMM20,M0,crop_raw/1abcea4eb0c3c0fbcd458423063dd27b9c6ea1caec952eef6cb32495da6299d8_raw.ome.tif,crop_seg/0b9a07da39517899add70834eeaa01e47eb47a275fffaeb9169fc09ab92fb113_segmentation.ome.tif,0.108333,3500000815,8980
276599,1490,TOMM20,M0,crop_raw/6b7dca97a0ad4b01e088795e407998969220116508535acf5668ce3f7dd0323b_raw.ome.tif,crop_seg/b50860a69e4b35d7e15f86893bef23b1cadca50ffe6cf72b128ddf2bfaa86465_segmentation.ome.tif,0.108333,3500000845,11489
957962,15532,TOMM20,M0,crop_raw/43b0a8a00d7bd182ca6ee72556617460e0e745ad5c73ec17de1063cb86c609f1_raw.ome.tif,crop_seg/f540d0ecac467aab93d567d8814071ca9564e2af2a6f1eba6795eea207fc9036_segmentation.ome.tif,0.108333,3500002099,137953
231417,8,TOMM20,M0,crop_raw/ebb9cc3ff72b9ff6c63a46071ad4637e6176436aeeb0b14d06a8920c0e0fa222_raw.ome.tif,crop_seg/e63b5ff1522b555a5261ef378049a1eeb9bb28fa9e078a2d2ab87d4861afc166_segmentation.ome.tif,0.108333,3500001004,24820
344390,3736,TOMM20,M0,crop_raw/40f6b36bb7d6e8ec8dca6866fd9509d429ee6267a196e1e874cdec6116896a1c_raw.ome.tif,crop_seg/6dc686cba02c285170e02856a2958c2780970b34fcd7d5171abe0586cd9f2058_segmentation.ome.tif,0.108333,3500001010,29142
318512,2921,TOMM20,M0,crop_raw/f8966a65d4b2a49eb6dc4ce530ea9f8c785369766d9d85e832ed6ac7be6274ad_raw.ome.tif,crop_seg/bbee1fb1478d73ae587470c4aed07247c8f70aa8dc169158190e9e56f9134d55_segmentation.ome.tif,0.108333,3500000972,27905
338714,3554,TOMM20,M0,crop_raw/248e095c81ee9af1a4a69053d6ccc3b1cab091b46bf696b31675586744532574_raw.ome.tif,crop_seg/1fc5dbc16aa52c499119797810bd33ddcbb7d4e912abbf0674e3cc7868403b38_segmentation.ome.tif,0.108333,3500000997,24148
341380,3650,TOMM20,M0,crop_raw/245d1ff009a09ed356aa66b86eb2d9471be7d1817c70ca20e4347bbd42b9cd20_raw.ome.tif,crop_seg/40f348820e14a8a097efaa840071fdd32f6f31b92cc168c5118975ae57973810_segmentation.ome.tif,0.108333,3500001005,24728
268736,1260,TOMM20,M0,crop_raw/a56be1a23b9ccaa8f9ceb30816397a5e64342a6c3d4299826d1a6f5585ca1cf1_raw.ome.tif,crop_seg/9cf95066d93338118de54674cc00d95f0f0d3b1b726558ec0c2f3f1ca5605efd_segmentation.ome.tif,0.108333,3500000839,7650
260239,998,TOMM20,M0,crop_raw/932207212baa8cb1318e27e24ce0c97e66d9809f39a5111c1b69f6002ded797f_raw.ome.tif,crop_seg/ca9320a51d9c45e4e7145e00af6c7631e02e8bfca05b99c4d934dc227311730b_segmentation.ome.tif,0.108333,3500000801,6486
344168,3729,TOMM20,M0,crop_raw/8e6d67089c4b113f4843a8981c5cd061b33c7c8e13c6794734b9d37ed5ff374d_raw.ome.tif,crop_seg/6d80c62952c98cf49d881cd16ffe23ae9ff146d44087e5d79c121042732d4512_segmentation.ome.tif,0.108333,3500001010,29143
325697,3145,TOMM20,M0,crop_raw/515d32729557281f2a6bf91c5db2b00e56c2831595e6b17e81ba1875470faf04_raw.ome.tif,crop_seg/769da87e55bb15f59e1263d7a73cd18dd06d5a35e995a32dc69215359cd7c870_segmentation.ome.tif,0.108333,3500000961,22324
321110,3000,TOMM20,M0,crop_raw/2729c0b7da33f60039343f86ddf8280d71915653050e12456fbe63d6f774195a_raw.ome.tif,crop_seg/f9a7e453b62801fb2ccff530f718235d28ca06aeac6948d1d1fa8570a3fe86cf_segmentation.ome.tif,0.108333,3500000973,28002
275535,1460,TOMM20,M0,crop_raw/f03baef6e75bb5c9955a916960c87ad579145526df5b98faceba89eabbf00e2e_raw.ome.tif,crop_seg/f081fa9ca4b847923108edc9e6cacece01bbc437b337af0406ba22665ba295b2_segmentation.ome.tif,0.108333,3500000845,11489
327467,3215,TOMM20,M0,crop_raw/c805d066babe29c631077b9cd26ab2c3baf2937a41cc48a8c96d255724e582f3_raw.ome.tif,crop_seg/8e11da746c41d595fa7dfd58c8277837a9bcf14bbcb4e7cafc100d20d1c82a0c_segmentation.ome.tif,0.108333,3500000981,23381
318722,2927,TOMM20,M0,crop_raw/627338f37aec5f4aadfee6bbd7a879a4a391be48ffbf750d2add527ae8604971_raw.ome.tif,crop_seg/21f162bdd3ca49f7eabed804671e70ab8691765fab7f8bbfa2f6456f5e339b90_segmentation.ome.tif,0.108333,3500000969,22612
321503,3012,TOMM20,M0,crop_raw/07d1446dce2c43913fe5dc7742b9358382342eb40b2ed3218288164667010c3b_raw.ome.tif,crop_seg/8fbbc3953738b0e0d8be2474041eaa13c7c4c856dac1be3c0b4293a86bdfbcba_segmentation.ome.tif,0.108333,3500000973,27990
314123,2782,TOMM20,M0,crop_raw/1b84c4aadb138c975c32d483dc42bf8f4095d3be083fec5e3730b431aeb0ed73_raw.ome.tif,crop_seg/96f39afaa2972f2449459c95895d8fe2a3659db3a59ee2af1d75fc86b01a2ce1_segmentation.ome.tif,0.108333,3500000959,22133
930351,14291,TOMM20,M0,crop_raw/56b53315161b6cae11b804deab314fb70111661101d5301043d79ee67c588f71_raw.ome.tif,crop_seg/b3e718672f326b3005bbf10253d9f30c82c095176520aeb663c02474a98d7239_segmentation.ome.tif,0.108333,3500002098,136134
338340,3544,TOMM20,M0,crop_raw/eef1448e2563ce3f5ca9deded6323c1d355056b655a5ed7ea67107294bf7a1e9_raw.ome.tif,crop_seg/384813e2053723cc780879bd2b877244c48ceb93d0510d4d02d52e2ee1197c90_segmentation.ome.tif,0.108333,3500000987,23584
344221,3731,TOMM20,M0,crop_raw/5199eae89b2b36a04010718406d701e1a45c05434ee587c2462c14824f567cfe_raw.ome.tif,crop_seg/c465deeece07078165c8eaf2be72bbe58914b0d6b023c54fdde0f877b9b74f93_segmentation.ome.tif,0.108333,3500001010,29141
320289,2974,TOMM20,M0,crop_raw/11e751db0f6da4352a572a66a35997aeca2d3ee1212deb6552831467bd039f0c_raw.ome.tif,crop_seg/711d0b882e577e9ffafd43b10a706e66e10eaee0b043a11cd3fb7ddf8324ebf0_segmentation.ome.tif,0.108333,3500000969,22616
346252,3794,TOMM20,M0,crop_raw/bda4e326e717c20fa9a4c3f34a734fa5a8695a0ab9a067261184c8609e685129_raw.ome.tif,crop_seg/4c52740f627c2742d1cec4901c0527191467b88c85bdb5ce4ca9cc054dd9d07d_segmentation.ome.tif,0.108333,3500001012,25216
344778,3749,TOMM20,M0,crop_raw/11cbfcc99d9920b95b31425c56e0ab53bed2516b3a8de435858fcb95a08d23ea_raw.ome.tif,crop_seg/fff6e2c4303802bdfd532d5c01d6a83d5391c8a87cecca324a9d3dff5d9fe388_segmentation.ome.tif,0.108333,3500001009,29045
337291,3514,TOMM20,M0,crop_raw/647c2749082a4d8abe6240dce21ca771071373d30d792ad12d6d8b8d0d3198a2_raw.ome.tif,crop_seg/29c740d3118d3fab47328415117cb8d61f8fc54898df9987212ad50381ce574f_segmentation.ome.tif,0.108333,3500000997,24149
257564,924,TOMM20,M0,crop_raw/88b2e0a92b11ab8741555864cb67b277d5aef47b9996a260abf0c85fa37724a0_raw.ome.tif,crop_seg/a5aef89c4f1e55f009495e986088359cb426c077a525c2343ab13c816c6aa807_segmentation.ome.tif,0.108333,3500000778,5141
338255,3542,TOMM20,M0,crop_raw/11bdfaa7ac25260ff13eac11c8e2722d34e4a3de0c8a9d701e29af23d75012e5_raw.ome.tif,crop_seg/17c94832e77a79339e3f2520e1bb2f7ee2a1c947ea5ffca544c5a3fb97e721f6_segmentation.ome.tif,0.108333,3500000987,23573
329902,3283,TOMM20,M0,crop_raw/eeef98e04c9bd9e409177dc5256f3f09bdf63aadc85afb9ccb98d85c59de7447_raw.ome.tif,crop_seg/2d605a3fcbcba5a14c511cf0c475fca871cd9d7a3bc259db52c87ddb0664fcad_segmentation.ome.tif,0.108333,3500000976,22901
257672,927,TOMM20,M0,crop_raw/62056fe46e9499e814e889df95e10121afb7a7ce4edb945e9aa539d24132dbc2_raw.ome.tif,crop_seg/d6064dd1cad0ea578c05af7d4d922dc7226df4bc9b7352e731a3b8a45b0f1af0_segmentation.ome.tif,0.108333,3500000786,5248
401074,15838,TOMM20,M0,crop_raw/2b1ada7e16cd7e6d0683bf495972e232f14177105d67bbdc12987712b197d821_raw.ome.tif,crop_seg/8b6626f8d7f971b953e4a2c129f5a01144c9b0c63dbc9ad07cc6c8b5ed9468bc_segmentation.ome.tif,0.108333,3500001066,30688
276492,1487,TOMM20,M0,crop_raw/161963196be37277d0f91bff6900883de80d5db60867d5df52b05261432c4939_raw.ome.tif,crop_seg/8429c7dc0dbb3fcc86a85a900712293bd76bd33dbed3f7025179a0d9a5eea0a6_segmentation.ome.tif,0.108333,3500000845,11477
271343,1337,TOMM20,M0,crop_raw/f5390655afb2debcc8bd89ec8a5ddfb9af4abaaea54889087b190aec5c18f8cc_raw.ome.tif,crop_seg/cdeec73f638d94e7f7fdf6c5884e282b3bb67c89510f5a47f51f4e884f845f7b_segmentation.ome.tif,0.108333,3500000833,10615
311676,2705,LMNB1,M0,crop_raw/4507cce0801381aa54c579b63c9598a44f945c0b2dd52e36ea019e60b291aea8_raw.ome.tif,crop_seg/c59b67a28518fca62ec8a4bf4021f387cab5e83f8fcdbc61ab41f6c6c355bc28_segmentation.ome.tif,0.108333,3500000954,21952
402417,16038,LMNB1,M0,crop_raw/3a176a94e772a88803cfaf167d3f9a2bc346d7453a88e3d73963511f5abcc516_raw.ome.tif,crop_seg/36e35a03acf620c12645c014ef0a76dbbe8dfb16868e60e137a53a80ed6cbf87_segmentation.ome.tif,0.108333,3500000953,21859
277515,1519,LMNB1,M0,crop_raw/1a74619984fadfed82915134a9ba8bf6d81b51535207d9e1868ed00d572bc5d8_raw.ome.tif,crop_seg/853ac82bdf5a69b3f221e2a706fbd98283c5ad75875589ffc377108bea7611ff_segmentation.ome.tif,0.108333,3500000876,14068
278806,1560,LMNB1,M0,crop_raw/181e683820c3f1ede0de8142fc8d648d0a75dd08492aadd497479cc5fc003c26_raw.ome.tif,crop_seg/a5b61295f2dfb78468ecc7fc9b8991dee329cde5360e7a1bd4d17998d80faeb7_segmentation.ome.tif,0.108333,3500000875,13972
299938,2306,LMNB1,M0,crop_raw/bf794ac363b9307fc0415a1dfc3fc25e94b5979551a0c34ba2d941ad1a30f81f_raw.ome.tif,crop_seg/5e179ec795a93475bdcc3009413d8bafa3cdb3ac881211110fe111f535a211d7_segmentation.ome.tif,0.108333,3500000939,16469
284925,1781,LMNB1,M0,crop_raw/8c0409738a221260a3106468906fd68bce2ed3a2d6a38e54561dc8bb07245fed_raw.ome.tif,crop_seg/76c6492a505c9df7486734722eac9d780abf7510c5c893e091fb5fc04997fafd_segmentation.ome.tif,0.108333,3500000892,14754
278433,1549,LMNB1,M0,crop_raw/3851d094f57efe856c20bfd6c35ec18c9e594bade5b9e781e5ae16a5f2d78971_raw.ome.tif,crop_seg/4885a39a06e1cda06f2f155595647df7a5659656401f05b3a8cce9a31ef5cbe4_segmentation.ome.tif,0.108333,3500000875,13984
285595,1806,LMNB1,M0,crop_raw/c11026ad6d3ab82ec294ce0c9b964323aec6ebe0a738f0af8094b9565f874a29_raw.ome.tif,crop_seg/237a950ca5504116562f74db2b032e30d8f8ea13a445fe886a1878144cca0d34_segmentation.ome.tif,0.108333,3500000896,18497
284112,1727,LMNB1,M0,crop_raw/00a779a1010cd4b72c15e0b4323f29acf7ed12710265dbd94e28cc66dbb5e718_raw.ome.tif,crop_seg/d865b39a863f6e228cd920d5c08e9d0d7b13880e08d977fe697a4855a4e55061_segmentation.ome.tif,0.108333,3500000884,18101
291570,2011,LMNB1,M0,crop_raw/a45859c2b33c3650d821cd52656a10dc1f89f78f37c9f0b7572fb2f1ba96a5a0_raw.ome.tif,crop_seg/0ae3b563d0653addd621087c89dd2809f818767099ab8e70ef6e74198d62c7da_segmentation.ome.tif,0.108333,3500000899,18772
306509,2518,LMNB1,M0,crop_raw/cae570854afb97110aa01026c825823d4a9b94dbe4be3cde2d2fb8a3d6cb4b05_raw.ome.tif,crop_seg/435b0b6136afc6be5d59fc3e7cf1fa0977a7c91b2d701ca333e7c281cc996627_segmentation.ome.tif,0.108333,3500000949,21560
293199,2064,LMNB1,M0,crop_raw/c28d9f73e1585edbae036045b647773976571894f0de0ecd070c14dd67c53a73_raw.ome.tif,crop_seg/eeb1500dde9d1c2dcfe578e8995010c889a781c64e22eeed32d970ef3aff8280_segmentation.ome.tif,0.108333,3500000915,19556
308922,2614,LMNB1,M0,crop_raw/260955ccd761bc70caa6aece4d898b190010263860b49896bfb2f8fe2a7cd7e6_raw.ome.tif,crop_seg/9f6034201aeb82c411c369e11d3cccab18e8927c6ef8ecd8f651f141121a2ec7_segmentation.ome.tif,0.108333,3500000950,21652
281314,1644,LMNB1,M0,crop_raw/fd7b14cbb55735bda4ae9dde3c6ed74274d8ca0e705873f0065d424701a25c63_raw.ome.tif,crop_seg/a1c57416122b4e721be9f29c616be7ac13e9993861c8778b57f4cb628ea496b9_segmentation.ome.tif,0.108333,3500000883,18008
307873,2576,LMNB1,M0,crop_raw/03a13d6cbdcd9ba8c4523d92723a2bc0d867b812b6ddf9e1016ad8b1f573a250_raw.ome.tif,crop_seg/1096995999c09d6373cbd484bc76bab650cdb9716eb2367c106eda1abff3c3e4_segmentation.ome.tif,0.108333,3500000953,21857
281442,1648,LMNB1,M0,crop_raw/a21a8cd54345cad56d604c8b657c53064f7e451550e44fb576edaa0ed310297f_raw.ome.tif,crop_seg/cada3cbc52644f0aeb081bc86796c2a967cd4c28a88aa17c580915265c9393f2_segmentation.ome.tif,0.108333,3500000883,18018
306283,2511,LMNB1,M0,crop_raw/496e99e401a8d23f66c2b06b363bd077ed9f35d106eb38a5f69391d577786f33_raw.ome.tif,crop_seg/e3137ebd4d7f6dcbcf7e7b57c201e801d4d1a1c7fd6fc90d6a11b28bc5db0f03_segmentation.ome.tif,0.108333,3500000949,21560
298773,2268,LMNB1,M0,crop_raw/efd6022aa199ff712186338d8673f6d585107fc79bfa1198311bffab3463ab4b_raw.ome.tif,crop_seg/c3decb325652b4ba9fc93b372b733093d67a469943d759d7c469a763cabf834e_segmentation.ome.tif,0.108333,3500000935,21089
287097,1870,LMNB1,M0,crop_raw/3856f847008eec7836d91d99bbeae84d05a5937cb4b7f1d423556b60b3aaa61e_raw.ome.tif,crop_seg/abbe986972edd42f22001341a3d3904e98f6ee17ba4d96c629d111be2e8f227a_segmentation.ome.tif,0.108333,3500000893,14646
278217,1540,LMNB1,M0,crop_raw/51890a5b1a69d425638b0d0d8bbee3977c6dfcfd9dc44e244ac8332c8c02505a_raw.ome.tif,crop_seg/2a465dfa22634f9a94ddbe25af3c4c7ad451a1d8fb5403486cfd6801d694ef75_segmentation.ome.tif,0.108333,3500000875,13974
289621,1951,LMNB1,M0,crop_raw/0506adbff8f17cc6a2bb1fb78a2517680890a5f1152288aa3b36a8ebcb9aa5b1_raw.ome.tif,crop_seg/12ddf4e05dfcca7ceee0d5635bc9c8604d7dc604ee2ee0480120f2279380f380_segmentation.ome.tif,0.108333,3500000913,19351
288485,1916,LMNB1,M0,crop_raw/223d34b0d4ca374a3ba70ef9d92ee9d066f08cf6ac122fc7b9f28ad0b7fafac7_raw.ome.tif,crop_seg/4308a6bf765c14aa62d94a65fc88c45cf0771e73a70ce083e49a93791fa145ad_segmentation.ome.tif,0.108333,3500000913,19350
298238,2228,LMNB1,M0,crop_raw/e6d0733dd2b12e5458e097b252cd25d52cd2fc21b4d98c5c80f6537535b52200_raw.ome.tif,crop_seg/21d8208aba75bb3a21b1bd4adea3bb6181cb1d249d64b64ce2a8c39200951d9e_segmentation.ome.tif,0.108333,3500000924,20416
312048,2717,LMNB1,M0,crop_raw/8f147c481118432345a314560d2e9163c4a4c9485fa0be65c5cefca37c1c5b35_raw.ome.tif,crop_seg/6fc6ee7657e9239c0f7e2333aa55a4f59df8855d073a628375bf6510f4f8ff06_segmentation.ome.tif,0.108333,3500000954,21943
287588,1888,LMNB1,M0,crop_raw/8f1a0b1e68d19501a24dcaf063638c5c24e1860d54a6badaab6804a0fed9c5ae_raw.ome.tif,crop_seg/80c199d9d0a40af85c6aa31308d6d4c2c1f485d3e8aa075891595a1f7b31990a_segmentation.ome.tif,0.108333,3500000893,14647
292286,2033,LMNB1,M0,crop_raw/39331370899fe1f0fcfd5445ac53859e0de13f2ebc4f0f5c0d38e1b31fa7bbb0_raw.ome.tif,crop_seg/28aea2deabe9d18bdf2ea9f1c2e8a8db7a9d4e58b082390836b8d9fb8ce3c72b_segmentation.ome.tif,0.108333,3500000922,20228
310071,2648,LMNB1,M0,crop_raw/009d4d29f0e0863ece4bd9cbdf9036da3ddb1e9d1d1e798339952c2afaf85e44_raw.ome.tif,crop_seg/6243ddcb6cf638cf987f0f665b76280231385b4dbcad4f77cf87fe9f43ca6445_segmentation.ome.tif,0.108333,3500000943,16856
300933,2338,LMNB1,M0,crop_raw/c3c6d5b4eb7709e86624cd4bc1375e4ca9826cb5909204cc737bf96d30cb866f_raw.ome.tif,crop_seg/fc7593bfbede63420c7e966f12db9054352241aa038bdad3c4065768ef1b081c_segmentation.ome.tif,0.108333,3500000926,20597
306042,2504,LMNB1,M0,crop_raw/1d7e1eae3db3fbba53b46dce3a9109fa9bfc49b30e863eac6b4ffa239ca16e08_raw.ome.tif,crop_seg/207f001f4c10d568860931d3b0b9375c5209b4574953249e63b6f2364aaaf7f0_segmentation.ome.tif,0.108333,3500000944,16950
282021,1665,LMNB1,M0,crop_raw/1ad3470fea018b8f7717f25c9802a30d300a0a8f9c652bdc9789ff48c3e2694f_raw.ome.tif,crop_seg/4959a34c50150d0848782059d6726017845872af5ff00bdcbe68bbcee8bb0513_segmentation.ome.tif,0.108333,3500000884,18113
283923,1721,LMNB1,M0,crop_raw/fc6199ea90f31f6a765fd43a865780b8f8b3a357056723a892ead0e2b1c2adf7_raw.ome.tif,crop_seg/e81571d8eedad0b1175d239c66b423ee606424303bffa2d96de4521034f7a939_segmentation.ome.tif,0.108333,3500000884,18104
302277,2380,LMNB1,M0,crop_raw/5f4d20e5ed8d12974f1b733015e8079cfc3587e946f0c41d2aa98559e1670776_raw.ome.tif,crop_seg/ee71a2bdae47e2aaa4f7da9427fe903e8f1740c2085528dee4dc58a2c12812f4_segmentation.ome.tif,0.108333,3500000938,16373
304394,2446,LMNB1,M0,crop_raw/ec68450e25982d5de68c98ba774a33622496cab76059a13369fbee04ba452145_raw.ome.tif,crop_seg/11e8aed2683e261ee34edc54c2b8f10f59bd29b6f68f6b134fe81fb287d2dd0b_segmentation.ome.tif,0.108333,3500000938,16375
312149,2720,LMNB1,M0,crop_raw/45c1bc7bdc6a7aa3e669a1bb1f146a75e02829f4615df324a360419813d56745_raw.ome.tif,crop_seg/8a261e42ffb192e0816d2917a02e9b7a8a8e1b9645c9e7464170363b1e709861_segmentation.ome.tif,0.108333,3500000954,21942
298195,2227,LMNB1,M0,crop_raw/9c83c0e4874e38320cd5629280d561e25f970c937087f64692d3bc9161aeef4a_raw.ome.tif,crop_seg/09d97887d66f4606740f6b2c767f02f80f9332be7e90197e2cc297414245c368_segmentation.ome.tif,0.108333,3500000924,20416
288901,1929,LMNB1,M0,crop_raw/82cc0cc8f8efa6473ca9d1c660c7192ff865b268c77cc775ba2a11c13aa7c2d3_raw.ome.tif,crop_seg/3ca38a241fb76376fafcd75fcee0cf425bb19500d6703656ff874d2f854bd73c_segmentation.ome.tif,0.108333,3500000913,19351
296209,2166,LMNB1,M0,crop_raw/60cb43adb79bb976787df826e44b8d56473f4986c275524b96cd9257732c8966_raw.ome.tif,crop_seg/3296f4bfc4f142517861942831f3e48813b79378b869ea5e3cbbd41b56112240_segmentation.ome.tif,0.108333,3500000924,20404
284050,1725,LMNB1,M0,crop_raw/189e8aa9dc27d74225e8bf2aae3751cd1ce6f450b0ea285f00a5c2ad3e0ffa00_raw.ome.tif,crop_seg/bd3fed217af102a9ab2ca854617c019ddd7b18c9118f3b245bb23c105225e0a6_segmentation.ome.tif,0.108333,3500000884,18103
298425,2257,LMNB1,M0,crop_raw/ca93f69ea58e169e108e8aee614553cd3daa9a06b0c9fabf53b9eade1396d680_raw.ome.tif,crop_seg/1d81ae22ed29fcea3a2f86fd802ca5002f2f6d671e168ae3da8d0fda7ed6308b_segmentation.ome.tif,0.108333,3500000935,21077
282457,1678,LMNB1,M0,crop_raw/37770a25ff0962a0d5c687a932cc054659c9afac8386030af12eb12e51e73f4c_raw.ome.tif,crop_seg/48c1c6cff1cec5b10a9a79028ab7c18545f66d3580367a5ac2d7f87130140d5b_segmentation.ome.tif,0.108333,3500000884,18112
302530,2387,LMNB1,M0,crop_raw/ef5d3221ea2de3abcbfb7c5eec98b39ec99899ca40e75ea848ca80431df08051_raw.ome.tif,crop_seg/1dad762a22707c40321dd1a807e93af3a3297ded867fe3f497ba33743ce1c6f5_segmentation.ome.tif,0.108333,3500000926,20596
290463,1977,LMNB1,M0,crop_raw/2c40a2794d2b03feeffb14d8477453d2ea2dcc240d3bc306ffcf2d390fb00757_raw.ome.tif,crop_seg/df36f7c89d6a0218f43f13cad160a43110f695760de4de2af5269cb2b50b0a7f_segmentation.ome.tif,0.108333,3500000922,20214
304239,2440,LMNB1,M0,crop_raw/c76d2da3e518d78e2c0b734884e0b07b16c11552ecfc64aabf607e20a5227528_raw.ome.tif,crop_seg/8fbc2ca4cb6fbc436b625b45032ac30e4ea6a1ed41320d4a18affcbd94dafb71_segmentation.ome.tif,0.108333,3500000938,16385
298594,2262,LMNB1,M0,crop_raw/ac54de11beb4f1890602d7fa0e339d4e36ea11cb89d77bd8c91a4afb92c30f08_raw.ome.tif,crop_seg/aa7c644017cfae3c71d5f052f7db9c83770f3f563c710143cf9727a2bc39a3d5_segmentation.ome.tif,0.108333,3500000935,21090
304196,2439,LMNB1,M0,crop_raw/71b64a03b3758b9603b4186384713d0de5d9fe735dc9d556c1daa7ba69a10768_raw.ome.tif,crop_seg/87bb019f3dca269a45f6f4d5216e1a8f9e46db941bd6562cb29701778c8286d5_segmentation.ome.tif,0.108333,3500000938,16375
280956,1630,LMNB1,M0,crop_raw/94092716206126fe9e23c6052a6bea65027b1582a00e77c0652e82677d58cea4_raw.ome.tif,crop_seg/323dcdefffdce8fc009cc79266417418ab840304220096ec91e4c559772f5e54_segmentation.ome.tif,0.108333,3500000883,18008
303002,2400,LMNB1,M0,crop_raw/35414a54fec9c9a6f3f5d9403441704383b046cf18b58c2d0f273bf61683b5d4_raw.ome.tif,crop_seg/5abd459d564fb5570ff2045dd28e275f9ea39c76da00d0bb7851a1808ecda448_segmentation.ome.tif,0.108333,3500000938,16385
286227,1831,LMNB1,M0,crop_raw/e8023eec79f322719a987a83e838b88606f69c2f80923528b09d1bf76217ecfb_raw.ome.tif,crop_seg/63dec0edb1ea48f0b26ee5c510bb250035fd71cee4440c307d4eb5f7ed096d63_segmentation.ome.tif,0.108333,3500000896,18487
307667,2569,LMNB1,M0,crop_raw/a76d6436a1c5b1cb781fd402a5c8c89dd3b99b259daa5cd91d7d5f3eb57e22f7_raw.ome.tif,crop_seg/cf36a049e6616be04192c6cebc733080d67400570ab5d1a096e48f51636d0b0b_segmentation.ome.tif,0.108333,3500000950,21652
308997,2616,LMNB1,M0,crop_raw/1f654d6d2579e3feec966555f64ba9fc410920691eb89fb2a61a16d3fc729a66_raw.ome.tif,crop_seg/1f5677a1b78d96686d2f20ee7a6c0bc500e0a4f86a0dda6216ba76dac4c99167_segmentation.ome.tif,0.108333,3500000950,21653
294103,2094,LMNB1,M0,crop_raw/b2044a0dfb4185453f1943759e59ad38e7edeaf8d8e2cc8063ae2373be78345f_raw.ome.tif,crop_seg/ccf143e91793d23af99aa9329e8614454800aa47965a13b371e338c32de80319_segmentation.ome.tif,0.108333,3500000899,18775
286013,1823,LMNB1,M0,crop_raw/8233c4e6cfdd9f3e0535c4a6346cc7dcc0aeaddd144f0517dcf73f203bb85bb9_raw.ome.tif,crop_seg/fe6ca772304c89b00d2dd859708c6ba567a9950bab364da9277f125627b6de56_segmentation.ome.tif,0.108333,3500000896,18496
300761,2332,LMNB1,M0,crop_raw/8aa424fba2b3248aa35549bf995d33bd18ec007f73f292a11c75d3daa3bd1810_raw.ome.tif,crop_seg/848ab71dbb6c205a58652fc72734c9665960da85b283099ed4c26ef98ba403a8_segmentation.ome.tif,0.108333,3500000926,20596
290256,1971,LMNB1,M0,crop_raw/45f37a9cc635f3ef7abd3cc9ff866c340106367682880d42be4ca26dca8bcf29_raw.ome.tif,crop_seg/3aff64ec31cf57e7607b867a873a9b65dbb59126fa0e21104a5e001206e0220d_segmentation.ome.tif,0.108333,3500000922,20215
299851,2303,LMNB1,M0,crop_raw/cc2aa2d99a9e72c755b0ba4fc05e48f91547ee43156b24ae9b5dcbd1b7314ec6_raw.ome.tif,crop_seg/e242b22800005a93f965d4fcb1f91c5c1d98c60a12352018163782dda1879b1b_segmentation.ome.tif,0.108333,3500000935,21077
290087,1966,LMNB1,M0,crop_raw/05e8be927415a9415a6ae1437acd592e7cb5cb0cd88215512d95de615df25a3c_raw.ome.tif,crop_seg/76fe8c62fd10b19626a092d9cdbdca47690b430ef9f73c5a5dfe049926ce4e8b_segmentation.ome.tif,0.108333,3500000922,20215
290786,1987,LMNB1,M0,crop_raw/39de401335b3a6d9b45d965a1131ba6c7859aa6072ddacc4ab99b8c1a726de41_raw.ome.tif,crop_seg/943a04486512115f608e0bdc0f53f60c8f569fc5f91e132df9d4505d859b3b03_segmentation.ome.tif,0.108333,3500000922,20213
293628,2078,LMNB1,M0,crop_raw/55fc238ac4c67815bf4c3274fc7a6d2ff56d52b561a256cd9633fda95cc63163_raw.ome.tif,crop_seg/7531a4c6442686334cea60e22ffc56809af22096c600ce53f8549ae366a7c9d3_segmentation.ome.tif,0.108333,3500000899,18775
297732,2212,LMNB1,M0,crop_raw/45643485e2bf47ea17b7561cdbe847b650504940b38c4e08182368862a8fe5f1_raw.ome.tif,crop_seg/d773071aaac7526d7360501075e76f469111326c1d3635e31f323413675cc344_segmentation.ome.tif,0.108333,3500000924,20407
280554,1616,LMNB1,M0,crop_raw/ee056ab499952ebc9fd65ed3de59350092b58ff7262defa84b81ab9cc8676555_raw.ome.tif,crop_seg/e410fb3b0d1d86392eb6040df416e1cde5a32f9c7afdcfcf7cb5839b41882085_segmentation.ome.tif,0.108333,3500000883,18020
296705,2181,LMNB1,M0,crop_raw/0d7806c9406fd690ba9e7e2d6a400e0503644f5d06c9011d44c884d699603f1f_raw.ome.tif,crop_seg/2f77a7629c161820baaaa021832fa7fa90396bc4b904301c13803b7c73cd5b95_segmentation.ome.tif,0.108333,3500000924,20408
296403,2172,LMNB1,M0,crop_raw/96a883bc484f90cd455f736d416b45e4fb8aaafa566cf782daff49aca41628c9_raw.ome.tif,crop_seg/25560b5d1a173e197ea1db1d42009a2e30791f21624340160458937f4df521f3_segmentation.ome.tif,0.108333,3500000933,16280
295805,2151,LMNB1,M0,crop_raw/e65ad211f02ade99ab752d8a342263b1a455c74182d5e72989ca51c751979e3c_raw.ome.tif,crop_seg/785456eb36887ee1aa30162e3d04faf322ae5f27c36d4400a9344bc4d0dae4cb_segmentation.ome.tif,0.108333,3500000933,16280
311632,2703,LMNB1,M0,crop_raw/433c4e710655503f346607c03a32910c00342cf4c701603cdaef7a6a2b3bbf32_raw.ome.tif,crop_seg/947ab3330271e68dbf75382735112498a9f0a362e1fff272327e57de1025443c_segmentation.ome.tif,0.108333,3500000956,17344
287772,1894,LMNB1,M0,crop_raw/9587acf43a5d87775fae591e28deceb4b95865fcd43c6fab85da3dae0cd0d338_raw.ome.tif,crop_seg/3bcfad1dbd6469b0220ed7913d590636be2af44e94f4a6d2f0268fb5943cdd1e_segmentation.ome.tif,0.108333,3500000893,14646
314639,2799,LMNB1,M0,crop_raw/3aa3ef8d7f1da1e4d499f32ee3f8d16c85651c6659e95e40cb77085db1d0550e_raw.ome.tif,crop_seg/27267549395a13c394700b57253c5ce616effda84d6d3f5c8cc6406151fd8241_segmentation.ome.tif,0.108333,3500000958,17528
290304,1972,LMNB1,M0,crop_raw/d8fadc08bf3d409be5e217b2815597d85c877abebe3124217427555a16925f89_raw.ome.tif,crop_seg/7fadd33958e00e23003753a1562bd5214092df718858103b8341c2b3e7f6c373_segmentation.ome.tif,0.108333,3500000922,20228
307440,2562,LMNB1,M0,crop_raw/10f0b8479fdd868c395811d9792a2b42a7d7985cc4ea5a067186320247ad25b0_raw.ome.tif,crop_seg/e313b505799acdd811f3f8d3013fc7626096149baa6528f9920799bac4035868_segmentation.ome.tif,0.108333,3500000950,21654
313243,2755,LMNB1,M0,crop_raw/ec5f22623a5031f96ec098eb2aff6e5b1f15eaa8ddfb8d1a4c78675371805282_raw.ome.tif,crop_seg/416d2428524e4fedf6cfb9b7e0f0f69a42e59f5248e5c8f01f2ac2d0fc761ffd_segmentation.ome.tif,0.108333,3500000958,17525
284276,1747,LMNB1,M0,crop_raw/b63b22e1692f5a77744c059c0c1ed84c201a002cb5da7fa29c03e27faaa5d572_raw.ome.tif,crop_seg/a718a363f6e9e0dcfa7579bef27867b598788e72b3ce2b58f7b1bfd959ca0f46_segmentation.ome.tif,0.108333,3500000892,14754
300024,2309,LMNB1,M0,crop_raw/85100a59290b9c3b172c631df9ad919fb757f879a7b175a27d7471bd45ffc274_raw.ome.tif,crop_seg/340b72832d15a3b38fd708d89c3b95cfda94e8962c0905eb5778a73c1ba901e1_segmentation.ome.tif,0.108333,3500000935,21077
304912,2470,LMNB1,M0,crop_raw/24262dd50a9944d10e9b87adf79ca0bfddf2d138c76080d8de390c02e9363b82_raw.ome.tif,crop_seg/2b228d2a9405147229a9bfa060d4e23aaad9853a57ee14b1650d0825c89905fb_segmentation.ome.tif,0.108333,3500000944,16949
305482,2487,LMNB1,M0,crop_raw/9418f163243f77cb67c8288b186905ab8b02f89fb61ec9635342c5e19202ccba_raw.ome.tif,crop_seg/1b0144d242d0b5cec559c7f4084d2ac0e424250c48baa1cce8426e255c3ce106_segmentation.ome.tif,0.108333,3500000949,21559
278608,1554,LMNB1,M0,crop_raw/40d253c3db3b39653f1cbeafec1e46661be54dec34b4cc10b8170d3d3f93058e_raw.ome.tif,crop_seg/722e45cfcae33fa3e38dd73199bc20d7ce5942d35e69b673febfa4550a5ec228_segmentation.ome.tif,0.108333,3500000876,14071
295942,2156,LMNB1,M0,crop_raw/e28a3e6b951fee6c9f5bd9291e3860b99d70380e2176cd640a9f3827aed20511_raw.ome.tif,crop_seg/c04debe2f01ae5a0f591a9caf6516cf408fcc94434caccb329c2ed5dfe3691d3_segmentation.ome.tif,0.108333,3500000924,20408
290848,1988,LMNB1,M0,crop_raw/4c6a22a7daa089e506e599ebf21a73c60ff168527aa81bf83594558890d9a62d_raw.ome.tif,crop_seg/0648eb1c3cc642f223acb32318736f9b0684da0ea4d18e3a199925af68480e0d_segmentation.ome.tif,0.108333,3500000922,20215
284779,1775,LMNB1,M0,crop_raw/8653c46e3fa61769e1ab1e19003cd64c0aaa657c3e88bd00a9dd6812cdd73d90_raw.ome.tif,crop_seg/e165ecace8248aabc163ba197187798c3a1a34de76e9211d3b6f0e31bbb3dffb_segmentation.ome.tif,0.108333,3500000892,14742
313980,2778,LMNB1,M0,crop_raw/0cfd100a6143c81611fd65b3d71e579fa3c684315617da652f993b94b47f05ea_raw.ome.tif,crop_seg/c2afdba1048413698c1e4e56bab1e4f25c1a808b7e454d154825b91d9b48d203_segmentation.ome.tif,0.108333,3500000958,17527
302045,2372,LMNB1,M0,crop_raw/adad4b32c304922faae7b12dfc246f5764455e784e5ecedaea21f1a62ba5d996_raw.ome.tif,crop_seg/0deec0638c80fb76b489cd3ade9bee5642d8e3137eb34dc9ad022281ec4ee451_segmentation.ome.tif,0.108333,3500000938,16372
310981,2678,LMNB1,M0,crop_raw/39c37204c99fa5ea17576f492570df7212613e631201519e2bd08e261fc0c2cd_raw.ome.tif,crop_seg/d8b911642340a335ab4492a7eb5b9eacb0c9b4926a82682004cff226c82dca81_segmentation.ome.tif,0.108333,3500000954,21940
934701,14373,AAVS1,M0,crop_raw/4f3b7fee177e350a9d295ee4e88edf2227d253eb010b83daa8b12c6dd3ab8c0f_raw.ome.tif,crop_seg/3bb8a2709f16a11baaed92f38240c7182eed8b9d52ea6b457a342ff65a1ecbd9_segmentation.ome.tif,0.108333,3500001869,108725
640216,12183,AAVS1,M0,crop_raw/ffff998066417b7cd7014316627cac6838b8cb758769a21f7e63ac6919a8e9b2_raw.ome.tif,crop_seg/307f0064c1305e24b98819502f24fceb4421646b2d958b0885c3febfce66ef46_segmentation.ome.tif,0.108333,3500001859,108150
616103,11927,AAVS1,M0,crop_raw/784ccf461f94b315f810049c2dd8127c712b6d252c4b8916b6bc35d23188e2f8_raw.ome.tif,crop_seg/b47685d98fad9f286a866123091cf91b5af781b57bdf348281315cef42b7a35a_segmentation.ome.tif,0.108333,3500001845,107958
550325,11179,AAVS1,M0,crop_raw/63aee7c2de9b1a495faa65b99f02eaca6b0c5e66dec0b78d2b0aa8d5930b0046_raw.ome.tif,crop_seg/d8cf4cc9d1acedcbff8a13f223c0bbdbaf521f2d72612bb50bbd2cb9bc2cb5c9_segmentation.ome.tif,0.108333,3500001869,108740
501970,10652,AAVS1,M0,crop_raw/e960a4fd27f7e964cf9214bbd5d4d66eeb29b697c5eed353148b12e49c55ff3e_raw.ome.tif,crop_seg/76b50864edf5847d76732dfbc3f8690e69c218e657cea0a75ee4f6000336180f_segmentation.ome.tif,0.108333,3500001818,106996
478954,10354,AAVS1,M0,crop_raw/9afb30e98d136ea1825cf46d2f85599d6bd0a1b223f0b3f26bd7baf549479453_raw.ome.tif,crop_seg/300738a7dd2047de867d3cec0521456b7d425ed10a8a3a3d7d88c9c200855202_segmentation.ome.tif,0.108333,3500001804,106421
966232,16219,AAVS1,M0,crop_raw/8c76688258d60de3d0a81df60cb915693fe804bd228f1a9696a762e5857268d1_raw.ome.tif,crop_seg/a236f0d06991063ded031d553ec23fab42827c5489dce56491d07c3f68d2e117_segmentation.ome.tif,0.108333,3500001868,108820
482020,10386,AAVS1,M0,crop_raw/7267e3166d3994a7592b699eab2268d8eb8b7046fd329780bf16ebd3e0165870_raw.ome.tif,crop_seg/b18acf2a917bee2fbe10581415a7c3bcb15ca866574120b08e0b69574316b892_segmentation.ome.tif,0.108333,3500001804,106420
521328,10865,AAVS1,M0,crop_raw/ca982646a342bc22fe4cb46f1272c093064ef22423b8bda1e70921fbe07ae481_raw.ome.tif,crop_seg/a67cadf1d252a9626d5ef8d656384ac9b71e4c41a2a27507bb7dfa1298a5a8d9_segmentation.ome.tif,0.108333,3500001831,107476
510487,10745,AAVS1,M0,crop_raw/7ecaeaa0ac2811641b14309ec391fbfc6fa0fd9a79ef98d4d8b7ad968bf77821_raw.ome.tif,crop_seg/d5564aec4c97e4e546e802447c0ca3604c83080f58147999bbad6087ab6b7fc0_segmentation.ome.tif,0.108333,3500001819,106903
510946,10750,AAVS1,M0,crop_raw/979cb7f611704665765479a6430a81f58c4b108e16d393310bd2147b3b4a73ce_raw.ome.tif,crop_seg/12e9be69c7a34825a98e3a4c999bd1c45571c96f339f2a415213efcef15aa32f_segmentation.ome.tif,0.108333,3500001819,106912
624156,12010,AAVS1,M0,crop_raw/60dbc0fc5b6fc0a0c734dab73a77718b3b7f76b36c19973699b2388436cfb568_raw.ome.tif,crop_seg/c551cc7f451f5178948387c3276af0589c0be1debbd06da3238daa4293315ed8_segmentation.ome.tif,0.108333,3500001845,107958
622070,11990,AAVS1,M0,crop_raw/a60e95458807adfeecd97260a98e3c2d8fb2790eeb6499e9b6f8a351d246a1bf_raw.ome.tif,crop_seg/e3d4b7b0c288131c58d78fcc68a5f793977ea0838d56257fbc1b8a6863506b45_segmentation.ome.tif,0.108333,3500001847,107682
619751,11968,AAVS1,M0,crop_raw/c6624ef8feccb234401d884245dc23ca95e1ad5f2ec3a8a76f0fba25f0bf9f00_raw.ome.tif,crop_seg/3da9178ee12bcace4f87754bb1329650b2382f0b21a2bd94fce6936574e34c2b_segmentation.ome.tif,0.108333,3500001847,107671
466565,10221,AAVS1,M0,crop_raw/f762476708478fcd4c5bf43194527bf3c575ecdebacd4a37e2bc2e8ca5221adb_raw.ome.tif,crop_seg/dbe11285c6bf23f26cea873ac3ae229fcdc881f161ac498a3d13d25ddd1557e2_segmentation.ome.tif,0.108333,3500001803,106518
632513,12099,AAVS1,M0,crop_raw/e15c52c056045cf1614a8c7247375e34b8b8df9f75e9d9888655e8503f9cd7c2_raw.ome.tif,crop_seg/6b06c010ab6fd20e334c8c87e5dced18bc619ed32d548ab82bf32fda6bb433c0_segmentation.ome.tif,0.108333,3500001868,108834
968601,16398,AAVS1,M0,crop_raw/328bf715c77e181c1c24e9bce8289c5ce4616a6f3624a405f0d52764f92a1067_raw.ome.tif,crop_seg/5e976042697eaff87d7e51ee4f5a5c4ed78e05d941ec05e677df4908763baa7d_segmentation.ome.tif,0.108333,3500001859,108160
623240,12001,AAVS1,M0,crop_raw/0417cdfcf7284d5e929c51aa719d59f39a2d18e51dfb232fb72d9e9e3a92ac4f_raw.ome.tif,crop_seg/76e217cd04b0362fc1f53def6211a0db72731fa1ebe4d40448abe6951c453730_segmentation.ome.tif,0.108333,3500001845,107959
468141,10239,AAVS1,M0,crop_raw/ecef6282e3837508fb1e94f7c66191283d2b3af2b3e01e857b7939b35a221030_raw.ome.tif,crop_seg/496b7777032710619d849f02b55fa789e86dba9d40fe0d17973fd4384e1f057c_segmentation.ome.tif,0.108333,3500001803,106518
552539,11200,AAVS1,M0,crop_raw/2d52731815cc20109622e35890f99f18654d7f55f6fb3910d2c99063eff6c773_raw.ome.tif,crop_seg/f5e99e3a3a1a9eefa9bd8766a854100dd37c014d31a15b585d7199a6d3c949b8_segmentation.ome.tif,0.108333,3500001869,108728
520189,10853,AAVS1,M0,crop_raw/0500f0d2e8ec5d48c16bd91b5063ed52356caf901a579e7177a5b354eb1a23cf_raw.ome.tif,crop_seg/7cf000f5c44fdc7543d42b25bc9a2b0e08dff258b899b65046dd52ecd7bb1259_segmentation.ome.tif,0.108333,3500001831,107488
618974,11961,AAVS1,M0,crop_raw/2b3308573bef7ac44926c42705ccc3cb71b9c75ad214c27ddc9b0c431bfcea85_raw.ome.tif,crop_seg/730ad96af65d8036cea05b3808230f53fdd9ac951d52f96c04d6f458fbc957c9_segmentation.ome.tif,0.108333,3500001830,107574
551982,11195,AAVS1,M0,crop_raw/26b1aac320d2dd1e2487dcd78992eaef822e36514ad23b980bd1075e9f5565e1_raw.ome.tif,crop_seg/a42e2492385a2ce87b6f59aac07ee966ae434e599fcda9920c230db2141303d5_segmentation.ome.tif,0.108333,3500001869,108725
501744,10650,AAVS1,M0,crop_raw/d91f362761c711085b409a755de519c5904954dd6fc76339da248c23a3e8e67e_raw.ome.tif,crop_seg/291e2da91fb5498103e27eca1c4e3f6a2af9c80a565c178e932863b444c2f2e0_segmentation.ome.tif,0.108333,3500001818,107009
482416,10390,AAVS1,M0,crop_raw/9bdc75a0ae94b6c2c37e6e2843f1c295daac5b52a6e93a5b68389080f049c8df_raw.ome.tif,crop_seg/367d743756bebc38b16d46efe2dea8930a6078fad734bc6190008a25f19e8429_segmentation.ome.tif,0.108333,3500001804,106422
623462,12003,AAVS1,M0,crop_raw/5d373b5226e50a022edcbdfbacc433f66da58a2d104af9464942f4f0d53acdf8_raw.ome.tif,crop_seg/527b4b986c55e0ca1dfc0e56d3d3ec971bfd0cc6a3e3ee954cef2fd68b3cf222_segmentation.ome.tif,0.108333,3500001830,107572
641175,12193,AAVS1,M0,crop_raw/a1bbd58229d227a5ad7909524e63559151ef6e59aba9fb13519a42b079e01eb4_raw.ome.tif,crop_seg/7fdfca6a1c85ae797282900a460a005abba19eb67190b95d6c74aa1c75017737_segmentation.ome.tif,0.108333,3500001859,108148
498318,10616,AAVS1,M0,crop_raw/05a526da77e98979f826693d102fef9e2f8fcb0990f2f9988335cdd3776cdedd_raw.ome.tif,crop_seg/ce11f4274866d99ce83f888da0227d48d761db80299109b0c12a479daabab076_segmentation.ome.tif,0.108333,3500001818,107000
505535,10690,AAVS1,M0,crop_raw/6cb972ddf5f254586a61d58aa4e5895eda6ebc0440d9f0cb69bd3d578dc4426a_raw.ome.tif,crop_seg/769c1a0dd0344ac4b63da16d2cea4ecbe8b1efd54e75f38b2070cb1ffe7c8665_segmentation.ome.tif,0.108333,3500001820,117186
620191,11972,AAVS1,M0,crop_raw/112fe2f2c3875b4def92d22257e20c11b51b042cfc92ba62ea9c500706acc042_raw.ome.tif,crop_seg/868f8d1e60b5e42d9e34f98a90a42316530d771e8004f739330e09ea4675cc79_segmentation.ome.tif,0.108333,3500001845,107957
512690,10770,AAVS1,M0,crop_raw/14f6ca53b42a9a4ba65b7bb87a0497b8637da89ebcfb5dd08351a951bc14ae23_raw.ome.tif,crop_seg/f76db7cd67eb5e19efa08c0737a36d20d813bf4f28ee637764d56a7468a79328_segmentation.ome.tif,0.108333,3500001819,106901
510001,10740,AAVS1,M0,crop_raw/b639b660ec697192a273a23eb9a76df9d6c0249e5962604391c1adb96a8875b7_raw.ome.tif,crop_seg/d789b5c42f3b3fd674555a82311bf4bc8851535915fa0cd020999bfa93195a2e_segmentation.ome.tif,0.108333,3500001819,106916
976036,17127,AAVS1,M0,crop_raw/65b84fae33b10c801ec6ff44866659b067a654c8d3a8fa49394cd45ec72f0c02_raw.ome.tif,crop_seg/a748f04f4ab862f856c126677f388976f24b0fe9f24437941fb7da303184e82f_segmentation.ome.tif,0.108333,3500001869,108736
478210,10346,AAVS1,M0,crop_raw/9eec4e9c27377025cad2d8a58409748fd9e46ff1a71086e01c0806d93ad121b2_raw.ome.tif,crop_seg/485935fbea0189ea825acf79c42076d935d6fca5b022a4de14dff0503339bc7f_segmentation.ome.tif,0.108333,3500001803,106528
469391,10255,AAVS1,M0,crop_raw/cc7fa26db219149768ff3ef060b950260c81437b8a897248ae48cfb7f406e557_raw.ome.tif,crop_seg/1d5b204920a5a59beeb8d4f666e520a0d51bc451538227e9cdc195b3fe2aa616_segmentation.ome.tif,0.108333,3500001803,106517
639368,12176,AAVS1,M0,crop_raw/dab55e6e7f198234f795bae09cd6d836df756f630e1ca83a436cc5c3842d2aa6_raw.ome.tif,crop_seg/7e2f038d11f40062815a98130c8027c23f38a6413166a6b107a1a78cd947b288_segmentation.ome.tif,0.108333,3500001859,108161
520266,10854,AAVS1,M0,crop_raw/3b2cce3db82ed339dc802e02081d8a3a34c150201acee694e387f4a702e92a11_raw.ome.tif,crop_seg/69f9126f6d31410dfacff784c6af3f12ca483b249e01537d72fd06d9c14c31c7_segmentation.ome.tif,0.108333,3500001831,107477
543060,11138,AAVS1,M0,crop_raw/e531c0d1c5beea3be4bdc5bdf43976b212767a5c5262db96ad82a10b91e696f5_raw.ome.tif,crop_seg/921e848efcd821edee89c269aed73513f052abbe95065b2a22f8c8e3e82ecccb_segmentation.ome.tif,0.108333,3500001860,108248
612027,11882,AAVS1,M0,crop_raw/7af5c8442730e2acfde53cb6d665ee85a7732892a62ac8a9044a8f3931cb165a_raw.ome.tif,crop_seg/eb869ece387403868dbac61cf266dd3c8f56a46436fbb3abbb14a415f48f8a0b_segmentation.ome.tif,0.108333,3500001845,107960
501200,10644,AAVS1,M0,crop_raw/5e28e6dce7170253ccd83f9a9879b5eca1707bb444dd1393e3b75908468c700d_raw.ome.tif,crop_seg/000940cd844e2717e782bb87e566f0fdb217b50ca156335a8bcc8b95170d5275_segmentation.ome.tif,0.108333,3500001818,106999
480847,10373,AAVS1,M0,crop_raw/1e5bdd028c1431f186a854e55f516877f2e5036cecc3370a818df9ded870c9b5_raw.ome.tif,crop_seg/2b510da335bca3c087ea417cf0d6494e92c47580b3156affda23ac29e344c0b1_segmentation.ome.tif,0.108333,3500001804,106420
503916,10673,AAVS1,M0,crop_raw/304e0eefd58e1054c0c4b5428a96b976bc42c1e849359b914c263d9fdb73954b_raw.ome.tif,crop_seg/19719d2257b866a04e340a2f2f0a05ae51355f5cfeb6c2909d9621d501fec1f4_segmentation.ome.tif,0.108333,3500001820,117173
499176,10624,AAVS1,M0,crop_raw/c5c2eb7428f151e5a5572bf7af71206f84810f3bf58ed50ccd2b6fd9b1249305_raw.ome.tif,crop_seg/58d7b592074c0249536e8369b6dce25e47b201b7eedea9a7d6cd4281e8213cfa_segmentation.ome.tif,0.108333,3500001818,107010
511338,10754,AAVS1,M0,crop_raw/34d5086dfc78e303a74699fde17a43da8e9305e004994078d7ccb15a3f93d192_raw.ome.tif,crop_seg/beab03991332db4c6264df9fe1d39147dccd30a4ffb2b02ddee15068ee363975_segmentation.ome.tif,0.108333,3500001819,106904
629182,12066,AAVS1,M0,crop_raw/1528c65c06c0b3f9db2274276f679acf31fb17ac6e918855bc68e6ae4aeb893f_raw.ome.tif,crop_seg/fe4bc78464e1226972ec809209f0a665c0208dcef24acf4d6589164409e296f5_segmentation.ome.tif,0.108333,3500001830,107572
504002,10674,AAVS1,M0,crop_raw/28765b1a8f5dca762a5c647c0e7c4327dd14665cc139302878c6de5d48f8e399_raw.ome.tif,crop_seg/df6534dfd4b0496838eb07c7cf1a4c96754cadcfe6e02112b9244771b21af391_segmentation.ome.tif,0.108333,3500001820,117184
614798,11912,AAVS1,M0,crop_raw/9ed435a2a5c6510bc954c4fe17a8004a121368188a3cb3a4c1dfc74776eaa5d1_raw.ome.tif,crop_seg/e1a8efb10b5e821014f9a3deea737166d557cea108984631fa211bd68a606c9e_segmentation.ome.tif,0.108333,3500001847,107670
551868,11194,AAVS1,M0,crop_raw/3df3dd6fcb41f51e6462423214d0e8fd7a9e9b92c0040f330a8c4c754554b1ea_raw.ome.tif,crop_seg/0753b9010c4d6bbf8d435c4fb703bb91d6ad262a9ce2cd1569a8b980ae6363e2_segmentation.ome.tif,0.108333,3500001869,108736
516931,10819,AAVS1,M0,crop_raw/a5eb314138b29a56606c2287c6289feb3ca51fc85be97ace1ff21f30d72949e6_raw.ome.tif,crop_seg/158e5f2eafcd0f9ab8ce42624cb12f0501b8a674b6f522e9230815e6713d0d2e_segmentation.ome.tif,0.108333,3500001831,107477
953709,15179,AAVS1,M0,crop_raw/eeb2b86080a426cba5136431242a0cbd03201750980ecea5fd60f536a42cb3b2_raw.ome.tif,crop_seg/3157b41b63aed0c3b1d1caa4a0e0a381ba583dfc7ed40917d6823f4dc445dff9_segmentation.ome.tif,0.108333,3500001869,108738
517669,10827,AAVS1,M0,crop_raw/5ec7926da51fbf965fa66275ef26d6491122f056680a37c90b17305de5ffadcd_raw.ome.tif,crop_seg/8923e48865b3fcff805d39fdf8df2285c53ca8fd5f904d4728ea4b605a40c478_segmentation.ome.tif,0.108333,3500001831,107480
505257,10687,AAVS1,M0,crop_raw/dbdf6c34b96e7a3d08e806ee7ca2bc7ff37f4ab2ad71276e79c1753b64b7daee_raw.ome.tif,crop_seg/7dfab55d3808a59c0d525e61dda73b13a11d7a08a4a608cde45048d74c6c8554_segmentation.ome.tif,0.108333,3500001820,117175
984712,11156,AAVS1,M0,crop_raw/562b55c09fb87236d9c4539fc6c00e2c09e411aed655549d40da12a1d6d62088_raw.ome.tif,crop_seg/aeb2efebba1435e795667ccad350ea8b3249313315a180a158aa38c2febd1302_segmentation.ome.tif,0.108333,3500001860,108245
620063,11971,AAVS1,M0,crop_raw/81c7c747daffbf66ccb4a5986affecbab749817265726b691acf8eb526c5f645_raw.ome.tif,crop_seg/0952808bb08fb935160f2aec54540f213364044ecf91a893745ce64cf5ab2863_segmentation.ome.tif,0.108333,3500001847,107682
520743,10859,AAVS1,M0,crop_raw/310fa989853643ff0809fc19ed7c7df389249778f9c65d96400359590ee3eadc_raw.ome.tif,crop_seg/6f085ac41c7f270df80cee551d1cb16a34ddefa67ddab7b8a67f749db0ae4a85_segmentation.ome.tif,0.108333,3500001831,107480
614316,11907,AAVS1,M0,crop_raw/68ab6570c808df25e34cce9795a36f7d83bd860e925818b65ba8f630db5270ff_raw.ome.tif,crop_seg/0406b51cb0c47e854619f18586ad122f6b1f9218896ef0d557da990ae5bc7630_segmentation.ome.tif,0.108333,3500001845,107972
619864,11969,AAVS1,M0,crop_raw/a8bbcee79a5cd5f91526fc11ade517983abbeec0f8fa412c7086bac67a378db6_raw.ome.tif,crop_seg/aecc94fb4638068b61dac26989aa49a93c7fe529c55af0c25302603e24f22966_segmentation.ome.tif,0.108333,3500001845,107956
511423,10755,AAVS1,M0,crop_raw/5a463f0afd6942f9934642405922fd80d111634aea67f27f39db39416ae187b5_raw.ome.tif,crop_seg/e2598c388433dd2c8c472d07c0d8fb768c1228eed17121bf9a5694b65d3faeef_segmentation.ome.tif,0.108333,3500001819,106901
952777,15085,AAVS1,M0,crop_raw/3e5bbe6791f4713553d2c92c8b5f4a81c8467a9f9e07f18fff778083f1eb663d_raw.ome.tif,crop_seg/15d29bd5e16ed4c17e8775d17f2e4e3beeabd56ccc57bf4dbdfafd9a899847de_segmentation.ome.tif,0.108333,3500001860,108245
510728,10748,AAVS1,M0,crop_raw/01f7132907a6217c5228cdcd0512e4dcfcec8589858a6ff819c2c92b19abad03_raw.ome.tif,crop_seg/24dcabed34ea9191a5b0451afdadf3db96fd4fe6cccb9814026f5987e8a8a848_segmentation.ome.tif,0.108333,3500001819,106914
629414,12068,AAVS1,M0,crop_raw/8381ca5082abf81e816d316aab8400ec42f9414acdbaef5e735e0681f5e681a8_raw.ome.tif,crop_seg/b47a69250c77340e15645ee9f41aa469de8f20e23836188ce1fbba24bbb36a15_segmentation.ome.tif,0.108333,3500001830,107584
625256,12023,AAVS1,M0,crop_raw/11c8f21182ed05db5ca80868aedbe30d3d6ad867c93baec41282e4daa029e634_raw.ome.tif,crop_seg/0d2677f5d9f632d289265bf061abd499b2edbcb460e40066d756c323dd625158_segmentation.ome.tif,0.108333,3500001847,107672
962276,15891,AAVS1,M0,crop_raw/a45cb2873279d628abf29a1b7de10c37dadfe220d69c7ea5a1cb13e98a32259d_raw.ome.tif,crop_seg/9d23e11d8065c8a24599c6a75ed7895d3ec2b175f689e92d84430e9354a16f87_segmentation.ome.tif,0.108333,3500001868,108823
964020,16021,AAVS1,M0,crop_raw/f0eaa8cef441c9b1b9dbd3863022ddb36fe322843b163e451afe93b3f2084a49_raw.ome.tif,crop_seg/56016a4b5ac3002da541fc4fbdc6ce80b0ada7ca2df3d55faf41c0d2ab9d9128_segmentation.ome.tif,0.108333,3500001860,108257
502764,10660,AAVS1,M0,crop_raw/6eb6b0e5882867ebb4583564a401dafdd7ac2d2ae300507fcfdbdf8a9c2d6e83_raw.ome.tif,crop_seg/de76161dac350faae3564dfd265853e73fed4ebd8a7c10ebfbf24e37abb0ea44_segmentation.ome.tif,0.108333,3500001820,117184
618640,11958,AAVS1,M0,crop_raw/f71f6cf4a29514bfab4db6509e7cba09fae64a517580b1693c501abac0ad4b13_raw.ome.tif,crop_seg/47d1aa56da0e940ef2369e945efd65f8fc89563d3e9c14f1c9c3e528de10e70f_segmentation.ome.tif,0.108333,3500001845,107972
517762,10828,AAVS1,M0,crop_raw/d5ff1bbcf91a12a8ebc91984db93833b6a9b320c3f947f7b69542eb9cca7a8fd_raw.ome.tif,crop_seg/b32ae0e0123ba0da54b9b5dcac56b6528d4ab861c938aeb3ca0ee44aec854ea5_segmentation.ome.tif,0.108333,3500001831,107477
632655,12100,AAVS1,M0,crop_raw/be29692d25918ff7e5b73bb0518164b279a5668531a0d2022b27e856d923cb9d_raw.ome.tif,crop_seg/f2448556fbb0605955e26f38a4d09f43b3cfeafecbd2ba5ef8285aedb3e8ded0_segmentation.ome.tif,0.108333,3500001868,108823
481410,10380,AAVS1,M0,crop_raw/6f995e6fc135a6cb1cc9c91bc15e7a47b6e3fc885803616c0f5806767d6c0a6d_raw.ome.tif,crop_seg/53ae936f8eedfcface725d710c3ee4b3da501733f5d5420808933677bed89e83_segmentation.ome.tif,0.108333,3500001804,106421
511543,10756,AAVS1,M0,crop_raw/6410f2b86ab3d838d400f6185c7714a2b4d1781f361c5bb5614fcb01597aa2a0_raw.ome.tif,crop_seg/6af02b0b61123d15a6b4d2740223e05692881a02dfc5e061643bf85fc2015460_segmentation.ome.tif,0.108333,3500001819,106904
550205,11178,AAVS1,M0,crop_raw/dfd74952dddcbeb874d88e3fc6c4ad5db9d4b9fcb7a3ebfdb74a2245c7c01fe9_raw.ome.tif,crop_seg/a0c2580a1853121abcd4d8aaa191128cc3c5ff12fc11c52fe4e4027302e24d45_segmentation.ome.tif,0.108333,3500001869,108726
637663,12160,AAVS1,M0,crop_raw/3198f92e4507fbf7d6508542dc8583aff8de26f4b06b302cc785398411cef670_raw.ome.tif,crop_seg/557775e8ecc786877c994876453c6359b7498d6900317c30fb1cafc2567d0437_segmentation.ome.tif,0.108333,3500001859,108160
512407,10767,AAVS1,M0,crop_raw/33ace43eab10198fc02e7504c8a0353f016b37c6dcd14e538f2fddef53cc06c6_raw.ome.tif,crop_seg/d32ff80a9789d003efe1ee815544613cb2cbc3482517952703f676d1be3de162_segmentation.ome.tif,0.108333,3500001819,106904
473304,10296,AAVS1,M0,crop_raw/05860172578ac0911323274ebbec902549482cef915a3172e489d9b02bb74a48_raw.ome.tif,crop_seg/baee91d04aae7dd1760a97de8e0139d277a36746b8c1d6ee94296c7768092f13_segmentation.ome.tif,0.108333,3500001803,106519
470957,10272,AAVS1,M0,crop_raw/642d6b8bf58cc4dd1ac2bf42bca24a7e6e7d393d59369a0f9103fa86c5daa800_raw.ome.tif,crop_seg/daf060885152cc0d4415ae99dc4879bc104ec83d85884ed3687ef71ca7334c97_segmentation.ome.tif,0.108333,3500001803,106516
625585,12026,AAVS1,M0,crop_raw/7808a7146d579bd039872d182a77eb86e8b04a38ec09b937a5b81c470d907561_raw.ome.tif,crop_seg/9108d83a4c47acd98f3eaadc508b1097c9d40adeb9d988eea49662c1ddcc330d_segmentation.ome.tif,0.108333,3500001830,107576
502074,10653,AAVS1,M0,crop_raw/76bf5f328f681e597c15c41833d12990a012f2987962211da77f49f0d594349c_raw.ome.tif,crop_seg/40ad9f22fd6014f5f5d6685763fbe5f27cc9c9860fe4eabf36401a18fe8cc83b_segmentation.ome.tif,0.108333,3500001820,117186
627389,12048,AAVS1,M0,crop_raw/00dbae2d550ba401a039298a406ceb06fbede37b688d4592b20e55670a86c821_raw.ome.tif,crop_seg/c626b1d8be529138af13c344160ac0cfc5f03cfab3d29dc0a00cf38aeff14aca_segmentation.ome.tif,0.108333,3500001830,107584
973773,16907,AAVS1,M0,crop_raw/0cb96c8123ba4ed3d4b0a4fd869623c5a75c23c91cdb337c1b49b000dac473d1_raw.ome.tif,crop_seg/3dc865f04a4ea88ec38ef57c8269231d88f1513fc04cdb5658a247415efbc1be_segmentation.ome.tif,0.108333,3500001860,108256
500017,10632,AAVS1,M0,crop_raw/de10ad84ea3f207c112a271f3bcc2eb5c879cca396c2331c7cf6cfda6968fa42_raw.ome.tif,crop_seg/c7efbded479ba0a3f167448fa81843af3208a5dc7fbc1b10d95323a7cfd127e2_segmentation.ome.tif,0.108333,3500001818,107000
