cell_id,fov_id,gene,cell_stage,crop_raw,crop_seg,scale_micron,plate_id,well_id
266283,1177,TOMM20,M4M5,crop_raw/e5e82992b0ade92269773dc1f7d5568dff7cbd68563053c53db7c2b7f9d1ad5a_raw.ome.tif,crop_seg/394fa0490008269e06832536e06ebb66f26b63813d8a25f0f8f3286e48940e4b_segmentation.ome.tif,0.108333,3500000815,8980
264269,1116,TOMM20,M3,crop_raw/679ceb26b192b67d1f737491bddc6ad220386cbdd8bd23fe56530e04c0158836_raw.ome.tif,crop_seg/bd65ff899a658f20bb94bd3d50fc93b0f92be6f1b1764f114c64122b6ffdb539_segmentation.ome.tif,0.108333,3500000812,7156
325878,3151,TOMM20,M1M2,crop_raw/62ff2f30f42b33225db643d35515b6766c4875684ac6a696156987ec7dc11f87_raw.ome.tif,crop_seg/61db92e7c4a2ffbdc841912aef6ae53e14e96b98525b37d89335539fb3d72c4e_segmentation.ome.tif,0.108333,3500000961,22328
276751,1495,TOMM20,M3,crop_raw/f632c980d8c634e2d5f285da8fe86f7958123f62c7ef913d46d9eab20dbf3a15_raw.ome.tif,crop_seg/e0b4df3588022d4297d2852974305dbc3687db42358a2267a839b705f5efc60f_segmentation.ome.tif,0.108333,3500000845,11490
258622,953,TOMM20,M4M5,crop_raw/d61ab7f09f2066dde8fc4451ad811cd23898be25c2e20470169b52904510ab61_raw.ome.tif,crop_seg/a2fe8f4e2a902c5c0431d689aedeb96cb6bd7f53c277d9a9aa8d0cb91dcf0917_segmentation.ome.tif,0.108333,3500000778,5143
333865,3404,TOMM20,M1M2,crop_raw/8956bf573fd965f37179fb724da507ea3930af01a10e4bde3fc56ea4a98c1544_raw.ome.tif,crop_seg/d071d7b90085bddf4aa978972f90fac6f727f05f6900924256ec53537bc59643_segmentation.ome.tif,0.108333,3500000989,23768
271061,1330,TOMM20,M4M5,crop_raw/a8afcb1c5651459de561a79e221025daea738dc7b9192c8d5fd8c485b1a30980_raw.ome.tif,crop_seg/251501cd141304fe50ecf35eb7e6787b1423e71b36c18f1a41cf7682b3841b36_segmentation.ome.tif,0.108333,3500000818,7349
960041,15694,TOMM20,M4M5,crop_raw/613eb85c6523f38213fb2bf246448c915e45ec56485d4377d1f769261032251d_raw.ome.tif,crop_seg/3132743f685087ebdc8e183ff7b9824d2acb44738bcc77bd195d9b4ec5b7a2b6_segmentation.ome.tif,0.108333,3500002099,137955
337169,3511,TOMM20,M4M5,crop_raw/5459c7f73bd27a955b13f7fed35f5f2a5f23c068313fdee32dfe6b118ac2a4b1_raw.ome.tif,crop_seg/6134f009bf473905a581e41c0f3d5d7f6741423045b88dbffe1954d82d2d3481_segmentation.ome.tif,0.108333,3500000997,24150
965251,16131,TOMM20,M1M2,crop_raw/3f4cd4ff9946ed41b5d77b9a8370cc55d2a649c10c10a68bd78277d0ec0ee884_raw.ome.tif,crop_seg/09e7cb7f814ed7170a6244f23fb94c7ebc8912196d7451ac5d642cc846386c42_segmentation.ome.tif,0.108333,3500002099,137952
320100,2968,TOMM20,M4M5,crop_raw/f9f24978444c8c6451ad63bed1f3669bbf7eb5b7550ca0f93c9c4a2f35de4ba3_raw.ome.tif,crop_seg/dddce42c5c46c40d16f3b1ed82d92f06645064122d72576dfcbbd6141e43ddb0_segmentation.ome.tif,0.108333,3500000969,22625
973112,16856,TOMM20,M3,crop_raw/68b08f0f85ce42a1ae268686da1151d0022bc9ceda5fba5a392085c35a46c641_raw.ome.tif,crop_seg/acd9aaa797fa901f67f6585238449b642982dc4bc7f922665fe81125f1bc3464_segmentation.ome.tif,0.108333,3500002099,137954
275981,1473,TOMM20,M3,crop_raw/178844c55e13bec01e12fac2779f93f318c56e09d8d541881272fb731f9841db_raw.ome.tif,crop_seg/98415cd9b63cf802820d3522ffd40a4fc538c31db6685961f6ca4a7c01fcf381_segmentation.ome.tif,0.108333,3500000845,11478
259528,979,TOMM20,M4M5,crop_raw/db3399bcc6cf046ca8a4b9644a175cd6ead5fed6d7c458c2326adf3e96140b23_raw.ome.tif,crop_seg/07150d8082d76936652f39753a7bcfe19e03e1cd11e534af886535a12765fe44_segmentation.ome.tif,0.108333,3500000801,6486
274127,1418,TOMM20,M4M5,crop_raw/f89312f19f8821de9fe6d697bc33737e37ea6af233e46950a7e79604fe20a100_raw.ome.tif,crop_seg/5b2c2c9144cb75cc43405345da6e753d079d907c9fdd84c66191a120187c6ca1_segmentation.ome.tif,0.108333,3500000846,11574
332011,3347,TOMM20,M1M2,crop_raw/0508279dc3f82adb160a15ce48a38a18bfc4e8ba08971d96454f3f7731bbffa6_raw.ome.tif,crop_seg/07794849a5aca5d5288b374a22fc4473e93d360101b6198ee5aa1159b7756ff6_segmentation.ome.tif,0.108333,3500000986,23479
261048,1017,TOMM20,M1M2,crop_raw/c4f55d5772d3723b7100011f201848f90522dd777fdd3145ac91c1ba24fcb7a3_raw.ome.tif,crop_seg/68544fe3208215b1e6d7ae94c1596eeb01c29be9978c718e4064e61c1b5ef463_segmentation.ome.tif,0.108333,3500000801,6497
332146,3351,TOMM20,M1M2,crop_raw/d0f9011c1fbb52d2b2269a8e143d5357bb067406b420d2b58c5b73a2f8a954c4_raw.ome.tif,crop_seg/64b60cb0d8ae39dabf4e694fe6a599488bdb46da3f94bee265a1e37f119d0be3_segmentation.ome.tif,0.108333,3500000986,23476
264243,1115,TOMM20,M1M2,crop_raw/3adc5c601b8ce239bee126fcb8f1cb0a6e64609084ea3f905cc55a9cc99cb2e5_raw.ome.tif,crop_seg/dcf9306cd964e5ae3e751ed3071ae0f492cf57ad745a3abef5d98394d1109503_segmentation.ome.tif,0.108333,3500000812,7158
275737,1467,TOMM20,M1M2,crop_raw/2baf739949648a04606eb3a0aba82c233a2b968b67dc73b352f5f91c83f8140e_raw.ome.tif,crop_seg/d57a8e50af958aeb81a24ac4a49a84c4643980802d1a82caec16751bc1151ed8_segmentation.ome.tif,0.108333,3500000845,11492
346167,3792,TOMM20,M1M2,crop_raw/8354440b09f020e16d28184bf01fd1226be02a3ff510fa1e86b0c1f7978855c6_raw.ome.tif,crop_seg/372a9a9d3ae962bc53dbbcfdc1c922da1a9bc07dac3494d5e051e3ab64788cfb_segmentation.ome.tif,0.108333,3500001012,25204
321329,3008,TOMM20,M1M2,crop_raw/60d888ecea76aaf83502469e6c839a5c1ef6aa030ebbec0ce313a87fb0df4aa7_raw.ome.tif,crop_seg/69a541240b5a58f762d1a6f9d8cb3b20b055016fd9d5847f6991294bab0297f8_segmentation.ome.tif,0.108333,3500000973,28000
270664,1320,TOMM20,M3,crop_raw/3874033123fffc60f1aa18c99e874796bdca50d6e9a19add1dee3dace6c130a1_raw.ome.tif,crop_seg/673ba4392b83572dca0ffdb3b2591155cb62bf59c06f20c33e6869ea070aae45_segmentation.ome.tif,0.108333,3500000818,7349
393360,14379,TOMM20,M4M5,crop_raw/890fffe38a1365e293447727ab591a71a3dbb575535016008fd1fa385a5d0353_raw.ome.tif,crop_seg/3288f00f76c8de85d1beba42d7bf1e51e44e5a40ca56bf455257722e4714910c_segmentation.ome.tif,0.108333,3500001034,30292
341399,3651,TOMM20,M3,crop_raw/12856b76541204bf6756a9a1e1d760fc424c2c02bef8eb462ffd757320784767_raw.ome.tif,crop_seg/0d1a61c17d4093ee407e2cffd795029dd17f5e5706c363380a5d300b268b0476_segmentation.ome.tif,0.108333,3500001005,24727
264834,1133,TOMM20,M4M5,crop_raw/a1482a235378239ca8faa5cfa6279569c88ba0c8d854705029f6743048ab9452_raw.ome.tif,crop_seg/031acbc1597f5251e588171576c2b7c9dd43efb7008579bf0427590e93c4ff80_segmentation.ome.tif,0.108333,3500000812,7157
912754,14164,TOMM20,M1M2,crop_raw/f53ca4fd8f567393ec1ba51730039fb50d9e3911830fff18412983a9ecfa941c_raw.ome.tif,crop_seg/b30a595cf1a4cace92180d5cf35b83b7634de652d245200eca48081109044af2_segmentation.ome.tif,0.108333,3500002087,135620
261621,1034,TOMM20,M4M5,crop_raw/a70cf1cfa849b065b51587abb1a10cb413c89050fa1b77d1738d91b0dcb728ea_raw.ome.tif,crop_seg/5c2e352c1352f58317acac2e16912ffbd8dab8f087a56ca95a4b88f861af12e1_segmentation.ome.tif,0.108333,3500000786,5240
272443,1367,TOMM20,M4M5,crop_raw/d16572d06d18a130d08bede3ce56fc2805fd48f1602904d9ecd7c57053c7490d_raw.ome.tif,crop_seg/742e5f4f237723fe6c736c47e87f40ab8059060d50e36af5d6e964db93008af4_segmentation.ome.tif,0.108333,3500000842,10904
267919,1231,TOMM20,M1M2,crop_raw/781741f79e041fa475fb7b9416d5db4eeeb7a8ad9b0e534d740883e114154b62_raw.ome.tif,crop_seg/d8aaa4cc336b90ac79d5225e3d156bb73f04b9bed09a96ae9df3c7cdfec5fb1b_segmentation.ome.tif,0.108333,3500000802,8705
276881,1499,TOMM20,M4M5,crop_raw/2a35d848fdec496c054e49a63e21691e9fbfb591e6f205b3737da67c2e93a034_raw.ome.tif,crop_seg/86b0e242f6a1cd8390da6e2266fd93d64c4967ed824213f4aadf9c19e4d00c19_segmentation.ome.tif,0.108333,3500000845,11491
339780,3584,TOMM20,M1M2,crop_raw/3c1da76960a4d9d25e80a2ace550425f04b9bdd2e401adcf74e83a42128785e3_raw.ome.tif,crop_seg/677006083e30b9f3576c66ba93d3194bbfd7a5bd2bc4070cb0e767e5b95a1d2d_segmentation.ome.tif,0.108333,3500001003,24931
400601,15798,TOMM20,M4M5,crop_raw/aef8a36c8d3b43b269d7832e0fce4950cfaeec7384d64051cee05fb67318a9e7_raw.ome.tif,crop_seg/01eda2aca4a13d19f00958ac8dcc635f81f7611b38b2098b3e0229a2b98da13e_segmentation.ome.tif,0.108333,3500000968,136712
327490,3216,TOMM20,M4M5,crop_raw/9599cd75bd3e124e0c090a7a09133d018ea747bc398b7b4adb83d13205e14b05_raw.ome.tif,crop_seg/d6501544e59bc9e271b3f9b8da1e6791917fd0eba196b53cd6fc6696efefcbe5_segmentation.ome.tif,0.108333,3500000982,28086
275284,1453,TOMM20,M4M5,crop_raw/9078d5cb7952592cfe58c4fe38ad826dee56decd34b5fb42537ba66b03114ce5_raw.ome.tif,crop_seg/d15cb4fd09ec31d0cb7f4ea33442963e6a6516de74a9883f21c0d43bbc8d445b_segmentation.ome.tif,0.108333,3500000845,11488
339746,3583,TOMM20,M4M5,crop_raw/a439c610eab08cad948a68b53a6e233bd1d10ba5e360093e310414e2101f38ff_raw.ome.tif,crop_seg/dfe71fd2fe0edee67a737c3a2ebd639ede53db8aa14cc851a4d926a9e5d13ff3_segmentation.ome.tif,0.108333,3500001003,24930
322915,3067,TOMM20,M4M5,crop_raw/1b7ffa75fee0df2c2e944b19cfdfdabfeff60fadb13d35e4641a26a089334c26_raw.ome.tif,crop_seg/a7729e3ab5103fff344d1f19edc6171884e96f82a1146048809fce4d901cf68d_segmentation.ome.tif,0.108333,3500000974,22721
408378,16750,TOMM20,M4M5,crop_raw/431f0fcc40a8bd94068c72ed5ddfe026c6e67e2a420095433dbae76a617b15dd_raw.ome.tif,crop_seg/6a3c28d1f40a63a606242c99f18a509d81677cf0c56f7754979fce6accb6ae2f_segmentation.ome.tif,0.108333,3500000968,136707
341970,3668,TOMM20,M4M5,crop_raw/d91d629e5ca9d6bb510664427aa6d44c19652285d651c50909712a5ffc5a1ba9_raw.ome.tif,crop_seg/6f7347976a27589b6434530746919ab950cfdf8a970a89b7dd4350f4964331e4_segmentation.ome.tif,0.108333,3500001005,24740
231120,4,TOMM20,M4M5,crop_raw/2f37242879eecbe38045336917e3fc4267f966bb0f5c3b099308eeac833244cf_raw.ome.tif,crop_seg/85f6b590b6d62db42745e60b0803e80bbf3821a12291a1280404847612a35227_segmentation.ome.tif,0.108333,3500001004,24834
974952,16996,TOMM20,M1M2,crop_raw/1e47ab6d76d0f29f9918943f45c812d5c1a1f397b94460ed60b5db98c9dc8963_raw.ome.tif,crop_seg/8255772e61e1410af11f6320f858537afe1e432072597e9b82b250ab713a8b46_segmentation.ome.tif,0.108333,3500002099,137952
927248,14264,TOMM20,M1M2,crop_raw/97a3e6bdfebb7f649fd187ecea3bb9acb7376b7646a2299e6917e11f841e044a_raw.ome.tif,crop_seg/0ce16450c27e25b914c82506356ad2545d2e8869a376996b61b0c4ee35193970_segmentation.ome.tif,0.108333,3500002086,135524
266185,1174,TOMM20,M4M5,crop_raw/c1d3ca20930a004a6f8e7965fab78f527eab877e0042a539207fa81ebd3a9c0f_raw.ome.tif,crop_seg/9432390fea690dda2dcd20e075e03977a72b6c9a347baa005d04a5f232fe6974_segmentation.ome.tif,0.108333,3500000815,8982
397139,15365,TOMM20,M4M5,crop_raw/9144d217607838ad43254b4be40b3e4e07e63d2ca53590567ab46d50aac1283e_raw.ome.tif,crop_seg/2677b77776751cfadf59312e64a1f0bc8330ab664430e44ba664f97fb42ef64e_segmentation.ome.tif,0.108333,3500000824,9748
270704,1321,TOMM20,M4M5,crop_raw/32ba18ef1bb56ff9eca541dff79472559557bd76cdc4f771eca623a7d282ba14_raw.ome.tif,crop_seg/9b2b3acdbc5d1904221b4eacd47fd25dbc1fdd940b3b8d6791c603fbd6f4266a_segmentation.ome.tif,0.108333,3500000833,10624
340805,3614,TOMM20,M1M2,crop_raw/a3c0c153d6c158997cc21a89df2effa8f800988ec1dfec1e8b8083b3df8d04a2_raw.ome.tif,crop_seg/eb6be2e1c19a450c394e024008cecb051e7f344b1bd14a562897981b80d5e6ef_segmentation.ome.tif,0.108333,3500001003,24928
270974,1328,TOMM20,M3,crop_raw/263a5536bd32406efd77c37d7b2089aad19f7df96138206b3eda52e21eba3c51_raw.ome.tif,crop_seg/70819ef2ad2e5f5584dc5ed4402295fbe47c06774ba2a13b7b56091fd34f9e46_segmentation.ome.tif,0.108333,3500000818,7348
923077,14217,TOMM20,M1M2,crop_raw/7f16ff24508cb6cabed202f3ce85b66a16a64302c5f8e0fce038191d607b7b67_raw.ome.tif,crop_seg/e37d5077a05fe9866f162f54221c8e4e17151355ab6979a64e207a7af05fa835_segmentation.ome.tif,0.108333,3500002087,135622
335389,3462,TOMM20,M1M2,crop_raw/7c8a65d1f0688a5e9ba8ef2db65ef333959eda656c3bb4540f92061860cb3af0_raw.ome.tif,crop_seg/4b7f73e356eb46219cff64b3bcdb1a07c21cb9f6a8d655af69ae9a06a17cbeb0_segmentation.ome.tif,0.108333,3500000980,23285
271340,1337,TOMM20,M4M5,crop_raw/974265edc6edaeb95c45e676c8a3082872a5a3a97f45781c5711e21d0546cfd8_raw.ome.tif,crop_seg/4537bb9a6d248309c1f0e262fbd9cb052504d526ec1ad8707344dd361c21b22c_segmentation.ome.tif,0.108333,3500000833,10615
324913,3123,TOMM20,M1M2,crop_raw/3ee97a63715fe5ff44afeca7d57ff430ebad6ddfb0541ccfff27611055a56a9e_raw.ome.tif,crop_seg/ed0f58be0cc36ea1f0f9bfb4186f30ab96fd358a1d451beed45e9ac9fe43d115_segmentation.ome.tif,0.108333,3500000961,22325
332447,3359,TOMM20,M4M5,crop_raw/8e7cc042fc80559bf1ddf6ee075dc610824f22569115aaea762eaf102ee3e11a_raw.ome.tif,crop_seg/d5c748abdd70760ba894b34cd2ed37d7bb80656c9cea2e5d91788c979bd879b5_segmentation.ome.tif,0.108333,3500000986,23479
332046,3348,TOMM20,M4M5,crop_raw/94d935c2bd51685abbd9920028b88dfe1d32bf59e421dc84add06be043de7ecb_raw.ome.tif,crop_seg/998222eadee515b45ea60010fdff3ede1255c7426512c4b01defc73aee1b67c8_segmentation.ome.tif,0.108333,3500000986,23477
324918,3124,TOMM20,M1M2,crop_raw/4733e398c90108ffb7f80ff468b017fe0e7adb69c8997e604cdb5ad40db1644d_raw.ome.tif,crop_seg/9ab0e03e8c2715efd9d631db05fe757b38359f82c75e4821fe9678c531b97414_segmentation.ome.tif,0.108333,3500000961,22324
339192,3565,TOMM20,M1M2,crop_raw/41a700a72ea2710865f7481039e4f7bea27123ed09a6bd71bee00380fd3098d5_raw.ome.tif,crop_seg/ddebaeb22889a41e5840859dfa91d758f36bc4869bbc7fe24e83fc6505b179fe_segmentation.ome.tif,0.108333,3500000997,24148
270793,1323,TOMM20,M4M5,crop_raw/cfa62168f35b1acd2a56098936812df4b7c3c6f9b67ea0c4cc372ac545e3213f_raw.ome.tif,crop_seg/054243cadc69ba9605a2dcdae2bf526e07687063f46999480911550afe1eab2d_segmentation.ome.tif,0.108333,3500000833,10624
331470,3332,TOMM20,M4M5,crop_raw/263a1d8c2cfe12e798a3894f7c7db1df84889f4ebfb0261562213677200445a8_raw.ome.tif,crop_seg/b69045969e42e2054bd1dcdff33b22c5797876b7d4118a2251aa0c95f5e643b0_segmentation.ome.tif,0.108333,3500000986,23477
259422,976,TOMM20,M1M2,crop_raw/70f23c6d2991c85ee4f46d54aff7d6b263359b650fb3e4ce62dd417688a970dc_raw.ome.tif,crop_seg/2a19c0aea8fd08b948b40679990312b8c76cf494345c0ffa29f2a8a99af55f7a_segmentation.ome.tif,0.108333,3500000801,6497
931809,14310,TOMM20,M1M2,crop_raw/b82611627e9df4774ff6a5e166a7ae3086ee07c41dfcbe62f8f37256ade99355_raw.ome.tif,crop_seg/0080c07d1d4405a42d681cfb14bfb7b11901934a88ae6cb1d4c135614632f4b2_segmentation.ome.tif,0.108333,3500002098,136134
328916,3254,TOMM20,M4M5,crop_raw/4ce4e6f9dd8c42912f6e8e724ebfd544b3f8cd7777c4392b124c5283ffb6f803_raw.ome.tif,crop_seg/0c8ab7083d76777bab78d5d20f635b2616328632fccabae37d44eef6f6388ff2_segmentation.ome.tif,0.108333,3500000982,28084
404933,16386,TOMM20,M1M2,crop_raw/97ab5c5fb87a9e5c8ae73782e55c6714404e4bc39bf54d1add89f2888fc2645c_raw.ome.tif,crop_seg/03cbfb86372c671d6041b84b77af5fc0a38a284fa9f7dc34e8aa45ad22d8b7c7_segmentation.ome.tif,0.108333,3500000964,136719
323680,3088,TOMM20,M1M2,crop_raw/438bac752ae4e202e9630a4bb2b4e793b29315dcc4f451e4bdd4722c280ff6d3_raw.ome.tif,crop_seg/d6ac8a35b25b98d863d7ff7a15610389163e126d1868a9b0cffadc63f3628240_segmentation.ome.tif,0.108333,3500000974,22712
276640,1492,TOMM20,M3,crop_raw/be5aab44629a2329cfddd4973095abf16c6619290eb1bc256628feeb90de2019_raw.ome.tif,crop_seg/839d9cea6ece5293a6764c2bc45a247aeec6b997756e89fd16356ac8b171388b_segmentation.ome.tif,0.108333,3500000845,11480
328972,3255,TOMM20,M1M2,crop_raw/93cfefc158672564e98f8a4f80482c3007791d26588ea66d931de4b981eaedf6_raw.ome.tif,crop_seg/3897ce53a6f1574b18ff949469e2abd6e6a052e31b7344fe3a85e9f62d5055ae_segmentation.ome.tif,0.108333,3500000981,23383
268771,1263,TOMM20,M4M5,crop_raw/fd485e4fc3492067a062301457321647bc16ccd413576a6bef4d76ac036bfbab_raw.ome.tif,crop_seg/f45df2ee210771e546da44b0550c04620f4da1ede6dc7aadc058a36c14f23b32_segmentation.ome.tif,0.108333,3500000839,7638
272211,1358,TOMM20,M1M2,crop_raw/aa136063b459fb9063bc92e353f3d6fc86964867679c50b016665611baa12841_raw.ome.tif,crop_seg/94dee679566af9967386df80757b089e78ca2e56e3a92e95493041db696c9388_segmentation.ome.tif,0.108333,3500000833,10625
333454,3392,TOMM20,M4M5,crop_raw/6d6784130bcde9a77280e05e29f7151e403cb16c951a8eda64cb7ddb10b50942_raw.ome.tif,crop_seg/084c7377406f8f7f33de5dab56879967dedb6adb5bd98556583b36b797f78abc_segmentation.ome.tif,0.108333,3500000994,28760
326598,3191,TOMM20,M3,crop_raw/c488629b4dfe4a826551d83fa3a23403de004e4f036a5dafb6b64d3e2582cc0a_raw.ome.tif,crop_seg/34275b8892645a9ef8b0b7ff257a1abaeefc568d8ee157305e28f597486a661b_segmentation.ome.tif,0.108333,3500000981,23395
318340,2917,TOMM20,M3,crop_raw/7160b64f491c1f750b6bdbd841de8659ef2618a5518c11d4035ad4f2eab7dd1f_raw.ome.tif,crop_seg/b0fb1773bcd3aa557c26e75e9b1bffb70a0f2cd4924d8f1c475b28b1b62ab7c3_segmentation.ome.tif,0.108333,3500000969,22626
325767,3148,TOMM20,M1M2,crop_raw/0616cd88e605fa7c5e4dcea1d23a862a41fe757b0e6a18ca638b4843012a708c_raw.ome.tif,crop_seg/a28b861ff2b971b79ad762916a2cb9492d0431ec3e3e6d294bd4d7c4ca612395_segmentation.ome.tif,0.108333,3500000961,22339
271968,1352,TOMM20,M4M5,crop_raw/42393344187b74caed66d4e54e347efcb7d83a413113240e6979277f7f0208fe_raw.ome.tif,crop_seg/20f7588b2a5b610da9bf222e442c9225433fa10b3550bd07f2a1f9a09feb3abc_segmentation.ome.tif,0.108333,3500000818,7349
327413,3214,TOMM20,M1M2,crop_raw/5b888cd2602addb6d8a6038d26694d801e80af8d7ac0f765618fec50d105b29d_raw.ome.tif,crop_seg/25b1649e98519d228d1041b230c7bdb265ddc3daabf6607a308a51de42810d35_segmentation.ome.tif,0.108333,3500000982,28084
272038,1354,TOMM20,M3,crop_raw/6926c52c78639b859f425048d7d64eacf03eb3bc81c3f3a4c6182df7111335a5_raw.ome.tif,crop_seg/adb320f12e7c1dc0518fb6fe7dba7a7fc7b7bfb11a881e93ee8e961c59752da4_segmentation.ome.tif,0.108333,3500000833,10625
269738,1293,TOMM20,M3,crop_raw/5cfc1e1df919d4ef48d01e6a5de3197dabf58ce2e26b4a295afd5bbfd22bf50d_raw.ome.tif,crop_seg/250b3296ca64d5ae4d17fd22c77ed6fce164753a0b6b6787c478fbfdca56c904_segmentation.ome.tif,0.108333,3500000839,7637
398565,15527,TOMM20,M1M2,crop_raw/70091f984010715202d633e6a415ce4c906d9005054d945a08fe73b7dc70bf96_raw.ome.tif,crop_seg/114bc3a315b0a14da79a76d19f1347542995d27560559ce6523699029b1c7212_segmentation.ome.tif,0.108333,3500000968,136710
333129,3381,TOMM20,M3,crop_raw/d653f817564b6f85b03fa209480f25ec1837c1ea57481370b578dd838d35b209_raw.ome.tif,crop_seg/c9317384388cad3031133f5e0afd24b2f6ba0d82281da444ddd1f27d011c64e2_segmentation.ome.tif,0.108333,3500000994,28756
338377,3545,TOMM20,M1M2,crop_raw/fa5e24d0fceb0744c2016a424145ecd56f81195de3ccd72c107acf1223b22c49_raw.ome.tif,crop_seg/4ca0458cbcc579b0abca40c51c334aeb1f68dee193e55950e810fcc953190dc1_segmentation.ome.tif,0.108333,3500000997,24152
269487,1286,TOMM20,M1M2,crop_raw/a79a436e1e5181a114aa0f908031b42f479f5aff604e1d002efb752e0e225426_raw.ome.tif,crop_seg/27e105d4307fdfa0f71c3bba9f3d856bc47b0c94e681f2bdbea6c9e66fa01ed2_segmentation.ome.tif,0.108333,3500000839,7649
321967,3025,TOMM20,M1M2,crop_raw/fdb6b672375f6cbcba2c0e44825da6c515e8e6b90158187920c0415d6e4f310b_raw.ome.tif,crop_seg/0abab100c1acf9c1ce6ebe7d799329564dd17f9fd9271a334643a1f62ccca62f_segmentation.ome.tif,0.108333,3500000973,27988
343877,3721,TOMM20,M4M5,crop_raw/f646c292c36f85ebc959e0703e9be054f3a48a28a0b2c07d1fdf358740220c5b_raw.ome.tif,crop_seg/ce02d99e9a55dbfb7986c81418e53e154b9c5aa2445e007089c0e772f3e83f5c_segmentation.ome.tif,0.108333,3500001010,29152
316888,2873,TOMM20,M1M2,crop_raw/a990616a4be11c758190a379e9811166e12e276864b84fe16cb069b45d144422_raw.ome.tif,crop_seg/1eb031b3af87cb57eb5d48cab4d3b0aa4ac32a4b54946b9c682411a830ae72ee_segmentation.ome.tif,0.108333,3500000971,27796
265027,1138,TOMM20,M3,crop_raw/4e65a3eea0679fc81543728166307a6c2142a02eb05cc4959e33dd9a5e6db0e3_raw.ome.tif,crop_seg/d519412cdc1da6890536557e093adc646357e06795b2f90792c4b3a383407735_segmentation.ome.tif,0.108333,3500000802,8706
281016,1632,TOMM20,M3,crop_raw/00b00ac5132c4103755a209dcf97fb9600e28e614344534ffb10f42772523174_raw.ome.tif,crop_seg/6e5f0969f26bf5c5fd65e318dc6f2f870373e555f61835a4b7d4f36642c251d3_segmentation.ome.tif,0.108333,3500000847,11681
265602,1156,TOMM20,M4M5,crop_raw/d8330f7de389736e205c1558bcbcf623bcc814fc18d242efee0135820fa09868_raw.ome.tif,crop_seg/b491b113659f0c06dafab6181dbb11ebaf511c05acefb20c9d5a737afa8e1524_segmentation.ome.tif,0.108333,3500000815,8980
319631,2954,TOMM20,M3,crop_raw/86c05308f9f8e1197a19141c2483c800e3bf40020f5435627ab1a874e54b14e8_raw.ome.tif,crop_seg/ec4719d69dfac0e05aa0e1ec6610a3ccf96d02f2d8a525224b7b331201b91e84_segmentation.ome.tif,0.108333,3500000969,22625
262068,1047,TOMM20,M3,crop_raw/6f09f3695d096dbe848794e81da34ea671f42f43d821b8baf14fd729ad2a83d8_raw.ome.tif,crop_seg/598eb496833bcdc1e74eb0f70bd413ec1289d76e67224dc0ea05b0bd95bb58a9_segmentation.ome.tif,0.108333,3500000802,8693
408371,16749,TOMM20,M1M2,crop_raw/997600f501d08da55145a429b32fe63d7a7db47ca34c952095503f025d4940da_raw.ome.tif,crop_seg/33228a47d567ecf430a2b02beba9d2a11b7e7fcba8beb905f7b62e5b29f58200_segmentation.ome.tif,0.108333,3500001057,30392
345259,3764,TOMM20,M4M5,crop_raw/a2c511651faf2e5e68cfa13a5c496812fdbc984ede7f6445bbdec817dab2446a_raw.ome.tif,crop_seg/bd89ec8caccf1028c6b42cc250e3ff2c20340a981f9dd6390255ae95893acf5a_segmentation.ome.tif,0.108333,3500001009,29045
345485,3770,TOMM20,M4M5,crop_raw/26d1126bf895c47f7ff8214d26877f876aeca93a020bad53d753e8cb716966bb_raw.ome.tif,crop_seg/54ae658aea96005a603971914e75adde60858827dc348b75f33a718389c22ca6_segmentation.ome.tif,0.108333,3500001009,29046
404482,16331,TOMM20,M4M5,crop_raw/65e9683e17790c71ce2587ccda88bfe8d7ce803618b5c03132d534bba3cdbcea_raw.ome.tif,crop_seg/f244a5586367164ed2f23523251394243d054dafe7aae1bafb1611553861a141_segmentation.ome.tif,0.108333,3500001057,30391
348542,3865,TOMM20,M3,crop_raw/b7b0235c86027dd8a74197037140c8fae1a34369e97fd66eac9af0e10a3b0f46_raw.ome.tif,crop_seg/cf7f0a1c81ebd942850c959eb93adcc74b8fc27f887fc750c58435344e4320d0_segmentation.ome.tif,0.108333,3500001016,29332
275391,1456,TOMM20,M1M2,crop_raw/923c29c578f8fd0b6764d75374cba3dad7c375e6fd664535137a13d0c022fb89_raw.ome.tif,crop_seg/958cf89cd258a3dea2bebbdae0f1eafdef629e13fc9f8412ecd9087cd55d63da_segmentation.ome.tif,0.108333,3500000845,11477
330141,3292,TOMM20,M4M5,crop_raw/fa02d32600b9ebf011cf542bac712d7a591042f54467a7e4bd1d6c094c163c68_raw.ome.tif,crop_seg/813621841baaa9dbf3facef41f4fcaf2cc22e06da4928dd06256dd47c6cad91f_segmentation.ome.tif,0.108333,3500000976,22915
264903,1135,TOMM20,M4M5,crop_raw/8fccf63391f50f86dbd1799fab8a4574d590bc667ffdc376384d081d86cee2b2_raw.ome.tif,crop_seg/ed79cebcd12952fef5560e87d757bab0a126f303aef39138751e08f37fa19790_segmentation.ome.tif,0.108333,3500000812,7157
263390,1087,TOMM20,M4M5,crop_raw/436e45a017f85752050bb59e16f56d668786ea6440f44747f67fcdf46cdb2358_raw.ome.tif,crop_seg/52c3f83dd27c5f0ea32312d4d6975b228d7021f81e1f9c22e32f6f6e1882eb25_segmentation.ome.tif,0.108333,3500000802,8695
344823,3751,TOMM20,M4M5,crop_raw/864e6b4165ae637ec0fa8b7888734cd28ae44e9e761a8b2225829e4d9c0df367_raw.ome.tif,crop_seg/603894b5f6c5935290e12a9c7ada90461a18146c6d6c4841abde47a86a83a2ba_segmentation.ome.tif,0.108333,3500001009,29044
965886,16183,TOMM20,M1M2,crop_raw/abb43582b639e6e81b66099d6749fb919920ea1406003363256fed761409eb56_raw.ome.tif,crop_seg/9a5b51bad9b7a23f8cca81703b87c991d205a523ce04c77e0520ccbbe142cd0c_segmentation.ome.tif,0.108333,3500002099,137953
267286,1210,TOMM20,M4M5,crop_raw/2b12f86fefa699219a34a2533d20bbeba724b2ee753ce9f8cef5d46ee92c4c8a_raw.ome.tif,crop_seg/98ebcc86782ecd4c781b2abb923082708b66b68d914df452f821aa20f8769180_segmentation.ome.tif,0.108333,3500000807,6776
333712,3399,TOMM20,M1M2,crop_raw/79874d6d7af43f1660d72d9ada6083185cead5183a3fa83e91e93e75791fa496_raw.ome.tif,crop_seg/eb753263ecb2ed5302b8a24bde6094873843adff74fc992f5327a1303c7df1c8_segmentation.ome.tif,0.108333,3500000994,28759
345409,3768,TOMM20,M4M5,crop_raw/69f75f8b6bccbbd172445f31921c6590936dd3bb72e3ae0c5df2eef1c657a6d7_raw.ome.tif,crop_seg/29453db29eec2a57f8ca0f626bca687502e5afbee433f5b0798c5083a368b8ea_segmentation.ome.tif,0.108333,3500001009,29046
347031,3816,TOMM20,M4M5,crop_raw/8d1cedd84d71ab2597e5e8084185fa4a0588acb7b5daa8e4d67973a5e900a70d_raw.ome.tif,crop_seg/673cc23723a9b712a3ea1ad66de3a99a9d3d0da6e0fbaa5e5dd41df9bce22a68_segmentation.ome.tif,0.108333,3500001012,25216
231929,23,TOMM20,M4M5,crop_raw/fee4122357ff2feed3f3fb2deacdd383a23a0d0d8c558894156f5095068d4085_raw.ome.tif,crop_seg/8e003c8bd1561aa9db630efb4eca869e44e3fe83f3b2c2395003ec17b2036c8f_segmentation.ome.tif,0.108333,3500001004,24834
254761,842,TOMM20,M3,crop_raw/77bb1fb134bb2076eaada5c76098b4810774e9b270895fecff9f7af03f4ca630_raw.ome.tif,crop_seg/88f9c28e709eea992fd5ad2e3215c830c5e23c811ea8b493e92719f2001b8f46_segmentation.ome.tif,0.108333,3500000790,5912
342278,3676,TOMM20,M1M2,crop_raw/0133f37359089b9be78f36701d031359ea1c74a57eadd3145644a9e4f2ce61de_raw.ome.tif,crop_seg/62055f18325bb8d46a6ef6fc1ed2ff16076a17b59bf1c85ae7c1e3b7d7980baf_segmentation.ome.tif,0.108333,3500001005,24724
336089,3481,TOMM20,M3,crop_raw/d75f85f2b257a1e01c7e81347e65558061517e344cdde8fa9f2077e0db39b9c5_raw.ome.tif,crop_seg/10847da2a86a8f42a056f71a7d5836481bbf1acd7321300d907e66cae173c652_segmentation.ome.tif,0.108333,3500000997,24149
266437,1181,TOMM20,M4M5,crop_raw/47cfc29c5ce3e9b37f65eef9426f4af7da2aa6675a8e96ba12247c90cd209415_raw.ome.tif,crop_seg/640daff741416680d67b068b105a773845176c7adb2c4338c7dfe1fa535e8f6f_segmentation.ome.tif,0.108333,3500000815,8980
257054,907,TOMM20,M4M5,crop_raw/1288354c73af53647a769567d3e9f24a1ff575e3287a6b390205702b61726dab_raw.ome.tif,crop_seg/2dd7712e64bc454a2f0beb34ac9bccde3c249e66ba4ced980cf80229f1498ed8_segmentation.ome.tif,0.108333,3500000791,8214
927931,14270,TOMM20,M1M2,crop_raw/851aca3a7278dd6e86640ef54830d1ef22efc6add75c20b1f32d65106c1025e4_raw.ome.tif,crop_seg/a18ac3dac053d1369acc5a5748fffd480225e49c1141a34f68c54f92acfc4ec3_segmentation.ome.tif,0.108333,3500002086,135521
280119,1601,TOMM20,M1M2,crop_raw/302675d1974dac0dbf9cc17fc6365dec95c3980613b93311caf8860bd647ee3a_raw.ome.tif,crop_seg/64326120479f4cd6d2fb42b799ca63e0e04e87989d8aed40a261e3c58c8e2e56_segmentation.ome.tif,0.108333,3500000847,11671
398944,15602,TOMM20,M4M5,crop_raw/392c8c1a554dc33e0a7258e1de7deda8742d1cca6f2d9a265569eb572b913768_raw.ome.tif,crop_seg/571eccdf87aa7b4a3d5cc49c0d0484a362bd918f4798477b2773f4ae25f503ee_segmentation.ome.tif,0.108333,3500001057,30388
273310,1398,TOMM20,M4M5,crop_raw/87316aeab3cf58b7290e30d92ed22d4c7e313ea343a9500275cf797c29fc8c83_raw.ome.tif,crop_seg/559020f0452a8db02613dc40ecdac6d0b31a17b866c46fda7fd3dd914d1387a6_segmentation.ome.tif,0.108333,3500000846,11588
280049,1599,TOMM20,M4M5,crop_raw/b92293332c10757675d4dd96cf18b16389a7a2af95739d76451f3fc99a216a28_raw.ome.tif,crop_seg/b7bfda693588662a93032873667eef45c9dd0e2a2c3f384c6ebe82e6c54879e6_segmentation.ome.tif,0.108333,3500000847,11671
257249,913,TOMM20,M4M5,crop_raw/8086742430aeab7867368636356b23662164859f4dd7f369aeaa2a33c59a357c_raw.ome.tif,crop_seg/9c16c7ebca51bff7356569eec969e19ea5b19214e6e59610186cc0444953308f_segmentation.ome.tif,0.108333,3500000786,5236
918540,14193,TOMM20,M1M2,crop_raw/ceb27bae778343ba89c096d093b150961499cdb9e3367ef8d4749f268f5422fd_raw.ome.tif,crop_seg/e1fd513508c27dfd9b63ad85013e825e69f99a04ee260f362b443cde330f0a62_segmentation.ome.tif,0.108333,3500002087,135614
267707,1224,TOMM20,M1M2,crop_raw/41b42412e3e5d5074d6db88cca18465a072319935ccb54fd95507f9b68e108ca_raw.ome.tif,crop_seg/91bfa62a1eef91a93b096e294e9415dcc7e3d394e67d38e91a59f8c8c5790064_segmentation.ome.tif,0.108333,3500000807,6775
318868,2932,TOMM20,M4M5,crop_raw/93f8f22dd3833ebca2b5379191b2a9207980fd9917c783916a63cfcfdf7393e6_raw.ome.tif,crop_seg/5a7b9a6a4a3d092cd5f3c0ec29ee29f6f4a861d754bf77d32974a4d6ecf2e430_segmentation.ome.tif,0.108333,3500000969,22612
266322,1178,TOMM20,M3,crop_raw/ab2d15e26ff633c14cb72b3d6b827882710f794d34fe6ea66595a0a48adbd765_raw.ome.tif,crop_seg/d66b7e7e1798645d5f5b6c26c1f8578baa469622f92c6f25569de008178dfce8_segmentation.ome.tif,0.108333,3500000815,8981
336279,3487,TOMM20,M3,crop_raw/170e072b269e684bdef3d7a163abfb58b83773a220c5ebd8dec08690a1f65cc7_raw.ome.tif,crop_seg/b47b06fc43118c3c804cac980b60ac74d695d3dc9f21c494462ededebf93a712_segmentation.ome.tif,0.108333,3500000980,23284
315678,2830,TOMM20,M4M5,crop_raw/d263a4545b8b29362ebcaae900d43b6c66fe112d09ef05417ef764d201101884_raw.ome.tif,crop_seg/e44d12afb717b155b21230cc0c71c58d19cd90a26d7785fada7256db55b4baac_segmentation.ome.tif,0.108333,3500000959,22133
343711,3717,TOMM20,M4M5,crop_raw/27d296e8871c8a6b2b22bfbe1fac9618d1278aac63e2c0090c4af848d5a593ee_raw.ome.tif,crop_seg/30998ae85fe3c009b7dbee25032e62d65d635d2ab493cd5506ceecc6ba1d032e_segmentation.ome.tif,0.108333,3500001010,29141
326533,3187,TOMM20,M4M5,crop_raw/a133c048bbace99268976572b4a923efbefab1b0bba26bae0912557659843d65_raw.ome.tif,crop_seg/f488dfaa64e83f6eca8898a0b37d4605c4bd220ce03bee131bdbd829a6ec444d_segmentation.ome.tif,0.108333,3500000981,23384
275819,1469,TOMM20,M4M5,crop_raw/ef65e62da43dd201eb812171733d54e18be4cdeefdb3e865036d7c1f2f5b4f0b_raw.ome.tif,crop_seg/47461b878532ec089cb9ff75912735beb68e208405bb23fea3b0a1f75f85e0d9_segmentation.ome.tif,0.108333,3500000845,11491
321055,2998,TOMM20,M1M2,crop_raw/c0c79712537cf31c6eccc0f5fcf2744697916d1c8c8e2f4be9623f7295cd68ec_raw.ome.tif,crop_seg/f3fede57a8a5fbedeb3837afd4410cec43a1c32df8829388241fd86df8645e40_segmentation.ome.tif,0.108333,3500000973,28001
340938,3639,TOMM20,M1M2,crop_raw/b848932668a793ce27ef77f5daedab3cf3d091bc18ac520bbfdbe737f2f53541_raw.ome.tif,crop_seg/b937351d41b6cb3ab2b2e00b1dc7506d1401229ee893c625e9cf3235bf23ea10_segmentation.ome.tif,0.108333,3500001005,24739
982355,1643,TOMM20,M1M2,crop_raw/36141770be6d4657550446049fc2fc693e66dcab3f96f83eb997a5cb4e41dc8c_raw.ome.tif,crop_seg/d75cb7b4665efdf13437bb3038c148eb6df8f7f0e3fbe083cf6fafdddaa84591_segmentation.ome.tif,0.108333,3500000847,11669
347918,3845,TOMM20,M1M2,crop_raw/f8608625e8823a15100b37caa59d055278fe5c43398b55b0c8306a42e86ced0c_raw.ome.tif,crop_seg/b7896de2567401017297dadcd5c9a1fc71a19662bf85bfa0099e733edb3858d2_segmentation.ome.tif,0.108333,3500001022,25783
269679,1291,TOMM20,M4M5,crop_raw/167a4e0f70fe8c7f5e8f3833d4ca91e9e465efdaa9a9d57bbadc906a42ce4a81_raw.ome.tif,crop_seg/8ce964da29089b1af529fe0d00d3ab92238deeb81dc40d17265f90b87a7fec22_segmentation.ome.tif,0.108333,3500000839,7638
409096,16827,TOMM20,M3,crop_raw/7368d6096e29f34432d921f4aed855e57803d490aefe7b224f828674039a05f5_raw.ome.tif,crop_seg/266cbd87b156eea8d967cea80434fe783ef25b5ceb4964b73a72d93d29b59609_segmentation.ome.tif,0.108333,3500000968,136710
932642,14324,TOMM20,M3,crop_raw/ae1c44fcbb8228dce7da48b1811ca1b5dfc84add5dc0d0bd9fe24793e5f5d013_raw.ome.tif,crop_seg/afae26b00d659faf8f15a7f3d77ae2556507a9e03ea03519fb6eff50c8953da5_segmentation.ome.tif,0.108333,3500002098,136133
271516,1341,TOMM20,M3,crop_raw/c6cb813398a2436f09bebc341ca77c619285efb5c8f4cc64e3088b786175949a_raw.ome.tif,crop_seg/12c9ddf9a78e92ea5a278a40f12034fe7963c0dfd5c6f78042550f228492928c_segmentation.ome.tif,0.108333,3500000833,10615
265560,1155,TOMM20,M4M5,crop_raw/f6f2a6e9659945afd2f16b9f6e239734ca878cdd2da7afa484055e1ce8a8f7c1_raw.ome.tif,crop_seg/430bc518cedc10e7b293658a3cce1f24030b85850b05f08b89724b302c7cc12b_segmentation.ome.tif,0.108333,3500000815,8981
345459,3769,TOMM20,M1M2,crop_raw/0d9fe7ea1cb08d014569aea9315354baff4fbc82a8d4544d9859df9182e60eec_raw.ome.tif,crop_seg/dd503c273a36602614baccde6dd4aca145cd1d8c74c8071a5e4ccb610dcef7b6_segmentation.ome.tif,0.108333,3500001009,29047
254221,826,TOMM20,M4M5,crop_raw/0fa281a5df799b896867c9e3ab9759480328a5133a3afb0f21176d2352dcaff2_raw.ome.tif,crop_seg/751607d551ae47ff4cc03a09971b986d3aaa92aa1effec3f54d2173324a63021_segmentation.ome.tif,0.108333,3500000790,5921
336041,3480,TOMM20,M3,crop_raw/d8b9d439e18026dd7b777be9558b92c629a566bd5e9e1a557dfec330410ce894_raw.ome.tif,crop_seg/3d03faec2656788353d3c87e526f8e98dd44dfcf3ee5df3d2e2b1e4fb921d012_segmentation.ome.tif,0.108333,3500000980,23285
264540,1124,TOMM20,M4M5,crop_raw/662924d16101244764bdee18e2699bbd44d88abc03a34fdc2307495262b297da_raw.ome.tif,crop_seg/48341b7e85b654df59536b3770962693085189710f1041bdd402fd6356568224_segmentation.ome.tif,0.108333,3500000812,7156
256358,888,TOMM20,M1M2,crop_raw/fc80f18b191239c4b8fd26a97167a1ddf4d3d67febb40d57b21b162badc05826_raw.ome.tif,crop_seg/fdaf0c966929d4ff3a71a775e9a858b1e898a209ea82d99ef7df873527822bcc_segmentation.ome.tif,0.108333,3500000786,5239
265637,1157,TOMM20,M4M5,crop_raw/f9487233d1c77d0149beca6c89dacbfe334be24a0099d3d22475829c4b2b5c80_raw.ome.tif,crop_seg/03c6b5b0f15d4a5fbd5e128ee6cf198805554996110b292cf3a2e3e2e940d8f6_segmentation.ome.tif,0.108333,3500000815,8980
333245,3384,TOMM20,M3,crop_raw/46204578ab751e2df37288e8fadf12130381791a5ec7baa865d680b148f7543e_raw.ome.tif,crop_seg/495036d61953eeee47f1b869a5c5f1c69aad800fb2654466d19d7412d5428da2_segmentation.ome.tif,0.108333,3500000994,28757
335246,3458,TOMM20,M1M2,crop_raw/12c8a5644e50edb1566250955b154c07be2f499fc1da8b936e62b58e45f2e075_raw.ome.tif,crop_seg/b04bb954a3b1e7978be0bd08365e67806d2c86299ce9b30f82f869f8d5cd8280_segmentation.ome.tif,0.108333,3500000980,23286
320518,2980,TOMM20,M4M5,crop_raw/706eb4aab36c75802eb54dc3fa1c04851a4f6b06b6b89f4322610c7e849f8d23_raw.ome.tif,crop_seg/f1f5030b7321ec8dd9afe959b40b26c00af3f9777929b15f97ebb47b442fcf70_segmentation.ome.tif,0.108333,3500000969,22626
335502,3465,TOMM20,M1M2,crop_raw/c06aa995580371558ea90df5bff749f9a3cb84023cf9b29b512f37d25a3ed6f8_raw.ome.tif,crop_seg/4d1d1294504d79fda3111ba4ecb7f111dbbddef3775c6269e930f81e281da58f_segmentation.ome.tif,0.108333,3500000980,23287
338294,3543,TOMM20,M4M5,crop_raw/6e85f66f956ec664206ee4539965c5287fd7644145ed46f3b477d8e8e2f31f11_raw.ome.tif,crop_seg/9189d45c1b656e51d20452512e7da8f1760c172cdaeee1f6abc349c46d509b86_segmentation.ome.tif,0.108333,3500000997,24151
269237,1276,TOMM20,M3,crop_raw/87e60ee93d1f9f2d5e15be6eb9375fe43c1f7d273de960ffe77590036362b6c8_raw.ome.tif,crop_seg/161c465ce016df3b9f40f1db7d9fe8b2f3489a899f8d18169d09c1e6a67f1149_segmentation.ome.tif,0.108333,3500000839,7637
326928,3200,TOMM20,M3,crop_raw/07e462724796397d6b8a98ddcf0b2a3a43515e573ea3745f9fb0cb3eebd0703e_raw.ome.tif,crop_seg/38f11b02e081b247590e2766174a1c0949dbd34ca9403f4d9f2f6211c32a1e93_segmentation.ome.tif,0.108333,3500000982,28084
327976,3228,TOMM20,M4M5,crop_raw/eb7699dad74b735a3a1b1c2ab915861350482c846aba9eb4c86be21b73a2421f_raw.ome.tif,crop_seg/72a3dd8d7d60f9b27909a5c4c6e4f24cc0878954b21d4e74f597c8064a0fe859_segmentation.ome.tif,0.108333,3500000982,28087
268707,1260,TOMM20,M3,crop_raw/12d86e1186ed606889dbc83b7bb4b30b082e740bbd6842e7d5cfb359b7aa0711_raw.ome.tif,crop_seg/c2778c31f96ad5129d5c2fa17f1c22f08018bc7cc4395bf9f964c1763937686b_segmentation.ome.tif,0.108333,3500000839,7650
327673,3221,TOMM20,M1M2,crop_raw/b44d3e3a598f0e2e4329221660c8f634a68d492a3f7b5317556203d8af778de5_raw.ome.tif,crop_seg/4736b4b298f339a17a8eae65f36b445cc36f08d822aa64763daae909e76e7fb1_segmentation.ome.tif,0.108333,3500000981,23396
319165,2940,TOMM20,M3,crop_raw/59dd5c48d11a3f7ac6157c54f7884ddc5ab84e4a74cf4af9ec4fcfad34b7c23d_raw.ome.tif,crop_seg/0c28a73844f9bd927c88ba1e4df2d9cabf3ddceb7186c654247658df8fdc8361_segmentation.ome.tif,0.108333,3500000969,22625
267334,1211,TOMM20,M1M2,crop_raw/4d757e35bf220e5597c1e65b07e08a8e7bb8afe6b898005402ed7a2974a04b36_raw.ome.tif,crop_seg/8ecfadb013f0d448c0615df1879549ca4a2c99412762b7ca5beeda9368464d94_segmentation.ome.tif,0.108333,3500000802,8695
325479,3140,TOMM20,M4M5,crop_raw/d4e104ec43f2e6a17d46d8d03c5f189de5a3faea23990b911fef45c4863e743e_raw.ome.tif,crop_seg/1304b66722ec11c2b73a48a15be4a8b58778af5b19d10d7cdc5208a31c4a52b9_segmentation.ome.tif,0.108333,3500000961,22324
318001,2906,TOMM20,M1M2,crop_raw/88b87df92797b5e1ddc713115e220b7d7cd9348428c5bb64042bbb72f260849c_raw.ome.tif,crop_seg/394b93fe12e0ac4f214750453552aa4aedc5434e526c313ec8ccb04d35b68c9c_segmentation.ome.tif,0.108333,3500000969,22615
268801,1264,TOMM20,M4M5,crop_raw/d4bc8c9b51e2ca06685079228b857b953cff5ffe10ff84512211938b3d51bf18_raw.ome.tif,crop_seg/752876417d8cc2cf21c527aced6a5b02fd446a16d7a46645ab986200e1505eb9_segmentation.ome.tif,0.108333,3500000839,7639
263895,1103,TOMM20,M4M5,crop_raw/fd38a42dc6510d97e0b95185afc407433a741cbc9b3b2c53bd770c2f734afb80_raw.ome.tif,crop_seg/09edbc1e1d533ffeb7ca3c98ebdd32cc290900c881178312135dc7562f630210_segmentation.ome.tif,0.108333,3500000812,7157
321105,3000,TOMM20,M1M2,crop_raw/875c4503a9344ea14c4c7eb3b99d02602739a781c56bb166868fdbe94625d804_raw.ome.tif,crop_seg/8819202e220c577f8ae63698e38e1010dcd246852f41230dc741e152584bc052_segmentation.ome.tif,0.108333,3500000973,28002
261952,1043,TOMM20,M3,crop_raw/2c4ec272917caba0e144e97e3751624592d802f62a139033499ba8edfae9baac_raw.ome.tif,crop_seg/f63c04176f5eec6426aa605e98cc8b628395d1baad3dc9358148cd63da2a34d4_segmentation.ome.tif,0.108333,3500000786,5238
932582,14323,TOMM20,M4M5,crop_raw/75d58711018365695b8a3073ee59b93f1bf06fa43ea5b3f2768e108e1c51d46b_raw.ome.tif,crop_seg/d3945e44400653a69a6fb670af0a2ed8747d0bb1c916a7edf75b8618778ae5be_segmentation.ome.tif,0.108333,3500002098,136134
346012,3787,TOMM20,M1M2,crop_raw/fe206c7e2cb0aa4afb807aa70c278c5af57b54f21723fa06a66152a3c6ffe8d3_raw.ome.tif,crop_seg/e6ca0fc79ae69e54ebee309e87282980c46da5419e4cc9b7fed69d243e5be91d_segmentation.ome.tif,0.108333,3500001009,29059
340062,3592,TOMM20,M4M5,crop_raw/09aad291bbc70354b772189625134791827d9509c644f5b1566a9821e3e46473_raw.ome.tif,crop_seg/74dbbcecc1db1aa65498f885689a29cb680dd3f3f1978ca186866bbf853178ae_segmentation.ome.tif,0.108333,3500001003,24931
265198,1143,TOMM20,M4M5,crop_raw/a5b9cc91650332a2212f9b639f95f07d485137f51256e8c17ddc5dd8d78bdbe8_raw.ome.tif,crop_seg/bc3c13fafbe1b084353d5936e479e612a2035b5cdc695c15849ca8425c759454_segmentation.ome.tif,0.108333,3500000815,8981
931328,14302,TOMM20,M4M5,crop_raw/1f78124c84d79ed31a66ade4ead2143f52ad3b2532ef6c5051e07aaac6ee8b09_raw.ome.tif,crop_seg/d86065f3117074f654f9f0c11a22403f0ea7f2901284120d14b01bfab5119ce7_segmentation.ome.tif,0.108333,3500002098,136133
322076,3028,TOMM20,M3,crop_raw/4022e068451a584a82d094deda300eebeb775cd67d375b5da93c093864cd1b16_raw.ome.tif,crop_seg/8053a230a012d2368d00a5fbf601a66b3ff07d2bc650c1c52f638b34f3cbef53_segmentation.ome.tif,0.108333,3500000973,27991
270812,1324,TOMM20,M4M5,crop_raw/fa40c694e262ef956cc3120f4915cffcc6bffe674443361559738e69d15f6c33_raw.ome.tif,crop_seg/e77bc61e43182ba7de7443ce6cabb1b8beb7bac427799d62da758a064cad7d96_segmentation.ome.tif,0.108333,3500000818,7349
272002,1353,TOMM20,M4M5,crop_raw/f28a1e3c89eb65e55f74a1a049744aa2d1e1a22b5f74fd861f27bd531b4b2a7f_raw.ome.tif,crop_seg/9557195807f9eafaa053f12ffb458617827cf42da09a96de0645f066ab57796e_segmentation.ome.tif,0.108333,3500000833,10624
334837,3434,TOMM20,M1M2,crop_raw/c9e0a6103823d62b4aa9fb34fef594ce4222a2cd9c13d78dd383ae6fefa5a2bb_raw.ome.tif,crop_seg/a40f12cf2aaedf87fadd1cbf0f36fc8b8d97fe41d1b623fcd0ee637bb501506b_segmentation.ome.tif,0.108333,3500000989,23777
342201,3674,TOMM20,M3,crop_raw/3d57206d4f2c04c7706488566c4abb8c97d6a780acd323a9a8c36ad232da46d4_raw.ome.tif,crop_seg/761d31fb48710299c2fa14b04a0894f62293872c38c038d6f3996ee67f10d2b3_segmentation.ome.tif,0.108333,3500001005,24724
342004,3669,TOMM20,M4M5,crop_raw/2998905bbd6559cb1fec4456a0c7ffc64796525bc29fa49fed2fb74e9608c519_raw.ome.tif,crop_seg/f86ac9b9a344f313b2f6d8589b15846579a0f17c5826adb348026d09f07871b4_segmentation.ome.tif,0.108333,3500001010,29140
337880,3530,TOMM20,M4M5,crop_raw/fd9a6156bc6c4b8875ccb428c96e666e7d182ef0ef8e3543314ea6859d2a2d08_raw.ome.tif,crop_seg/59923db34378b71be123bd9b7dd027ea95f9ef64f4b40086fd07a1e96261b322_segmentation.ome.tif,0.108333,3500000997,24148
269032,1270,TOMM20,M1M2,crop_raw/fb8628cc40b09ddf9680df3b333384b0452dc69e484079f5a1b83c3358fd0810_raw.ome.tif,crop_seg/9ede81870b518d9db96e5fb7d6aa6d6073e4470f05ad20b942a8869119970791_segmentation.ome.tif,0.108333,3500000839,7637
976984,17196,TOMM20,M3,crop_raw/954c216fe67d374c28fa30a273c54785bceb8cd1008dc1dd6374b56f0900020d_raw.ome.tif,crop_seg/2e6fb3124088d898fa81bc5800f1d24ac5225858a894cc218104c017919b59f2_segmentation.ome.tif,0.108333,3500002099,137956
314578,2796,TOMM20,M4M5,crop_raw/bb1087d0a7b471d828e2477f367b042dbe95be8132b770ae12f4dc9ef7295d70_raw.ome.tif,crop_seg/25a5faf31bac1175f53efe9ba68009a93bd39b1e3a579c033fcc5181f9e6376c_segmentation.ome.tif,0.108333,3500000959,22135
316344,2857,TOMM20,M4M5,crop_raw/e5f7c6e4fb428d3e350de7405658b332ccbfdcef6756a871bf127224b443ec31_raw.ome.tif,crop_seg/bc1a0c9331dde8ab61967b9d7ac3f3db0cf14150941f2555d315577a746897f7_segmentation.ome.tif,0.108333,3500000971,27797
394048,15029,TOMM20,M4M5,crop_raw/97f4e087b0ec48cdd557f7e12f6c8982a9ed84cc462205e064f337695d4a8a15_raw.ome.tif,crop_seg/cea8970bbec921ae08be07074fde46e797782aab5bf4cd16d4e19a1c361a8fc0_segmentation.ome.tif,0.108333,3500001057,30390
318760,2929,TOMM20,M4M5,crop_raw/e2dca51d702c005ba0cb28271be80061a61a866b19c32d40574b523704a3b320_raw.ome.tif,crop_seg/28422be3474e047e266b49b2dea5d58865345d530196e62d89571a5a8cac4152_segmentation.ome.tif,0.108333,3500000972,27894
347629,3836,TOMM20,M4M5,crop_raw/f9ade1396596d10579ad41f206f983da207915c64d7d6fe37e7fbcc81657ffde_raw.ome.tif,crop_seg/97cc8fbdf28a9ee62b73d60790036860f826af95ca45ea3961a262236f2c434f_segmentation.ome.tif,0.108333,3500001022,25783
321604,3016,TOMM20,M1M2,crop_raw/2100f0e897f0ebf8693fd4c70327a142db7e3053dd686412dcc7b3d960ae673f_raw.ome.tif,crop_seg/9503d5d390b90dcfa912a366a499d7ff915ee47439c85a4e6d251b761473edf1_segmentation.ome.tif,0.108333,3500000973,28001
349055,3883,TOMM20,M3,crop_raw/14929490d07a67a50618657676f17bcfbe71485882ff51306d3e169f8bb7c139_raw.ome.tif,crop_seg/6ab811c3d36bea605398fd490e00e3326ec6bf4ccc1fc8b0842eaffaf99f8523_segmentation.ome.tif,0.108333,3500001016,29333
348881,3877,TOMM20,M1M2,crop_raw/60b7eb3e65e798b04354d9304e3ced399ffd88e9d0d3a39c5f6325b6dca0edbc_raw.ome.tif,crop_seg/b55574899782b294d0fd66856cae1609295ee87667885c4d22229af8b38d90c9_segmentation.ome.tif,0.108333,3500001016,29332
403976,16272,TOMM20,M4M5,crop_raw/05288b33fb32d4816b29afd93081c7d5741745014ef8037c9f8858eafe9828a5_raw.ome.tif,crop_seg/76cc9ac4faea533debb22ecf825e040037edcbfdb2f42644839f83769ada9f68_segmentation.ome.tif,0.108333,3500000964,136725
266012,1169,TOMM20,M4M5,crop_raw/32b1ab0c2f99e5d0ffc712c9a49b760260482f0a6b2e2ca2e2eb6e9af7e14ea4_raw.ome.tif,crop_seg/8e5950d9afe5c9403d6fb08c934461dac592afa5da3edcba92cc0c85ada0a229_segmentation.ome.tif,0.108333,3500000815,8980
268743,1261,TOMM20,M1M2,crop_raw/760e93e422b00ff8c88fd0a89926d8af713176494ea82d7ee5c2bce7da16f68c_raw.ome.tif,crop_seg/c957dbeb3d8207ea168cf73518d76604bab63e1b1eeed71c17dd6ff13298e779_segmentation.ome.tif,0.108333,3500000839,7639
270237,1308,TOMM20,M4M5,crop_raw/5b987365433a42348cdeff8a131e635eda29a940dc118e34ff628baa218f89d1_raw.ome.tif,crop_seg/c2b3bec80cdebd62aec0c7ccc5de01882c7c4d383e7645f1f551c8f03eb011f8_segmentation.ome.tif,0.108333,3500000833,10625
332599,3363,TOMM20,M1M2,crop_raw/70296e1a08efdc08837447d8edaefdd20360ebd6e8e36f59952a57e4ef49ebe7_raw.ome.tif,crop_seg/217cb6197719062aa0db1f10e1aa79a326e52749d78a44bd3225f570f3b1d25e_segmentation.ome.tif,0.108333,3500000986,23478
320160,2970,TOMM20,M1M2,crop_raw/a836068f2c2db90a9da5f8abdb71df1e09c010321f5c3f47cedf5ea5e3cdb28a_raw.ome.tif,crop_seg/6b093899efaf918fbcd6f8b6d05834f744e94805d402d6dbcc6bfc3ac81a67fe_segmentation.ome.tif,0.108333,3500000969,22615
347962,3846,TOMM20,M4M5,crop_raw/15511d5654c6edae5a30abf7699a11b55fae03fea2a70af1ffc6c26cc3a09634_raw.ome.tif,crop_seg/e302b470ccb681842687607d411fd66b1def17659f555db4a8894cde7244267d_segmentation.ome.tif,0.108333,3500001022,25781
322155,3030,TOMM20,M4M5,crop_raw/1b5cf28a7b0a32c81d0a9b31a30f7c1e045ac6a0c98d93892e99f503dc3d4e9a_raw.ome.tif,crop_seg/79b1ec5b73091b184325c5eb596044bdbf1cbd1cfda470fae922bb00374af6a4_segmentation.ome.tif,0.108333,3500000973,27991
349519,3895,TOMM20,M4M5,crop_raw/6c619ae034e867bc077662e720f9955942f0683c2fc34e10548c23b0bbdebacb_raw.ome.tif,crop_seg/26ba76f0f944127efd0acc4a9d1a80673cecf390160cb1f0f92627699c64e0de_segmentation.ome.tif,0.108333,3500001034,30292
932025,14314,TOMM20,M1M2,crop_raw/7774416ca26b82ff18cb2db4ae1bce5d100ac0d376f8d11df8fffbb1cd9bc46a_raw.ome.tif,crop_seg/26e7f6579c4c6e5fbdd7b9f8270f404469c9a2d7fa2ab8cb76a3c64a5c2b2917_segmentation.ome.tif,0.108333,3500002098,136134
318292,2915,TOMM20,M4M5,crop_raw/778c7f4e9e7c36bd76c6915ebc316dce511e5b95021f981fb429c06bb01fbf56_raw.ome.tif,crop_seg/f5f4466fc50fd71098cc0b748082c6b30bf11f8a2af1e41d7be97d9780353b62_segmentation.ome.tif,0.108333,3500000969,22612
320579,2982,TOMM20,M1M2,crop_raw/f545363264aa26c41df0e03d6dd537e7526ea174e668cd40000aa2cddf567831_raw.ome.tif,crop_seg/6cf5754f9dcb9c2de7647054a39bbb693703f2841f9a73e6bc1eff58383db0fd_segmentation.ome.tif,0.108333,3500000969,22616
320994,2996,TOMM20,M1M2,crop_raw/cc173737d2d7f36c2a3566a89d7eb6e1b0d6a86fb67c32e957ca877c5b397359_raw.ome.tif,crop_seg/d20b91c265831aa4071dcc9446e84136d750361093cce27722a2480855d477a7_segmentation.ome.tif,0.108333,3500000973,27989
341008,3641,TOMM20,M4M5,crop_raw/938e316df00895f5cd8da0f472cb7f3243a45a28e6c97a64ee10ec90bf3756b6_raw.ome.tif,crop_seg/a15d97be14763dcc6be34fbf40b34da3fc28836f8978854ddcb4000fb0df2b5d_segmentation.ome.tif,0.108333,3500001005,24724
273238,1396,TOMM20,M3,crop_raw/ddc5cc5b3614988f901437e78449410ac11c8b997b774a5bc42fd0f5ecea71f4_raw.ome.tif,crop_seg/2b8c1c6cdf122bf6bd6defd1e2c76fa4960681c51ede9b06fc151e4db84b1ce5_segmentation.ome.tif,0.108333,3500000846,11574
328758,3250,TOMM20,M1M2,crop_raw/98714419cf1d1d46efb6ecd6e44fdfb87ef28304e65cd126f332dbbc0d5990cb_raw.ome.tif,crop_seg/7943d3298a86f9082a514e27116de61b96c80c10f1b8598bcbbdae47e0832347_segmentation.ome.tif,0.108333,3500000982,28086
271501,1340,TOMM20,M3,crop_raw/bbc56e3ed8a771814b221c00a9d05c245f3241572c3632d1338e42f11ca9fc69_raw.ome.tif,crop_seg/e4ddbae11f02d143a4745b5291dc8d735a80e1a318c5a114c256e62227c848ae_segmentation.ome.tif,0.108333,3500000818,7348
259609,981,TOMM20,M4M5,crop_raw/8df5325f212d293c84d4f9343a2d9e5c5dfad7e53b5b6efcd2c67952e440e028_raw.ome.tif,crop_seg/bf820feba4064f90275b13df4d12bfea4462b28d17530d420ea7ace0a7f8ef1f_segmentation.ome.tif,0.108333,3500000801,6486
340162,3594,TOMM20,M1M2,crop_raw/889e501e6829d3e67ffb1a5a22abf2c12c7c01ecbe2cc2f1a99434f43be16227_raw.ome.tif,crop_seg/6b701b637be9e2ad7a6a6620e9522970453a2cb25ecdb10391378bf4b0993bdd_segmentation.ome.tif,0.108333,3500001003,24931
346134,3790,TOMM20,M3,crop_raw/03797a92683b0b27e622088c89da2a1f01fefc9c3098b067ea3073be6dd0c711_raw.ome.tif,crop_seg/b71607634f9f823f25dc622bf8919426d8056dff17d0f7433798778ac309cff3_segmentation.ome.tif,0.108333,3500001012,25216
344661,3746,TOMM20,M4M5,crop_raw/c4db94e11cfceba80532616250d6b1c02ca18238a4dfd706a7e6977c2d529c8d_raw.ome.tif,crop_seg/b0d3b7606e8545bd45574176c75a21a28f1846d09046969d22f7842e6c1a4b84_segmentation.ome.tif,0.108333,3500001009,29058
918180,14191,TOMM20,M4M5,crop_raw/f9ecf4453deec926d4066334d08d39ad470a0262dae26ec09b98a7ad10489bc7_raw.ome.tif,crop_seg/1850fadf3e0cf6d9f8d333330602065ba574f4816b92427ba2690027608c5f3c_segmentation.ome.tif,0.108333,3500002087,135616
346414,3799,TOMM20,M4M5,crop_raw/ae79c12ce404851057bfc8dd39c43e032b3a031304bb0d840a711adf8387bbd7_raw.ome.tif,crop_seg/288a54cf7ad73cbc1a6d98c97b7e1e6755336c80908b07c331b4aad573c4ff44_segmentation.ome.tif,0.108333,3500001012,25217
254359,830,TOMM20,M3,crop_raw/abd2160aa8222297da21a45d55951491ba444ddcae42f058e5c8e257f9f8c71d_raw.ome.tif,crop_seg/ddb835f5c02c3ecda4b4f54d8249ea16b7dcec8dd6fddc810483246d5d7dd007_segmentation.ome.tif,0.108333,3500000790,5908
326116,3168,TOMM20,M1M2,crop_raw/5a6cae89d2a5b16fa0a62eebf33de1095a1c1456760ae2a95e4a41aca2b5b62c_raw.ome.tif,crop_seg/a750eab7de7b85672eec7c3cca4073cad7cc00f990b7596df35ddd59bf20707d_segmentation.ome.tif,0.108333,3500000981,23382
953021,15101,TOMM20,M1M2,crop_raw/7e8255906cd5d37b8a8680da597176b64f39fad0da66798a8b610d85fa9a1e37_raw.ome.tif,crop_seg/2a86e7850b4828bc88b0dd8c703e8e238eb94b02b135b3c9bf9bc9de7deedf3c_segmentation.ome.tif,0.108333,3500002086,135526
275070,1448,TOMM20,M1M2,crop_raw/deb0eda017b058cbf7b74e94d61932666862da8635719de1d30460f307ff516d_raw.ome.tif,crop_seg/50173876bed8507d7862fc59f59df8dfcd139fbd59c3bb6e1e1ebcda22383e41_segmentation.ome.tif,0.108333,3500000844,11393
276814,1497,TOMM20,M4M5,crop_raw/cd31ae85d0eee0968a73fccd3b5eae60f513eb3450adc2f09ba539ba0281e8de_raw.ome.tif,crop_seg/cf602bc1cf60b2b83635a0d5bcef7fe66ec5a557749f183e9d0f241cfc3948d3_segmentation.ome.tif,0.108333,3500000845,11492
255784,871,TOMM20,M4M5,crop_raw/936cee627195c8949fb98a5d0bea0f5888ef100fcbab463850146d2a534c65c3_raw.ome.tif,crop_seg/d59138ffd41213418dd8999b4007613fd91f69d1b5aaef095209aae9eae7b99e_segmentation.ome.tif,0.108333,3500000786,5238
411807,17124,TOMM20,M4M5,crop_raw/8d7801f6e21b7a088c9f1a105b1b53ef7ac38f2e5dba844c92371e05dd3b848d_raw.ome.tif,crop_seg/0c99166e38ab49601ff04b2ac12b5bfd6d43a13987cedf8296dbf24453b7cbfe_segmentation.ome.tif,0.108333,3500001057,30390
408257,16743,TOMM20,M1M2,crop_raw/edd43e9dcbcfe6f6dccac97cb74f714f7729da8fabe627db7a07561a5c56ff20_raw.ome.tif,crop_seg/32145cec0145e7b375cbb471e8ac61855e00d31fc93a17ef26ea9be447d8d20d_segmentation.ome.tif,0.108333,3500000968,136710
322318,3036,TOMM20,M1M2,crop_raw/b4f66f54794b74d120ce2b22b8ddd524899c8de5f557ebe5f69b9b7955a1bfce_raw.ome.tif,crop_seg/0e218423b4e5ab4e17f27d4755838731f44621c47cc3dfe83eb64ec227111a36_segmentation.ome.tif,0.108333,3500000973,28002
271849,1349,TOMM20,M1M2,crop_raw/3cd366766214065d4f41a5e1eb3268228888411a2819180a6e767f0118ca4143_raw.ome.tif,crop_seg/bbe16b709dce7f5ed8a8569fd128d2cc7a46b148c4b3852118a542c2452bea16_segmentation.ome.tif,0.108333,3500000833,10624
315603,2829,TOMM20,M1M2,crop_raw/bb59dadddc487c44eb5fae760ff23deed4959cdcd8c3a860997f96ba4bce0ac6_raw.ome.tif,crop_seg/6a79eebd9bb9cb9be372b36e55d85b9c754ff987dcdc32e29b9ab5f9213d53f6_segmentation.ome.tif,0.108333,3500000959,22135
406557,16572,TOMM20,M4M5,crop_raw/f7be8414de2a85c4d168cacede43dbe68546628dab5bdc996ccf1de98378a9b1_raw.ome.tif,crop_seg/59d1186343139f23ca1dd1e32a39ddebbe23b5e30abd71a44a6b919defe66236_segmentation.ome.tif,0.108333,3500000968,136710
259059,967,TOMM20,M3,crop_raw/458d4514c37add5e7114bcd4c9466f86835fb6a7f18700a5217e69ad9bbad1b0_raw.ome.tif,crop_seg/3d49057ab81541eeeea2cc095781f886b772fdb0a8b9d2d972339955fabe5927_segmentation.ome.tif,0.108333,3500000786,5248
345239,3763,TOMM20,M4M5,crop_raw/677bf3cd9ea49794b2bcaebc88a952b1f71eecb46e4b46737cea01ee1e5007cf_raw.ome.tif,crop_seg/1872b21c1baa51243ec311083cfe699f5286e4b67c40b425cdab47a16ff7a345_segmentation.ome.tif,0.108333,3500001009,29059
411182,17076,TOMM20,M1M2,crop_raw/00ebf5050322a6e47755a02360a3cef8f97816ab68d272b8682f03b826b60c53_raw.ome.tif,crop_seg/f72d379d87eb198218aee4009a929c33f6716b39fef4b179fdc2f06bd4457a01_segmentation.ome.tif,0.108333,3500000845,11476
408954,16815,TOMM20,M4M5,crop_raw/dc00483988cfa7efcf1efca84f7e79da959783dfc3afd181c76295c29939c9b0_raw.ome.tif,crop_seg/d71aafbaa58e2048141055f986c81a5c592d0ad4335e1542da09a994f499bab0_segmentation.ome.tif,0.108333,3500000968,136707
254094,823,TOMM20,M4M5,crop_raw/d080b96ea389fdae2dd47697dda24b1c3a519563e043314a79843106bbf733de_raw.ome.tif,crop_seg/982c1e322b271c5d969ffcb76f14e7d99aefb97ad138f6979a851ed32a9505e2_segmentation.ome.tif,0.108333,3500000790,5912
330138,3291,TOMM20,M3,crop_raw/1183696215fdfb4df86a18d9fa3f7eba8f05f0265b1d836d53ead79a7badf722_raw.ome.tif,crop_seg/a8401a75c36c24dc38dd1a2d76a586c3c400553c3722e68dedcd06f48e0dcf11_segmentation.ome.tif,0.108333,3500000976,22915
268982,1269,TOMM20,M4M5,crop_raw/50dd1f9eea4be84dacdb1e61b98ac78c1063adaed3336dce157f1accf6673c92_raw.ome.tif,crop_seg/b7af62460b7fc398c2af861337fde9a99ece1cd6f3630cc00fdeec036a8d94e8_segmentation.ome.tif,0.108333,3500000839,7636
333740,3400,TOMM20,M4M5,crop_raw/3f362cca3893068ed029abb72863fa70051ed678f01b55459b0e43c131bfe39e_raw.ome.tif,crop_seg/4532e2a4b861ceb441fcfdf837020ae4edd53e9e5ed87cdc587105ddf055c414_segmentation.ome.tif,0.108333,3500000994,28759
275859,1470,TOMM20,M3,crop_raw/14f8a9bb851b147a1029cb645a4d4cdf7ec95ab14b2f697b637639a0cc2e4e6d_raw.ome.tif,crop_seg/72a8a2dc27416833242d4ac0c922b344b16422860a6b05db6a96390ee0af92d8_segmentation.ome.tif,0.108333,3500000845,11488
333010,3377,TOMM20,M4M5,crop_raw/ab00ca4136e73c2116e17c3da3f9e3b867ff2909f231caf612e9c08f7a226d0d_raw.ome.tif,crop_seg/3045209ee7301c2866146811d8544502019e6e906db5712a0e9e1794218eb594_segmentation.ome.tif,0.108333,3500000994,28770
327815,3225,TOMM20,M4M5,crop_raw/6403bb051a6c2eb2194d3c1eb903b97a413c191ad217078531a674e64d3916dc_raw.ome.tif,crop_seg/41f2bcd1918152ee0ec2bcba3940c0066a09b789155ef7675df1f9165a6d2f8b_segmentation.ome.tif,0.108333,3500000981,23382
255843,873,TOMM20,M1M2,crop_raw/f29c804d4d1a360e834771f942c9f34ad04a206ee66a6445d0d33f708a2aa39d_raw.ome.tif,crop_seg/5796217f4084f9456bcbab63b44071366b30ea3f809fe6d31738a90875ed8c31_segmentation.ome.tif,0.108333,3500000786,5238
315024,2810,TOMM20,M1M2,crop_raw/80ae7ef761b63a034ff29650d9eca842254255082f4f3908efd045b21be699f6_raw.ome.tif,crop_seg/3b66a2a0f08d6666dca82c346d80d90b8f13b6f863643082afd58d94d2390172_segmentation.ome.tif,0.108333,3500000959,22134
255222,855,TOMM20,M3,crop_raw/16eb492261a978cbd303c353fe11a338884ff4ed907524502308c1647c9d7fda_raw.ome.tif,crop_seg/eb73534922259c8ea09faf56f94002a336dcd76c68638cc8111465d2955aa507_segmentation.ome.tif,0.108333,3500000790,5923
331511,3333,TOMM20,M4M5,crop_raw/093216f041e43b56553efb0056d193b563c456fea146c948d5d8b4a4013cb87a_raw.ome.tif,crop_seg/54ccaa37d9d62a461fa5b0a01cf2d0745f7a2c76a87a2536dc4c559803f8f277_segmentation.ome.tif,0.108333,3500000986,23478
340407,3602,TOMM20,M1M2,crop_raw/062e98cbfdf3eb4e3ae310c62b0a4b17961c4c4bc7e35013888f8e8769271d05_raw.ome.tif,crop_seg/321de484ad49faa3ae3deccacd946d7cc5e1147ce0bab057721d55a8611d0cfc_segmentation.ome.tif,0.108333,3500001003,24931
324868,3122,TOMM20,M3,crop_raw/82c4a9210068b7e61ea6ee3c5ab916f2ac8660b01a0546455aad479a36b62c28_raw.ome.tif,crop_seg/43787a8ef6ef2da8bc1d7a08e17c7e7c63f2625b04da49467e5647bf8c862ccf_segmentation.ome.tif,0.108333,3500000961,22325
265940,1167,TOMM20,M4M5,crop_raw/bd2830d884714abca91bc616276a85895adb1faa97e2a1335f2d80aa981a5193_raw.ome.tif,crop_seg/ff040758691ad749fe99f3f4976d9833e7552e149ecc4fcc8f4f33f7ff7be7ea_segmentation.ome.tif,0.108333,3500000815,8980
253841,816,TOMM20,M4M5,crop_raw/7061bac15001e0fbd92e571ec9f919764961b80f57e0a8e529563e502153a916_raw.ome.tif,crop_seg/2c259e5b8960cc047e758161ccff27c278398ee943f97e3bff6a3a2b48be847a_segmentation.ome.tif,0.108333,3500000790,5910
338835,3557,TOMM20,M4M5,crop_raw/c1f8afef2ca58b0972e715dbefbca959c010cde0b4f226d5c6659251048cf4fe_raw.ome.tif,crop_seg/781a19c7fc47a111149ac3e10d60559c7dd5f10a657d46a80fa76c18d9b848c9_segmentation.ome.tif,0.108333,3500000997,24149
254599,837,TOMM20,M4M5,crop_raw/0a268cb6d913c0ec48999c97ecbfb1f0f663cad8c2ef7b83fecc8bb8069063f8_raw.ome.tif,crop_seg/5448fb2b97c824520d8257c3c4233d5750e3d5d3e06aca6df3773019f9a62b44_segmentation.ome.tif,0.108333,3500000790,5923
261733,1037,TOMM20,M1M2,crop_raw/f4cbdf6928938b33dd58e897612a9e543e8a7808bcb90053ceae63766ebc60ac_raw.ome.tif,crop_seg/476411d2a6491a72696a5b7d0ad917ff66fe30911a89a8682c197fa20f5f6fae_segmentation.ome.tif,0.108333,3500000786,5237
337487,3519,TOMM20,M3,crop_raw/416f569e30257d469f9447e788ea0ff3cdf7021d4eee90dc8c837038700486b6_raw.ome.tif,crop_seg/de0dd6454edaa3adb4c6deab69c2db9aee255b16feb20e1620b16a7be3ee9344_segmentation.ome.tif,0.108333,3500000987,23573
339927,3588,TOMM20,M4M5,crop_raw/5a248f8861322d02e6ec91135975a42b01783e68dc56a93132678c8660a34a7c_raw.ome.tif,crop_seg/a4e125f785e47c3879d77b3e6946feea0d89da1ff1ff11e2fac23c506844d74d_segmentation.ome.tif,0.108333,3500001003,24932
267832,1228,TOMM20,M4M5,crop_raw/b373cd4d24db6d3a0430535b58b7c92495d71de7e9f0cb91897508cc55d61adc_raw.ome.tif,crop_seg/2dc0d78389b284a32669b631a049767fad776eea967bd4dc31497a991a0647d8_segmentation.ome.tif,0.108333,3500000807,6775
400359,15771,TOMM20,M1M2,crop_raw/972cefe6eb382bc1b05db588a668023dfb31ee134732e7cacabebd49db56befa_raw.ome.tif,crop_seg/6378ad1e419d8eb4972f1a05c8123e1bfc494112d27466a62ba9294ac21d0f04_segmentation.ome.tif,0.108333,3500000968,136738
273711,1408,TOMM20,M1M2,crop_raw/f03a66d577b587145b034b6735ae0b8de28550a457f19aac2b80e31981528c8b_raw.ome.tif,crop_seg/c746953e2e8023f3e486a7bebbff008290337849553e13466ad66705688866fd_segmentation.ome.tif,0.108333,3500000842,10903
263285,1084,TOMM20,M3,crop_raw/a86fc4900456d1a05cc6e05aeca5672c70d81603f72494453c3a59fb0101bb8a_raw.ome.tif,crop_seg/bac21f93bfc9d0aa8ab0f0a90f8895cde678bf6ad871cfcc0ad601614b6a081b_segmentation.ome.tif,0.108333,3500000802,8694
328382,3239,TOMM20,M1M2,crop_raw/7338e85e046692a9623f478c3e3221e52453fb5a93340857d7e626d18816b593_raw.ome.tif,crop_seg/9fbac1399bd29b7427e27c848c204c5e68627f6542f663a533849626e7852fc3_segmentation.ome.tif,0.108333,3500000981,23392
269652,1290,TOMM20,M3,crop_raw/110ef296e93432d25f78e469bda50acc446405fae29b2e591f88bed9af4cb4d9_raw.ome.tif,crop_seg/1fe33475b0635151fa53732de47e2d66fd45d59e645a8c6464daa162d656bf38_segmentation.ome.tif,0.108333,3500000839,7637
270554,1317,TOMM20,M3,crop_raw/c5bfdea0b98dc225a2cdc4ffcf346252447fc6d577a36659113c33beb742179e_raw.ome.tif,crop_seg/f869528499a1fe6f83e7080e1e71df0be8e663f93dcf26514175a9025cef7ec3_segmentation.ome.tif,0.108333,3500000833,10624
337413,3517,TOMM20,M4M5,crop_raw/1b18f5f9fdc40bd2a974d9413d8c5b2884d0155517cbb4b519f152e3fe7b66f0_raw.ome.tif,crop_seg/ee376e6c0ec9ecbe857b54376dd50d5650db1ea46b5d3dbd78cfa86526deb80e_segmentation.ome.tif,0.108333,3500000997,24150
403618,16218,TOMM20,M1M2,crop_raw/5e7d226c548423ada679de64a1f6ce8d062c76916d15e183ca75c0841c0c6f43_raw.ome.tif,crop_seg/0c33dd5cf7ae72a62efc8c225bc29bc158d5ef8046a4fe26ac247d10ca6f30c3_segmentation.ome.tif,0.108333,3500000964,136723
325245,3133,TOMM20,M3,crop_raw/924940dbff47d3f37f554e1f6e96152964e3c4323129208d6da86a05177b604f_raw.ome.tif,crop_seg/e5b16f8d97c8d5feb0bcea2c30f2ce7109e46affe6d9a1eda9e9c02b734d6d97_segmentation.ome.tif,0.108333,3500000961,22324
258866,962,TOMM20,M3,crop_raw/4a2c86cb97dec6997d6d778feb1281ba8e44f106b6dd49909f632af7b5b4a32e_raw.ome.tif,crop_seg/2ee74b007a408c207176ca8bed77f0e8573e6887c68ec307238e9eb0c3cc6045_segmentation.ome.tif,0.108333,3500000786,5239
271627,1343,TOMM20,M4M5,crop_raw/f5ba1859c43d36f1114a8d41691966ab409ebe2ecbd36cd8132616e2631e7cc1_raw.ome.tif,crop_seg/ffd4d4c7c49e6894a47e72334b1c1a93e460ed48589a5516e3bf06bc7bfdf293_segmentation.ome.tif,0.108333,3500000833,10615
275778,1468,TOMM20,M3,crop_raw/6195f578777dbc78da2e5834822d0b9eb65eaed047bb6312e60cf2671171420c_raw.ome.tif,crop_seg/ccf3fbad4b8249cfa307d929809d6e69a7a100b119087c58fa1a15a42e9e0d9c_segmentation.ome.tif,0.108333,3500000845,11478
335107,3454,TOMM20,M1M2,crop_raw/2477d8577af524d8a3170d95c9b9c8ebd7167bde2913a71f8613b3bcbb898f52_raw.ome.tif,crop_seg/74e2d89afd83c849a6fdcd8b1f9e609f29f0f8c48fd087c83e7c5d9cc827b580_segmentation.ome.tif,0.108333,3500000980,23286
348001,3847,TOMM20,M4M5,crop_raw/88d3f2d83b7d46344c41a0b81e36fc87bba6fbc2c69053c533b7cbceea2824c9_raw.ome.tif,crop_seg/189a1d81a50741495987e1aa2e7673eac21326c3dd29d26c4348d75347c1255f_segmentation.ome.tif,0.108333,3500001022,25784
322433,3040,TOMM20,M3,crop_raw/a884ac03f464a5ce178adfcfda09f002cb180338617ab72d78d7c94737670b24_raw.ome.tif,crop_seg/5db023473a6b0c5299e65c7cb7df0ed8a7d972450304e1e1e829a705d6089e73_segmentation.ome.tif,0.108333,3500000973,27991
337237,3513,TOMM20,M4M5,crop_raw/52be616cd92d1da86829880d9f182f243afe14277c136d3ebb6de12aeb11b52d_raw.ome.tif,crop_seg/e4de50bf128f0ffb367aa1dc7e946b5a5a625ef7b6d34bafafbe75008baaca9b_segmentation.ome.tif,0.108333,3500000987,23573
271024,1329,TOMM20,M1M2,crop_raw/716bd144f05f71b5afda6fdecf3c32e35e42c38379271ae6c205675a5c21383c_raw.ome.tif,crop_seg/c5d5df9eb9eca76e96be78b254433107cd0a4f4959f75a680bc68b77c76a347b_segmentation.ome.tif,0.108333,3500000833,10624
232206,32,TOMM20,M1M2,crop_raw/5b5f72fffcf2e4fe7cd51f80d4c68e07c90bc1515e44a93eaf68615e601d497d_raw.ome.tif,crop_seg/915187445b10ac87ef59c052f5bde005b8f6a1fae4f38d3bf6a1fdd38bf9becb_segmentation.ome.tif,0.108333,3500001004,24821
327220,3208,TOMM20,M1M2,crop_raw/f8ea1f5466b1eb2a2f587b802a2a33ac9a30567f22ac5479404d423059483e0f_raw.ome.tif,crop_seg/8d66b0ddf1e1c822b417914e67a09bcd83a6c33f1ff09bdd6a533bea5a9bb45a_segmentation.ome.tif,0.108333,3500000981,23395
330637,3308,TOMM20,M4M5,crop_raw/77a0f05d9c69bb124c8864bdfbf062fdfd6e963ed8d36680a8c7659129a9076e_raw.ome.tif,crop_seg/3298e20801a83266d8102ae30e5625b4536069a147ff90c16a8fc4e7c8c252c1_segmentation.ome.tif,0.108333,3500000976,22912
317947,2904,TOMM20,M1M2,crop_raw/c5d70611ef410c8d730c3197fa27933569545535060f5ce7dce0bb8acc63803f_raw.ome.tif,crop_seg/ed9cd6d5bb7ecb5be117cdf530a09ddabe356fd8e0b1d851dd5d569dc8d7b688_segmentation.ome.tif,0.108333,3500000969,22626
347530,3831,TOMM20,M3,crop_raw/662793a36d0092a67bef56732207c0f6b077c6502e51083f1133844194a99359_raw.ome.tif,crop_seg/36c65e128fa12e851671353321cecb938a7d8e5e5935c101faff7bbfa1f0b368_segmentation.ome.tif,0.108333,3500001012,25205
331971,3345,TOMM20,M3,crop_raw/525895e7de4e7742df00dab9ff6c590cb23ec334965d7c9c7cbab350bb56124a_raw.ome.tif,crop_seg/9ad46b9f769279a8ef8d5d490b8906be09c2f5eaa26bb43feda7ae1135e2deae_segmentation.ome.tif,0.108333,3500000986,23476
269818,1295,TOMM20,M4M5,crop_raw/11c2fcf5fc85ca25cdf16b189e71ae7f56ab8c5bc90aa1849861a3b9a1a183c1_raw.ome.tif,crop_seg/95491cd2876b16599b94d3e94db55c12fe968f9b60857379bcccd2cba894b22d_segmentation.ome.tif,0.108333,3500000833,10624
256023,878,TOMM20,M1M2,crop_raw/ef446dee6c2ea575058836e3d320c13758a2acec49d00c4cc75be93b9e13f193_raw.ome.tif,crop_seg/bad9dbe34c6813dfe0fca23ed79e142b3e65e8186148d28c3892451d5e4d846d_segmentation.ome.tif,0.108333,3500000791,8214
263685,1096,TOMM20,M1M2,crop_raw/2af7bbdc75b38bcccf7c6d0f53a74924f102359fbe3243e2c5cd5c45f566f0f4_raw.ome.tif,crop_seg/c3a8351552d18bf8dad12ec07694bbf1239bd04d2272b7a7a6ec46227a69bcd7_segmentation.ome.tif,0.108333,3500000802,8692
254887,846,TOMM20,M1M2,crop_raw/82d947e77110ee674ab85ca5618025c0a647372fa53366d95683be62c3054077_raw.ome.tif,crop_seg/8d058cb18da13322f50acaabfd83f2f9d2adbe30925e1aa74176b3f078c61a37_segmentation.ome.tif,0.108333,3500000790,5912
264504,1123,TOMM20,M3,crop_raw/5ee537bcda049508b86084320c65574af1f9a7bf06c1a0fb0f7cf341705b63d4_raw.ome.tif,crop_seg/e57b21b34feaa4d0ad9b81965cbf706b7dd8dce890bbc6b11b6de0af2dd3e83b_segmentation.ome.tif,0.108333,3500000812,7158
254432,832,TOMM20,M1M2,crop_raw/df803a687604b6e6e0a47945da8bb073aa7860d72cf9fef639232189fbe4dea5_raw.ome.tif,crop_seg/3d00a5380354dbba463b75e283628b65974135d41bcff1f631c856b3f8cc9bf5_segmentation.ome.tif,0.108333,3500000790,5911
321210,3005,TOMM20,M3,crop_raw/72cefe1bd04fcaf8d320cd15654081a44ad3e0652b96b515a4dd41b6a859e170_raw.ome.tif,crop_seg/06fc7084233016045298bf5016edb3d1bd3adcc8dbdd847960f01fe03ef198a3_segmentation.ome.tif,0.108333,3500000973,28001
269317,1279,TOMM20,M1M2,crop_raw/d7803d550d9d2df45b1770203eb5de7cfc89fe6db4793d74b830eac550e12003_raw.ome.tif,crop_seg/4a5691e1a0c2dc525aa36f775e713bc63934dc3e4044003419ef89318cc7b805_segmentation.ome.tif,0.108333,3500000839,7638
275521,1460,TOMM20,M3,crop_raw/159868b3eb59e8b47bf867a41ebdaabf4048999bc71505b4766052d2b30e3265_raw.ome.tif,crop_seg/24e24d416e3193dc2d4d0393067e1597f85274898fba1bb9e59b060ad064b1cd_segmentation.ome.tif,0.108333,3500000845,11489
337768,3527,TOMM20,M4M5,crop_raw/c95a12e68d814aa4595fe405f671c7c6e9de2eb574f6eaa43b4ffc0eb042bfb1_raw.ome.tif,crop_seg/73e37a71723f9fdc642ab9d86f2bfe6034bcce44c2f936ca1e9765224c8bb987_segmentation.ome.tif,0.108333,3500000987,23573
317451,2890,TOMM20,M1M2,crop_raw/063b58694094e94160d51d2bde6a90fdfba7987cf097097f37d57be2871172b6_raw.ome.tif,crop_seg/207f61bec32012ee906b87a1543422d8105d79df3cf66a86c6e4189968460f26_segmentation.ome.tif,0.108333,3500000971,27809
276726,1494,TOMM20,M4M5,crop_raw/0ce79a6ed288d4e1ff46df505448e4f101397cf5a0f177b6a2718f8f625738ae_raw.ome.tif,crop_seg/8c5ae722bd61452649e4e61cefb118696cb918907e38784217d19ce708153b78_segmentation.ome.tif,0.108333,3500000845,11490
260992,1016,TOMM20,M4M5,crop_raw/eaf1a3c8a9e8d7aed29bb0dd4abfe1421e0878db85599ddcaddc83010f6999cd_raw.ome.tif,crop_seg/31c215a428aad65f856a297bd02d3a0121e644eb381b58e93cfe1fcdec83454f_segmentation.ome.tif,0.108333,3500000786,5237
332882,3372,TOMM20,M4M5,crop_raw/77c8d78b314c22a019ed4cdf2f10893db4d55c23e68496ef690e13b04eec2b2f_raw.ome.tif,crop_seg/56b182bc49fb83ed6495003c155d41f4a47f1e835f983a2215a6f13334924523_segmentation.ome.tif,0.108333,3500000994,28769
255908,875,TOMM20,M4M5,crop_raw/5b265861f1a48d8c372ab55f9ca2193538b9e7726d40dc47be7987929e15ac4e_raw.ome.tif,crop_seg/f642e3fdc80c6ee64cff34646459935a1d31efbed86a6f9fb1de85da45df2b2b_segmentation.ome.tif,0.108333,3500000786,5238
271421,1339,TOMM20,M1M2,crop_raw/f11d3bce19fb0b3fe648a71aab96f7e2f99dd2e8f9b13267f50173b18c8f1a80_raw.ome.tif,crop_seg/03a6f728cdb9e9cf4cab1dd6255c68db5d133e6aa829ba72a36a859241cb6ea8_segmentation.ome.tif,0.108333,3500000833,10616
964305,16043,TOMM20,M4M5,crop_raw/c01322817a16f1d23e0f0e9d8f741f8e33ede7c3c29d0eaea9de413cdc5d9633_raw.ome.tif,crop_seg/c898b17e76670c25028c4b1d19c1ab6893b49e44d33b757099760db73a33b167_segmentation.ome.tif,0.108333,3500002099,137955
270621,1318,TOMM20,M3,crop_raw/717485df6740cd9d8f2aa35708826f17759c4c91f3947173ee5450366214d395_raw.ome.tif,crop_seg/9840c9f66a63d9d25225dfc886f83f61e582018652173570d1f2ae3a4a462939_segmentation.ome.tif,0.108333,3500000818,7349
326091,3167,TOMM20,M3,crop_raw/423cd11a2f504e149156520055dfe4af51ca6e5fbfdc634365f69c1d571d2b8c_raw.ome.tif,crop_seg/4562d518921ddafb0b26046de036a5f3ba046756a3d2b5f523454787b0ac3424_segmentation.ome.tif,0.108333,3500000981,23383
342450,3681,TOMM20,M4M5,crop_raw/7358ef544cce66b3609d0785c0bb09cdf9792c15f439697adb0f15ac1a79c0b9_raw.ome.tif,crop_seg/5e5c4412668a01995c9a729c3cc37591e8427cea0570fabb703e3729e36ff9fa_segmentation.ome.tif,0.108333,3500001005,24739
269070,1272,TOMM20,M4M5,crop_raw/5cac6ce417d8b4c0e6b5e085cd6d6e02728e95985821b76f6ae1764064bbb482_raw.ome.tif,crop_seg/8ba5217efcd3311b2ef413aa8b762ecb3e40bdc51ac54a4fa540a4eee0e1b12b_segmentation.ome.tif,0.108333,3500000839,7636
320357,2976,TOMM20,M4M5,crop_raw/cda3007627bc27a105b8cea223960a1112107d8c63c3e5974892e5f727c8e985_raw.ome.tif,crop_seg/df815146dad64dc8fcdcead02eb56a7ead564caacea882ded65ad63cdfd84f74_segmentation.ome.tif,0.108333,3500000969,22614
933159,14333,TOMM20,M1M2,crop_raw/99d1214d546519d5ce48bd6ff204ff793fd99697c90fb7bbee9bb75ce8c8d1f4_raw.ome.tif,crop_seg/583f6bca4fd582a6f6f9728175d33471925d168b5dd6f041e10abb330e39344c_segmentation.ome.tif,0.108333,3500002098,136132
325663,3145,TOMM20,M3,crop_raw/85e291f22133f329f04b301e34046e81a898c1c54360f8ad081e45a5aeb873f3_raw.ome.tif,crop_seg/769d98bc660d360c42f4ba13c28382a0bb1a34536f4dbb5b61036cb8ff42cc2e_segmentation.ome.tif,0.108333,3500000961,22324
333104,3380,TOMM20,M3,crop_raw/01bd5af2ce55abeeb03895f8b3d82184fb2f7c1145f1102c637881bfd21e1e0a_raw.ome.tif,crop_seg/907acfd9fe93d0ae8cfd9235a6976b5a6c3bdfecf1f245828bc7b30a41ea96db_segmentation.ome.tif,0.108333,3500000994,28759
253911,818,TOMM20,M1M2,crop_raw/974614246b0c89729ef5c261feff966e17672080126de8e4d413da2f6fce395f_raw.ome.tif,crop_seg/eff725e4ad5bde68e32e5001b533ba046dbfa096c056e6ed26b95fff5f591e5b_segmentation.ome.tif,0.108333,3500000790,5908
332295,3355,TOMM20,M3,crop_raw/a3e6e244e780c27472403867d6837b052de8917120aed050928c0e068e7dcf15_raw.ome.tif,crop_seg/5b7899d88f9721c068145bf3fb5733db72c6e4545704d356e7988177cc6980da_segmentation.ome.tif,0.108333,3500000986,23476
343986,3724,TOMM20,M4M5,crop_raw/e6b056a92b75e2233f07f7718366de6f88f685886c522b6e29a98ce8df478bdf_raw.ome.tif,crop_seg/921d81c551b9466d3eb1d93e9e7adf263282620b14e9df33a4b34ad13524114d_segmentation.ome.tif,0.108333,3500001010,29153
271927,1351,TOMM20,M3,crop_raw/80874f0a323b418cda0c79a7bf6bb656548208a4eb1cd3859f77540a515a21a4_raw.ome.tif,crop_seg/9223108b26a5d02b1e60db607c2b419b9fa6cc47e00cdc6b5dd9c3ab3f029338_segmentation.ome.tif,0.108333,3500000833,10625
322996,3069,TOMM20,M1M2,crop_raw/2c597c31042a3beb0f9712c74f261fe0d8d742e158239387041928e7c2bf26a1_raw.ome.tif,crop_seg/e133f0181149f29ea60959ca9256f6ff0d3a113ded84fc105b9f12f86481f32a_segmentation.ome.tif,0.108333,3500000974,22709
266351,1179,TOMM20,M3,crop_raw/091d4aeb0f32d87e78559d5e09558ddfa117b010824842a1dcae7dfb899ba9ac_raw.ome.tif,crop_seg/7f0d8f877f254b5f2eb808c342371e84ae8c28037927913a9f822e4afeacb95b_segmentation.ome.tif,0.108333,3500000815,8981
265463,1152,TOMM20,M1M2,crop_raw/c34c2a82c0b89024323445b5d7aabcff0ffb4840f86f6455d00ab19db5150c6d_raw.ome.tif,crop_seg/8724e452778126a829de519bfbb7d2f3cb74a90978c31fc23ba2c08b5be0aa85_segmentation.ome.tif,0.108333,3500000815,8981
336449,3492,TOMM20,M1M2,crop_raw/f4f6b7070f90e42e8dea2522d6045fb33359097e190829bfeec3662521cc4c61_raw.ome.tif,crop_seg/8af4d7071a4c41fb87ddad4b18db3e6d11ff41b543b73bde997cfa74616b7c46_segmentation.ome.tif,0.108333,3500000987,23574
265681,1158,TOMM20,M4M5,crop_raw/58d74d8417f964d379adba61cfa44667645876d3dd65ca6a2b72b63d98b889d8_raw.ome.tif,crop_seg/594c68d3d34e55b2c3630668e3494b1004ee6936b738beaf97aa20ce872df0ae_segmentation.ome.tif,0.108333,3500000815,8982
276973,1502,TOMM20,M1M2,crop_raw/9cd9952e9e1685903405b7b7efe9974f94795503bb6f94c24035d3138d18dcdd_raw.ome.tif,crop_seg/daae70d597690bca42d7111d9a377c3f7853780513a3eaf4a5ed74ef20c6c5f3_segmentation.ome.tif,0.108333,3500000845,11490
277039,1504,TOMM20,M4M5,crop_raw/8884bcac8ed048ed6830024dfe68751aafd5584aa0a89db53b71d85f0108ed00_raw.ome.tif,crop_seg/296aa76e04654ceb533f2271c121b041e6bdbde2d711e887e712391a2a1750e2_segmentation.ome.tif,0.108333,3500000845,11478
261067,1018,TOMM20,M3,crop_raw/c9deefdf814799c5f53591b0fcf644de1ad7f145a26e1f9f23ff871abc8a559a_raw.ome.tif,crop_seg/b2628e2d9973805034d6c2301d3b01239284ac1763e4d51239d6ce4a0990fef7_segmentation.ome.tif,0.108333,3500000801,6485
335973,3478,TOMM20,M1M2,crop_raw/4847307760e1baffd2b9cadfc3626a3a320e3be92aa145d150ae392ea600372a_raw.ome.tif,crop_seg/5e97c4518ad9d7277d06ddf8defd79aef074b10ad406cb6535a07281330ffe15_segmentation.ome.tif,0.108333,3500000997,24160
323721,3089,TOMM20,M3,crop_raw/039632fe0481df631ddd1f5f33fd2da75b7aa03b791a77d7aec8f04e057d7675_raw.ome.tif,crop_seg/8bb3ce9fac1efbea92628af188491bae885a6cfbf3e7ce9959088312af831b2d_segmentation.ome.tif,0.108333,3500000961,22339
339341,3570,TOMM20,M4M5,crop_raw/31d9e96c092169adc0096429d2c5b950b7e117da018f2ae262a94c2c98987fd6_raw.ome.tif,crop_seg/e058b5f4da16ddfa9fb6a8b8a29498159af194590e3ef318b9f83bddc5731f0b_segmentation.ome.tif,0.108333,3500000997,24160
270009,1300,TOMM20,M4M5,crop_raw/bc1cbba3c4f928e875691082e458e2c89f99b34ebff9a17e9b895cfcf222c7f7_raw.ome.tif,crop_seg/31d92b5b4e8ed03d4523b7a74148c2e4c6ace026096472de4d33e56dbafe4710_segmentation.ome.tif,0.108333,3500000833,10624
280084,1600,TOMM20,M3,crop_raw/2b38b95ff22c21ddf5d1c04a291fa2ba0a94e1b08b1ae30024e6c09f6aafbca6_raw.ome.tif,crop_seg/d56e773130580a376e0c604b6c13daa29a6aa5bf062a9e4ed70d19defdbc62a3_segmentation.ome.tif,0.108333,3500000847,11684
933268,14335,TOMM20,M4M5,crop_raw/a6e2100e415f43182e5dec4413a92bc7156a5b647ad7eb5a7f977cd9eb4702b7_raw.ome.tif,crop_seg/871d12bda43dee943eed96fb5ac688471c6a76184fdd9d727ac7578712f92288_segmentation.ome.tif,0.108333,3500002098,136131
275551,1461,TOMM20,M4M5,crop_raw/5714f997b6f42abc8bbef366b581d277765516696cddc7c667a7d762285267ed_raw.ome.tif,crop_seg/f036c6c4e7d08b7b3ed158c99e434421e7bd2206c4c83faece4afedd55c13e91_segmentation.ome.tif,0.108333,3500000845,11480
328126,3233,TOMM20,M4M5,crop_raw/e883d115a62d7e5638287c99b7d31cffe954e3c3edddf237582c3ec7ca85386a_raw.ome.tif,crop_seg/7d61d7240fe3fc31e96cf91203b264913d2a67b42d07e4efe0a38672217b74b0_segmentation.ome.tif,0.108333,3500000981,23380
275676,1465,TOMM20,M4M5,crop_raw/092d3e04b9a721475bb429e601ce9d75d984fb3154b36fba8e2dd1bf62db0f56_raw.ome.tif,crop_seg/d4bd4d0f07a1b551203534c1952e0d9db0a1fed45d02661df76d3f509a596964_segmentation.ome.tif,0.108333,3500000845,11478
921498,14208,TOMM20,M1M2,crop_raw/9e3537b41f06e6697afc4496a2f02a9e09d3074c8376a2a2b0279426950e6693_raw.ome.tif,crop_seg/a09f3b873540177d5f2f823723df0e3ae0d457eaac08daff542e33fa6a6f3f83_segmentation.ome.tif,0.108333,3500002087,135619
338043,3536,TOMM20,M4M5,crop_raw/51061b925d9eadbcc2122811c1358c7452f72b383eb50e58e868e4383d7eb550_raw.ome.tif,crop_seg/31aeda321624f40d9864196d48645a352dcf192398e95e9e2ab53f1b64d78f31_segmentation.ome.tif,0.108333,3500000987,23572
333944,3407,TOMM20,M4M5,crop_raw/7eee61b4d1c4a34e43daa45fda275781dfe23b6e9efa9bff02dd8e204fa54406_raw.ome.tif,crop_seg/3bf2342db058174e16247d628425068bab1b61634c556cdbf582ca183c1c8a89_segmentation.ome.tif,0.108333,3500000989,23764
264036,1109,TOMM20,M4M5,crop_raw/5184b83d2b04c30ce04e10c63edbd283724e9ff315c648ae671b2ec9cc6cb586_raw.ome.tif,crop_seg/e3bc8e6ae45aab308c6cf49c799a205d5d486f24f4e169f9bf97ad99cd9d9e87_segmentation.ome.tif,0.108333,3500000812,7158
341127,3644,TOMM20,M1M2,crop_raw/543fb3707e8e7544ae304da72216eea068ea98c270eef50b5db239c7bdafb5e6_raw.ome.tif,crop_seg/36a373cfbbc85b5a6944426a952003fb3024dfb51574f373ce565e8ff086507c_segmentation.ome.tif,0.108333,3500001005,24739
268613,1257,TOMM20,M4M5,crop_raw/44ede690da3715f4c74be4a5fa33eb4ef4c216ea274af641f8d201d4a609187b_raw.ome.tif,crop_seg/6e30375280c699383123169d18b5e32aaa628e80522c5d43ca9d64daeb7fba90_segmentation.ome.tif,0.108333,3500000839,7651
270083,1302,TOMM20,M4M5,crop_raw/d6ec41adac3d3f3e11482b4a5f417c0e8013c901d9a46687b8be8e284544ea8a_raw.ome.tif,crop_seg/263825a25654f9371001a3a06005b19293c3e01aee76cd32a98016874f6b3fb6_segmentation.ome.tif,0.108333,3500000833,10624
326635,3192,TOMM20,M1M2,crop_raw/9af98e48ffdd823f287407654607267d10537b96f90499f448d8779688fcea06_raw.ome.tif,crop_seg/26bc8572e716d056935110c87d603abd975a1f5c33986f906f1e776f740872e7_segmentation.ome.tif,0.108333,3500000981,23394
321287,3007,TOMM20,M1M2,crop_raw/f5f7647e09f3ae90090affff3bd0a579d5aa8b1e66323263fa8598f9993cbe50_raw.ome.tif,crop_seg/d404fc055c756ef6cef962506915669a443104cc50663b14598f3e118037e79f_segmentation.ome.tif,0.108333,3500000973,28002
270894,1326,TOMM20,M4M5,crop_raw/80905f4f19289f3372f6169a46d6722f48e8b4da453b8cb1f99c932669daf7b8_raw.ome.tif,crop_seg/ec5ae4bd295c7ac56174ae3ede940f06e7aea0e55fe66d66e8753b91f14a8eea_segmentation.ome.tif,0.108333,3500000818,7348
257748,929,TOMM20,M4M5,crop_raw/5cd5db741fa3d011c7d39185727d034a0ce0db7c14d38c9d7d09bd215f581098_raw.ome.tif,crop_seg/95b09f2d57c7cbe1bdcc3782f6a56054b194d8af104aa1c10a65b830b723467b_segmentation.ome.tif,0.108333,3500000778,5140
327124,3205,TOMM20,M4M5,crop_raw/dad45d78b422b58d42e856dbc73aca89c14086ede4ccd2220eb535a356118e4c_raw.ome.tif,crop_seg/ee4233e090d6dc5e3cc8f5ceacb23653267c739cc184de5b56d7edcff625c411_segmentation.ome.tif,0.108333,3500000982,28088
326325,3175,TOMM20,M3,crop_raw/755eca72e4a8a098f9bd71439b7df6f8c22b8e3cb5a533359621f9eaa1f212a1_raw.ome.tif,crop_seg/245ac1327b9cf3a07f29f0a27b5fd97c5a8216935534fff818eb6ce6c9bb900a_segmentation.ome.tif,0.108333,3500000981,23395
265275,1147,TOMM20,M1M2,crop_raw/00c9e35cf717c8f9ceb14a2ec561c8d5d24e85d359ed1a0159c691b50f18a955_raw.ome.tif,crop_seg/ff34cc72e9b5c75868bdd49148a70ac7d912bcca99f2a44f542314d78baa5a8a_segmentation.ome.tif,0.108333,3500000815,8982
407448,16668,TOMM20,M1M2,crop_raw/41cdde9fc773eb623859f1d4ab6b05f666a6f094ac6f6eb8685a696efccfed2f_raw.ome.tif,crop_seg/752500edfe3f5255484b8d8bd28f45b21615341beb461b0b8dcd505fac8d7546_segmentation.ome.tif,0.108333,3500000968,136710
320258,2973,TOMM20,M3,crop_raw/972c71f5dd19d9ad70acb8777c7946f6261857480224b33eb628fc0860021b6e_raw.ome.tif,crop_seg/8dc0571a0c5a5116808fd7c5c7fdce3d27cb6e86ff049a8cd0c9b13e08576f3c_segmentation.ome.tif,0.108333,3500000972,27904
341263,3647,TOMM20,M3,crop_raw/4934a4af6784fe7451b1d276c8f153ea98495a4e5516cf1b581096810937a3f0_raw.ome.tif,crop_seg/3c567f14850c950017ff745632cb3df100870afa82f6feff89b1380e3d1169d9_segmentation.ome.tif,0.108333,3500001005,24739
231725,16,TOMM20,M4M5,crop_raw/c387b28d3cf0dad9183d9fe4a6a253474497b4798b434105957baa6ef2daa33c_raw.ome.tif,crop_seg/714e72fe6700bbe0b8a897919a8310f5dd4d82df107a3dc3150ca6f4914252dc_segmentation.ome.tif,0.108333,3500001004,24833
397322,15374,TOMM20,M4M5,crop_raw/2d25fb62f28f2a24f389eaaa2357ebf7fdcf931f110069058b0f782114258a65_raw.ome.tif,crop_seg/ded372ccc8abbbd3c4783b05907b2e568029fbfbaed2c1a322a0228b5f2d5f44_segmentation.ome.tif,0.108333,3500000968,136708
326378,3177,TOMM20,M3,crop_raw/4b9b7ba80ab45c155316932e4f4a8d47cb836e9446efe1fccbf1d01903d8a03d_raw.ome.tif,crop_seg/1473b9808d089bb1e88691c9ed77d4eb8e5713fa6b841e622a6c14a5e169572b_segmentation.ome.tif,0.108333,3500000981,23381
350144,3914,TOMM20,M4M5,crop_raw/1a162ffdd5bc7dbf4c402002a1c6fdc8bc91df56df5d7703594912788380c7da_raw.ome.tif,crop_seg/67e8b27d95d3baa13a55c0f37f7fb2a96461d331959bd813898710a9045ff260_segmentation.ome.tif,0.108333,3500001034,30293
399046,15618,TOMM20,M1M2,crop_raw/a7f08d8a1abe7af8f566afab0f9620d74019b4e1d05ec94ec1e06b94743840b9_raw.ome.tif,crop_seg/fbe05b4a6a6978d8cffe059090700c3d3dac3d97f95acd67ea20489fa28aa8bf_segmentation.ome.tif,0.108333,3500000824,9748
324981,3126,TOMM20,M1M2,crop_raw/17850ce8a27460588624609fd6d81964b00acddfb86e2352b042a732a226ccb0_raw.ome.tif,crop_seg/580757e8cc1f19d8b1aa11874bfcb63c3c43b5cc7ba45831177d94a77aa9d8aa_segmentation.ome.tif,0.108333,3500000961,22327
265922,1166,TOMM20,M3,crop_raw/af573566b58a3a612bdb0a59e774169b5723015cb0b918abd8d11a61cf45001b_raw.ome.tif,crop_seg/c273ff1f1390e754ef0eb2a796a64f9b8212e2f5944fa28c2256d5bac85370b4_segmentation.ome.tif,0.108333,3500000815,8981
400164,15754,TOMM20,M3,crop_raw/6f845d44d29b22be341722705820e067b430a7981a4dcfaf53e485ee31e0ad73_raw.ome.tif,crop_seg/cc252e51b8c467233b4af6ae18a78413807a8d83752cb21b27145418b6c5a08a_segmentation.ome.tif,0.108333,3500000964,136719
326696,3193,TOMM20,M1M2,crop_raw/6775ed5d91c63831efd1bd5f097bf3d4d8d4f009fdf93ad3a9f81a2530a3caaf_raw.ome.tif,crop_seg/d19a223b11eede30bb88befec230a1f68360c35fa10b2d78273a1f59032af13e_segmentation.ome.tif,0.108333,3500000981,23382
324288,3105,TOMM20,M3,crop_raw/6f2a171fb01e73b0ed532c8f5fb1476c668cb0acc0b25def244a5d5239737405_raw.ome.tif,crop_seg/bac3f2e95304ebd93f9a215a142a56d00b71091d83676587f1c9aadb9197c008_segmentation.ome.tif,0.108333,3500000961,22339
405177,16411,TOMM20,M4M5,crop_raw/0f968e6fc5c692e41e67fc9afa48bf2d21fdf30caf335da3214dc60a0a8e0615_raw.ome.tif,crop_seg/239846cca043da80d3e73da041a2b58162ec221d7e796f3642e4323a704048b2_segmentation.ome.tif,0.108333,3500000968,136736
325727,3147,TOMM20,M1M2,crop_raw/4b70bdd02932ced06bb72f7d16179a0d7e7807dfa7896d744afd5faec80b7ae4_raw.ome.tif,crop_seg/c7cae6719990953c5bcaa26cb619e2a85086b0d28a17d786813a5dd14e4ca2f5_segmentation.ome.tif,0.108333,3500000961,22326
406982,16611,TOMM20,M4M5,crop_raw/3f6e86104a7eb65b2868f32bb9facc2714f7e4c7af0aa55b5c3ec5abad979769_raw.ome.tif,crop_seg/75f4677a35fda9e50ab050c6a1bd03fa7bcee4291a2d6b8c16760660e4be8d2e_segmentation.ome.tif,0.108333,3500000824,9748
350658,3936,TOMM20,M1M2,crop_raw/fafdd64a76d21f2f84807517a14cca4659fe5558000e6cb60a60b93f79bd8562_raw.ome.tif,crop_seg/71ac7a6f42f459360d0f2d717a3ae2c779c465908f2e290cf31d6a994dece718_segmentation.ome.tif,0.108333,3500001066,30677
269289,1278,TOMM20,M4M5,crop_raw/ee833c89f672de94361b048bfe99eccee74e8531fda549f394a8cdc60a176183_raw.ome.tif,crop_seg/e6bc3ab1c120fcf7f75b7b4cca2466d2b1219e9882cd2ba754d072518e728c82_segmentation.ome.tif,0.108333,3500000839,7650
346903,3812,TOMM20,M3,crop_raw/c9dc0cd4592a48ff50e1ec1e96dd2b5aaafa144516af9fce3c7e234c2af1d5c4_raw.ome.tif,crop_seg/d90735ead7fe5d29fba5b05aeb9c8538405ac1bed1bb38305aea9f2831e2239d_segmentation.ome.tif,0.108333,3500001012,25205
324595,3114,TOMM20,M3,crop_raw/c7c36e30c1139dbe58be34f774f51f2ac374d2b409a9c07eb7c6388825e5fc33_raw.ome.tif,crop_seg/bf77ad8d7da19ccdda0e1b6a2aa8b33bc94b7cd51a6a11c4b1c00b92f8109fc2_segmentation.ome.tif,0.108333,3500000974,22720
263922,1104,TOMM20,M4M5,crop_raw/ad6cfa58a22fb64a2f268dd3edc10e7dbcf20f8e1cfb23b5f5c74c586baa080e_raw.ome.tif,crop_seg/199000ecfb92571c185fb2ec6e12437ef0c377c06b19cb3c94f333536ec38704_segmentation.ome.tif,0.108333,3500000812,7156
319821,2960,TOMM20,M4M5,crop_raw/fbd5f60b60e8986db0fc6ab5c171f904105c7d0bb9baedf2befc73d1f4d0fd34_raw.ome.tif,crop_seg/5611350ac20c71cf869133087b74f001b9b15e20848bb67e105fc1f400a3c396_segmentation.ome.tif,0.108333,3500000969,22614
283372,1705,TOMM20,M4M5,crop_raw/3b93e899e21fa6032ba6bc0c827324f7663cd158f504e735a2eff683d4f6fd95_raw.ome.tif,crop_seg/112287fd7f7e6d67db4e5ca68cd25b331e6191cef7674b770942fd4e865efa72_segmentation.ome.tif,0.108333,3500000847,11681
319524,2951,TOMM20,M1M2,crop_raw/c4f24c3fbcab68c3c7adb3bf48d3bee473fe6bef23bf3380f6a73ab7a31509f6_raw.ome.tif,crop_seg/5c5a4f06b1eadb55cb421d81b955e0347b174a47f8a7cad9ac8546247216d783_segmentation.ome.tif,0.108333,3500000969,22616
319248,2943,TOMM20,M4M5,crop_raw/84b8576466d4c36db0c127ae6cc8f23d7b819ccba47bc10ce7b6ddb7ef371bba_raw.ome.tif,crop_seg/9f9b9d893c36bf2c8853da4825a0b4a6d3cf3ec548471a1363bbd59506f080e2_segmentation.ome.tif,0.108333,3500000972,27896
319136,2939,TOMM20,M1M2,crop_raw/7368c4a0f6c53ffad14c9da9727a87fa37749a420f1f7b7df8d2850099a2a5d4_raw.ome.tif,crop_seg/e198add67bba4214e7b7b40c2738f19b925f446154333f73e6774a8700c22923_segmentation.ome.tif,0.108333,3500000969,22627
404699,16364,TOMM20,M4M5,crop_raw/83bd14c0a100f9dbcaa886f9b92c2d402004ff3a9cf98ea6cb1fd51ca652206d_raw.ome.tif,crop_seg/8da4d32c8a1198b2b4f6db4c1ea8eae6c58f6efd823ed3bb4038fa0f6e00ddf4_segmentation.ome.tif,0.108333,3500000968,136736
269441,1285,TOMM20,M4M5,crop_raw/9dfafbb44bcdbf30d954f78c3af9a961148ae287454a69d1b387cac469dc761f_raw.ome.tif,crop_seg/c1d19ada2654d4ec1909ed630d894a03d451fd21a1655e724b6f50046e18f514_segmentation.ome.tif,0.108333,3500000839,7650
338999,3561,TOMM20,M3,crop_raw/f75dbf8a774981faa375d33f2433d853fb3fd752d051f5d55973433404eccd92_raw.ome.tif,crop_seg/1e7db3eac952e7196938e7b0d788fc55ecf30f4c7c61d22629463f89b69726f6_segmentation.ome.tif,0.108333,3500000997,24160
270850,1325,TOMM20,M1M2,crop_raw/eb717ee6026ecd00e2b4d4a37c1d70395f23d4008b9895a668ed0325297ff5f3_raw.ome.tif,crop_seg/fd04040a14cf9acb8e597bea84aaa9671d81ccef9a7d18e2fd4c2fb24b621e8f_segmentation.ome.tif,0.108333,3500000833,10625
348726,3871,TOMM20,M3,crop_raw/835008970bdafcd1d91bc210e2fb7d3c30cfe5ad200d54dd42b3df2d8f0de5d7_raw.ome.tif,crop_seg/2ed394ba8ab93e26675b99c4339c7751815b25d42a255beebb91f42963eadee8_segmentation.ome.tif,0.108333,3500001034,30308
931224,14300,TOMM20,M1M2,crop_raw/84b07dc43d1ccf2256784baf2d20560011abd9b9d96ee15e93c14f492bc33213_raw.ome.tif,crop_seg/89c6b49c28b523ec2984f704f8e8dd0e76dc7853e70272b8a1b5341c096294a6_segmentation.ome.tif,0.108333,3500002098,136134
341284,3648,TOMM20,M3,crop_raw/071097ebb7e716de3aa5a63bde90f99dd0990c021b7d1162f9746ef6e91576cd_raw.ome.tif,crop_seg/d900ec0b6001c33ba95f417cb2040df5599f00c5f216cce9367a09965dbc04af_segmentation.ome.tif,0.108333,3500001005,24727
332735,3368,TOMM20,M1M2,crop_raw/f3d17c8bc5145423b24dbfc28743b3911f5de8f7a2dea48780079f345dfa4952_raw.ome.tif,crop_seg/96ce5053dfab5a8cc900ba8cd4372b3a89203daf9a2caeaa50ce5c778bda57fb_segmentation.ome.tif,0.108333,3500000994,28757
269880,1297,TOMM20,M1M2,crop_raw/9c1f72751d59f193546a6ad80600dc8a6adfcb83562fdbe45c92d207d8e9de78_raw.ome.tif,crop_seg/de274ee0b37a80c65893bcd9a21fba6ebfaf1198f22e3afd802367ed4d135d4f_segmentation.ome.tif,0.108333,3500000833,10612
271260,1335,TOMM20,M3,crop_raw/e26a1efa8d988f965def194bf4f249809ecf862e4ae5b2d42b0f0b0abc93fab0_raw.ome.tif,crop_seg/b453b8928bf961c5dae694ad78e38583264050a65a734aea582e22ba75116d11_segmentation.ome.tif,0.108333,3500000833,10625
274740,1437,TOMM20,M4M5,crop_raw/976db7e9e8620fbf2a073bcabf44607f7db3df94811aeb89e9b7728f33d3a3f4_raw.ome.tif,crop_seg/f09af128d81b98a92cf040c62b25bf31c33c3f168216003e55457d3547d0eaea_segmentation.ome.tif,0.108333,3500000844,11396
261271,1023,TOMM20,M4M5,crop_raw/14082b8dc4f8d4d848fbd0f82bc33422501b1c48c220570c945b09eb3c57c5c4_raw.ome.tif,crop_seg/c7a33d335c41aff05dd89dba43d196ef93b57c535d96dc139479c804b22b6888_segmentation.ome.tif,0.108333,3500000801,6487
328516,3243,TOMM20,M4M5,crop_raw/707292f913581f64195dec0bd02b2af09d31bdb0a8861291d626ecd906855954_raw.ome.tif,crop_seg/23a574dbd667b83ebf85ed14f9439f29f688edf6f705961d79e28f7f48713eea_segmentation.ome.tif,0.108333,3500000981,23393
339578,3578,TOMM20,M4M5,crop_raw/5d1853f8cdb6b3dd09050d835717f731fd8995d4cb947bf8d6fd04bf1004d77d_raw.ome.tif,crop_seg/8b8cc187524a86b2bb37717faa69c5ccf082a23f4a4b8d377eaea3a982d3b9d2_segmentation.ome.tif,0.108333,3500001003,24931
320046,2967,TOMM20,M3,crop_raw/cc34eedddc1643c67ab8e9d4c6cfc536f94915f5639fc5a9b924f341716dba42_raw.ome.tif,crop_seg/736c7b511ddfbc4291d76d47067f5ec0a5173e258319d5f7cba883fe56c2ac8b_segmentation.ome.tif,0.108333,3500000972,27904
264981,1137,TOMM20,M4M5,crop_raw/6788d6e5de47a3f746ebf234c63659d7657d05133b4febfb5fe809ea976cc20e_raw.ome.tif,crop_seg/a86e19b690ea0d1c7e4597ef16aac418b3232e9289d75a73221e493d1c1f4edd_segmentation.ome.tif,0.108333,3500000807,6775
982277,1281,TOMM20,M4M5,crop_raw/c621c7b1d2c09b4dce1ded799c4dbe6dbfd8bad12e5e03e4c273d01a68c7bedd_raw.ome.tif,crop_seg/7fc1bc62cd61a3a7e6c2b936795adbf73eba0743c1fa13bf539e8438977b5ac7_segmentation.ome.tif,0.108333,3500000839,7636
265259,1145,TOMM20,M4M5,crop_raw/430c9c11efc50d99792cbcbc2f1e8f3790c5e4bb67d75f54ccf0ad2c9740495c_raw.ome.tif,crop_seg/ffb3b232fcd49010a1ff931d92fa99701ef8a6ce2326c94d41f5431132dda6f3_segmentation.ome.tif,0.108333,3500000815,8980
334576,3424,TOMM20,M4M5,crop_raw/8a518635f9ea19beb9a79273b00ff93e89f197354f1c22b64c9c456fb3f334cd_raw.ome.tif,crop_seg/22f5725829433b165eaee14e340712d7b0d2f43992347d2c7a349c285dea00de_segmentation.ome.tif,0.108333,3500000989,23768
348914,3878,TOMM20,M3,crop_raw/0267981808078456d9b4a21eaddc7d7ebd91a877c6412f65151174f2ffbe0ad4_raw.ome.tif,crop_seg/af7e425d0eeafc345239a39bb5378211f2bdd5d772ccee1d998e665a63a7f073_segmentation.ome.tif,0.108333,3500001034,30304
932768,14326,TOMM20,M1M2,crop_raw/96fa954092741d615d5da5e54fd170e36b621aeba89c04a51db822727b7ceff0_raw.ome.tif,crop_seg/f799754b1375decdecf369c82af3356aaad1a96eb1e0c00815f964fe5068fd2c_segmentation.ome.tif,0.108333,3500002098,136132
917774,14189,TOMM20,M1M2,crop_raw/2874a63c09647c9709bea3bdde16f109f47e6bcc3675e0427efc0574c7246054_raw.ome.tif,crop_seg/4d06d903957d4adb50b5e8ded47ca42b009d85e17b8f0b7e3935dd3d266a8a54_segmentation.ome.tif,0.108333,3500002087,135615
347786,3841,TOMM20,M1M2,crop_raw/33f223d1895b70adff8891c2ce9984328794652cc36d06af7ff99fc9b4c2fd82_raw.ome.tif,crop_seg/90fe6c49486a516a11fe8253365fcd6955097ce351ccd040fbda28a64a5c4dc8_segmentation.ome.tif,0.108333,3500001022,25782
932873,14328,TOMM20,M4M5,crop_raw/9ea0b843f0912e2b4fbdec4d7f5eba2a18f445437a94a5a372fbf1c7fe919304_raw.ome.tif,crop_seg/0a9e1a51415c30b238f411500c21cc780e893e305fc20309614dbc29c0d694b5_segmentation.ome.tif,0.108333,3500002098,136134
269613,1289,TOMM20,M4M5,crop_raw/1727ed5cdb1e0f7ea050c780750b32eb1745a03b1c0eb987959e4079bc6b9da2_raw.ome.tif,crop_seg/628149dced1a9116b0bd0f283823ff8f4ca2dae81c4a12c79bb088851c9a651b_segmentation.ome.tif,0.108333,3500000839,7636
263777,1100,TOMM20,M1M2,crop_raw/8821da8183ac940a5a2cfb5b35614e0c76c0e5a5c2f4fefde95a666933f73980_raw.ome.tif,crop_seg/b9537032a65994b6129b4a8866195cb87def3e9fc24366ddd1c8a215ef8f30f4_segmentation.ome.tif,0.108333,3500000807,6775
275439,1457,TOMM20,M1M2,crop_raw/06ec6dd9d9d7941245a66b78c3e5e305dd81c6808aefb1df151353c6ea883b14_raw.ome.tif,crop_seg/35a5d06256eb3ff01b02906d4bd6bffe3a3addd1280186e51d32f94231e43aa8_segmentation.ome.tif,0.108333,3500000845,11479
319390,2947,TOMM20,M3,crop_raw/fd07565879618bb6ba6be1abd5180b15cea052f4354e4d4fdb463e982b570b53_raw.ome.tif,crop_seg/cbc437dd7cf9378b5bad6406dde86679c32da0783f196a34dae6f21758ccc85a_segmentation.ome.tif,0.108333,3500000972,27892
269102,1273,TOMM20,M4M5,crop_raw/ecfdbecd72ad21c0963736bb1461e97f4cd551f84cd1fef630c2a9c1612f6ded_raw.ome.tif,crop_seg/f346d845c4ab54deec332d504bde6322c6ffaf2d02b1b36f27bfae65837e0fc1_segmentation.ome.tif,0.108333,3500000839,7640
348354,3858,TOMM20,M3,crop_raw/b2e051430516d81370d816331926ee8e7453b9fb475a61d30394741c2689a5e9_raw.ome.tif,crop_seg/451edf4df41134122d16586f617e11b0bda3f68f0a35a162d3175cc229d7d60d_segmentation.ome.tif,0.108333,3500001022,25781
322489,3044,TOMM20,M3,crop_raw/17220252d7a55a67defca91ecb7e124e7e3f298775c704d4399d438b969cfed6_raw.ome.tif,crop_seg/4a40e407ff240483182cc8ffa3e06f5faac3f3559c553cfc2e8260a244fd9d84_segmentation.ome.tif,0.108333,3500000973,28000
400930,15829,TOMM20,M3,crop_raw/1841847c62e730e296349ff4d544c8942a58d2dabf4799e62e25b1d74adcff88_raw.ome.tif,crop_seg/3898c8365ca80287971f9a4e17d49f0acc3b6d8cc6dc41656cdb660e863d4298_segmentation.ome.tif,0.108333,3500001057,30388
341754,3661,TOMM20,M1M2,crop_raw/5fac03c4cb48c085cad898252c2b08278520099d9a2e6edb6fbade15530049f3_raw.ome.tif,crop_seg/e351ee3b58ef94152ebb0612daaae61a2fdc3b023ca1cc18a6f802aaa1acfe09_segmentation.ome.tif,0.108333,3500001005,24724
265525,1154,TOMM20,M3,crop_raw/188076fb4cdcee7836c15b3a055026c7693c43477c6e97893480109e8a656cc6_raw.ome.tif,crop_seg/391bec4b139155dd93044a0a62548d12ca67c3bc9094a89591f83659d55babe0_segmentation.ome.tif,0.108333,3500000815,8981
316076,2842,TOMM20,M3,crop_raw/0ea0134d1446153ec9a944599ce836dbfefdd5e1137c4f79487052573ae7d9d1_raw.ome.tif,crop_seg/404810fcc083532dae8a41505dc1cf32eb0118b2a33d90ccdb5910cbca5cdc87_segmentation.ome.tif,0.108333,3500000959,22133
265206,1144,TOMM20,M4M5,crop_raw/c91cd4f548659cd9640992b75d064573a1631ac1471b17c2a86634f5c1daee9a_raw.ome.tif,crop_seg/8b0ee1dae753cc1cc88c91ebe6a68a0ac257174112be07bd12a9150eaabcfef1_segmentation.ome.tif,0.108333,3500000815,8982
962519,15914,TOMM20,M1M2,crop_raw/8b0d3f16a2f4f2da32f93d48a143616b47db3f0fb28f6102b8fa67bbe8437e04_raw.ome.tif,crop_seg/21dbc984cb12f7ffb365ef615120dcd381a5c58191e4edc4642f9a729e5caad4_segmentation.ome.tif,0.108333,3500002099,137953
277075,1505,TOMM20,M4M5,crop_raw/40ea4a4db53162e5d9afaf231ed34df9eedacabd8fc8ec3b7805b0a9acd98a5c_raw.ome.tif,crop_seg/4841dbe6f7e95043192de03e9f71e0a5f23812de4218668bcd6c9e577ef13d0a_segmentation.ome.tif,0.108333,3500000844,11380
268686,1259,TOMM20,M3,crop_raw/1123a249adbcb520d50d1ae0dd7a65a84181d09393ae098f1aa1d8f99558caa4_raw.ome.tif,crop_seg/68d08e987da26da09b6de47200b7e17f85d46b47d07af14918dd35b299bc44fc_segmentation.ome.tif,0.108333,3500000839,7639
275178,1451,TOMM20,M4M5,crop_raw/0056cb47083fd7a0fc2cc2e3ecffb7aa671d0ba9f97fa8306fd75941896d7f42_raw.ome.tif,crop_seg/865499d846aef812b05b2d0cf686ac841a35a9657d19c05112b73f6a2aad4696_segmentation.ome.tif,0.108333,3500000847,11680
348940,3879,TOMM20,M4M5,crop_raw/c43f009d5928b50736b3a2856a60659045b221e660b63876617094a71fa960ba_raw.ome.tif,crop_seg/057cd0ff97e76fad3a22b0e45e3fb480ad3797624f5741aee54d5b24f61df889_segmentation.ome.tif,0.108333,3500001016,29335
270087,1303,TOMM20,M4M5,crop_raw/ee603cf71dd9ba4bfe2e76df59689894407fb1bfc3cbce9914679e7df122c72e_raw.ome.tif,crop_seg/9866b3ec4290bdef3cb35ce25153f58862d79c43d857fd3d596d26a7237a2e65_segmentation.ome.tif,0.108333,3500000833,10624
324669,3116,TOMM20,M1M2,crop_raw/967975bca4bb8ce554e021cb67ccdfe9ab5f8786b2a1455dd85536987ae31325_raw.ome.tif,crop_seg/b6d7c310eec327edc34885ee6058866856ae12d31ab305c451a48249fd186c41_segmentation.ome.tif,0.108333,3500000961,22339
403479,16197,TOMM20,M3,crop_raw/47ace572e6e91c6f9016e22099aefa1fede761499cb7ab4a3fb902e7a5612e15_raw.ome.tif,crop_seg/3554cf0c1177a162138782cb5fdecb439e87dfb11417e6ad24a5cbbb7e6bd1a5_segmentation.ome.tif,0.108333,3500001066,30677
260023,992,TOMM20,M4M5,crop_raw/cefe7543776ee4ee0b94ad78b917849aabf03b2d992a555d7b636e33d0d4c819_raw.ome.tif,crop_seg/f57826f0fe87cb826ed8d317c4566ffce056cb202a3e7470bda7353752536d93_segmentation.ome.tif,0.108333,3500000801,6486
274437,1426,TOMM20,M4M5,crop_raw/57fbe8ee5a2d1c9a936b1bceb249324ee0f5dbc30b51342bd42c352b73b40b59_raw.ome.tif,crop_seg/45e8a22f1045cc9827751fd5884c55b028be79d9a585b4d4ca4683f216c1cd25_segmentation.ome.tif,0.108333,3500000844,11396
329331,3265,TOMM20,M4M5,crop_raw/c8a8c0e1eb06a1f1bce716ad698db57eb8e8289efa194c4850bd2323fabea1f5_raw.ome.tif,crop_seg/068424f7c3604a20052b7be491fbba01062da651a48bb7dab8bff245882cd0df_segmentation.ome.tif,0.108333,3500000982,28086
263862,1102,TOMM20,M3,crop_raw/36a3d0bd74cb586a9ec0905b2f75e70e204d9ef8e27f79ca49de3df9d9b37f9c_raw.ome.tif,crop_seg/69ca6e4462b3e94af90d4fd68e06265d5106135fddf1c15f90ddd1c6c166ff91_segmentation.ome.tif,0.108333,3500000812,7157
278617,1555,TOMM20,M1M2,crop_raw/c6284a38eb7996def88b12e4a203d5b30619a7a9d657ed72eac9e98f380e9dbc_raw.ome.tif,crop_seg/fc2e385b667b400585e12c012fb27698afd97b45f27a099170c4b29e945dcaa4_segmentation.ome.tif,0.108333,3500000847,11683
316951,2875,TOMM20,M1M2,crop_raw/30589eddca07ec2a2f4a003bdcc0ece6100a5c1d2328d16e75703780d60a7381_raw.ome.tif,crop_seg/bc9f2c4b76fdb42781f7ff1a0cf725f22e07a0a3a89d03dab95651ffe7e6e84e_segmentation.ome.tif,0.108333,3500000971,27800
256091,880,TOMM20,M3,crop_raw/1a9197a671effdb9770bd7f4ce3e8efb9b3cd71b4e2b69b75a1e5787d9dda46e_raw.ome.tif,crop_seg/50c7d62978a1815c9998676035f0ca64bf8687e2bb0f48859c08e80b03718385_segmentation.ome.tif,0.108333,3500000791,8226
330017,3288,TOMM20,M1M2,crop_raw/91108e1c8e72c2235cb60bd58c85b9a61e446e44c8a9ee7178f8f83f301f06d4_raw.ome.tif,crop_seg/d5cf759780a88320eb822660eb44f6d7a96ba05315b991c08d20da43b607523a_segmentation.ome.tif,0.108333,3500000976,22900
323361,3079,TOMM20,M1M2,crop_raw/a8a2d89e59bc39fe7cf82c0f5e89f39841a535ad1fa7ac4a1c1a6378df0e90b8_raw.ome.tif,crop_seg/87f94a3671ceece042ba20eef9fd8f92fea976c3513b36fbd3ea1146544788b1_segmentation.ome.tif,0.108333,3500000961,22326
254284,828,TOMM20,M3,crop_raw/d6a33dad8afc85e4c845d29a337d27d25734e08bc33e822174f6a2af9d76b138_raw.ome.tif,crop_seg/3562b388fdfeaab67b75620ebaa2eb64a1564d8f0f4c429bebc62363182ebac3_segmentation.ome.tif,0.108333,3500000790,5921
743844,145408,NUP153,M4M5,crop_raw/18b6bbc50d2b443114665bce93bdbdda63a5758b25e09d8d4e74c4f6e82b6b6a_raw.ome.tif,crop_seg/48d184a6be0aa1e472b1a67ed9f38071d03d3b1caa793561dc671edba2ee4ffd_segmentation.ome.tif,0.108333,3500002735,180655
925254,151551,NUP153,M3,crop_raw/c25c8430b422ecf2e15b6e916a58948f2c866c540cb1fa8858601b2e29b91ad3_raw.ome.tif,crop_seg/58265296a6c56d70b6a0ed8f1c13dcda4d4400bd30576c2c9b03f3f3ab222f29_segmentation.ome.tif,0.108333,3500003005,202234
656996,140266,NUP153,M4M5,crop_raw/8ced72002b1b460b4b5556cd2f3545518002ba208bf5a2a55a0ca2dc3d184d88_raw.ome.tif,crop_seg/6dac2cb192bb8a631fcd02956ef2c2bae0c3447f99a6111c987ab43f04e3fa6c_segmentation.ome.tif,0.108333,3500002699,178037
681051,140544,NUP153,M4M5,crop_raw/402014aa48976906c99f4e99c8c0a7395ef7a65744db8ab1a966c94bf8459f74_raw.ome.tif,crop_seg/0e69ed2d00e1e4c913983d1e88f2bf0897a04bcdf4ca72202a1910ce685a1e28_segmentation.ome.tif,0.108333,3500002700,177912
692407,140663,NUP153,M1M2,crop_raw/22706c462de6233d24484bc062db25e5a3bd90681301590e4d99084b95d7d7ea_raw.ome.tif,crop_seg/7e03b03dee9746327fbb33cf0ab84931151f08981b07f43e3c7da0424a6e42fe_segmentation.ome.tif,0.108333,3500002700,177954
889611,151201,NUP153,M1M2,crop_raw/c7d719fdceeb61cb0bfb243804bc3d9ef904cb03a353680cf2a99b78957960f7_raw.ome.tif,crop_seg/bde871452cd0ad7aeced12efb4c19dffee61310e5995b61998932d3f1a2b4518_segmentation.ome.tif,0.108333,3500002942,195436
882292,146180,NUP153,M1M2,crop_raw/a74ea1fc82497519bc64c97324f630f8e92239edfa5ae0d90bc9cb9e248bfaf8_raw.ome.tif,crop_seg/8237c11fd028834e2b2a2a7122cfef6db460b6ed170af80ab1935b14af59422c_segmentation.ome.tif,0.108333,3500002983,198086
657226,140268,NUP153,M1M2,crop_raw/a1def639abc122ba5e15e1743cbb8b862c6765430910e4a3653685965ed91983_raw.ome.tif,crop_seg/3884e3e22b34419de75386d8d27819c627b25dc5b6523c3ee702a60f3f69b58a_segmentation.ome.tif,0.108333,3500002699,177962
913553,151467,NUP153,M4M5,crop_raw/d2a5b5eca11a31273c067008ff60ead65143137b106a11bf60165083b3571a70_raw.ome.tif,crop_seg/b72cab9a8f9284013ba65e12c670637b36e1fcc967465d952fbb84c254d1e4a6_segmentation.ome.tif,0.108333,3500002984,198132
804951,146851,NUP153,M3,crop_raw/36d087f4e797f9b20010301999932250cce995a291c331862e10139e64a4fe6a_raw.ome.tif,crop_seg/94a263d96c90b3dda2c552fb2239d5212a0e7f2c9d9e2be26294feac559218a8_segmentation.ome.tif,0.108333,3500003116,210454
900649,142229,NUP153,M4M5,crop_raw/27764d5755362f9d439c9da1325c3a087897840b36c3a1624a567a09b9aa41fb_raw.ome.tif,crop_seg/e3836bd4bf4e3b19868125efdd53ac1c6b8e369a4a896d5564e8808026e309f2_segmentation.ome.tif,0.108333,3500003044,207247
895907,151237,NUP153,M4M5,crop_raw/469ed64deb269160ae9808eee546e94da0ef0f3d3319cd27dc4628d15af0f5d6_raw.ome.tif,crop_seg/2e39aa33e1b9f5c3f7b41a116ce0a3b04f4a4018cc1b58ee43bde6855b563482_segmentation.ome.tif,0.108333,3500002942,195444
797750,146822,NUP153,M4M5,crop_raw/d590f71de6d067420869c90d2705585409afefa2037f562e14c6f9db1e1310bc_raw.ome.tif,crop_seg/495f8f9d9746cdb7c6240ed716fff38051ab49507ce7cb3b1179c01118fa45c2_segmentation.ome.tif,0.108333,3500003116,210445
987131,140784,NUP153,M4M5,crop_raw/b3cea8c19732d29b6cbda818918cdf7beeb0ec442be3908347b29608410113c0_raw.ome.tif,crop_seg/353d70491c3ec37be7f7bd2e7f1fc679e33e5ede8993413e278f43ffdabd42db_segmentation.ome.tif,0.108333,3500002700,177919
828931,145800,NUP153,M1M2,crop_raw/2da955a147bf628eae80e741e7f07db31b2421cbc5048ee621b4105fa2048684_raw.ome.tif,crop_seg/46361a5cdf7428ebba8a3e2c6201756dc541ad19c43b065e63d7ffcfa6bfa92d_segmentation.ome.tif,0.108333,3500002955,196052
794333,146809,NUP153,M4M5,crop_raw/bcff31721311645969dfc02dee13d0dcbe042ca127c289809a6ccbd85fe4500f_raw.ome.tif,crop_seg/1dd0a980df9d9c68c1e74110bf176149646beb1b28353ccd2d388c2c12c66d26_segmentation.ome.tif,0.108333,3500003116,210450
800221,141727,NUP153,M4M5,crop_raw/6c6bb13281c56c63262acebe5fc1dd2e9ec54e9af271ff68cc6406cd017b8353_raw.ome.tif,crop_seg/fca200bf20721229e6e222f6e8ad3dd46725517faab05c7b0a24f18fd066ca36_segmentation.ome.tif,0.108333,3500003034,203857
900038,142226,NUP153,M1M2,crop_raw/850a647379a43df52e0996d01a5276456a66d5a1060c509e9edd9591d498ac5c_raw.ome.tif,crop_seg/968c8c823e3bd8aab270c8f1167be45db7591088148c05093c53502a79ebc7e7_segmentation.ome.tif,0.108333,3500003043,207152
916130,145163,NUP153,M4M5,crop_raw/5191803d9ad6abd2e407ed9ec87d299fcf587993cf89df54df40c862ffaf6db2_raw.ome.tif,crop_seg/4faaeb081045f2a4597fefd06e81a33581676e8bb6e095752899dd85b3286355_segmentation.ome.tif,0.108333,3500002688,176823
884701,151173,NUP153,M4M5,crop_raw/01634e45ef44ae5344663d15019cdd561c214f7f8069f8b38d3b87c1668846f9_raw.ome.tif,crop_seg/d802b65ebdcad46df43486984d2801d63d52de3d04389f913ff5e2401d1ce14b_segmentation.ome.tif,0.108333,3500002942,195444
808617,146879,NUP153,M4M5,crop_raw/2e893cf99d297edaa3639eaaef00c176a256594512bf4c01b342b555240fab5f_raw.ome.tif,crop_seg/838b111309ed4aae00e81b1ad1bb5704b21640b30fb4da51ec605e8330d65fb4_segmentation.ome.tif,0.108333,3500003116,210447
919631,145180,NUP153,M3,crop_raw/54d198aa22600cd680160bc8e201f949d4df67d2eb473aec3a658072781d097d_raw.ome.tif,crop_seg/8c050719f1fe4a43dfb0b909da55cb12ecb5a56311dd0e3442e55092361f53be_segmentation.ome.tif,0.108333,3500002688,176832
873424,151070,NUP153,M4M5,crop_raw/a819a46ffd123452eecb525378c0cb2db6290bd2dab9e5e69942bdd80e17ae66_raw.ome.tif,crop_seg/b67e4daff8bc6022285ff6d8c3cae960a71563e2956fe176cb09d431f0741ba8_segmentation.ome.tif,0.108333,3500002921,193656
833988,145822,NUP153,M4M5,crop_raw/d37871015ca18ee31a94e901c7de8c921d05e74fb9a1589d8569a447a712b537_raw.ome.tif,crop_seg/ce3a3ec4f6f49d251de3b1f33a0d2fb787d6b529b4101d896d4e601efe27b153_segmentation.ome.tif,0.108333,3500002955,196010
862074,144441,NUP153,M4M5,crop_raw/6cb8d315d682f76ff25ba1b58a091c3655fb4580dfff2d77b32c91cca697515f_raw.ome.tif,crop_seg/9904bd424533adc77fe35e648387fcacfb1cd55861bd1a5b88637ce8ea9ff1a1_segmentation.ome.tif,0.108333,3500002682,176338
856989,150984,NUP153,M3,crop_raw/3d91ed6ae799a7495adb9423df8dfc92a702cdfc5fbd42482a58649846758934_raw.ome.tif,crop_seg/df02b5993c09067780450440fdc7cdb18ca7f04c7c19d7b0a65e42b2596eba32_segmentation.ome.tif,0.108333,3500002921,193696
801501,146836,NUP153,M4M5,crop_raw/033b2d0869bf3ed6a925652272e6536002650b302136acf297584f950728889b_raw.ome.tif,crop_seg/a22e5a0ec96b452064d3cef94d3f4bbbeed3d6a2a040e720e10ecba3eacb43b0_segmentation.ome.tif,0.108333,3500003116,210448
917335,151487,NUP153,M3,crop_raw/17f31276ab728ed6c3d2e2b0c20c43f947f0a7648052f3afecdd73e07af1255a_raw.ome.tif,crop_seg/a7bfb19518bb34c7369057f6f5cbe366ab1a451d0b66b8cdf4dd6900b41218b1_segmentation.ome.tif,0.108333,3500002984,198132
806730,145697,NUP153,M4M5,crop_raw/1a17923f1de2d1238f367199cabdb7e45ce7aab0e25613f5abe6f6853ef3cb87_raw.ome.tif,crop_seg/494f804d67715eea1bb46ae7878b843fe41218bb2fda87e3c622ec7e4741dd72_segmentation.ome.tif,0.108333,3500002943,195359
877623,146160,NUP153,M1M2,crop_raw/daf9828d34f59ef14a9cbcfea5532fe860dd77959f4f367694571e5aa81711f0_raw.ome.tif,crop_seg/9145f32facfa92cf1cc68023d9765ad845438219da56d49f973824e8ffdae2e8_segmentation.ome.tif,0.108333,3500002983,198078
825282,145782,NUP153,M1M2,crop_raw/05ea57e077c2009bb46241fb4d7fde812e56a6caf8a7d29d39e177577ac61f37_raw.ome.tif,crop_seg/45b9ea47953093d8cbe639fd281e626906fcf2082ceaecdcd3eebf327a020c2b_segmentation.ome.tif,0.108333,3500002955,196016
880315,146171,NUP153,M4M5,crop_raw/b894759d6e874348697e3f4c81c85b8dca952e0b7c1c7f6e2c581855bf3f3505_raw.ome.tif,crop_seg/eb2dd08493581a83b988ef14fbed7921f5e401cbceb8e5a9647e4e97024879e1_segmentation.ome.tif,0.108333,3500002983,198075
895994,145064,NUP153,M4M5,crop_raw/d4852b4a2ffac33ce7ffb70ba847a69e214a1e953b018a8f282982671205a261_raw.ome.tif,crop_seg/f3ced6bcf5494ba3db9d53f08018da7112a444fa23693d997cdbdcd925250553_segmentation.ome.tif,0.108333,3500002688,176809
848935,141971,NUP153,M4M5,crop_raw/ca2fe96a153678fc5d7e049e7005dc9d37700812c2c5bfdd4affe6d82c6204b5_raw.ome.tif,crop_seg/906d59c79436665858f663c816f0055e9017642b3d32e2fea3d5af158e58461b_segmentation.ome.tif,0.108333,3500003043,207159
793388,145628,NUP153,M3,crop_raw/38dfb96727dab3196c0d46e52d4c0b0ba9f12c8fbd687a7f70a229c093b3eef2_raw.ome.tif,crop_seg/09a7130bcbfcd5b3d20f9d1c44ce03d861b87d62a8c858b8659cbc4d9260f663_segmentation.ome.tif,0.108333,3500002943,195315
844704,145902,NUP153,M4M5,crop_raw/58d7c11d7aabbf737b1b2dda12e6c188fc7d08c80a717268424a48afff5437f9_raw.ome.tif,crop_seg/c944ebfbcff1b718f57bbaf95ea3a8d2586e3b2c77ecad2e79e1ad7bc574530c_segmentation.ome.tif,0.108333,3500002962,196910
825766,145784,NUP153,M4M5,crop_raw/5ce5d658d07fd3b5e27dddf8148ef1e300d0f42e7869a53b8cff7d104ef925f9_raw.ome.tif,crop_seg/1e4a7abe8bc36201e4a92fed2667ff63f10d1d5f232b98416b4ea5243202a41c_segmentation.ome.tif,0.108333,3500002955,196022
814049,143102,NUP153,M4M5,crop_raw/6032f70ef15795c80a16a7559c1f90176052a87a66f00ba8ff4fd8c573bd48da_raw.ome.tif,crop_seg/bf158f8ea943d6994de420d6f6a9d887d23fc710908e47152d52a39fff3cca71_segmentation.ome.tif,0.108333,3500003096,207759
798116,145647,NUP153,M1M2,crop_raw/a34ff204beb0463b8ea0215be0c4f79549191a7d072fc1271118271a2040b689_raw.ome.tif,crop_seg/fbf072bbfb4eb56c0d50f8956e1b663f9bff981c3c9451b9298923b056a523a4_segmentation.ome.tif,0.108333,3500002943,195320
830086,145805,NUP153,M4M5,crop_raw/626d044deb334e148ba0abb8d46dfbb8590863df87f043c120004ff62fd208cb_raw.ome.tif,crop_seg/864d8b0032ee1911a02b913968a5d4c0cfbdeb95d52f01446a9123d7d0734d24_segmentation.ome.tif,0.108333,3500002955,196057
881936,151111,NUP153,M1M2,crop_raw/6b0e45e5817829f7ffa3d2f85e282682b06d37a0a21bfe881234b90695775b94_raw.ome.tif,crop_seg/6b76e15b5c37786e95318bfab024bcae7925be6caa2f6e8a8893db04ec8c693b_segmentation.ome.tif,0.108333,3500002921,193703
664317,140340,NUP153,M1M2,crop_raw/ba62b58e2a7122f7ecf559aef5f06915b4f5048d3e8606d3e1b81b219e650d04_raw.ome.tif,crop_seg/31806a9965d2d124e1938e94a0dba5841c4c702a83d421e70109ae0fb62e4b13_segmentation.ome.tif,0.108333,3500002699,177975
807959,143034,NUP153,M4M5,crop_raw/25d361a422f96f3f2e4dd44bfd3bc233abcc2cf27a057f70bd30af51f7bbe27c_raw.ome.tif,crop_seg/46091ba360469cf492c247ba7d846fa5b52a69cdd9ea32fcd52ff9e28e6c2506_segmentation.ome.tif,0.108333,3500003096,207758
887965,144634,NUP153,M3,crop_raw/0d823cef90215053c92941b012abc116f81192ba08e8249d615baf211440bc64_raw.ome.tif,crop_seg/9ecf0873c1dbaa3c00c89fd344b40400391fc5196291400f986e0645ea569b13_segmentation.ome.tif,0.108333,3500002682,176384
682687,140560,NUP153,M4M5,crop_raw/1b11f8c997f30264db334d8035d46b3e81ec837c7e241aea7954d610ed82ce60_raw.ome.tif,crop_seg/e7a9be8178275abffd0e21315564042230b890f068228b3e68710d83b37bd33e_segmentation.ome.tif,0.108333,3500002700,177890
743155,145405,NUP153,M1M2,crop_raw/262c35d56d2ba5403eb07f728aaa3852c6c915b4e91ba27bf04f168401ba0a14_raw.ome.tif,crop_seg/1ec92bcecb21911a1cd3c3787e4ed934aefd8360d664f82fc840a9237bc51550_segmentation.ome.tif,0.108333,3500002735,180686
799127,146827,NUP153,M1M2,crop_raw/4102b335127224727916752069677d101a2d549e062ba096bc771f3cf5d894ff_raw.ome.tif,crop_seg/2c6ca9e02d5369dae2f46d7362848c6ffe747fb76a3470f2311adea361edd1ed_segmentation.ome.tif,0.108333,3500003116,210450
920043,142331,NUP153,M4M5,crop_raw/9b2849f62b9edbc3b6d2eb65c8a27d3b11aaf071b13d5006e7e3072d961ff180_raw.ome.tif,crop_seg/40977656e358c1688d8513242889fb73a8ec5b3c87b94f1bd5b35b724e227c4d_segmentation.ome.tif,0.108333,3500003043,207155
905240,145108,NUP153,M4M5,crop_raw/ba51f17e09204a9e084db4d7894b200a30602a595c6fae05dff9a3e06cb22dec_raw.ome.tif,crop_seg/c21388d2acae99a0f0c3a8b874a2109997564e891106d1e98f03f8ff5b982c64_segmentation.ome.tif,0.108333,3500002688,176827
899520,151372,NUP153,M1M2,crop_raw/4fda34859a2cb51a5f3bd8f696e5d26d0902ad4a7ec4f602c3a8ed4d17a6ed44_raw.ome.tif,crop_seg/0a42256bd83506a9742d6fb935fc3a00a791dae8c5438f26af14174f7b3b12f1_segmentation.ome.tif,0.108333,3500002926,194504
797105,142955,NUP153,M4M5,crop_raw/40f892c1c4f68120e7f0ee0925f2daae6b417b664c71977670aad807b0c5f30c_raw.ome.tif,crop_seg/a9762243e6c7a4f2d72b62a4f5d480ef49843da79f1769968ee1ab7c3fcfaa45_segmentation.ome.tif,0.108333,3500003096,207759
913222,145148,NUP153,M4M5,crop_raw/9525392c1bec4117df8fef8ef04352efbb6639657d98f0e758397bae757ad22a_raw.ome.tif,crop_seg/63618a81deddb14dd20003f5f16075f7b97d699e6a0ef8d3c2107b083a57bb55_segmentation.ome.tif,0.108333,3500002688,176827
891658,151215,NUP153,M1M2,crop_raw/a9f1a76676f1a2291b12ea0aa74fcf619d57872a0626525ba690d32eecf1c77d_raw.ome.tif,crop_seg/f48d5e90bc143181a6f81b503d32a8c8151165f3bfe3aed0f18a3ea101a0ec49_segmentation.ome.tif,0.108333,3500002942,195408
858439,144363,NUP153,M4M5,crop_raw/2a3ca524e975acb515e5a3f4c954daa31c2f61bea1c1ae773d0025bf92d934bf_raw.ome.tif,crop_seg/617290f87ff61a8e004a170e9984b4a630144cf5657ac43756fc86566d10cdf4_segmentation.ome.tif,0.108333,3500002673,175883
884490,151171,NUP153,M3,crop_raw/0c272f53f0cadb1062d5abb09f6dbeb75296b7f6c199a2eab1175544138384f7_raw.ome.tif,crop_seg/077d68209c3de22c1053ffc6c3ad642134c7a48d609ade32a2b85268323c615c_segmentation.ome.tif,0.108333,3500002942,195436
912541,151457,NUP153,M1M2,crop_raw/e9f066748263b8bf65a5465f4ebb327fb68bb6540d7183be81968b96d2a21d09_raw.ome.tif,crop_seg/008eeefc6da49d5f11ec7b8a1f20fe4b55133bb7684d622ce20f6b9374a958a5_segmentation.ome.tif,0.108333,3500002984,198095
809193,146881,NUP153,M4M5,crop_raw/6133ce699e9f3fc4de51b348dc6fe67d5477f5fba83b24d8a9cc0ce6b00259da_raw.ome.tif,crop_seg/bb880be343cbcf823b71dd0db60aec326cc4b447d8c44a0b275c94d68b294d0c_segmentation.ome.tif,0.108333,3500003116,210449
656708,140263,NUP153,M4M5,crop_raw/22aaf4195e4a14748c4d75ed746eb825399bda57ef6e545999a0a3c794d00868_raw.ome.tif,crop_seg/1ddd1b1e0474a1c2e66d6a5c1b544e0f3bbeed8e800eaf27205e557774e75458_segmentation.ome.tif,0.108333,3500002699,178014
871977,151063,NUP153,M1M2,crop_raw/24ebb20313cf6bc243c199c4d326576a5b29549425a7dd1b4cbeb5936e527d9b_raw.ome.tif,crop_seg/751e7688fea884420841646ab7770d2ddaaf4bd76d46435b4818601a65a068f2_segmentation.ome.tif,0.108333,3500002921,193718
887550,146210,NUP153,M4M5,crop_raw/a1afa85882e4b62d0f1791b3f7aba6cf5430915d97d84b7a604bc29d78496bbd_raw.ome.tif,crop_seg/628143504b4d8c33bd7e61c2128b68c5cb0c25d3592cc4352208a3ce3942f5a0_segmentation.ome.tif,0.108333,3500002983,198078
657508,140271,NUP153,M3,crop_raw/fe3084e2f3be6912b4a45131a2b77eef31cd0ff448cbbe3bac558f6fd3434f92_raw.ome.tif,crop_seg/3c8c01f633d6e73c9ea7ad5e6a4b750ef38a59f06559b5945e516d30944b2e31_segmentation.ome.tif,0.108333,3500002699,177981
808788,145714,NUP153,M4M5,crop_raw/7e477aa227473850f880d713240b2663449e5c62bee45686ac5c53d8b40afc96_raw.ome.tif,crop_seg/def2a08030983f6e884e54a1748b34c916b1d24d2a4c6cdcf74a7e3ef1d45a12_segmentation.ome.tif,0.108333,3500002955,195988
856302,150981,NUP153,M4M5,crop_raw/6aba2453c77c15c29d1a720080334656da62b162066d46aa77616979101c2088_raw.ome.tif,crop_seg/34389f0fd6b6a012af3882de93e703dbaf62f09790133b28da74008b1f87f017_segmentation.ome.tif,0.108333,3500002921,193709
674945,140480,NUP153,M3,crop_raw/88474c0e08383b9e7d173d143171f46cffc02db7066289a735118f1741265fd0_raw.ome.tif,crop_seg/c3ce008d4514391664959332be9b57deb5c1de44227a4035f94ca60009cb2f07_segmentation.ome.tif,0.108333,3500002700,177977
658339,140279,NUP153,M4M5,crop_raw/8c42902c7daa11b9d0ccfe69d8bc7623bcd8a658447e078634d9148206719ad1_raw.ome.tif,crop_seg/e58120db8e279b7da34a6c0ef75ff0307bb83eda2d41241c3f81260ccc695705_segmentation.ome.tif,0.108333,3500002699,178014
888443,151195,NUP153,M4M5,crop_raw/cefc0227cfa24c8a9d0e7c1ee87a3758101666c3a7fb2af0df5138a0bb3d1099_raw.ome.tif,crop_seg/8f04625a7178422480e87db50d93d5c2db30875494ed23eff4780f1b4fc8f3c4_segmentation.ome.tif,0.108333,3500002942,195404
854936,144342,NUP153,M4M5,crop_raw/2a78974ed079a47b0f98cf32b4e45bbb4f559df17e51e63c74493271551977b0_raw.ome.tif,crop_seg/be120d6eeffca1857a0b39a7bd8668d33f3eea24d6aa6e1b246dd6a9bddf1b81_segmentation.ome.tif,0.108333,3500002673,175935
922945,151535,NUP153,M1M2,crop_raw/ba9d2136b6d52d5f08a551ff8a617c701e8b98f6070c4d46e916a763815897a6_raw.ome.tif,crop_seg/a98c75e57ab655b34f262c29e0c5837f0be519d34e82db581f82472011abccd1_segmentation.ome.tif,0.108333,3500003005,202310
662764,140324,NUP153,M1M2,crop_raw/32f8fadc803d4137eb69612ebc42a20cda2d64ed1d0e48030d4a69f819eb9ba2_raw.ome.tif,crop_seg/2148058800a985bf5c54dae7593f67743fb1c4cdc03817df1ab4453b3b79285e_segmentation.ome.tif,0.108333,3500002699,177966
656825,140264,NUP153,M1M2,crop_raw/d03453a11307bf3586e63b63264f236e03925d59d68c53d3c7b7ba1263f1e3c0_raw.ome.tif,crop_seg/3f76b0aef0176a18d7d08610156a119cbb1a1ccd120f93eced78ce2be6f6c421_segmentation.ome.tif,0.108333,3500002699,177981
664648,140343,NUP153,M1M2,crop_raw/02d16af4749062ffe483b0febaad3782354ab2bb640ef328bb590bd18632c0fb_raw.ome.tif,crop_seg/507042dd5c17dd33dfbbf3fc7ab75ee3b325c15e67597606886791eac872bc36_segmentation.ome.tif,0.108333,3500002699,178018
837914,141918,NUP153,M1M2,crop_raw/306f5fb5ba219347ce66430c3539aa4151958741b64f91e561ab2178663a4e1c_raw.ome.tif,crop_seg/d6b9a25178e4fb4de90b4449329636522ec1d7cf6849891737994a2bad0928d9_segmentation.ome.tif,0.108333,3500003043,207153
986944,140335,NUP153,M1M2,crop_raw/1f48e4c60ce7128583f2bf71b6c21a90ac6617f0e5ec6c89dd8cb7fecbf3b0ec_raw.ome.tif,crop_seg/bbb63f514564765d2ab61a386754b3826905ec28995d8d991684263fb111985f_segmentation.ome.tif,0.108333,3500002699,178018
853674,144335,NUP153,M1M2,crop_raw/66c7711ed33a993d8b689d4ebc22a11f3f38a22cc0941bd99959507ec3e685a4_raw.ome.tif,crop_seg/81a0082317a61b69e61bf273d6f6127c031b21f0d92cab1d01ede9dadb1b4275_segmentation.ome.tif,0.108333,3500002673,175922
666776,140365,NUP153,M4M5,crop_raw/7e0e285c9bb5ecb38ac01d3fb417525a4352b31f27b0f287835c2435089f8b19_raw.ome.tif,crop_seg/2727e3ec490cd8badfa306986894b203f948f723e0a3ba05732a4122bc2eaf91_segmentation.ome.tif,0.108333,3500002699,178028
698903,140761,NUP153,M3,crop_raw/c0fc4e8bff634e664d8d9eec082bc7db0bb41605c7ce8439d95697455b86b184_raw.ome.tif,crop_seg/89aa32a83aa246c1eab4504188dfcb195b4f7b5670d14bf68024eeed72d7c831_segmentation.ome.tif,0.108333,3500002700,177982
791345,145619,NUP153,M4M5,crop_raw/85caa20b0f2dee4132f85e466007ad37fc81154554fd9810db82ce1862303c0c_raw.ome.tif,crop_seg/1a3dcf88288ea966f801e804a674c827a3337bb81d41a1903022783536f575e6_segmentation.ome.tif,0.108333,3500002943,195364
818491,145753,NUP153,M4M5,crop_raw/db1d8a3399e67a53f33dbeb46202de66ed6c2775f6126c464bb39bdcc4c0a620_raw.ome.tif,crop_seg/a959b357c7e880ae2326f677bd6f70c4450a8f53d736b89f595e55c2d70bd72a_segmentation.ome.tif,0.108333,3500002955,196016
863405,144450,NUP153,M4M5,crop_raw/c933df253fee2df022c1f089176a2da577457271cc3bfbffba873e03dabf6772_raw.ome.tif,crop_seg/ab1d35b32e57602419c922e68d8c89092745a44d80fe61abf4ec89da91dc92b5_segmentation.ome.tif,0.108333,3500002682,176414
920552,151504,NUP153,M4M5,crop_raw/f80627cb48dcd469d13a2c9979af725280006e8e754a210a244fe1d1d0d307e8_raw.ome.tif,crop_seg/5bd094b4845c10ab8b0a90127a7424fe4ca05106c5001502befd9e25a718724a_segmentation.ome.tif,0.108333,3500002984,198083
903191,151389,NUP153,M4M5,crop_raw/284a1d4dab4462cb285d04e4d0de343393d6e16b2c1723e3c8746c577dcbcd3a_raw.ome.tif,crop_seg/a9272c89059499e546444e3f97e6d090b1893fbb6f6e40930cc80c6f4ad1cd39_segmentation.ome.tif,0.108333,3500002926,194504
874524,146137,NUP153,M1M2,crop_raw/da0a2a707f9b9c0ff67ef69eb02b7d320bccd74c3edb95378e9a6f0616f2d076_raw.ome.tif,crop_seg/d233e21a063f8b4e8c528f9b480dee58ab4a1248e6c81a5c4cb252d3a2c2a0f6_segmentation.ome.tif,0.108333,3500002983,198059
744339,145410,NUP153,M4M5,crop_raw/a3202e09433c78aecbc176d6ff9e011cb90dd63fb725bee5816430ef174c5f63_raw.ome.tif,crop_seg/f3584995ee7f61a39133e3e16815c30c0a097aba96799d6e45d678adeb49822b_segmentation.ome.tif,0.108333,3500002735,180655
894593,151230,NUP153,M4M5,crop_raw/aa408a0e12485a92cdd5f4b3e1f33b94472b8ef92c239f4b3b22bf04ad18c5b2_raw.ome.tif,crop_seg/d7e1fe2995f360a997747e10aa64b718b8f996a0ceb3b3a6cd9e30d731194065_segmentation.ome.tif,0.108333,3500002942,195380
678377,140516,NUP153,M1M2,crop_raw/054b5ec28b2e0eda683cade94e41ff9481580e41c0d9ba453d574269ec801d53_raw.ome.tif,crop_seg/c3e6e9bd86163327b17b3fcdf8297812ccc20707237b55c26b0bb98a53ce2918_segmentation.ome.tif,0.108333,3500002700,177954
876492,151086,NUP153,M1M2,crop_raw/e2b82650e89c36c9d23aa6a4341afb3f30db15a8ae2fd738fa1711bea3364d55_raw.ome.tif,crop_seg/7e8711e5ca048aeb79fe2e83c5a9e9ce8de012b0d0d364bb3e062a54512f9d44_segmentation.ome.tif,0.108333,3500002921,193631
781488,145582,NUP153,M4M5,crop_raw/42c0ba1877e6691b79983dcce1b4d388ee50d62b0a6c4e9b32431d35f0ec2007_raw.ome.tif,crop_seg/8e6d564486f30661367c3ef549d855a6f830666a4a8961766d9d7651610e8379_segmentation.ome.tif,0.108333,3500002943,195377
787184,145604,NUP153,M3,crop_raw/b1b9fc6c46db18ec62c9b3f521450ff58871093275c5942703ab8dfcdbc7a63d_raw.ome.tif,crop_seg/da1c78a636817bd182996926816a671c42a480447fe801f11dd0553790f35e5b_segmentation.ome.tif,0.108333,3500002943,195301
862646,151012,NUP153,M1M2,crop_raw/0fb96077128d3fda762550eb587c57f3fbe91acc4ccbac0f10ed8ea3f291f9ed_raw.ome.tif,crop_seg/791b1414c6064eb64bee00c16e96212436d5ff3f885e098b1f4442cdd55693bc_segmentation.ome.tif,0.108333,3500002921,193677
878055,144558,NUP153,M4M5,crop_raw/ef4b194d9d50fd21a2eaab8507039e17f62ac183c5c1747fc6001546e2bdc2ea_raw.ome.tif,crop_seg/0e2daabd867c9450816cb8c4e9eb731b6681d7e3e801b039928e3425d2df7ed5_segmentation.ome.tif,0.108333,3500002682,176388
658796,140284,NUP153,M4M5,crop_raw/c790de10dc3072ea4c5dcd4fdb907152b3f9ec4fb90d20c3d5fe192a7329b74a_raw.ome.tif,crop_seg/639f927ace335c0a0e0f40c85afe3c8a7a9858a9f5603133939742b76c7307cc_segmentation.ome.tif,0.108333,3500002699,177981
776950,142650,NUP153,M4M5,crop_raw/cd4344f4620f2188a6064e6d5d0fd39e9144e6b8c6d959922e7e604bee4d7a4a_raw.ome.tif,crop_seg/f14a3da41343376ccd2b3aa3a3fbc1fce28ee237fb23c247d9507aa4987a1046_segmentation.ome.tif,0.108333,3500003096,207754
800953,146834,NUP153,M4M5,crop_raw/d6006daf72579c30e17d6f5b51a4751a74314a41c6a49ddab0210d38f09a6ef4_raw.ome.tif,crop_seg/5495168116c6ff4e213e151fe47ce5c3bd19ec640965ab172dbbbf473244353b_segmentation.ome.tif,0.108333,3500003116,210449
811696,145726,NUP153,M3,crop_raw/7c26d76e9d8261b7e907aa06d4086c9e967af229effd1b11340ebe5c9a62a185_raw.ome.tif,crop_seg/d3594bc3fb0b5992d18ea738d86a05af4720c189b70f97192491865bf92cdc47_segmentation.ome.tif,0.108333,3500002955,196032
663588,140332,NUP153,M1M2,crop_raw/8314e8f00ea2fd306875d0933a562a70f864340456bcaaf3951150709280e049_raw.ome.tif,crop_seg/b15712f9e649fa551e0524bc0453d444dd1c91dcf67b73457350e1e7fd18695f_segmentation.ome.tif,0.108333,3500002699,177975
855356,144344,NUP153,M4M5,crop_raw/414a25efd025dc77d959548d52d22b7fa7686786cf2985dadbb952e3aa12f92c_raw.ome.tif,crop_seg/6452e28d63578474826bbc81a30bebb320fba1379c54ed833756e5eb6ecfdea7_segmentation.ome.tif,0.108333,3500002673,175940
903274,145099,NUP153,M1M2,crop_raw/e7d74f4dcc77b251c25d101f8aa6920691f229162e096b82542d93f6b14ed98b_raw.ome.tif,crop_seg/261d954334598d7238d1b4d365942fa1ab6734fde1626a2d380f221ef66fc3c8_segmentation.ome.tif,0.108333,3500002688,176799
892970,151221,NUP153,M4M5,crop_raw/1779bbac9439b6877e416b49f072f956c612694734499b7b241391b94f6a2f58_raw.ome.tif,crop_seg/183451aff210e744813b4478b5d94ee01fdf5e6dd3666547cd752b68ce9e6b6f_segmentation.ome.tif,0.108333,3500002942,195380
662452,140320,NUP153,M4M5,crop_raw/951f6553bea312e0f4b2789c36fe409d96806b5498ceb36a52a057f4b6646bf8_raw.ome.tif,crop_seg/4fe2a24ad50346490307f9a04ef8bb2ef2e199329ae3f7064142e2bd8b6fb5e5_segmentation.ome.tif,0.108333,3500002699,177962
812775,141776,NUP153,M3,crop_raw/877a4b470248e2ceda1c5a7534e2bf96ea68935f0e7da8be2a6e779478c39bde_raw.ome.tif,crop_seg/95be483be03fbae27003ea45e738225f9fa438b4d9327210eb99cd77717650c5_segmentation.ome.tif,0.108333,3500003034,203854
835078,145827,NUP153,M1M2,crop_raw/f3ba803d368ee428b5d082d04c3616362b61e51be2a311f76f69102fb4d23706_raw.ome.tif,crop_seg/261605530dc477137cedf57affbf3dbae922e490014a82150c8f24b9c2693c09_segmentation.ome.tif,0.108333,3500002955,196022
835535,145829,NUP153,M4M5,crop_raw/1038d7169969b4414eb44fc77b34b8b19aa3f4c9e98cce0981b0fd570ab7367a_raw.ome.tif,crop_seg/771c3053bd2b4adcf9f3f06dac44a28f54a9aaf656686451aaef828f24456ff3_segmentation.ome.tif,0.108333,3500002955,196010
915129,145158,NUP153,M1M2,crop_raw/2a90c8e232617d5a27c5a4369811072841e68bfa6d6d18d05a7014d8363d5dde_raw.ome.tif,crop_seg/f8dec5f13ea4b341080969987de047196ceaa28d83a6122f2c2af6fbb5f20842_segmentation.ome.tif,0.108333,3500002688,176880
902134,151384,NUP153,M1M2,crop_raw/d19d15567d66053594f0db7f4819ff18a579ec041e6289c943479e575fd4e6bd_raw.ome.tif,crop_seg/8fb0c5aecd9021f957783f7de54924cb07f8d4ee300ac9545ced51248cb80e78_segmentation.ome.tif,0.108333,3500002926,194504
911344,151451,NUP153,M1M2,crop_raw/9bfef8ec5398159781d62d1160db3e0f33c7a284a8014c35af10c87d6ff5a74d_raw.ome.tif,crop_seg/417504b0550c974622ae61a1ebd936cb1d44d26f50f60fd1bbbc3b88f46da812_segmentation.ome.tif,0.108333,3500002984,198129
875173,144539,NUP153,M1M2,crop_raw/f599f9f0772b6ed44509fb80e091320077e012027be3fee1b1bc44e0bb241723_raw.ome.tif,crop_seg/b60c1bb4d937673c8e25f9e13762506cfaddeb4474fad039187b431fe0393781_segmentation.ome.tif,0.108333,3500002682,176366
823776,145776,NUP153,M1M2,crop_raw/e2b0e21d050c6a210eb184509e4074539138e85ef5e88cadfafaff885c1c33c0_raw.ome.tif,crop_seg/2618756778b741fdb991113a0e52d28835bc31845459ff26aef5f37930411c25_segmentation.ome.tif,0.108333,3500002955,196065
682026,140553,NUP153,M1M2,crop_raw/fa1647fd46825eb76e7bfad02c4978a5d9d0dce3eac490bdaae434a61633f8b5_raw.ome.tif,crop_seg/fb7fdf8df4184f03662d250f9fa502711059f6a5a76b7697b2ebd405dda27c1f_segmentation.ome.tif,0.108333,3500002700,177912
898920,151369,NUP153,M4M5,crop_raw/f7c0eefdc7f7b2a1b23c687823e0b83301989278008de5d22cdd4eee2183105d_raw.ome.tif,crop_seg/79876bd6db34330e0f00d9b80f6f0ff559cea442901b0970066c2d1b2372f048_segmentation.ome.tif,0.108333,3500002926,194420
860637,151003,NUP153,M4M5,crop_raw/299273aa16973b49f30d18a8b71f1bbeb9beee5d6e7c4a0c7ef42bdacd551968_raw.ome.tif,crop_seg/24fc866a8dad22a68b68131d7792cabfb91ad6b3a81ec9e6ce927686f873acaa_segmentation.ome.tif,0.108333,3500002921,193651
799058,142965,NUP153,M4M5,crop_raw/186c717349880b8c28eec73e0a204ae72be7ed02c827b476206306179d113895_raw.ome.tif,crop_seg/6c92bb7dd4cff5971b59ee68a7b5afa64108f3170de6e5cfeb3f51c373cee189_segmentation.ome.tif,0.108333,3500003096,207756
793488,142937,NUP153,M4M5,crop_raw/4d2900cf90e8835eab9cc229aadcf1b1b72f04fceb7482cab9ebd08ebaba199d_raw.ome.tif,crop_seg/a65d63e7cf361f318d0d9291ba965ec3bbeb6fa2b5519fc836eb91d6217700db_segmentation.ome.tif,0.108333,3500003096,207753
798637,145649,NUP153,M3,crop_raw/a7d67417df85903ad1594e8f27bffd8f72e9581e2a2d3e1a60d298b5d0be1e08_raw.ome.tif,crop_seg/66b4eae5d517d0418088f263feb17985cded08581075bd09438105b8d64959cf_segmentation.ome.tif,0.108333,3500002943,195298
922405,142344,NUP153,M1M2,crop_raw/8fb017c0784245e5789fde3e95d56a4266ff13b2ae66e7a6e0c8a7570cffa773_raw.ome.tif,crop_seg/b6d26796f04c397e84ee7c4fd83ab6e0227752d597dfbf7f33daedc62354409f_segmentation.ome.tif,0.108333,3500003043,207153
834633,145825,NUP153,M1M2,crop_raw/743b631f7821a1628797997e918a0ed7cc9ac610051aeac42954d651b05c3929_raw.ome.tif,crop_seg/3774a06f38d78db85f0d9236db0743a56bb9d8d7c99e881ff49ab8598469f140_segmentation.ome.tif,0.108333,3500002955,196087
876047,151084,NUP153,M1M2,crop_raw/d74b5958b8c76d6ccdc6dbc443b90448fcacc508d3ec8ccd5863d4899eab614b_raw.ome.tif,crop_seg/40292eb3ae67968059625e4e5c353cb5846de757518ac23f5f86cc496dd0938e_segmentation.ome.tif,0.108333,3500002921,193656
675295,140485,NUP153,M4M5,crop_raw/06b326d73fe4e7646986940828b9053ccd8706349c0f664f58d751c851cd8f77_raw.ome.tif,crop_seg/94fddccf58b58889186cfa46574eba4b9f9a8379a3aa510d76478672a0fa7893_segmentation.ome.tif,0.108333,3500002700,177885
816493,141791,NUP153,M4M5,crop_raw/81321c942ca4a5cc1cab933f7db4ed2b8a86af1a50d551277611a614f8090847_raw.ome.tif,crop_seg/5d3db9852cd7738a73b6d378c7eea3f8d0c65d0f1fedd3980d1e86d6a04c608b_segmentation.ome.tif,0.108333,3500003034,203855
808598,141759,NUP153,M4M5,crop_raw/719a92687bf8988d17cce2f64cceff0568e49cffb5b483de854a463b5276b1ea_raw.ome.tif,crop_seg/faec29fb7a172837bac3efd022dd3aff138fffe1e5893e91314a77787a5c3d37_segmentation.ome.tif,0.108333,3500003034,203857
794944,142946,NUP153,M1M2,crop_raw/9b6bdcc3c65b7e8d7ba3b3735fa3e69fc3c1be2b986dbce8d07a8258c94fbc59_raw.ome.tif,crop_seg/fa20ac0b2cc4505d9cbf50357ce0c1e30b68b23288a8d7f6e34d53e91454f20e_segmentation.ome.tif,0.108333,3500003096,207758
676756,140498,NUP153,M3,crop_raw/b0b35e9c0b1a7944a4d6ca17bf79ebe8d26cdb0667005497c3bdaabc4f50a7e9_raw.ome.tif,crop_seg/a184c4462066a58944ec90337da7331c917169b5a10f158b847598ae92be649e_segmentation.ome.tif,0.108333,3500002700,177960
880140,144571,NUP153,M4M5,crop_raw/b25c92175d1a6d8cb63e21304a1de8b1b42f5771e5ad22e917f861b1104b956d_raw.ome.tif,crop_seg/044d1aab01b4a82b5993945d150f4ad16438a01e920904b2a4038efd1d183f03_segmentation.ome.tif,0.108333,3500002682,176357
909416,151442,NUP153,M1M2,crop_raw/e5dbd827c63d1cbb3c65281b260db455db35783e86a3dedb93964e8d51ab3ee3_raw.ome.tif,crop_seg/7db856c5915ca43d226e97b605e736b81581db82bea32f4f44e0a48653f7480a_segmentation.ome.tif,0.108333,3500002984,198115
689973,140639,NUP153,M1M2,crop_raw/f705ad880b52a94b61799d435f9a700b8f43b925b3120a2000495b87d86f3a21_raw.ome.tif,crop_seg/e88379f87b42ecba92b4decb33687c1b4db08d0e09f16fab01724e97531d28f7_segmentation.ome.tif,0.108333,3500002700,177991
795023,146812,NUP153,M4M5,crop_raw/9abf91f2b6c356fec3555696f89f1c8058a36d295dc9b65a4c0bafb4261843fd_raw.ome.tif,crop_seg/a611f5e1b191ff53af1354bf89bb3eac94b61b613f7a79e69ff8d0277ccc8720_segmentation.ome.tif,0.108333,3500003116,210450
870730,151057,NUP153,M4M5,crop_raw/b44439c43ba75ab0f307e6b95a0d15c20e44820710c72d2835fccc3bed194030_raw.ome.tif,crop_seg/4619db0a0ba72acad55788fd939b94732483ae636dd8a78fb859266df4df8b7b_segmentation.ome.tif,0.108333,3500002921,193651
661826,140314,NUP153,M4M5,crop_raw/8e52307052af7b4780508692f2c7aa7d4961200111633a342b4e1694a4410dac_raw.ome.tif,crop_seg/6125ea845a3325ae2dddea45733708f16169d38e4c1a7903b5558cd6b1d64543_segmentation.ome.tif,0.108333,3500002699,178037
680574,140540,NUP153,M1M2,crop_raw/338e367743812b6022160cf2e121df733ac9196aa3851aec5b89335811f26df4_raw.ome.tif,crop_seg/b3d8089ae53b64f38a0c791b1aa79fafadad1db96d2b4f3620fa6ab7ea33ecae_segmentation.ome.tif,0.108333,3500002700,177960
795363,145636,NUP153,M1M2,crop_raw/511f5991656118643fc933faead3bde65bdbe89d76b3e2c5886aee20df3e7917_raw.ome.tif,crop_seg/b545823e4b2010809f366ae8b58ec54867d46e30ad7380a028fb5340219072bb_segmentation.ome.tif,0.108333,3500002943,195351
783832,145591,NUP153,M4M5,crop_raw/a6edc428fd56cda039a74776af4451e4060e17c07e0292f07e45cbaf1a232808_raw.ome.tif,crop_seg/9195562b5d8989ff03d44d03f82e03fe35576fef8db676580583411c7cf335ca_segmentation.ome.tif,0.108333,3500002943,195332
867300,151037,NUP153,M1M2,crop_raw/d8207fd7d43f7f015c73fa5483f24a8e19b4a5102889599fe66751405e98094c_raw.ome.tif,crop_seg/1707f3bb7c9d7b804f03d886088b0f1caec831c74e258a56efafda75475eac9f_segmentation.ome.tif,0.108333,3500002921,193661
884417,146192,NUP153,M1M2,crop_raw/cff2bf35bd4c11483700e8bbd3badc4dfd9ba2496b51c9d6d6132edaae7fe7a9_raw.ome.tif,crop_seg/51f0d91c68cd1256da4ca7394c887abdb5f50f9a02e0d85b4b97e659dde70905_segmentation.ome.tif,0.108333,3500002983,198062
873744,144525,NUP153,M1M2,crop_raw/3e9b03a07b3ae479039828eabc6ad8a01b0af8eaad4910e4b729ba596e418fcf_raw.ome.tif,crop_seg/b03b3d9553ddea9ea3e475d55d6815d753cc5ca07dfb2b2efffdde9602a6a22e_segmentation.ome.tif,0.108333,3500002682,176342
807280,146860,NUP153,M1M2,crop_raw/42bb9abdee96e642dd58f59731e2718b61e8d947ecd2e66cc6e77967f1f6ae74_raw.ome.tif,crop_seg/e11912ceee6b3b0fd25c067de005541b681ac9292edafa36e9be9383d956e2e8_segmentation.ome.tif,0.108333,3500003116,210449
839354,141926,NUP153,M3,crop_raw/3d2eb7425a5df4c43bd7eb76b43500578649a716422fe608eb45d6889890e957_raw.ome.tif,crop_seg/bf1072d7480daa33c7888f1caf0e972feb69c75746caf07ef489a29043fe5ee0_segmentation.ome.tif,0.108333,3500003043,207152
885046,144611,NUP153,M1M2,crop_raw/22c2e448f41a38a1cee5195a2b75fa6c6f7ac64fb13c621d03903f2d7a73d261_raw.ome.tif,crop_seg/470b0a73ab0a37343a16b4dc0cb38d246b37c48933e16f7f4ad8f25ab44fd9c8_segmentation.ome.tif,0.108333,3500002682,176403
800995,145659,NUP153,M3,crop_raw/a2f19f0eaf9bb74c09805779297be4964829affffca2f86b6d5f8a91a107423b_raw.ome.tif,crop_seg/bc47cc92fe706f5c66aaa2fdcf004e292db6a0e200348e1bc4090d5431f6a7c1_segmentation.ome.tif,0.108333,3500002943,195327
745463,145416,NUP153,M1M2,crop_raw/6eaba74e3680484c4b453e3b8ed7b532fca5ac6700e8bfb0536aace9d1bdb208_raw.ome.tif,crop_seg/df8c64d04234d5d3d1ef26fead857da2f786b3c8d6c968559bc40ea8093397b8_segmentation.ome.tif,0.108333,3500002735,180660
753662,142407,NUP153,M4M5,crop_raw/c5cb9d8c047145a491b80ac2dffeb81c7ee60069822eb2b3de53c1bf429d8346_raw.ome.tif,crop_seg/6ca88084a30e76a508f1476006c6b11dc34418cf893b28847a49e0269d3cf387_segmentation.ome.tif,0.108333,3500003044,207250
921825,142340,NUP153,M4M5,crop_raw/c394b78d7e3c9c09a75811d9420940a7f9c461fb7504ba59ed98bb29faa9a485_raw.ome.tif,crop_seg/7f6c0d7b75e1a0465e36557cfa203d3698be44ac1e7a0d5f7866c17767b57927_segmentation.ome.tif,0.108333,3500003044,207254
831941,145813,NUP153,M1M2,crop_raw/9d75c1724f8c3b2ec8699d189c8262395affc2cc98fe71e2659ec5777da660f2_raw.ome.tif,crop_seg/609385f422b14d25b85cd7749a28014cc1594f72b8250736937999f636ecc6ee_segmentation.ome.tif,0.108333,3500002955,196057
818259,145752,NUP153,M3,crop_raw/bae911adc0831df27ef8c3bb0b9f0eec5e1e2209adf0ee9bf26a5be943fa55eb_raw.ome.tif,crop_seg/845ce33f31bbab7976f64e07f9b8e434993620a71b455b5bf3c47c3837211596_segmentation.ome.tif,0.108333,3500002955,196032
919659,142329,NUP153,M1M2,crop_raw/483ed3e8c7480d29dc0944e4856fe530b331ed024606e33fa0b58e66ab1057e8_raw.ome.tif,crop_seg/c35df5e096f9fafebdb4a29046084d905e2d476cc71fcd52589e94f45502418a_segmentation.ome.tif,0.108333,3500003043,207158
785326,148536,NUP153,M1M2,crop_raw/2520c26dcd71d47181623eb5af120ea8fbb8b60279b3cd0330db6e7259d114ac_raw.ome.tif,crop_seg/e2fbfc0ac7b245345901d6fb7f2bdb59e7779a7bbf54ea4777e857640b033919_segmentation.ome.tif,0.108333,3500002733,180627
659044,140286,NUP153,M1M2,crop_raw/3eeb9675030fae4afec71a22d92a3e070211d67528dc71134873c356de19a42c_raw.ome.tif,crop_seg/6f9ba44997b6a1b9d01c2b3295e0d20a8e6b9b0ba78984e64b17c453868c27b4_segmentation.ome.tif,0.108333,3500002699,178014
899369,142223,NUP153,M3,crop_raw/8f4ea79ad9e66da4e7d42fd1cc404f568445799d0eccfbfc824856fbc002a5fe_raw.ome.tif,crop_seg/539ea42fd18308dd962011c3de724c191f61a64fa13da16bee6ad71449ed27f3_segmentation.ome.tif,0.108333,3500003044,207253
666480,140361,NUP153,M3,crop_raw/4290643bde6071b8c69fa4d4d710348850ed631af1cdce0b1241a52f8da00345_raw.ome.tif,crop_seg/3fe1fb0d084473f9cc7b1c1ff5736cd989e929749e64de78a2ad88143a902d3a_segmentation.ome.tif,0.108333,3500002699,177962
861856,144439,NUP153,M3,crop_raw/9e39967a3efabd732a9485f205c8743f4cde80c25f9fe0762a247524c8967425_raw.ome.tif,crop_seg/83811afa2d0528e4379ad34d14e251f24dca184cf5e91978b6e89f6b931cc36c_segmentation.ome.tif,0.108333,3500002682,176388
860008,151000,NUP153,M1M2,crop_raw/f575f16aab84a27e0c5a3c4f6001dae3157606f53d849d328b505f4f0d514271_raw.ome.tif,crop_seg/73ecaab511fb9d362e03d3b08d7816462e5183515a143653e3cd39b304dfaf51_segmentation.ome.tif,0.108333,3500002921,193709
679506,140530,NUP153,M4M5,crop_raw/683193c100dc08888427872ae7be21629919e30316869e938c1a957663d21ee0_raw.ome.tif,crop_seg/2e0cb7098a7e62db70119e2f35a0024872f83ecbe0539f5d1883f23a6e271cca_segmentation.ome.tif,0.108333,3500002700,177997
660469,140301,NUP153,M4M5,crop_raw/f18513d5e09427226486c5a87dbff2cea3979ee2fd8b47f64ac2883943e10a6b_raw.ome.tif,crop_seg/c1b316071754de72731ab1119d85ed5289a9dd41946bcde6ac92e344b9e02a59_segmentation.ome.tif,0.108333,3500002699,178018
856773,150983,NUP153,M1M2,crop_raw/a88fe42f6082017d66f076710a4bf22f3bbebafad6cdd9df4e2f6155b45a560e_raw.ome.tif,crop_seg/9b307e66deff1c2043c9d8def72c56a9de88328915499b9427a3259f98dd8ea6_segmentation.ome.tif,0.108333,3500002921,193703
792675,142930,NUP153,M1M2,crop_raw/b5ea91c18861f17c4d8c42c28db903cff7e1b47c64364b153811f27f7fad78dc_raw.ome.tif,crop_seg/22ced98be0b114c9f7dcaec60d53f992f5e1d0da54549935efc9bd0d41d89871_segmentation.ome.tif,0.108333,3500003096,207753
898586,142219,NUP153,M4M5,crop_raw/664bd3bfefbf44beeae21e1a55c38df77e7820b980089f1f3ed3db5010cb2a0f_raw.ome.tif,crop_seg/e1e079b62a33d02a2f0f5600e1e053720dd51975e171104823b44b552149ca4f_segmentation.ome.tif,0.108333,3500003043,207160
796562,142953,NUP153,M4M5,crop_raw/104af70b11f93962608bcf43ad503938cf72497829bb83fc5ab56926575d76c8_raw.ome.tif,crop_seg/65e42d6fb249ac6b1396dd255e47738eb058797ee2af2b5e4d30a89184a44e96_segmentation.ome.tif,0.108333,3500003096,207757
677960,140512,NUP153,M3,crop_raw/a189d890b482d426e678cb912202561ccb64194ae24109e92d026fa8f8f2b219_raw.ome.tif,crop_seg/4c7c8d8ebfd18fc79cd7163fd8ca08dd783df95ad21835fabc8ab348f63679cc_segmentation.ome.tif,0.108333,3500002700,177876
852890,144331,NUP153,M4M5,crop_raw/cffc21c2b9475ba6ef349214248ce14aab33cb0c9f66f5d90f47ca4a979ea69a_raw.ome.tif,crop_seg/984134f6771a9cfa2c6beffeee740b1bc1e0a85cff19017f023cfbb634cc7bc6_segmentation.ome.tif,0.108333,3500002673,175873
888631,151196,NUP153,M4M5,crop_raw/3e6ee0e2950fd6e79b609809e4ca85cd3da0ef748d5070ced45f439b7cd38c06_raw.ome.tif,crop_seg/0e73c63f6524efb927479421739a0b8d6e566199cc550a775a0a72712c1ea0ea_segmentation.ome.tif,0.108333,3500002942,195399
866385,151033,NUP153,M1M2,crop_raw/5eb8ade01b328fbc47feb88f227de50b3f07f834e09dfe6cde9ace3891eb701a_raw.ome.tif,crop_seg/dd310eb72519db44e411d0bc1b9b63c828a57d192faf3e47534bb1695ff3481b_segmentation.ome.tif,0.108333,3500002921,193666
845171,145904,NUP153,M3,crop_raw/08192b2203392aa492425c3dafc7b7c9d0220e1190266755f95369c0c4a7a263_raw.ome.tif,crop_seg/87cbd6c74e2385a7f0994a228265608972070418021d179082f99decd1082ef2_segmentation.ome.tif,0.108333,3500002962,196941
896316,151239,NUP153,M4M5,crop_raw/51508046c78140b6a582531f2486bd6285feae1e3d8871f8115b233852cc8a91_raw.ome.tif,crop_seg/7710050d044676ecbca8b19657af80c0394316ef680e6b1bc625c347fca562ff_segmentation.ome.tif,0.108333,3500002942,195394
865066,151027,NUP153,M1M2,crop_raw/1cb33ec97ca4b6c4d7ad88982ed3b7a6cfe612c5e42bbedfb5b2082e016e41b2_raw.ome.tif,crop_seg/e6a2ed7deb9f483e888f83ce64433a4c0a21b185fcdc83595cdf35e0976b49eb_segmentation.ome.tif,0.108333,3500002921,193709
858009,150990,NUP153,M4M5,crop_raw/4f75f98725e44d1a93bd0c8829b62c1ae9faf0bf8dc65963530cf45f1110bd1f_raw.ome.tif,crop_seg/bf712bd090abbf42d6825c8fd998ca3fa41eb76ea06b0ed8a4dcfdb590548008_segmentation.ome.tif,0.108333,3500002921,193651
659158,140287,NUP153,M3,crop_raw/b087dbbdf36a11ec2569aa2b7eb3bbc93779240e8857ac85a1c1743a244882fd_raw.ome.tif,crop_seg/e9214feea2fd9f93ae1a19c07072187169594bd47d377f9f162163faae9c39c5_segmentation.ome.tif,0.108333,3500002699,178014
875366,144541,NUP153,M4M5,crop_raw/951b8947f418e3da55fae29fadd26c4548dd9a7a1efa1d9e60a95ecff51a687f_raw.ome.tif,crop_seg/5474a6a734e2e9c77e3e3b92f857d3e3e697b1c979f802f6f78eea3b3951cd34_segmentation.ome.tif,0.108333,3500002682,176333
776231,145545,NUP153,M1M2,crop_raw/a5ed77eac5a4bdc560db10dc918a1989e753471e3773a362df2ca80ea093c7c6_raw.ome.tif,crop_seg/13122aaeb04a2c9e230de25a0dafd52f44da3e42251d8d889aae489171557425_segmentation.ome.tif,0.108333,3500002943,195377
904301,151394,NUP153,M4M5,crop_raw/d4764dcd5a49b572758e279c016d55850edb7e225c07552898bf1f7ee1f6aa7d_raw.ome.tif,crop_seg/a0be71a3b9a088060588b67c8b4bdf42c72c6c741b81f4b430b6408336afd123_segmentation.ome.tif,0.108333,3500002926,194431
864845,151023,NUP153,M1M2,crop_raw/10cd4613955b0925c4ffb32ed02fd30845eace4d44d0a2428ce5e46aa6a49629_raw.ome.tif,crop_seg/f3611211cdc8f4be67bfe987dc2fbac99be9ba5abc3bec77f4ebb07046d5c53a_segmentation.ome.tif,0.108333,3500002921,193666
888239,151192,NUP153,M4M5,crop_raw/1232afdb93e47a87b1ce0e3357f898ca960f14d7ed2d04d959ef85dc62939e18_raw.ome.tif,crop_seg/56cfb2da22c277f9a2b129a84855d8639993b1654d8030023c264e2a355adfc9_segmentation.ome.tif,0.108333,3500002942,195380
863751,151018,NUP153,M1M2,crop_raw/5e2ddab72287d7addd5723646e730e23ed8f06ac121595dd769753f2d191071b_raw.ome.tif,crop_seg/49cb014a0b5c702906ccef115e5119bae51539b6b84b9e7918d42cd731e112a4_segmentation.ome.tif,0.108333,3500002921,193700
910915,151449,NUP153,M3,crop_raw/9871e2f7b206583a0c31e608233b4d22f8b0c6f8bff0976122c403f9fdeb340c_raw.ome.tif,crop_seg/518f2cda4fb4f92c524e057a00ecfee0b866a9d2d59a337b7cff70345f4a4e8d_segmentation.ome.tif,0.108333,3500002984,198123
782496,142674,NUP153,M4M5,crop_raw/3daa0f4b7e244deba644c0ded4cc6aa610ec170be986d6251a1fb4ac0993cb25_raw.ome.tif,crop_seg/34954b41278f9dc9099b336588cfb138161e52fd3bf4500a093dba9d97c9511c_segmentation.ome.tif,0.108333,3500003096,207760
660959,140306,NUP153,M4M5,crop_raw/7ee63e3b755fe8ff53157fd162478ded265e40eb32cc865bed0b1a1de7c26ea6_raw.ome.tif,crop_seg/9a3604967578d398025b2852ad12b2e43aab677b0342c848337b157b130e8079_segmentation.ome.tif,0.108333,3500002699,177962
661583,140312,NUP153,M3,crop_raw/e95c6a8469a62e1acacb0455f8326cb40296749ce4bcf68908698f6f72138e71_raw.ome.tif,crop_seg/3aa424b21f0f0bbfa512a581675415ef2ab5a8da8b8ace27df751c2dc719b740_segmentation.ome.tif,0.108333,3500002699,178028
906253,142256,NUP153,M1M2,crop_raw/b502c9991ff97ae72c918f18fa0570a9505427010417fa9d3d55b1147cd08743_raw.ome.tif,crop_seg/c7d91557b89300ee55dfadf4fb5c7647dd07f4446e4f5e42aebe78f27bda6379_segmentation.ome.tif,0.108333,3500003043,207155
828483,145798,NUP153,M1M2,crop_raw/72dd509d87c1f033f5a0137d3202596b22fe8270c8b9d7e8ab0263709386972b_raw.ome.tif,crop_seg/643846ef72a75850c3fa3119c18b7b620e88607f98273f3852a7a39972969469_segmentation.ome.tif,0.108333,3500002955,196084
908317,151436,NUP153,M1M2,crop_raw/deb46a20361b51503d935efff600477e90f697370eadf2a3956a9dddd795d235_raw.ome.tif,crop_seg/10fd5ef17010a50f6901eac635368cc9d72c56f1fa16207f3a2ce44cbcb047f6_segmentation.ome.tif,0.108333,3500002984,198115
878723,144562,NUP153,M3,crop_raw/ea2b054d85a7bd7e9cf83e4bc79224e023363fccad2cccdb6c11d887bf6632a5_raw.ome.tif,crop_seg/0ee48de2d4866d19acd6376f8615ef9468487b4bd50dc0541d5b19646d4b766d_segmentation.ome.tif,0.108333,3500002682,176338
811037,143074,NUP153,M4M5,crop_raw/eb2728ea2bc5d36c53f096768215cc9f409bcd70cb38e85a5bb74b3a8bae78c2_raw.ome.tif,crop_seg/f51680394fdfe77b0c40db5f864e2d0797fddb38fe1f419c8cfd9eb27d2af013_segmentation.ome.tif,0.108333,3500003096,207755
860451,151002,NUP153,M4M5,crop_raw/ca8dd5eda89583947e76854a0182e16928268e64cc41cc8a2a963c2c13b6aa78_raw.ome.tif,crop_seg/755f5f97ffc39d0c1c48b5d51114a8376787a5786664636c31dfe45b749e0082_segmentation.ome.tif,0.108333,3500002921,193651
744787,145412,NUP153,M1M2,crop_raw/f0f461637ff436b5932a62555ba5fa585342bc0717728ac19b554b35b960e374_raw.ome.tif,crop_seg/7c1292a0514fbd135cdd300ade1e5fe84a86059df67ad769e07db6651dd167b7_segmentation.ome.tif,0.108333,3500002735,180639
923311,151537,NUP153,M1M2,crop_raw/4e59a7784163f1fc522a44d42f97cb6e53a19e78673b59d9ad63362a991b4b67_raw.ome.tif,crop_seg/b5edd507acab56cb3e0f8e6b91508d6250e715257f14b66adbe8be08d330cc21_segmentation.ome.tif,0.108333,3500003005,202314
896104,151238,NUP153,M4M5,crop_raw/75d79a83bf82ee104673d1e4e7752d1f2e07e29f56ab3f0d6e0638ffa34b03dc_raw.ome.tif,crop_seg/1738e391010f3804218fe68ba79f82a77e6ac6dd4ef85c7ce954acd085c8e542_segmentation.ome.tif,0.108333,3500002942,195440
877149,146158,NUP153,M3,crop_raw/923c296b49cff732cb69b07d1359c47f6da8002904be94f16cc5d1bf79fe22df_raw.ome.tif,crop_seg/f07f5340dc349555bbcdcfe4d9b8e80f9928b53f400e29c6e1abdb04f560c68e_segmentation.ome.tif,0.108333,3500002983,198055
908151,145122,NUP153,M4M5,crop_raw/6357ff0d88da26129e3436b815ca8093073fbc26b3b1f045ad57fb13360d9a50_raw.ome.tif,crop_seg/188c60f56ddcb65fa5a541d4f42ce8380c1f4e121f892b9e25cf53e26a15edba_segmentation.ome.tif,0.108333,3500002688,176860
888053,151191,NUP153,M1M2,crop_raw/de502bebd6414b208456dcfa21dce7e556914da08f39ad9c78fe01b4d6de13a9_raw.ome.tif,crop_seg/d3dd8d5d36a3d00b7f4873eff144083787252d365e69b81f552710cc7e51ba4c_segmentation.ome.tif,0.108333,3500002942,195385
809089,143049,NUP153,M4M5,crop_raw/65bd4fb67a4a3e1c70ad4df59d7ce64a66d4dbb96f9e6ea892db9efecf775716_raw.ome.tif,crop_seg/de0587960bc0307c586c35b6d19933c554236cf81a31b54bf8c62b1cbc7cab35_segmentation.ome.tif,0.108333,3500003096,207754
902342,151385,NUP153,M1M2,crop_raw/790c05ee12e9f5eea3801cc867d7e4b74a88f6b0a0b3b23bb3a925bd1caab031_raw.ome.tif,crop_seg/a9f39784d815c40e4ee6c778d5815c53c97c9902fca9cc841c6e89eea7070737_segmentation.ome.tif,0.108333,3500002926,194431
864614,151022,NUP153,M4M5,crop_raw/346a8d81a761baa7dcf7c7f3d8c7390a26f8dfec9e3df18eb05c6277caef3d4a_raw.ome.tif,crop_seg/81cef21262f4e3dab074b122d51f558fd9362e632a60db9daacd8b8788c30eeb_segmentation.ome.tif,0.108333,3500002921,193703
846083,145908,NUP153,M1M2,crop_raw/418d64e23b728bd98d0c9a8de01cf4d5123d11e0613f0c2baf3769362ed8ac01_raw.ome.tif,crop_seg/e3f62661ddcd32db5ef0f0bc3ce6fb8898e5f95a9be57b983818d8500db51e19_segmentation.ome.tif,0.108333,3500002962,196941
798892,145651,NUP153,M4M5,crop_raw/65085c5e477a78d4497fd8383d6ba080c95e59c33b2751aa137941bf027b5e73_raw.ome.tif,crop_seg/e1a7913a9e52677799661dcea9eafee938793d2ee6fca0379b33dc71684ecf95_segmentation.ome.tif,0.108333,3500002943,195346
898974,142221,NUP153,M1M2,crop_raw/9ae5c3de452abd1d67ca0fe53a21c697377fe0bf5d5dd7311bf0641cb8be601d_raw.ome.tif,crop_seg/cdb1dfbf90492238560ae380e194c74735e7889a1f55aafa5c636d05ccf90419_segmentation.ome.tif,0.108333,3500003043,207159
847391,145914,NUP153,M4M5,crop_raw/68f2bf6effa9ebc1dae681f0dde4d9d86843d38164aa774df581cbf0977b79d7_raw.ome.tif,crop_seg/d036ae34c51c8faccdec39f3684f41b5525be22550b3b09f9a2fb8d66146a839_segmentation.ome.tif,0.108333,3500002962,196941
858194,144362,NUP153,M4M5,crop_raw/43c776b2e078cfe1f764c99f3700ff95b3e3c1ccdba65fc3452cbe49615bdcc4_raw.ome.tif,crop_seg/30f98bcf4b5f4067305b972b69da1a9b1886e7c56eb8c0c709eba3076188313e_segmentation.ome.tif,0.108333,3500002673,175883
879911,144569,NUP153,M4M5,crop_raw/15ccfeeac6ab4197868d5df67221e3288f99a78dfd89d0baed80e9415356696b_raw.ome.tif,crop_seg/5060f4120613a32327272985f63ef2da2b50263fa9d47de89fe802cb25ebed8f_segmentation.ome.tif,0.108333,3500002682,176361
840243,141930,NUP153,M4M5,crop_raw/afae1138536f734c2baafe380f93f058eb2216fba52539124c6fa020f6fc0929_raw.ome.tif,crop_seg/ef6e6828539fe6e0cf510514d292e35bc40c69d31dec6a603b71825a79c664f8_segmentation.ome.tif,0.108333,3500003043,207155
875795,151083,NUP153,M1M2,crop_raw/0bbf22acd1d207cd5bfbae95bf749711b2c7c213079d9d3aea679fba83fe92fb_raw.ome.tif,crop_seg/b74e2b3a7b6fbfdf3c22c40e5dc72f32a2c77001a0a7253398520e5177d7d24a_segmentation.ome.tif,0.108333,3500002921,193651
788950,148551,NUP153,M1M2,crop_raw/76325a42a09537d1dc020d346d2feb5a34f3e98ed8e1af4a4dbc1cc874c57e0c_raw.ome.tif,crop_seg/b2d862bfc570782b034789ed8ce9bf13a4bd9eebce46bb19e70fee09666fe0d2_segmentation.ome.tif,0.108333,3500002733,180617
792953,142932,NUP153,M4M5,crop_raw/3835fcd21fd8f4da8b31ecd63f620f3327ab80be6b9b98e064846e6a7e0892e3_raw.ome.tif,crop_seg/6dd03f488d5f7fdd5c84f8741fe9042dc2427cacaad4ad95f5e3fb557c9b7164_segmentation.ome.tif,0.108333,3500003096,207752
879469,151099,NUP153,M1M2,crop_raw/86f1098d3e94339db3d90ba06b0032cda5e133c321f7e7710dec47e26bf1ee09_raw.ome.tif,crop_seg/d4cd0167d79b80e8c88ab816845e284a2441f1747753cac10f57d36a873e13d4_segmentation.ome.tif,0.108333,3500002921,193661
872609,146121,NUP153,M4M5,crop_raw/cbd842295dcf7ffcb454dc182a3033899ed9ae42b8379236a689b0e829e74601_raw.ome.tif,crop_seg/08ffe3d6175c9016e6c9fe2bec284b75b1f86599b0fc4fcf24800e76fd52d3c5_segmentation.ome.tif,0.108333,3500002983,198082
815923,145743,NUP153,M4M5,crop_raw/42b702ad0d0f89205c328b0bd8ce954b93757b7880864704308c4f7f56c2124d_raw.ome.tif,crop_seg/e77baab6ab60ecbcf0e8fe7a5f5c06ddf2268e35013605861d409ecbc90f60b1_segmentation.ome.tif,0.108333,3500002955,195991
804277,142996,NUP153,M4M5,crop_raw/94bc6e771d1bc6ea8b8cf0c04e9b91962400daa54110b88b285187fce305ca41_raw.ome.tif,crop_seg/643190377f195d0ed2bbf0a81e6b74db1db2b50cde45e418eed59a62bf1d2406_segmentation.ome.tif,0.108333,3500003096,207758
922352,151513,NUP153,M1M2,crop_raw/d53db80bb80d1e739181fb8535f92d46bb16fbfe9b6e1ce083fafb1db5d8a7e4_raw.ome.tif,crop_seg/6803dda1f5bcc26a4722bb8238fca5cde221c4f5ceec62ea52f3d116c35c8b51_segmentation.ome.tif,0.108333,3500002984,198100
809302,145716,NUP153,M4M5,crop_raw/1a9dd523eea43caf29a4d67826fa70bf58ab35bba2eeea6f95e86667a70b6101_raw.ome.tif,crop_seg/72dfd9da2337a19d32b7316d5fbfeb8d87c0efc2f01b13f486155e7f919b61b2_segmentation.ome.tif,0.108333,3500002955,196010
914213,145153,NUP153,M4M5,crop_raw/e36c8b2020cfd5bb15de96f257be56d5206e710fc9f2d0ea51bedffc6d8c45e5_raw.ome.tif,crop_seg/a2ccd4ba2ee267b947f755bef2047cc9450bd8841713d5dbbe1615c810acd453_segmentation.ome.tif,0.108333,3500002688,176809
659339,140289,NUP153,M1M2,crop_raw/66f2645ecbd2461c402c77e6ce98af3299cd996362a5a4e44d3e32067cb94c4f_raw.ome.tif,crop_seg/f0d12e5fedf5ba0659f367f10b9706ecfc4214675f6564618a8a79f85205afdb_segmentation.ome.tif,0.108333,3500002699,177962
795327,146813,NUP153,M4M5,crop_raw/5cab4d8449bf0954933a71cde9d2926c5cf030d0522a30ee0d06419d4e272840_raw.ome.tif,crop_seg/0cae784ea733faf59930d4c11d8b9cb646797d60f72be4c2611933a640c9fdb7_segmentation.ome.tif,0.108333,3500003116,210448
846769,145911,NUP153,M1M2,crop_raw/7432b2225e6010ffb47a50752514af416d4332de289f92338e6800e27b9b108d_raw.ome.tif,crop_seg/6d5ea349e83ad60fb23bd655581fd0105a6bc452b1f0e4e18a1e73ebfa5c17aa_segmentation.ome.tif,0.108333,3500002962,196979
671671,140447,NUP153,M4M5,crop_raw/ba93d8bd68c183493cf59833b032ab6c2d326030e58088980ecc2598e036cd3a_raw.ome.tif,crop_seg/3516eed07ead9f3cb126c6aed27870fe4b369bc614bf5e754f50a2fb99d5153d_segmentation.ome.tif,0.108333,3500002700,177876
913728,151468,NUP153,M4M5,crop_raw/69f64fede573bc3d23bd22cede89d6539a7a3a8275554a14d200b29134041493_raw.ome.tif,crop_seg/70e381134ff5a179183eea2077455db9bb9e501d53314873e43cb10209da182c_segmentation.ome.tif,0.108333,3500002984,198080
799425,145653,NUP153,M4M5,crop_raw/24ea6f38046ed6ba48d229e0a75af8d9a12fb0fa0d51145853a53e0915efa87c_raw.ome.tif,crop_seg/02db0a71ee5c0f3eee64c87c5544495b8d6910cbaae91b972148eebebc70da6c_segmentation.ome.tif,0.108333,3500002943,195346
807513,145701,NUP153,M4M5,crop_raw/e1c02ddd45819b17b3c4a19cdc14097d5ecae5f83bbd80e4fa2e98ba099f9779_raw.ome.tif,crop_seg/8c1f3b72baa6ae957fb2881c4c01b80844615157027e9ed1de7e8e50122265ce_segmentation.ome.tif,0.108333,3500002943,195306
802355,146839,NUP153,M1M2,crop_raw/f4ce22c5db31479bad8f99d8242a8eda504c658dd47ae8aad97cc2e68b80a34e_raw.ome.tif,crop_seg/b3da132368c8ed5ca847baedc6abed071946e13717c45070fa82509dc560c79c_segmentation.ome.tif,0.108333,3500003116,210449
668522,140413,NUP153,M4M5,crop_raw/392bf98173c48eb638a8a73a33493a0887e2029883fe19e19af50cc638e496b0_raw.ome.tif,crop_seg/a7687b7dd1d3333bab36a8fac9dca10b9be4ae0d9dcb42bac592862c3b432c7e_segmentation.ome.tif,0.108333,3500002700,177982
813044,143092,NUP153,M1M2,crop_raw/1107a08c2e7c7432637d94f38ab909475e266ae1b862c0e285f4df5a183d6bae_raw.ome.tif,crop_seg/194dee9041fb2a0b2fee00d3a03be2a7fb37dc120cc7e1e689c1ba9871d6fee6_segmentation.ome.tif,0.108333,3500003096,207759
799471,141724,NUP153,M4M5,crop_raw/1868b5f4c74cc03d63769130d3e2ba0e8c333c7d32f5afbaf352454732e7db42_raw.ome.tif,crop_seg/975ec90227153ab438970290ecf372e52951d9d8143bd6de9b5c7b4a8cba6986_segmentation.ome.tif,0.108333,3500003034,203858
831513,145811,NUP153,M4M5,crop_raw/2ac8c3dda5ee8fff4881c8db1f9883a1fabb07a61dcfdf2e10a522731ddc8c31_raw.ome.tif,crop_seg/51321c9e6a63785358884ff1ff489fbb58c70c4a0eec1fe9aede58313c26a7bf_segmentation.ome.tif,0.108333,3500002955,196001
831731,145812,NUP153,M1M2,crop_raw/c8d2c41c2fa1ed32506fc2f9b36bd177ab8fe325d46bf966b8a76eb6e522e107_raw.ome.tif,crop_seg/2bc4ee8522218e8f057d8104bdb808f92cc6ee88fd4d0b92a0d7b5f2e4b42640_segmentation.ome.tif,0.108333,3500002955,196084
823513,145775,NUP153,M1M2,crop_raw/eb40e6d5a6dfd524bbf93b8566251458d6684bf3143d05313f2a0fd0c504a33e_raw.ome.tif,crop_seg/9da7dbcf615f2af690e238ad5c82ad711dde1625188e1b40a30b9bb2c1150480_segmentation.ome.tif,0.108333,3500002955,196032
775968,145543,NUP153,M4M5,crop_raw/d651779300c9ab8d32ffd20f17e9a3a848942b1cd44bd06e22d48e9b2879376d_raw.ome.tif,crop_seg/b656b27672370879439bf40b80a31255f76d0dfc2fe963624b69a3ef615b4744_segmentation.ome.tif,0.108333,3500002943,195324
810758,145722,NUP153,M4M5,crop_raw/f005a44640e6ad81aba700fe2802b98e678409cee60eff1253673336a68233e2_raw.ome.tif,crop_seg/6fbaa3f42ee8b77c676fb255a2187e799149be642f2452f404c053ea6a89f434_segmentation.ome.tif,0.108333,3500002955,196070
986037,146840,NUP153,M4M5,crop_raw/590d3c7ca7b51b15ede4b922b5e699bcc43c01857c5c3d6e9f51e706fdf9b996_raw.ome.tif,crop_seg/4e5f1cae3fa70c7c38f32925dc1b3dafd1091887194e30326de204096e6c8e79_segmentation.ome.tif,0.108333,3500003116,210454
776148,142646,NUP153,M4M5,crop_raw/b12188f3b52dbdf9ce5b55e0e6395203fbd0003df5b8b42a56cb992a764bae1b_raw.ome.tif,crop_seg/80594834e52c5cb15cfd7dd6aa619d2cc69448337b3de9e9fd3592ca8b841a86_segmentation.ome.tif,0.108333,3500003096,207758
797481,146821,NUP153,M1M2,crop_raw/bff058d211729df10e207168506547c996125e662dfcf6c10b41486f6c9b0b25_raw.ome.tif,crop_seg/f0d2582ded1dcc579e7bb331abe0acfe69ccc17d1ac1d17106f20b04143999cf_segmentation.ome.tif,0.108333,3500003116,210447
786344,145601,NUP153,M1M2,crop_raw/cea58227c2df6c6a92044ab37f247b395a53068e8bb8d86d74ae88cb25f42551_raw.ome.tif,crop_seg/e5d432242d1502110ac6e9c100ed79e3ac8530cf603967b656366f0e9b250ed6_segmentation.ome.tif,0.108333,3500002943,195377
666695,140364,NUP153,M1M2,crop_raw/93c54f3a2a6101ccf1b61e36897bd60cfa7eab38d90cf7d7b2e1108d65c56044_raw.ome.tif,crop_seg/218ba32df87854f970900313faf4d4da1ccc649d375b32f010ba0261b0f8bdfb_segmentation.ome.tif,0.108333,3500002699,177936
883287,151163,NUP153,M4M5,crop_raw/0c405fda96f2eee3d76ae17c1aeddceb9d72a48d4ad8cd356fb9f2586514a609_raw.ome.tif,crop_seg/27a8cbb43949a43c41de223494be5fea3d90b31c5c2ce16b470b61fcd68fe648_segmentation.ome.tif,0.108333,3500002942,195422
876840,144551,NUP153,M1M2,crop_raw/af340d3663d49b02676587e7b4a3dab932b292c5aa21123c7f4c050a646bc88b_raw.ome.tif,crop_seg/fb481f419f6d576c976a8be90fe1f1499960228d11e79dc27ad1f9c4c5ac64d8_segmentation.ome.tif,0.108333,3500002682,176333
817152,143132,NUP153,M4M5,crop_raw/6f09a8f01742cd82e5cf54e9dedeff1c0f5ef1204e26852642d74c993e5ab637_raw.ome.tif,crop_seg/1d956759c2d530245535a8f91c6c7da9dd53e53de5882fe49384e4f3b2921b81_segmentation.ome.tif,0.108333,3500003096,207756
789339,145612,NUP153,M4M5,crop_raw/410aedf64c7cc06c0dcc55dfd340f629f82190f58a299e628c1716bd61d20b8d_raw.ome.tif,crop_seg/909c246ef6bae5ecb03482d2a50babe1660ae7a447bc195c3187d7f193c0e43a_segmentation.ome.tif,0.108333,3500002943,195368
854523,144340,NUP153,M3,crop_raw/24c3cc4847510c3810b5bf1602e4cf759e2d9f50a1fc42f96d8d043292c77073_raw.ome.tif,crop_seg/0ae6894c032a56effec193d71c0122a6540f764a11e7d4319fcfb68be918e473_segmentation.ome.tif,0.108333,3500002673,175883
780886,145578,NUP153,M1M2,crop_raw/f84fa9b7c16d089bde5b0f6b3c11c35a96f6fbc9333d289c3c1af89bd02f7c4f_raw.ome.tif,crop_seg/4cccb32024ec59707894478811549ae9a6ff8c58b9c64245bf3eda4d89b82e1e_segmentation.ome.tif,0.108333,3500002943,195382
864485,144458,NUP153,M1M2,crop_raw/2aa584f910117b2d9829cd4da75f723133e4172284700dc21e860029d41974b8_raw.ome.tif,crop_seg/5a23f37c3955545877c874307fe2343101031d0c6e0cd8e018a095041979f0a3_segmentation.ome.tif,0.108333,3500002682,176342
894869,142202,NUP153,M1M2,crop_raw/cd35f339bcf6e59508dda53057c1be99edab04f12835b5b5975257d4fc3acc9a_raw.ome.tif,crop_seg/6f2c230609a89ee1148c05ef7b4161bafcc8d8c403f09306e972a22dbc0eb3f9_segmentation.ome.tif,0.108333,3500003044,207247
925131,151550,NUP153,M1M2,crop_raw/ee43a278dfa6b692d34951bf15a13b35876d7d86d95bf9912475dd22f6175856_raw.ome.tif,crop_seg/fa46286c0fef0033c3dd2d846ccbc595ab3c020d629f842573dcb67370a9bee8_segmentation.ome.tif,0.108333,3500003005,202314
815196,145740,NUP153,M4M5,crop_raw/32221a0b6f17ee8934b9f19ec23e33dca77d310f7261c3262e43f68f533da38c_raw.ome.tif,crop_seg/6334003da0458dacea1d808f49bbd419c98080f26b11136096dbcd0d58766559_segmentation.ome.tif,0.108333,3500002955,196032
888978,151198,NUP153,M1M2,crop_raw/9e3104767a8e1578a456ccaaf4efe3209a518af72957c7b5f706da228f1ee288_raw.ome.tif,crop_seg/2fe3aeddd1097cb0a82558bc3534c81d27ae516f602e7daa4f6e0350e2193fb8_segmentation.ome.tif,0.108333,3500002942,195385
818877,143150,NUP153,M3,crop_raw/44c4978757ccee44740d639ff2d94ba711b48d433a3585045ad55d6da953a101_raw.ome.tif,crop_seg/7521d620465b3ea1dd8b4f1af7abecbd05aed4de30a90136705d53c7a739c814_segmentation.ome.tif,0.108333,3500003096,207754
794569,145633,NUP153,M1M2,crop_raw/2e5f90171316473f05e234b270d97bc52e3f2623ce6539bc6e6b04d55e8e7c36_raw.ome.tif,crop_seg/ce646bacc91104518f5dade8fc46e3bf77ec8e189c1a8f976c36a57cc1a88a43_segmentation.ome.tif,0.108333,3500002943,195293
918146,151491,NUP153,M1M2,crop_raw/e0959032be11b9d8d59fe6f8466e586ab94a8c381e29c0deafc2c64d4bf6b7b8_raw.ome.tif,crop_seg/da6a0f0d9795508f34b903c1c74039c988df7e9879a3eaf704acc06dd8d5ddb4_segmentation.ome.tif,0.108333,3500002984,198129
890720,144658,NUP153,M3,crop_raw/6595fb98fb6d005c5a53625e08df49aeb425418fcff5319d5fde554d35be98e2_raw.ome.tif,crop_seg/089ce61aa8d9aca50f477f7daaa3a839ad767b744874fac14abb8243587e6cc9_segmentation.ome.tif,0.108333,3500002682,176342
857381,150987,NUP153,M3,crop_raw/813849daf5e0d189c2c8d011832eded052b6678e54cdd07a519ca85702b1768f_raw.ome.tif,crop_seg/854d673cd409a5bc6ab5dd96c9543a597e7685d246a6c521de7668ae1cc94381_segmentation.ome.tif,0.108333,3500002921,193700
894820,151231,NUP153,M4M5,crop_raw/91f49f41666535454c0b82e9304f9d6d79c9073fda266e70a60560e8bdf49e6c_raw.ome.tif,crop_seg/20172ac98b6100f1a1a135640466106900bca14b0aeb18719f67981f05a7a888_segmentation.ome.tif,0.108333,3500002942,195390
848337,141968,NUP153,M1M2,crop_raw/8f08e381d40c49d3ecda3541a9dab0143bc547b003fcaafa5602fe03071c3195_raw.ome.tif,crop_seg/82aaf1f69265c81f2cb047e597406b8d4043042f7dc72dc8d11513fa2c78fc8e_segmentation.ome.tif,0.108333,3500003043,207153
789641,145613,NUP153,M3,crop_raw/eb5c30a99a9d147d5d53619734105a34939a45777ce9ee4937b4f9665a0b1a50_raw.ome.tif,crop_seg/18e198c088a3e9a4bfeb53827533d1c15474f229379dae8aa33c9becfa9deca6_segmentation.ome.tif,0.108333,3500002943,195332
656197,140257,NUP153,M1M2,crop_raw/52fedfda2ea5779c31eb2bd8629ff9ca472a12bd3651e519895383395f8c7818_raw.ome.tif,crop_seg/f3c6db8879a81488f1f358b805e075d6af4415ee50c12341e0654cbfe5c1d180_segmentation.ome.tif,0.108333,3500002699,178014
865522,146051,NUP153,M1M2,crop_raw/413cf4f305e3c97a2b608fe3a8b2b7ff81013fff830853c3a690a5daea35fb8b_raw.ome.tif,crop_seg/ea3af1d932c2106860bc22e326eff21ee8d923639a17184cc044bb120b51c568_segmentation.ome.tif,0.108333,3500002983,198059
862221,151010,NUP153,M1M2,crop_raw/02a5e106f5467cf2cabbce2c042903710d330f2229c4e7215d57060a99685aaf_raw.ome.tif,crop_seg/d69684cbba6cba458e73cd866d8dbc848385ed017d8e595d43154e6c7cd5ad87_segmentation.ome.tif,0.108333,3500002921,193714
893836,142197,NUP153,M4M5,crop_raw/69918e3f72152e325adac37dcc4129ab086a8932f0482c1d74fb13aa33bd0259_raw.ome.tif,crop_seg/eaaca6cd37d71ba0b1e380ade98cab426f372bc5ee0d635dc73ec0651cd0034e_segmentation.ome.tif,0.108333,3500003044,207253
887747,146211,NUP153,M4M5,crop_raw/ad1e86b05b1fe21e8fb7facf2670c0c868b6127822f96d5792775e6b0a048cde_raw.ome.tif,crop_seg/a561d2800cbc0ba6611cc85bb7648b8773fe39f1320fcc8d823c4e6de0fb95df_segmentation.ome.tif,0.108333,3500002983,198066
693221,140680,NUP153,M1M2,crop_raw/85560b899b75b6eb233afb6783bc377c0f3cbbab7e25b97e01c46532bdb84f33_raw.ome.tif,crop_seg/e747b89240d3b671c802d97ea61985ac6b80a2e544aada405557214bdccd26cc_segmentation.ome.tif,0.108333,3500002700,177926
810529,145721,NUP153,M4M5,crop_raw/7e603f5e5654dbc34ea83c9aa0c0cf30336cfc91358ea8b4b3a0647d7b3d0961_raw.ome.tif,crop_seg/ba3687c1e49685384671574029171dbd13a1efea89ae1323c5b1203e7f883e15_segmentation.ome.tif,0.108333,3500002955,196001
871110,144506,NUP153,M1M2,crop_raw/aa6482733d9df48d95b0645da59a1169f41834362ee6a3a7c13745783c8bbee3_raw.ome.tif,crop_seg/3d236c42585158aa112d3c387fc644020ec0158f8f1afbf3420b14307215e108_segmentation.ome.tif,0.108333,3500002682,176388
700526,140777,NUP153,M1M2,crop_raw/d32944769ebe603f7ee6acb517419d3998544720f8896169d01d56c7dfd9c6eb_raw.ome.tif,crop_seg/32894f6b89649a67a1a7b21daba7d24b31a0954c08dadab4aa1d7c8b45699e5e_segmentation.ome.tif,0.108333,3500002700,177991
867893,144482,NUP153,M1M2,crop_raw/960dbd5b699c2ccdb41c10d804923770ac9bb8f46ee5f5dd18cae9386390c7d3_raw.ome.tif,crop_seg/18a9233b53ee2d604e1fe32ce86fe7f567b8d7b5762771ff3d1049f67af86009_segmentation.ome.tif,0.108333,3500002682,176328
910758,145135,NUP153,M4M5,crop_raw/6c50d8d0d65e77359c7025d0d6ed091c8541e99d2860274dd1339a1941b63c2f_raw.ome.tif,crop_seg/51c4c4735047ad72e106b89aeded85cc71839f408352aa77a5dc2d611f101fcc_segmentation.ome.tif,0.108333,3500002688,176823
806749,146858,NUP153,M1M2,crop_raw/5c524a6587fc160cd11addbd892eae35ab92e450ded9e37c63fa7463aa21bb43_raw.ome.tif,crop_seg/2b8df92a2afc4a49f76b30122d305325ad60499acbafc906f45c4a2a96f1f1e8_segmentation.ome.tif,0.108333,3500003116,210452
751717,142399,NUP153,M1M2,crop_raw/23d179a9d298a7992fb32458ebf0da85c1247a12dc75036575f2261cfb5b20ee_raw.ome.tif,crop_seg/75b531b2cd457fb99a801274807424840e91cd82529e9a9ce0f959c225a73750_segmentation.ome.tif,0.108333,3500003044,207251
787311,148544,NUP153,M4M5,crop_raw/a562236dbbc75fdee91519669bc761dd6b75b68c8e4b57e9c05587d11b96f54c_raw.ome.tif,crop_seg/d4bc4b397ccb81f44c4c85057a8d9d2049f446782a54228a6972f06053b526b2_segmentation.ome.tif,0.108333,3500002733,180627
809465,146884,NUP153,M3,crop_raw/7bb10c611fb89ab495cc21b5db53e57abf815a761d8101c710b0db17cf5172a7_raw.ome.tif,crop_seg/8737495928066b5d081254c83c43d7b21b2255da312197123b6087543753d7c9_segmentation.ome.tif,0.108333,3500003116,210446
838712,145842,NUP153,M1M2,crop_raw/e4a7fbd3d5600e6c60bd452b26c8fc89926511d271ed91fb61316ddaf727f4a6_raw.ome.tif,crop_seg/d6d9ff15e68ff5f85dcb79a5e2304d2d186f57511de50682075ff75e1f8a9f91_segmentation.ome.tif,0.108333,3500002955,195988
840833,145851,NUP153,M3,crop_raw/fcf6594e1386fbb46aa301c418de249012b83687deff4858af59083a64ee9736_raw.ome.tif,crop_seg/b7820be3f99b848483ecaf9b9e8f6f92ff03285cdccd64701722950847f3dc15_segmentation.ome.tif,0.108333,3500002955,196084
665035,140347,NUP153,M4M5,crop_raw/b1179221e150e2f0cd530d7038f830d328675f678de1bbae8d03d4ee8feb9f95_raw.ome.tif,crop_seg/1c87c64500ee874f804a8fed7f87c497fb2687ea1b304fe7f1b1fa08e2e4a698_segmentation.ome.tif,0.108333,3500002699,178028
859816,150999,NUP153,M4M5,crop_raw/6d054d5f3ae9ef2f4ef016dca8eaaa20cdba6b98a93d30fcd34655c40b84e092_raw.ome.tif,crop_seg/4bf1333ca45de4b3fb1fcfdf5778f9db5479dda690e76d3eb56f28920da6e061_segmentation.ome.tif,0.108333,3500002921,193631
826589,145788,NUP153,M3,crop_raw/d1338cdb21b60657ad833d57ab7dde8ed94e14897072312c8e19688271b793c6_raw.ome.tif,crop_seg/5e926f1c45c9e8a0ffac475d691a1a4ef3740fec3dfefde8c54a826922817f5a_segmentation.ome.tif,0.108333,3500002955,196080
842791,145891,NUP153,M3,crop_raw/4914a9e81c52440f3835dd9df412bd3f1ed5ce21bf2f0ee2a129f722240ce006_raw.ome.tif,crop_seg/e6bde7194e98c106fae1afc2fccdde60a8009f720d9d01ae1e5e99a087ca3e60_segmentation.ome.tif,0.108333,3500002962,196910
694088,140694,NUP153,M3,crop_raw/52b53b4cb7b3ae815900a7855ea009a3e445eefc9b5b82048459b636072f3163_raw.ome.tif,crop_seg/89ffb2fa88f6ba01aab4fa47ca300f9011f906a4aacad421e1e60883bef71bb6_segmentation.ome.tif,0.108333,3500002700,177960
871634,144508,NUP153,M1M2,crop_raw/be5ece202f0d6c28a55732dfc21811ba5516ac3b8db91fc0edd1609a658716a7_raw.ome.tif,crop_seg/11517ff84cc8b07fb461117c523430680a7f3e68e66a4a0cab6c4142ece91817_segmentation.ome.tif,0.108333,3500002682,176324
915470,151477,NUP153,M4M5,crop_raw/443f024ad1a6bccbcf6650664d74d64a044d5bf5d89e532b83db361e6fcf93b7_raw.ome.tif,crop_seg/01a3f9317cf33303eb748f3fb0d9758e6abff161b033a8c7d7a9b7bc87199661_segmentation.ome.tif,0.108333,3500002984,198100
885186,151175,NUP153,M1M2,crop_raw/6a61f18902b61934a94e00ad7d2bb4929f4ce7cc20c277690be0844fcd868c5d_raw.ome.tif,crop_seg/c39d7314e7bd5d9bb59ca6bf27a42d481ed572f39cf56a211fb0a8b3d858620e_segmentation.ome.tif,0.108333,3500002942,195385
878163,151093,NUP153,M1M2,crop_raw/43c21290a75c419a2069697e2eba18fce170ba03a16f3a219bc23d9f3000707b_raw.ome.tif,crop_seg/97db29591a5a1423c588bec15455725bab44df0ab92a91e37e532e88248a881c_segmentation.ome.tif,0.108333,3500002921,193696
814019,141781,NUP153,M4M5,crop_raw/2e337f0912e41f24b6545321de005ad6ca472ace17e7bf4db4c0fee83380537c_raw.ome.tif,crop_seg/b7ff3c12955baf2a05fe574869bfc7ebfe58fe2e6cfd4712b76e36e1b5f2790e_segmentation.ome.tif,0.108333,3500003034,203858
918835,142325,NUP153,M1M2,crop_raw/a61b0b198648ce10811916e2e6d28eb4fda6de6d98e96b88967b72c693186ee5_raw.ome.tif,crop_seg/a299f19900f8a846b250e2d15599e4aea2715b1d9858832d024c83e2b8287401_segmentation.ome.tif,0.108333,3500003043,207159
846969,145912,NUP153,M4M5,crop_raw/35f545ba74089ea061feb4791ca3d0f484a821a76d8a4225e0b6f344a6be12e5_raw.ome.tif,crop_seg/8fd9b4f3ea91a7f19a71ccdd0405497e73dbecea08521eb4e4d54aba68ce53ad_segmentation.ome.tif,0.108333,3500002962,196982
880655,151105,NUP153,M4M5,crop_raw/5fc414f8c83f8b95a13844d2b40078994991fd927df0f5f9d91daa7addbd5bad_raw.ome.tif,crop_seg/1d20ed4498075a1970e2de702b07a195179267777fd735d233665d443a7fc68b_segmentation.ome.tif,0.108333,3500002921,193696
787472,142695,NUP153,M1M2,crop_raw/166a3f1ee8fc49ca045c68128fcaec1eb1f0d73b79b2990bc273a283117376c9_raw.ome.tif,crop_seg/de698203d49cfac8114e7426a61203d1bf9f2c524381ef5bb6248ad6329550fa_segmentation.ome.tif,0.108333,3500003096,207757
873047,151068,NUP153,M1M2,crop_raw/ce379f1ae46b216d78e63f4066fabc37319ad0b2e9ab31c9253a4b620750dde9_raw.ome.tif,crop_seg/0d4bf05e2dbdcbc5252eec4fc6661cf1ca518523862e988dfc3f302219670795_segmentation.ome.tif,0.108333,3500002921,193692
832872,145817,NUP153,M4M5,crop_raw/83045374ba4b77fa5b0e6c3e245e05c36baa06c8e36bfd00a0626327d998f564_raw.ome.tif,crop_seg/01e0b0bde44c11a25871526d2ca09946babc5fc076b9ee71b7dcdfa9fb1ae7e5_segmentation.ome.tif,0.108333,3500002955,196060
845566,145906,NUP153,M1M2,crop_raw/daea30b0fd36ecec537f53e88a91d94fe719646e3d9664600e54612050d3714b_raw.ome.tif,crop_seg/28b155ff2c9740d07b6b6e981a55ae4ebf1aba33a4fe1d3536d8478fab2e1e92_segmentation.ome.tif,0.108333,3500002962,196945
815127,143112,NUP153,M4M5,crop_raw/fd04274d2a7f0dd829c51f82c2cc1ed91b62eb9d72a2a2336e736e32dda27e4a_raw.ome.tif,crop_seg/016f3d18774882fe8aa5637c4ce7cc9a305b8f71bf1cb74354c24d8f0e0fd03a_segmentation.ome.tif,0.108333,3500003096,207760
815716,145742,NUP153,M4M5,crop_raw/e9fb83e8b4c3485e7c55d32df4cad0de0df44358be36a0878c87e4e05a153253_raw.ome.tif,crop_seg/d77dd981907cfee91ec68d8fb8b75f6a84e87db9d8e877f67b57802a23253387_segmentation.ome.tif,0.108333,3500002955,196060
803077,145667,NUP153,M4M5,crop_raw/1ee9f1158a4483bfeb08a63ae1996d7b341432e6b74edc5d9f9d38409e7529cb_raw.ome.tif,crop_seg/c6931eebdd41182c66e2c96702ea73b900368dc3ea494f46e31c3af2368f4177_segmentation.ome.tif,0.108333,3500002943,195320
914705,151473,NUP153,M1M2,crop_raw/bcca97cdbcac13a0c4d25fed99604bbdf90d9f48786123d379f5ab9590f7ee58_raw.ome.tif,crop_seg/4a8f4864e9759f71ee85830018b359493bd727e877069df21fb9661b93ced8b1_segmentation.ome.tif,0.108333,3500002984,198129
876223,146151,NUP153,M3,crop_raw/a0669c27dfa3c5afcc25f6e004d480b6156dd685e2772cb6fc3313d96c8be0e6_raw.ome.tif,crop_seg/c929ccdf762ee22ae47d30459cd8568e415a9e7b55dcc98109efa4f513eeb59e_segmentation.ome.tif,0.108333,3500002983,198062
661059,140307,NUP153,M1M2,crop_raw/4e72a2344fcde80c8b53e76ae87431f152ddbf1a09a4928f66d857404beee38e_raw.ome.tif,crop_seg/90627fc93a2760e20d0421b7e7b38943c67363db9f4fc4dabdaa46335247c685_segmentation.ome.tif,0.108333,3500002699,178037
802052,145663,NUP153,M1M2,crop_raw/464b140acd0853a2b8c8d9380e07af268a6af5306a722a3d129357b7d7aee427_raw.ome.tif,crop_seg/b8a256f1176dc2ee16bd68cb53db2d59e68e1323fb420cc92ad8a3e7f6337cfc_segmentation.ome.tif,0.108333,3500002943,195327
813526,143097,NUP153,M1M2,crop_raw/64e66167fa314180fe4b2e629753fe6b9ce8054d8b4d2e086982c6ce4950297b_raw.ome.tif,crop_seg/d6dbcd27213bf7ff5d06533b131598f071210cfc979766b07dc878961fe1b3c9_segmentation.ome.tif,0.108333,3500003096,207757
912019,142288,NUP153,M3,crop_raw/7afa31a0cdc6b73841dc30be655fe0180e1c9239da31f1fd0840ef45805e6559_raw.ome.tif,crop_seg/18576aa14edc29b78c63819dc0e1b0e3e7f82cc1a3615e23fe0548f473534fd0_segmentation.ome.tif,0.108333,3500003044,207251
658578,140282,NUP153,M4M5,crop_raw/630a239818351ff0c1c39bcdcf0137e840d6789310d4ca4eef3e254c3a5ac692_raw.ome.tif,crop_seg/a1853019d7f360dce9c2d52dfc96563501795fd95c7412c871cc23a04170979a_segmentation.ome.tif,0.108333,3500002699,178037
693048,140675,NUP153,M3,crop_raw/0a20bd0be347aacd694a5ce0a883af863a8b70c663fe332dbda23304bcd6c8c3_raw.ome.tif,crop_seg/67a7b14cd8d563fff9b878c0ef1ebf4e2eba47b61e20aa4f3e0b0915be39008b_segmentation.ome.tif,0.108333,3500002700,177864
751254,142397,NUP153,M4M5,crop_raw/34668e972ba30e075c717c9b1096fb23f2953a31474560ff2fbbd2a8d323e593_raw.ome.tif,crop_seg/9f123803b75132519e0cbf0078de113025975d54d70bd5419d0e1184e6603eac_segmentation.ome.tif,0.108333,3500003044,207253
787432,145605,NUP153,M4M5,crop_raw/349644a55874f9c619036fce5d1b4de2a25c4253e0d5198fc3b9029729c6b576_raw.ome.tif,crop_seg/e6ead650ca0cea50826dcf3ab413c9859a47c18ace0bcf5d821b95e28b5000f3_segmentation.ome.tif,0.108333,3500002943,195311
686789,140604,NUP153,M1M2,crop_raw/4ca2d6908614f76ea4f2befcd48e2c1815b5c777e9daacba9ba65daebf43f300_raw.ome.tif,crop_seg/aa5d612113b256b260c2f35b08b860f2d45f005bb693c547f1d71842c1e78a2d_segmentation.ome.tif,0.108333,3500002700,177871
913421,145149,NUP153,M4M5,crop_raw/c405081cf0ae3d5d6715b7f7a5c2498066158d5092b10c26d202b486e2cbd4f7_raw.ome.tif,crop_seg/2f339a87d12604d82ab6498e6c98a494b5acaaf212d24d27bb470367b99c46e6_segmentation.ome.tif,0.108333,3500002688,176814
814851,143110,NUP153,M4M5,crop_raw/77f013704408b3ed8c3b6c89234dfa85140237e911ee74bf1c229bf399e8e1d0_raw.ome.tif,crop_seg/295cd657a59ca72b79e012280629a25ffd63204f7560b5abec2b2fba7f6aa993_segmentation.ome.tif,0.108333,3500003096,207756
803130,146844,NUP153,M1M2,crop_raw/ef8f8f1f598cf89cfe9d2c65a4bdcfa00ecc8068e2c6b7b3d9790b855fd6423f_raw.ome.tif,crop_seg/b9e9f2493d091f04959b9f3866520c9ed74afe37283eae336f93f67acbd15920_segmentation.ome.tif,0.108333,3500003116,210451
681653,140550,NUP153,M3,crop_raw/116b44d54c469e290e688ee884d1f4f2ea73cdec73621a6f5657c586995d3f78_raw.ome.tif,crop_seg/babe5ef2fab5c0b965597e6a8608a5bd05511870c4d59b3ce747456f0470ca51_segmentation.ome.tif,0.108333,3500002700,177982
663202,140328,NUP153,M4M5,crop_raw/4d34dcd8bd99c5d4fed8b5dae0f9c9cf5971aa73f0811fbb696dbfb5001fbd08_raw.ome.tif,crop_seg/85dbcba7f0ddaa78c90931a28bf323cf86ade2edd8633dbda94376d37db71b87_segmentation.ome.tif,0.108333,3500002699,177981
687858,140615,NUP153,M1M2,crop_raw/56b5435a42acf8bb8a496af4606ebf3e5f2382f867cbffd56d08246f867f553d_raw.ome.tif,crop_seg/6faa0d0d230733ba9d8765c495168cebb7127891353b049488f0b72620324c68_segmentation.ome.tif,0.108333,3500002700,177876
794212,142941,NUP153,M4M5,crop_raw/67f2d136c93d370c50622228fd64f3f4fdd98285257b60bdad5b65f4c2331400_raw.ome.tif,crop_seg/3ccab6d5a9718f4e6a0d49a560a39d752a8bbbf7c0d023187d54ec7537b4d2f7_segmentation.ome.tif,0.108333,3500003096,207760
909105,145127,NUP153,M1M2,crop_raw/effc0116efee132e7f81e888a3d5efa46a42c56ad8dd09351814929e0d0dee1b_raw.ome.tif,crop_seg/0f672d263bd3a33cea91fa636d5faaa7ef988a19eb2f5d008ac88e8832ad2516_segmentation.ome.tif,0.108333,3500002688,176832
870298,151054,NUP153,M4M5,crop_raw/54bde2c1f4940152e6b33f779516111de157c6a6a94bb662ee0701fa3318a544_raw.ome.tif,crop_seg/4ca3b6c2644a19f0efc119f2276203cc44779293ae9c972576ed6c289f5acf13_segmentation.ome.tif,0.108333,3500002921,193651
911551,151452,NUP153,M1M2,crop_raw/203af9bcea9d13d4f18cb91f660308478f8cc54feab546c40e2ec00b2e32400a_raw.ome.tif,crop_seg/82e4ff404caa8aa249cf1a398d29111098d0e165fba2e82a7ec9f3c389b87a02_segmentation.ome.tif,0.108333,3500002984,198076
885104,146195,NUP153,M3,crop_raw/0e130e138e2b28a786c013e128128efc4622e57e145a17bf9f1632d626c260e4_raw.ome.tif,crop_seg/e45b3a113d99f41b423ba560979aeee36b1cc0d49f520c4781129ad2766400d6_segmentation.ome.tif,0.108333,3500002983,198059
921964,151511,NUP153,M3,crop_raw/da27b40c4cc114b01ce156c25ef8b278fb5b673e3ece0df2070df3d5fc20619e_raw.ome.tif,crop_seg/4f6ddb7b61ac832ee3402b7501191b528d1034cb12261659444a3570d8ded91c_segmentation.ome.tif,0.108333,3500002984,198132
783054,142676,NUP153,M4M5,crop_raw/bc79bae54b572f600dfc746c851c030e0bf438b861e384c7821b3349f7e41f32_raw.ome.tif,crop_seg/61429062ce18d8b1655b5698989c675c81f4194dd1985891abe09dc806e76a1a_segmentation.ome.tif,0.108333,3500003096,207751
779129,142658,NUP153,M4M5,crop_raw/5aa22d7fe1136268eb2b9b964cfc844394614c19eefbb4fdde1a1f2b1f926d46_raw.ome.tif,crop_seg/542a5dacbd203bf2c4ba49a3f403d109c785076527ac60a8890105bcec17d496_segmentation.ome.tif,0.108333,3500003096,207757
699044,140762,NUP153,M4M5,crop_raw/b80f49d5b7551ad7de8117704f3ec07a63468dd852cfe1e075d264b72d0859a1_raw.ome.tif,crop_seg/56a0c7ecc76ccba69248c14187c28052adb2fd38d4804d76fafb10e5bcfd5c43_segmentation.ome.tif,0.108333,3500002700,177912
810307,143066,NUP153,M4M5,crop_raw/7bbea274e5bcf093c646b03c1379fb062e57d0bf33b53c26d413644dfab980f5_raw.ome.tif,crop_seg/954e82695aeb27b9b917ac03ec4e17088d90483c9111d5d622effed6ec386b2e_segmentation.ome.tif,0.108333,3500003096,207755
900211,151375,NUP153,M3,crop_raw/485f4a5f5c1b4e0983320f9053d949de65eb54d5fc28d404399ed2f9e699c99c_raw.ome.tif,crop_seg/f14a9f6e75351bf4d406c64329ff47d31f8281ad328966c98474952e377c01ed_segmentation.ome.tif,0.108333,3500002926,194510
844948,145903,NUP153,M1M2,crop_raw/c3191e6ef63e98d923df6191690e4d2c4d77394a8543801a81b05e8993d80905_raw.ome.tif,crop_seg/35bff056b6b4e452f2978f3ea29134370b383451b2e7e5f61a2161c612526507_segmentation.ome.tif,0.108333,3500002962,196941
827839,145795,NUP153,M4M5,crop_raw/874140d25c81598e8c23d9e7be4f32301a3c3990f961d2c68d7f7cb21250cc7f_raw.ome.tif,crop_seg/3a06609355a165534732e874e3b7374d26d89d3d13bd13077f43c892437e0367_segmentation.ome.tif,0.108333,3500002955,196087
898724,151368,NUP153,M3,crop_raw/aa1ce08679786d6709547dc76257d20d294a553f9c0d2307a38ab02688590232_raw.ome.tif,crop_seg/a64dd29cdd3f74d48ffb9f1225748479f119020689c60bd97e6f2ed9403adee3_segmentation.ome.tif,0.108333,3500002926,194504
895218,151233,NUP153,M4M5,crop_raw/adcc0d08475440157dd695e08f815c2fe98f104c0694446e8ef7c8214a9e1757_raw.ome.tif,crop_seg/b04e5b7c4b229b41f81322dbff3a3a5c94e004bbf36a295b3bbf983e779fd0ab_segmentation.ome.tif,0.108333,3500002942,195394
798345,146824,NUP153,M4M5,crop_raw/a670a52799cc75d15f62d4b2be726013aeaf018b629f77010360a9c96cf2df5d_raw.ome.tif,crop_seg/7097e856671998ce13da2861c4d6f70293381d5bd5289999eaae3412a474777d_segmentation.ome.tif,0.108333,3500003116,210447
775729,145541,NUP153,M4M5,crop_raw/73eec8f20e1a0beed529e1ba967b190d151cf1a5eddea4969bd0139d85f11711_raw.ome.tif,crop_seg/315a46b26997733024cbac3bd6733d1bb3a43335b3bb37fddd097f4453e0d34d_segmentation.ome.tif,0.108333,3500002943,195306
893225,144678,NUP153,M4M5,crop_raw/1039cf34db0e207ad8b982064342789b3f40e817045981cdd34c04ba9614be8c_raw.ome.tif,crop_seg/e43d8617add8bf9f46d24e6701a3400e6b564d49c0f1eac51a9772957ee5c0f7_segmentation.ome.tif,0.108333,3500002682,176357
897738,145072,NUP153,M4M5,crop_raw/d63e52b8a284ac2a66d1cace6dd6a87e04b6ff464f846d1a00b4d15f755f2784_raw.ome.tif,crop_seg/9502b47030ca95fc39dad5ce5a0f9ada14e78c720efc8527517cb254bf8129f8_segmentation.ome.tif,0.108333,3500002688,176865
886911,146207,NUP153,M4M5,crop_raw/e86c09f6216e275d5938959ec241b42e8edea6a9f38f4f75052ded6a685e05df_raw.ome.tif,crop_seg/729aa169f7afe8cd732b5f8eab52267131d549524611e1cc9d8330eeb348b90a_segmentation.ome.tif,0.108333,3500002983,198066
851104,141983,NUP153,M3,crop_raw/f441cdafe662cd86bf473187ebded52162a1c62f5c21bcf978a08d354b480627_raw.ome.tif,crop_seg/497d61eafb4f39e1b0c1568cf9e9e86995ca727da4bdb977cb675db7b7bbc5fb_segmentation.ome.tif,0.108333,3500003043,207151
902835,145097,NUP153,M4M5,crop_raw/07b573b86c0cf631ab8d976ca83b687196905dfcbcac408676084e597582e35a_raw.ome.tif,crop_seg/93d1bb9b67a7b1fb7fabef40ed7c8f76ceae4b8e4a0645b8a3f70f0011fc6abc_segmentation.ome.tif,0.108333,3500002688,176809
809703,146885,NUP153,M4M5,crop_raw/23619ce86319cb84f5d9f5098e97f108169627ae664f8386076076cbe9f6f2b2_raw.ome.tif,crop_seg/b59e82f896b67b53490a171d92485eb007e718d5c40576935a0385cc5bc7524d_segmentation.ome.tif,0.108333,3500003116,210450
665512,140352,NUP153,M3,crop_raw/256c6df891c98673f318a8a4c150453d172b6e6c7d1aeb458078f81bbb68b4a7_raw.ome.tif,crop_seg/0ae8bdc405b4925aa4e2d5b6ee417576eaa015081ed8459fad217b21f0cc385b_segmentation.ome.tif,0.108333,3500002699,177951
851317,141984,NUP153,M1M2,crop_raw/54ea7e9966decc65e122f664ea731238f1c962b70a4d1d44b07fde94dc5fe463_raw.ome.tif,crop_seg/194918e656d6504fe82b2f306361e25ae085dd56ec03b86bc09e78acff3c9241_segmentation.ome.tif,0.108333,3500003043,207160
826953,145790,NUP153,M4M5,crop_raw/3030bace7024e9cefcd67b5d93c98f9600eff0c0810dbc9f891cf51618a0341a_raw.ome.tif,crop_seg/7d33e8e0194a4da6e514ebe33dc8741942a6518e172e2881d07a616e2cfa57d8_segmentation.ome.tif,0.108333,3500002955,196027
857755,144358,NUP153,M4M5,crop_raw/fbd91cf01ea078e4b357122ea008ba90bb58524eb6752fac7f92f13021a7a046_raw.ome.tif,crop_seg/35fea009cce584741c79bacf31e554b4c343ffd3ce788b51dea36a5680cd3fac_segmentation.ome.tif,0.108333,3500002673,175930
787583,148546,NUP153,M1M2,crop_raw/33fe5fb6b5f15b88c7a581890487b9e9f9afa9650512611d690a87ffe7745e2b_raw.ome.tif,crop_seg/ce9ee215f04bd3fb4b91e16d8873dec538aab9791fddb6d89e5f98b37807ad48_segmentation.ome.tif,0.108333,3500002733,180697
864935,144460,NUP153,M1M2,crop_raw/10c99c142f9f02583a086d95176a8893daf5242f7eccf6105ec963401f74e568_raw.ome.tif,crop_seg/ab96fa6f58d1fc43e464d255d272caa1835a1b93a4266e2d84e52265d1ee7d1f_segmentation.ome.tif,0.108333,3500002682,176393
899805,142225,NUP153,M1M2,crop_raw/3c26c68c3fc9d826f4e83e2a2ce584281cc40486c7807143d9ec087f9bd46e15_raw.ome.tif,crop_seg/75991bf73c422464850425d627512688f9abeb14ae34ef1183806f3a22442a0e_segmentation.ome.tif,0.108333,3500003044,207251
918602,145175,NUP153,M3,crop_raw/60943b5f6191c38630969fcf2569cee9ee353cce5551a93188b50342b3f8966d_raw.ome.tif,crop_seg/b439389161c9eee2e3c6930408c72edb5c363e6472cf79cdac9538d07e1aa3af_segmentation.ome.tif,0.108333,3500002688,176876
664209,140339,NUP153,M4M5,crop_raw/31b43a8fb49f202780e632eff2561779cd38420a872974d377845e7c1e8f52a2_raw.ome.tif,crop_seg/8222a4a990b74c4c9af4323aac0f1a385363a25d54370e82d1fbc33a66aae466_segmentation.ome.tif,0.108333,3500002699,178023
804412,141743,NUP153,M4M5,crop_raw/b4abf57c947da5cc66ff36d7aff68df50524c87b64fdc829386b4d910b4f3435_raw.ome.tif,crop_seg/68306fd61df3be5165e745b2206c6ae413a2b1c6a57cdc11104b6db6d939755f_segmentation.ome.tif,0.108333,3500003034,203854
907758,145120,NUP153,M1M2,crop_raw/b49f6167b854c6667996517e0dfc279f9a1c177145270d663434e6d66be594f2_raw.ome.tif,crop_seg/4fef79a49fcca5abb1884f02e660e4f736833940d982435e760139921d692c22_segmentation.ome.tif,0.108333,3500002688,176860
802112,146838,NUP153,M4M5,crop_raw/64a8d5b87a5e78dc3682dac209ebf2ccf7716d526fbbaac42395086796c78a8c_raw.ome.tif,crop_seg/a55045fa76e34c9c1654cbe9ed41db10ec15e325f0a7849b5c7850d75c0a43e9_segmentation.ome.tif,0.108333,3500003116,210452
655863,140254,NUP153,M3,crop_raw/44e64044c13614a644371ec0a2c1e89c298567870c34e609fb85832a5d6e620b_raw.ome.tif,crop_seg/c577e0afc557d72c19fb1ccb1e6072a4f434b58a0e69999831db2ffe912d1cff_segmentation.ome.tif,0.108333,3500002699,178037
828706,145799,NUP153,M4M5,crop_raw/e2b402e81023beee1401ce8919a210c6f9d5b4b122d3d2adbb0f9dd32c3056e0_raw.ome.tif,crop_seg/e9735de60aa2d158a78d3ee1907f042261c728d10903e781882ccfeb10561898_segmentation.ome.tif,0.108333,3500002955,196001
811965,145727,NUP153,M4M5,crop_raw/0193929ebdfd55ba9c03027adbb05f49ba3982960bc3092693a240a9559702dd_raw.ome.tif,crop_seg/29fc58e6116cd70947e405fa60c5800326d9b409e697b58ba5fc4debac90d5c7_segmentation.ome.tif,0.108333,3500002955,196087
904590,145105,NUP153,M4M5,crop_raw/517fd5dd4d6f05694e8bbc8c68cac343ee8ff783276463675cd32a8dfb7ca507_raw.ome.tif,crop_seg/d7a4acec6fc40a98d1fe368c824ee953c7eaa276960a74646605193ec4f45975_segmentation.ome.tif,0.108333,3500002688,176818
797217,146820,NUP153,M4M5,crop_raw/40347f4f85fef6fa954b9ffda725d11ee312d42e163f52b91e1de26593c1124a_raw.ome.tif,crop_seg/76a2b4bae93a9569f7062d4c572c1dd92a462529a4b075fca6a7eb0e36bd137e_segmentation.ome.tif,0.108333,3500003116,210445
814961,145739,NUP153,M4M5,crop_raw/cdf7c241e9bd0901cb40a55d79baeb56f3e93c64a892f264722a9108e0b4a82e_raw.ome.tif,crop_seg/708c21c7b4583f2338ec16f35362147d929856a8ecea39c64bebb768d697e01b_segmentation.ome.tif,0.108333,3500002955,196010
819451,145757,NUP153,M1M2,crop_raw/071ecd1894ef41a59cff7e67dd835fe1836b65f4b7a9baf158166f26cc38cd6f_raw.ome.tif,crop_seg/08ed1671e2330647fea85dfeacf08265a0d54d2886de83e38ab7d8634ff26e3a_segmentation.ome.tif,0.108333,3500002955,196010
914536,151472,NUP153,M1M2,crop_raw/945527a58f1a0519982643df08549c6ac5852f8e8f4f4d35a5b4a7a564995bb8_raw.ome.tif,crop_seg/18e7b44134cfadd7513438ca30b9c82b1a56bc273704f3f74235d524f652d2bd_segmentation.ome.tif,0.108333,3500002984,198080
915544,145160,NUP153,M4M5,crop_raw/e91c7bcdcc7c9c3abd2bc7de4dd92d41488fafc8a61c5a7d664c01fbeccdacd5_raw.ome.tif,crop_seg/f6200e94f63ecb94c67944204f7d11b2e20c67f2073e0408ff45ec1eab8b8c7e_segmentation.ome.tif,0.108333,3500002688,176865
903403,151390,NUP153,M1M2,crop_raw/9a06a6edac8ceb5ab77882373138f0c88b7d589278aa597cadcb97350c182e10_raw.ome.tif,crop_seg/7cd1292f386cdfa6719fe73af612d1f8f6f4c2e2860adf0c7c731a0eb527d0d3_segmentation.ome.tif,0.108333,3500002926,194499
660622,140303,NUP153,M1M2,crop_raw/60104b969c542a9f801d212e01b188a3cc29388c483934b47a41c9ad8755825b_raw.ome.tif,crop_seg/0725ba2a03ce10acd674a653bd83647822ce1feb0e4c82b638c036eb818c415c_segmentation.ome.tif,0.108333,3500002699,177962
837482,145837,NUP153,M4M5,crop_raw/6987105cdeed07eb0d47d39b430221f621feb71ff0ba40ec7cc2f358cb67c147_raw.ome.tif,crop_seg/a10bccaacd8f4fe5c52c3057909a2544281bd083bcbf7ed1139ea6c477f3bc5c_segmentation.ome.tif,0.108333,3500002955,196057
870834,144504,NUP153,M1M2,crop_raw/ba84079473ebb894d128c4dda7bd8767773624856b072cf99175d0e8014c4fc8_raw.ome.tif,crop_seg/4aaab86fb6e670dc7ddd4694b155d1a9a3878b56501e6f06b8c215c2dca34e1e_segmentation.ome.tif,0.108333,3500002682,176328
907424,142262,NUP153,M1M2,crop_raw/0160a3aa10739102ed1a2a5cba0bd61614e48e5748451d3601cfd970e1749266_raw.ome.tif,crop_seg/ffcc52b8e23f8e4fcdea64b213183a0ff9ab1b251de7a295247de28d0a842ed5_segmentation.ome.tif,0.108333,3500003043,207157
744960,142370,NUP153,M4M5,crop_raw/c689979d13bf514445c2fec5809003fc22f6f6759c87b966a19561cd336fdc02_raw.ome.tif,crop_seg/7b0d6a63751e525197b08bf54e1496cb4563f1a1a80df4a45f1aed0f37c92e27_segmentation.ome.tif,0.108333,3500003044,207255
678478,140517,NUP153,M4M5,crop_raw/87c8f8c56b3f0469dd6a3e5b7d30e06088bca120a487ddd817007db7bc13699a_raw.ome.tif,crop_seg/fb1c83c03f697bc1c346aa311e4eca86898cddecfdba05a4dfaa1940d28146b8_segmentation.ome.tif,0.108333,3500002700,177919
834843,145826,NUP153,M3,crop_raw/c15ee16a69c7f7c48eb110858c9eabba257c7d262575a705b0103238b84e8dc8_raw.ome.tif,crop_seg/05db9532a3930051450ace6743a082d353023a398f6524d20b6baf6dc34702d6_segmentation.ome.tif,0.108333,3500002955,196052
658495,140281,NUP153,M1M2,crop_raw/ffe417cfa15a42ff129f906470c811c3698512e14d7f1e88a2d55e07a84ebfe4_raw.ome.tif,crop_seg/74772b8c6305245d67d2d59701fc6f7b67bd19c31856056ceb7bca7def471233_segmentation.ome.tif,0.108333,3500002699,177971
874151,151073,NUP153,M1M2,crop_raw/be1645c2a35ab0776e3372c74a9854787d2cc7f8b59ba6d519ee4ae33dff8084_raw.ome.tif,crop_seg/e1c61598c91ffc22279e3ad5dff2e255ba7ad7ef7d72b25c979eefd2e28dfe9a_segmentation.ome.tif,0.108333,3500002921,193666
903040,142240,NUP153,M1M2,crop_raw/d59406963a3688e25e5d079a5303193f8ac56185f8ba555ee412070251a6a8b7_raw.ome.tif,crop_seg/5d96698e27b2d88ab95f0be4d485004fe62d823ae0320a1b57c67c0e9cab19ba_segmentation.ome.tif,0.108333,3500003044,207251
914249,142301,NUP153,M1M2,crop_raw/1e9a34d62ec26580424af075504585742677e34881b3be375b2ab828d8f21a62_raw.ome.tif,crop_seg/cd29189e261932614d1dc5266b079896ba2de0f96122813e3cec750531946966_segmentation.ome.tif,0.108333,3500003043,207158
809129,141761,NUP153,M4M5,crop_raw/2a2b8e8817b4f96bea446ed5e36eecaa5ff057ed6043532feb045e8cdca9c9c7_raw.ome.tif,crop_seg/e3025a8ce8f0d21cc623331fe7fde5b9bceb6052ba644f915d916a7e20a2f621_segmentation.ome.tif,0.108333,3500003034,203857
800768,145658,NUP153,M4M5,crop_raw/cf63e8b7974b88e7765150cb34ca370ef218020ee8da39a40d0973ed465ccace_raw.ome.tif,crop_seg/0c9abf75e6df98c7b2ce2f6a4ef12a32cde321a1815f32ac63d3c5e876e2b5b7_segmentation.ome.tif,0.108333,3500002943,195315
781191,145580,NUP153,M4M5,crop_raw/d7a8f9509c27eb0fb4e8d8ce06c075d4da5d740e04173da3d4b0a0501110c5df_raw.ome.tif,crop_seg/e71678b1fcda1e25406a6db156cf6141e7c9f143bc0edae68137291e8b2dc0f0_segmentation.ome.tif,0.108333,3500002943,195311
661700,140313,NUP153,M1M2,crop_raw/7e484ba59e9eef632429dcf3e05c19fb2aae9bb83af1cac39e569f9349ed953d_raw.ome.tif,crop_seg/bdb1c74cc7392f6fe3326f1c5eb323d30b57e6cf3ed8288c3271731c42f73b0b_segmentation.ome.tif,0.108333,3500002699,177975
863843,144452,NUP153,M4M5,crop_raw/1f5cb561c4494616dcd38678a29878d4b134afd6850c0b222d5c1f1380cfd343_raw.ome.tif,crop_seg/d062fb626af65c75154c77c464e2cb7275e4de9323835ca0a60cb482247171b2_segmentation.ome.tif,0.108333,3500002682,176388
900618,151377,NUP153,M1M2,crop_raw/d710988262da5a262d5f97ace8ae44cd5ee181b096994ad22061e9a480cfb1e5_raw.ome.tif,crop_seg/4e881374ca26c71ca58aecfa19fda297809ab7f5179991b8ee03548a194e3fa6_segmentation.ome.tif,0.108333,3500002926,194420
665953,140356,NUP153,M1M2,crop_raw/e6bf6b628c6da51432a44bec267d4659e2133a8fb911613e577875634b118766_raw.ome.tif,crop_seg/69b4daf3b1f99b33cecdea751930bb2d3e9c176f8cb319c2496647d67681d139_segmentation.ome.tif,0.108333,3500002699,177962
778543,142656,NUP153,M4M5,crop_raw/ce9d4bff865219330093dd1a952c1b35b041f8528152dd16333ddb283fc7afee_raw.ome.tif,crop_seg/33ce4d06139e949cf14e7633d8e37a1b75112672d8248cd82a05cd48fddf3df9_segmentation.ome.tif,0.108333,3500003096,207754
814699,145738,NUP153,M3,crop_raw/52cc632664852298a8b6f85c97ac4be325f8eadafa7c95e8caa9114a811028a2_raw.ome.tif,crop_seg/720dbd2b48bb74bf381fe9b75f5f519726c915a7ad729f27debbf72cda504fb1_segmentation.ome.tif,0.108333,3500002955,196001
887519,144628,NUP153,M4M5,crop_raw/362f244e6125a8ce445f79a3b1a8f7544c51db99b927cffd346ff3f2cc2a9340_raw.ome.tif,crop_seg/da19de03dc2df95ed5bf4933c49e3fba78ebb4cb1eed9b2542b5f0c4637acd20_segmentation.ome.tif,0.108333,3500002682,176403
915280,151476,NUP153,M1M2,crop_raw/064bfbf7d56587758951b087df32bdd389af05e73379f125cebd091a65ca2ccd_raw.ome.tif,crop_seg/b630da55e8ad1b2252eb26a68c88caed5634a95f02eb53e050910ba254fb6f4a_segmentation.ome.tif,0.108333,3500002984,198126
675174,140483,NUP153,M1M2,crop_raw/59cc43c26b48d10a642381b155e3a60014d80e68553b5ecc66ea4f23bb1d615d_raw.ome.tif,crop_seg/5d2354374581ea9d76a008f81333f5cccf5f73ce2d268498912b52209f1f81c4_segmentation.ome.tif,0.108333,3500002700,177898
828256,145797,NUP153,M4M5,crop_raw/04899b4a0f7c495c0f847e65429f989abbe9df6716b08d299dc46b333334773c_raw.ome.tif,crop_seg/f5d3bbce1b2e4d299acac598410c77c28733dba751575cc3ac0d41206b3a2bc6_segmentation.ome.tif,0.108333,3500002955,196010
893961,151226,NUP153,M1M2,crop_raw/6b0fbb719938e0066ed6b4e779cfa697f5e9daea2d97749fcd1a501d20aae775_raw.ome.tif,crop_seg/b4bd76b67fbb91c40a8cb2fa80f7e13c08b1f1ea92c7f3af2ed8676b5ba5d93d_segmentation.ome.tif,0.108333,3500002942,195413
844395,141950,NUP153,M1M2,crop_raw/daf2b19b492de2ac271b48699014d41bfc7570b1bc3fed86cb5817aea9e51c01_raw.ome.tif,crop_seg/4e99a65bc66246034b4e5ac671c39e753b867b54d93dc61ef39849df1faf48cf_segmentation.ome.tif,0.108333,3500003043,207151
904095,151393,NUP153,M3,crop_raw/9c0d5d809386bb56fe768227d32f5575180c020a53583cd1096d9531d0926eb7_raw.ome.tif,crop_seg/8e2ad1451e2926071ef8b029a4ba8bc80282e55e53e7f1dcebbbbb9463485ecd_segmentation.ome.tif,0.108333,3500002926,194510
910952,145136,NUP153,M4M5,crop_raw/8d277e905f0cdac73f0158718eea60eff2e6216d5600b5d59f17ae6b6dfdf635_raw.ome.tif,crop_seg/63ed21244754cea9d8ba3d2b56034c996d4fe4b774451d70a5ff49d7223c1fcf_segmentation.ome.tif,0.108333,3500002688,176860
897850,151363,NUP153,M4M5,crop_raw/50b0ff990ed8f39cd85baf6daa8a8ba44d424b8036851818af500a811572de0c_raw.ome.tif,crop_seg/30ddfc036d9f33bd9c270e540818be77f95317546de3d169618ee875bc46ac8e_segmentation.ome.tif,0.108333,3500002926,194420
920633,142334,NUP153,M4M5,crop_raw/602a48dd3bbefa246214a9a0b67518ede5c1737b149e5607823556a1aa8bc9fd_raw.ome.tif,crop_seg/925ff4bed4cf57b6ddb3e1f7f571a4526fb166e367ecc3b63a81e9dbbd938d39_segmentation.ome.tif,0.108333,3500003043,207153
806928,145698,NUP153,M4M5,crop_raw/3ae5d475f43a7fdef184217dae2f2c23564260e15450b76c4d5fb65a1deab439_raw.ome.tif,crop_seg/3506df7f40ac2138a758e58424fd25241400e589e4f9848b95b9cd255cc6d53c_segmentation.ome.tif,0.108333,3500002943,195320
895560,145062,NUP153,M1M2,crop_raw/3de3550c37315292e531c06439586cd70a7551d8cd862ed2b9244663d343fd6c_raw.ome.tif,crop_seg/542f100386e30c80b157556ffcdccb5d7a4e892ce4c2f1d974e6c0186504fc28_segmentation.ome.tif,0.108333,3500002688,176793
876147,144545,NUP153,M4M5,crop_raw/d465f41d438a74bebeffa417a511647cd77ad9896ca1f7d4f55ab702ac7aebe1_raw.ome.tif,crop_seg/880d14c4c9332018e9c745ce1bfcd2884c4ead31b607359cb643431e8b88a260_segmentation.ome.tif,0.108333,3500002682,176419
841852,141937,NUP153,M3,crop_raw/8f5e148b16a2f8f0663f087ad4dc2178f737f7497eed8def8b081042d68837a7_raw.ome.tif,crop_seg/c2267dbd1d839a7f5dc4e1b423bffd70df9d15fd2c3df8c0a102a3df247680d7_segmentation.ome.tif,0.108333,3500003043,207157
686893,140605,NUP153,M4M5,crop_raw/21febb1fd90b1c501b29d74f3b01520b273fc092505ab65516fe0d2063cd6b8a_raw.ome.tif,crop_seg/013046f6591e5e608f7dd01f30fd0873d016658a177a677f570176480a8cbfa4_segmentation.ome.tif,0.108333,3500002700,177960
842695,141941,NUP153,M1M2,crop_raw/68545c27f8ad6fab6255573654d212a44ae7986d43ac724bc3c7924d91457342_raw.ome.tif,crop_seg/8bda237b319b6aa4c2e12f97a7e0ec72280bb30f76f685263ecfd6d004c20ebe_segmentation.ome.tif,0.108333,3500003043,207157
812757,145730,NUP153,M4M5,crop_raw/8f55eb05e3e5108442d453a9a596c4f25a2f8d4ec6976570c68c152080ea721d_raw.ome.tif,crop_seg/41265fba454373204fcceda1fcb28a3342ef81a0a892b987450539354fb64256_segmentation.ome.tif,0.108333,3500002955,196052
824519,145779,NUP153,M3,crop_raw/061101bdd1630c6ea2e0a4e512cb5cc7ee7003bf123e2ec0ad1772eb4a7c6518_raw.ome.tif,crop_seg/674bc856e584ee9f94ab4a63177a6ea07280064f4e260ee3d25c629d3cca2cb7_segmentation.ome.tif,0.108333,3500002955,196016
800209,145656,NUP153,M1M2,crop_raw/b2b7d4c549ccc03270114c2a4afccf6cf0ea64d3253159703cc4fc28500cd320_raw.ome.tif,crop_seg/5be319cf51da268455dfeea528da1a5b40bb315a135a712e0a4df0bb77c075eb_segmentation.ome.tif,0.108333,3500002943,195386
914755,145156,NUP153,M3,crop_raw/d68c69d51d094db5356dd56f71681a2aae5b15d79b478136c2e947b07227eeb4_raw.ome.tif,crop_seg/ff504441729a008dbd7e9e5d40bdc545613e95909e43a81980bb0ab8049bbd1e_segmentation.ome.tif,0.108333,3500002688,176860
774940,145535,NUP153,M3,crop_raw/0da95817deac5a6ae154b3194412a9e0a212b0b9d37a5d8b9cae222791f40a90_raw.ome.tif,crop_seg/26557c73b4eca003f503f01cdc2e74670a0a66ee63c8585640e78d5b979a556f_segmentation.ome.tif,0.108333,3500002943,195306
804141,146848,NUP153,M4M5,crop_raw/0f947e7dbf8e5261cc6ed68d4df38430dcedd2fa3580810559fd202311303dfe_raw.ome.tif,crop_seg/55ead7122af87a8036923b26e161247ff46c1f3c9f75cf4b9d1a3016ae1c9f30_segmentation.ome.tif,0.108333,3500003116,210451
873807,146131,NUP153,M4M5,crop_raw/c73989f54a67ec0b48475c55808ca2f89b758fc609200460140a197958476c96_raw.ome.tif,crop_seg/91859eb3e6321f9c790a9027309a7ef98df4ff14f56c406fa4f817ac8cfc6f37_segmentation.ome.tif,0.108333,3500002983,198119
842135,145886,NUP153,M4M5,crop_raw/12aa71b9810a5aef6005546086bf25f4805f7cd2162552aa9fe93b87f6babb50_raw.ome.tif,crop_seg/5be4644392a40558998b664fbb95212d78d1dfe55c42db428de887413b6ecfec_segmentation.ome.tif,0.108333,3500002962,196910
851556,144324,NUP153,M4M5,crop_raw/78c639a5903674433e11ab95638e4111fc9dc66a7eda4bdb24ad8b814e334c44_raw.ome.tif,crop_seg/ae33f3daeb6761753cd498fe62afd3a83fbb6579771eceab4316365853d32fd4_segmentation.ome.tif,0.108333,3500002673,175935
807747,145702,NUP153,M4M5,crop_raw/95ba97acff44c454021146ff7cf405c833388a088dbab99d28676ffb17260009_raw.ome.tif,crop_seg/2ae6ecfb2992337a2e78d62b5f81ac93eb9528188a14f3a7671cac5e05ce5dff_segmentation.ome.tif,0.108333,3500002943,195355
921992,145192,NUP153,M4M5,crop_raw/c6a323f2c86c5962dee6d56c6f5209ba10416401981373078984c8912bdda50c_raw.ome.tif,crop_seg/df1a96dc307ac06cb696cdd75e50941e6d83d0999b798fc438c380201a17a5e1_segmentation.ome.tif,0.108333,3500002688,176818
786907,145603,NUP153,M4M5,crop_raw/ac610ed6dc92e2a55e36f35a8afcddc43f3aabdfa0771073d98c2a4116bfc2ad_raw.ome.tif,crop_seg/788165d36edf0e1eb3dfa9ab76de9d5588c07922e5ae3984739f27656d881196_segmentation.ome.tif,0.108333,3500002943,195327
920749,151505,NUP153,M1M2,crop_raw/0d9aa22ef352247fb58afbd93697bec56fb0f61d8d516e7c63e3b788f43b13d7_raw.ome.tif,crop_seg/bc8e22e86949611b3d3779f9f0604e518b0a3409dd7c6169c1a6dc606f8d8242_segmentation.ome.tif,0.108333,3500002984,198134
799568,142971,NUP153,M1M2,crop_raw/df206a18772fd50fa08956856f435d1b784e24ef278d7cb45f83cefbfe6b19fa_raw.ome.tif,crop_seg/cca162ece0a25fbe5a883b1ccdb478335252dfbe713d99cdae6a3653b7cc9ee5_segmentation.ome.tif,0.108333,3500003096,207754
907472,151432,NUP153,M4M5,crop_raw/06a7a54e9ba989239a0e70a4396c4a936a5771b9d14c50c27d953dde8ed5120f_raw.ome.tif,crop_seg/c195924dd9ac70ef08b08bef48421458a1c5d49598ba72613a4a21f423a4ee66_segmentation.ome.tif,0.108333,3500002984,198098
919248,142327,NUP153,M3,crop_raw/2cb441ef2538cbb41ffffde984bc7e5181195518ba23ceb171927cb544849564_raw.ome.tif,crop_seg/af99b5d1c9aa7e02229e5c61badf85dee83c24830c5d67892a09985bb8147eed_segmentation.ome.tif,0.108333,3500003043,207151
880112,146170,NUP153,M1M2,crop_raw/f0edd2025892c87d463af93ff53b016f7a14a9751bbb88925738fc66316141ab_raw.ome.tif,crop_seg/be780ac0b653cccd6d52814ef989ee54ac2ad0f1981247d9cf0fbdb33a689184_segmentation.ome.tif,0.108333,3500002983,198055
923036,142348,NUP153,M4M5,crop_raw/96c262aa3d026c03f589d7fe6b75e500b1c3e94a1a052113dda2964b300d1ff3_raw.ome.tif,crop_seg/f2f6bf059831dece7e3ee77dbd9bd06853ffea6569fdd52468db2ccd49690172_segmentation.ome.tif,0.108333,3500003043,207152
882627,151114,NUP153,M1M2,crop_raw/2a21712594407ef1cdecb7d346c2faca9281b8410e01f95c743a222666b3c5cd_raw.ome.tif,crop_seg/dc37ca02cd4b18720ab48717911743a862243512bd5785567a84a0a369950c92_segmentation.ome.tif,0.108333,3500002921,193677
981929,223,TUBA1B,M3,crop_raw/2367c5eba89127ae3f12096f85a917f6da878a838461fce4bf471ac965486e1e_raw.ome.tif,crop_seg/588bc5e568c73813b9dedd2021658f51d6786ca118900f5431c1fe8919af6119_segmentation.ome.tif,0.108333,3500000636,1492
407373,16658,TUBA1B,M4M5,crop_raw/74b04ec6849f1f09691b1b2a4b964550f955128c185af9f2865da401e04ef4d4_raw.ome.tif,crop_seg/76613bd980aa063a751cdab96d8d6ce3a2b0c081e89c07826a56c356e21e49f1_segmentation.ome.tif,0.108333,3500000523,90859
250736,685,TUBA1B,M4M5,crop_raw/98b51021ae9eb4e81f2507dd028fa8b54c319d9bc0698af1d0c8c080b094013e_raw.ome.tif,crop_seg/67dccb48306639405e49961af7915e23eda15d8fc037dc7362b068571f45a191_segmentation.ome.tif,0.108333,3500000741,94312
241480,363,TUBA1B,M1M2,crop_raw/5afb975d533f73a81e33710aaccded183aac1bf0b30272da0ba6b9b4f83e832a_raw.ome.tif,crop_seg/a20dc17aa78e44ec37fad29806062d03844e5e52779a97debca03490f4b804e8_segmentation.ome.tif,0.108333,3500000693,90088
899744,14089,TUBA1B,M1M2,crop_raw/a8e3f307ade146e2deb2f1b268dc98effd2fe11ee00f5a09aa1d5b8061545ee6_raw.ome.tif,crop_seg/b2742ebd860d7f3eab4e240bf7b3581e3e08b79156cc5b3db696cca2c187630b_segmentation.ome.tif,0.108333,3500002083,135438
232545,45,TUBA1B,M4M5,crop_raw/4004ed7d29da11cdc0f8ace712506fed82532afe7c5df72e9fd7659d973860b5_raw.ome.tif,crop_seg/0a6c80c0973e4103c5e43b126a25ace666e22a14fbcd705c040b8cb6198cdf61_segmentation.ome.tif,0.108333,3500000635,1304
248447,588,TUBA1B,M4M5,crop_raw/5d77e327750219a22f8edababc558b56ece019d3fd96bbffdda896c6f5ae5c51_raw.ome.tif,crop_seg/23be23fcac1ddbb222fee227358dc6e0ad279e58ff00dc71fba569594d2e1824_segmentation.ome.tif,0.108333,3500000738,93449
891074,14046,TUBA1B,M1M2,crop_raw/8762f5d470cedf78404e9de22d2c5d1f02b48cf50fcc2e327d853a33c881fdc1_raw.ome.tif,crop_seg/879a5c605b2f0d5cec258f25f949fab012ad2e8243781cd954a8654e1b6cdaa3_segmentation.ome.tif,0.108333,3500002075,135272
251459,709,TUBA1B,M4M5,crop_raw/af5d41b486f9700de5e856b22ccf5ab021e41ad2fbff3d2c6c941f99b2d6fe68_raw.ome.tif,crop_seg/0f9a2e217b2787954e1368c2ed7cbf8d865be8be9bb9fcb48eb548cf046fd2d9_segmentation.ome.tif,0.108333,3500000741,94312
412348,17270,TUBA1B,M3,crop_raw/ca8ce9e21194b71cf384ec72e5eb6ddc46e70128884d113c0e300e7929a8eed3_raw.ome.tif,crop_seg/73c78f47afbcdfd833276e59f5b86f77bfa8db9e0f4780ad504ff0b26540ea22_segmentation.ome.tif,0.108333,3500000684,88565
262538,1059,TUBA1B,M3,crop_raw/b569f07fb03de5a8602c96f01ad16fb8b1e18b895bca334e7c28e620725797fe_raw.ome.tif,crop_seg/fadd0380cfeb7a2ad4453576db37d5cb96af79431760df85a487be2032a35500_segmentation.ome.tif,0.108333,3500000766,95657
233656,129,TUBA1B,M3,crop_raw/ff66eec8eae48f52d0ba6f1fe31804460c32fae8d11e4d81312a962808b6e1de_raw.ome.tif,crop_seg/8505464af56736afb0ed5ec3399804dc48427c6bdc9715844c3ea2c25220cb0e_segmentation.ome.tif,0.108333,3500000645,2071
233452,117,TUBA1B,M4M5,crop_raw/9c39e9332e98d16415fef211341fea05db2a0bd534399fc855426830ecc92873_raw.ome.tif,crop_seg/534247d4f19d8016e92a9e5f1a559d0c7f29beb759b82069566792a34c78fce4_segmentation.ome.tif,0.108333,3500000527,91147
247863,558,TUBA1B,M3,crop_raw/0c73122f218def557a5ee43c7b7072ef752c8424a9c7b76de107238443ffa9f9_raw.ome.tif,crop_seg/8265e80586d7e2ddc2f24d669e14df1694ae5b7041ac6fa034c9c38274c6c02e_segmentation.ome.tif,0.108333,3500000729,92692
253103,792,TUBA1B,M4M5,crop_raw/b5899f3e39b6de59bd590e0bf3002f1192f84003d5e63e6d4b4b781b520d6e3b_raw.ome.tif,crop_seg/40d98e2f5ed9ae944103471e051c80decbe3935099965d9c53872d2de74a0c02_segmentation.ome.tif,0.108333,3500000757,94504
250984,693,TUBA1B,M4M5,crop_raw/c53607dc7ba6d5f8fef9cfd9253bb013d2f1c65d82278f0045774b3963e9a795_raw.ome.tif,crop_seg/ca5c6f3f5ba987f1e2d1dbccd257283c71789940b24e58693d6bbfe62c2be7d9_segmentation.ome.tif,0.108333,3500000741,94312
906609,14122,TUBA1B,M4M5,crop_raw/82fe0cd6552e6d11091c021538acead2e30df419446799688ffdbd8316e85374_raw.ome.tif,crop_seg/6b4f412849f1e74d8154c2d4ef12223e7e6c4adefcb6d5203575729da26f58de_segmentation.ome.tif,0.108333,3500002083,135440
399688,15690,TUBA1B,M4M5,crop_raw/18660e9c86a36074d03e927cae166081a35ed765ec4b66cc37370d4c9dfd1ead_raw.ome.tif,crop_seg/10ad3046215f63d6b31e18a2003706a7c4951e222e0cd87bb327c13c2c27ab85_segmentation.ome.tif,0.108333,3500000781,4552
246245,507,TUBA1B,M3,crop_raw/470c33d61d71218eb009daf73720e5feec5205813e4da9e017c75baa24e379be_raw.ome.tif,crop_seg/d9d30dd2989e97e1c38d2fbfe747292044e14ac04a77542cebaecdeecc10483e_segmentation.ome.tif,0.108333,3500000726,92311
235108,184,TUBA1B,M4M5,crop_raw/6d00f7442c6d15f16f14673cfe4755d442aa4a2f6c1c3b47a28544129afb7a09_raw.ome.tif,crop_seg/17293656c82f5845efe2056227fce9ec6dc273da7b4816e0a3f5026f0ee2478e_segmentation.ome.tif,0.108333,3500000666,2935
249620,636,TUBA1B,M1M2,crop_raw/1dfe85df2d3df076e464e663c457bfda616c972b1d031a7957ba690c231e82fb_raw.ome.tif,crop_seg/a7b6a10ca1e0b14f033d4438d18b1272dee11e149fee087b2015feba31069415_segmentation.ome.tif,0.108333,3500000729,92705
243161,412,TUBA1B,M4M5,crop_raw/a3c27b90a8f0b5d8badabfd90b0c696896f0b0bf466bd8ff5d0162d8184c0b28_raw.ome.tif,crop_seg/1c9f7df917d7f9507a0d899d9a9a2bc6a8792f881a74be04c6e848d46885d8bd_segmentation.ome.tif,0.108333,3500000719,92036
243964,440,TUBA1B,M3,crop_raw/1262f92130a1379aec8406749c134532ee2fa441d55992c70a23c5aef73b856e_raw.ome.tif,crop_seg/cc1e1a60d51863a6d7324815b8954e8ddb8e85379d994cb2aa52bd929c758f96_segmentation.ome.tif,0.108333,3500000722,91924
250790,686,TUBA1B,M4M5,crop_raw/f2bd5200ca857d17ea438574ecd68bcacdfcc80340c6598a3b1156c708050c11_raw.ome.tif,crop_seg/183709ce8be913f0fc04735985bb3cf6b29a74e6be06d1e514b3a66a5e15af66_segmentation.ome.tif,0.108333,3500000741,94312
244681,463,TUBA1B,M4M5,crop_raw/aba90fac193f182e002edc6bc5d4b572488140330c145b60932cf77ae2d6d525_raw.ome.tif,crop_seg/2277dd977e712190e37145a4db8c5dbb8c00239d661989b337e959551c9f64a8_segmentation.ome.tif,0.108333,3500000722,91924
901436,14097,TUBA1B,M3,crop_raw/682dd082a670eb38741ffa3901eeecca0c1473aa009c102e3c3b7e30cf0fdda3_raw.ome.tif,crop_seg/9be41bf33cd2f5d322ebad1f267312173607acf78fdb0ace651755322faa1d87_segmentation.ome.tif,0.108333,3500002083,135440
234328,159,TUBA1B,M1M2,crop_raw/2ebbf5ddc97cd45efdfadff1409e9d39865ed56f684dae5232326d16062edfa7_raw.ome.tif,crop_seg/2df82c9238bf65c8df2f4c77ced5367405be199e438c945e31446464130b9c26_segmentation.ome.tif,0.108333,3500000527,91146
394407,15064,TUBA1B,M4M5,crop_raw/5b7028e6d9b2422bec33daa89a809727ee50308689697e8fd7421080a5302aef_raw.ome.tif,crop_seg/6f7b4a2effc16f7d5164e5ebac93066215d7ca98a6cafb13dfc5419bfe848f43_segmentation.ome.tif,0.108333,3500000672,88268
245214,479,TUBA1B,M1M2,crop_raw/70fee51d7b15a4c54a3ea1745f3ddceadf715f666facea56abcd3acec7df0096_raw.ome.tif,crop_seg/17f12419a4145b3cd72907bddd62afcf23bef07c2e69d0b0322dbad720e1cfc7_segmentation.ome.tif,0.108333,3500000726,92311
262005,1045,TUBA1B,M4M5,crop_raw/fe5280d98620be3127d2a17b8429e9d0c85424696e39c11e7383bdd34534297f_raw.ome.tif,crop_seg/bc66f6cbe778b00b47909fb5485b4b418b3a5ac1a3d2741f9391db44b0068571_segmentation.ome.tif,0.108333,3500000766,95656
398044,15461,TUBA1B,M1M2,crop_raw/59657be15bd41d312e1becbf12139cd6e51c8d62c10dec528f8c7adba42604c1_raw.ome.tif,crop_seg/3cf008d65d9694f44eb9066b50ef8dd81da04ff6ed9fcfe1ebc659961d4e892b_segmentation.ome.tif,0.108333,3500000781,4554
262848,1070,TUBA1B,M4M5,crop_raw/efb71a1ae8a0c3d0feb05f770d4080c6f63e8f27a3c39fe70bfbce1d28bb679a_raw.ome.tif,crop_seg/1a057921f7edac097a055c7650c256df7f5f5babb25d2b386df61ce7e5f2c32b_segmentation.ome.tif,0.108333,3500000766,95657
249696,638,TUBA1B,M4M5,crop_raw/b7c158fd6b601ce202d3b230934d08c9fdc1eb6126a4495a14338faa871535ef_raw.ome.tif,crop_seg/c2163d45812a955b50b744fbc41284f67586e235d498d00825c395ade41165c0_segmentation.ome.tif,0.108333,3500000729,92695
899942,14090,TUBA1B,M4M5,crop_raw/89fd484121c8095bd3026fc1af4f570cb81e6e7877fa433bcc7992bc576232d6_raw.ome.tif,crop_seg/f095494709cb08e0cc1a761d29e2ec3f4cabbb25f96dd957e026b70ef41bc1ed_segmentation.ome.tif,0.108333,3500002083,135436
235158,186,TUBA1B,M4M5,crop_raw/83f2984d6e20ffbdc7169b39b3ea3860d0cc61c0bd9a35323acab70690487b42_raw.ome.tif,crop_seg/94f43bb01e50b90e38f4290c3f976f7be8a004766377178d6fb0b420b6ea0b12_segmentation.ome.tif,0.108333,3500000636,1506
243382,418,TUBA1B,M1M2,crop_raw/b70d2bca24316db7bab619f41001c4e27ad2faad7e6e6d4133e968ab7237de72_raw.ome.tif,crop_seg/5330d68beb6f8bccc6f858544526e47a0b3d63d1db2a8ef12a3156a982dbcdb4_segmentation.ome.tif,0.108333,3500000719,92036
234481,168,TUBA1B,M3,crop_raw/5ffabe6b1d579cd71e4bdb54c7ab2e2abf708ef03204aba1f68ad3d504ff855c_raw.ome.tif,crop_seg/029c9f0dfc9848c4ca349c7472c49bd49186b553d80099554d8677150ab38c6a_segmentation.ome.tif,0.108333,3500000645,2070
242555,395,TUBA1B,M3,crop_raw/ec976af7ba93a6dd8a593577c5e93a206bf0a64853f1bf8e3e1a765ba6251d23_raw.ome.tif,crop_seg/9a211af4c91c1e0a0cc9cca54e0d1641bdef3a694930d896ea6ba5ba51156f6d_segmentation.ome.tif,0.108333,3500000695,89238
251513,711,TUBA1B,M4M5,crop_raw/0b9a0bf7299df77e22cb4726b03ae3cefa80f097bdf6f952d035d024cf046f63_raw.ome.tif,crop_seg/e149bb616abec17228cd02a853b6047683e1a313bb145e83f6a65e32037455ef_segmentation.ome.tif,0.108333,3500000757,94507
402069,15961,TUBA1B,M1M2,crop_raw/b9aa634c55bd952073bbd795dd9b6967a11609d565d6a1c5a4a3e703d402d0f5_raw.ome.tif,crop_seg/1c04423867b964ac49a840cfcd8bfe9ffafaed501f7d177bed0e08df4f16c3ea_segmentation.ome.tif,0.108333,3500000672,88267
236210,222,TUBA1B,M1M2,crop_raw/ea92467160930a0eb24f51e8c8f079bd55319b885ae5edbdea7964137aa50b6b_raw.ome.tif,crop_seg/9f06746bb8db06bfe4f8c221211f8407be49ed13f6578def8c795313c6f5c087_segmentation.ome.tif,0.108333,3500000645,2070
233746,132,TUBA1B,M3,crop_raw/4fcaaed4231563844b287a7f070397761a4568b912edb00f5989fd35fba4a018_raw.ome.tif,crop_seg/2b12be73e11c19327b10cfaa3a8e7716c51d5ab178f991aab301ae46218cc4a0_segmentation.ome.tif,0.108333,3500000527,91144
903384,14106,TUBA1B,M1M2,crop_raw/569ca5f6687e15c6a80e47084e0b349d9159ae21575392a407be698220e7f476_raw.ome.tif,crop_seg/850bcece084859599477b8a1ebe775237a7ce24a9e16b78b60b34811072a672f_segmentation.ome.tif,0.108333,3500002083,135440
236265,225,TUBA1B,M4M5,crop_raw/9e92c219cf5126a5ab5130ec0fd66fef58688c4d1de1378c76e9efa2359f91c8_raw.ome.tif,crop_seg/c0e99114434762e6b7c80a7163903896edcf31bfe1f90edb38ec9c4353e7b208_segmentation.ome.tif,0.108333,3500000645,2071
253191,795,TUBA1B,M1M2,crop_raw/65f1329c01b1742ce7ac1d3ba3f2ef21d52626704a5c1ea89a45e53a0799f877_raw.ome.tif,crop_seg/6b612bb2c1e436f73e83c923f163c5b9ce28f9804b85e800db0edcaecedba581_segmentation.ome.tif,0.108333,3500000765,95753
894428,14063,TUBA1B,M3,crop_raw/8aebedf5f6e1f03e1e63135684f2cdcfb782e337b6954fc1cded894b2b028f1c_raw.ome.tif,crop_seg/8bebf887ae882e663b5be7100029f6d54e9f61d359d3bd7b973c60a85a5cfa16_segmentation.ome.tif,0.108333,3500002075,135272
234260,156,TUBA1B,M3,crop_raw/b300c824ad0a2abf2aa932ad2ff6f22e66141376a544b6a3dcda9ea2d3ffe059_raw.ome.tif,crop_seg/3003c3ffc1b4aafc187b89f701d10500312a732104973686d80512008605e936_segmentation.ome.tif,0.108333,3500000527,91146
246903,525,TUBA1B,M4M5,crop_raw/fc5b57dbdf9d5fca7d31d19075d2c2592477af3dc5f1fb2bd3925da8a1adabbf_raw.ome.tif,crop_seg/6a5e66e6ac79f1a45210a8f26708aeed3884c121b456d025c4580ec9c3ba7f13_segmentation.ome.tif,0.108333,3500000726,92309
395650,15231,TUBA1B,M3,crop_raw/fa805832778d41a4a5f885b96bd4e97b560803512b7f80ca0603bbf32eda4c78_raw.ome.tif,crop_seg/cf2dce45bcbe5d3416318070c30303caee30de953f35750e0f40938ddfb30efe_segmentation.ome.tif,0.108333,3500000672,88266
244337,453,TUBA1B,M4M5,crop_raw/54a75f615ce5d3a15c8ab8fadef3c4c2a457637e9c489e14ecd402196e7bc3f7_raw.ome.tif,crop_seg/2bc908d5db2f9d6fbf2747967193e4748cae297c70b759f04f0752cf72b5f05a_segmentation.ome.tif,0.108333,3500000722,91924
893795,14059,TUBA1B,M1M2,crop_raw/b818a78d3ce34945f1398b1492f7f6bd7db0ce91990dcaa162a69d4eb0ddde12_raw.ome.tif,crop_seg/927d3a5e5633c558ad994c137be306716efe57b14b5271854827f6ac3dbd31a0_segmentation.ome.tif,0.108333,3500002075,135272
234969,181,TUBA1B,M4M5,crop_raw/6264dc118b963c86655a81e72097f0faf09d4f3ed63b19422d3b1e1e373703a1_raw.ome.tif,crop_seg/83dcc12c9cb7ce781946826e705392f0d1417e5fecddef39b5012796b43f6ad6_segmentation.ome.tif,0.108333,3500000666,2932
394692,15096,TUBA1B,M1M2,crop_raw/10926a25b57599824c94ddca66301c798a5ed96af8f1b77d7f5ee5e96c8445ff_raw.ome.tif,crop_seg/f50a79cb567f305659c211345c39710843c4a6ef08291e5e6252738dac688489_segmentation.ome.tif,0.108333,3500000672,88267
234518,169,TUBA1B,M4M5,crop_raw/92ecc00edcc773e122323d0fb21c247b561e11326d057b9f0ec2cef8be90d421_raw.ome.tif,crop_seg/0328d59ea0954a3abc6b27c48697128519c71d7dfd7a284806f9049130d42847_segmentation.ome.tif,0.108333,3500000527,91147
246377,509,TUBA1B,M1M2,crop_raw/928dc017f3330147e252e35f4dabc2f3b8b311518a61583bf30cce75f3569322_raw.ome.tif,crop_seg/cc260c75b971a3729f830e22539f5571b2328b467d786b743adc7904046c2b3b_segmentation.ome.tif,0.108333,3500000726,92309
235762,209,TUBA1B,M1M2,crop_raw/45a2b6639f1de3a072c80ba85a371263d2666b4fb06612ad18e82ee156add583_raw.ome.tif,crop_seg/4367622b22503e34489f3705d73ed0a074c7bebcbb83c8d499236b3d50e8b29b_segmentation.ome.tif,0.108333,3500000645,2071
262431,1056,TUBA1B,M4M5,crop_raw/f37b275195786845806f884ebda82228c12e8b30c0a4f126808a28797758226a_raw.ome.tif,crop_seg/5862eb8320c21426410080b2ea6614007fd0300b92e3f4497e45338401dd45e7_segmentation.ome.tif,0.108333,3500000766,95657
911272,14145,TUBA1B,M3,crop_raw/0cd7ddc7703633f5e051919856c13fd002855804d3f48ba25a9552f88c436a26_raw.ome.tif,crop_seg/586cd11e068de1649ef85bb741e3004354889378613ebfe6a595489e5b8bfb1c_segmentation.ome.tif,0.108333,3500002083,135437
254019,821,TUBA1B,M4M5,crop_raw/d9a6bbf4857384219bc7fa44063b33724ebff63c05afb0dfa33522537ace9006_raw.ome.tif,crop_seg/b1af073362a23a350d7b5bab3779378c5d78500def2f27b2a8430f74b37cafd6_segmentation.ome.tif,0.108333,3500000765,95752
233876,135,TUBA1B,M3,crop_raw/50a30d2a40e14800aac5886c59223231f145e50040033bc8932229b6054d55c2_raw.ome.tif,crop_seg/b3376ca9a8cd0d730f923c07f15815fbf4bf7d08d2ceb6dcecd4a228cb1f8da1_segmentation.ome.tif,0.108333,3500000527,91144
234014,140,TUBA1B,M3,crop_raw/8a91b5278ea45ffb397d827971e39b1cbab08787813d7cfd750f6b1f2ceec0d6_raw.ome.tif,crop_seg/438f9bcddadb8c4f9f0cdf09bf2c7fd8d3716aa6893030c60c8c729111c0c893_segmentation.ome.tif,0.108333,3500000666,2936
896718,14074,TUBA1B,M4M5,crop_raw/64272a035de6a4c823a86dc086f38c90cb2928543df831ea2c8ba4da87cfdac2_raw.ome.tif,crop_seg/f4d5c2e8c8e9b368a1dc31c8a7e823f396b7270aa25c0de7e74f5b5a54b43a1e_segmentation.ome.tif,0.108333,3500002075,135268
236464,230,TUBA1B,M1M2,crop_raw/aa771d32eb4b0e8eedd9f9ca03b019add72042d4f709bce4da436ba0f6500dff_raw.ome.tif,crop_seg/d5cd6d53cf7ead94bee0f3a53610721ea5f866058090ad4a67bd095530fac576_segmentation.ome.tif,0.108333,3500000666,2932
243195,413,TUBA1B,M1M2,crop_raw/040f9ea6bf2cbf4be0670cbd0117af5193cd5045e0bd5a16bed08b18ed29d7b6_raw.ome.tif,crop_seg/1c494f875c1f914efe1e6ea8c0aff08028afb2855c28ca78a14b8594356c8f01_segmentation.ome.tif,0.108333,3500000719,92036
881380,13998,TUBA1B,M1M2,crop_raw/2675ff26134699bd4fce656d0c40e6d4891d50407ba1f7a04064eb60fd32cc56_raw.ome.tif,crop_seg/f02ddc518a8135bdf91b70fe033cb614fc506186e59bf05e966ab55acc334c83_segmentation.ome.tif,0.108333,3500002082,135344
407933,16716,TUBA1B,M1M2,crop_raw/aeb337667e34413094543f075c8d6cd9121517a50c6fa73c158dfef2e7282da4_raw.ome.tif,crop_seg/138d36436c00660bd22f4d954f3b6921b72a2ee0fb30ba1016d9f9862363ffc8_segmentation.ome.tif,0.108333,3500000523,90856
236915,244,TUBA1B,M3,crop_raw/fa1a9f8f05b6d6cac5f876fcb6ba13dc9f58cf9fcbbe315a1bcc2d2eab59a5f1_raw.ome.tif,crop_seg/98c45c84f52a557b53e6f4bc48355a2a5e109faf18ad2d08af0efd3233be77c7_segmentation.ome.tif,0.108333,3500000654,740
251361,706,TUBA1B,M4M5,crop_raw/de59440a0895e6e5568ca15d9804f8acfdd25c39e966db7df0b57ddb5d9ceed5_raw.ome.tif,crop_seg/649f2444ac9056a66670509b91a889c72de46bd98bff43fdda5cae9d4aa670c0_segmentation.ome.tif,0.108333,3500000741,94312
907816,14128,TUBA1B,M3,crop_raw/4a9f5905b1457d9b752db5c87fced8f211bd572716c49e7ed69de481e85155b0_raw.ome.tif,crop_seg/03799bab3aed93ead2ac41c5d62d49f2069e5260b064ff5c3d8f4157cffdc066_segmentation.ome.tif,0.108333,3500002083,135440
252134,755,TUBA1B,M3,crop_raw/758cffcccfa09b00e5c3d2f8b8626440b37023e044aeb55f4ee3c0b4f131c061_raw.ome.tif,crop_seg/67405e0b160808c01346b03ef4c818d21d2cd733e26cd0afab35ef114dbf829a_segmentation.ome.tif,0.108333,3500000765,95753
233100,63,TUBA1B,M1M2,crop_raw/fc04443fdae750cb98400b43c8b5c3cfbb361858c4c8a64c3a58a140dee86bd6_raw.ome.tif,crop_seg/2bf548213472be20260144ea04960541240177703ba20f5d36ce9672b8b08162_segmentation.ome.tif,0.108333,3500000635,1315
252908,786,TUBA1B,M1M2,crop_raw/88b6e859148fd0ad18d76d3a8215c6c2e747c9bf68f9e586605734bf437f8932_raw.ome.tif,crop_seg/e4b5014c892e17a2c4420ba31db2192de7d9be9b09007136970367339304501a_segmentation.ome.tif,0.108333,3500000765,95752
246439,512,TUBA1B,M1M2,crop_raw/f8a68e097cdee59d73c53dc1a00a72f1c430b27e54f24b1dcca6d2c4e14960e3_raw.ome.tif,crop_seg/0d288d9a7813f91b6c25427b596a11b5a312bba96a6b2326f0c29e55ff1779bc_segmentation.ome.tif,0.108333,3500000726,92310
250284,666,TUBA1B,M1M2,crop_raw/ca369d0fd8a647662b90c66f8095d9f5d3917a01bbe602e67f4fb748f627a421_raw.ome.tif,crop_seg/2e5fa1c4652154a0c30e3d11437ca364030434588c9550790b7de412785520a8_segmentation.ome.tif,0.108333,3500000729,92695
251207,700,TUBA1B,M4M5,crop_raw/9a48fd3db848d08f999ea714b0707a84aae0a9c2da43c4f679afcac3f42ff7a7_raw.ome.tif,crop_seg/1798a61d86deebffe000f60dab8f24b1c8cf55ce73c1f17edb0773a816d41a96_segmentation.ome.tif,0.108333,3500000741,94312
251332,705,TUBA1B,M3,crop_raw/3b3a45a19d651edb3346df43780d117b30448dbae0b10a57bf2ebb811b6208f2_raw.ome.tif,crop_seg/d7782c93128c76159f5421de1808755365d2fadb26239c7d34c6a7fa3781f614_segmentation.ome.tif,0.108333,3500000741,94312
252759,782,TUBA1B,M3,crop_raw/1132f7bf94abed9cef64333e4e062f80601b753d39b432385ab80956328a7653_raw.ome.tif,crop_seg/4e3be118cf0072ec7246f920998ad789ef4c31069990813b76ef6a8d84baa4a8_segmentation.ome.tif,0.108333,3500000765,95753
893375,14057,TUBA1B,M3,crop_raw/05f53135df8ae4a59b50f2f26dd9841d6431108ef9e10238b2a83d55e70264e5_raw.ome.tif,crop_seg/c4831e9e10040f537930119bb5ea96905dde48933f87babcfc4c84ec23e59b68_segmentation.ome.tif,0.108333,3500002075,135270
233591,124,TUBA1B,M4M5,crop_raw/6fef7c0833cfdc113c0b2b604a3fad518cc978a45c24ee1bdbf45336d7b54409_raw.ome.tif,crop_seg/4dd1221bf43dda257851f2a290669c058278ba2920f2a0cc1f404a57713e8d68_segmentation.ome.tif,0.108333,3500000527,91146
239743,308,TUBA1B,M1M2,crop_raw/a196e42db6c847a9bbf5d1b35dac290afdfd3fcf47475f9ae03b4a019dfa05af_raw.ome.tif,crop_seg/0d513748519f9d6f971758129fda006bef990c08db800190dbd4c0c5b699bf01_segmentation.ome.tif,0.108333,3500000668,88852
232756,53,TUBA1B,M1M2,crop_raw/554c45068d3a7c575dcf1cf8930466a2ea05a0efcbf3e645394e1a6643ebba05_raw.ome.tif,crop_seg/adc6f874aa986e139ef5c48adb24057e7dd67c6e9627af2d5cf82e0b62dafd76_segmentation.ome.tif,0.108333,3500000635,1304
909358,14136,TUBA1B,M1M2,crop_raw/cc75e60e120528b18329970ee479f7a9945bfce0606e99d9cf4664731af8c759_raw.ome.tif,crop_seg/09145c316244a962f3d1aa6cdf13ee1477394ea152949fe61bf94be4851402ca_segmentation.ome.tif,0.108333,3500002083,135435
243122,411,TUBA1B,M4M5,crop_raw/86f027183703b40c12eab8824e72ed7ceb001c65ebdc4bd8f5e24d7051bc58ba_raw.ome.tif,crop_seg/252015bbf3b7ecc3e4f0bcc6e86997811b57dbbfe8f2ebfdb79f3b401b6e1c49_segmentation.ome.tif,0.108333,3500000684,88567
981861,173,TUBA1B,M4M5,crop_raw/930ac60e32fa9f8ea5c221aaac83a56fdf262f85e516e7ac2948cea0b019713c_raw.ome.tif,crop_seg/8ae179f9f2a1bd195b147dcde298556d02008e1b43e25b8ca064678a0035c303_segmentation.ome.tif,0.108333,3500000666,2945
909185,14135,TUBA1B,M1M2,crop_raw/537532f86438048890d0786e5e31d71a599b5691ccc4b7496a430e4335874a5f_raw.ome.tif,crop_seg/c5a413363d3a732f813a26fcb0e0f9608b08cd4fe1bce8f52ea1fe6238646e1c_segmentation.ome.tif,0.108333,3500002083,135436
258811,961,TUBA1B,M4M5,crop_raw/572c3f5bccbf4983469440beb1b6ea04fac960b1cdcb43b2d2f422999f0e1344_raw.ome.tif,crop_seg/517669d8bfd37aa3f9f2d25402d04e426e25e4470fd59e496c4d8fb87df9e6ce_segmentation.ome.tif,0.108333,3500000758,95176
248719,597,TUBA1B,M4M5,crop_raw/d8255c662dd393ef8305c8b64c563d77d7c44718bd8117f027460713b6619360_raw.ome.tif,crop_seg/6bc185c268c60faa2cb54b0364e4763aabbc2ceaba73b4ece4e8bfefc95c7ec8_segmentation.ome.tif,0.108333,3500000738,93448
393923,15014,TUBA1B,M1M2,crop_raw/5ad45f58c734539f2b860b4a4d02833b76b0ae7b8188ac8137f3dacd5b9f4b40_raw.ome.tif,crop_seg/4c4368363f5ccff9ccbe9a44fa6c9e02f687d0302ab85f096c42a1324bae02c2_segmentation.ome.tif,0.108333,3500000781,4555
245581,490,TUBA1B,M4M5,crop_raw/ff7878cba0e46f00108f526585870da8dc71d0322209da1aa7e2924b3774a0a2_raw.ome.tif,crop_seg/08f246efae10020a68833d151729b36ceb9f63e4585a67b76ad2adf779981c7b_segmentation.ome.tif,0.108333,3500000726,92309
240317,324,TUBA1B,M1M2,crop_raw/192dd87e583be84cbcffa561aff725e0371d8005ebc4fb6d83b03d0ea1a4f223_raw.ome.tif,crop_seg/3a11a508f36aa41cb5864d013489298f1cd92c688e08b63f2fef51e92cc57e6d_segmentation.ome.tif,0.108333,3500000666,2935
251880,739,TUBA1B,M4M5,crop_raw/1819193cd485e9ef79c6fcb4b933a94cd21cdac1d9cd46daddd4f389afafc6f6_raw.ome.tif,crop_seg/ec7e3d970ba9803e57b62d25858bb5a811300fa79f70eda5066299f2154117bb_segmentation.ome.tif,0.108333,3500000757,94504
404661,16363,TUBA1B,M4M5,crop_raw/487a6ca983ae7be31f5a57302cab735e81a82070bd3c7486c2c7358a12b2b5ea_raw.ome.tif,crop_seg/406672a055f4952c6ebe47e658418a8979d7448a79bd03cb884b99102099d54e_segmentation.ome.tif,0.108333,3500000523,90860
982205,1068,TUBA1B,M3,crop_raw/158716cb94a5fbbc948a6938689be16874cf2000b6fac5dfdf4d7c4bc2ad79dd_raw.ome.tif,crop_seg/5896c917832d54c4b73a4c12b7c012b2489f3b63f18927b992063a3c75a612b6_segmentation.ome.tif,0.108333,3500000766,95657
247088,529,TUBA1B,M3,crop_raw/3d8669959dd45b67dde57775a0be41e94e7dfc8661b1772f632edeb4c7051855_raw.ome.tif,crop_seg/02cdbcf235333e9804d464992420ea7e3b1a043896d0de76b715175ae2698b82_segmentation.ome.tif,0.108333,3500000726,92309
251689,726,TUBA1B,M4M5,crop_raw/4481818d87060270b07a645507c9e027dac50d3c0e92c2d973b11bef278e0780_raw.ome.tif,crop_seg/4eed6eb4eeb7be5c6a4244004ce27050ba96a2e622f4f96a852159c5d1a02844_segmentation.ome.tif,0.108333,3500000757,94506
911407,14146,TUBA1B,M4M5,crop_raw/5014d30588d831b873bc9198214aa221ae867734ccc34ba51757be2c56a8b364_raw.ome.tif,crop_seg/9ed765085826c25414cea8d364d603915f15239251bef5ff87e94a380249528b_segmentation.ome.tif,0.108333,3500002083,135439
234596,170,TUBA1B,M1M2,crop_raw/e3c5d8091eb2d11c4fd72ead9a0e2c614cba78a42dfec500c0ef9d6dcef74a64_raw.ome.tif,crop_seg/08e3806b11fd32dcccd6c4f73f1ecaa1e52125f8f6d7a3394828a77df9433d36_segmentation.ome.tif,0.108333,3500000666,2935
245208,478,TUBA1B,M4M5,crop_raw/c61083ff25fb937cc5fbf5fcbfab5625108f99b4608718579f9412a28d882626_raw.ome.tif,crop_seg/775cc7113de1d895b6b13bc8c184cb30ad5085da82627534191d221e845c9b9c_segmentation.ome.tif,0.108333,3500000726,92309
262494,1057,TUBA1B,M4M5,crop_raw/782295e22a80b7a4845e323e56826c1c2d6ceac4f78e056544b9a231e643f4dc_raw.ome.tif,crop_seg/705d82c27dd01c410e1aba435c1550432e43ffd7b721dcf51f22075742a44441_segmentation.ome.tif,0.108333,3500000766,95657
906809,14123,TUBA1B,M4M5,crop_raw/da3b3caf6718c44ecab53560a97ee0bfa9e89cf774956e489e04d026a70d0426_raw.ome.tif,crop_seg/ff86e4798de42c8b80ed237664253e6bed4a51b5512ce69d525341973060dd4f_segmentation.ome.tif,0.108333,3500002083,135439
247552,544,TUBA1B,M1M2,crop_raw/3c0f23e7815da7b9babfbcb97b68b681836d33f0611d59d0144b809467e1dc98_raw.ome.tif,crop_seg/acba7fcbac303d9a70669ad00800638774cda2aaa14a5d48b1a21581cdd1e03a_segmentation.ome.tif,0.108333,3500000729,92704
877699,13982,TUBA1B,M4M5,crop_raw/f823be2c4c3dae3afcd63ed7eefda64953c093c62fec088446482685ecfda9e6_raw.ome.tif,crop_seg/014f557a12767749b9294a0b748676ee3af52398ff5c59d7f3d6848b15fd04b3_segmentation.ome.tif,0.108333,3500002082,135342
234743,175,TUBA1B,M4M5,crop_raw/1c52d714794dff1b2e4ceafacaaf5cc91af2bd4ddd2d8913f9c7bb43a32b7f70_raw.ome.tif,crop_seg/96e16a32af80742fb3d794f563ce0214df329ff837c80cd5440bebee82b70447_segmentation.ome.tif,0.108333,3500000666,2945
239789,309,TUBA1B,M1M2,crop_raw/e9c00d03790f0a024546cd940ffcfab5a783e2c1c2b4aa1593197ed0534898a6_raw.ome.tif,crop_seg/e1e04818322be6bf2c0a48bf9911cfadeb9b8712f6c9303ef14500aaae5f976f_segmentation.ome.tif,0.108333,3500000636,1492
250808,687,TUBA1B,M4M5,crop_raw/d6dd12f16f30c52f1500506c1176154ff0b0e347b18c53a6ac696d2aa48cbb39_raw.ome.tif,crop_seg/366d9a8f55ad9fa11249987d56f83029f51e2cf4b9a1284678c859c052fb27bd_segmentation.ome.tif,0.108333,3500000741,94312
243665,430,TUBA1B,M1M2,crop_raw/10f5dc14d43b5e36eb825dafe1148ebce332df788268aaed28ea7e1cb616a6f9_raw.ome.tif,crop_seg/c351fe273fd39b2ab86f79e1fc5013030198347acf13a5b89b5410698a1e61c9_segmentation.ome.tif,0.108333,3500000722,91924
243500,423,TUBA1B,M1M2,crop_raw/8eb33e618ae5400083a57a4fc7eae33fe7b002c1f5c691ec135729fc5224ab33_raw.ome.tif,crop_seg/a8ecdff8c18f971a4d1f4555b827663ba756ffbcd62881b8213c66282a52f7d7_segmentation.ome.tif,0.108333,3500000684,88566
251830,736,TUBA1B,M4M5,crop_raw/a6849d92bbb6987d15a51b4835626aca188fa38923cce3a9e5a8d7b0cda7c219_raw.ome.tif,crop_seg/409a5ba0834812718824e535cf8c9ab5d0ee5a6c3e3cefcb305fa7037c0207db_segmentation.ome.tif,0.108333,3500000757,94504
250572,680,TUBA1B,M4M5,crop_raw/8a48cf41d3b31de6c406b5cd6811c6a1a850d034766e8e6929484c13e6cae140_raw.ome.tif,crop_seg/edd78298cf983954c3e9355a2bdfdf7d756bb0b3846e5882d0a895abcfb8118a_segmentation.ome.tif,0.108333,3500000741,94312
251563,717,TUBA1B,M4M5,crop_raw/888a77a61b61fc86259d6d2902a98f7208cbc043a13ef382094eb6419e0533f1_raw.ome.tif,crop_seg/c363e3b65a535445c7d819f2d8d83cf08f796f99dbd0f56aa207842ec6e8467b_segmentation.ome.tif,0.108333,3500000757,94506
241128,350,TUBA1B,M4M5,crop_raw/c7cf2bc872c112cee3410ac7418310df5fa82dd6b8a8899f7e97882a4c565396_raw.ome.tif,crop_seg/f1b029cd2cfa2da442351fb053e15b2c1b1b441f0e588c38a35ae1c661cceb18_segmentation.ome.tif,0.108333,3500000680,89048
250928,690,TUBA1B,M4M5,crop_raw/66c8c8dab7bfbd19d9674b0bc0fc2a57f9bd1a5ad95ca51ed563cc7f24e2f23b_raw.ome.tif,crop_seg/00ed4a71c588c8147d540901702f7672cbcb83299622d1cf7425ba2d2efeaead_segmentation.ome.tif,0.108333,3500000741,94312
239697,306,TUBA1B,M4M5,crop_raw/fb5cd60d1458398523d225fbb432fa4a02f8832e5736acb371139c73379df943_raw.ome.tif,crop_seg/30c89b1e5df8d294cd85e4e76d6c313172a2cd3c1887539a6cf564fba0a82c0d_segmentation.ome.tif,0.108333,3500000668,88852
411913,17130,TUBA1B,M4M5,crop_raw/0fbc542fbb642ef3de7a2aef4d181d279609b4e4eafaf00538593fcf345eb80b_raw.ome.tif,crop_seg/d598ae502d970d7658f5a170f158b843ae4d40a3091c7a111742c114755a60bb_segmentation.ome.tif,0.108333,3500000523,90858
885240,14016,TUBA1B,M1M2,crop_raw/4188cc1009d387a997f9d19f23ab458cbb347ccd19d472ba90821b2b1d192716_raw.ome.tif,crop_seg/f8ad093e297cd3e688e2e76f8e1288e35886f2572276692e9ebb686397742488_segmentation.ome.tif,0.108333,3500002082,135340
247191,533,TUBA1B,M4M5,crop_raw/2e09a3ef600591b65d2d2d01175e599cc0dd25892e91368ebdc2b76fe9e2ec5a_raw.ome.tif,crop_seg/292ff85cfed8714284529d6a07ef6ee840f57bade18935ff83da87fc8fa095cd_segmentation.ome.tif,0.108333,3500000722,91924
903160,14105,TUBA1B,M3,crop_raw/ca3e2039c33cd273ba83878fa9e5e823287ce81136a0c0b5cc27338411450b62_raw.ome.tif,crop_seg/f32a6a7cd1ba18f80cf24534129808708041c37e7de224b4c9ea7b7b44bd3735_segmentation.ome.tif,0.108333,3500002083,135435
242906,406,TUBA1B,M3,crop_raw/b736c72c35adc7db73d64d5ea6b6881b193ab9ca96753aecfbfd62a4b4cafd48_raw.ome.tif,crop_seg/6e781429e7b70c2056abc02101a63c1d493fd25f9d4e9d0c7d209f38a9a91e0d_segmentation.ome.tif,0.108333,3500000693,90089
262874,1071,TUBA1B,M3,crop_raw/83c5e792a21d7bf3146e59563642f61470f1d8da9b9efd2f82fe78120b451f57_raw.ome.tif,crop_seg/3db599189553287ae6c2b5aaaca0904f1bcc912eb29d9c6be4b6a4d76882ecf3_segmentation.ome.tif,0.108333,3500000766,95657
411587,17112,TUBA1B,M4M5,crop_raw/803e6c21abedae52a687c9074054a619bb6e95b4823f24c6470ba633e00c4470_raw.ome.tif,crop_seg/c9b6200bc0d0bc0be0dd7f473b084761cdaf36f9266cbdbb43e936e5838151a6_segmentation.ome.tif,0.108333,3500000523,90857
246395,511,TUBA1B,M4M5,crop_raw/a59c890d0d65654c67e1b9843ca46099bc6415380c95321713687f0f785dcd9f_raw.ome.tif,crop_seg/5ca944e502d588aa6790db6ff666813130e2f310fba28b9deadadb1c7e3a92d5_segmentation.ome.tif,0.108333,3500000726,92311
248710,596,TUBA1B,M4M5,crop_raw/92d42852a1a6a0cd8b63ffc04cd50c22cee8344fe1349e6834dbe879a2cdc248_raw.ome.tif,crop_seg/bb6cffc9289511751361c4dfa8d0a183ad8137bde063cd931a33c2290168c8a4_segmentation.ome.tif,0.108333,3500000738,93448
232920,58,TUBA1B,M4M5,crop_raw/73fafa3841d542fbe5b908a0d358ca8db9b6e3e8429d089e950302fb936c8138_raw.ome.tif,crop_seg/66fe94f76e0b8f68b158d19f51df231c5688ecac4f0d604bf3dfc59ba0f56d1c_segmentation.ome.tif,0.108333,3500000635,1303
249434,624,TUBA1B,M4M5,crop_raw/24cf9f8b8fd672f0b54f90b1d597e748fe5fc1a2366ece14de43bdca6bb1af9f_raw.ome.tif,crop_seg/6f45e525b9b9dea98dbf8c22579a7d2d8120e962f1f119f48faddcde206c3c08_segmentation.ome.tif,0.108333,3500000729,92695
404600,16351,TUBA1B,M3,crop_raw/6c282de4c7b577104583a8b31fbb8c226ac425c7dc49022b9a0341a39b644744_raw.ome.tif,crop_seg/5ffd6a46659f0aab48f94bcc852d51692b366b3094e08613d66daa6b369748a9_segmentation.ome.tif,0.108333,3500000523,90858
879748,13991,TUBA1B,M1M2,crop_raw/e8c59eab70f5bf026b3af4fc9e3f22680f7f21756d94f555f9d008ec07e0be6b_raw.ome.tif,crop_seg/df37bc020f77c6d185d6df86cd153ab9d2720d6b65811d7e8d7db438e1398671_segmentation.ome.tif,0.108333,3500002082,135339
243455,420,TUBA1B,M4M5,crop_raw/fc87a27a2293099c82b1904e9ca287b46afd73607cfdbc38534a5352a1303b4b_raw.ome.tif,crop_seg/70f86b9aacbafe7e377f9040272d7b4531213b4752a81b1c1313d5c0c9f1b735_segmentation.ome.tif,0.108333,3500000684,88567
262324,1054,TUBA1B,M4M5,crop_raw/c9cb8d3630cb5d1df3cca9140a79355745e39a6d3d4b4deb2383616220bbaac0_raw.ome.tif,crop_seg/6afd7a708c86409639c9ce21fc526b9215e94b5ec71d7a7b5c56fdddd707dfea_segmentation.ome.tif,0.108333,3500000766,95657
249813,645,TUBA1B,M3,crop_raw/9ccbbc799bc0dc8a688037b8125b4ab2e0b68990d5140fb1bf65846f1dae73ac_raw.ome.tif,crop_seg/070881b982d58d5f8640d66ce3733d62ffd64faaa0bbf67bfc69156fed4b26f5_segmentation.ome.tif,0.108333,3500000757,94508
908589,14132,TUBA1B,M1M2,crop_raw/bf136e501ed0568f5416cc2fc404c532a048b0c78c8c55b3d37b75ced8c89ec6_raw.ome.tif,crop_seg/bdb3942263dc31c8d9d4e73abc983159aaa825b592fa1f976286c03bc82b8b4f_segmentation.ome.tif,0.108333,3500002083,135439
252981,789,TUBA1B,M4M5,crop_raw/814cc0bc3bd609ab4c6015f1db9fa17447a498b4a08d1d030f042b8c10c97887_raw.ome.tif,crop_seg/b351a30ff6fbc4746a24d28bb3fb319a0de44a0b70bddaaf00198a28910c5200_segmentation.ome.tif,0.108333,3500000765,95752
251392,707,TUBA1B,M4M5,crop_raw/e1b6256f7d8fbac5924992c12a7984ace4112d1a4a05601f326c65fdae57c1fc_raw.ome.tif,crop_seg/5e803dbe1c5b9925f4012d3704f1b5ff5ff2649103f6826440e35a3e766bb777_segmentation.ome.tif,0.108333,3500000741,94312
262137,1049,TUBA1B,M4M5,crop_raw/1616b6e08c9847e1cbfd918641dd7dacad9514d9480e165a18821c6dc4070217_raw.ome.tif,crop_seg/99e51b247897ef5182187360cd34e67701d71689480ff7598e3085bf44eaaaed_segmentation.ome.tif,0.108333,3500000766,95657
233965,137,TUBA1B,M1M2,crop_raw/1170d25645f6261a11fe4aeb848632bd4e7975e435640e7d4eff5d1d2e76bf64_raw.ome.tif,crop_seg/bf782333d9f2d2bf6e98980f7854db3c4c1e17005980a4bc1f0b7c783bdb72a5_segmentation.ome.tif,0.108333,3500000666,2936
245440,484,TUBA1B,M4M5,crop_raw/43b93ee74706b4f8e3bc3586574371aaf3a2c796b8a3fe08fc5c0cda1c9c2047_raw.ome.tif,crop_seg/39348ae933b5e2807f5abb66321bf90c274f97e5b8b677e162ea1c0ea2826a86_segmentation.ome.tif,0.108333,3500000722,91924
241130,351,TUBA1B,M4M5,crop_raw/0466515d706b1005fc1fadbdd14dc8b1d9fc2f7b039b6919a2fc5f977622d275_raw.ome.tif,crop_seg/45fbe192f4f86d9713ece7a44e4e2fcc8b06a9905c3abe4f896263f861d51504_segmentation.ome.tif,0.108333,3500000680,89056
248900,604,TUBA1B,M4M5,crop_raw/299e9bc3cd8ba701f3b6129c127c699c04124668402e598f5e01d4f112c3a221_raw.ome.tif,crop_seg/6cc5db86e7ecb4eb138169dd93eb8b3a7db8b56474bceb53923f38d50230d752_segmentation.ome.tif,0.108333,3500000738,93461
397239,15368,TUBA1B,M1M2,crop_raw/60396a64c91702a7d6f41e649eedb8ceeedcf04957443c12fa32fab49cecebdc_raw.ome.tif,crop_seg/75a106a90f2ff00f6bbe0c6e71f15602d8bd066e843808bff1e5580c37268bbd_segmentation.ome.tif,0.108333,3500000523,90856
233553,119,TUBA1B,M4M5,crop_raw/0412b49a398f0de7af160d5bae6d27a984ab02dde5a2fdcdb9e8e26ac0dfe288_raw.ome.tif,crop_seg/7adb5ab0cedc03255a4c811837942fd5d5b1186b19ba342781fb768741f84bfc_segmentation.ome.tif,0.108333,3500000645,2071
908962,14134,TUBA1B,M4M5,crop_raw/4c92ee1ee27725dcec431650740951dfac5eb71862a713114e46f43e961abeed_raw.ome.tif,crop_seg/c59410be0b7e7538e050c7d57f212e4b0def3a6123ffc036a522c2b9490ef051_segmentation.ome.tif,0.108333,3500002083,135437
908402,14131,TUBA1B,M4M5,crop_raw/fec6e82665d7f78a8ab863f123371ad197e1de7f3a2dc597d3ef2f7a7fbb3643_raw.ome.tif,crop_seg/b1b91f47267ff490557be41c714a92248e11b63dae6d119a01a003ff26237df1_segmentation.ome.tif,0.108333,3500002083,135434
262499,1058,TUBA1B,M3,crop_raw/e714c74e327e77d5aac964dd768ac5d3e94c4bd9c78babc141ebb660d9ba326b_raw.ome.tif,crop_seg/3b1d945f9ead54c17b8f6fab4e4f07458d7636da3d0ada30d7d6147467a2d4a1_segmentation.ome.tif,0.108333,3500000766,95657
400770,15812,TUBA1B,M3,crop_raw/5d88e3fec54a3e28cde82e2f6e04bb446caaf037566b0d6654dd6db5b29dd8d9_raw.ome.tif,crop_seg/89fe5ea211458fc6f62dbc0ba965c11380957fde24d119bd5e07fc028607d0f2_segmentation.ome.tif,0.108333,3500000523,90860
246142,504,TUBA1B,M4M5,crop_raw/1a5f8eb11d89359b3f25f9f6b3ff7a7a6167bcd2333ca383fa7ae9793cae7008_raw.ome.tif,crop_seg/f30dbc0e6f787cfdc1ad78d2b38635ea1cb12b4f8de18f4468f10c164328a200_segmentation.ome.tif,0.108333,3500000726,92311
262243,1052,TUBA1B,M3,crop_raw/d02774a3ee1ce6e393653178561650a55d37116d320dc98d9ba403148183bc10_raw.ome.tif,crop_seg/589dcaee70684a6e6ca48a387021c1399c9bd18dce1a52eac0f731d0993b6911_segmentation.ome.tif,0.108333,3500000766,95656
262189,1050,TUBA1B,M1M2,crop_raw/977adebfe4c18c56bfc75466c1970951f2e34815c2e4a79356e739ab3843f5c2_raw.ome.tif,crop_seg/c33893c582ab576df80b7ad0501aa85dda7b6cce665d793ae982db3111aad34b_segmentation.ome.tif,0.108333,3500000766,95656
247312,536,TUBA1B,M4M5,crop_raw/694b12785c3e55e2e73e4cd10f56b8f5576ceeb8d82fa1aaff20dece779d0819_raw.ome.tif,crop_seg/0ed9505165ae1893896e05369bc6875ad01381d5b91b4bba8d423b2d50455c3e_segmentation.ome.tif,0.108333,3500000684,88566
233160,70,TUBA1B,M1M2,crop_raw/558bfaf1529ca0bc54cd1d17bb0e82b2661107012f8be2b47672bf593046541c_raw.ome.tif,crop_seg/d372b2d498e27934e9eb794536dff543fa7cf9ac7cd16cb910177b991a83cb1b_segmentation.ome.tif,0.108333,3500000527,91144
245516,487,TUBA1B,M4M5,crop_raw/6dd06a7842c444d822d759e73135cadc2a0130691d56dd9f6a02473ba369cb7b_raw.ome.tif,crop_seg/486a5e927fbfcb2a3033974956bcb53e3388066dc05f2497afb1db94ea5aab15_segmentation.ome.tif,0.108333,3500000726,92309
902765,14103,TUBA1B,M1M2,crop_raw/f0ed5d6bb283b871fdfe1027d418c938ad7c8bab0ff7b24d503bc4e0546258e4_raw.ome.tif,crop_seg/642d3c131f14e06ca4d07ede9e642d5354294ad68421bff56fd057c7c573ddb3_segmentation.ome.tif,0.108333,3500002083,135434
252596,776,TUBA1B,M3,crop_raw/e56e16b581e7cb26c146a801947d4b57225bc2a46eb2325b6d98794eaad2ef12_raw.ome.tif,crop_seg/0d90a61226267dfa1213bd650b46c421306f3d58b5cb3ea61f8cf9118145256e_segmentation.ome.tif,0.108333,3500000757,94504
243320,416,TUBA1B,M4M5,crop_raw/cd1b6386f7e97fbf26b724edf4aae82f6b11bfd5c4a86980e3a7865e65bfbc6a_raw.ome.tif,crop_seg/d2123f3649b0e2752e6b5a7ad61564ef0df331e92d6ae98263651bd5fa43c413_segmentation.ome.tif,0.108333,3500000719,92036
398629,15549,TUBA1B,M4M5,crop_raw/cd550b77a16658d89d16479364d8fdf711bb4e811dbad7e8441004acc507af5f_raw.ome.tif,crop_seg/91fd3510111d14750bdfec041ca6adb8c2c8b6a5f049f0c8ab010fbac42dbfbf_segmentation.ome.tif,0.108333,3500000523,90860
234188,151,TUBA1B,M4M5,crop_raw/cb9b3f481e1f3e8b1763dd40a1dffafcf8e44d9d017d148183e59b1d05f37bd0_raw.ome.tif,crop_seg/e186b519cf0db74a72a5805302b2c44cbea4ffb46dd0cadb1e16f8b48fb2c771_segmentation.ome.tif,0.108333,3500000666,2934
245485,486,TUBA1B,M3,crop_raw/82a9ac4006693cd3ac987fb6140c253108221a41fc185fea8c36d7cd40b40541_raw.ome.tif,crop_seg/4cd7d59a34aae37228f818fb6c983ebab0c39e9b50166aa5a364b9de1c221256_segmentation.ome.tif,0.108333,3500000726,92309
398265,15504,TUBA1B,M1M2,crop_raw/7c2e6f54d1673e1130ce3275047ee7e8e2b1e0b9c40fff03fdbe1b3d716e24fd_raw.ome.tif,crop_seg/8584cddb5b28d100df85b5194a61b2068f63e5ce09c11b7c83a30b3f0960e29b_segmentation.ome.tif,0.108333,3500000523,90857
400335,15770,TUBA1B,M3,crop_raw/28eb20909f30840360c327b62bb7bfcff7df5038b244ae3f21e9591e48eb2080_raw.ome.tif,crop_seg/49a5df22ff920d65b2889b37f7387a08315fe3acf0d44a4d8094ee6d2a6620db_segmentation.ome.tif,0.108333,3500000523,90859
901674,14098,TUBA1B,M1M2,crop_raw/d8451bc713d2fba2ce25e0184a3889f0e23284a59f861fdb531ba846706f9d84_raw.ome.tif,crop_seg/aca0d064de8d9d03ab5624b708bca89e33892800b6b792daa1dc3d50b9c0df4d_segmentation.ome.tif,0.108333,3500002083,135435
400426,15776,TUBA1B,M4M5,crop_raw/f8345cc596975c988855130966ab02e42cbf5bfa2a29bc0a926000ca76f7d849_raw.ome.tif,crop_seg/004c79ff99ea9ccfde35d56c55c160c77d777f8f879d324f5542117aa779f899_segmentation.ome.tif,0.108333,3500000523,90859
406104,16528,TUBA1B,M4M5,crop_raw/821753769cdaccc06154377837a1568def8f5da861ba2ee17918e8a2f458db50_raw.ome.tif,crop_seg/059a613ca837ded23c64669a024cd3ecc9b8357a525a4eda4d6e3e723c3ccb20_segmentation.ome.tif,0.108333,3500000672,88266
262640,1062,TUBA1B,M4M5,crop_raw/46f8de17fafce6766e2d0c980648cc318d5bd0bfe4731cb973ecc02c9b45526c_raw.ome.tif,crop_seg/3d59b15bec8c4e3d75feabbf6a1654eebb9b8748887add6caa5fa4456d021d1f_segmentation.ome.tif,0.108333,3500000766,95656
233289,94,TUBA1B,M4M5,crop_raw/c33a2f26a94c80e5146f194a41002bd782dc675802c8b119e4c98b2cf76a09d1_raw.ome.tif,crop_seg/77372eb1aa305db9d4f5d3d109d590b501fbdce0e2ab28f109ba5e4416ab5127_segmentation.ome.tif,0.108333,3500000527,91145
243042,408,TUBA1B,M4M5,crop_raw/fe76f03775cd959806abf000966e9f704ecf8a73b8f0e0f0d195eab88a3a0d6d_raw.ome.tif,crop_seg/bd1593cf804729fc6be5a9529752346730f7af67965252c31dbfb166a678ca7f_segmentation.ome.tif,0.108333,3500000719,92036
250452,674,TUBA1B,M3,crop_raw/827afc764ef0892695f99a6996dee0d720357a25b5e7c5975f0b96388ad0ba21_raw.ome.tif,crop_seg/f991207b44512ae1acce3312a43a80a933046d1d88abb3c2da244ae00af028cd_segmentation.ome.tif,0.108333,3500000741,94312
409295,16844,TUBA1B,M4M5,crop_raw/0130b3bc4912e237721afa55ab77a3d26213cc2b317484a060fa4f110c6fd226_raw.ome.tif,crop_seg/c5da43eb3d4c945276c21a247e08d5cc808a8b6e041d38de5136f453d8442aa4_segmentation.ome.tif,0.108333,3500000523,90858
882939,14005,TUBA1B,M1M2,crop_raw/7695bdebd920d65eea29768d6db2467f9e2acab9775fff36de591637220d6072_raw.ome.tif,crop_seg/153ac91cc923d85e1bbae7d56dec9454971ca297a71a8cfb4716bf8ac6366583_segmentation.ome.tif,0.108333,3500002082,135339
251023,694,TUBA1B,M1M2,crop_raw/80ebfeb258ee9bfd6843759902de33586915aa40d5a6271fe5e0c37b60f532c3_raw.ome.tif,crop_seg/7029b97aeaa0cb56c6694d211247ccf4efe13c176b58788304cfbf90336084a0_segmentation.ome.tif,0.108333,3500000741,94312
247506,543,TUBA1B,M1M2,crop_raw/850598032c3214d6fe45785a8ea49f683ace59b23ae412ea07f24ed98f014c4f_raw.ome.tif,crop_seg/5d32c00b4ae4ca9863719c85235f52190a5303febd9089df75cb5d79f0635e6b_segmentation.ome.tif,0.108333,3500000729,92695
234313,158,TUBA1B,M1M2,crop_raw/6a0b2396b037de28019dd3f1eb998c6fe0ebdedd8eb58e9ce440dc34234ea05b_raw.ome.tif,crop_seg/9de64abe8bee9abcd21ce05eadccd1dbcffcf1b580f090a17de8090a6ff30fae_segmentation.ome.tif,0.108333,3500000645,2070
249610,634,TUBA1B,M4M5,crop_raw/9fcc546d34e68632dce1e8ea8e56a810b7089181455f7e060370944230be6620_raw.ome.tif,crop_seg/c09e2beac77a100b3d895bff6e2e5d1e6a1b171c204fb8fcd89cdc15547dbfe6_segmentation.ome.tif,0.108333,3500000729,92693
404275,16304,TUBA1B,M4M5,crop_raw/e3e67f015d5a5e7266ab79f15142f348781ff8a8f2fabd3ecbb0f818a981aca4_raw.ome.tif,crop_seg/9e5612ef2d576886958fe2aa419be4a6b084dd300be5f32aa73bff6f4e5a7f66_segmentation.ome.tif,0.108333,3500000523,90856
234120,146,TUBA1B,M4M5,crop_raw/2b4ebc59d0e4db75c1cd17446556f508ad62fb0363fa2bb347cf3f8ef96ab464_raw.ome.tif,crop_seg/c1bcab1ed4e9bd2d950c30550576ffac40c3c90f9d553cf24154268fecefb153_segmentation.ome.tif,0.108333,3500000527,91147
241722,370,TUBA1B,M3,crop_raw/151883729cb7a184cdb6c557f499a8b206df4f9dd655aee65675022e8e81c18c_raw.ome.tif,crop_seg/d8b111bf8577f2065fb86bdb71801c85dd30001ca73e4d5eb2cbf262b82f0a1c_segmentation.ome.tif,0.108333,3500000693,90091
234751,176,TUBA1B,M4M5,crop_raw/e6b9540b883d35bd94a058e2622902d5df7545d86f96c87fe30988d0e2151991_raw.ome.tif,crop_seg/d530fea1b6f73cde62b0493585924a38846ca17ebf90da5d7ed38ac7873f3496_segmentation.ome.tif,0.108333,3500000645,2071
242002,379,TUBA1B,M4M5,crop_raw/8e131d7131ba225506ec303dba1503165352bcfe44286380ec9aaacd77ec7617_raw.ome.tif,crop_seg/dd3e32e49cc3e026792dac7fc110283ea70798bf0872328b143ffe4fe80cc2a3_segmentation.ome.tif,0.108333,3500000695,89237
251754,732,TUBA1B,M4M5,crop_raw/be9996f731df1499dbaaa472b5e1aafc2b170971392808a009d36a4d8053d667_raw.ome.tif,crop_seg/73c7720095f4bc1d758a09bc84977d8279568e2ac1c342889de4ad9df3e04ab1_segmentation.ome.tif,0.108333,3500000757,94504
233786,133,TUBA1B,M3,crop_raw/21e9ae1ced0e65ee5405ee5114755050373a6ce5f8b7e2d485e77861edc026a8_raw.ome.tif,crop_seg/d459ee8a496f777af7b9e0d517b000e249c2eae523dbe400b13d094243d1bbe7_segmentation.ome.tif,0.108333,3500000645,2070
243424,419,TUBA1B,M4M5,crop_raw/e5bfc2db1af136613cc7617b85bd0576170d2d3031aead68228a32becdffe3b1_raw.ome.tif,crop_seg/e390c0602fa7a2c7bb639b388acfcb5c8a2f682666902e3546febc1abca9e449_segmentation.ome.tif,0.108333,3500000719,92036
896992,14075,TUBA1B,M4M5,crop_raw/49a7b7f045e760726dca19081b098ae7e53011efd1bc6f65f4ad76eb2682ce67_raw.ome.tif,crop_seg/28b7398f2511f8efb06fbc868f367f999a76561f3ce25e20593c9283da0b323d_segmentation.ome.tif,0.108333,3500002075,135272
240479,331,TUBA1B,M4M5,crop_raw/d3a73a2e6a016aa3f6775d3669b433fff64bea1d8dac430f81be013b38dae2ab_raw.ome.tif,crop_seg/53318b3dccb71910b490e79552a0f6ee53dab76bba13d7650c94f74bce823e40_segmentation.ome.tif,0.108333,3500000680,89056
244807,469,TUBA1B,M4M5,crop_raw/b8121d67f57dd1d5d782e3c783889d8ae345f317b9da87a840711efd68852f9b_raw.ome.tif,crop_seg/611f5862b6cbb3d0149f21e0290a5a01ce150cf5d73150ffeffa7b0d83a55cef_segmentation.ome.tif,0.108333,3500000722,91924
232977,59,TUBA1B,M4M5,crop_raw/c47288a28fa9d10e794fa83750b6ba73101ee881dba74fd4eb22de2a017c455d_raw.ome.tif,crop_seg/47e833af7d744c6a92e4feaaf6283bf58fe70a061dec51edf0d6540195f1535c_segmentation.ome.tif,0.108333,3500000635,1315
233323,102,TUBA1B,M4M5,crop_raw/b19b30a2074959bcd376ae87a77c1812942af4d4a1dc2f1c99c4d83f3ed5e143_raw.ome.tif,crop_seg/1742bea3ce108f85053c03e621c2873556bcc232665638ae4b0be524051a4862_segmentation.ome.tif,0.108333,3500000527,91144
248827,600,TUBA1B,M1M2,crop_raw/dff320d4fc123676add1b64756dee0953581926af4fca37e611706c5f8e68ef5_raw.ome.tif,crop_seg/62445c90c13b1d1ffaf600c01573a64f0db2dea813006a60615ca3917f4702e4_segmentation.ome.tif,0.108333,3500000738,93460
250849,688,TUBA1B,M4M5,crop_raw/71d3a7a6e7405d3e6e8742b1c76f09784bb3a6f3b93a85d6a5add5c8433c3213_raw.ome.tif,crop_seg/6ceac631fe397dd0d70c1f393f985054a78bbae2ee82a80ed23b37bef258174e_segmentation.ome.tif,0.108333,3500000741,94312
244426,456,TUBA1B,M1M2,crop_raw/cc2b8d0621a3e3a8051232c71df3ae78ec11dea5f78b52184fa9c5a8e7e8c259_raw.ome.tif,crop_seg/17f6916a0624cb988d669d3d9e4a546617b4bbb856e901e3c2ea5d826735b7d5_segmentation.ome.tif,0.108333,3500000722,91924
406656,16586,TUBA1B,M4M5,crop_raw/03a14bc9395bfe84bbbcb0fa2191fc7ded8a32ccc640dc79deecbc21f6be2232_raw.ome.tif,crop_seg/bfcf310dd590d503208d35a10eb7671d36cf0e952f04f1b56d1c0dd22f0aa170_segmentation.ome.tif,0.108333,3500000523,90859
242771,402,TUBA1B,M1M2,crop_raw/3c872070852133cdf08ecfdc3ad6b79b0e659fecbfc15043f9963e4da58ca895_raw.ome.tif,crop_seg/80c655378b62dcd66777e759e81a1b707f435406fd471450a60c17649494d518_segmentation.ome.tif,0.108333,3500000684,88566
233041,62,TUBA1B,M4M5,crop_raw/c3864b6049d71a567e901e1c8349b6b7cfa3854c4712897f16feffbcf99b6913_raw.ome.tif,crop_seg/39d237490b5f543cf79d487878c27b06fff2985a5bd6c34cf891dbba369ff4f6_segmentation.ome.tif,0.108333,3500000635,1315
262771,1066,TUBA1B,M4M5,crop_raw/793a0b62315df0165b4dc1b9455f15517503905c85009f835bfa4fb2065ffdeb_raw.ome.tif,crop_seg/875a41c59b360bf05cbbaadef8e25f036b67d6d1946f324f0ce3cd2afce9efe4_segmentation.ome.tif,0.108333,3500000766,95657
877013,13979,TUBA1B,M4M5,crop_raw/283fd617983b02e4a4a016c70fd82e8d7a7ee8fd978cccb8428f6574d1ab44c8_raw.ome.tif,crop_seg/e18bbad85ad395cfbfb5dc906f26fdc21773a2827ca5ac39fbb91f2c3e9864f4_segmentation.ome.tif,0.108333,3500002082,135343
901006,14095,TUBA1B,M1M2,crop_raw/301772647f9302c554ca643fc7ffd82e46f48e1a1c4988fc9f26380324bd4116_raw.ome.tif,crop_seg/9c6ec528dee4ed6dc3869d36f48b2a0a202b4a80d3c19d79cbc772bf92de3407_segmentation.ome.tif,0.108333,3500002083,135434
241479,361,TUBA1B,M4M5,crop_raw/6ceb483e408b6fe29db2f48f77f19b01fdf9ffa253ba4ddecf8d044fea45a2cc_raw.ome.tif,crop_seg/d073a910f3cf73f696dbde480c95fd01115f4c55ace4ccfa7989f812b1f47b2a_segmentation.ome.tif,0.108333,3500000680,89056
248989,606,TUBA1B,M1M2,crop_raw/9038af25bc60147cc68a17d8049062be32b70a8dc4dfaecb3a73f12338776165_raw.ome.tif,crop_seg/97871778a22d3855bd30fd5c125363f7da9b659be3a183d6b3829ccb6456daae_segmentation.ome.tif,0.108333,3500000738,93448
396932,15353,TUBA1B,M4M5,crop_raw/70a1d14e6294e826d7bd694a2061978baa7ab1c98034658e9383dd7eb439e77c_raw.ome.tif,crop_seg/0803242a3365d6bf677bc0c7811fa7ed764e59a1f8f695b9acd6ee1495caa946_segmentation.ome.tif,0.108333,3500000781,4555
240995,348,TUBA1B,M4M5,crop_raw/122f2a5f8ce0bf77cd4efcb0be4a02700177e77a6677dcac2abbbeef1a19f977_raw.ome.tif,crop_seg/43c57dd3960802e4e586c15b027460c1aedb74add5bea72207d588d7350be358_segmentation.ome.tif,0.108333,3500000680,89056
236052,217,TUBA1B,M1M2,crop_raw/92668e4ba1c2e33b69d9a3671f755c1e6186e56a812edeb154a24c556f599699_raw.ome.tif,crop_seg/7d4e1952eeee51e808a5030c97c30ae7f9ae35d3dff46a0f064be0cc61f2b27a_segmentation.ome.tif,0.108333,3500000636,1494
245630,491,TUBA1B,M1M2,crop_raw/56e32d015608ad2f877123a3d5bce92858d815b2d23db88760b49dbef00f6f5e_raw.ome.tif,crop_seg/ac04c7deefa4119ebd4249f86ce466409ac4e56e039252dd02b99b90eb75d43e_segmentation.ome.tif,0.108333,3500000684,88567
255991,877,TUBA1B,M4M5,crop_raw/d6425210353218fcf0496bc7c05bd0b504ae72ee162aecb5cb9ca584077842a0_raw.ome.tif,crop_seg/514a58cad5429b1726bd4746477844cf80931e19757810d145f35095bc54f658_segmentation.ome.tif,0.108333,3500000765,95752
262035,1046,TUBA1B,M4M5,crop_raw/4a6b3c665ff78c604345ca18506eccf391b410d3baec58886081b03d91740251_raw.ome.tif,crop_seg/8a8ab3ff10d4e214885ee16cfa31a16359fefcfcbad865780848ec38ce944e5b_segmentation.ome.tif,0.108333,3500000766,95657
898914,14085,TUBA1B,M1M2,crop_raw/88229cacedbdf1dbaaa0f5b2dd75132170073963cf09bdabe3111bbedb3ee6b2_raw.ome.tif,crop_seg/64783f1fcc8ce060814302d6ab36ad2dd6f94803b9697b50ebc4221abdb3d97c_segmentation.ome.tif,0.108333,3500002075,135266
243742,432,TUBA1B,M3,crop_raw/dbd16cccc361184e59f51c0022f095410ff61088d040fc02d1a503a6e1f9dd19_raw.ome.tif,crop_seg/a3ad0fa6cc09f6165c4c7f81d9507efadaca8d1e4177ea76000a20f38a2690d8_segmentation.ome.tif,0.108333,3500000722,91924
245308,481,TUBA1B,M1M2,crop_raw/4458666dabc275348182436cdf5b62cfa1e925add828432dd03c5de95748e347_raw.ome.tif,crop_seg/b86b43a5f9d5b6a708aade284d8f03076369e3c4e6d269999bb2cddde8054467_segmentation.ome.tif,0.108333,3500000726,92311
247377,540,TUBA1B,M3,crop_raw/ae6e2956b905e2c3f5ebc4fac0a4204336e2bb1c05a3ea535283aff2251850de_raw.ome.tif,crop_seg/1a5465958935abf8f9010aa096c13983885c9d985839ee787c01faec32b8b90b_segmentation.ome.tif,0.108333,3500000729,92705
234152,149,TUBA1B,M4M5,crop_raw/2ceae01147d578e770351a1698aa2b8a667185f6604b0c47d2a2236cd0ffc8bf_raw.ome.tif,crop_seg/fcbd542c86ba4f0975f78709d1e1416fc6f4559f5940e91d8b3afbefb9727317_segmentation.ome.tif,0.108333,3500000527,91144
243570,425,TUBA1B,M4M5,crop_raw/00c1a8032856ecd5a85feb662b50c7ffe724517d124a94234392e2bc837c0c2c_raw.ome.tif,crop_seg/b0b25d84ba538e1e0590769895003b4470c6c69b7f72ad0ae565df99872cd9d4_segmentation.ome.tif,0.108333,3500000684,88567
904942,14114,TUBA1B,M4M5,crop_raw/e31f1ea56763145d21d63bcf8b033c0f0aa5f1aec650fda9978f406827a05b58_raw.ome.tif,crop_seg/0d3952465e749f66503c876ea71a0c9d37b43dd8c2989a19927336ddef93784f_segmentation.ome.tif,0.108333,3500002083,135435
252451,770,TUBA1B,M1M2,crop_raw/7ce05e1214cca0467fad90bc9e2c3b278df3f02dbcf8dd6991594d6e05f816eb_raw.ome.tif,crop_seg/8398f8dc83704da56252b01cbbc5fa37684a894b30db916b7c172c353a1a06a5_segmentation.ome.tif,0.108333,3500000757,94507
251296,704,TUBA1B,M4M5,crop_raw/1a6e226577954ac90199e7ac44943c46b50994ef80bc2dd533e36b85a0bfe5f1_raw.ome.tif,crop_seg/b2406b645f49ffa8d0a30a95a48fda7f9b592778b73a64d57ac9af4a6d9a4178_segmentation.ome.tif,0.108333,3500000741,94312
242303,387,TUBA1B,M4M5,crop_raw/16763c14e3c27e0d1c9023a8e87e55503d6f016f88df1c33c3a6417c232a2885_raw.ome.tif,crop_seg/f7d7131446a816fe4d9faf579c34b01a25010e07d279cd39a84ed6c5e6e55a5d_segmentation.ome.tif,0.108333,3500000695,89238
244740,467,TUBA1B,M4M5,crop_raw/56993505673c45dcd9c9e625509e987e92554e123a944c1d262f2b05458a52d2_raw.ome.tif,crop_seg/47dea0fa4d2032f4e18fefea7af443413d19aa4b05ea375d2497e446b207902f_segmentation.ome.tif,0.108333,3500000722,91924
242106,381,TUBA1B,M4M5,crop_raw/9928ffe5bf9d0d88b170210761e891385b2c24ae3bca61142b0ba4ef1841831a_raw.ome.tif,crop_seg/5854f5b36fc8d477b2b03e4875ca599e79d061bf39fcf92414ad779858629f92_segmentation.ome.tif,0.108333,3500000695,89238
233419,116,TUBA1B,M3,crop_raw/48222d76cdcc8b9a1781a0118822747ce581c5ee400d616fbc5bafe362aaadb8_raw.ome.tif,crop_seg/3d93851e367b2a1fb842ee39850b3da70d0e62d05dba017266bd3a0043a9a0f6_segmentation.ome.tif,0.108333,3500000527,91145
243590,426,TUBA1B,M4M5,crop_raw/66412fa90afaa302ff2b387066af17d9b68b64d003ba27600368fddee05baf40_raw.ome.tif,crop_seg/a1479447678c1d3199c59cc035bb4e933de1b7e42201695a06bbf0ccddc19da8_segmentation.ome.tif,0.108333,3500000722,91924
251428,708,TUBA1B,M1M2,crop_raw/b48ec6de64d11668505025614588dd7a27cf8bc95c7d2420b0dc3fbfad7572cc_raw.ome.tif,crop_seg/34752f1f628edb4bcd2e83850d1fb6299c2220f9e13af04ce31ba8cd1ec6503a_segmentation.ome.tif,0.108333,3500000741,94312
258732,957,TUBA1B,M4M5,crop_raw/ff56e4633bab960b1b4bcef894bf1a54325da16a4b6fae5288d661a3eaef88e2_raw.ome.tif,crop_seg/ed9ab5c5e96a0e8f71ff1b3d5e097e76340f4d69ae295a845e6d3f9e4057d3e9_segmentation.ome.tif,0.108333,3500000758,95176
262734,1065,TUBA1B,M4M5,crop_raw/c0a4295704d33e8bb1430e4b34e19430805a6864950819237b7b955dcb7164eb_raw.ome.tif,crop_seg/0380588507d9d3b22a9f5e3a2b1d629a25fa00496ba29c49f736717f9c33eaa7_segmentation.ome.tif,0.108333,3500000766,95657
251247,701,TUBA1B,M3,crop_raw/3190a2de439d8223ad4c426e99f3aafac573ceda48f07ae24902b94be4f7f588_raw.ome.tif,crop_seg/0cfa0aac54a6e1d57eca6c4e0fe99ff36c259917e9b670de71adde211a5535c8_segmentation.ome.tif,0.108333,3500000741,94312
982155,959,TUBA1B,M4M5,crop_raw/7910446338eaa89bf3aaa54396c8f1177989f5187978e62b7e53548456e57f72_raw.ome.tif,crop_seg/081cb36a699e205f73d145138a8bd4e67355f9acc038846606699c855fbf3cb8_segmentation.ome.tif,0.108333,3500000758,95176
242404,390,TUBA1B,M3,crop_raw/796c8cd8874cc5fbd6f968718f8da2e9b417301904a0e4c80793e0c97a121ebd_raw.ome.tif,crop_seg/3d052af7d52ca2ab6af8824e8b181ae32176822e77b789fefbb24cc5c9365666_segmentation.ome.tif,0.108333,3500000695,89238
246872,524,TUBA1B,M4M5,crop_raw/c8d12ef2aef227c14b0d6606ea23431c836ef1b02fa493e578008ea85ec68bf8_raw.ome.tif,crop_seg/2178bf09d62ee8bdca0b3b18aab00a9f1350461be34f0eb6eb40e469fe5bbce8_segmentation.ome.tif,0.108333,3500000722,91924
250322,668,TUBA1B,M4M5,crop_raw/cd11d4504ccf60daed93adad08464fc2e492a28a7963c8c06647143ee5c21bcd_raw.ome.tif,crop_seg/92ce24d6d19a56b844229715b23eb70b07d2221e51ce84fec14710c96aecb282_segmentation.ome.tif,0.108333,3500000757,94504
249342,617,TUBA1B,M4M5,crop_raw/a03bbb8b8f374bf3d5eea04433f399cbedda06e50d9a7404672b8984bfe392f3_raw.ome.tif,crop_seg/c7b82ea2978c005b3624198f1fa7250b0b644ff21efcd7a9c263b39af6886095_segmentation.ome.tif,0.108333,3500000738,93460
405631,16461,TUBA1B,M4M5,crop_raw/749112c662a220b917d49114b8922f5bdd51da07e55e8e7f072dcc70f1d6e1a0_raw.ome.tif,crop_seg/0eb80f1b5ad45148cd28bf535dded963f3da5ec2aedafb0c5c844fd7fc1aa456_segmentation.ome.tif,0.108333,3500000523,90860
244857,470,TUBA1B,M4M5,crop_raw/0b52481dce3308dc4c98a0bd07f4747fbb61cd1f353fd1ec471f6e26135d3dba_raw.ome.tif,crop_seg/5bf46925ba2bb0cf1682b77beb0ce895c1d55debfc3d81e6e562a1ecc15d37ab_segmentation.ome.tif,0.108333,3500000722,91924
403747,16242,TUBA1B,M1M2,crop_raw/476506f154944b9f3b4aff3f3054ce28770762b694cf6e4525986a4d1764bc89_raw.ome.tif,crop_seg/f2878ddd527a10d36a4dfbf23236f05dba06383226d885f103eabd9e023b9275_segmentation.ome.tif,0.108333,3500000781,4556
401327,15867,TUBA1B,M4M5,crop_raw/cdb4903ee203ac7152065a456f98e50fd7a98a0b4d577096a5ee035368182e9a_raw.ome.tif,crop_seg/67c27975e3a6d6e778b6dc506e7d09be807786fb0d17f4f6d91ddcfe35af98f8_segmentation.ome.tif,0.108333,3500000523,90857
405349,16434,TUBA1B,M4M5,crop_raw/e4429ba83007d0fb7145c93dc55f7665c0274ba83fd33d45b0516fda7edad2ef_raw.ome.tif,crop_seg/2d21651a21db4990424eaf3d1be3f1d3c1d0b5a46a2d515339b1eab46cb23e4a_segmentation.ome.tif,0.108333,3500000781,4556
245015,475,TUBA1B,M4M5,crop_raw/6ce0642037311b7cd8e9a955c3299e7e72710d22c9f685f4788976ab5a2c1e95_raw.ome.tif,crop_seg/c13aadbce34d8288a01cb4bbe8d1d6db908df6129802fc17081d169cbceae02a_segmentation.ome.tif,0.108333,3500000722,91924
406139,16534,TUBA1B,M4M5,crop_raw/d61b5a0bce319d261dae12be1872b81ba5a8a1e8f83aa88a057e23cba5d075fe_raw.ome.tif,crop_seg/c52d5b0313830512e3125b74c3550502fb84f97fbf91d4ce6e5b2820ac377834_segmentation.ome.tif,0.108333,3500000523,90858
899083,14086,TUBA1B,M1M2,crop_raw/4ccc3becd9f6fbd5b1daf99141f8a7c17bfb6d15bde0f3adfac0b42c4c904431_raw.ome.tif,crop_seg/6170ae0b9fd715d23595eec469a8855b92a65f5d2f3bec8f4f46b27d79ec00b2_segmentation.ome.tif,0.108333,3500002083,135435
233195,71,TUBA1B,M4M5,crop_raw/a0a98177344cc55335d6006201519414b6ee746b15883165c4d16cb289396556_raw.ome.tif,crop_seg/f84d4607313c44d5b816e9952f7e98c295eac0e8f13540b4d0e7bf833a515be0_segmentation.ome.tif,0.108333,3500000527,91145
233562,122,TUBA1B,M4M5,crop_raw/7be31ac9aa25a2eb2df31c365b752caad2696d526906609ed8f43c97a1ff7c8a_raw.ome.tif,crop_seg/779ea504ccbfe452d0e0e252fbc6f60bedf95593a3f45f4a3c6c725f6d9a4799_segmentation.ome.tif,0.108333,3500000527,91147
252531,773,TUBA1B,M1M2,crop_raw/79dfec56117e096fb642eebad182067614795a20d326518fca3924c2af6003ec_raw.ome.tif,crop_seg/10e223874aafa85871a2da6ef9ab3167c67746a7dd5b98b31e2c67aaa0db844e_segmentation.ome.tif,0.108333,3500000765,95753
239891,312,TUBA1B,M4M5,crop_raw/6d7e4fad7314888d652918a3909119f5199fe9d223c312fae11537b81dbd0d4f_raw.ome.tif,crop_seg/f7ba95f27c94d5eef678ef10a3c46eb632c338f649d7f1ac715cdd51248db431_segmentation.ome.tif,0.108333,3500000668,88853
247144,531,TUBA1B,M4M5,crop_raw/d521e43b39077e6c3f816280137a4620ec86c75ee1589ba42763d6196af3de48_raw.ome.tif,crop_seg/d632f4496ada09f420700b14ac2cbe452fb1403e7c8454789e0d1f524e055a67_segmentation.ome.tif,0.108333,3500000722,91924
233494,118,TUBA1B,M4M5,crop_raw/f2a97f725d0000e9197cc4084f7385aa7018a3137bbd6af746494950ebb0abbe_raw.ome.tif,crop_seg/534352deeb96c09f973544565d7dd35d3d971b2a7784bda381fe7e8a871ae9c7_segmentation.ome.tif,0.108333,3500000527,91147
233123,67,TUBA1B,M1M2,crop_raw/994cfa118939ff066739bbbe41905b88591feb1bb09a10174782d1fa8b897d3d_raw.ome.tif,crop_seg/f90d1c0d2860c9f947f81b6f7c65765bc5c6cba3b6172362e774810584d63b21_segmentation.ome.tif,0.108333,3500000527,91144
251196,699,TUBA1B,M1M2,crop_raw/59ee4db812ec728d0ebd353b0c20ca3bb413758ed0704ed54808e7f527205cbc_raw.ome.tif,crop_seg/f5980935d4a19304d5ff1cc422cc14717ea09cdd407ba35fac605144adf333bd_segmentation.ome.tif,0.108333,3500000757,94507
233256,76,TUBA1B,M3,crop_raw/10baf5539e06a1f50516d4ad3f398832bb147fb06582b6072bc8e5ac2ff53e71_raw.ome.tif,crop_seg/f976551c5e6b888a82e1862f72816461fc7126bd69c9952ea84c7d2393ca8a7b_segmentation.ome.tif,0.108333,3500000527,91146
246776,520,TUBA1B,M4M5,crop_raw/452beb007fa98d5674c67402a799d3a87dfa250c2b8732830f49b294bff2f06e_raw.ome.tif,crop_seg/c0188be9852b8cb8ea72d2ca8a544612b4078806fbc8d881089372b5b4c5f355_segmentation.ome.tif,0.108333,3500000726,92311
241194,353,TUBA1B,M1M2,crop_raw/6bad5368ba84b4699c555e4d18147015a89a492d97674c7bf1fb75a76c4eba02_raw.ome.tif,crop_seg/aa6eb1c808fb75994f4d8010821e20243575b81a6ec007b8258466abd710adad_segmentation.ome.tif,0.108333,3500000680,89048
240200,320,TUBA1B,M4M5,crop_raw/8f20c4f84f25c61bd7a6d24bd241d604d0f48ba8bb4baa92b18de627feb6da2c_raw.ome.tif,crop_seg/6dd0fa58841c6024643c0a27a09e5e7a6ff59d8b22f05beaaa2453b173960384_segmentation.ome.tif,0.108333,3500000666,2936
402940,16102,TUBA1B,M4M5,crop_raw/dc8229099744748731d647133468fad5cab48b515a1228c2e837284d59c55863_raw.ome.tif,crop_seg/69a6813ccef52e6dc4a102892ad67694c6b98ed135da203a7ab671503a894ad6_segmentation.ome.tif,0.108333,3500000672,88267
876786,13978,TUBA1B,M3,crop_raw/57f82f72462c5136322cea6d0616a665f09c8a4c2bf9101e66832c58808c4d03_raw.ome.tif,crop_seg/a99e7d7bf57ac439747b9763c902fb208b025b8b455fb4145a83d1c62620bfb5_segmentation.ome.tif,0.108333,3500002082,135340
393473,14968,TUBA1B,M1M2,crop_raw/6bd522c7f21a74b94f9ce5950a676db29dfc24e679e5583f4fb0b12034a70733_raw.ome.tif,crop_seg/9c5b3b7aa0ffeeeb3b315dcd461ce99f9d7e233f84ff753c4136539b8e005bbf_segmentation.ome.tif,0.108333,3500000781,4555
403842,16258,TUBA1B,M4M5,crop_raw/93a6ffd66d6806a431750bc936ef004eba272ca3d02a4a0c4cea893989d631fb_raw.ome.tif,crop_seg/c236b61fb1a75e0468c19fc973a08d2fdf355c33dcdbc15ce874fd68849951f1_segmentation.ome.tif,0.108333,3500000781,4555
901895,14099,TUBA1B,M4M5,crop_raw/a772e4bdb77e147628cb3069c0f8a16fba6adf1e07327167d09178659de23ca2_raw.ome.tif,crop_seg/10f68321b733371e4e3f1f9c4b140abc4c9f04871ab63e09cdb92b44b8f298c0_segmentation.ome.tif,0.108333,3500002083,135440
239492,301,TUBA1B,M1M2,crop_raw/a859850ffcf180087bb52821e20001c50124d5f5ca613fb8738d836e8337c0e0_raw.ome.tif,crop_seg/ed82e63e012e984b5668fdde92fee709155bb7f39ee9f9918e59176be664756b_segmentation.ome.tif,0.108333,3500000668,88852
243632,429,TUBA1B,M4M5,crop_raw/6b701bfd188ae458c461707d1b82d639532b387376a54984f5a97b66d64d070e_raw.ome.tif,crop_seg/1abb1a909b4fd484d50808cb2ffc587a0580dee1ffafd8c2998b89394633fe66_segmentation.ome.tif,0.108333,3500000693,90090
248591,593,TUBA1B,M4M5,crop_raw/a531635c2702be1171a2728ab1e1cccfaab52005c7eb3a6b08cb32deb645a998_raw.ome.tif,crop_seg/95b3afacebead0401374b9d4c7f57a84019b872fbe3ce7bd76e04f2d11aa3ab7_segmentation.ome.tif,0.108333,3500000738,93450
234096,143,TUBA1B,M4M5,crop_raw/5f628ff78af14bc8cbc66234b1c11685cb78fe072994cc01086985e7fd1189c7_raw.ome.tif,crop_seg/e9108efbe6dffb722f582251c5ec26b8e7d7f3eab7be736181a6365b6ab80edf_segmentation.ome.tif,0.108333,3500000527,91144
233867,134,TUBA1B,M4M5,crop_raw/825aad61b525fab6d10661ff03c23b661493cbbf62d2ce119b8afb60081a26a7_raw.ome.tif,crop_seg/7f83f9ee4f96805f7a8910b5224165d0e90a1539e51fc32a6cc699f4b41d9260_segmentation.ome.tif,0.108333,3500000666,2933
246506,515,TUBA1B,M4M5,crop_raw/dd42970f34f8746193869658230c2a78271148b20a14c229574f4440866e92b7_raw.ome.tif,crop_seg/d0ba66a8f3347c56bc2cd7ea763bf5689558d7a907b21bb2b1ce26038ff3db73_segmentation.ome.tif,0.108333,3500000726,92309
243268,414,TUBA1B,M3,crop_raw/fd027d1b6db8366fa9f44d78ab166d25e5abafa62abc7a401e5c34bac50efc63_raw.ome.tif,crop_seg/4e2501d452d170c0f23e5d18297e29c436a33a1e6b0083f9658f52e1c5dbc176_segmentation.ome.tif,0.108333,3500000719,92036
246111,503,TUBA1B,M3,crop_raw/2dfa94e524653b50a1c309d52421fe8620ede87f852adb436ac422c37507e45f_raw.ome.tif,crop_seg/e5ae20739690a97d9e470f206055c0cf489edbdc8db3779b79860f8775d3a77b_segmentation.ome.tif,0.108333,3500000722,91924
404514,16338,TUBA1B,M4M5,crop_raw/e8f52d452a9eb02a7f59f23f065a3654b34306ea3f9416c180124b613878dcd0_raw.ome.tif,crop_seg/5789e35bb25606819ce1b7e14ce960e15827958631f3453643c6e4c17effcbe0_segmentation.ome.tif,0.108333,3500000523,90860
233357,114,TUBA1B,M4M5,crop_raw/eb67a933ff6b9cf17141158abc4050160bb58cdb5eda59835d4366201b43f156_raw.ome.tif,crop_seg/e3094b6c73160a78186b34801c62109f99e44e3e87dc93097fac48f6b0cb050e_segmentation.ome.tif,0.108333,3500000527,91147
262708,1064,TUBA1B,M1M2,crop_raw/12dc42572463f409848eef9dfbee790512ee3a2f10a9d5aab1b5bc2875f2976c_raw.ome.tif,crop_seg/f243ef72b044cbc6905abe07b229dab212bb61a9db266cdce4a435baacbe5608_segmentation.ome.tif,0.108333,3500000766,95657
907195,14125,TUBA1B,M4M5,crop_raw/0b5940cbce3d9f7271888ae06f3fd9497be7f2e56fd2caca5a650cdba3057f74_raw.ome.tif,crop_seg/73dbb628b057abda341fcf6bcad951a66ae62974fc7a8c3fbe7243551d64b995_segmentation.ome.tif,0.108333,3500002083,135437
242817,403,TUBA1B,M1M2,crop_raw/5c436f883d16a9b36adfdb729cc318309363373a291aeaf55e64f19bd2c7343d_raw.ome.tif,crop_seg/a9a46599d912dcede87fd7f126ce6efd5d09326d2f1a6a7b71830b0b10ec3999_segmentation.ome.tif,0.108333,3500000693,90091
250635,682,TUBA1B,M4M5,crop_raw/63244e48879a310bbf346d899fd7a76eea53b96ef8f7a46d3f60dab758556e61_raw.ome.tif,crop_seg/0ec85ee19b3d8328deca542a052b6f8b56e700b1e48016080e09c0de3f3977eb_segmentation.ome.tif,0.108333,3500000741,94312
240891,344,TUBA1B,M1M2,crop_raw/ffcda47b66aad724dddcec13bc8a5d9404746a9ac6c811afac753dbb67273b54_raw.ome.tif,crop_seg/10b643a91bd6a2aade2c1f22a9e1233659b826da1979c760df92eec4afbbf9c1_segmentation.ome.tif,0.108333,3500000680,89048
255340,857,TUBA1B,M4M5,crop_raw/bb00eeae1c176eb588bc7ab4bcc97eeec9287a41f220ad17d116acb03fe2a000_raw.ome.tif,crop_seg/2787a1c59a9fb997613e91b0d28440d050c680b8aab923f75a418cbd741ce570_segmentation.ome.tif,0.108333,3500000765,95752
244512,458,TUBA1B,M4M5,crop_raw/eb65e8c88a19c733516944b6564cc5fcf99f267302eb4acf09f6b4ab3d482de6_raw.ome.tif,crop_seg/00bea71ad6e374f83db08d58f95ccf6b033442a7ccd0af7c4092510c9ec2acce_segmentation.ome.tif,0.108333,3500000722,91924
255833,872,TUBA1B,M4M5,crop_raw/48e510f4653fa81a6b6fa2ffaea941e6e1dece5df9f2a16ee1c30edf0127ebdc_raw.ome.tif,crop_seg/d3a6408b6ff64ac5bccbf8ce57c8cc927c4622c11b90bb398fd35b5968fdda9b_segmentation.ome.tif,0.108333,3500000765,95753
244121,447,TUBA1B,M4M5,crop_raw/576b35e78c69e74b117b0a8eb6dcf7b0a3420d88805ee8f1a971a1d5edd22b60_raw.ome.tif,crop_seg/e5252cdb09d98de2bcef804be5520029e8eaf93b40ef74aaa045ba9cccdf0746_segmentation.ome.tif,0.108333,3500000722,91924
250074,659,TUBA1B,M4M5,crop_raw/d7b10da6e9f48b044daf285a5dd9bd8c8fa154ac2f6bc8b2b65d2577afa8c361_raw.ome.tif,crop_seg/1f66d9b24dd5299a06f81900f0e369a47715e262dc2b2bb6f531d96edca5fcc0_segmentation.ome.tif,0.108333,3500000757,94506
240718,338,TUBA1B,M4M5,crop_raw/2bdfd1d74dc121f3f23f9e52bf45b53570f7f2140c9b40f027d5ff0c0e545f28_raw.ome.tif,crop_seg/6a1ed851b9e86256266adcd1b814fee023a7b4984efeb7e47414d3b7ef5919ee_segmentation.ome.tif,0.108333,3500000680,89056
397762,15426,TUBA1B,M1M2,crop_raw/ba9df448128a7cbce1302cedfe6a1357c6d991bb19b56f665a63d635baf16947_raw.ome.tif,crop_seg/e7814bece6006134240de7f75496a782ae572b175219634986f6f26b6feef045_segmentation.ome.tif,0.108333,3500000684,88565
244050,442,TUBA1B,M4M5,crop_raw/72ef5ebaf058bda896984c6f95ab795cdde4ccc4e303ccdb0a6f185bf6154197_raw.ome.tif,crop_seg/b74ce7c144fea987a57d669a5adaf766b6e53f5abb4097ce42ce8f617fc68f07_segmentation.ome.tif,0.108333,3500000684,88568
250490,676,TUBA1B,M4M5,crop_raw/3ff82da411293afce0d397afe2295b302b6c4c52c8168024f928503eee7a4dae_raw.ome.tif,crop_seg/83acb8cb43c12007695e13218f6a28b7e7bba3804724e6a2af02a362b79efd99_segmentation.ome.tif,0.108333,3500000757,94504
904070,14110,TUBA1B,M4M5,crop_raw/12ae1d78b9aef40990f95ec343846c62298f7e0ad518cf77c9e0d0473f760a33_raw.ome.tif,crop_seg/9454b9cdd60a9f475f2cc1dc43bf92c8fb2755bfca49eabf4ad550d5c331974e_segmentation.ome.tif,0.108333,3500002083,135438
262536,1059,TUBA1B,M4M5,crop_raw/f1a8415097a824eec742d9558114bc7d99de7153cdc9d1c9dce321e22e9144a6_raw.ome.tif,crop_seg/a3d7aac1345cd79205c7f02dc95a632c0d06505457dbfb81c29cd02a9502cf1b_segmentation.ome.tif,0.108333,3500000766,95657
253083,792,TUBA1B,M4M5,crop_raw/a4cd45d46bc90a7adaf252409712c72ce6891fb9fba67c1b3bd2b7c0008e4bc4_raw.ome.tif,crop_seg/dc72a350358bd2e3c0261cc76f6919057a6e744ea38ab78e56647b0d0e1e94a9_segmentation.ome.tif,0.108333,3500000757,94504
243192,412,TUBA1B,M3,crop_raw/4aaf7e59f4f282d75c6b15c97858c9507699b000393704507dbc648c1e8b3213_raw.ome.tif,crop_seg/9155cec7c819cb2a4feaff336d9936de8305fc563122524f3336b91b146faeea_segmentation.ome.tif,0.108333,3500000719,92036
243963,440,TUBA1B,M4M5,crop_raw/95fd3c7efbc29fcd01360b736d5032708a17a34823ed3b81f9e13ae6396d69d5_raw.ome.tif,crop_seg/6c8a6505cd9f14f01984fc75af1bfd3ca8726e1a70c4d8565501adc3368eb967_segmentation.ome.tif,0.108333,3500000722,91924
245237,479,TUBA1B,M4M5,crop_raw/c7e2ca0482394d26ac067b12fa2a477cf7ebfbec880ad3e7e3a544bb8bf01c84_raw.ome.tif,crop_seg/27f04a9288d51aa15eb5b581d6a860f1c7c237eb1589c67719afd1ca571e41fe_segmentation.ome.tif,0.108333,3500000726,92311
262003,1045,TUBA1B,M4M5,crop_raw/9e709fd1b6f2527ca29d88795996a342abec409f0888358d2993e826a0e2dbcf_raw.ome.tif,crop_seg/2961d2f9cf41c766da7b3522ed860386230cf6f8ce81bc0ecfb634485f10d468_segmentation.ome.tif,0.108333,3500000766,95656
249657,638,TUBA1B,M3,crop_raw/d9661f9d1aee528b01dcdba6dfd092a6947e243fbb61a355d40bbd5a084bcbb6_raw.ome.tif,crop_seg/de6718a54e6e39f65c18e161abaf5f4d7fb90a4c754d92982cbde55bc21b4d57_segmentation.ome.tif,0.108333,3500000729,92695
242533,395,TUBA1B,M1M2,crop_raw/ec23e2495b8aa589d3610188733568265a60332b03b02a8673a85e108bb9b355_raw.ome.tif,crop_seg/bd61dbbc5f9681a194e0aeb1586df103068596d16827aeb42a6df01f97ac77f4_segmentation.ome.tif,0.108333,3500000695,89238
236220,222,TUBA1B,M4M5,crop_raw/3baa4807e8ac0a4ad0ccb5248dab5c3879f6d365079e9209f1ea24b18d1b7be3_raw.ome.tif,crop_seg/4db04d41403feafb067e9701ad68581120a6691f16b833952290d12267bd85bf_segmentation.ome.tif,0.108333,3500000645,2070
233749,132,TUBA1B,M4M5,crop_raw/cea4cbcc4508fe2343f23f34d1afa7855cd454fc0a67b39cb5a53e9b1bcc2cb0_raw.ome.tif,crop_seg/edd3aa0592dfb9753668efac4a3d92173cc4b11b6f0d46e93e1996b6cc88ef2e_segmentation.ome.tif,0.108333,3500000527,91144
234521,169,TUBA1B,M3,crop_raw/d84d438e876d45c02c28aadf5ee2c24a7bf49c8b986383613ff10385655f7831_raw.ome.tif,crop_seg/83568ff02cb617b03ad884a9123a21336603a935bc054ee7e01273a043928fcb_segmentation.ome.tif,0.108333,3500000527,91147
262400,1056,TUBA1B,M1M2,crop_raw/8312240f3da7e78e43f3f35988ae6b134c51d4bfb3f704712807b150296d9ccc_raw.ome.tif,crop_seg/7148085aec9307b7bb70a98736ed83fc6005c03b014ecc00e67861865e7e7c27_segmentation.ome.tif,0.108333,3500000766,95657
911258,14145,TUBA1B,M4M5,crop_raw/71123ce6d5218666bd8acba42ab26b63d4ae49a1ed9bda2d34124d4df5607695_raw.ome.tif,crop_seg/c3f9c33f7af6c431c1e65f4e553941f1731942812a6ec4c823abf26e1fb3442c_segmentation.ome.tif,0.108333,3500002083,135437
896719,14074,TUBA1B,M4M5,crop_raw/21df6958706d146b619fe7ea7fd03e867ae3aa526a52ca9a74bc1e8541af78cc_raw.ome.tif,crop_seg/3695e6318c0b5cd64c2a36732fc2b163d836f97388485b9518be36123d90dd91_segmentation.ome.tif,0.108333,3500002075,135268
243228,413,TUBA1B,M3,crop_raw/273739b20e1fd4692433d241104bdcf457a5f6199fde32ee7debb02435ee15e8_raw.ome.tif,crop_seg/a71aa422eaa2c98b98717abcd27c44b5f35a02b1cdab41ac7616fc34122b0c5b_segmentation.ome.tif,0.108333,3500000719,92036
407955,16716,TUBA1B,M4M5,crop_raw/dabf6b6bfdaaf6e914e692ce3070fa72e5289092efd265fb293594c6132457d0_raw.ome.tif,crop_seg/e08caebb9f737f16f240d565eb3ccb1b15e0c591c53516226899d5902515c043_segmentation.ome.tif,0.108333,3500000523,90856
252162,755,TUBA1B,M1M2,crop_raw/d036e89fc66bae420793b9bf06e9a33b71da6748d3acf74bdc7d29243dd8d526_raw.ome.tif,crop_seg/8a588d594f11d9ff070518e317f8c837f6f61b401789ed40f0510c3e62fffdd8_segmentation.ome.tif,0.108333,3500000765,95753
251210,700,TUBA1B,M4M5,crop_raw/4a4822b2f46f714f118ac3cc686bd714c091dd0992d6e8681ae8c279eb56e461_raw.ome.tif,crop_seg/041a4569590ed0887aaa0cf5f5b768501493675fe6d1a4f951998876d701aeb7_segmentation.ome.tif,0.108333,3500000741,94312
251331,705,TUBA1B,M1M2,crop_raw/6c0c78516865326689dc05fdb78d935a21a754f25c8ce181546af3f2755de0b7_raw.ome.tif,crop_seg/fb1f10534fefa1a9cbec8a654b92ace646652896149125456e8de4b30155844e_segmentation.ome.tif,0.108333,3500000741,94312
893405,14057,TUBA1B,M4M5,crop_raw/49ea80eb33e7cd7fd0cb8dcfdff238acfd4ca3295343a0e41b7771bc0d142b4c_raw.ome.tif,crop_seg/8cc9b34b65c1c6be6d35edf38272646b98ce4793772c520a24e1bd9ad0b22428_segmentation.ome.tif,0.108333,3500002075,135270
233595,124,TUBA1B,M4M5,crop_raw/35a75bf3878379fee749db269240c5ceb4f03e6a8d53d7254900884ce07aac95_raw.ome.tif,crop_seg/50dcfbb69569559fa887c9a54994fdfa29dff7e3a0955c3856dc3bd5cbf53ac4_segmentation.ome.tif,0.108333,3500000527,91146
239766,308,TUBA1B,M1M2,crop_raw/3a3813aee8fbab7df19c8bbfd53d5bfd4180c6a0553fe45977d3a1c3659703a6_raw.ome.tif,crop_seg/25b6a6439e46f1e7c796fbecd8651eb6affb55c82ab3500046f3724a4261c902_segmentation.ome.tif,0.108333,3500000668,88852
909367,14136,TUBA1B,M1M2,crop_raw/ef5a2308d35145eb8d02f806874172b247b4b84da17b005409d6fdb6c47ff0b4_raw.ome.tif,crop_seg/b04fb25ca16450a5f3d4332d358412792cc55606e6f3c1d0b94726c9e724e2a1_segmentation.ome.tif,0.108333,3500002083,135435
981849,173,TUBA1B,M1M2,crop_raw/29017c8795d224b90ec05791387c255540fd996226b67848f45bda72bd63f3de_raw.ome.tif,crop_seg/a289a8ecaeceff0aabd9a8ba147fd08a8fef1ac9254efb7f235587f7a30cfe11_segmentation.ome.tif,0.108333,3500000666,2945
258812,961,TUBA1B,M3,crop_raw/783775b3990a5a60646ce3f73d4145da8833af8c54bf1210c104b705983e5cd0_raw.ome.tif,crop_seg/e0b52dcc5bab57c50c8a3c9ddfb0ba56b1b5cd8b410463b43ec687babc507315_segmentation.ome.tif,0.108333,3500000758,95176
248721,597,TUBA1B,M1M2,crop_raw/4c59a53495a97f22ba0f60474f1135b44490cfd15e375004abaf5108ab3cfa9d_raw.ome.tif,crop_seg/8fe95680a21b936ee757a3c860bcb2df184f40b58466227c4ba12fcf8cfa918f_segmentation.ome.tif,0.108333,3500000738,93448
404660,16363,TUBA1B,M4M5,crop_raw/8a77ec0c7fd211bb4653abb155bafd3cd0b8fe1afc6c0c9373318ca3edb437af_raw.ome.tif,crop_seg/bb86992a8b1c1f09f57dfc49c1e7bdaf2a6073c2597a0c577785fe510669ec21_segmentation.ome.tif,0.108333,3500000523,90860
982176,1068,TUBA1B,M1M2,crop_raw/8166dafd915c679ea2c661aaf6c274b1b3b663105ab3ea6c5991fbd54129db43_raw.ome.tif,crop_seg/dfb2a7eb4405900552d7aebc41ff0c95b0a577eb87badb4d7086ef4bdd8159a7_segmentation.ome.tif,0.108333,3500000766,95657
247089,529,TUBA1B,M3,crop_raw/e2f612bcd249102200d4bf8c3df25e3a0faddbb1dac5fa5013e376d9b3686d86_raw.ome.tif,crop_seg/282cb1dd96f596c0e5d9ed7a9981116bb40f18c2ca1c325de31c917248956d25_segmentation.ome.tif,0.108333,3500000726,92309
906808,14123,TUBA1B,M1M2,crop_raw/b46b0976fa77908484210869e6ec54c88276b42252315c967557bd6a4b07776f_raw.ome.tif,crop_seg/488b599de3129f911111a6d4a3d6c18101ff4592ca2b1b3cb1cfb8ff0b77e80b_segmentation.ome.tif,0.108333,3500002083,135439
234716,175,TUBA1B,M1M2,crop_raw/4f901a7468fe6ebf0dbdc88c5717fb4bbb090317480ff42735cc39b7ce9f801c_raw.ome.tif,crop_seg/b3b3216a6e5c7807d30546f39a0fece147f19665fd82e551b3a03b9e38e70527_segmentation.ome.tif,0.108333,3500000666,2945
250807,687,TUBA1B,M4M5,crop_raw/a53f61ae77be02b7ad3cd7386b1cfa6223217935dd4bcf018293c7608af21d57_raw.ome.tif,crop_seg/baaa958d443d8717bd570459e91230f94ed6360e4b9ab01c19125ec7b3aee16d_segmentation.ome.tif,0.108333,3500000741,94312
247222,533,TUBA1B,M3,crop_raw/5518931d696154e0235b6822b19c9b4cead417485086076b134a47b297fd8b1e_raw.ome.tif,crop_seg/b16032f52fb1890d3d03e95717944ef6caba082b31d5e008b2546b14a41f21a9_segmentation.ome.tif,0.108333,3500000722,91924
262897,1071,TUBA1B,M1M2,crop_raw/255fea8c697b94e7fee86d8a6f11c492dfa2a6862a0600e7aa38ec702bc7cc19_raw.ome.tif,crop_seg/b680524fe986cdf6a8d406cba6884d236b5395c05eada0bbfbf6a62e8e731d71_segmentation.ome.tif,0.108333,3500000766,95657
249435,624,TUBA1B,M3,crop_raw/692439f8416de3bcce3233d792ad4d8b1785d9cdf0fdc6d1a0b619f0f12fdda8_raw.ome.tif,crop_seg/4317ad5f79f9f8fb0536ddf36de91b81b49cb773740ba5155e92e31848301862_segmentation.ome.tif,0.108333,3500000729,92695
249809,645,TUBA1B,M1M2,crop_raw/cf4040015c7b03b46142d45e22aec8ec73a3ce0287009945ad03e171dfeacb0f_raw.ome.tif,crop_seg/3819850b2eacc4267731418469ef61eee699163b1c15335686ee254347b08ca8_segmentation.ome.tif,0.108333,3500000757,94508
253011,789,TUBA1B,M4M5,crop_raw/ed2ca3ec5bfb4fba4d25f59dda472ae763855c6b1c49c4fac25c04891bf5813c_raw.ome.tif,crop_seg/f1dd82343c7ee0727583844c315d894c96cc43b6fe2bc3808fba1b52dd7aa7e8_segmentation.ome.tif,0.108333,3500000765,95752
262136,1049,TUBA1B,M1M2,crop_raw/1a9da14cd5a4b566f050974f3b82b1dd7dca71b22681f853598b71fcc339cc47_raw.ome.tif,crop_seg/3abbe50558cf18c5a0bb97bc688ce900419bbaddcde1f977a5dba8bd126dee5a_segmentation.ome.tif,0.108333,3500000766,95657
233952,137,TUBA1B,M1M2,crop_raw/c3ea456d0387331aeb68b4c17fb5f710f8daa4c5d658bacb4d5dfb057049a5d8_raw.ome.tif,crop_seg/c8c72e32ef94593d6f657df9a2583f051e1db351bf3c1490cfde8e59a68c300d_segmentation.ome.tif,0.108333,3500000666,2936
248899,604,TUBA1B,M4M5,crop_raw/91cbefe214388875e854d0fbe17cfce16821d6a0786c88d52a24ff405016b38f_raw.ome.tif,crop_seg/109c566ccd3960279124eb914d74124a22526ec2b11bc29489fb9226e6e12b76_segmentation.ome.tif,0.108333,3500000738,93461
397233,15368,TUBA1B,M1M2,crop_raw/eae3d6e669bf4db9d2a0c2781d8f1c6cfa605b9d1fa31f546dd26795965934fa_raw.ome.tif,crop_seg/f12938032dc220020ac5ac6a77728b60c30be907dd072aa9c9f03db86d69cb14_segmentation.ome.tif,0.108333,3500000523,90856
908392,14131,TUBA1B,M4M5,crop_raw/23bcc29a363493c8621bbd5f9cad9592ca0d4df26a28e7e6c9172c6be49b09f1_raw.ome.tif,crop_seg/12847f0c1d18067948d3389a87fc1d3b405ed5a28bb7a3279dbac08b5dea5d41_segmentation.ome.tif,0.108333,3500002083,135434
262529,1058,TUBA1B,M1M2,crop_raw/8fc683a07de95fbbdedb7015979225e26c29858ab89757a28004385af1060619_raw.ome.tif,crop_seg/24e9fb8dcc75dcd506b9c341cdcc1f1e207ec4fb338bbc1610e90a2edaa59dff_segmentation.ome.tif,0.108333,3500000766,95657
262195,1050,TUBA1B,M3,crop_raw/e6abf48e5713b3ca8284a40b8d9cad8e8dfa5bad085138924573bd65d868d171_raw.ome.tif,crop_seg/a09a25d265807e14297bf2b9fac4f41aeaa97f061b98318c06c0ba4c284e7d0a_segmentation.ome.tif,0.108333,3500000766,95656
902757,14103,TUBA1B,M1M2,crop_raw/ede0804fae684ca59a8109a87c0571cf01c59f8d73f4e6b8bafde7445058a8f4_raw.ome.tif,crop_seg/77cf4b58993dbc63fccc16a7121f561798a0784199b2dfb50eb99364536d7ea9_segmentation.ome.tif,0.108333,3500002083,135434
243319,416,TUBA1B,M3,crop_raw/e1f201942af060dac4604e684732e3c6d9d46d3773ec1838ec94fe0deaf2efc3_raw.ome.tif,crop_seg/c23257a04026df01f753a18070ca43f137325bacfa75c7793e3d0f6f46839ade_segmentation.ome.tif,0.108333,3500000719,92036
398252,15504,TUBA1B,M1M2,crop_raw/3bc3a0eb2dea3f9b2a98ccf4d4f4fe966c00c4b68c44c01cc89025f477bbb3a9_raw.ome.tif,crop_seg/81b762d97cbc39680cd5156d5ff305d10972bdcddc084356845cc6ec9faf927b_segmentation.ome.tif,0.108333,3500000523,90857
901677,14098,TUBA1B,M1M2,crop_raw/91a871e04de274581877aa1a5709805a7fe362150158866cc626b0aaf45d0212_raw.ome.tif,crop_seg/48618646ed59b236712094c160a080057a383b1fb4070e9e57ef8521d68d909b_segmentation.ome.tif,0.108333,3500002083,135435
406088,16528,TUBA1B,M3,crop_raw/970776badac7d31e4fb168a9cbddf533cb835469f736ba96183bf679292ccf82_raw.ome.tif,crop_seg/0c3f6d7fdfc93816039e0d97bc244c7c6f1062106b86b3bcb2524222002bca1b_segmentation.ome.tif,0.108333,3500000672,88266
262641,1062,TUBA1B,M4M5,crop_raw/4f8fe08beddad1af6f7e105c3d7fd4544078f8b8ef8fb6a66d36267f28b3a459_raw.ome.tif,crop_seg/b26d0a5c8365fe238c38b28cca131d1df024794a61a0b27a71b3a957c7fdfe12_segmentation.ome.tif,0.108333,3500000766,95656
250450,674,TUBA1B,M3,crop_raw/5cb2a911ccdc774b9f58d949f78eeb1c2f850a36468923bf5d7d1aace6d5a69a_raw.ome.tif,crop_seg/018e8d412d2af2bc8b57e848661d169861b18c6d1f40e19f095521dcc1d4bd4c_segmentation.ome.tif,0.108333,3500000741,94312
409273,16844,TUBA1B,M4M5,crop_raw/d331a47b5f2b1cd38420624b62e5ed75912a24ca585502880ce7b4c3a94acb4e_raw.ome.tif,crop_seg/dde00da2e0f92d7f938123112b0897a89ec94f298a5a0ba602fdd4d2ebbebc3e_segmentation.ome.tif,0.108333,3500000523,90858
243430,419,TUBA1B,M4M5,crop_raw/3262eec797244e3bb9439c69596f41fde9d27a0313d12c45d43b548636af62e8_raw.ome.tif,crop_seg/0ae0b9897f66169f701bcd3afebe712ff71798a08b9f87057ef6ebce51bd9c23_segmentation.ome.tif,0.108333,3500000719,92036
250841,688,TUBA1B,M4M5,crop_raw/20128de54a3b26d0dff4fbac907a37661e2273c9cdb82deb0a784448181edbb5_raw.ome.tif,crop_seg/06a2f87d8d6e7d025af1b0d6cbd8da62dfebfc4dc85327fd47307bbeb6ece344_segmentation.ome.tif,0.108333,3500000741,94312
244425,456,TUBA1B,M1M2,crop_raw/6f565a38cad7cbc88ef89a2cee1e7950b9ba3b513f60448585c097e364577a55_raw.ome.tif,crop_seg/dc23b7fcd2e3164308ec6dc0f75abac3417de2a9168d589811313b4e58364d45_segmentation.ome.tif,0.108333,3500000722,91924
406663,16586,TUBA1B,M3,crop_raw/f051a3d48718728d6817f24773650f360d717a05559e74bd54b9c7e79c327c3c_raw.ome.tif,crop_seg/7c9bd27a5cafa22d8b0d10a39bd299a567e9095e33f3df0b44cd6cf4b8035c49_segmentation.ome.tif,0.108333,3500000523,90859
262786,1066,TUBA1B,M3,crop_raw/41a4ee7e1fa78a87f866482c4797ada1586ec83a5c0e4bfd53352e6bc68defe3_raw.ome.tif,crop_seg/e4705b55f32c57e0477f09ff78af0cf11099eff93c7746d68f7be003c1ce8aee_segmentation.ome.tif,0.108333,3500000766,95657
877024,13979,TUBA1B,M4M5,crop_raw/0d072e2bd3f7e5d04e37499e0fa01aed3017b120d4f58b8490e98f56b938f749_raw.ome.tif,crop_seg/71ef49679bad57bc765d323d408d64f7b6ae0e3591c2bf7f874bc6fdecadf40c_segmentation.ome.tif,0.108333,3500002082,135343
396933,15353,TUBA1B,M4M5,crop_raw/959112a8bb0d1fafd7b263a1cdc8307be1c26c114dbf092028e233421b16929d_raw.ome.tif,crop_seg/1d2980783be494f260a542d8ea8b7c2bbdfdb7352bc1c4a95f1ea39cc6c99845_segmentation.ome.tif,0.108333,3500000781,4555
262034,1046,TUBA1B,M4M5,crop_raw/d20f016439709671428a898769f7ea9ee46c8984793f98e2f135c37d2df66dd9_raw.ome.tif,crop_seg/2058f69fdc985e9c80a6ee8f5245b564d0e5b782fb120a8e9ca69809a26450e5_segmentation.ome.tif,0.108333,3500000766,95657
245307,481,TUBA1B,M4M5,crop_raw/38cb4972e62561f03614c6e8f1014f1b9a90c1000098d0a1fe375143c153a647_raw.ome.tif,crop_seg/b005ada6f567da636b4a1d18d5fb894de9fd02162e7e4cd7d4cdf69bfc70b403_segmentation.ome.tif,0.108333,3500000726,92311
904943,14114,TUBA1B,M3,crop_raw/f697cfc79b857dc4a929a7a51fff5c9759d98da867da58432922305b3961e1e0_raw.ome.tif,crop_seg/fc47898a1c443a75f066eb708e25fbaeb00b3c0244e43d5bd764086a27a094d8_segmentation.ome.tif,0.108333,3500002083,135435
252447,770,TUBA1B,M4M5,crop_raw/955e5646f5b1fec05a5d9d8c752b54a7c13b79b6b05ee8cb388535a158016b69_raw.ome.tif,crop_seg/f2b30b5286d46ce9a2654c086b44001df0b0c033a55cc172d557d9a320452390_segmentation.ome.tif,0.108333,3500000757,94507
251311,704,TUBA1B,M3,crop_raw/5ad9eef25f35da483eca6c2b906e52c5b7e7f303e242535a6d33e8831deea179_raw.ome.tif,crop_seg/0828f60e33d7fee39d2dfc375d438950f8bca3e9e033263188915e1c8e7d20d8_segmentation.ome.tif,0.108333,3500000741,94312
233420,116,TUBA1B,M4M5,crop_raw/d25b3418a5162a281ec318421a21e26b90509d2216e818392322cc8a2fee074a_raw.ome.tif,crop_seg/48d15794732bee9c957649fe48f12189261033a069772d53f3ce5d4fdcf49144_segmentation.ome.tif,0.108333,3500000527,91145
251426,708,TUBA1B,M1M2,crop_raw/bf0be4f8e365af10738a267d3ff91ddc8c4b84d0ba169f8a7fc9c59d824f86a8_raw.ome.tif,crop_seg/23da990c336f242468bd4349f2b394569433167cab583919be504086167656b6_segmentation.ome.tif,0.108333,3500000741,94312
405345,16434,TUBA1B,M4M5,crop_raw/f6f1b0f99cd4d72563e99310f9e75dffa08112eb5334e3eb3e891522966d801c_raw.ome.tif,crop_seg/b049495e27da3ad9f91077c87ab4bfda899fc06c6170bee347ab7885ec4f8a5a_segmentation.ome.tif,0.108333,3500000781,4556
899093,14086,TUBA1B,M1M2,crop_raw/b6dc81b79b193a409c084cf83e2a0380e6d0b5c4eeb7d8d59303d7fe0e0d2174_raw.ome.tif,crop_seg/2c8a3522a42a21050e56c78f4d38632ba5f5ab03c2b3193a4ed3048f5920f1fb_segmentation.ome.tif,0.108333,3500002083,135435
233184,71,TUBA1B,M1M2,crop_raw/e6420686a3edec9b7e47d8ca9bf7302e0b7bb8edfc07aa9affca505286df7ab4_raw.ome.tif,crop_seg/50f3048a5d3771c7d6080d1e20d38e1962cac409671b05790f9bb0f54d35a481_segmentation.ome.tif,0.108333,3500000527,91145
233561,122,TUBA1B,M4M5,crop_raw/8932f983723c3d52efdbf98241876fbb9c2d0f0c91c610d43d3ea445e71582d0_raw.ome.tif,crop_seg/5e4db32d2a635cfe37889b78c724af2950cab65a5322767d240e8c6adba902d4_segmentation.ome.tif,0.108333,3500000527,91147
247143,531,TUBA1B,M4M5,crop_raw/72d1ef10d9165c1a161fe81ed5557991050f30826d44a3b33d15e4c229284a86_raw.ome.tif,crop_seg/a18ed9cd45ca20d8454cd9f88683cc45c18b74b85963e8428aaf7ce728bea142_segmentation.ome.tif,0.108333,3500000722,91924
233272,76,TUBA1B,M4M5,crop_raw/d7f7051ec8eef922c203f3a9cb569d36cf5f35fddc70b75a97fc2abef486ad3e_raw.ome.tif,crop_seg/fbb007f617296c228066f7d03cc56c84618152317438dd1f8940e4a46081707c_segmentation.ome.tif,0.108333,3500000527,91146
239515,301,TUBA1B,M4M5,crop_raw/900ef080bf3515c8e243229f999d28f0489ac136212b6b59bf69eec5e6880006_raw.ome.tif,crop_seg/f451476c92f829b6f8893de83275f0ff13c791e112624f55cf3eeb9a593e0fdb_segmentation.ome.tif,0.108333,3500000668,88852
233849,134,TUBA1B,M4M5,crop_raw/31ed21cb22fe8cadf3a8286edb776d01d42122c5feaf69b8047a1f80762d2396_raw.ome.tif,crop_seg/762754d179173398ae60c21e8afaf5142dac7eb85554b4aac5b96ec7eb5cd805_segmentation.ome.tif,0.108333,3500000666,2933
243246,414,TUBA1B,M4M5,crop_raw/31caf56146ec47826ef3fafa544bb0b58acb9eadc08a1fd812b51d6a9f5466a3_raw.ome.tif,crop_seg/15130b5a116aeb37e0b9c337ece82e08e73d7c49e1005becef90cd2ee6d7c914_segmentation.ome.tif,0.108333,3500000719,92036
253112,792,TUBA1B,M4M5,crop_raw/924ee60f472455d53c4096812f7a476c5ffa8ac652c828176db9e9dbf683a89b_raw.ome.tif,crop_seg/5467c1d2c04e1c1693b4b2cd9fbdb7003e981116d919b9107d579d45eaab820d_segmentation.ome.tif,0.108333,3500000757,94504
243191,412,TUBA1B,M4M5,crop_raw/af24701c4bbdea3d96bd917678011e773195e45d5eb6f2131165d13b8fb23740_raw.ome.tif,crop_seg/c835a447af51e4fd9f8d876573d070f41255984b164bd719036b0e4ea9aa3c90_segmentation.ome.tif,0.108333,3500000719,92036
245252,479,TUBA1B,M4M5,crop_raw/9d92c87ec55fa2e84eaad79bdc9cfb3266aaeed4bde222203cc77ef72a360c91_raw.ome.tif,crop_seg/017f270dc852ea2ec748f0d9fce8ef10b3c963768dae664cc4f20d3e52810d6e_segmentation.ome.tif,0.108333,3500000726,92311
262002,1045,TUBA1B,M3,crop_raw/fc3bf0da8ff4b88bf6c9dad903cd6a08019edf0b935c4858c543bd9a4c46f0e3_raw.ome.tif,crop_seg/8eed764749976023743c14ecd1bdb7b30ac9e851175535d8fa2ee7300e291024_segmentation.ome.tif,0.108333,3500000766,95656
242553,395,TUBA1B,M1M2,crop_raw/847458ddf138bd3d8f2b7e1c8d79a1cdeb4dbddd0936af91f71887dfd22725e1_raw.ome.tif,crop_seg/e1f8afa76530441a3d31305679379d10ac685c0fb63f014e01acd3d52432b16b_segmentation.ome.tif,0.108333,3500000695,89238
262194,1050,TUBA1B,M4M5,crop_raw/bb410be43a0864cbc1b270ff6b83eb7d753e47003028712057c1ef39c7ccbf11_raw.ome.tif,crop_seg/a9f5422b0714e80707959aa06f554fb237af657ac584cb1d325b19812a22a174_segmentation.ome.tif,0.108333,3500000766,95656
902763,14103,TUBA1B,M1M2,crop_raw/61e67a58eb7b0096958535bcad0d838b761681f942759bed2ab2b2d0f3bef7dd_raw.ome.tif,crop_seg/d0bd2d2266b70b77294faa5cd376c5a5e9e2a223ebf4eac2c292f339511ec42e_segmentation.ome.tif,0.108333,3500002083,135434
398250,15504,TUBA1B,M4M5,crop_raw/38526b1264b6c417b9748ec992d89a93198904da62db6e48d8aefb50ae33941f_raw.ome.tif,crop_seg/698cea8c02c792a31de85ecb799080ece2754df10494a6dc7b9471513a4a0949_segmentation.ome.tif,0.108333,3500000523,90857
250439,674,TUBA1B,M4M5,crop_raw/50b59e36140c791e8124811a8e8a32bce9680468953795533966d4ef8f8284bd_raw.ome.tif,crop_seg/2d37db516bd43947d2b0fe21ef99a22172d6537fc463e2e5894aee8ce7cceb65_segmentation.ome.tif,0.108333,3500000741,94312
262768,1066,TUBA1B,M4M5,crop_raw/0da36674c4429f5bed5a8f1e6fe41a7701b4e62d4ad48d76ebcd784db561b780_raw.ome.tif,crop_seg/aa588007881da70663ff7d4b5c65e80d430172e01aa10c407f47a0f497c2af87_segmentation.ome.tif,0.108333,3500000766,95657
877012,13979,TUBA1B,M4M5,crop_raw/2c705c521609805d799e8fea2259ab2635eeb8294814db1429bd265db704ff05_raw.ome.tif,crop_seg/029d58e60fba8ded4920bae7a98b2bf2f2975a23276d26dd0d38375143385bfe_segmentation.ome.tif,0.108333,3500002082,135343
252462,770,TUBA1B,M1M2,crop_raw/c6f8a065ac71a2906e35935de79f4769143714b5629f790ad7e849d158e81df8_raw.ome.tif,crop_seg/368c6aa8d77935787a5c7d97b33d6e12bd4b624b190644ceedf014d4c054aba2_segmentation.ome.tif,0.108333,3500000757,94507
251295,704,TUBA1B,M4M5,crop_raw/0914fc5df90987762b397b7c7f2e6f70b1d5e7ef774cb14b17458cc85692af0b_raw.ome.tif,crop_seg/bbb21f16062ba76367a145a4d5022d684031e44c1bf36e05dea14f85cedc93dd_segmentation.ome.tif,0.108333,3500000741,94312
233853,134,TUBA1B,M4M5,crop_raw/fa80c7adf7e5b0456b21ab8f360dbe768b0da4a28b361a310d8ea9b727e36cee_raw.ome.tif,crop_seg/19e18876e07dcd31c01dbb3aeb0d5ab758d4724dfa218f02fd57b717a38ba6c0_segmentation.ome.tif,0.108333,3500000666,2933
243194,412,TUBA1B,M4M5,crop_raw/08734c1fb38f22659ae9ca47373690024a24451c1180c16fce059ea13ac72f2b_raw.ome.tif,crop_seg/fa075b5b21040f54ec59e2d6f89f5996573c3419e3651c3c370364651d8e3ff0_segmentation.ome.tif,0.108333,3500000719,92036
262197,1050,TUBA1B,M3,crop_raw/4ff2561392d0263658a451d1438352d57d2342cdd74c1910c86d0f79ba1cdd19_raw.ome.tif,crop_seg/0a1315fa5c9b9a96ed0539465f98038d0efc4e9678ec703bc847c53d7405413c_segmentation.ome.tif,0.108333,3500000766,95656
658190,12423,NPM1,M1M2,crop_raw/557be4e2b5e4d2ac325f3f120ae23fe6c041a5254c5b87e44a8416b23bb73b34_raw.ome.tif,crop_seg/69f470e5709036aeb014b6783db80106af304443b8835c60c013be9a0a6e7ce8_segmentation.ome.tif,0.108333,3500001995,128237
654084,12383,NPM1,M1M2,crop_raw/6015c43ff7ef28b9c0c6c7b54127b6d7c6544d5381901a3dfce010920a6f2639_raw.ome.tif,crop_seg/6126d441c456c82f27c341960065bfce9efd961d3878485e7232af8bfc8a3f60_segmentation.ome.tif,0.108333,3500001994,128334
663628,12480,NPM1,M1M2,crop_raw/4b8c3cdd0ec758aebef8a32dbefb49a73deccc9848f4765fc18c3db4a133eb99_raw.ome.tif,crop_seg/05fd1b8d62b0d21c8c1f51793ec6ebf10624c70f3bda870fe69b7ee809cc7c76_segmentation.ome.tif,0.108333,3500001993,127937
729717,13182,NPM1,M4M5,crop_raw/9a7d73592295dabbb2c807e4954ef76c98359be66dbac57538861e2cf9e2bf14_raw.ome.tif,crop_seg/c090ea7e408908e427a740fef512cfa5d5c06d61f9c826d453cc8ffd29411f08_segmentation.ome.tif,0.108333,3500002027,131103
723866,13123,NPM1,M4M5,crop_raw/ae9c6952418208a374247117e5680ab07892b81b6883269619823211e4cf87c7_raw.ome.tif,crop_seg/c122a83fccbed408b09b340b080607609bb255ccd4303c6d7a70369e658dba9d_segmentation.ome.tif,0.108333,3500002026,131201
980011,23749,NPM1,M4M5,crop_raw/43ef4899131c2e6c6c5b83a30496368ca061c69841680984fd11df98699e25c3_raw.ome.tif,crop_seg/5142f5eac66e16bed3a1bdf69f8a6ec7dfa41a8807566950e066a8ada561af24_segmentation.ome.tif,0.108333,3500002000,127279
703405,12898,NPM1,M1M2,crop_raw/6501ff115f8dcabdd44e55048a4a5a5af8431b3498ace82494daa09be9bcf8e4_raw.ome.tif,crop_seg/14a33d010922abf5626e4ba6ef2052715a885c1d39e91fd0d9446bbbc10ba96c_segmentation.ome.tif,0.108333,3500002017,129871
726278,13148,NPM1,M4M5,crop_raw/77b24f2f74c40476dd49b8646caa8040463ba88785946b4a20790fb357aaa5db_raw.ome.tif,crop_seg/95909a0da2dd65a6c2aae7927abe704114de165712fdadd12f645eabf071260b_segmentation.ome.tif,0.108333,3500002021,130349
722951,13114,NPM1,M1M2,crop_raw/614a65d88032268debb5ee51491b75d869bf394c740fb6982db7a2ef548df1ec_raw.ome.tif,crop_seg/b12cf5d521c38bf6a1ed3949a7428a1d3259961d8bafcf39db2dfcbc11ebf8c7_segmentation.ome.tif,0.108333,3500002026,131211
729417,13179,NPM1,M4M5,crop_raw/f09d733066a677a3a78d5a0283b15baba3da0d59e08df724008e02035b3c3f77_raw.ome.tif,crop_seg/18378e0f7f5b54f944f8813f3e2d70ffa1ba5a5c01ec83d7e21ef6541fca7fae_segmentation.ome.tif,0.108333,3500002027,131105
718204,13065,NPM1,M3,crop_raw/1910dab91f38c15a2f0377dbe34f404ba97581168f0e22b0aa4f723dd1e314e9_raw.ome.tif,crop_seg/f3a9f5c1c0c39616cf44413b978f1dfeedbd1831b8491d291bfaea0e9561a929_segmentation.ome.tif,0.108333,3500002026,131200
732175,13211,NPM1,M4M5,crop_raw/9c377f8f27cc5ea2386699f13b7235f710752ac073a265ce14245c86c3eb1f67_raw.ome.tif,crop_seg/dd4a64ebd99d51dd3de8335b9a7f95a2866db5390d957ae5a5637c6c95229c0b_segmentation.ome.tif,0.108333,3500002027,131103
667371,12518,NPM1,M1M2,crop_raw/df757fb0a15289fa3f3930c3acceacac6599ad992a33c61c02167dee36eb9280_raw.ome.tif,crop_seg/89d77eac943771d0b9b373dfb9772f4fb386e9b49af2e56cd23f08785ad81cc9_segmentation.ome.tif,0.108333,3500002003,128428
669321,12539,NPM1,M3,crop_raw/df082c4d4ce4c54bca4d3a8728d4db7c89884efdbff555f4b94932094c480aa7_raw.ome.tif,crop_seg/ed02f17884d97423fc776e3833d1c085aae17f82a56462e9e01908fa71e877dd_segmentation.ome.tif,0.108333,3500002003,128429
645368,12274,NPM1,M4M5,crop_raw/1eedd5c6bf112b381f5d5e5f60234542519df905d33fb61e5481e9152f409cdd_raw.ome.tif,crop_seg/87f1c2bd8ef49fa02b7fd529197d6a374b1b0af504efcbb5eaf062a21ad891eb_segmentation.ome.tif,0.108333,3500001991,127854
641475,12200,NPM1,M4M5,crop_raw/d5a6c311980e9af8cf42132167fc12109d81a62d2b9e2caa24b9ec43acf8f7c5_raw.ome.tif,crop_seg/9fd3532566d75a0d9e9c049534ff52958c120b50806c374ccd6eda68f8bd2006_segmentation.ome.tif,0.108333,3500001988,127649
978857,23717,NPM1,M1M2,crop_raw/9f7fac78018fbd1a6e21e2694251302b87a3f5ba4cd47c68e20a7204bc3fe6a8_raw.ome.tif,crop_seg/3653d514b70246df7c81387e0f458d4b55ac43bca4618f14e9ae3b07451153c8_segmentation.ome.tif,0.108333,3500002000,127265
967945,16343,NPM1,M4M5,crop_raw/a24e7a78634ec46fc6f0b9e34b56335ec776373f98138394718d20e1e4d9b929_raw.ome.tif,crop_seg/8004c4a0c6c22182ae91dc9cb4f49fa745f025fcd84e3fb7598a9376d646614e_segmentation.ome.tif,0.108333,3500002031,130711
724102,13125,NPM1,M1M2,crop_raw/f9d396d45deb73431e8f592fe0ff1b47331d5c5698ef2e7d868c7d4b0512d6a8_raw.ome.tif,crop_seg/4793b8b33f07b36c5fa8b0fcf7b37df4bd84f177ac13a524caaddadd3dd6f4c0_segmentation.ome.tif,0.108333,3500002021,130336
682096,12657,NPM1,M1M2,crop_raw/31adbeddf455c4edb1c0886d0170ec5d39d01ae21a1bbe9109330ec542f72f68_raw.ome.tif,crop_seg/ae7a08f5b7a963d03a03ce9de875d6fecfc58c58b19317cbbf17b654fb97ce71_segmentation.ome.tif,0.108333,3500002002,128514
664143,12485,NPM1,M4M5,crop_raw/14349c51085a383b8a84fb5133787a4abcc32e5f2577ab3e1440b9e5b895e467_raw.ome.tif,crop_seg/72574c931e7d1c22ca1721b187e093caa3949e54c596bdbd5acbdf0ed7efcaf5_segmentation.ome.tif,0.108333,3500001993,127947
720401,13088,NPM1,M3,crop_raw/7971720d7b983ed9db764fc6ffb96c356bbfc1c46c5a53a3a3df94ad870d117b_raw.ome.tif,crop_seg/06290cbaa8c498e5c330eaa411e2375d01630a61bef1153ec3ea193a8b960a30_segmentation.ome.tif,0.108333,3500002026,131201
675358,12597,NPM1,M3,crop_raw/46c92017c4e4c2796a943273b119fb4bf5a1a7dc4e1b7a5c6e1b51f7b2a9b795_raw.ome.tif,crop_seg/a91e76c2594d147deb0b8045c558844b40dc20cd2900ad0d894f22ed0f4246a7_segmentation.ome.tif,0.108333,3500002005,128704
978172,20624,NPM1,M3,crop_raw/9ea2aabb712956053e4f042b7a7ea6fd3efd72ef9d2203858ae72146b1482bcc_raw.ome.tif,crop_seg/ba833d02354e5da003d6face6cd441c4bd2d6ef97ac2788f052146154dc0441a_segmentation.ome.tif,0.108333,3500001994,128334
696423,12813,NPM1,M3,crop_raw/67b55b8ca1dabdfd56bae5e4d172c4ea222891b398cc4097e34ef600a86ac857_raw.ome.tif,crop_seg/6bf2e0bdd967f49646e438f0835940d6281ce0ea24f40dfb2c7a7257618c8349_segmentation.ome.tif,0.108333,3500002011,129571
709999,12979,NPM1,M4M5,crop_raw/f01ff8c25b462c9da9c7a1ab9bfa2277e056d8c1aaa22ea9468927d3ef01196d_raw.ome.tif,crop_seg/3edb986da54a23638c8ed55f8c6bd5f586a16ebb1d0d103ed6d0f7d6dc49885b_segmentation.ome.tif,0.108333,3500002023,130528
680141,12640,NPM1,M1M2,crop_raw/44fdb5119bddfdfdb9a511b4926175bd6bd3e4d85791d25f450dbc56a1778f5f_raw.ome.tif,crop_seg/03e67217f6088e3f2b36efe8eaf420f0a890a0486724f503e29be4af130d481f_segmentation.ome.tif,0.108333,3500002002,128523
734923,13237,NPM1,M3,crop_raw/890b74f0b9f7e02af2eed8ce7615599d42842a2cd88495ac212675cab6eed41b_raw.ome.tif,crop_seg/2c583baaf878d802698ab878490524781a7209048b926a64422c8f5e1984faa4_segmentation.ome.tif,0.108333,3500002031,130711
704299,12909,NPM1,M1M2,crop_raw/188526a72dec5c6d94784be203d14cf38c14615b136967ecfae82861790326b3_raw.ome.tif,crop_seg/63aebcfd48ab7ac71655289dd7e985edeabb8390561614bf1841064c5848a54d_segmentation.ome.tif,0.108333,3500002017,129869
704953,12917,NPM1,M4M5,crop_raw/e43fa3c93e890b1cd7efd4a953d1a8c9b9c8d63945d6f18c8b4f4e245ef4212c_raw.ome.tif,crop_seg/557ad8ab7c4b037e14c8a264527c630625fae3bcb55077e80996d24150a6d608_segmentation.ome.tif,0.108333,3500002017,129855
678029,12620,NPM1,M4M5,crop_raw/7b1dcf30925682fb31680ec8396d4531ec8cda0514947e78bb59d20b22dd760b_raw.ome.tif,crop_seg/a7e7404b5b38f815e9c22efe772ca7539d7477e8ae98098e0887bb7cc514707e_segmentation.ome.tif,0.108333,3500002005,128704
978924,23719,NPM1,M4M5,crop_raw/518c5a44390951ae3e06922071ade4bd220e19a84f7722e043ff44f5fa0bb737_raw.ome.tif,crop_seg/3d12190a0ce7ce294986a9c2272ef0a4c74d7a42c448ec89d990446ae1ea6daa_segmentation.ome.tif,0.108333,3500002000,127276
729495,13180,NPM1,M3,crop_raw/05b41e9a277a03e2d2cd9bcd2dfea00c2c8b89f4fb5c1672efd7c15b570dffac_raw.ome.tif,crop_seg/1623c116a4b2bef105109bdcaeb6013106494ac44cb3e8d3ce48610fc8c99e5c_segmentation.ome.tif,0.108333,3500002027,131105
683756,12671,NPM1,M1M2,crop_raw/65edcc69e93b677479fc590f2d8f3044804c24b05f5a5ef62411ffc46aaebf01_raw.ome.tif,crop_seg/16ba242fa58b941fd6559c92934ca02b55420276155fc52d4ee343d41aca6910_segmentation.ome.tif,0.108333,3500002009,129772
732584,13215,NPM1,M4M5,crop_raw/3d3cd271fb92dfb55e51a47f353e23eef0ed4256f6ed3b3db779d6cfac2e8c4c_raw.ome.tif,crop_seg/90a3524b3b89f4724b44f6ba0ee99e5ea4a13ff8670972b44ae819473236c9ac_segmentation.ome.tif,0.108333,3500002027,131116
676448,12607,NPM1,M4M5,crop_raw/3e1e528772f603c8e5e09e9502b953decbb225377b1499c9304c9324e241b604_raw.ome.tif,crop_seg/e40f989b447c7912f3a53b11bcd02ce63920722aefcade7ca828b930b06ca8df_segmentation.ome.tif,0.108333,3500002005,128715
673696,12582,NPM1,M4M5,crop_raw/f61b9fbb5a8ae1cfd99c17da2d666c3327fea99a00e5b152ce253b38fbc4c885_raw.ome.tif,crop_seg/4e09c25c595639129f29a2626f83ee196ee5206c8455c94a971be3e6ff77108c_segmentation.ome.tif,0.108333,3500002004,128620
707673,12954,NPM1,M1M2,crop_raw/a39bd1215a7ddb7fca0603ac65338fd31997122d0e1f34f027b7790a259d76fb_raw.ome.tif,crop_seg/13e5d9a931f33e1ee7a3d621ad36646e5db3d26c8f3974b8760f55334596d77f_segmentation.ome.tif,0.108333,3500002023,130529
644320,12233,NPM1,M1M2,crop_raw/590fda07f30a2d2eff5434d3afe780506cf31ea605a6e05215f1a66e2dfd6e6e_raw.ome.tif,crop_seg/4a74fad13eef4abf3581313d303857a78573f062faeb805539fad08978ca58ea_segmentation.ome.tif,0.108333,3500001988,127650
663126,12475,NPM1,M1M2,crop_raw/8bfd7ec64f4cf94c4ad982bd32c530c713f7380b298993736c171fc52ccca324_raw.ome.tif,crop_seg/a6de6c58264721e2a09cad80ac83f9732c3d8382584843181228d50d345a33e6_segmentation.ome.tif,0.108333,3500001993,127937
703614,12900,NPM1,M1M2,crop_raw/61a234b087b1c76ec1e82a8b7e6152b7125b3a3608a9dedbe124eb3b94c12460_raw.ome.tif,crop_seg/cd4c9a7087e5ac93f2aacce242f39c4c6d682a1a6547571303ba2c45964a2ded_segmentation.ome.tif,0.108333,3500002017,129856
730768,13194,NPM1,M1M2,crop_raw/25661e9214b0774231d6fccd6766d3b75639353d2f28b0a527805d8efd806c9e_raw.ome.tif,crop_seg/82129abcfeb0e04084026ffcdcb6b29f7efc21a6618bccf7aa02aa9ffeadb9e5_segmentation.ome.tif,0.108333,3500002027,131107
714233,13023,NPM1,M4M5,crop_raw/2a5e1b79ca218786fc7031826231757d225ec7029714a126ae77e53034050a9c_raw.ome.tif,crop_seg/9ed878fdbdda40bb2902e954053e7f134329de348f0ace6d3de392a454bbf412_segmentation.ome.tif,0.108333,3500002024,130156
664481,12488,NPM1,M1M2,crop_raw/6e31bc59d6a73d3f896b7c8ef38be710ac8e847adb8134916a1e958ddc41a9aa_raw.ome.tif,crop_seg/0aad61b9328f429062c5c068617aca81e8864ff818963ee57745398aed1d8b7a_segmentation.ome.tif,0.108333,3500001993,127937
662413,12468,NPM1,M1M2,crop_raw/8f1428f30ec2ebc4b7ab3d37fad6e5427b8422fd8e5c02cdbbde1765d535b18c_raw.ome.tif,crop_seg/27f41dd0065621ed35ccbfb74b4fd0a2ebc4e6aa82ec109f27fd0349b25c8502_segmentation.ome.tif,0.108333,3500001993,127939
666621,12510,NPM1,M1M2,crop_raw/aff2b07ce3243f9020439070f2c30aab4c14192c6d31244b9291c088ee7d2a01_raw.ome.tif,crop_seg/6fd42e283595fcf60141761a1d3ca9d1c42e44af99a1a8949da184e7bbabddfe_segmentation.ome.tif,0.108333,3500002003,128430
674440,12589,NPM1,M4M5,crop_raw/6259c2ecba3abe896cff94fd5aa235112341d8aae917e87eab6f57c9c733109a_raw.ome.tif,crop_seg/0a27a792ab10b2b6017c7f1c316784cf1f8a565d944144f5c67e47446465af5e_segmentation.ome.tif,0.108333,3500002005,128715
678223,12622,NPM1,M4M5,crop_raw/a19422c83813d2f3c7add4162282d466b70154c1df4c967aff87281f9625ad1b_raw.ome.tif,crop_seg/cf3e7c5b80823f3118731d7c96f881d4ae75addc0e2732f253e0f32c2b371060_segmentation.ome.tif,0.108333,3500002005,128719
645262,12271,NPM1,M4M5,crop_raw/b8b66df0466834d38ae1838dec085c89ae22259d2dbd3426052defb6fdbf1d9f_raw.ome.tif,crop_seg/0f2e18fe6fe4652ce4ba32927920a7e2d533d7203c791def9f2d363194959eee_segmentation.ome.tif,0.108333,3500001991,127840
645400,12275,NPM1,M4M5,crop_raw/94a8c43e56c87d23ae56337cab38065caea303ca51aefd658afdec8c5dac8777_raw.ome.tif,crop_seg/0bc7eedf499cda488d753f915c88ad9da903b7714e9617888aad93fe48716238_segmentation.ome.tif,0.108333,3500001991,127840
687257,12709,NPM1,M1M2,crop_raw/800b3b3759e9b17d35317862e37f846074f92ca421e98915c631236c39cda24f_raw.ome.tif,crop_seg/19ce109fd79c8e6fcee071fe78bce05205049efb1c382c44643c72b4ce81c9dc_segmentation.ome.tif,0.108333,3500002009,129775
671352,12560,NPM1,M4M5,crop_raw/16c8d2a9cd67cc3e6c4c240611519bebd62b41a83706f8b6741b7d368a5caa13_raw.ome.tif,crop_seg/93e5d5eb10fae5856aa7045d67c6b469c197b17c2f18d696308fb0ce9f642253_segmentation.ome.tif,0.108333,3500002004,128620
716796,13050,NPM1,M1M2,crop_raw/ab91da8ce2f8345ca31366cd04d0fe6fa96ea18604cfd7106d4da2d03a9eca56_raw.ome.tif,crop_seg/d27d4ea961735fcb731fcd887d950596e5c5849b4fd5bd3d8b4ed65815f9a25c_segmentation.ome.tif,0.108333,3500002024,130145
674652,12591,NPM1,M4M5,crop_raw/86110f1d87a71e647599ef31d72dc696687123e8555d652a20279234db765e05_raw.ome.tif,crop_seg/c51b699b94412ec95faf2737eb8cc4486d6300f965329b1940032f5f60cfe5d2_segmentation.ome.tif,0.108333,3500002005,128707
731395,13201,NPM1,M1M2,crop_raw/b435989523963407702f3d7b2b30b8309250682a2b1e1ff136a9eb4dacecb005_raw.ome.tif,crop_seg/3c7f9877ccdfdb0181409d1e9d43bf9a879367920cfb295389f881da47af6573_segmentation.ome.tif,0.108333,3500002027,131106
734692,13235,NPM1,M1M2,crop_raw/47cc11f59106f6e4b2143c11e8155dddd070564a28b4ffdd62727430e9a061ae_raw.ome.tif,crop_seg/2cbbb6445726c60a07c3e04e47b8a11c2ae2d873f00fd24d8328941614b59dc3_segmentation.ome.tif,0.108333,3500002031,130732
670283,12550,NPM1,M4M5,crop_raw/1153595dfe97c74d9f3408b263b5fa68af71815b01403f18b3ae439cbac40035_raw.ome.tif,crop_seg/ddc6fa3b4babed3d2349e82062f81c2841b15bb048131db043554843dcbc4eaf_segmentation.ome.tif,0.108333,3500002003,128415
978244,20626,NPM1,M3,crop_raw/7740bb9696e2d36ce7611423f858d50a22553994fbbc53073bf3ce4ce9d3ae1b_raw.ome.tif,crop_seg/e50ac1b71f7813ea7b83769532128ef1680af9ae5a47f7eed66aa1d4bba3c448_segmentation.ome.tif,0.108333,3500001994,128335
659774,12438,NPM1,M3,crop_raw/5fc0d5fc965c150ea3676b8bfe047cc518221e09667a9c97dfd95212c420f84e_raw.ome.tif,crop_seg/7b847b70f171a420faad6d99b786d84ca4f5529b7e191022d4eca9f918f56b8a_segmentation.ome.tif,0.108333,3500001995,128237
723539,13120,NPM1,M4M5,crop_raw/41b383406f23371c3c9ecc927499e06542b1f24e99c66367432dffb0fe2b0145_raw.ome.tif,crop_seg/3eb4e1a577c0a131ec7556af9c554e71348e4f0ef247bead9c13d68071cb241b_segmentation.ome.tif,0.108333,3500002026,131211
658261,12424,NPM1,M4M5,crop_raw/19cfe39d7bef73a4b08d1c9156060384f62162d41590404dd9ec84fc55ca26ce_raw.ome.tif,crop_seg/3a77d7df5c234546bed37d8817e08107003d2e349f8dfbfa634841e6843f4ba4_segmentation.ome.tif,0.108333,3500001995,128236
646290,12303,NPM1,M4M5,crop_raw/6d607031e07890853fb321348dfd99b8a78d03f75394465b648c28713721d0ff_raw.ome.tif,crop_seg/206ddc78e1971c920461ba1faa493378516b8ac6f30c801091eccab446da01b6_segmentation.ome.tif,0.108333,3500001991,127839
699435,12842,NPM1,M3,crop_raw/48d1a4b7c69e58fbc416ef15995effd5346619852305d6ee4a5ae249f4da13cd_raw.ome.tif,crop_seg/040c604de58d8ae6c2360951cce4885788c029755e691958b12d9102cbb97835_segmentation.ome.tif,0.108333,3500002012,129473
662918,12473,NPM1,M1M2,crop_raw/bacedca2b4d38753eb9ee837909444f6a055a09c54e61b82c484c4bd745cb74d_raw.ome.tif,crop_seg/fa27fc662e850947ee7d2df6da5fa4d5066323dff4a429b27fac67ecbe5efbc8_segmentation.ome.tif,0.108333,3500001993,127939
970126,16547,NPM1,M4M5,crop_raw/e1bd7b929ecd6a3c3846182d9c63f7ab98eb92ed8bdce657005064248e923c93_raw.ome.tif,crop_seg/78a0e6c1996015115d1453596030ab62d76d6121e992ab898e537c56d9d454a1_segmentation.ome.tif,0.108333,3500002031,130723
648611,12331,NPM1,M4M5,crop_raw/9cd6fe30bf27505234cf05e7f2e61d583e11d795e419589b651bd910084ad464_raw.ome.tif,crop_seg/8ef526164532fa9d53e7f45bc540922c46548a7572b0c393c23b839c38570c5d_segmentation.ome.tif,0.108333,3500001989,127179
681596,12653,NPM1,M3,crop_raw/c5902828ecc6b686256928dbaec5d5f6e10ed7d5850a45df9bfafafbc338ec9f_raw.ome.tif,crop_seg/0874d63f5228827efad8902036893fa85519ea35e40970f6dce237f722230032_segmentation.ome.tif,0.108333,3500002002,128513
645472,12277,NPM1,M4M5,crop_raw/95e54fbb9f677c9762f5df085af700d9eb90d0924b58f87c53e8902c13ab0f1a_raw.ome.tif,crop_seg/5eda3d1735e61c6d0ee05582dce6e6533ee9e51db0da0415cf038281ebc8e9ed_segmentation.ome.tif,0.108333,3500001991,127851
650752,12351,NPM1,M1M2,crop_raw/aa912d70604b39123688a0c50ca8ea2e3ba8ccee55329b675a7ea3a7033f22d3_raw.ome.tif,crop_seg/f16f98baa5eea6e9fdbcdaac385948a209499cf972583e2f46fcf47ff3e069a7_segmentation.ome.tif,0.108333,3500001989,127168
651944,12363,NPM1,M1M2,crop_raw/253b5dca8abde979d5e356ba48da174755a08b1e94244497c733007e4e6779a3_raw.ome.tif,crop_seg/0f98e14793b0d81900364452f535c9da12457202cbdfb78537a6d786b8eb5ce6_segmentation.ome.tif,0.108333,3500001994,128322
697878,12827,NPM1,M3,crop_raw/531ab92329fcf01c2d7974699b1f3927856c1770615820ea8a1ea01c5b861726_raw.ome.tif,crop_seg/5b37c8895e28bcefd506a1c00d53ee3a0975c50341e72320bba0168def2a3310_segmentation.ome.tif,0.108333,3500002011,129583
978141,20623,NPM1,M3,crop_raw/9a877a4d1bc28fb1fdf76baba22b27a37322cbb5550167bad9d12098e1eaafa2_raw.ome.tif,crop_seg/286f49d890082e59b0768cfe5e9cc5cfe573a90b528b46147121eaff369da80c_segmentation.ome.tif,0.108333,3500001994,128323
715828,13040,NPM1,M4M5,crop_raw/192be4e02db04969a4582af6085b75be8dc763d1390aa67193cd851203289cac_raw.ome.tif,crop_seg/84452ef090c7898488177a9af11ea867617a02680660dcfa4da220ce1a72de03_segmentation.ome.tif,0.108333,3500002024,130143
693080,12778,NPM1,M4M5,crop_raw/900aa42553ad277e6e8d4e609e6a40a85ec6a3d2acbf10ed07debc0a6dd71689_raw.ome.tif,crop_seg/1403edf7dd1e48461008ce185f83511baf537d113e2e6d12f282f76aee1fa162_segmentation.ome.tif,0.108333,3500002010,129667
673136,12577,NPM1,M4M5,crop_raw/41a994d76da0e0e5baa3d0524efbbf0dc2098bead1843daaf307f802f67b7d61_raw.ome.tif,crop_seg/055802986b086449161229d3bbbe494d1d3aa34c63be2a1fdefc83cca2444d05_segmentation.ome.tif,0.108333,3500002004,128619
647253,12319,NPM1,M3,crop_raw/8e990fbbced500aeb362b73037dc3bafd7fea97bd3edb427f90c115a0ddb4e77_raw.ome.tif,crop_seg/a1d083dec491c1f4a1b95e6db96d13c47837814ab2ecda6dba2e6dd2b634c61e_segmentation.ome.tif,0.108333,3500001991,127842
979444,23733,NPM1,M4M5,crop_raw/6bb714826e3ee95245589bfd7f5a1363c00a24ca7b9aacb83e1aad8561859c69_raw.ome.tif,crop_seg/b00df019f3ee4c1d899241446ab9c94e7d741de715113329f516ea8e9927ef59_segmentation.ome.tif,0.108333,3500002000,127275
663232,12476,NPM1,M4M5,crop_raw/98ac89521ef2b22ebdd3b979b646deda909b115f9fed85898c10c15ee4689f38_raw.ome.tif,crop_seg/4ff4130d314c2b3750d816636c04316c7632275149299e847b617c5dd955be73_segmentation.ome.tif,0.108333,3500001993,127947
988987,13080,NPM1,M3,crop_raw/b24397ab2e001505b84097088c0f45f59dd311e9f6592d2b1c249328ed9798a4_raw.ome.tif,crop_seg/3fb5920cfe2b16b2284f151d93c5d60c711d2ad4d60de45a60a3d6471ddbe513_segmentation.ome.tif,0.108333,3500002026,131202
671554,12562,NPM1,M4M5,crop_raw/4d21cfa65c1bdcbf40d01fc92c8680973978996b525b5493f9f4502d960be92c_raw.ome.tif,crop_seg/8ec12c56fd51744223d7ebc047253ac4395768e5d1be7e95ff593da1414a54d7_segmentation.ome.tif,0.108333,3500002004,128622
652344,12367,NPM1,M3,crop_raw/ea6ac05049cc69e6bbe48830fdcdc566c3d240246c91b9dd9002fe13a14b92cf_raw.ome.tif,crop_seg/a13d854f6a4b969be7ba1262057a9abf2c5706df154cbb1f8102161fc9ee312c_segmentation.ome.tif,0.108333,3500001994,128319
667486,12519,NPM1,M1M2,crop_raw/fff535a7a7096fa382b801c0e071708eb00d280fc0292e9f436df07176fb5514_raw.ome.tif,crop_seg/2383e5461129ad06d9ee69f2c39d375ee14501f1d36cbcd9595a2ae854801ec9_segmentation.ome.tif,0.108333,3500002003,128415
978817,23716,NPM1,M3,crop_raw/af7f8c8f0e0d1511d0c7d24d21973c39118d54e2210d15ead96bb25797dad1c3_raw.ome.tif,crop_seg/140894f1dafaaa3273061ebc4688d2bc93db01ddd26f93f57b1d64c71764c5e7_segmentation.ome.tif,0.108333,3500002000,127266
644895,12251,NPM1,M3,crop_raw/a083068422e5b8b67a8c02c891c7c85ce0ce1886e2dd6e48a9b410c872710002_raw.ome.tif,crop_seg/108dab13aea7a4a66ac618a2ad9fee89a4a821990418d821bc6dfc3d8bf26cfc_segmentation.ome.tif,0.108333,3500001988,127650
679459,12634,NPM1,M1M2,crop_raw/ea14480bd1edfb5612855fb463ee474fe96428b9e137428fa3081d1385d5160b_raw.ome.tif,crop_seg/3bb73fda6940985d0b0fc955dc97cd3346f5b4d240831b2212682428b7d50be4_segmentation.ome.tif,0.108333,3500002002,128525
724218,13126,NPM1,M1M2,crop_raw/bb37d0c341888c0d59fa6f7e4287e3e1badef8e9a34f0fcf2ae72a2cd54c357d_raw.ome.tif,crop_seg/1afbc62a4dbd2708b044546c5f672e70a53ca83fa79258e1612773621119aae0_segmentation.ome.tif,0.108333,3500002021,130339
958213,15554,NPM1,M3,crop_raw/6a57e7151b145069f0fb0137614850575b7cfc46d9ae2dbe6ec99f8fd267c08d_raw.ome.tif,crop_seg/7148d0fe0562f283c12c0938bf236ffe01920f3109a95d9c384703ae6b4fce73_segmentation.ome.tif,0.108333,3500002031,130732
707765,12955,NPM1,M4M5,crop_raw/6656bf9db48634247ccec1bfe8ebe2257592b1a0a00a71f39a53c1c9175c32a4_raw.ome.tif,crop_seg/9e9e7ecaf6e57220ebccac8e5e5ad27590b4038936b3192d1183ff49c1b7e0f0_segmentation.ome.tif,0.108333,3500002023,130527
650236,12346,NPM1,M3,crop_raw/f96c0089aafc6a5524c5127ba906977a53a35e9a145b2bcf955ec4313ff8c097_raw.ome.tif,crop_seg/0fddce1c8af0f457a0a1d26f03812f3985565e87e21b3099ddd6c8b34e425aca_segmentation.ome.tif,0.108333,3500001989,127182
708141,12959,NPM1,M1M2,crop_raw/c520d0bd5a482c006d45e9afbf901f1e7aa9bf54dbc325216066b74bca027e48_raw.ome.tif,crop_seg/fdafce9a709a1d2b70a44d78dd52ab94094433e1b13ccacee4c065487c14bc3c_segmentation.ome.tif,0.108333,3500002023,130527
710710,12985,NPM1,M4M5,crop_raw/a5229d454aae492c87781aaf4776b86e2125b791d54a251d502805aa2cac0aae_raw.ome.tif,crop_seg/636f449b348466be7aa2dac8f76aa8586f06ba1f889bf239fc2cfb93a687566a_segmentation.ome.tif,0.108333,3500002023,130542
701446,12863,NPM1,M3,crop_raw/9c6332d26af34dd44bd7ac83be8282e476a55b2f3296360150b60966b5ef471d_raw.ome.tif,crop_seg/858c2b7f818bdaae1fd4b7ebe17ddbe2a15397f29388551210caf42ce30e8f4f_segmentation.ome.tif,0.108333,3500002012,129473
656467,12406,NPM1,M1M2,crop_raw/a67eb94febd03b378ae38ba05f43d66bbdf427dea68dac6d4a69836357272eaf_raw.ome.tif,crop_seg/d32181c009ab276ce080db9a4acd4d47c4a91e3d669888ca4114d2be8cda99f2_segmentation.ome.tif,0.108333,3500001994,128332
700174,12850,NPM1,M4M5,crop_raw/6276ce0062181cb11189ba1a220619ad3d5b38d5f11779c0761287003be7de47_raw.ome.tif,crop_seg/f5d8d8b97495041de6373d09797b1559729bd6317772b31722797394c7a5d663_segmentation.ome.tif,0.108333,3500002012,129471
688316,12731,NPM1,M4M5,crop_raw/cb510e3a0eefe5e7ed96a5fbbfc3ad165c6e3bdaa899b9a8acf01f025030ea87_raw.ome.tif,crop_seg/cf6fda6416dd8d4bdc73de0a2f99fd2c3a6a982e94b114e034c671d681ccba61_segmentation.ome.tif,0.108333,3500002010,129667
697741,12825,NPM1,M4M5,crop_raw/a1a5eeb0d2dbf32b6cb3fb6c7f637580cd19a0381d12ac3da05630e477573a76_raw.ome.tif,crop_seg/f75077d798d3945811e808f9a0295d036c1cf2be4abaf354420c047637cfa0bc_segmentation.ome.tif,0.108333,3500002011,129583
669239,12538,NPM1,M3,crop_raw/26900548288efd9b2cc07996a059d34d53300bb7032842f1afec63ade2c3e997_raw.ome.tif,crop_seg/1364983f8595a85c66abae30e58c2d84634317318bc07da5149b29c2b8010d16_segmentation.ome.tif,0.108333,3500002003,128417
670620,12553,NPM1,M1M2,crop_raw/6c928e5feeadc2d825ad540930e9f684f9541da6ae2014f6bb5a4c1db1dc6405_raw.ome.tif,crop_seg/7a9fb229be4cddfd53070dbf3d3d57166a505355cd51a5f32556420b4dd54aa9_segmentation.ome.tif,0.108333,3500002003,128415
979081,23723,NPM1,M4M5,crop_raw/6ef3f397173ee24794ef8e80b15dc0833e70ea5a83ed949695c793a58aada2a5_raw.ome.tif,crop_seg/37d9191fe49f1b4b89d2d6a6809468e67e2f3b982ee01d1e4b1b02ed13a11015_segmentation.ome.tif,0.108333,3500002000,127276
673786,12583,NPM1,M4M5,crop_raw/bf2e918876a202ceaa6e267f5afc9a3cd74181d64305d0e0f85caafb60a6b90c_raw.ome.tif,crop_seg/1869b78b8f4f8d0476cfb68d48cbd21677417b06a705eca8bce6b9b3aefd41d2_segmentation.ome.tif,0.108333,3500002005,128707
978277,20627,NPM1,M4M5,crop_raw/41be3e07355d57a6e294fedd0b364a56047e97180fdfbfc71f1907075f7694b1_raw.ome.tif,crop_seg/3f7b893892825702af097f12fed7c0636746ca409b37525d2666ff914358e2e6_segmentation.ome.tif,0.108333,3500001994,128335
730276,13189,NPM1,M3,crop_raw/9b606ecf08eb2a6a480cda2183244a993d734562d013c06cca0fca4f4d98d729_raw.ome.tif,crop_seg/49b95078af032e63664c8e0c586b3cd2cc5528b2480032ea766513bfa44d3eff_segmentation.ome.tif,0.108333,3500002027,131094
683522,12669,NPM1,M4M5,crop_raw/feaca6be9fc051e578b14134db51b4e3da8624ff3882b819659afde2e8ee361b_raw.ome.tif,crop_seg/c30e77cb0cc2fd43f1a0ffc77494055c30af4254c351db5e307b1ac197187ed9_segmentation.ome.tif,0.108333,3500002002,128511
689123,12740,NPM1,M4M5,crop_raw/fa814dca30f02a40e90e4518cb2067b683c2469eb333b5a7ac5babd632c770c9_raw.ome.tif,crop_seg/1d849f16771eddc5ad34fc51f9f01ae7d0f635e2bc69931fe1915d589fccc0f3_segmentation.ome.tif,0.108333,3500002010,129667
670812,12555,NPM1,M4M5,crop_raw/f8cd07680b46a059cbfec56f93d39bcb5c6dcb931347351ac357094df70612b0_raw.ome.tif,crop_seg/62b6f2412879299a56da74ba01f49b56731d98b2abba496ebf2f0f8cd0a266fb_segmentation.ome.tif,0.108333,3500002003,128417
697532,12823,NPM1,M3,crop_raw/08843e288a2830c83067897fa216aef71cf73a99fb15bac69bb11e51b35b3c48_raw.ome.tif,crop_seg/5358eb758d935c8df9655835a4c57033009dca04e2b8dd1315116f430adc143c_segmentation.ome.tif,0.108333,3500002011,129571
645033,12255,NPM1,M3,crop_raw/19537c4594fe0ef317aadd618610ec2ce3bdc753c70aa0ed18a86c0f9187e9a0_raw.ome.tif,crop_seg/3ef18f6088d7e564a363740cb95225f7e30f1137c02313fef18079593cb3cb67_segmentation.ome.tif,0.108333,3500001988,127649
975422,17064,NPM1,M3,crop_raw/742282a3662edda239b6190d9162a2584f837bb29f2949ac12f62da913bafb3a_raw.ome.tif,crop_seg/83fff0fc6e7e01cf0e35fff0d7d68c27a1f972f638e675c5ffc9daea6a6c4c3e_segmentation.ome.tif,0.108333,3500002032,130636
645720,12285,NPM1,M1M2,crop_raw/a3febe67465aa1cec48f36b1bebd0fd9d502fc1178d9247abb379af15059757d_raw.ome.tif,crop_seg/e928a68124ed039c271307fa553e926be8a55a12bdbe031725643f394af5955e_segmentation.ome.tif,0.108333,3500001991,127853
661972,12464,NPM1,M4M5,crop_raw/64e0569b828af18f3f9c4a3a841ae18500bfaaa54c5ada8d386fd39451053500_raw.ome.tif,crop_seg/838e7f2d9705e8411ac4d0a4885ff067172be090528618d72601ca2a96d36f75_segmentation.ome.tif,0.108333,3500001993,127936
979478,23734,NPM1,M3,crop_raw/2202d38f58a8ce354f1429c4e6088142916bc0c408d51a0ac5f2fe9b94c80a0a_raw.ome.tif,crop_seg/c81061345b5655ce5c32b6573daab910e4725e8bafe05eef4dfe50dbb3a87bec_segmentation.ome.tif,0.108333,3500002000,127276
673990,12585,NPM1,M4M5,crop_raw/859c277af48a3255188625b97a3886073c0a78abd5e530761407b9ee5ba44c0f_raw.ome.tif,crop_seg/bbdaacb78a1ad86e86c290a65f35c8a3f19e0af522718c4ec036dea7d6f40806_segmentation.ome.tif,0.108333,3500002005,128715
724002,13124,NPM1,M3,crop_raw/e6f4f29630286c6e9dc60ccd490521cac49155c9c8f118be440f4f097afc9796_raw.ome.tif,crop_seg/deda8554a6436bbab7811ce38f64e24549f697009ce62fdd91aa4b1baef1103f_segmentation.ome.tif,0.108333,3500002021,130338
683418,12668,NPM1,M4M5,crop_raw/0a93a871562f80334b2fd0ed3350062fe165443d71574a68470392ebc048c0f9_raw.ome.tif,crop_seg/7cac6edf7c83daf361bb42310ada0d4981cfdc6464c0a2646cf9d3d0a2396de9_segmentation.ome.tif,0.108333,3500002002,128511
965526,16153,NPM1,M3,crop_raw/efa7266642410f80b72e9ba6e975c0c34ff9d789ada1b770f28119e2cd469c3c_raw.ome.tif,crop_seg/ef5a9d3fffaff29113ab96114d5a68bae0a6f34a3304f9e5bb04170e44fa3031_segmentation.ome.tif,0.108333,3500002032,130636
665569,12498,NPM1,M1M2,crop_raw/82049e449585eca7bd46aa91917a04e357ff9db2d9e752a28ac4a71dac4a394d_raw.ome.tif,crop_seg/55429c9014b376055d341a04b4f0eea942f275ccb137fddf86be950015d9c7f5_segmentation.ome.tif,0.108333,3500001993,127937
698755,12836,NPM1,M3,crop_raw/37d3b69468d9e72b1b7c2e8d8414944bd429369f46d33656545f1026f9c024fb_raw.ome.tif,crop_seg/fe3694215c9b799b8b97b4c94e0b44e4f12a97bb15372435baa554bdf8335ca0_segmentation.ome.tif,0.108333,3500002012,129471
694446,12791,NPM1,M1M2,crop_raw/a838b0e46c024c50ae61439794b4ebbcced284fce8b4697c3ae8167e0424d5fc_raw.ome.tif,crop_seg/3deba0dc2599cf4813ed84195dff130cde557867860bb800cf86191b1df4e9ad_segmentation.ome.tif,0.108333,3500002011,129571
954878,15278,NPM1,M3,crop_raw/fc84015eccb02d15187914c3c2f9c6f4c05866f64b05516db2bf7548b614a479_raw.ome.tif,crop_seg/d11f9d431fcbf98becd8ebb3e1ae6f2c7533209923e0de1f81128867c594bafa_segmentation.ome.tif,0.108333,3500002032,130625
682797,12663,NPM1,M4M5,crop_raw/88d62d9a4e9ee36555078fafe787955a09985fa5e894c2bc5a1d70eb1709d471_raw.ome.tif,crop_seg/8b37ce887574fb7249705d467b28be3d7cb41111049b3173754697e5876c00ad_segmentation.ome.tif,0.108333,3500002002,128523
731863,13208,NPM1,M4M5,crop_raw/821da1f544de4f509973c0be36e54bf7e1c52c55947c25027d5fd1d6a85640b8_raw.ome.tif,crop_seg/bd06d98b1cfa332b43e7c0fbf27fdc8a4fd256f904ddd0421a226e5e70bb788e_segmentation.ome.tif,0.108333,3500002027,131091
717568,13058,NPM1,M4M5,crop_raw/0eacbe39ec118e64b63330bb5110b557f088065f9e69ccded1257723a15491d1_raw.ome.tif,crop_seg/e1ffcd3cbdd586bec4baa0404108e1adfe1916ee9bc9b6d36a576b471e93a383_segmentation.ome.tif,0.108333,3500002024,130143
685470,12688,NPM1,M3,crop_raw/4367f7f44b6e9c92e0b75f37c37823ce24947a613b2966a767e44b3b7e0b944b_raw.ome.tif,crop_seg/044c73352253dd502b291e73d4315d3f6541b132b04a4a313323ab81bea35109_segmentation.ome.tif,0.108333,3500002009,129773
689438,12743,NPM1,M4M5,crop_raw/1228ec842a2ba72f2061746283b32df59892c691601a6719f419b713bb2b3b44_raw.ome.tif,crop_seg/83bc518c1f790be0b635c943533b51109a9cd5a02dbe0d5a5ec14c1de4d34c75_segmentation.ome.tif,0.108333,3500002010,129667
711381,12992,NPM1,M4M5,crop_raw/22388a6212e9a16895986632d85ea83897cd43dbced10ebc246ec3e282fccbe3_raw.ome.tif,crop_seg/1ff96723af17271a4025fc71274fb4d17a493300a3665b116ecf4a73bc2f43f6_segmentation.ome.tif,0.108333,3500002023,130528
717356,13056,NPM1,M3,crop_raw/c12ad7a8ba947a84abc4cf8e1e8581e79d2d5baa9bf2ed9e399193c53950c318_raw.ome.tif,crop_seg/55c16e194a531b82c1bc55361b422813146af81fa9ae43b11d2b2a82383add40_segmentation.ome.tif,0.108333,3500002024,130146
677827,12619,NPM1,M4M5,crop_raw/12387d63aad5210c85c741303c45e85c77fa12ee7c752e2914eb17903c84601b_raw.ome.tif,crop_seg/dc67939c7e54c7f2698a898b3dea6ebfcc5b351b1bf3a825d69feec095a9cf55_segmentation.ome.tif,0.108333,3500002005,128705
643111,12214,NPM1,M4M5,crop_raw/da8d8d584861e379d69a0602aa6350a011b936ec72e3067b758ce9387a84cb96_raw.ome.tif,crop_seg/6874f6d982ac7cb79c0d905e6dfcb1c5a7b072280d46da241b077d9a09dedcd0_segmentation.ome.tif,0.108333,3500001988,127648
643960,12223,NPM1,M4M5,crop_raw/8a989c5560072fd3790d73ba00b928ab1265b6fcc9feebbe4610298868699828_raw.ome.tif,crop_seg/628b8a9f7f641256e05c920b6007736a8c17e57a5d1531fee08b577c1de369da_segmentation.ome.tif,0.108333,3500001988,127648
954034,15208,NPM1,M1M2,crop_raw/8fbbed88413776c8236e4fd2cdce4e754c225b03aaf15e11313b1714fe07a083_raw.ome.tif,crop_seg/0ddee84448951ff18b43b5f3fff8b3384cc90daf2feaec35e4906f56c8455a35_segmentation.ome.tif,0.108333,3500002032,130636
669560,12541,NPM1,M4M5,crop_raw/d06655fdc51c91ffb4cd8b8d0da29beaf805ce3321da1519132a7c5a095a21d2_raw.ome.tif,crop_seg/9ef98c4c6d04e938ed050a9187929eb73de913e6814cd6fb48044779de2c76c9_segmentation.ome.tif,0.108333,3500002003,128416
957876,15529,NPM1,M4M5,crop_raw/4332d8c2977f66563fd2938cecc50e42573bb4d41b5f745c8061c8454c338e10_raw.ome.tif,crop_seg/c62458ed98758f8dce8d844a6097f0b00f2d6e5894ed9d7fbd8e986e174f82e8_segmentation.ome.tif,0.108333,3500002032,130637
701957,12870,NPM1,M4M5,crop_raw/03f6a90257aba0ccb8ebf19f2f6cf0136d35e6fde90648e74739281069e936c4_raw.ome.tif,crop_seg/589265b443f6a242b232e591ced2502750846bd3d0bbeec54ded09309e1b3b9d_segmentation.ome.tif,0.108333,3500002012,129486
658748,12428,NPM1,M4M5,crop_raw/b018d4ed5ca0e301dac23b2458fe352aa875137e3db84382f3c6557a9d0bba5d_raw.ome.tif,crop_seg/bfc74d84e48f0b3422f7b9b2350fab79c3d22b480653e335c1da812ff9204b0d_segmentation.ome.tif,0.108333,3500001995,128226
701336,12862,NPM1,M4M5,crop_raw/f58bc52269adc4564cb36b7c83620de2b4cdabf71d0a908b6aba95734d0e7b09_raw.ome.tif,crop_seg/0782c4a06d734b58e59131aa4248f9d6908791888835e832068f691287e8a90a_segmentation.ome.tif,0.108333,3500002012,129487
690239,12750,NPM1,M4M5,crop_raw/b2bdc22e420ff0ca5d6415aec9fa0e18465fc5424e87d2da73fbca6c706d7a2d_raw.ome.tif,crop_seg/5f8bedde5c4add00abf478ae1fce62d98c31bfac0f6538b82e1f65ecf89c14a8_segmentation.ome.tif,0.108333,3500002010,129664
955613,15345,NPM1,M1M2,crop_raw/2e01db2529fe0ab582163cd494f91ab3c06ba21de62f1f433a49b22fdb82de00_raw.ome.tif,crop_seg/c2942a63db7b96dc000ca72fca82c5d1f3b08dbd5607a885f0f617aeb50a01cb_segmentation.ome.tif,0.108333,3500002032,130637
678764,12628,NPM1,M4M5,crop_raw/7285d3dc94d924f54d171d59804a1598a615603c529daea38ad71bd0f95cf2ec_raw.ome.tif,crop_seg/9daa7001916b908e690e46a5761fe118737b03ac2e0bce9b613cf6a21156f5fd_segmentation.ome.tif,0.108333,3500002002,128514
691672,12764,NPM1,M4M5,crop_raw/4a374dbce31ab81bdd2b7e2c8f33d2acfafd805686377b3156fbb25b7d708575_raw.ome.tif,crop_seg/886c84b675a6d7aae9aacfaa71217aba79b0c24c9d1612684c6e3db1295df839_segmentation.ome.tif,0.108333,3500002010,129663
671644,12563,NPM1,M1M2,crop_raw/1ba1d37bc8521dc9326ed5272da7d86315e7d75d0a83ac7e7b64750d96242b8a_raw.ome.tif,crop_seg/f07b6b91c441a3daaa3fb1b28cc74b8e4e276ba1dab7a89337748d21b1d73cf6_segmentation.ome.tif,0.108333,3500002004,128621
683984,12674,NPM1,M1M2,crop_raw/ddd8a1a1a5be2f677ad87befaa43a67fc385c6444518f29721b037b9ebfdeafa_raw.ome.tif,crop_seg/d414eceda09662a59051a7c9d8d4c742b3683b37a9022a27d5e16b286db3008b_segmentation.ome.tif,0.108333,3500002009,129774
733093,13219,NPM1,M1M2,crop_raw/1d4df8b2c0020d0fc83f85620ee2f2493bf121d5d889d458698507aa866f20fa_raw.ome.tif,crop_seg/0edeebc9d8e82a6e4fe4316c9d7d81248ff24bd093f6174bcf7fd62070d5a443_segmentation.ome.tif,0.108333,3500002031,130723
728299,13167,NPM1,M1M2,crop_raw/3a52373ef61647ca4fd7221e87a333095cecd7b400f24f4eb8301fb66e9ad441_raw.ome.tif,crop_seg/60cc2b436c0ec0bc7e845edb285ce76a3b6c27788687e6076e82c6bc24068202_segmentation.ome.tif,0.108333,3500002021,130335
663309,12477,NPM1,M1M2,crop_raw/e9b3acce4847430976fd63d0c5b91b043043ebe661b284fea9fd69507f80e577_raw.ome.tif,crop_seg/48a0b0b5e5b1c5116ccae26eb59d9a97ccc4d6e962b3ef9b27ff29e190d93b3c_segmentation.ome.tif,0.108333,3500001993,127936
690118,12749,NPM1,M4M5,crop_raw/eb28b30e48ace25364657159b060ea4ad59bb87d377c4bd79b3393fc83271b89_raw.ome.tif,crop_seg/8bf2cc54bfd09410166f1f5150b3d6d6ed8fdc0b783e2d7c5051df15b7c12102_segmentation.ome.tif,0.108333,3500002010,129664
988920,12866,NPM1,M4M5,crop_raw/0ca31e1fa75fc34ae1fefaa4dcbe4f98dcdfaf29178531aa5655ecdbb7e448a1_raw.ome.tif,crop_seg/6f60336b73280d3426a1a94f85d343bb7ea36251cf55f6990da4a7cf0d5cd05a_segmentation.ome.tif,0.108333,3500002012,129473
712288,13001,NPM1,M4M5,crop_raw/bdf061494bb294f71475a489c8a16c4aab9fda061405700b82e210ca23e7ce5b_raw.ome.tif,crop_seg/feb372440f5749dab48fa21ab5e7f9530365f37e37d29bea1956cbb7ed0a1cac_segmentation.ome.tif,0.108333,3500002023,130530
711881,12997,NPM1,M4M5,crop_raw/af718bc33676a9e31ad09bd4b5d15d49c644b5dbea3721752cdb51c2fca62f14_raw.ome.tif,crop_seg/ab6addcce308fbe91cdbe0232be3c743c501919f9588bdd2139997548f522d80_segmentation.ome.tif,0.108333,3500002023,130529
646347,12305,NPM1,M4M5,crop_raw/f1412f5f813b8be3b6a4eb0faba965883805452916ac2cd44dafe457f4359909_raw.ome.tif,crop_seg/67728dcdcd95945b457b75c20ba4c2352822b74a461557ee7cb073fedf1b4f8a_segmentation.ome.tif,0.108333,3500001991,127843
684221,12676,NPM1,M1M2,crop_raw/36fecc7af0b04a8db719e12f7cbc62de3ef9f6f143070154963248edfaac71b9_raw.ome.tif,crop_seg/d694ea1ac7b3f2ce931a186072817969df7fe7f8694990ba4cb3c8773cdab2ee_segmentation.ome.tif,0.108333,3500002009,129772
681206,12650,NPM1,M3,crop_raw/799d31de92d1109891d0cd71a51fb66275dbe4e4fbcd176f4d5400af7f785554_raw.ome.tif,crop_seg/646c3e69e715b539813410291d4b0a1b6c4d95e1fdb83ff396de56100a8a333f_segmentation.ome.tif,0.108333,3500002002,128523
731338,13200,NPM1,M3,crop_raw/b25b74ddeab9da1f63cedd3c65abb389d8d59269bfd10b726a5fdba42e4567a2_raw.ome.tif,crop_seg/de340fa995d4c0ce269a22e93b76c0b4c1000a3e059367c4c09de14a4a5624c5_segmentation.ome.tif,0.108333,3500002027,131091
692770,12775,NPM1,M4M5,crop_raw/1bba0012ef862469877db24aaccc62157667758928146aaca7937e593e3469b0_raw.ome.tif,crop_seg/3f3db39a119133618f6ba9ffb16bd74386d6e0c210cd6bbc62e40af8fd090c3e_segmentation.ome.tif,0.108333,3500002010,129676
710823,12986,NPM1,M4M5,crop_raw/14a1c0eb080c021e5713d9f4867869380e8d85f208a9bfee7bb73fe830c896e9_raw.ome.tif,crop_seg/24b0d7d071f0ef250e5e0790fd3f8081eb0196fd826a121f42c3da48c0b4e391_segmentation.ome.tif,0.108333,3500002023,130529
676123,12604,NPM1,M1M2,crop_raw/5e03e6cfba47061a302f7551bb4e05435a9c8dfece1eebc96f002b44874351d5_raw.ome.tif,crop_seg/3af276318b92c3a66c5e5c96bee078fd5477fb14b4bf977a1fa9a8fd94c90124_segmentation.ome.tif,0.108333,3500002005,128719
695250,12799,NPM1,M3,crop_raw/31ce1ffd53fb6a928a99829ecc448cf6bdf404b4d2811c6e4f01cf2b461277f4_raw.ome.tif,crop_seg/5d68e4b50de68748949a4618747f0cbdf5a65c02ca0e330735b6f27a20c21db6_segmentation.ome.tif,0.108333,3500002011,129581
964820,16095,NPM1,M4M5,crop_raw/f6dafc6f47d7521beafb9f1c68dc8908481eb294f6373cbeb3c85c05028f8dd9_raw.ome.tif,crop_seg/61bb273eed6c3632e38c7ae106ac2a1bedaaf6605ee10b3dfe80f6a89c3bb6c9_segmentation.ome.tif,0.108333,3500002032,130638
968953,16437,NPM1,M4M5,crop_raw/39f2dc26ae8e6ac897753ea988b2e2083e45c4c3409b4ce8e94171e9e687046d_raw.ome.tif,crop_seg/44b7a41ae6b2e776e4e0a90cbdd4b4dbc4fef71b0f2b604b06298d2a30eb2046_segmentation.ome.tif,0.108333,3500002032,130638
658076,12422,NPM1,M4M5,crop_raw/2d5c0169aed6b501b26e86fd0eeb0fed706e8d5dc139b608aab47de27df8fcd8_raw.ome.tif,crop_seg/89ab79a1d4d987bf232aa79aef43c0120650f30b16df18d5a2934cad0a5bdb6f_segmentation.ome.tif,0.108333,3500001995,128237
657256,12414,NPM1,M1M2,crop_raw/5e2026591d3e98a431059c21a06ce0bcfd202fe18796c0b1178c6e1b5d93fe6c_raw.ome.tif,crop_seg/6ee8beb0de16555587aab36131dc64b1b8635694e32cf7fd84ce57ef7c18af63_segmentation.ome.tif,0.108333,3500001995,128236
725824,13143,NPM1,M3,crop_raw/d489326bdbc25c698657ff454bc75c726995092fdfbadc28c21095967ac61d02_raw.ome.tif,crop_seg/6afe69b497c821e1206d813af7aec0573fb67c4aacad52b9bcaa99d82db280c3_segmentation.ome.tif,0.108333,3500002021,130335
687669,12713,NPM1,M4M5,crop_raw/4f6127ffba6a64df218ec08138097ba958505715c0e6345608db82aadc2d7cd4_raw.ome.tif,crop_seg/841721278bc9894adec52214f0638a7b6671a7547a107fd1a0da6bcb673e4e61_segmentation.ome.tif,0.108333,3500002009,129761
667664,12521,NPM1,M3,crop_raw/a9df42f1fbeb2734e8b8cea1d3957b6f97a41c4c402af403b67e54f36598822f_raw.ome.tif,crop_seg/f970a364a15fa777a1a24e4516ac75d400a362513b09408bd2f927569a4a3176_segmentation.ome.tif,0.108333,3500002003,128419
978507,23709,NPM1,M3,crop_raw/c2da2065bfaad1dcc71c2051273ecfa543bd9d7e9cc1bf3786b18c9c72162532_raw.ome.tif,crop_seg/e3fc51e85bd67fe554aa656fc3c597c617e21e59ecc2af104894ec78e28e7829_segmentation.ome.tif,0.108333,3500002000,127265
700484,12853,NPM1,M1M2,crop_raw/cee1df8e7aa4012452d99d30522d7250b8e7311177485e3a4d3d0985d24479b3_raw.ome.tif,crop_seg/b7c66f2b1cc116a7883f228361495471a410658113b91f7468b600002cd7214f_segmentation.ome.tif,0.108333,3500002012,129486
669998,12545,NPM1,M3,crop_raw/43d59ffedceb1b498ab9c916e6b142dfaf6eaa1152f0d9a16057484de4b2a78c_raw.ome.tif,crop_seg/2e98337147a776583e725f0f5e3a48d636e3d83f4f131f6164c8ab12ed959dbd_segmentation.ome.tif,0.108333,3500002003,128430
716021,13042,NPM1,M1M2,crop_raw/3a2fd3cec331e27334d6b2b3e12f35f0df24d3f7946978a47f0056277053fdec_raw.ome.tif,crop_seg/353836cd47484b6e860f95cbfa059760c16843ff9fffc3f9f05dcf8650e47fab_segmentation.ome.tif,0.108333,3500002024,130143
650659,12350,NPM1,M1M2,crop_raw/15d5dc32c420ffb8ec31962632f0cf254edffc5078e3280691ed44bcfdae5bd9_raw.ome.tif,crop_seg/87a7b86c6559c6c75da1599aada4288e0d09164413f5d97d964b4cf459ca96f9_segmentation.ome.tif,0.108333,3500001989,127180
680442,12643,NPM1,M4M5,crop_raw/73a5a15f31de72f07074ebc6fee27118128020056d11e3f2cb17c14254cbdf3d_raw.ome.tif,crop_seg/6bc2117066affa18b35ee4e5cdd44f5b5eb4501938081ad967c7186878d1d3a9_segmentation.ome.tif,0.108333,3500002002,128525
645298,12272,NPM1,M1M2,crop_raw/aa9995ff47a8daca269e171081ed62927718c956cb171199dfd54706cb6887a2_raw.ome.tif,crop_seg/d9911216257e6237b6b54111d3c48838a0c21ee96f765c3280dae1aa3d0ba8e1_segmentation.ome.tif,0.108333,3500001991,127853
676337,12606,NPM1,M4M5,crop_raw/fd19f3f09dc6816ad39919684462f70247fc66638caf20e5d73848a53f164351_raw.ome.tif,crop_seg/bc0701e4026e66fbd8d7efa88e2b19ff3b81222360716e24faae6f3eb2934888_segmentation.ome.tif,0.108333,3500002005,128717
677595,12617,NPM1,M1M2,crop_raw/354396593aa981e688a1a6fc51a87904f2b3d1173a6ce20bbd833a7e284019da_raw.ome.tif,crop_seg/7bb94131b9c8de9019c643d456a22a52477c2b3b06e349259299f5f104e6101d_segmentation.ome.tif,0.108333,3500002005,128707
717741,13060,NPM1,M4M5,crop_raw/26cc0a4b82f67c679f1a9c43f9d36d5868caf1999dc80f3342e61446fa6b06d0_raw.ome.tif,crop_seg/ac156f831425572eed78c46f8169261047544c142342ef834b5d5b0d8b9c5487_segmentation.ome.tif,0.108333,3500002024,130144
728580,13170,NPM1,M4M5,crop_raw/b1ae5a0304af78414c3b31b38176dfa65d55fe7aeaecf2650bdefadcf4c261a0_raw.ome.tif,crop_seg/97c75f53c44d8e54edf8a5097084589fe5b9f0db7f19d131b89e74c3edafacbe_segmentation.ome.tif,0.108333,3500002027,131094
688630,12734,NPM1,M4M5,crop_raw/908e84fde2e1639b422194fcdb0fba2a69c5ee5f8d6299e3143208d4697263b9_raw.ome.tif,crop_seg/e2d6e471b4f19150f405eafee0d017165ce10a5ebfb2393c379323fa26f217e4_segmentation.ome.tif,0.108333,3500002010,129667
654726,12389,NPM1,M1M2,crop_raw/6ee5bc18485073dd68a13b8f67deaa9ed02a9f48a83e3d1eb881306a316601ec_raw.ome.tif,crop_seg/295933e5977c74a41f91b88650b45f99419aa9d39f688d6cbc641fa7976d1b54_segmentation.ome.tif,0.108333,3500001994,128334
735037,13238,NPM1,M1M2,crop_raw/a179922590b0d859ac7b1d2e9c0d491baee02f1360e31d692ee24b55b6f22ba6_raw.ome.tif,crop_seg/3e1f88dcf1f6879af0f9ca77d2028c93018fd4d9a88989cb998016b7520fa977_segmentation.ome.tif,0.108333,3500002031,130731
696298,12812,NPM1,M4M5,crop_raw/5db04684568b04f778631c130efbc74ce5004a0544ad1eaf14045cb565926fac_raw.ome.tif,crop_seg/4b3ec2137a3ec1f1192aa16c1b23f69bfc0a0bd09e9cbe7ff256629aba100049_segmentation.ome.tif,0.108333,3500002011,129581
678395,12624,NPM1,M1M2,crop_raw/040026a72a5f3407d6fceaf4af47ced119219a9d4a3651649391c7e6b7370543_raw.ome.tif,crop_seg/4c41fbc9589b0c08a8719ff392cd082495ce142b65c9bdd2679ef46b1bfd7922_segmentation.ome.tif,0.108333,3500002005,128718
641353,12199,NPM1,M3,crop_raw/5e6f4baef864b369a06e991fc0e77801f4000b481b09985f4d0f3795cc016886_raw.ome.tif,crop_seg/67e5d128c533f505d057dd8d5599fa827ad5a3eb484e9fbe5363337611152d93_segmentation.ome.tif,0.108333,3500001988,127648
680775,12646,NPM1,M3,crop_raw/2f579b77ffb18ae9aa8ae6d09001c891593e6013867131682fc4112e0143d595_raw.ome.tif,crop_seg/d01d5c8db8fe795ae1630cc44ca8e4b7a23d5d290c8fcfb0e5c3c3178135383c_segmentation.ome.tif,0.108333,3500002002,128525
723353,13118,NPM1,M4M5,crop_raw/3c97637930ddb47c3616ec0a1798cbd60d68cd4c83a8cca4b12edbe686bceea3_raw.ome.tif,crop_seg/ffc944d16109c0735e19f58055b775cbf0e32cbbfd6338891b7efdcca6cbf1de_segmentation.ome.tif,0.108333,3500002026,131215
709129,12970,NPM1,M4M5,crop_raw/8e5e67a863cc5b215b5a585d2658a1d7123276dd22fbbf1a97d67c200736a7c3_raw.ome.tif,crop_seg/69b20e7e1cd0990fa9a9b6958291e31ce40e3f10a43e68656d7bbf588a8dfd20_segmentation.ome.tif,0.108333,3500002023,130527
979736,23741,NPM1,M3,crop_raw/4d141fbe75f0c500d53214c5b70edb6ee3fc4f5607ca22c93b2ca49aa1fd1cad_raw.ome.tif,crop_seg/7119abac7179ed5c45441660ba7f943a5e251b2300aabec8bd46ea07a41b245f_segmentation.ome.tif,0.108333,3500002000,127279
725663,13141,NPM1,M4M5,crop_raw/661db7d268ec842321d6b26007acb89c88e8615c6c0f6726354be434271dd2db_raw.ome.tif,crop_seg/a2f1020d86a75e7c004a862641ee23a7cc59c0c6b45a6cc33d64b69c81486d80_segmentation.ome.tif,0.108333,3500002021,130337
665359,12496,NPM1,M1M2,crop_raw/a4cca1e59917c74d319110bf505927d0dfcdda360c9aabb0fae3e2897ac0f536_raw.ome.tif,crop_seg/941244bd769934a767b4764c6f6ce2833456d0326476847e6c07531429f3db1d_segmentation.ome.tif,0.108333,3500001993,127936
643882,12221,NPM1,M4M5,crop_raw/58bd9a6e509f4296f1536f3813a45ccadd72a0b95ad95acaca491a9bc21afb86_raw.ome.tif,crop_seg/cbc0efec773c13fb321e84684c80310e0b3c9261fdaf0aebd0d8b5d3784f7ae5_segmentation.ome.tif,0.108333,3500001988,127648
657952,12421,NPM1,M4M5,crop_raw/b67c6c932bb7cb1f8a7355c4fa07c3355bc345c73cb7d2b988f776a2215c31c8_raw.ome.tif,crop_seg/3b358a7668719b0ad93d6a13dc48864d51586bf44f7414ac5a70f8306071ba2a_segmentation.ome.tif,0.108333,3500001995,128223
673923,12584,NPM1,M3,crop_raw/c9c98bce13d545a1d871fa33cb2f1d87f28bfa461e65571d8597cbd336e62151_raw.ome.tif,crop_seg/fdfd92e04a00a18c5ef8772fbfa39e42c632b76a7b343c0ab9d3ba87e8131a7c_segmentation.ome.tif,0.108333,3500002005,128704
646123,12298,NPM1,M1M2,crop_raw/326ea433c6bbc1c48b3d183b6eb85e500561f7b9daac39e3f80593deee273c9e_raw.ome.tif,crop_seg/2ea39c46863ded4d25d458e6e19c2a4a16806eadc3b6c2fcc2af69dd84c77ace_segmentation.ome.tif,0.108333,3500001991,127839
734111,13228,NPM1,M1M2,crop_raw/a40efd1a50775e8964b414ee7e8f745592f8c26c84957420a6f3c5b3da864c80_raw.ome.tif,crop_seg/f903c675aab8c61d42d2d6b8153d43822c56a1a7665743d7565805f3b839dcec_segmentation.ome.tif,0.108333,3500002031,130707
979854,23743,NPM1,M4M5,crop_raw/8a1ddf4d5a7bc3adf987b2d622af888f9b36780492246b1c0f018d2b8cfc6dc3_raw.ome.tif,crop_seg/6886cd0feda24533b96ec6f0d767d4c9a7658daec8452ae2831a0c2f963c84b3_segmentation.ome.tif,0.108333,3500002000,127276
643488,12217,NPM1,M1M2,crop_raw/ff37a9211b0110fd7e17c576d380bc5835d456922920efb285e0d4ef66bef12a_raw.ome.tif,crop_seg/cce64f47dd03a44016c0a433720aeeb9e7af0c5463fb1e46789e4f21a74ba746_segmentation.ome.tif,0.108333,3500001988,127651
693496,12782,NPM1,M4M5,crop_raw/17e7a360b90a96098f96dde4a9f42fa91f0d08a612d851a5a5da90c2e0faebb5_raw.ome.tif,crop_seg/21d8a5605a057a89c3861f30288b7dc20e51deb0d0f7d56b8b0e03b79290dde2_segmentation.ome.tif,0.108333,3500002010,129675
655180,12394,NPM1,M3,crop_raw/d71c72bbf033dd48c08c820120128ca5dc748994524cc6851e92bd2c4dfd07fe_raw.ome.tif,crop_seg/6b7fba5b1f255fbe2a39d6982a8ff8b4d9fe63f047efba1e3e5be04b342aac13_segmentation.ome.tif,0.108333,3500001994,128332
694024,12787,NPM1,M4M5,crop_raw/34bcb1ce088ed314dedfc12f6af19dde3e74f8ce4649ac8d51fdce25ec79a7ea_raw.ome.tif,crop_seg/5bee2ec4534b7d282113a2a5946127bb4fb5b60e3fa3f373ba5f01ae2dbe25c8_segmentation.ome.tif,0.108333,3500002010,129664
653139,12374,NPM1,M3,crop_raw/0c11016a4108392b7802c1ef9b954eb469512f209b7d50da6ae83ebe096de4e5_raw.ome.tif,crop_seg/0808b701034e6fb166fe0d46f1910dcd214c9d96feef6385bd6f63273f74c344_segmentation.ome.tif,0.108333,3500001994,128319
684537,12680,NPM1,M1M2,crop_raw/e275683691b9b35e88f1400304fbb6b2e9d17998c850718e6eccff9a259f6fd6_raw.ome.tif,crop_seg/d8a77892b0ba839cda1b6c6a1182c47e4447ae861f6639b1c6311989c7c8b85b_segmentation.ome.tif,0.108333,3500002009,129773
657636,12418,NPM1,M4M5,crop_raw/69ed3af13c6a30fa16bf60269ad6ec46c410aa2fbeb809607e118355c6fba470_raw.ome.tif,crop_seg/aa1e0d3fbc502a5e1998cc099d1cd48c790b773f360cae4bf3020e3e1c5934af_segmentation.ome.tif,0.108333,3500001995,128237
655743,12399,NPM1,M3,crop_raw/eb5e00ab285ca4eb6a06e91764b34e319e3c5238148f0bacd39de3787d3b78fc_raw.ome.tif,crop_seg/f3bfc7682cd306a63b70f71f8fb4a5c7829df821dc21f1f0151692dc00cd5a8f_segmentation.ome.tif,0.108333,3500001994,128319
665498,12497,NPM1,M4M5,crop_raw/d9d2998abb6c4ca87f5e04d8c810d7d3ee9f541b51ff7f4e37d2efa8cef86530_raw.ome.tif,crop_seg/2e88c0941326edf4df4241ca3ae373efbb8be468cbb43ee849b826f110bd63a2_segmentation.ome.tif,0.108333,3500001993,127938
649585,12340,NPM1,M4M5,crop_raw/0f022a6de91c7c0b3e2917f2770b75d4d1be7a1bce23523e3267e0ab6e41d78c_raw.ome.tif,crop_seg/0906f98abcc0394212255ee4370a906113091ba0c82f68e8eefa06e836c6ea30_segmentation.ome.tif,0.108333,3500001989,127181
644834,12249,NPM1,M4M5,crop_raw/b21e8b2a5a30723585f64c5f2c10241a2c95f7617f9160fa6e0d30f562fec88e_raw.ome.tif,crop_seg/e03a9c3c5bb698fff0e6894bcb2d0e22cc9c221a6ebd80dc8e8c54d2f12a9da7_segmentation.ome.tif,0.108333,3500001988,127651
685986,12695,NPM1,M4M5,crop_raw/bf9412a8b914e7bdee462652384785666d024a82f9204a52595ffd76cd7628b3_raw.ome.tif,crop_seg/141bf43625e4356537443e7b80c15f8eaf3c2ac3d2521b1a5ebab85464d96c58_segmentation.ome.tif,0.108333,3500002009,129761
683632,12670,NPM1,M4M5,crop_raw/828fdd98647a72f1392f941046b786b871908ad887ef3e512348b479723f92f7_raw.ome.tif,crop_seg/285dd1706ab0a80a824e27e98eb1f6f3a2e1da02f286b1519eb3f1ca0a3a9b2a_segmentation.ome.tif,0.108333,3500002002,128523
696159,12811,NPM1,M4M5,crop_raw/57e0030203dc791e4291faf9a6ff7c140f9c9c924c4f9070d4f883b3f119b2b2_raw.ome.tif,crop_seg/b1dee06ac2ff0ef7fdf4be2301a61757dbfac6cbda28071c4c622c1f942ac5e7_segmentation.ome.tif,0.108333,3500002011,129571
727216,13156,NPM1,M4M5,crop_raw/7d717b2bb50f42338a5f4319c9f69ca3be7ad5f041631c52f9d82b27877cab28_raw.ome.tif,crop_seg/a15ee681b8d64e3a3eeb4398c9d8d1f8bd7a7a6e55eecd81e49383112d85f5cd_segmentation.ome.tif,0.108333,3500002021,130348
730477,13191,NPM1,M4M5,crop_raw/695eaf98ce67e19be98951e8d7ba79b6d10b1b7b0979e3f833c815bf616e3e47_raw.ome.tif,crop_seg/eb37a608b6f30b3bca09c127890eca73056a1310501287a5557c0baafbbabb50_segmentation.ome.tif,0.108333,3500002027,131118
654962,12392,NPM1,M1M2,crop_raw/658b29b1a11a41cf5f83108284ed52d7d457ea3b28d72cfda96c20bbff548963_raw.ome.tif,crop_seg/34e474493537d3cab0bd9d49139a9adb0ee43a5482087f271c20ca36d013a4da_segmentation.ome.tif,0.108333,3500001994,128333
644176,12229,NPM1,M4M5,crop_raw/3b606c1451ee12fe042e739471e12bc842900aaf7cd2296158fea3b7e405399d_raw.ome.tif,crop_seg/918800d99e50c205a10582ed4e368e651b4f7124060e6f238b2351e161563591_segmentation.ome.tif,0.108333,3500001988,127649
648900,12334,NPM1,M1M2,crop_raw/4204c2d7ea3fe9588d629bdabb1d7690ba9bfad9f5d4d75dd5bccca0faf86acb_raw.ome.tif,crop_seg/f7cc578c3338390badbe29e875d59d37df2c83e6ef4bb3eb7411430babac6edf_segmentation.ome.tif,0.108333,3500001989,127169
730597,13192,NPM1,M4M5,crop_raw/6f8784707be927e3d83c46872873d0b8773c5488ca142305497d110cc586b092_raw.ome.tif,crop_seg/2f3c4ac6fca3f12f075eb8e7baa29e4a2a9085f416f8ccba5fb3098c11c7d8da_segmentation.ome.tif,0.108333,3500002027,131115
673584,12581,NPM1,M4M5,crop_raw/96412490120ff9121b8ca55b848c74605db11839ccca1a2725377811d7be8346_raw.ome.tif,crop_seg/73b1e1ab477803ba5860a355ad995d9a4cb4dc2fd37d4a8f36f71f74ccf600dd_segmentation.ome.tif,0.108333,3500002004,128622
646226,12301,NPM1,M4M5,crop_raw/f192a98be51b7a7afb3a302809888cb8e6e1a37d3a3d31052241fe0a07164ca1_raw.ome.tif,crop_seg/6a82ae0205b4d296325134a90006519c9daefb4a497b2316c095f98fee68209f_segmentation.ome.tif,0.108333,3500001991,127851
672722,12573,NPM1,M4M5,crop_raw/ed5a1f9cdc373559737688b763b6bcc7aef8182d72447db1a40e14e54cf946d3_raw.ome.tif,crop_seg/6ef678cec602fedb312fa8a49eb65404b7fc46677ec0719834ff430c43ee10da_segmentation.ome.tif,0.108333,3500002004,128620
689816,12746,NPM1,M4M5,crop_raw/c948f668481ed8012ed57c85714804db71e38ed32fb994804b41a02630080cb4_raw.ome.tif,crop_seg/771b385482a6f1dee646a9e8dfde7ce0bce5e7e3395e4ce97d365c10ca25b0bf_segmentation.ome.tif,0.108333,3500002010,129664
734803,13236,NPM1,M3,crop_raw/4c0fcac48228241283041f7981832363fd1999ca04a999b4e65d3f66a46588d0_raw.ome.tif,crop_seg/9f4bd87ed31723758c41252763ac45431c082e89f6591ce1eca17a5b10cd7598_segmentation.ome.tif,0.108333,3500002031,130711
641606,12201,NPM1,M1M2,crop_raw/5285d86a532bc34f1bba2989a1a452bf7390513ecefbdbcbe1979e9b7bd8b5be_raw.ome.tif,crop_seg/f1b6cddfdffe3fc456b184c872fdfb9a73f628bc2f540202af4296b639ae6a1e_segmentation.ome.tif,0.108333,3500001988,127659
669760,12543,NPM1,M4M5,crop_raw/9992d862e4613ef26a1b2a46626942a38351e2b17327661ef2510a89699833ad_raw.ome.tif,crop_seg/bd937b2105bdfd20d7fbfd5b7261daf2445e2486d8c61aac1d821ba396d6557a_segmentation.ome.tif,0.108333,3500002003,128419
714456,13025,NPM1,M4M5,crop_raw/c73d36ee0fec568702fc6edcfee991bb955bf7322aadc423a41e68aee6d43e9f_raw.ome.tif,crop_seg/fcaeb992f981123fae9b7ba276d5b307a554c8ad49080497dffbbb8f6b8ffe08_segmentation.ome.tif,0.108333,3500002024,130143
722285,13107,NPM1,M1M2,crop_raw/907cf235bb0447cf12ea2b40ec3b4d5563576b05a9c68ca77d9321f35d39f1c1_raw.ome.tif,crop_seg/3aae473e99c5847e2bb3591101d98ec69d149b0f5ee1948cc000ba6922398654_segmentation.ome.tif,0.108333,3500002026,131200
661519,12460,NPM1,M4M5,crop_raw/671f46b3fc4e4c3f4556ef8c6917cbb18f55775376e7be67513b9b35a892d2df_raw.ome.tif,crop_seg/9fd34e458671c56568f69acabacca687e240475358eca43eb8e36df7d9d785f0_segmentation.ome.tif,0.108333,3500001993,127939
647907,12325,NPM1,M4M5,crop_raw/6fe38f063bf7fa820f0297fba21d4d1dd77f0efee3d4619ffb90fd2a2065c387_raw.ome.tif,crop_seg/2d6ccd138bbca8e0c7a7707f575694ebb1330836258e20d8498aa139e96a709b_segmentation.ome.tif,0.108333,3500001989,127171
721191,13096,NPM1,M4M5,crop_raw/92a98a93b6a496a064f69d870c79f09af0e92b5851d4d2dbe49fe1ea345fafce_raw.ome.tif,crop_seg/a1508b520d84b92b5589edfeb3e3dd7b150d104764a5f58013698cf1bf18a8e1_segmentation.ome.tif,0.108333,3500002026,131201
714702,13028,NPM1,M3,crop_raw/e6ee2425592b57ea0b498047df8a22f7ccfa379afde849f372da1c58f786aa30_raw.ome.tif,crop_seg/c227cb02452e2b11cea698666a7b541e800a8d9b59610f5954fd2358148792f1_segmentation.ome.tif,0.108333,3500002024,130157
703225,12893,NPM1,M4M5,crop_raw/d7775a5abcdc75b023c7d4a0de917cf428a17046d264d31fbb36208a0c75e0dc_raw.ome.tif,crop_seg/ca35514321d824e34ba21deeafcb93205448389b9bdf5b6586b13fcba64e56f7_segmentation.ome.tif,0.108333,3500002017,129871
681947,12656,NPM1,M4M5,crop_raw/6a9b33d0f1431ea82aa4b58bf93956ba45cc7207a1c7bdf0737952998d4bedc0_raw.ome.tif,crop_seg/6ab66dcc1110184fcefbaf787fbc0199479650e4c19a029a4c57b662a2ee8d40_segmentation.ome.tif,0.108333,3500002002,128524
735534,13243,NPM1,M1M2,crop_raw/9808ef1cf37f6fd334ac76572f8e593b7f89031da1ac64871862166497e6d716_raw.ome.tif,crop_seg/93f0a9dc622e753ff685fff477e81a83d1c7ced1b83b45fac5ee2be9811dd11a_segmentation.ome.tif,0.108333,3500002031,130723
648039,12326,NPM1,M1M2,crop_raw/a04d7ffde34280c25db19dc7b0c15c298095fa78a6ffe1bc487512d2eac3dcaa_raw.ome.tif,crop_seg/eaba07feb5587ac9983745d689480670ea6846ce1bec9c2aff8acb12dd50b56b_segmentation.ome.tif,0.108333,3500001989,127182
693616,12783,NPM1,M1M2,crop_raw/2065c91c67a5152987831e83d94d8c56e824dbdca0ddcc55da11fa1095ffb120_raw.ome.tif,crop_seg/dae1c96611ec3eb9e7e55eccad6dce1619a7319f0b3ecb76c328e85f73d23de6_segmentation.ome.tif,0.108333,3500002010,129664
644258,12231,NPM1,M3,crop_raw/f811c77b9fb32743f5e8516b9bbb8d063adffb933b6a2954bc524011c8b6d8c2_raw.ome.tif,crop_seg/3560c90dcb6bfe31d9ca9577ae59d0b211d1e802e4836e1c9d0ac0642fdb69c4_segmentation.ome.tif,0.108333,3500001988,127649
979690,23739,NPM1,M4M5,crop_raw/ff3147bd41a2d3197132a477be0509c60c4a10b15ad69695c49827e7a93e84a1_raw.ome.tif,crop_seg/ba9a73feae2958c38d76cfebf48105dbeca3e71b2d69e88ed0b4d3827426217c_segmentation.ome.tif,0.108333,3500002000,127279
643013,12213,NPM1,M4M5,crop_raw/735dc572766272cc7ccccae2fa5fd958d015815761522eeb34cfe107ba6fdced_raw.ome.tif,crop_seg/4530d59ab01d225c0b930be2a3b4e20dd8e290a2ab1986ab6e05de46d5bf682e_segmentation.ome.tif,0.108333,3500001988,127647
667785,12522,NPM1,M3,crop_raw/473bdea318c208b497066748959dd1af5d485c34c4b39f4734e2ca96384de136_raw.ome.tif,crop_seg/a96807d22a30c4cbf2655cc29f8f1e5afd47a4ed76e07f90cd1b8685e2132831_segmentation.ome.tif,0.108333,3500002003,128419
647786,12324,NPM1,M1M2,crop_raw/3615ade16aad5edabf1fb7b972201fcec6d7168300bf01e3c7979020803db5ca_raw.ome.tif,crop_seg/d85f27ee38ad9517b437e197bef3f4f392bf6a7e4d9e6bfd4bf5c469508a1aa7_segmentation.ome.tif,0.108333,3500001989,127179
664041,12484,NPM1,M4M5,crop_raw/d3ced1dc62f3e02f9378ff70bff045a3d0ea6fd6c0365f9281458db4b2ccd00b_raw.ome.tif,crop_seg/e0161bee5a4112fc4c8d09d7178392252462e17b00937424a809c329cbfcb83a_segmentation.ome.tif,0.108333,3500001993,127947
967151,16289,NPM1,M4M5,crop_raw/52683af80d5297b3007570aaa9480ba452115a3c3c538d7d002b778d4811ee8a_raw.ome.tif,crop_seg/16754b70605a983ab21e0e3c34c7aa83c10a91bc473e1e6841d0c81bcad53a85_segmentation.ome.tif,0.108333,3500002031,130722
722170,13106,NPM1,M1M2,crop_raw/75bf9dc3bbdc1d50163a0104b1469781f938da91f82381a9ef6a83321308df75_raw.ome.tif,crop_seg/76f7bb566b6268e6d0ecb35a0f120efa179aa576aa1666e8951ae38929ea9950_segmentation.ome.tif,0.108333,3500002026,131211
694881,12795,NPM1,M4M5,crop_raw/8254c667505800dabec772e9492e5c471dd7ea1bbcacb05ebbf39cece05e93f6_raw.ome.tif,crop_seg/9714c68b98ca45f253d012dc32e105e8e0e969190d9b14ccd1667572a7e81f27_segmentation.ome.tif,0.108333,3500002011,129581
707360,12951,NPM1,M1M2,crop_raw/b57fb057b7a6d6e09c9cc14afe87277462fa0041d2cd7935bea58f5b11c022f8_raw.ome.tif,crop_seg/5c99bc5728c819a27567004f6f813b19d00725dd7ee17a38e41c0e945770f199_segmentation.ome.tif,0.108333,3500002023,130543
711598,12994,NPM1,M1M2,crop_raw/ae98925865263386e551365a9b5016c6a9ec3acf66a5390d342c32a40d01c3cf_raw.ome.tif,crop_seg/5e89da3a5e6b06bc1893e9f1ef3bf1d07952b4aa1dff80d4b63c2f9878184bd3_segmentation.ome.tif,0.108333,3500002023,130539
713418,13015,NPM1,M4M5,crop_raw/a32f9f9eae10273f5ff84d7d189f0bff7cb234b627d996b927759d47994ec948_raw.ome.tif,crop_seg/932410dce7fe59bf884e836b7fc997ec6ea0ab587938dbd243c970d70dced2c1_segmentation.ome.tif,0.108333,3500002024,130147
665153,12494,NPM1,M1M2,crop_raw/f47e2c2297688c59f1177ccc86d2b0fde91fe7ac952f29fb35b39a85d874a323_raw.ome.tif,crop_seg/7970f80ffa8018ea6956e8ad37f65dddd6d8a5d08a212b161c2c349e79b46c70_segmentation.ome.tif,0.108333,3500001993,127947
644801,12248,NPM1,M1M2,crop_raw/e9d97fd0ac138b4a9766243601fd7b2ff229ecd150827ab95a875811153b4243_raw.ome.tif,crop_seg/3127fdb7d042aa9611d1b41a3ff51e1fb76259275cab3ddc0d9a2de36e445ae6_segmentation.ome.tif,0.108333,3500001988,127648
705936,12930,NPM1,M4M5,crop_raw/2a3ff5b81d88f170fa66b820eed8287a69a9623221728f5a484174de053bc00f_raw.ome.tif,crop_seg/2b6426c908dbad2def8e85c498b22dd51fc7fe4232a2f68aba1091ee4130ea3d_segmentation.ome.tif,0.108333,3500002017,129855
705147,12919,NPM1,M3,crop_raw/abd376ecd46c48fc25cd6b48cd0eba2da9ea2740b1087f1435abde6af641f64a_raw.ome.tif,crop_seg/2e499aabfdceb1f270310ce26380863fa6c7d064eee6994e9e30913e9353d4b9_segmentation.ome.tif,0.108333,3500002017,129867
642897,12212,NPM1,M1M2,crop_raw/8f3e49299d3c5481583c9f4fe7fe61e54bb52e9dfffae4707841980b219bf368_raw.ome.tif,crop_seg/978ffdae6f0c8db9a6d1709ebb20f6037382ab31ce35eaffa4ad9291f943dea0_segmentation.ome.tif,0.108333,3500001988,127651
701655,12865,NPM1,M4M5,crop_raw/81aa4553e4926dc967f5f4864e1130c93547b678282aa42cf0f4363530e8c189_raw.ome.tif,crop_seg/1be76863729566a56501312de3e5f594dda0f80f2201ed9e57f130bf6738c947_segmentation.ome.tif,0.108333,3500002012,129487
691097,12759,NPM1,M4M5,crop_raw/b01eccaaeb108b0a2031b8c7c09c1c9b1527ad814a64bc45c2277c3a7e999995_raw.ome.tif,crop_seg/e3208f3fb2ad94385442c4d8617729c3d3a902e8fce4a98e8a6cb0a836ba4835_segmentation.ome.tif,0.108333,3500002010,129665
695139,12797,NPM1,M4M5,crop_raw/840ad05a09e1ab4d92513bad5bdb0c2635c34ae0b351995280b8de297f654757_raw.ome.tif,crop_seg/a9f6453f821059bebf8d501567317b63bd5e69332b98c6d04262b2b6d8105b03_segmentation.ome.tif,0.108333,3500002011,129581
724918,13133,NPM1,M4M5,crop_raw/bdd4f00d0ee7d90afa196912b39938f7f254432e833eb5786981479ebfb9a856_raw.ome.tif,crop_seg/24bfe9010e415020006c9829131b91eff45fc53871818d68250677ac6061a08c_segmentation.ome.tif,0.108333,3500002021,130336
671248,12559,NPM1,M4M5,crop_raw/a38ab53a0f2c7d372e46aecc3d053e6a98a6411a892a989803a229bc6eaf774f_raw.ome.tif,crop_seg/6c7abcf925a73a6b2eb5d00ceec36eac4df61d04d1534f2f11a7930941486315_segmentation.ome.tif,0.108333,3500002004,128619
680537,12644,NPM1,M3,crop_raw/bb6b1864d8b1d6f7a2855771db5fb4262f61a3e8160790a5dc89e4545a8a1ed6_raw.ome.tif,crop_seg/981827733b4dbd092f9876fe64ea7853142b6cbc6a2942daa26b5202adc720a2_segmentation.ome.tif,0.108333,3500002002,128524
970949,16622,NPM1,M4M5,crop_raw/e6dedabfc1c98b642495c6f830b752ea177436ec24c74cf767e2d88d31527437_raw.ome.tif,crop_seg/befb0beb22e32d402e2eaba252b7ebe5177f9b449d957690f33d6277bafd429c_segmentation.ome.tif,0.108333,3500002032,130639
721082,13095,NPM1,M1M2,crop_raw/d33e6b6e7396e21eacbe9ba850406bb09c739e97448d8d18d011dfa75433710c_raw.ome.tif,crop_seg/67905ae845f00b8de4dac69ec171bea5f97144765ff4d539556bb17f491d0e74_segmentation.ome.tif,0.108333,3500002026,131201
978387,22202,NPM1,M4M5,crop_raw/e9206d2828680cb7cc6344eb44bc5a344362ee4f7b0ef7f0ab3e299ee4e3f309_raw.ome.tif,crop_seg/cbbf5b3608772ff2564c9b2b367f84bcf63c7a453cb14c2669f05411e301c2d6_segmentation.ome.tif,0.108333,3500002000,127263
689894,12747,NPM1,M4M5,crop_raw/358c25c248bece1ef80df4ec5da718ba06360a8202fb22b7a17240a48b283400_raw.ome.tif,crop_seg/af048a1eb10ff09bd42d789b25d892e1f4c839a5931bb816ff645b969d733159_segmentation.ome.tif,0.108333,3500002010,129665
645607,12281,NPM1,M1M2,crop_raw/64b16b570de6d9d526ee41f031b90936b4ae548d03559f2fb06402549203fb92_raw.ome.tif,crop_seg/6fec1ea16fd7ea59a0c22a24396198ce2f8dd43b08760c7783c0df8de66836f1_segmentation.ome.tif,0.108333,3500001991,127840
714912,13030,NPM1,M4M5,crop_raw/68a303e451dac52aff3ff207727189beec06e287e6581a53aec76fd86fee8c68_raw.ome.tif,crop_seg/f28e72aee149d67a9fb05fa0b2250d18d6af19c7be3e010b95c048f5f1a5c890_segmentation.ome.tif,0.108333,3500002024,130145
979566,23736,NPM1,M4M5,crop_raw/2997a7df739a902092d1f5030a3091c8515a780f128ac8354ab566f446ca718b_raw.ome.tif,crop_seg/13cfa4bcb4ac60d03be0234879a865e057816b0002b61ea6b75c278174440e2d_segmentation.ome.tif,0.108333,3500002000,127278
728516,13169,NPM1,M4M5,crop_raw/e9617516d341bf18faf75307b38bd62edc17dcf14205700f9bc3be1a99fe66a7_raw.ome.tif,crop_seg/56b1fa317329fdf6fc027b140699271387119dc2b6c020be0e5bdaa5c5461728_segmentation.ome.tif,0.108333,3500002027,131118
725242,13137,NPM1,M1M2,crop_raw/daba91b9ca1b44ebe543256d84c91d919e3ecf7400f1402dd2f2de1a6d433edc_raw.ome.tif,crop_seg/fba665fcc6a82be7fb01d6ef8c8c4e1597ab99681553eb19b014ce28133c8814_segmentation.ome.tif,0.108333,3500002021,130336
699197,12840,NPM1,M4M5,crop_raw/9999cbf47f3c1a12202d24b7d1321600caffc1cd3d25abc0065d47017d581e32_raw.ome.tif,crop_seg/ab825a6a000ef700a960ccbd199dce35e03e544572b240f5d4d6fae1fc00947e_segmentation.ome.tif,0.108333,3500002012,129473
712749,13008,NPM1,M1M2,crop_raw/488f81104f4e84901a64a811ba0be88272a8d1697391d8c09def95e73d87cd84_raw.ome.tif,crop_seg/0a5c141709a86df9bfc8587c6dd04eb971b7dcab8b7f983389d0cba329d46145_segmentation.ome.tif,0.108333,3500002024,130144
677391,12615,NPM1,M4M5,crop_raw/f4c002d3616be13057988d50e646d94295a2d7c32b7267d70e33f3e9aa3b51a1_raw.ome.tif,crop_seg/4542a11e9ce6dbb0b6c0e6a2e5a9d78b31c933478ce5d2d888b21fc93e5d8e69_segmentation.ome.tif,0.108333,3500002005,128719
954357,15238,NPM1,M4M5,crop_raw/c9a6ed31fcee16c8c04ced0373b9888430f182b1d6cad9bad3d35ad4376c5747_raw.ome.tif,crop_seg/df85d90b4439713d7b054e05347d3808e86956b7b6ba66d4ec02ba37b2a22d9b_segmentation.ome.tif,0.108333,3500002031,130731
706767,12938,NPM1,M4M5,crop_raw/ed4fdd1235387bb2e98084bedcc09692a2aa8dcb72a2b03af1eb73ba9bb537ea_raw.ome.tif,crop_seg/55d266a866b6c13146bef447454d940663f6e5a71aaf9e69989a616e1473cac2_segmentation.ome.tif,0.108333,3500002017,129867
645229,12270,NPM1,M4M5,crop_raw/ad2cf7880d9a0169d8c69a520538f4cbd2107609b33674c62d620e82f94e0a26_raw.ome.tif,crop_seg/cb7c3aa89e08fa0a315388240683d860fef3f0ecc6c19364e696d0e86ea50274_segmentation.ome.tif,0.108333,3500001991,127843
695950,12809,NPM1,M1M2,crop_raw/7a348b36ef1ddbcfee5982c4980e51a5bbb174003080d4180db7903b0ebd8741_raw.ome.tif,crop_seg/db1130e97b5a0ef061fc4e15950e640707750db5c36ba9f37ae44c2ea2a58dd5_segmentation.ome.tif,0.108333,3500002011,129581
686718,12703,NPM1,M4M5,crop_raw/6f61e2d3226c48803cb442297ad21d183628ffdf8a7a20c94e54c08853b1c8ab_raw.ome.tif,crop_seg/5c02a07a587c6160f4455519247305de6c8ab008c49082715cbf00c5e3f299a4_segmentation.ome.tif,0.108333,3500002009,129772
678581,12626,NPM1,M4M5,crop_raw/4106e217d707b35f08662542e66141840b6e107c0787934accd8db937b348fd2_raw.ome.tif,crop_seg/0456b34a0e82f2e2a9dd37712e90d6a8f522df7f4fe91d5018830167dccfe703_segmentation.ome.tif,0.108333,3500002005,128718
662286,12467,NPM1,M1M2,crop_raw/c122157037be4d86b66de8dde838f3802be00d01c9472bf659b2085120d8251b_raw.ome.tif,crop_seg/18fa5572c50e3fae22f66c7d71a23d0795d237a89308a21e548144d6adb355cc_segmentation.ome.tif,0.108333,3500001993,127935
735651,13245,NPM1,M3,crop_raw/697d4441526e005bf532474b6ba028c3bab65db36d822df19e8255201af70d0f_raw.ome.tif,crop_seg/ab2b58e7cd2f2c0812eb5066cd547edbf496da30902278f26064531ee888970d_segmentation.ome.tif,0.108333,3500002031,130731
654434,12386,NPM1,M1M2,crop_raw/52529aac40a981a551f971d3a9da3a0f932f151de706f05162d92e8e374081a1_raw.ome.tif,crop_seg/ffee46a49cb478bed0d900560da90d038c3d5f53bacee569bebc63af9b9df2fd_segmentation.ome.tif,0.108333,3500001994,128320
678996,12630,NPM1,M1M2,crop_raw/93a20705c6fd5efad783394d39ef088353638e00788b900f0e1caeeb2ec6aaf5_raw.ome.tif,crop_seg/4ed9f7ce8df67638a4a37528d3daaac7c142b130ab565c71ab03b434b37f1d1b_segmentation.ome.tif,0.108333,3500002002,128514
656548,12407,NPM1,M4M5,crop_raw/719a4c285e8908a10560e1937bb18c215e96dee022d5c64807c3dd39b1ee5363_raw.ome.tif,crop_seg/1b400e73f2ea6c0f82956755432608372f0c446d42422eb9130ae852dc7f048d_segmentation.ome.tif,0.108333,3500001995,128235
729842,13184,NPM1,M4M5,crop_raw/587b7a9b7fb8834f9cd27abf01cc0e3604d9e37cf71ab40bcbd0082e6e7a3f54_raw.ome.tif,crop_seg/a0e4ff505ca34985f4a11a14dd8eafb4c1547e770d033f9bdab6995a94bf5df2_segmentation.ome.tif,0.108333,3500002027,131091
699789,12846,NPM1,M4M5,crop_raw/5ec8e8eb214e01871af6266e51ac2688d4862979ac4b42eec73b40fc7e660972_raw.ome.tif,crop_seg/ebe80ca73374e4d6da3d80be84ebde348670a97b552338d8995b3d9be325b3d5_segmentation.ome.tif,0.108333,3500002012,129471
988121,12293,NPM1,M1M2,crop_raw/9312ffc1a9ea620aef85cb6f0712c7ce7dde562b3ef32d0bb7935a77895b75bb_raw.ome.tif,crop_seg/0f8e60dc2887990af3f333198ea3241ab410a31f0da64be4330a3aebc11f8812_segmentation.ome.tif,0.108333,3500001991,127839
989944,16599,NPM1,M4M5,crop_raw/057af4e6f0916653f1a227f199c1b44945ca20c42b5d36d678a13f3ff21c3320_raw.ome.tif,crop_seg/86f8f4d720016c01f3768c5fe49362d5d29899443585334a4d307fd6d4562f63_segmentation.ome.tif,0.108333,3500002032,130638
679361,12633,NPM1,M4M5,crop_raw/7b5593445611fe4aad34a670a209ba59b34a20c6dd65c25f299c92e6a331c7d7_raw.ome.tif,crop_seg/d06e0c798c1dc967ca4c8104ab8631a7d4e4467ee67090f0d1c35f879e427d12_segmentation.ome.tif,0.108333,3500002002,128514
957005,15466,NPM1,M1M2,crop_raw/325099ccd38d215d031ee75117ea8a972257aad835b25e529e211b8bf104a637_raw.ome.tif,crop_seg/1cafefbbd2247e4c8d08e96c5854bc64ad73bbcf4dbbcf3c500605decd9673f1_segmentation.ome.tif,0.108333,3500002032,130635
988418,12512,NPM1,M1M2,crop_raw/c784471c8d46b97301e50fabb0d53228b11328ea9d5d9c36191b2ba1dd0dbddf_raw.ome.tif,crop_seg/e8857657b2ebde59f43ba96c97b4dab597a679f9d480509612f7f1e791204aee_segmentation.ome.tif,0.108333,3500002003,128416
979172,23726,NPM1,M3,crop_raw/bbcee63123b1014a62b0fe399144d1c3c9900879ddd242f66acc0643bbee5caf_raw.ome.tif,crop_seg/9c1495d15da432054cb196ed091778ed5afae6575fe3f4ebd413080f2ee0f9fd_segmentation.ome.tif,0.108333,3500002000,127267
720147,13086,NPM1,M3,crop_raw/dfdf0eabd81f49779ab6e6c3850cd86a57906e7fd6be0f3b657124548405d9cd_raw.ome.tif,crop_seg/e83ffcb72c7c37786be6788b4061bf4c6871d4706488c9946c940c9c5b2f2e92_segmentation.ome.tif,0.108333,3500002026,131199
643362,12216,NPM1,M1M2,crop_raw/848ad02cfe489027b8a8a70cd2cd3d5c11e4ffccc325d8c00e6a6d1becd55cac_raw.ome.tif,crop_seg/5144c523a1ddb1633558130abbca8ce6b77aa281b45fda1c189415e1aa8f242c_segmentation.ome.tif,0.108333,3500001988,127650
688534,12733,NPM1,M1M2,crop_raw/14090c3ef858dc1f956f1aa82a97282a93ecc8a1ceda65e10ab89ce81d9790ee_raw.ome.tif,crop_seg/ceabdd90a468ca3a0bc0e21e61b3649b9dddf6dd370c765b3878004f2a499f22_segmentation.ome.tif,0.108333,3500002010,129675
668244,12527,NPM1,M4M5,crop_raw/9b6d4f6b44c2b87a0daecf7c85cb8c38b2847cd9680d642cdb0efb819df8edec_raw.ome.tif,crop_seg/6ccb6c251ebdbe08697392614c3741dc6837cefbe0b2993fa9eb5c1dbc403c7b_segmentation.ome.tif,0.108333,3500002003,128415
644714,12245,NPM1,M1M2,crop_raw/4806d4340abec6adbb1915c3deb8ca239b22f8cd2319c1f7b84a5b4451c096a4_raw.ome.tif,crop_seg/1c409ea9ae0d5d618b7d2a1edff49ed1d3376386c00ab93b1e64f9ac803c030d_segmentation.ome.tif,0.108333,3500001988,127647
685368,12687,NPM1,M4M5,crop_raw/071c0fbd0c055fb969848b8bd5cee7a9731c3968eb5ba316326a42e1d363b215_raw.ome.tif,crop_seg/268bc8828f8f41b9163b61925ee6861762a275e9c3ba2cf78dede8a23c75d912_segmentation.ome.tif,0.108333,3500002009,129771
646052,12296,NPM1,M4M5,crop_raw/bcd60d00ca7127825d36251094fb9dd27e2b16e39494970154dec2fb06da8f6c_raw.ome.tif,crop_seg/79ebe96eedabdd429e4cf57529071bec99fc240aef99eb5866c8273383087633_segmentation.ome.tif,0.108333,3500001991,127852
988762,12546,NPM1,M1M2,crop_raw/30ba49c0cef44627a4d341f919d310730c63f4890a3d6c4c5464f8f6b30a88fa_raw.ome.tif,crop_seg/00a19b813c70343bb09a41873b88786d129485d5fa11df8f69c74a8e073f9fab_segmentation.ome.tif,0.108333,3500002003,128416
699332,12841,NPM1,M4M5,crop_raw/852515d7f34f544b2093d60ae834070cf6d8c4d56190db5eb1f3247405e3bec2_raw.ome.tif,crop_seg/e7e18887b0317048cedd3bc32f8a6e40a116a30726638e2d6a8e1fdd2ce1f3d0_segmentation.ome.tif,0.108333,3500002012,129487
648836,12333,NPM1,M4M5,crop_raw/5038130e5882d23b06687893d03b64f508216dfa52ed408f0ed974e8fffe9fef_raw.ome.tif,crop_seg/8120d0f3ca5df03305678477a63176cc37e9d0f5866cd8bc7ba52a005a24389d_segmentation.ome.tif,0.108333,3500001989,127171
732278,13212,NPM1,M4M5,crop_raw/2e95e34bffcc75e5050d646c1e8ba9a774c236e2bab4f165f60ac757e7deaf34_raw.ome.tif,crop_seg/98c598baed2b2d2cb851a754e14d0a32d82459bd540bd0f164c1d2e475fe2f52_segmentation.ome.tif,0.108333,3500002027,131107
672807,12574,NPM1,M1M2,crop_raw/63818151f72bf21eb92be40f529c8ca93a5887989a7f91777ecba0b8a17e3b33_raw.ome.tif,crop_seg/d6abc33952e3aed33779e1e063c08f65e8b1c5d875d1b079d96ce8ab807d0bd4_segmentation.ome.tif,0.108333,3500002004,128621
646492,12309,NPM1,M4M5,crop_raw/e3f2829b50c441e4e688d5ca1b8641f480caa8faa0cc14e335fe8bfb24b68a9c_raw.ome.tif,crop_seg/3cb8709892bb8991056e840dc63040ddeeaafbed63e73106b8cff93680219204_segmentation.ome.tif,0.108333,3500001991,127854
644476,12239,NPM1,M1M2,crop_raw/475df5c3b6e8c7286832476163c14f6e182dfa6d5625a8cb7985f7b377f2425d_raw.ome.tif,crop_seg/42ffb8db05cafe0a740abcb16c1e4225f24739b3f523e63692a462150af5c899_segmentation.ome.tif,0.108333,3500001988,127651
702512,12876,NPM1,M4M5,crop_raw/3a7ee17734f52b1113870fa91e2de1425e62d363592de9f8500a514c4a01afb1_raw.ome.tif,crop_seg/ca84168db05ae41a0681c104fbf680fc6bec0605e231ee4b0fc1540bca361e0e_segmentation.ome.tif,0.108333,3500002012,129473
979255,23728,NPM1,M3,crop_raw/acfd31be678c7b2308cc144b72664c82607c8a31d73ce1589bc5178f5fbe49e6_raw.ome.tif,crop_seg/b726f9c9d07cc9c207cbbb36eaf4e07a1195f185529687cc3e670405eeb87d6b_segmentation.ome.tif,0.108333,3500002000,127275
976699,17166,NPM1,M1M2,crop_raw/0823857fc7fd9ad28d4f07b91ec7d31c417e54a2cd920616b1ef50d13146033b_raw.ome.tif,crop_seg/f834eb1f14457046b13d0c99172d0faa36cbef75f5b279db02624d6f236f3a78_segmentation.ome.tif,0.108333,3500002032,130635
645865,12289,NPM1,M1M2,crop_raw/88f5d406e545c960e268d3494834a68f3415ca58da8baaf532dc94485dcce805_raw.ome.tif,crop_seg/da059c7e1d17767274346011ac096d4a961adf3ad1eded394b0e7cbec2a2da79_segmentation.ome.tif,0.108333,3500001991,127842
697179,12820,NPM1,M1M2,crop_raw/2a5ddf61d4d9619d059e9319149e345dda8f3c033401ac3c2f418535354cd12b_raw.ome.tif,crop_seg/f265873bc8671dfc670c75be23c0617e43717a387c5a315f19b4ca25300405fa_segmentation.ome.tif,0.108333,3500002011,129583
650339,12347,NPM1,M4M5,crop_raw/99c89193ed2addbef8943916228ab62196882b09de983bdad914b21aee4c9da8_raw.ome.tif,crop_seg/c0f1cc0ffc86b0d728e88c427ced37d1aa8aef13d6d8facb12b4c82e6d7002f9_segmentation.ome.tif,0.108333,3500001989,127179
688421,12732,NPM1,M4M5,crop_raw/c4a92e4beef07048757d0a3d04bfe9b8b99eec192062730ff189e2c583111a41_raw.ome.tif,crop_seg/0585af98fdae0ce0c00c188441de71518f4ab2118a95bb3e35ee249dfca5c40c_segmentation.ome.tif,0.108333,3500002010,129663
662600,12470,NPM1,M1M2,crop_raw/2fb8e3e1d91973578258c4b9b7d36a78139441bad130b151689df70a72c5903d_raw.ome.tif,crop_seg/23387f7e8835f149d9586129a67f8093470e7d80f0e160cf9a1bfdf82cc9ea0e_segmentation.ome.tif,0.108333,3500001993,127936
726295,13148,NPM1,M1M2,crop_raw/7ab472278f28fc1b47305add57cc98d9fd03f6d53e930c636cd3f38258327ebd_raw.ome.tif,crop_seg/c4cbc82da6213e04b2bd211b12e6e9e64b0a8e1242be0f78bd4b5cc7fbade081_segmentation.ome.tif,0.108333,3500002021,130349
669319,12539,NPM1,M4M5,crop_raw/fbab4c139f425cac3bbd7625772f710488cccb569f9090941f9a22d46a0127f9_raw.ome.tif,crop_seg/5b2a40b2935b40ed0c63a14e6704e670b92fc0eb92f56e75a248b6a562b66174_segmentation.ome.tif,0.108333,3500002003,128429
675379,12597,NPM1,M4M5,crop_raw/7b76de594be3d49035d98dbfd28db5beea6602680258efcc02e3c7850337cf88_raw.ome.tif,crop_seg/5790264973292ba9866a766400dc3177333e6c229d860f2585b2a7f0dc9b2fcf_segmentation.ome.tif,0.108333,3500002005,128704
978173,20624,NPM1,M4M5,crop_raw/a41f67727b77bbf708dc492414693b6c134fcac5501650bedcce2c4acb12267f_raw.ome.tif,crop_seg/7b827a1772503c8418835acdd4f84f56b42f376d5d69251ac8193047173de9a0_segmentation.ome.tif,0.108333,3500001994,128334
704302,12909,NPM1,M4M5,crop_raw/82efa4225b6ae26fd285635d1101d5337c569eb79ae4f9c65bc9ef92bfeb37f7_raw.ome.tif,crop_seg/608ace32bc624b06860570148646419201a457d106d9901ca633f698bcef1b00_segmentation.ome.tif,0.108333,3500002017,129869
678022,12620,NPM1,M4M5,crop_raw/a293ca5636bc0d815b6b1de3c1a4c7a3bb8b27d26e064c8ce20fefbbca61f11f_raw.ome.tif,crop_seg/6e442a04d6e6312e48c70fdd9b9d99401955168be0de3799f428202b9daf320b_segmentation.ome.tif,0.108333,3500002005,128704
978931,23719,NPM1,M1M2,crop_raw/fac6ca1bc78dab20e7026cad1ac98590145e4d83e12b4b337f13003d8070e26f_raw.ome.tif,crop_seg/9d17216e364262cc120409407ef5236089dd9acf7b369255e6644fadc42beda7_segmentation.ome.tif,0.108333,3500002000,127276
729494,13180,NPM1,M4M5,crop_raw/e86a68180585614965097301f86a830fc4a4af4512849aa09f463da161de18cb_raw.ome.tif,crop_seg/c6dc16fa84febd38bbac0ed2387dce445a9bfcb01935b134ff2634e87d706152_segmentation.ome.tif,0.108333,3500002027,131105
676449,12607,NPM1,M4M5,crop_raw/355a2a543d5beb5e2a2e02ee8962e61616cdbb496145cf0e10e6872ac0dd48b0_raw.ome.tif,crop_seg/f0cbda247ef75164ddbcee54c17682c4b30e6179b96d29312ead63800e65f260_segmentation.ome.tif,0.108333,3500002005,128715
664469,12488,NPM1,M4M5,crop_raw/64745f57b3584624b9e417fd472ee4a3cba1db2d0bbf68b9ef0083b5354a0a25_raw.ome.tif,crop_seg/30e75d963a01131557d9d02a1d9a53f453be36b3c32198a4564254bbf962ad98_segmentation.ome.tif,0.108333,3500001993,127937
674467,12589,NPM1,M4M5,crop_raw/0049b90103c9cf31efe2ccb54e6a0ba37359e84233ae02c28239a9b8f8123d3d_raw.ome.tif,crop_seg/d6730e6e16fcd7163e3a85b121fe7bd601a7ec67f4c20921eff60e3169a5d490_segmentation.ome.tif,0.108333,3500002005,128715
645403,12275,NPM1,M4M5,crop_raw/a842ad7ced499cd5b2be4b984948bf35253f2860cbf8ed41241f52f0036d2c80_raw.ome.tif,crop_seg/af293d80f27918d51920d4547d215cd92f9090b2253e67a4457e6ba82998515e_segmentation.ome.tif,0.108333,3500001991,127840
670284,12550,NPM1,M4M5,crop_raw/d6bb8ab2ebcd35f6ed27fdef2ef9dcdedec7c67312a655084d1ff8400d2c6b24_raw.ome.tif,crop_seg/16273752734fed4b3f292c0038b7ec03abb0c01f8c144a6b7481b61fa2ac7123_segmentation.ome.tif,0.108333,3500002003,128415
648600,12331,NPM1,M4M5,crop_raw/9b88ca39e24a1604c640c46ddd4d92e9cc9cebfa06b586b1d556d0838815a5e7_raw.ome.tif,crop_seg/967bb1056f9fc86241c7095015df3fbac97c9c4f331255d8f2b7c93b86d4cc43_segmentation.ome.tif,0.108333,3500001989,127179
645473,12277,NPM1,M4M5,crop_raw/d0bcbfbadfcdf03cb31e81da3d9930bf58d552f40f45df57c9b8948e220bb814_raw.ome.tif,crop_seg/49a5053f5f886a4bac0a8bd59402ba118964c580e139069a35aa932825053d6d_segmentation.ome.tif,0.108333,3500001991,127851
650742,12351,NPM1,M4M5,crop_raw/b7e2b7be574301cda4877b1cf91aac48becd3418334da2d37d2305abac2472da_raw.ome.tif,crop_seg/9faba51f9666cfa21c162427777666fb724b1ad9e8ee8c8b6c2c72b04e9d385d_segmentation.ome.tif,0.108333,3500001989,127168
651941,12363,NPM1,M4M5,crop_raw/a8adde1d1d0153860b43e8bc9f42d2938b49ede59bf2a2c3596293b1a5fd581a_raw.ome.tif,crop_seg/45db96b108f637f78f25daec621ec5842f7bdb16428689bc40f904ce075cb444_segmentation.ome.tif,0.108333,3500001994,128322
715832,13040,NPM1,M3,crop_raw/64e9deaf6e7c822c6e3f8f024c024ec6c72a356756a5e8b918f1b812407eb267_raw.ome.tif,crop_seg/13f185426d057e0d9ff718b8f76e242144e39f75a78c49404899e65b4abf7f2c_segmentation.ome.tif,0.108333,3500002024,130143
693082,12778,NPM1,M1M2,crop_raw/9f2d8f3a7ea082e6dea884ba2fd69ecaceeb27bd7b0730f818bf9463a20c3941_raw.ome.tif,crop_seg/f89c59bcfc0f2e78346868b4d142262476a11d27351642179eb2139cc87a93b6_segmentation.ome.tif,0.108333,3500002010,129667
673145,12577,NPM1,M1M2,crop_raw/2a023471444e4dbb72aa4f5c90efbda6ba235b9e6f4e7dacbbbb76e6906d063a_raw.ome.tif,crop_seg/45bb13db136001412ded96e213395da9b16606b7716082c4557c4acf8cbeee68_segmentation.ome.tif,0.108333,3500002004,128619
979426,23733,NPM1,M4M5,crop_raw/8637255ae8c18d7f6998ff13175f1ab927badfdf63c940c4829e09235a67874b_raw.ome.tif,crop_seg/304747442e3374ab0091640d4a173b538a52b61d9945275dc81d1ba4a9f4edc8_segmentation.ome.tif,0.108333,3500002000,127275
671553,12562,NPM1,M4M5,crop_raw/7c069f7e06438cf5c27761b12e81d1c4a2e995549cc0b7f6e9ffe1a17c65f137_raw.ome.tif,crop_seg/4c3918051ad6cb21e2b2d9e4c937ff8fab53e42fbe08578696157c0c7b167341_segmentation.ome.tif,0.108333,3500002004,128622
667465,12519,NPM1,M1M2,crop_raw/1aca9664bf1b501f98d875ca97c925d5b052fcb687b2ee11eb6887cb5488b74f_raw.ome.tif,crop_seg/82444427489722567c8c2a9e693170f92f5e1cad0a7dac94cb39ae4d3f43b2e6_segmentation.ome.tif,0.108333,3500002003,128415
656451,12406,NPM1,M4M5,crop_raw/2f0c0b24768692495ac48f66435ce48f781358f7bf8e111e8e77ea4e09f57158_raw.ome.tif,crop_seg/e71ef50d8325f635633c5f1f24679d5d34e37b6b91a58bf6f6015ad9c244f85f_segmentation.ome.tif,0.108333,3500001994,128332
697738,12825,NPM1,M4M5,crop_raw/345e9ca4974abb6f16d0a217d48afed8acc0ca8b1c684ed57d0d8a8bb85367dd_raw.ome.tif,crop_seg/8b92a1a63d5140ba78fb05d17a2a5c2023ca7fd7229e86b1076c34f649970b9c_segmentation.ome.tif,0.108333,3500002011,129583
978279,20627,NPM1,M4M5,crop_raw/660d655667e08653d85f91d24ba4b655c24689d9a440fca311eef02a328f67c8_raw.ome.tif,crop_seg/2b89a2e8fc33011304b11ddbbc9b7456f093ece515fc3e87b28a07dd605377ca_segmentation.ome.tif,0.108333,3500001994,128335
661975,12464,NPM1,M1M2,crop_raw/4e88540fe76aadf8af4068a18e9c89e5120cb9b06a9c26720c395ccba0096acf_raw.ome.tif,crop_seg/e886009dc4cb5c744b5bbc7a83b59c5cf48c5804b50184f6b4775ee24e14b078_segmentation.ome.tif,0.108333,3500001993,127936
965529,16153,NPM1,M1M2,crop_raw/c673e7ae2b2410a45f85fe4f3213eeff3d53cb9f68ed65f65cf7b5c55be45f8a_raw.ome.tif,crop_seg/9932bad674185dbcc172e126f518f86456485a2baee4fd298f38fc6d61852337_segmentation.ome.tif,0.108333,3500002032,130636
682793,12663,NPM1,M3,crop_raw/a484e56aa77806f3e1ebbe1a7c160daf642275223a8edacf674dbbf5be1f4e65_raw.ome.tif,crop_seg/624de601a401dea2bfa849a23f5205c056943c722d7ec8ee10b81ce7f3590d63_segmentation.ome.tif,0.108333,3500002002,128523
717556,13058,NPM1,M1M2,crop_raw/920eeffb46f50ee6b91f7a72caff55ad89e7e5e858a30d43171e2a216ee08689_raw.ome.tif,crop_seg/025621455f92f0462d052c2ea663a8f414e1d2d53514cd2fa6c527ca519731d6_segmentation.ome.tif,0.108333,3500002024,130143
689453,12743,NPM1,M4M5,crop_raw/67221b9d09d592a926c00b6a659058e92dcd1af3490307f238e8d40d3543f8c0_raw.ome.tif,crop_seg/f38674865b2befd4dbee6c2d8a3f88375118a657e792b16fac7aa24cc78498f1_segmentation.ome.tif,0.108333,3500002010,129667
678769,12628,NPM1,M1M2,crop_raw/e9d42b3be6a7e79b105fc6f9ff840be77a9984b93d66646a77828e2ca807a697_raw.ome.tif,crop_seg/865cfe2e9d8ccdf7fed4b0a180d8b58760743880a4ee1867bba283f200b60d31_segmentation.ome.tif,0.108333,3500002002,128514
683978,12674,NPM1,M4M5,crop_raw/e58fd9c79e784a238d98de026759d78add4c9c526accdf3a3971d8ebbcec3693_raw.ome.tif,crop_seg/74d68b78bc63edd2421cf422f1a170bd8d47ba33bd916da631bbd6fffdd64be5_segmentation.ome.tif,0.108333,3500002009,129774
681205,12650,NPM1,M4M5,crop_raw/5fe1a3bb1143544499a3fca9c6fc9a70459b9b441829b58d245d3c9a0cea22a8_raw.ome.tif,crop_seg/0a219d491538df2ac9cfcce5dd6e74c236be28575690e8a8998769aef02cbccb_segmentation.ome.tif,0.108333,3500002002,128523
731327,13200,NPM1,M1M2,crop_raw/1a8da9b75cee9b2ba4b184f6cf3473f219ddbc992982854d87c1e239fbc5359b_raw.ome.tif,crop_seg/4e00cf69602f5a8fb0a8a64d36820d47f39bbf218911497bdded73e68d8f25e1_segmentation.ome.tif,0.108333,3500002027,131091
725835,13143,NPM1,M1M2,crop_raw/b666b2a2626cbb25c6f9391dbd4112fba5efadff1c1138496fe1ddefd6756b58_raw.ome.tif,crop_seg/91fa8821899ed16cf4286bc90814f9eeeebfb7c4062c8a17933d31e1be0ca146_segmentation.ome.tif,0.108333,3500002021,130335
680431,12643,NPM1,M1M2,crop_raw/e6478e50cec91603220ebca5eaffa5919ed594ce26b35d55b082f613c10d1deb_raw.ome.tif,crop_seg/7bba7665a6bdbb62de3411bb36e7ad06ef9b2c9edc353d5911cc524d24a572a3_segmentation.ome.tif,0.108333,3500002002,128525
728576,13170,NPM1,M1M2,crop_raw/fdd9b89d6c8adfff991770f83b386c7dbd39824dfeba5ea18d763c588912e35a_raw.ome.tif,crop_seg/d2b56ddf797358095e1b35ad642b1c57edd7d88895a4590307dfebfb8da8a3da_segmentation.ome.tif,0.108333,3500002027,131094
654717,12389,NPM1,M1M2,crop_raw/0946c29a6f09fc81b72f706294742275056a676a49f00bdb681f10dd1cb97904_raw.ome.tif,crop_seg/387b7f98bcec7709ed4dfd5f5204dde623d9ee399d327540c65f11f14e09340b_segmentation.ome.tif,0.108333,3500001994,128334
979735,23741,NPM1,M4M5,crop_raw/c2082085ae700b251e7efead2b52eb0045460993498845d891ecb6ad756ab9d3_raw.ome.tif,crop_seg/78e198351ee9679664cec3e5ee77a8ad70c1c1b225302b41d5703614c973b3be_segmentation.ome.tif,0.108333,3500002000,127279
665360,12496,NPM1,M3,crop_raw/3c6511483999837f66f467ae03cebda2baed5d3aaf8d2581dfdf2556b5e8fab6_raw.ome.tif,crop_seg/59853f166026916a8ee36414f19508cedbff6321a33d00bc41bdb4e7125836a5_segmentation.ome.tif,0.108333,3500001993,127936
734141,13228,NPM1,M3,crop_raw/30db6a0e15ee7c2890019ad8c0a21ee568cf0dd77bc98ecf3b6c097868af4091_raw.ome.tif,crop_seg/b60f612e6205d647a4b8d699666664ac2bd301af8837d6497551b7010af44714_segmentation.ome.tif,0.108333,3500002031,130707
643462,12217,NPM1,M4M5,crop_raw/82d22185a1edf4a4cc9a700d765a5368762d599db1c0d46c3254781df14eb462_raw.ome.tif,crop_seg/bf1d80d654a81886213b8a28ad550886da716e1f0b9950286e1ea5814b53654c_segmentation.ome.tif,0.108333,3500001988,127651
655147,12394,NPM1,M4M5,crop_raw/092baf9fdcf64f8a8e248120bd0dd46fc230d3142f711461f9b7e67b69f15c6a_raw.ome.tif,crop_seg/bde2043a21e98653f3843471f9b5f2c198c061c3602aae1aa2754d39851ad104_segmentation.ome.tif,0.108333,3500001994,128332
654965,12392,NPM1,M3,crop_raw/8496e151014c6be443cb3d57ba62cc1d3fc732372213a5e5d9ded22e185303fb_raw.ome.tif,crop_seg/34890e0c54ab95f4e6f40af05a61618acd10ef0df77eaa1e739c61de8f5348aa_segmentation.ome.tif,0.108333,3500001994,128333
644175,12229,NPM1,M1M2,crop_raw/de1accf902d1687f66f4715f53f10aeaba5e7a0971913b49eebfe9a782086c55_raw.ome.tif,crop_seg/21d8e1271bc3f4e1841036087af58b07cd0bceb03653a628bb5c28adfdfc08ef_segmentation.ome.tif,0.108333,3500001988,127649
641610,12201,NPM1,M1M2,crop_raw/3cf8197203e608af141a90fbd555414ce4d721d6bc3b7af5c96e1cb9f836a362_raw.ome.tif,crop_seg/c3069c11003686e64a4f7fd2d686346e3851199059e5c64be0f1a2f2f7c9c601_segmentation.ome.tif,0.108333,3500001988,127659
721190,13096,NPM1,M3,crop_raw/f4835c2785690e94e6d0cb5f7dac996c76554c680994de0e749a116331a5b042_raw.ome.tif,crop_seg/383329481da4e61949f7b040e07129e31030af547f746268f363901ce8cbcee5_segmentation.ome.tif,0.108333,3500002026,131201
644257,12231,NPM1,M1M2,crop_raw/1159f1932b55bd9cb6cb98071195ec63c878983e1bb06082d9bd70a9536bded6_raw.ome.tif,crop_seg/e9898e2cdaba52a9f7938b4af0f890f35a51946ddca678e83c279f706755737a_segmentation.ome.tif,0.108333,3500001988,127649
695137,12797,NPM1,M1M2,crop_raw/05d52e7d1c601a0cfa2ddba4a0ff6981c514f0476c6aea68c66c6b076d889067_raw.ome.tif,crop_seg/6964304135c2ea457f68a5ebda9ef045434014dc454c8b827c6a646128e1cd4c_segmentation.ome.tif,0.108333,3500002011,129581
645603,12281,NPM1,M3,crop_raw/85d1bf7afe73c1c7f5d3089d2e12a9e30576ee6fff523c14cdab66df264c3515_raw.ome.tif,crop_seg/1f85cf4e889eedce72e419b5e2eeac551e1fa9bc56972d7b9797700c0bba9d59_segmentation.ome.tif,0.108333,3500001991,127840
714882,13030,NPM1,M1M2,crop_raw/c1838ea53c50895f6f7d0ff33405df0ae0496b1f09e1bc4f495753b6bb1f52ab_raw.ome.tif,crop_seg/1d1140ca78575e2005eec8124d866fdf17ba03c35486aa66e3a74a17a78c6b08_segmentation.ome.tif,0.108333,3500002024,130145
695943,12809,NPM1,M1M2,crop_raw/b19a6d7721bf6b3fcb724a3d4e97f2d02ad2d1cdc7c4f23996997db7c6f7adcd_raw.ome.tif,crop_seg/9d9fb9a8ee812683958686595bb6b7c7e1ef17e116996fd76fd00878a8bd0381_segmentation.ome.tif,0.108333,3500002011,129581
729854,13184,NPM1,M1M2,crop_raw/4ebcffed6d6b8835491a9a1731479b55d60bb3c5af3fc739cb0da23f91fc69e8_raw.ome.tif,crop_seg/32cf3322df5f4efd74d7753fcc5140d66a8d310cf1a5251049c5c13d98b87ccd_segmentation.ome.tif,0.108333,3500002027,131091
679371,12633,NPM1,M4M5,crop_raw/d13cc089809dca323c5368159aa03471a51aa2fe0e16ae90363dd5471540f55f_raw.ome.tif,crop_seg/b23b449c9523f66809dddbc317153e78e1b4133c35b6983f2975249078e7c20e_segmentation.ome.tif,0.108333,3500002002,128514
979188,23726,NPM1,M4M5,crop_raw/82818f04eec445775d4313a29f7f850639e041517a6955472848d607056fafa4_raw.ome.tif,crop_seg/3d688d9007021148a3887f080fe48d0ff3cbaccc28751543aebc0005ece6b4d8_segmentation.ome.tif,0.108333,3500002000,127267
720161,13086,NPM1,M4M5,crop_raw/2105ff215d4a60d78584b58f4f16bd1dc336520006dd94e497c365bf68b4b9b4_raw.ome.tif,crop_seg/6cd14ef57c68dc1a20e1706aa32c667bf83c33c899567b0a7345bdd2d8963575_segmentation.ome.tif,0.108333,3500002026,131199
988738,12546,NPM1,M1M2,crop_raw/823dec57f3ed96ad716532d300e61ddebc7c1d5241a0c2ebe942c2b867ac9070_raw.ome.tif,crop_seg/f2231d224038f7037fd730c023beae108f7b60d15f22bf092ceaedbcc50629c5_segmentation.ome.tif,0.108333,3500002003,128416
675365,12597,NPM1,M1M2,crop_raw/1ae233c518ed920f7d8196eff6fa24ff81f0fef48b7d8605bb4f342542324eea_raw.ome.tif,crop_seg/0c286381352820a8d8daab4e9a2731b41a96f7dfdd268120594f9705447e444e_segmentation.ome.tif,0.108333,3500002005,128704
978176,20624,NPM1,M1M2,crop_raw/a8f038946372c0f0abf78b35b9de6df955d346716ea7e05ed2465f7ddf0592ff_raw.ome.tif,crop_seg/b60c22f76080befab3543bce8bcd071761fa30954cd8c15eee971172c134f09d_segmentation.ome.tif,0.108333,3500001994,128334
661974,12464,NPM1,M3,crop_raw/ab7e316c963c27e81784b4804a5a5261c188df52f033993e65d915bcc7ccebff_raw.ome.tif,crop_seg/ca4d173ac75fddaec44f64d5ef8c9500fcc47990d7b4544741333a81de1c912f_segmentation.ome.tif,0.108333,3500001993,127936
655013,12392,NPM1,M4M5,crop_raw/f47a95b19786c327fee0f347f514fbae050c4095694cc49433ef49c027c727ab_raw.ome.tif,crop_seg/73d7fdc5fd83cd8efdc30bdc51f85907951df77918032f6860510f5f33a6d966_segmentation.ome.tif,0.108333,3500001994,128333
729853,13184,NPM1,M1M2,crop_raw/fbed2bef16763fd3c9f38dd308e4e7ca64c850455ca71ec30c4e1db9a1344c3a_raw.ome.tif,crop_seg/e770603659315d5a025193cd65ea30f6ab3e6fb4cc1eb186f6dda30b34e0d2bf_segmentation.ome.tif,0.108333,3500002027,131091
978178,20624,NPM1,M3,crop_raw/733c836ec3183bc6519ea216a14b844bc413bfb856992c447b7c112dc5c041e4_raw.ome.tif,crop_seg/9e1b258d55d8e4a60506e794acfb24fa4b8b4001cc08dc227af177312c756084_segmentation.ome.tif,0.108333,3500001994,128334
303462,2414,LMNB1,M4M5,crop_raw/f6d48dd685438ac11dd29d024bbf66917aeabf3f86c1a77a2354218e29a60f31_raw.ome.tif,crop_seg/67e3dbf78247d3c43baf723bef0b68218233225370b8183ed67b4298353e7793_segmentation.ome.tif,0.108333,3500000938,16387
300954,2339,LMNB1,M4M5,crop_raw/1cdcdbf516eebf802d91a0b19f3d37041bf09f85a01fca72753d0a49dd33da17_raw.ome.tif,crop_seg/4a91f3f3e776d8eb0cd95ae7fbfbaf4e69d79374a17949079f82de9ddfd8fb85_segmentation.ome.tif,0.108333,3500000939,16469
285823,1816,LMNB1,M4M5,crop_raw/7f9215f93677640ccd1602c28f82670472c154f6d322d4f610f09f8398ce1e8e_raw.ome.tif,crop_seg/0fc7a7f64c3d4a49c008d9fc8af3f3f3d5d06bdc3d0f03dbed579c00afe4a926_segmentation.ome.tif,0.108333,3500000896,18488
306552,2519,LMNB1,M1M2,crop_raw/7625ef383014e25917d0a66e0c63d5c878bc2c1ac27ac70ca9b0ebb3385ed681_raw.ome.tif,crop_seg/3a521c61ad4768b0d8227412d51ef39ff4795e68120adb3e79cedd3e7a04234f_segmentation.ome.tif,0.108333,3500000949,21557
292692,2046,LMNB1,M1M2,crop_raw/35eaad0c914474a7dd767da6712627061b40f2b64c79629c673a5f9cd146f5af_raw.ome.tif,crop_seg/6c670959ace21c65b076e20d9516febd777127ce984c3d7b3bd267d8ab210c46_segmentation.ome.tif,0.108333,3500000915,19544
307435,2562,LMNB1,M1M2,crop_raw/4545300a336a3f78806ad605cea93ec34b22d8a61b756e73f41ae4304399d474_raw.ome.tif,crop_seg/5e03834c3a613e805dfdfef2cb057b1ac1b86fb05478b7c8f3639fd6cdc124f7_segmentation.ome.tif,0.108333,3500000950,21654
313164,2753,LMNB1,M1M2,crop_raw/5b0d8536b1e47e034a7d5903ffb58aee495901f2afc44d034e62d4bd61c18e7b_raw.ome.tif,crop_seg/8fef9e106d6708b88d1de0ce174978e5b0e810712c2e6d9c906ff340e77f6d10_segmentation.ome.tif,0.108333,3500000958,17526
282612,1683,LMNB1,M1M2,crop_raw/614a1286420f32a867c4330cefa71657ccdd6307490f34b6a4cb8d7da65752e2_raw.ome.tif,crop_seg/6448e130a16bb16f953189a37b7ace25453c29d9aa2474f1bd23f54d5ff55086_segmentation.ome.tif,0.108333,3500000884,18102
285685,1810,LMNB1,M4M5,crop_raw/d0372c7735c058a84bdc49bed3cbe054203fb01044bd4748be0b00d07708ac7d_raw.ome.tif,crop_seg/357494773df853b2c9830e50e528dee6665c70a73bbed8a9b4bc7b17b6d7a598_segmentation.ome.tif,0.108333,3500000896,18486
312600,2735,LMNB1,M3,crop_raw/3b10c5075a8b66a59eff6fd86dfb0b1a7d5e4296997ec3542f815c3f760e998e_raw.ome.tif,crop_seg/de6a6d063e8c636432decd10d3a455f651c63bcf4dbc8f3a03fe8c9b3f33241c_segmentation.ome.tif,0.108333,3500000956,17344
304337,2444,LMNB1,M3,crop_raw/6d1445b0d861961586be8edaa63a65b19663ced68c0c38bd4b31d4d842ab7d37_raw.ome.tif,crop_seg/a87b73fb796027b832d6b96eda5b1649369ff7623cb6070e4995ae496c28c740_segmentation.ome.tif,0.108333,3500000938,16387
301498,2355,LMNB1,M4M5,crop_raw/fd90cc83e7e9ce7f7c037f7ff0860fe9c750d69a5f535eec95fc7f400d941a49_raw.ome.tif,crop_seg/c6e84087cae3e924da600c20bbc8f5622f87148c2bc88e9bcaea64f795f9d8a6_segmentation.ome.tif,0.108333,3500000926,20597
309380,2626,LMNB1,M3,crop_raw/8bc60ecaf0273c2a3a37c46cd12f99dadde2d4fb97fc21efd9b0521fb57c8a16_raw.ome.tif,crop_seg/4b392020941ef15d3be2134a745e656d64290e502bb6b06a1dfa976dec8e44c6_segmentation.ome.tif,0.108333,3500000950,21655
302802,2395,LMNB1,M1M2,crop_raw/a89cebfb51b6b4043aafbeef501558e32470ec59033ccc2ce4c94b33e0752f41_raw.ome.tif,crop_seg/6d78942d3a822daa06d0f3efa91bff097d1ae5f5b359bc735e461f9953fc96dd_segmentation.ome.tif,0.108333,3500000926,20597
303432,2413,LMNB1,M1M2,crop_raw/2cb848543cdea4585a97e6342c716bf0862434acdc4b56537fee6c61268a6e0b_raw.ome.tif,crop_seg/15757fd47564b0adfbd88c64112fbb687d528623e7fce02ca5c98aebcc21198a_segmentation.ome.tif,0.108333,3500000938,16372
289988,1964,LMNB1,M3,crop_raw/6c5523281cc175c879e910be67973fe46e2ce4dc8b87941129ab7d48f7cceaa7_raw.ome.tif,crop_seg/49338ab80a82c35ece6a668d4e1c8cc4fad68980f20f777775a59acc51b8d938_segmentation.ome.tif,0.108333,3500000922,20213
309136,2619,LMNB1,M3,crop_raw/82ffe7d0cc83933646e65eb6223092f58a3a9adad0175048953a0dae7110dd08_raw.ome.tif,crop_seg/31162f87bfdc21ab1a7ebca6bfbb349c67dc506309d320bf9b38809ed07272fc_segmentation.ome.tif,0.108333,3500000950,21653
300237,2316,LMNB1,M4M5,crop_raw/7627a2bca8a2b6339fa1877b6b5c3df6933b9c0ce3ce323b50b4f53fa7c7b150_raw.ome.tif,crop_seg/89fb69c9b2479d3b2afa77516ed86d6e2db05b438ab46078af1a163964fdea5c_segmentation.ome.tif,0.108333,3500000939,16471
302844,2396,LMNB1,M4M5,crop_raw/360159695fb228651576c37d2f854383bb19bcc63b87633b8b5046a2c569d207_raw.ome.tif,crop_seg/e21ca23c033d3f2fb987b3d3dd9a1d2ed6d08da5d606801b3dcd2a11377302e5_segmentation.ome.tif,0.108333,3500000938,16375
279207,1572,LMNB1,M1M2,crop_raw/f918b88c33c50d4ca3c3202d03d316b76e5625c577f9a712155c6e37bff8cc88_raw.ome.tif,crop_seg/b2448aeee50cbef138142cb6a9a7d256c6c55b95a67f7197ef0118fd0f3a6956_segmentation.ome.tif,0.108333,3500000875,13984
310126,2650,LMNB1,M1M2,crop_raw/8d6ddbb6e1f31242396f589be23d1afdf4d3b81759bc3204140c6e4c0da4af25_raw.ome.tif,crop_seg/bee9861b6852e2217d7a2595f687fc6590c322bcfe613cbece572b3ad0663b0b_segmentation.ome.tif,0.108333,3500000943,16853
280258,1606,LMNB1,M3,crop_raw/47ef5da66e4f173c25b81ee3b4a19ebd9b82373584553c7300d8160d79cb90dc_raw.ome.tif,crop_seg/4f1d19d5615f2694f74339c7e496a8ad4c5ef3b5574914543f824b6bb06166c8_segmentation.ome.tif,0.108333,3500000883,18007
282834,1689,LMNB1,M4M5,crop_raw/519554497873b18b6ee4ba2939abbaeffc90b91632718459fe77a0b29c396094_raw.ome.tif,crop_seg/65e0a940ef0cbbbe4bcf3ca867867f2f2d92dc510c543f50499f9166df73e1cb_segmentation.ome.tif,0.108333,3500000884,18112
297470,2205,LMNB1,M4M5,crop_raw/735ea4113373c16ee131f3c5232c9d3eede20899f72c8f331b6cdbff04f6f37e_raw.ome.tif,crop_seg/6a87be8b298d3ec8adbb63b0cae5b49ca48725d5bd8f0b32aadb5de58c60419f_segmentation.ome.tif,0.108333,3500000924,20407
294472,2109,LMNB1,M3,crop_raw/3122b0f61dd454ed6b96fa83a12ed94a54e893b7978ef4fe2f1004d639844b79_raw.ome.tif,crop_seg/b1241924ff761ff5c74f187bbf2bb27b40a5b7878969e48e7e7863dc75b95beb_segmentation.ome.tif,0.108333,3500000899,18776
296313,2170,LMNB1,M4M5,crop_raw/9cb0f9ff395ef47dd5e7e05d694f0d5d1592cf2bf9add3964432dec6e8e8e989_raw.ome.tif,crop_seg/f98624d6717711523fac17104b7c1b354aad6572c28d85cbb3b73c1f65f4b7ae_segmentation.ome.tif,0.108333,3500000933,16277
394201,15043,LMNB1,M1M2,crop_raw/345dbeada1b75492dd0e8b5aad6e282fb3842962a1e806a57fad16865d528213_raw.ome.tif,crop_seg/36cb9b1cc703a77d4e0779e4fb2fda123b2726e54cc420893843729d1efc3283_segmentation.ome.tif,0.108333,3500000956,17348
289460,1946,LMNB1,M3,crop_raw/b87beb8e88246c603e8141b68e2e4e3cb886901ead21d3ea3dac16abd2a0f6a2_raw.ome.tif,crop_seg/a30f4ee36d146c852bc95103d21a336497c3939c36e687d9f24d95a946674b2e_segmentation.ome.tif,0.108333,3500000913,19362
291978,2023,LMNB1,M1M2,crop_raw/e1bf39743dea3d78342a1d111d6b95a00dcd8a8b14685c8f2e09e1c399cf0a9e_raw.ome.tif,crop_seg/14ef1d2f81e8aeffc5c03cc82580cf88302b78d809d6fb5f349fdf4f4a7b9c01_segmentation.ome.tif,0.108333,3500000915,19541
298742,2267,LMNB1,M4M5,crop_raw/a94594260cd2e9ac7adb7d8ba18a5cfd0d49d422a2d037b32b3b865cffa57406_raw.ome.tif,crop_seg/ef327c3a7a8ead07efc38a594f73505d200e0d341da6ed4ecbade1bb2a364559_segmentation.ome.tif,0.108333,3500000939,16472
312708,2739,LMNB1,M4M5,crop_raw/cc39596f257a002526abdcbf09b4d9dfb47aac4330f01510116e3a4d3aa8bcf9_raw.ome.tif,crop_seg/3e89ac0c666d147a1cacbf2c23d489caa4c3aa6bb7b4b37dfe4c2a3aed778e9f_segmentation.ome.tif,0.108333,3500000954,21953
282684,1685,LMNB1,M4M5,crop_raw/9e7f4958243c76f5c938ca93af4b74bc21fa6f738e24cc16194fc1fb438894d6_raw.ome.tif,crop_seg/39cd1deedc8bdd3604cd57808d0b68aaa9fff5b31324f4bd946679f0a57cfeca_segmentation.ome.tif,0.108333,3500000884,18101
298191,2227,LMNB1,M4M5,crop_raw/8a8e4d46be933ed753d7041bbfdcba9c736beecf56d9389469db046ab13d4a35_raw.ome.tif,crop_seg/6ea52cab83cc49bd139bf91447d81cd0092a9862b6a8a8ddeb2c3e03c04f71a8_segmentation.ome.tif,0.108333,3500000924,20416
301509,2356,LMNB1,M1M2,crop_raw/00211dc679174c896c97326e68a740558edf4717390e88f4687e9cca7a12df23_raw.ome.tif,crop_seg/21b909c17e6b2de13d022674b06d3318e574f871a3d9eb1728eaa37438be87d2_segmentation.ome.tif,0.108333,3500000939,16470
278533,1552,LMNB1,M1M2,crop_raw/eb6a754fb1beadf591a53b9d053deeb5399ee083ff3af18b045f40f49143e50a_raw.ome.tif,crop_seg/2dceb0cc29cbcb1fe595fc6aa4cab26e6a44ea4d889b32be40249ebd44c47b2b_segmentation.ome.tif,0.108333,3500000876,14069
305586,2491,LMNB1,M1M2,crop_raw/4d3753828f37232ede065b2e4f022255719e90a069d1b340b7368383b9b63d77_raw.ome.tif,crop_seg/ffecbcb3630c6ee577ae0abc5d0dd9c7225ae57f51b5d40e2ed86af0958bd741_segmentation.ome.tif,0.108333,3500000949,21556
310529,2663,LMNB1,M3,crop_raw/0d23b68b366d94d9f8f916dae849406d7b252ad1c9b5a1e2cf35d58d40160aab_raw.ome.tif,crop_seg/82ae43a229c4d8d0b3a2a8729835b360f9970691fb23ffa6e84bb98adc69107d_segmentation.ome.tif,0.108333,3500000943,16854
277422,1516,LMNB1,M4M5,crop_raw/d3660b36c0c01ccbd1a9178527f1e43ffe4ba7780520a224af9536d01adce2f4_raw.ome.tif,crop_seg/2353ebcc065eb601d5749de4a8331f9c46ea075e4ba0a0104d75e923d359d919_segmentation.ome.tif,0.108333,3500000876,14070
312625,2736,LMNB1,M4M5,crop_raw/62b2ca20cec9eacd74aaabb49435e37842f069a3f401f4c1a01b13a1fe60d184_raw.ome.tif,crop_seg/44f337cd1bf9dd364f7903fbb2d565df6ab451931769979359443051087f7fad_segmentation.ome.tif,0.108333,3500000954,21940
277532,1520,LMNB1,M4M5,crop_raw/709389452feabb6698d5d8fc893d39173bb2a71d0ea482594aaac13aeebed2d4_raw.ome.tif,crop_seg/e368cf907c741f92498d6873e65e5a3849c0174d4f052685746fc62dae9f670d_segmentation.ome.tif,0.108333,3500000876,14072
294405,2107,LMNB1,M4M5,crop_raw/b2e2f9126b693a65041b90ae30a162b8b7e29110649b512810154292e2be740a_raw.ome.tif,crop_seg/6c4f0bd6e6811c8bae1a15d51d242f3faef53e3d251ad9594724c55c56cd55b5_segmentation.ome.tif,0.108333,3500000899,18772
289877,1961,LMNB1,M3,crop_raw/a2eec2119e148606c9c3797efed84ced0a6f2cd1b8d9a1c102be63c399498eaa_raw.ome.tif,crop_seg/fcc6dc18c7a049d291e3c0121226113b189f446eba4dad82727dc1bb7ca1ce18_segmentation.ome.tif,0.108333,3500000922,20225
278925,1564,LMNB1,M1M2,crop_raw/cf6e4a6c9333c41284f3a8473c72343b20a0b04f0148111a53e6ca1b10b22fb7_raw.ome.tif,crop_seg/aa21e25141980427334cbac78ff7f98626c31653cf0ec7a0d5894339197249b2_segmentation.ome.tif,0.108333,3500000875,13984
281153,1637,LMNB1,M4M5,crop_raw/287f539572e22a1ea2710d13591a1e7d887c345d82f5d43972910bef73e9fccf_raw.ome.tif,crop_seg/530726709b6f38afe976b6d8fc6240824e6c391e907dd2ac81de6f817afb98e2_segmentation.ome.tif,0.108333,3500000883,18008
313349,2758,LMNB1,M1M2,crop_raw/2f9a7b795e92207598d828d9cd2148ed462508d606853be419d0917c32dd9d27_raw.ome.tif,crop_seg/2d3a695377b8c6a7eb6c36d74583ce84792e8de3883cf8ddd9145a42d6d47a73_segmentation.ome.tif,0.108333,3500000958,17527
313782,2772,LMNB1,M4M5,crop_raw/446de6d2156c411d74e8bf242ee971eaa910f50198789cc1c810de4c2cbf9060_raw.ome.tif,crop_seg/2139f26c0e4142d31299033c392429032743b69b15d57300148ff4e7d8eb4222_segmentation.ome.tif,0.108333,3500000958,17536
284762,1775,LMNB1,M4M5,crop_raw/61005f123744c45f83736703fe63e1b212ff9d154980fae8b0cb8d91ef700984_raw.ome.tif,crop_seg/10497814e6b823ab7ba13348e9b16ede631b74d32b944480eece0a44242319ad_segmentation.ome.tif,0.108333,3500000892,14742
285930,1820,LMNB1,M1M2,crop_raw/87c0991e8148b70105f60570c10f286bbd7021b834b21ee6a2378d14756b6ba9_raw.ome.tif,crop_seg/b4272759ba8a3595031a6cfc94f6127e751df7a5dd119827264ce6c5da5c0280_segmentation.ome.tif,0.108333,3500000896,18487
310599,2665,LMNB1,M4M5,crop_raw/32d866330d1411724cd436a56327b990bf7e8f0cc31b36cb8b7f8694128a0d1f_raw.ome.tif,crop_seg/ce787a3702ed37ecea62fa97dc70cd63420cfc1673f5d0b69e1fa56e2f426880_segmentation.ome.tif,0.108333,3500000943,16853
314565,2795,LMNB1,M1M2,crop_raw/1ab848b3e393c26bec86191cb6e515fc80ef7b013c5a3e17864df1002b4ae974_raw.ome.tif,crop_seg/09185a49eb26d89b49f3e419b5e63044dda1c516d84652bfcbf96b966baf428c_segmentation.ome.tif,0.108333,3500000958,17524
288968,1931,LMNB1,M4M5,crop_raw/0517b2baf9dc2aa52e10b938893e9bd69b993d372fcb8697ed0a9b2b933cec72_raw.ome.tif,crop_seg/7075612a722fcc1ff597a58763751483ff1d4beede314e0b77e8d2797417744f_segmentation.ome.tif,0.108333,3500000913,19350
301106,2344,LMNB1,M1M2,crop_raw/4a3db9e546845cf723abf1b49ab5d7ee869633e88923279ce0a958ac09b42f99_raw.ome.tif,crop_seg/124aa2edf931f9c743f76badd75efdb74f9935c612716817ab49870606d330ff_segmentation.ome.tif,0.108333,3500000926,20600
279051,1568,LMNB1,M1M2,crop_raw/b747d600982a63cd6018dfd14a40530e92b3878aef76fb5dd3b2af154f016509_raw.ome.tif,crop_seg/795adc4f4e3a580f9b452115d5ffa929d939d92f1f63e6855ee9917f44078cab_segmentation.ome.tif,0.108333,3500000875,13973
279102,1569,LMNB1,M1M2,crop_raw/70dde6c03adbc145a1e617a36d789c6d8a72188c79192b0dd89093c424c713c8_raw.ome.tif,crop_seg/e756616a8f54413aae936dff7303b407684f9d9f7caca52d601f8118684214a6_segmentation.ome.tif,0.108333,3500000876,14070
279422,1580,LMNB1,M4M5,crop_raw/7194f9050fdcc2270be192f2ad0457d0146b92589e5c5effc0e4618e5f60b9f6_raw.ome.tif,crop_seg/88475f40b455ebd97ee2499c0cdbf88b0a1073b3c26a8424366e71f5932f7e60_segmentation.ome.tif,0.108333,3500000875,13973
311571,2702,LMNB1,M1M2,crop_raw/8a76d68c9f2f43eb18ea79accde5a54f9f60dbf2043cd31395bf46950d264847_raw.ome.tif,crop_seg/fff950a2a800b064c49a57b67325bc64363c75e065e2da25bde1847afdf4201e_segmentation.ome.tif,0.108333,3500000954,21941
312923,2746,LMNB1,M1M2,crop_raw/c8e5ac1d9fca4f5b6a269ae5cfefa9dfb9abd8b206eddaef1545f37896adfac3_raw.ome.tif,crop_seg/4ed59fa8a706e253ca0bd41d927e4d53a766fd7577cc7c28c1e90e698e64e22b_segmentation.ome.tif,0.108333,3500000958,17528
298295,2253,LMNB1,M4M5,crop_raw/4212b127565e88c575f28d90fa8480acba03963eef13eb49546f4da127224500_raw.ome.tif,crop_seg/89b9886be116a2b9cd447d46172fa1381d3aff7b884a3afaa4c09c8318de51cf_segmentation.ome.tif,0.108333,3500000935,21091
277722,1526,LMNB1,M4M5,crop_raw/232ba738fffbd124d82b7d94199063f25429f96fcbff468cd2c21cd6811d21e2_raw.ome.tif,crop_seg/6c6090e4a0a3690686d79269563ca5b863a44f8bb4ceabb8d8c7748d48afbdc6_segmentation.ome.tif,0.108333,3500000876,14071
311379,2694,LMNB1,M4M5,crop_raw/5b9086581a1db1e52e61be805575dea926ac1ce8a14d956c2900e0c2ec2a2536_raw.ome.tif,crop_seg/3ae9c6ad096238e4dc6dc95039dbe866aa466c08a3965825b3cba5753e4cb388_segmentation.ome.tif,0.108333,3500000954,21941
289948,1963,LMNB1,M4M5,crop_raw/d3b45f38feddd70205b864224b91589197f6eca5aa42be43ad2d273f58be4c97_raw.ome.tif,crop_seg/6759a8ef8ef918c2e55badca95c7a615a111306ebb79785ded4d4c1c3a7f2d3d_segmentation.ome.tif,0.108333,3500000922,20213
282578,1682,LMNB1,M4M5,crop_raw/b52d365518ef0b10ef2642ae8b076153cd2ebb51e8f6e9aeb7e04a2c2b8ae07f_raw.ome.tif,crop_seg/406d22d3ac14581b3c5acca2c4d9c2e2374af36f8ef26fcf4826172fb1f483cd_segmentation.ome.tif,0.108333,3500000884,18104
302347,2382,LMNB1,M1M2,crop_raw/4611469496fb39441687605a92ba5242b136ec24225f4dc0902c6e9fb9394cae_raw.ome.tif,crop_seg/ad05c7dbd3171d9b3ce849de91094157042631979c9f4b56ccd55b3cd52eaad3_segmentation.ome.tif,0.108333,3500000938,16385
309029,2617,LMNB1,M4M5,crop_raw/0c9a63457658114d24417dbb06dd802798a45883d3b93457bc1a86b2b4e035a6_raw.ome.tif,crop_seg/638e4a8782ad6efd6afd7e526acb6c13ec5f37c9c7f8e89fabda1c1ad455ade6_segmentation.ome.tif,0.108333,3500000950,21654
284095,1727,LMNB1,M4M5,crop_raw/f3f3f38cce7af0e3ea0125851f4288bce262e70badd6bdb811f72588977ee39b_raw.ome.tif,crop_seg/9cc7a92289c2b25bbdf26395a69814f2ba0034eae3c2822bee35825d58fb246c_segmentation.ome.tif,0.108333,3500000884,18101
307091,2543,LMNB1,M4M5,crop_raw/513bfa809eee814be25bdc18893d9dacd7992fbf60c3ecf5ee60f99a4cf2e9c6_raw.ome.tif,crop_seg/d5a8a1d5a9c1ee469ab68120e0bad7ccb07da651e433c98349ca353916b9f837_segmentation.ome.tif,0.108333,3500000949,21557
283235,1701,LMNB1,M1M2,crop_raw/36ff792f9b39771f95c03eae84bc6d1e7867e548ec0d691beb49e0f7b68049a5_raw.ome.tif,crop_seg/01af92b36a1d87a8690107ff87bc817fbffd26b4391b7f22d5fd1ab094c830af_segmentation.ome.tif,0.108333,3500000884,18102
279531,1583,LMNB1,M3,crop_raw/1aaaa8c58a49753b7b5c5eb3d0d7f364ab208fecb51c36dd1c33c150a6a90be3_raw.ome.tif,crop_seg/08c5c1549c4f3dcae1a9aaa8543ac6d743b086e7f9c6d03cc248e4e8ca33500f_segmentation.ome.tif,0.108333,3500000876,14069
303148,2404,LMNB1,M1M2,crop_raw/853c226846df5f750df671fe6d0eacfc2109affd7c365516daca794dc99861a8_raw.ome.tif,crop_seg/f14f1f6bdbc61580e4a2c370135a19f5a225bd1e42a93e1193d16aac62b8bab6_segmentation.ome.tif,0.108333,3500000938,16373
284981,1783,LMNB1,M4M5,crop_raw/f180857865505f0ffaa3928e40c2bd4df9b6230fb31a1633b5240919e78abaf6_raw.ome.tif,crop_seg/96c9188c5d499b5a08435fd3bd339f9e3184714074ca8515e7fd8efa81e51627_segmentation.ome.tif,0.108333,3500000892,14741
282018,1665,LMNB1,M4M5,crop_raw/a40f6ef828cd0974cdb2d83bce79e90bec0314231fb21965f45b86c9c66c22ac_raw.ome.tif,crop_seg/a5cad8feece88fdd1efd0cd720efb33201f3880f0399a016a88ff9f6b58c1005_segmentation.ome.tif,0.108333,3500000884,18113
279891,1595,LMNB1,M4M5,crop_raw/e8f8220034652dba7dd20efb9f6cb4b9069042df3d3863cd4237a8875f456031_raw.ome.tif,crop_seg/ce88cdf57eb97cfe8fd9fc3143cdda251b4fe2f4149acfdf41caa9dd7dc4a39f_segmentation.ome.tif,0.108333,3500000876,14068
308807,2611,LMNB1,M1M2,crop_raw/b19ea7425b83f0d80713a404006cecf7bbda5783e5df8ac90e7447c9f4c89f98_raw.ome.tif,crop_seg/fbf6012070254c93cea7a31c0546353269aa71bd386871741dea07a233edc015_segmentation.ome.tif,0.108333,3500000953,21857
290525,1979,LMNB1,M4M5,crop_raw/a64ebead2f6defad6e06475044797072fbbc27a3cb17312e4afd629ae7416a5f_raw.ome.tif,crop_seg/866a015f9bafe2f1b922fa2f4a577e27da3446f85085ab5ceccec67734cb1fe3_segmentation.ome.tif,0.108333,3500000922,20215
313292,2757,LMNB1,M4M5,crop_raw/3f1fff5e1941a354becef61555440882941be7f0fbc78733a8a7b5b7b25f853a_raw.ome.tif,crop_seg/1be36183560cc49c9f2f6d9550d83691e8bf48cdd6237d6decb67a0f338ea644_segmentation.ome.tif,0.108333,3500000958,17528
281483,1650,LMNB1,M4M5,crop_raw/445a17fb916768f5af29aa5d7938ff4b79eeff1cbc91d12caaeb369e5cd49e8d_raw.ome.tif,crop_seg/5272f6f63f1db857799c9c37708d0cc147161fe0c6647581bb3ef9dcaff58e70_segmentation.ome.tif,0.108333,3500000883,18007
278015,1535,LMNB1,M1M2,crop_raw/5b926a63ad5896b43cae064dc2bbe53562b54f09b1ffc077048a3d9bee1b20a1_raw.ome.tif,crop_seg/cc8b03d7a4055006a67472451ea6368158ec70c8d6d408134c65ea94ceb370f3_segmentation.ome.tif,0.108333,3500000875,13973
292880,2053,LMNB1,M4M5,crop_raw/0d36682ee5c94b6add6b24feaa92647918a4985b5be0ed71715424e2101f514f_raw.ome.tif,crop_seg/4191452ebc7174d07757b2f033742ef1f33991262d7af91be8176eed6902ff8f_segmentation.ome.tif,0.108333,3500000915,19542
278257,1543,LMNB1,M4M5,crop_raw/62ba6d2a9aee06ff4778ef58cf9caf9d954c58b77455a590abe6626a8a416a1a_raw.ome.tif,crop_seg/2d13b3b63d4c5ef4be7c59f3b0b52b023056efe5472f5a8eaa40645d82653418_segmentation.ome.tif,0.108333,3500000876,14071
279945,1596,LMNB1,M3,crop_raw/c1d2ee5736a1281ecda93517cd70bb7d4424f2354133ab4c7c01538590cc0df7_raw.ome.tif,crop_seg/bcfa3b2eca98c3ff6a6045a99b76f74a69c048085eea87bf705a1c274d005651_segmentation.ome.tif,0.108333,3500000875,13974
292967,2056,LMNB1,M4M5,crop_raw/333a581bc8b8c031c112bb5a01d72b9c76ef157f60b417f1ec1b61ce0536e636_raw.ome.tif,crop_seg/7535cd4fa76f2876bcbaac213f55883f7475e6763d21bf5353978eb8c6e96d6e_segmentation.ome.tif,0.108333,3500000899,18772
285014,1784,LMNB1,M1M2,crop_raw/7f5edc17108803285ec3ce87bce43c0348188378d4f33d66f325dd4f9d72f22d_raw.ome.tif,crop_seg/4fba683b265998a26f2fdd4dc28f28c56b60c01935a1845fb7dfbb9b5ff138f0_segmentation.ome.tif,0.108333,3500000892,14742
282115,1668,LMNB1,M1M2,crop_raw/d41efc85fd9b816c0c6d89ea7262810ec6bc8d1f71ac201bc90f2a6352bd352a_raw.ome.tif,crop_seg/faf9c261c63a1e65f46368d8ac18261080352d1ad7205df6491db58e7f4b676c_segmentation.ome.tif,0.108333,3500000884,18103
300121,2312,LMNB1,M1M2,crop_raw/ac88819be9c3e7fc89c88777a4c789851c03cc2553bb1dc553d2796a4d36bb96_raw.ome.tif,crop_seg/c187dd298dfb1cb1ac2184004693c0998c35150042c14b939e88034bc8b8d901_segmentation.ome.tif,0.108333,3500000939,16472
296477,2175,LMNB1,M1M2,crop_raw/b0808d7258ac5180074832a95d871a5d566e8d356df894dfdc8e5165aed33b42_raw.ome.tif,crop_seg/ed298c45466c99daa0b56040955280a0f83823b7b7de00974a1457fec0860402_segmentation.ome.tif,0.108333,3500000924,20404
277920,1532,LMNB1,M3,crop_raw/4aec043d7f8adb8f08559ad45e6c3bc3e361f13a387270555efea7fc6ce2b400_raw.ome.tif,crop_seg/9d5c76da948af9e7385da0163271de744041df933d0ab85f50f41d875c055772_segmentation.ome.tif,0.108333,3500000876,14070
299632,2296,LMNB1,M4M5,crop_raw/262e6dadd4deb48ae8b317774360fd8fe70b177b02786d8ba348c78e60c93687_raw.ome.tif,crop_seg/aa1ee9b6c7e312d7ebaa3d6fae936867b89223aca30af97171fae907efe6df4c_segmentation.ome.tif,0.108333,3500000939,16471
286382,1838,LMNB1,M1M2,crop_raw/5c1b2b089a0a2df88f33b4dad24c0ebda27a2d19abc31f7aca76f0416612e7d1_raw.ome.tif,crop_seg/0444d3f4f86bc8a1a29cf63ccc85d2ba9027d3ffd834d04bc8c75b8327567d91_segmentation.ome.tif,0.108333,3500000896,18487
301028,2342,LMNB1,M1M2,crop_raw/8e687a87ddf285679cd8e34d10c4a95492e0c966b8b4c4c77320b28706e9e681_raw.ome.tif,crop_seg/27c5ed89ae482ff00c81966df56bed92137091e4ec4bceb191ddabe7891efc25_segmentation.ome.tif,0.108333,3500000926,20596
296115,2163,LMNB1,M1M2,crop_raw/5475b28e02adbac29122230850e65f7516f809b18720741f6379d6a4a8eb0da3_raw.ome.tif,crop_seg/d830826afe73e40b5f543d193b8a626e8d055bd70cd2b0e85e5178c96420caf5_segmentation.ome.tif,0.108333,3500000933,16279
301708,2362,LMNB1,M4M5,crop_raw/86217fbdedfdfb42f3d5e7a98f6819506a36fc0baae816ceef83162cfba34127_raw.ome.tif,crop_seg/aa76ac7077cebb7a140257f2f7c1a6fe59c00c5361951ee07935912c75a32d23_segmentation.ome.tif,0.108333,3500000926,20600
298414,2257,LMNB1,M3,crop_raw/da93a3c558dde27db9aed09aa21054e9dcd51960ef7b21c5d58d2a60ad532a36_raw.ome.tif,crop_seg/093bd1c672fa0ef6ac397c905beea2cb68e3e9664d74b98797a2a34687af7753_segmentation.ome.tif,0.108333,3500000935,21077
314422,2791,LMNB1,M3,crop_raw/f7edb7598f82db77a849bc42f356f9074b7df5385db6911cd14f35daf0f383ad_raw.ome.tif,crop_seg/50442befe9061ad35ba9e51071d4eeb0fd9d21892623e70566cd840928b56baa_segmentation.ome.tif,0.108333,3500000958,17526
301910,2367,LMNB1,M4M5,crop_raw/cb3af8147a40bdc1a867b3ccd287b87488d29cab951fa2230297e5ca1bd57a2e_raw.ome.tif,crop_seg/9df2cfe17576f45f0a9649aa3a7def99223f3c043a96c1df818f97d9869456fa_segmentation.ome.tif,0.108333,3500000926,20599
289753,1955,LMNB1,M4M5,crop_raw/48e2f273123b944678ce634cc65eb702a7d1987ca44736d5be7a6fcc01755fc2_raw.ome.tif,crop_seg/8b1e1cb6dca5c6228b119ad76d073f5d823dbbbb0521b255efcff8003dbd7328_segmentation.ome.tif,0.108333,3500000913,19350
306591,2521,LMNB1,M3,crop_raw/4a1984061b83483c458a93c19044e6053ae80668670245d2ebaf7756109cf969_raw.ome.tif,crop_seg/82693073ed195952a3fd19019c89462eb721bf75ad61442e679bca30e21ef9c6_segmentation.ome.tif,0.108333,3500000949,21559
312047,2717,LMNB1,M4M5,crop_raw/1e2c429c7c6aea6f7df8c9b1f8f324dd0cfab06e57aebd9fda90debd82b7c979_raw.ome.tif,crop_seg/1e241f0dddd39cdfc2f171026268035e924389c8e09c0cb78b20bc392557dd87_segmentation.ome.tif,0.108333,3500000954,21943
298641,2264,LMNB1,M1M2,crop_raw/823842db002d10452f147d626a93f3de33525c9979ecd54b7af3e1b2e7a2929a_raw.ome.tif,crop_seg/4bbf87f5f6b762a332a666ed5313e8cd17e3ebc3c1513f1ee79b65996454039f_segmentation.ome.tif,0.108333,3500000935,21090
291456,2007,LMNB1,M4M5,crop_raw/090eaa71af6d3c57d7d633509d12955788cdfcfdc9e1cf19ae8e37da56b1910c_raw.ome.tif,crop_seg/994c7013f25763338ac557ee8494534ed785c10194b0d8c39cecbbd660492711_segmentation.ome.tif,0.108333,3500000922,20213
303774,2424,LMNB1,M4M5,crop_raw/989a4e6c0203e167e6a5df57e7193a63f59f920c6d7759bc81cfdfd671c7f1a1_raw.ome.tif,crop_seg/a170050a007e438f6221e08f3d328d94ee0e5755fcea1929dfb6cd26482ed28d_segmentation.ome.tif,0.108333,3500000938,16373
305229,2479,LMNB1,M1M2,crop_raw/f0927bdc1e3de1ffca07278f9a4b9a69a26505fa27ca08ebb676389ccc11105a_raw.ome.tif,crop_seg/9c86aee8a973bd18c8abd42e35e4cf1d998ee8af8c8e10713143118ade0f4177_segmentation.ome.tif,0.108333,3500000949,21556
313234,2755,LMNB1,M4M5,crop_raw/22d78a58ad071c5a4d09a9845e9c11105878ba976fceceaa4d8acdac95945041_raw.ome.tif,crop_seg/f9b13bf9f986631c679a4a402360189456a22b77505e0b18e4ffda97ad0f6583_segmentation.ome.tif,0.108333,3500000958,17525
288809,1927,LMNB1,M4M5,crop_raw/bece79debe0d94a64ee04b5bb7728be40503cdfcd53c16497f29a4d1c06ac370_raw.ome.tif,crop_seg/ee4bd1155f81234ba38282e5d126607d96b7b2e6a5997198f92aa36fedd606d8_segmentation.ome.tif,0.108333,3500000913,19350
306279,2511,LMNB1,M1M2,crop_raw/ff3d58c507fbc0558a4a67e266297eb32b813eec3201ccd0d836efa3abc91828_raw.ome.tif,crop_seg/2a829f657dcdd4832c7a48e5d852e1c9b3e03a8959edabd96680a7de1a1c6534_segmentation.ome.tif,0.108333,3500000949,21560
300734,2332,LMNB1,M3,crop_raw/b967b89a7e6a00c15ac77611169c5a502df6319e52d63a5d15f424f5f350ab3f_raw.ome.tif,crop_seg/40787844ed63fe4e00934992c6ce38b76795a0ac7d24d33794138d6812d387a9_segmentation.ome.tif,0.108333,3500000926,20596
284608,1765,LMNB1,M1M2,crop_raw/5abc5611d4c0d9e85a110af4b2d513f591faba256917c65c755e159da8aa01bd_raw.ome.tif,crop_seg/78a7d22eb4fb7b68474068f193256b7ae57dd0ea2cda346f602c21014147d0c0_segmentation.ome.tif,0.108333,3500000892,14755
303573,2417,LMNB1,M3,crop_raw/cdb9ce16478579f177c7e357e20989ea419bd4041b052e3659b15cee696eeac5_raw.ome.tif,crop_seg/b48c59d7a60c9227605e08b6c6b66e7392a219ba2d69a28124ad86b4b17c9e35_segmentation.ome.tif,0.108333,3500000938,16386
292348,2035,LMNB1,M3,crop_raw/b670d2d0ce3daf873c91c25d61d22c29b1bd7e024cc5a499285fdd02d8fe7825_raw.ome.tif,crop_seg/0c0f531667c3d4ac0a3c2e6e910e20febc8fd4d24fb4bbb87f8364c6c4d7b1d5_segmentation.ome.tif,0.108333,3500000915,19556
293924,2088,LMNB1,M4M5,crop_raw/6b4f5f28b3a55ae1e763b7b676239d741a32a34868cfa6e92f7d3b584d7f0933_raw.ome.tif,crop_seg/2dcc350ecc3b3f50560d619fadb9d1fe8f9873c8305fac9e54e59837e28f02c8_segmentation.ome.tif,0.108333,3500000899,18772
299248,2283,LMNB1,M4M5,crop_raw/46334ad6f089574f975ca3ef59a56c4a09c64f6dc5f91b40a7519ba995d70622_raw.ome.tif,crop_seg/eaa36f0cc8636a1d991ab37d22279d125a04709c81a5afbe2427d5db32012465_segmentation.ome.tif,0.108333,3500000939,16472
308163,2587,LMNB1,M1M2,crop_raw/48c31bed42bfd3c04fcaaffacc76eca822f526aab6cf933c777c4ec162b2df59_raw.ome.tif,crop_seg/1c8fed6a5193ac2432458491e96d2841ce00362f5b087a7f238c89a9e556fd7d_segmentation.ome.tif,0.108333,3500000953,21845
278986,1566,LMNB1,M4M5,crop_raw/ac087447e28e4bfdd02b0eabdd64260971cbecc15cd82b084cc9fdef4331fd6d_raw.ome.tif,crop_seg/eb76c0812b2717452869e6e7128ffcca445d9f36e2efd7ce85540e945c7d0c4e_segmentation.ome.tif,0.108333,3500000875,13972
282956,1693,LMNB1,M4M5,crop_raw/77acc27953e177088ae8cd1b91dd7ffa4424c45353da7605d9973ed5d487d1ad_raw.ome.tif,crop_seg/24db4be95f3a163a949a1dcf334562c24a9b5a63a507f05e21a77a060d906cf8_segmentation.ome.tif,0.108333,3500000884,18103
288060,1903,LMNB1,M1M2,crop_raw/824fce2df3087142025ad3099b3d409b1dfc139816050e35134796f3e6462b5b_raw.ome.tif,crop_seg/60235e89c4b96b50788a8a99504ade1ce71e6b66645c1361c1b57e4f59d3b24e_segmentation.ome.tif,0.108333,3500000913,19348
309630,2635,LMNB1,M4M5,crop_raw/2d3e3a46b3e00eba40f8d28defae6d9859774aa631a90db2811df80190a35142_raw.ome.tif,crop_seg/478a4fbdc44b571dacd875b8ac21743d45571c7b7af9e1ec38fdd89b11526a2d_segmentation.ome.tif,0.108333,3500000943,16853
291080,1995,LMNB1,M4M5,crop_raw/6335871146e2f84114c3f1dac683dab22977ff81c7815b3969c15ef0d9378b00_raw.ome.tif,crop_seg/c7757a3fa9ee3aae5dfdb5b5d67b317e89586ca68083ba67115fe4d4bfa2b3b2_segmentation.ome.tif,0.108333,3500000922,20227
305913,2500,LMNB1,M1M2,crop_raw/0a03f6ed8a0df18d66aaecb771a180fbeacb6a0e1ee37900c61e8a7a4b99a751_raw.ome.tif,crop_seg/9096d57142443582544a8b2d33d87db6b81a5c280ecf33643668e1540bd9c733_segmentation.ome.tif,0.108333,3500000944,16949
298444,2258,LMNB1,M4M5,crop_raw/9b50f3a96356eb62f30b635e26cfb93a5ab59451a884936734342f80c9025df6_raw.ome.tif,crop_seg/6a24b077a47db2cd4cd3f80b616b4284d9ed60b9861d745d5189bf7e15f9ba72_segmentation.ome.tif,0.108333,3500000935,21091
301791,2364,LMNB1,M4M5,crop_raw/fcceac65f6235529af80e82990358e8bcf26c29900d503634e6d435a91603e3b_raw.ome.tif,crop_seg/c0eb58c107a1a4d89ae16fc6589d35f59c5bb57fb249757be4486ed05da94a09_segmentation.ome.tif,0.108333,3500000926,20596
296892,2187,LMNB1,M1M2,crop_raw/78c2395c9eb5c4a6f7fc23713d1e52665b6d389cfa9dd20680e5d89f5228c959_raw.ome.tif,crop_seg/f06fb95cdea9884ddcc0665b90f4150fd025d9c192d0830ff1e8020cdc9c2ddc_segmentation.ome.tif,0.108333,3500000924,20408
309458,2630,LMNB1,M3,crop_raw/13afa7a409f00bdab8783d2c807df0cd5943dac6e63f71e648fc05863268eacd_raw.ome.tif,crop_seg/66db7dfc9618a2af9805efe8af8e987c455680806675dcfe9a16ad4e94e9a85d_segmentation.ome.tif,0.108333,3500000943,16855
285737,1812,LMNB1,M4M5,crop_raw/898dcd9a005b7edece32156265c28f5b946f7bf232b78d43b56d12a056c27af5_raw.ome.tif,crop_seg/8150418dc009df69ccd62a8b99c44d51c68f241a67b903c5ffa4224926d3b043_segmentation.ome.tif,0.108333,3500000896,18486
297427,2204,LMNB1,M4M5,crop_raw/88a3e904a95fc3bbc895f400a6c1d38040db7c9a0e98cd4fc48e91df6376128b_raw.ome.tif,crop_seg/8de743f3f6ecfeebc070739f8ad87eb02e3c03c839f47942ec264a02312294ca_segmentation.ome.tif,0.108333,3500000933,16276
300630,2329,LMNB1,M4M5,crop_raw/08fc9d6575d28da9700a866c1a02666441bc643bf8a22a5bb19b61364f03f7fe_raw.ome.tif,crop_seg/c8ef44f45390cfc170a5dce30a8e45090c37c79c818eecdc2a51be64abb70921_segmentation.ome.tif,0.108333,3500000939,16470
291561,2011,LMNB1,M4M5,crop_raw/c56ce5f52e09d9f35d39d35a58e039aa7b0ad4916f6e04711bd152634a608894_raw.ome.tif,crop_seg/99b32ee3d16db17dc1e229d87e140039f17a7bf42d0cfdab0031b7172847c523_segmentation.ome.tif,0.108333,3500000899,18772
310821,2672,LMNB1,M4M5,crop_raw/ba7bb45b894fca2bae1b1163644fb08ec09c5a6de40590757f972c96c3ccc563_raw.ome.tif,crop_seg/6d83308a92b28f26fca9d9b32b9300ce0bb4e194acbcf0419b55c3991cfb7255_segmentation.ome.tif,0.108333,3500000954,21952
304684,2463,LMNB1,M4M5,crop_raw/93c985ca8cebef51688c2a21ca7cbe4b0be9f53f5237a215fa79a287450d53ac_raw.ome.tif,crop_seg/08e2941dcf2822f6070a461e53a845aab8234e5f0b26e69bf3f794cc04db671c_segmentation.ome.tif,0.108333,3500000944,16949
302884,2397,LMNB1,M3,crop_raw/86777ac49bf850c3d8a99a50f6625f99d3314599e13b05674d08a1e7f6661fa0_raw.ome.tif,crop_seg/7dc08055de17f84b863c1766ef98cfd9a2ae4ec010e757b82b4312a7d6c94497_segmentation.ome.tif,0.108333,3500000926,20600
311416,2696,LMNB1,M1M2,crop_raw/84920d6f0d4b914306ce88247e6887c31d0a05ca4e8a3430acdf6323065512a7_raw.ome.tif,crop_seg/7b390dd5525dc007499d42b91cd23b224360f9de61179ae2ca4141b24518dcaa_segmentation.ome.tif,0.108333,3500000954,21940
299895,2305,LMNB1,M1M2,crop_raw/fef83d72afb39ea497035056f633fca4adb89c778ab9f9c5fb06283250ebc0b8_raw.ome.tif,crop_seg/63856051fa9d630d1ae564b57d828382d01f212f2c7380f80afbf01800b7750b_segmentation.ome.tif,0.108333,3500000935,21090
310023,2647,LMNB1,M4M5,crop_raw/e690bfa7bea4a976152273ff095c389454184da110f117f52b1a2e792f97b707_raw.ome.tif,crop_seg/4b6b56de1cc04f79453b0d9d94e20df11f34dd1e0f0ade0bcf8aa930cb0329c8_segmentation.ome.tif,0.108333,3500000943,16852
299532,2292,LMNB1,M4M5,crop_raw/2340f58656ee5e5e009819bdd326eeffdcce06a5e2b53cad60ac43615a332b1d_raw.ome.tif,crop_seg/df60a58496cfefd3599652cd8e354b2431ae5180689d60132820f38cd579eab5_segmentation.ome.tif,0.108333,3500000939,16471
294099,2094,LMNB1,M4M5,crop_raw/8e1b9d3e44f5f29b7e1d11ac102f6b469f73edf244077e6d41aea9c48e45c63d_raw.ome.tif,crop_seg/c3fa3d54a005be0106a15a31df37a1c30608a7dc7c40038ecd78dc484bf0d991_segmentation.ome.tif,0.108333,3500000899,18775
299345,2286,LMNB1,M1M2,crop_raw/cf7b0582c6e09ae286b2980bcaf937417308bea40c4f5c525bfe08223581dc65_raw.ome.tif,crop_seg/41434722e139d1790b42dc5062bf7a218a4672881e044cf1ba9adbe38c50aff6_segmentation.ome.tif,0.108333,3500000935,21090
293729,2082,LMNB1,M4M5,crop_raw/dcdd70ff6ad21e32d592d0b928c4064896082ab3c33d7652507ed6aaf79e60d6_raw.ome.tif,crop_seg/e1dfde54863883cd83e17095d922556d183bcb7f82fb58e6d651f6019e9c1e08_segmentation.ome.tif,0.108333,3500000899,18775
393324,14371,LMNB1,M4M5,crop_raw/ffc7c99e38d95eabdce86f48e9557b56742328bacf1b8a0703f12827d4ee61c9_raw.ome.tif,crop_seg/5e376c78a1ee94a65b3f5780ee1ce1db94d8f0c50b466736a438436a82465411_segmentation.ome.tif,0.108333,3500000953,21857
286010,1823,LMNB1,M1M2,crop_raw/e8985154eedd5e21a684a131ce0a53ab3b45453a5f72a8e45bc547ca0aa4a5f6_raw.ome.tif,crop_seg/9c752ad3ec1d201a5c007cf4006350565f4beaee8f199c06b410ad3b1515b704_segmentation.ome.tif,0.108333,3500000896,18496
279744,1591,LMNB1,M4M5,crop_raw/42a8accdc41ddcd6e8c3034e20236e2c77839ed293a95ea289e9ae5a06238bb3_raw.ome.tif,crop_seg/c50ef0e22c7325565d591ca6049e7747d2ce4fd97c28ad1981b7c3b83877a316_segmentation.ome.tif,0.108333,3500000876,14071
278779,1559,LMNB1,M1M2,crop_raw/b3136cc194fb7f02ccee1f53ff2b4dfbacb9bc57ad8bc064a8c1a2c7613ec986_raw.ome.tif,crop_seg/282ec8e6a0b0859b8c73244b40c63c5137f5b58df7acf132aa6fe183aaaccf6e_segmentation.ome.tif,0.108333,3500000876,14069
293163,2063,LMNB1,M3,crop_raw/3dc5238d2409681eb18a9b596da9d86f5107dbc03c43c165a20ec2b653089ae5_raw.ome.tif,crop_seg/f240273938a7b2455fb684fc1eb16ff69b5e4bceb09a86317397cfbef99050f6_segmentation.ome.tif,0.108333,3500000899,18776
304416,2455,LMNB1,M1M2,crop_raw/bbd275971e2faf9684e009ce3701fdc5ea8a9eaa96f85ee05738d12a62e53ec9_raw.ome.tif,crop_seg/0328e4d2e2fc5ceb43adbaa4f1596c4da6eba1782f75cdceed33aaeec00d3ef7_segmentation.ome.tif,0.108333,3500000944,16948
306708,2527,LMNB1,M1M2,crop_raw/9db4ac6775146b2e6fd527d8f7dfe78089d9a24f833e69fcfb433c46fc6747da_raw.ome.tif,crop_seg/68a49cd83dee38771525e7ffe6bdc0b16fb2466c1d0e928c049620968cf1e654_segmentation.ome.tif,0.108333,3500000949,21557
287285,1878,LMNB1,M4M5,crop_raw/182b4a7b4aec251f56da86aa0222a828382fb3641f1b0f9808dcb573200cabda_raw.ome.tif,crop_seg/50a0401b99b1fe41a4077b5c552221cc7f9d07a2c66d8f7d5265418c286b8728_segmentation.ome.tif,0.108333,3500000893,14646
291894,2021,LMNB1,M1M2,crop_raw/08eda29ae69a4fb1291f6d66f07281b74003b203346b4102c12f2775f12f85a9_raw.ome.tif,crop_seg/791338e5c117955628dcd11149f1f63df9c11d7de9d9cece7c090b93d87e8e6f_segmentation.ome.tif,0.108333,3500000922,20226
305456,2487,LMNB1,M4M5,crop_raw/c486a435c715770b0b9d2bb204d8f2e7e738ec2bfd4d1e91bfbee4450ac745a9_raw.ome.tif,crop_seg/fed886684de50511239ca334b1344fd7d7dde374beabb12781c14ef9bf7f6d09_segmentation.ome.tif,0.108333,3500000949,21559
290781,1987,LMNB1,M4M5,crop_raw/f82d65a62401b6d846de78141046da15ebef92fdfe36cf825c9f863697d1e830_raw.ome.tif,crop_seg/e4d490a4318aef01292fcc15c92bfdb28b06550683a994160468d0bf621517bf_segmentation.ome.tif,0.108333,3500000922,20213
288305,1911,LMNB1,M1M2,crop_raw/58828b3815ab0f72611d5828c90c754707b0873215b491c0258375d974a081a0_raw.ome.tif,crop_seg/23e3a5fda5a0b6fadf5c3aead168400bbb7fdeb889a15fe73c5ccadb600ce87a_segmentation.ome.tif,0.108333,3500000913,19362
294593,2113,LMNB1,M1M2,crop_raw/6d8d5b5387ffab0cf0ba849bf2dd2f3d91b0c74e2994224a2a03c406fa1e1bc5_raw.ome.tif,crop_seg/8f287ede856577504547804598330d1e55236bde7ff018d3b2388c9b8a4ecda0_segmentation.ome.tif,0.108333,3500000899,18775
310088,2649,LMNB1,M4M5,crop_raw/81481145505312792a2030bd9a9a34fbbdf154976dac60de1cecb44faca739c3_raw.ome.tif,crop_seg/afcbd89111b57f254e74911b7760d8310fc12e3ae5caa2211f1615df63b7e8c2_segmentation.ome.tif,0.108333,3500000943,16852
299271,2284,LMNB1,M3,crop_raw/a750d1e2d0fc42c9efef57f9a4bffaef62a37b0918edc72bfb348f4f4d01ed37_raw.ome.tif,crop_seg/7fb39c6c40417a8bde7dd6eb8935b52b2c833cc8ec8de3ba15ec8e7203c06b9f_segmentation.ome.tif,0.108333,3500000935,21091
300042,2310,LMNB1,M3,crop_raw/7fe666d4340c2ae7fc231c9e855923655bced7b60f5e56b16269c3d601e116e1_raw.ome.tif,crop_seg/21e891da062939d10cecd319e2f8b793cea56e04d6219fe8adf2c4a8881199b2_segmentation.ome.tif,0.108333,3500000939,16471
296652,2180,LMNB1,M3,crop_raw/ad17bab3c27ca58668eb4fdece23a8dddc326b7b79ec93941801ea4706f93605_raw.ome.tif,crop_seg/c97d688cf32bc41d078e884a1716e140cd1e8f7ef8131e89e59b9d462fa49372_segmentation.ome.tif,0.108333,3500000933,16277
277750,1527,LMNB1,M4M5,crop_raw/b73c285eccea8b5dc58c71369e93734cca5e5a22e7a7c092c7e03dc4a0d79600_raw.ome.tif,crop_seg/72d37f192b867cd4dddd11500df7223b341fbda01f9bda04caab915c80776329_segmentation.ome.tif,0.108333,3500000876,14071
279014,1567,LMNB1,M4M5,crop_raw/b11e55500ff9c5aafee45eb28ce3ca56831d341532469b7c2953c4cd51d7a36d_raw.ome.tif,crop_seg/585462acf3b1882e6c284aacca80d9b0b592cf14b081f41f2fb59a9bb437d29b_segmentation.ome.tif,0.108333,3500000876,14068
295815,2152,LMNB1,M4M5,crop_raw/281f6a36b6d41031fab3d9f9b43dab9f8dc837ff6b85490c8af0b43f792facc6_raw.ome.tif,crop_seg/07b1249a8c209f130e3d50d8e8c8b385e15a6002f395c0b1bff7d4d0358b9364_segmentation.ome.tif,0.108333,3500000924,20418
302999,2400,LMNB1,M4M5,crop_raw/d7c30d0046a8e03bebb423e8ca1fb9178961a9df53019f807f1ef077b05208b7_raw.ome.tif,crop_seg/2834631ad956740a40d2c2654b5a48528fb3c2fd9a3eaaadf75e34aa022b6a79_segmentation.ome.tif,0.108333,3500000938,16385
301360,2351,LMNB1,M1M2,crop_raw/92ffbeef9fc148f55ef189e98c89b798473b0975b042d7d4c8a2da36192a5373_raw.ome.tif,crop_seg/f3dfa167598c4f928336c0cb9ef6da1ef9829793e9551802c292352481726c26_segmentation.ome.tif,0.108333,3500000939,16471
311189,2686,LMNB1,M1M2,crop_raw/1fe782c1f6c5fc848a7de9673140a683f3502bd752fa1924b305f5aecf279f01_raw.ome.tif,crop_seg/17ee250fe19a79193cccaa255b419cf269ad29174e7bd7bebc00a79a8686fcd8_segmentation.ome.tif,0.108333,3500000956,17333
286280,1834,LMNB1,M4M5,crop_raw/5fd118057035dfa3c35b033bddcc385c8bbc7a7c60e73755caf80475f311c357_raw.ome.tif,crop_seg/16f9d1875f9922e5a4e6b0bdf19d565d35ef154039f0d38fe3ab4b129a92a7a2_segmentation.ome.tif,0.108333,3500000896,18497
293295,2067,LMNB1,M1M2,crop_raw/59b84aacf68cbfb53dbdd8bc0a80258bec8751fe21e770326c2a3f055b4158db_raw.ome.tif,crop_seg/c780bec8b463f94e80b798892137c2380f8991b5fd3fffb16a713d1bacec9cff_segmentation.ome.tif,0.108333,3500000899,18776
294335,2104,LMNB1,M3,crop_raw/865f68f2772555aeef287bb492fe0a613b513e014380a21f733fb2fa34767456_raw.ome.tif,crop_seg/4023bf63e382a2ceb46080f8e8fd116b2d590337a0457da1a32da959a8eebd25_segmentation.ome.tif,0.108333,3500000899,18774
299187,2281,LMNB1,M4M5,crop_raw/e9b2c19de0371b612766b61b0add2ffa75a557fead208d604e4e8166508acd32_raw.ome.tif,crop_seg/1fbd52c4cb822eb73332a6a54f78a1c129492249bacbc360d1b8b92b7d9f5e8d_segmentation.ome.tif,0.108333,3500000939,16469
303653,2420,LMNB1,M3,crop_raw/c7514a245ddfda3673a5d94cf606d891674d6c67bd1e836fcb6e5cbc2aac9e29_raw.ome.tif,crop_seg/6bbadac87c646c92c4fdcf39d2c0c39c614e5de3f4076a8d66ba9ee55bfeb69e_segmentation.ome.tif,0.108333,3500000938,16376
311940,2714,LMNB1,M4M5,crop_raw/16524c0652586748b30077386d783943dd889068c45ac7c447b436d53d224ea0_raw.ome.tif,crop_seg/971a4b915c53f7caa305b4ea8c92243906841a121b2e35714df8f91f2c790d6a_segmentation.ome.tif,0.108333,3500000956,17332
290906,1990,LMNB1,M3,crop_raw/3c3816dfcd7318ce5f317efc68cdf352dc42364cd1ec64ffde1d5d3905faebac_raw.ome.tif,crop_seg/d5009ae460f8d0d6e6321523c86fa147d8ba7ce39f7abc7eec55d207908135fd_segmentation.ome.tif,0.108333,3500000922,20213
280858,1627,LMNB1,M4M5,crop_raw/112edfb393f924d4d03b4a62659cc4f3a67bae42054290f090359243ab237f5b_raw.ome.tif,crop_seg/6fc03466dad83dff36367bccdd33ede652795be8ff9960c28acc3315d863a6f3_segmentation.ome.tif,0.108333,3500000883,18007
302129,2375,LMNB1,M3,crop_raw/209a252fc484ff9e5262f4bed5368e2b4c01b9622c7894f877b1d0b759c2216d_raw.ome.tif,crop_seg/e9312a23f0336a5a479bfaa5fadd6f5d65e6dda122e477c1a3cf7b4d1600c46f_segmentation.ome.tif,0.108333,3500000926,20597
287133,1872,LMNB1,M4M5,crop_raw/7c99a54374ce15f447645d894bdc42b1f4117c7a91bdd4096d1ac658d799955c_raw.ome.tif,crop_seg/4361de14803438ec92bac00f490a5b54aa950102cedb7f7e6861f8aaacf831b9_segmentation.ome.tif,0.108333,3500000893,14648
304122,2437,LMNB1,M4M5,crop_raw/764ad3db2bdaa49787a55d6f1e8d7bca6357c2b0fedb2be090ab182c89697971_raw.ome.tif,crop_seg/0eb635f1e7216e22e89984b60e142b18e0ca4c9505da07ea5dfa0e9b12cf46e4_segmentation.ome.tif,0.108333,3500000938,16376
290724,1985,LMNB1,M4M5,crop_raw/bfb3b9f341647363fd5f438890eef2cce2768052fc89cbc1075dacdf486cf5ea_raw.ome.tif,crop_seg/4ba8168bd150a75f19d2c7d3e6e6445ecf3857cde280e21c535c102a76bd54f7_segmentation.ome.tif,0.108333,3500000922,20228
278822,1560,LMNB1,M4M5,crop_raw/07a2aa00499437562f763cce7e380064c0b55475383921075b322bf55996ab57_raw.ome.tif,crop_seg/eed4c6806d53124b156df3e2dbed5924616a2fc363b44873436b3bb8e14026bc_segmentation.ome.tif,0.108333,3500000875,13972
308339,2593,LMNB1,M4M5,crop_raw/91695dc48ef9ec771a4eebaa3708119898a388eb3b7b6b3976decb1579058518_raw.ome.tif,crop_seg/f28bf063ea015899f25a6577bd7fef7e626b92abaf772c57535f3e07a4002cfe_segmentation.ome.tif,0.108333,3500000953,21859
311349,2693,LMNB1,M3,crop_raw/5f968269437e1bb77feb68c8c64f932353ae4c950d44a50b8b1adbfb04a850c0_raw.ome.tif,crop_seg/54640d103f6f31bc435e5488fc23f0a43ae2f5c0aabddd0e58979fd8cdfcdfa5_segmentation.ome.tif,0.108333,3500000956,17345
307648,2569,LMNB1,M3,crop_raw/99e99d473b02082a533a999ea788020cd9f0cfebaaa2a8ef823c682132a89dce_raw.ome.tif,crop_seg/4cac78886f22ddbc2feb1bf5c2f813f6546d6673bfd642e844b6c36bfa4d600f_segmentation.ome.tif,0.108333,3500000950,21652
299374,2287,LMNB1,M4M5,crop_raw/3784dc237f714fc9459dcc80fbaac1ccd08c884e48fb73bf2493fb69f97e2ae5_raw.ome.tif,crop_seg/bbb5273e0667927f632999a8389a1e273da425ab66101ad40c38aadba5b52e94_segmentation.ome.tif,0.108333,3500000939,16469
313412,2760,LMNB1,M1M2,crop_raw/41fd7a75d044cb1432a3ba14436d0ebcd2a6b66e245edaccc182e5c570516d2d_raw.ome.tif,crop_seg/e7180588b178007dd678e7255c1d7c12a84277efeb6143452674689960618b19_segmentation.ome.tif,0.108333,3500000958,17536
282554,1681,LMNB1,M1M2,crop_raw/844c3a699c1a1eceb1d1998193a49a7b668f45a4f4635cf810796194f832fe52_raw.ome.tif,crop_seg/5cfe66fe73c8d56fd9e1cef964bd1763a1441f127c9cebbebc3559adc8912969_segmentation.ome.tif,0.108333,3500000884,18102
311788,2709,LMNB1,M1M2,crop_raw/f9998c0b4ad831c42ad999fb32b4c32afa2bbe00499edcafa78968ebab6828ef_raw.ome.tif,crop_seg/6111bfd86e65fcc536452f7184f9cc56d8542d84b99a09b13095723deff517a7_segmentation.ome.tif,0.108333,3500000954,21940
306040,2504,LMNB1,M4M5,crop_raw/aa994e3fc9112e685fb3e9bda84ce872ec1e6aa14582268c38ae60f033194aa8_raw.ome.tif,crop_seg/e73ca1fc7fdbf49982559323ffa63e2a3b93e2d2cc6d317416ffbb8adb38a462_segmentation.ome.tif,0.108333,3500000944,16950
286178,1830,LMNB1,M4M5,crop_raw/94189ce9ac82a5dd0e7fa1840ffd8c854c31bdc5ea38bb48adc298fe45e353a0_raw.ome.tif,crop_seg/84757e7edc336993969f36658e427ea063e21f12428c7d8ff8a692547b828843_segmentation.ome.tif,0.108333,3500000896,18488
302748,2393,LMNB1,M1M2,crop_raw/abcfcfece5f5af905998549d908fe0b97a6962cd53d89bd9d026eeeccb0235dc_raw.ome.tif,crop_seg/02c1ee8b814de2c4e0e2054e33e74db7fb83212131e76a46d1fab375c4b99507_segmentation.ome.tif,0.108333,3500000926,20596
279983,1597,LMNB1,M1M2,crop_raw/df439ef139ed6ad66aac3978d8547af539f4749c9373a524f0bfc4f0e071cceb_raw.ome.tif,crop_seg/d8a93c125fb7434f9c1d77d709a4f16d5e980c3008dd2bdf1fd11d3a63b36a21_segmentation.ome.tif,0.108333,3500000876,14068
309501,2631,LMNB1,M4M5,crop_raw/7958ac316b1c0a26229309cc522a5ce7640defce66c2fdd62a48d45b33decd3b_raw.ome.tif,crop_seg/2dfc3bc4f92bc78afeec59361e0226050851d8780efc0bea1f99a5710e3f533f_segmentation.ome.tif,0.108333,3500000943,16854
301545,2357,LMNB1,M1M2,crop_raw/bf8518aecfce1d0ec0762ae14d15fb2632e4fbf0a2d328fe292e1fd53d1c5020_raw.ome.tif,crop_seg/27bd3a1b165f23daa72d018acfbeaaeb77e692f35c006708faf2e70861e2e5a1_segmentation.ome.tif,0.108333,3500000926,20599
279115,1570,LMNB1,M1M2,crop_raw/cb271218bba3233c868f2e8e61c62cf5be66297398f225dedc2b743ada05ff9f_raw.ome.tif,crop_seg/012245bbdf6a453bec17d3229c3a7036633f6358cf5fd5e966c5eb8d26a3c794_segmentation.ome.tif,0.108333,3500000875,13973
311002,2679,LMNB1,M1M2,crop_raw/1ff77edb9a01376e3f3b62a9e5831ff4ff096369ab4eb38b0455da32338b360c_raw.ome.tif,crop_seg/d258950095eb89c6407779f7b95291313bd5251325aae2f913ac7803392188db_segmentation.ome.tif,0.108333,3500000956,17332
291118,1996,LMNB1,M1M2,crop_raw/d1fa06a1c67f4d370a1ac7c63ba8cbd458138a8043a0602abad31fe1bd61a390_raw.ome.tif,crop_seg/466764c652c2037be46ad5319dfd5314c70f193709d0f98d3c2d28cf3e2e79ae_segmentation.ome.tif,0.108333,3500000922,20226
302420,2384,LMNB1,M3,crop_raw/f13c1d2bde6b25e6fe700faa81a585999844f8fdf59f2939b2b0829ff6efc4b6_raw.ome.tif,crop_seg/433b89d5295ee524d3d935ca36020114b9a0797defedf9dd845fc460a9a5aa29_segmentation.ome.tif,0.108333,3500000938,16373
302495,2385,LMNB1,M1M2,crop_raw/0a5428584bfba7b15864b55473a407bab250391c5021ad92af4f03c6e6fc7c0a_raw.ome.tif,crop_seg/6720c4779a5af779be1c7d7053061cd950a6784f746c6d9e25f8305e30f994ef_segmentation.ome.tif,0.108333,3500000926,20600
279615,1587,LMNB1,M4M5,crop_raw/4668426a15ed4fe69c71f4f3ec47b0b71e31e0150871a2e99acf556eefc28f7f_raw.ome.tif,crop_seg/5b9c6e441be902531d41ac014d90d59e6440dc11e2d8e903267f5f3a3480f4b3_segmentation.ome.tif,0.108333,3500000876,14070
290988,1992,LMNB1,M4M5,crop_raw/b006e29232ff2f80c240d0a6d77c8ed505aba887c8a7fb9e5bf1abd4e8515a5d_raw.ome.tif,crop_seg/adc6939a7ca4e2f0a97dc8506e5cb98809e9e7ae9f78f293bb0ecbec1cbc6784_segmentation.ome.tif,0.108333,3500000922,20225
299988,2308,LMNB1,M1M2,crop_raw/07234cdde307fa60119bff57ffc7fcf99df0cd78bfbbbb5b65f8ca79995de9a5_raw.ome.tif,crop_seg/e149ce7f8a19abc2a7a4d0ec6e0bfd8f150ebfb1e01262454d57c0c992465800_segmentation.ome.tif,0.108333,3500000939,16468
307816,2574,LMNB1,M3,crop_raw/b050c4b36a7d27d2899a9edf47abda5543b4c3ba064136ba0028c6851dd2a328_raw.ome.tif,crop_seg/9a7bef14d2d37fffdfcd120f3a0eec92d5b051957153acc4f31d9f0dc9ee4292_segmentation.ome.tif,0.108333,3500000953,21845
299754,2300,LMNB1,M4M5,crop_raw/4ea6629a9914217174229196939b36cafaeb0e045108d74adf90b088c9198a9c_raw.ome.tif,crop_seg/8ccedbf328b43c5de946cfdbf7418a952e415f895f4946ba99586014397c6e66_segmentation.ome.tif,0.108333,3500000939,16468
299659,2297,LMNB1,M4M5,crop_raw/8941be54aec41936b1ba6055a4c041a67142e6822d84d2d24dd5643ac16b9c1b_raw.ome.tif,crop_seg/b1dc5fce3e27108c0893583a0d2ec11fb79ac91d954e19549b31908e6f2ac9a3_segmentation.ome.tif,0.108333,3500000935,21077
295740,2149,LMNB1,M1M2,crop_raw/511cb9429b7d55131acdedc9f08a10e2ba8e4a561b7e8b67e70ac10c9273e468_raw.ome.tif,crop_seg/b53c282f508951e9b1e3e5e8bb96ca63edf37988286c3613a88db7dc233a26de_segmentation.ome.tif,0.108333,3500000933,16276
284864,1779,LMNB1,M4M5,crop_raw/3c417c3ef451c8246ef4df3fc6975c6d855bf8d8febe303ba1ed915bf4732850_raw.ome.tif,crop_seg/aee0f191cfa88ab61069d36753345667b099f4a16f41e276a02ac9ce44eaf053_segmentation.ome.tif,0.108333,3500000892,14755
295955,2158,LMNB1,M4M5,crop_raw/05a77c5f5ea63aea0762beb80da17d2f0d6523f37360a1f98b274b16cd8b7317_raw.ome.tif,crop_seg/b30b1e9e872810b4b9248a2b0d902bf76fca13b627e7f72bf961d838da72d2a9_segmentation.ome.tif,0.108333,3500000924,20419
288205,1908,LMNB1,M4M5,crop_raw/0d41d3c409f0c0856eee3be2cca1a89670b07bd3f127133148d457032d517710_raw.ome.tif,crop_seg/23dd64f0d9b2bb8405d53b8a3501fab18df554c14afac47bd093cabc67de4f6c_segmentation.ome.tif,0.108333,3500000913,19352
307332,2559,LMNB1,M1M2,crop_raw/477c36df4fa8dbff2a41bdabc98dd328971731aad17a1de9e8086978cdab4dd2_raw.ome.tif,crop_seg/5564698a15a948a563ca8a1d33ef28089898a1bb9df833af27ef447ce79fd059_segmentation.ome.tif,0.108333,3500000950,21652
293229,2065,LMNB1,M4M5,crop_raw/b327c2cb2b970905580a4502c108c379923e549cb795eeb20a42cdac3250ce3a_raw.ome.tif,crop_seg/c4c65235962d785f7fb6c3a2b180ac1cc6560838634a80a848bdde07efef0670_segmentation.ome.tif,0.108333,3500000899,18775
286202,1831,LMNB1,M1M2,crop_raw/f0e627f746ef48d3b663bf90442d3026cf8e2ae0307e91a0fec90c376417d754_raw.ome.tif,crop_seg/6cf26b3263bbefa122aaf624b17687d68e0ab8b286fef2d6f3994ed1aa37aed0_segmentation.ome.tif,0.108333,3500000896,18487
292175,2029,LMNB1,M4M5,crop_raw/bf6f3ef8dc5e3c92cf7b66c89b41230c226a6f0bf04905aa2db68ebb6f2f4e00_raw.ome.tif,crop_seg/29d5fa5662c66744b9c6d169764f31cf211cc48970729b0a98c60f21e808c119_segmentation.ome.tif,0.108333,3500000899,18772
279791,1592,LMNB1,M4M5,crop_raw/5178f62ee2d76164dc6ae824c9b94c9f862d4858e7ffc39afee9bea8245f561e_raw.ome.tif,crop_seg/06059341a91d37bd6be37c2978a41494a60542a47643792fd13549b3626e4a83_segmentation.ome.tif,0.108333,3500000875,13974
314987,2809,LMNB1,M1M2,crop_raw/2bf88838dd88c234e857c0b6f84d194721dc749a03d6833229815249f30e12d6_raw.ome.tif,crop_seg/82915f380bd7d7b5b7f73ae9577df83503f68de4edbbfbd6023af4ac67f2f49e_segmentation.ome.tif,0.108333,3500000958,17527
302534,2387,LMNB1,M4M5,crop_raw/c8ef6418d5d33ac0603fd56a88dc9e834154f45c5e8d90108671ae400fc1ecbb_raw.ome.tif,crop_seg/bae06200a567c5e72d5601d76a489bff2c92e75270020d858e06164b743c5ba5_segmentation.ome.tif,0.108333,3500000926,20596
311616,2703,LMNB1,M4M5,crop_raw/fe53c2d2a1287fba3cd0492bb5772e8f69d5445c5a928f0505f7c361e12c5ff5_raw.ome.tif,crop_seg/bfa87828fec88e3cae7ea93b54f02046fd0560cea647c4cb2f0c714d28bceb97_segmentation.ome.tif,0.108333,3500000956,17344
305801,2497,LMNB1,M3,crop_raw/c8ecaa68c24ea97392d202dc306d502c501cbb787800e48ba4a21f0c94a492ba_raw.ome.tif,crop_seg/8496a4cbd4f1449adb5c79691128f7275dffabbefee2fcfadc8e19fe994a4557_segmentation.ome.tif,0.108333,3500000949,21557
304525,2458,LMNB1,M3,crop_raw/105d22fc7594a5db803cc19c56997ca1c8ab2e9f2c98fb6c1f58127be168769b_raw.ome.tif,crop_seg/b2424e55ca0169f4311b3018b67e91997d6368c6d0c3c58e369f3b7f361b0543_segmentation.ome.tif,0.108333,3500000944,16952
302574,2388,LMNB1,M4M5,crop_raw/59735ebe90277389074f05c24ec33b03e29fddf72213591b9a77d2baaed3ad27_raw.ome.tif,crop_seg/766ecad982275bf71f68648788b6963487b4a170464329b8b7ce1a799abde2e1_segmentation.ome.tif,0.108333,3500000938,16372
291656,2014,LMNB1,M4M5,crop_raw/177e1feb75323c08da3c2653b4f89165b4d524aa952c4a7411d293f0c571bd25_raw.ome.tif,crop_seg/6d08623ed89c377bb5952c987de2b6ffda57ee6313ef0bc52d52d3067181296b_segmentation.ome.tif,0.108333,3500000899,18774
286263,1833,LMNB1,M4M5,crop_raw/9d91f7585371bcbcbe17fe4109ddf3ada341e7be96c15a59c519d525361dc5f4_raw.ome.tif,crop_seg/2663207350149199faa78e2fdec9c822566a087937c3609a945af9961d3acde8_segmentation.ome.tif,0.108333,3500000896,18485
302679,2391,LMNB1,M3,crop_raw/2e579d03d3a5748d400883d09b1bf81ef046660b68dc7d2a42897c3ecfde647b_raw.ome.tif,crop_seg/ea0e21c12927715bc815f3c5e0275361d2037309f459f6742bb9408981a37ad2_segmentation.ome.tif,0.108333,3500000926,20598
282917,1692,LMNB1,M4M5,crop_raw/328abd2587f9871d8e959276b164eaaa1e5a099cd481de9dd3be88e7c10e1a56_raw.ome.tif,crop_seg/ae92a36bcc2d91bd414b0409803e34785b9c6086363cce6261993e60c250097c_segmentation.ome.tif,0.108333,3500000884,18101
287007,1868,LMNB1,M4M5,crop_raw/87030098895a663f4d4ef4edde562b2464023bccb6ff194d4a5bda78ef790192_raw.ome.tif,crop_seg/de6e596811ae6c65b546e46fe5fa1bb2ca3b581a7d3971c1674dbf992349d5ca_segmentation.ome.tif,0.108333,3500000893,14646
298473,2259,LMNB1,M4M5,crop_raw/4369861c19af4e308ab55ae42fb5e419279eb47a9bb8827fc9c4d8fc515f21ad_raw.ome.tif,crop_seg/583b16948200158006b79d65bcdbbe9890e7a198d4a289bbb4d40e84170953ab_segmentation.ome.tif,0.108333,3500000935,21077
288235,1909,LMNB1,M4M5,crop_raw/6da856619431f10b6f5c9c5c8283c0d3e83ba4f655987491456a273cefda5bcd_raw.ome.tif,crop_seg/ce7d6485c5ad56eae67c0e2b9ef8c1e859b1fdcb335123479b19fe0ce83c79e7_segmentation.ome.tif,0.108333,3500000913,19362
301238,2347,LMNB1,M1M2,crop_raw/4435c5448aedae2dd52e1535c06a09d1ca62d516f36e3dce0dce31b9e7dd6267_raw.ome.tif,crop_seg/d8365d22058cc3e710225ff9e32861ebacf87b4fb885ce08a74a53dbd2862370_segmentation.ome.tif,0.108333,3500000939,16470
313372,2759,LMNB1,M4M5,crop_raw/22e44a271471a88629ce2b72784a98203b21bc3a8be86df90aafa692fc841c9d_raw.ome.tif,crop_seg/c212d4b5ab0b0e228165183179e4e75e0b688e0600f0a26e1bba19634c99b8bf_segmentation.ome.tif,0.108333,3500000958,17525
291693,2015,LMNB1,M3,crop_raw/bb5234a287a503045a1463970b79d4376332967bff7103cd10c8b08e92f316c9_raw.ome.tif,crop_seg/b3c9008b37081ee6ef8b731d2e8c33041e9b447ca297b87f19af93bc9f50db6d_segmentation.ome.tif,0.108333,3500000922,20225
303906,2430,LMNB1,M4M5,crop_raw/dea4a74fe190a1353f602577baeb746b4b97d6065bdd527a25e463a55a017b4e_raw.ome.tif,crop_seg/033aaa47d14466afc05f30d09b79e9391aca7a03fdc0eb8fc51625d4ea99c165_segmentation.ome.tif,0.108333,3500000938,16373
300144,2313,LMNB1,M3,crop_raw/4e3c8a86015102c09546111807da144794d8004e5a42849e68b0de80c5dd62c4_raw.ome.tif,crop_seg/86a944e90bc063575788f36d05d4fb3b5aa32bf4f3b7214ec8d7ef9a98278456_segmentation.ome.tif,0.108333,3500000935,21088
288773,1926,LMNB1,M4M5,crop_raw/69327140012c7be25285d8613a2aa3c6736814d01bb3535524a31ad12dabb6b4_raw.ome.tif,crop_seg/a20002cb5ff097b76a817d81a6f118b26030e6601a8c6dbf84eefaced0cd2aff_segmentation.ome.tif,0.108333,3500000913,19352
314003,2779,LMNB1,M3,crop_raw/8ba3b72226e67104a29ec69c8099beb59a0f19821f8a6c3e7a6b6f89312e89c4_raw.ome.tif,crop_seg/20567ad209df5bd6cf3f8eff228d5c4199741fc8aed953c3117a64b08cd136ed_segmentation.ome.tif,0.108333,3500000958,17536
313437,2761,LMNB1,M3,crop_raw/f17d97b9f7f1f5c60ce4abcf862242459ce5497699805ecfacb0b7f719eba1d0_raw.ome.tif,crop_seg/a0edb1cdbaed3c3b3455b7c4acc7652b2068669c415af537efc564c01eac4565_segmentation.ome.tif,0.108333,3500000958,17525
304944,2470,LMNB1,M1M2,crop_raw/dec2acef6d63aa07b2c2a898f29879e9916f19faee0f97e2cb268070cc5a4b58_raw.ome.tif,crop_seg/4d97865370343ee33db205d83efcf0a05861edf316be2ac390cbe69cd94284aa_segmentation.ome.tif,0.108333,3500000944,16949
310441,2660,LMNB1,M4M5,crop_raw/d53c156b989fad33d35c5788bba073ea3d48962ada3c9c23a884bb833eb8e68f_raw.ome.tif,crop_seg/058c53ee74edc84869facaa56f53e6342b73e339c3e131c80c0d8ce4ce034feb_segmentation.ome.tif,0.108333,3500000943,16854
296915,2188,LMNB1,M4M5,crop_raw/4fae8981b453974c010f4883056d0616fe42181cb52bf49a9313e7e985a696b1_raw.ome.tif,crop_seg/07a9226296c3089c127724de23e138623f0cd8b161599a18e1e578d761ce37a3_segmentation.ome.tif,0.108333,3500000933,16278
295297,2136,LMNB1,M4M5,crop_raw/ff6221da5ff350e11aac9830f12164e4f0dd7d64c580c08e353040b9de709737_raw.ome.tif,crop_seg/46afc5de313064dc8c0345dca8566f665f25c7b6d0648b6a8daf8c2cca23291b_segmentation.ome.tif,0.108333,3500000933,16277
302928,2398,LMNB1,M4M5,crop_raw/cec83f3d10066e44dc4792930d04255e4ae5f696c6454daa8e7121ba51d66512_raw.ome.tif,crop_seg/e77bad8baacdf4dec2c807aa1d424b4fb71fd36779e279df9088b1b06439f412_segmentation.ome.tif,0.108333,3500000938,16376
297528,2207,LMNB1,M4M5,crop_raw/5d17d8bcdf1ab52edf10629bbe6deef3edf62fa13e573547137c50c39bd8a322_raw.ome.tif,crop_seg/51fc9f4e8d98dce9b4cee4a993fdf03515737bca7dafdf7f722ebf787f86c176_segmentation.ome.tif,0.108333,3500000924,20407
290691,1984,LMNB1,M1M2,crop_raw/4a6c8a6fae8965cf45edbb852614aa132725f7318779994ceca7d12884cbd897_raw.ome.tif,crop_seg/dbaf46096059b80b2c87a4d8d9237897ae4d0d39920e7e16f5b275a921ef2e32_segmentation.ome.tif,0.108333,3500000922,20224
284502,1759,LMNB1,M3,crop_raw/e4294f863d3b195d01dd3f508f16f11fb45a3c0ef5931ed7a4f6e318fd4cac6f_raw.ome.tif,crop_seg/420cb73a1615f7c5f332d68b284bdd7777bfc4ee1b281f124067213a5a415584_segmentation.ome.tif,0.108333,3500000892,14740
300994,2341,LMNB1,M4M5,crop_raw/07d3395d6fe307107d1465ada0849e9e9c60fb236c0dab83e008a6ad0fe8574f_raw.ome.tif,crop_seg/bed94d870099e8879a78d0a280a901b7d0b4cf235e1bd29f1020d73b69464ed9_segmentation.ome.tif,0.108333,3500000939,16469
303239,2407,LMNB1,M4M5,crop_raw/538614d6677fae22f31113d5d3e090ac8886e4ddd1bbc5d682cc0521c8b7c619_raw.ome.tif,crop_seg/920955c4c43a7a37f24db266d2ece99ca07f84002683b1f3475bfbd88b7895a3_segmentation.ome.tif,0.108333,3500000938,16376
279492,1582,LMNB1,M1M2,crop_raw/e7bbb5e91b910336e08aded35c196111574e96b2455086f1cfad5a20c3f03dd9_raw.ome.tif,crop_seg/711ba2af15f35f8d9d96ee3626d1c154d4259df6a3f451abff0e6e6f7d9c8fd9_segmentation.ome.tif,0.108333,3500000875,13973
297828,2216,LMNB1,M4M5,crop_raw/6e2fd3afcf183f9efc4628548e2c315437b69d91788c3f77fa7ffe9c2e829e06_raw.ome.tif,crop_seg/39d5f5f5b5c17311e82d92f8f22f500634b627e6eccee247faef5d818037f539_segmentation.ome.tif,0.108333,3500000924,20408
306378,2514,LMNB1,M4M5,crop_raw/bc0f6783fe103edda08d6bb825e3bba7fa2d9da8ee84bdb633c70d7d0bd7eed0_raw.ome.tif,crop_seg/0fceb22e407f7889f0168d9c7041522e3a5602bb9dcfedcf9b0feca70fb70382_segmentation.ome.tif,0.108333,3500000944,16948
280949,1630,LMNB1,M4M5,crop_raw/c38e98a818312dc676749015edb587d725f301866501e894db1e376f5ed6fb80_raw.ome.tif,crop_seg/f9d2aca5555dac928859bf08983abdac14e9257810a2e59ef06ea4bbf56d4a73_segmentation.ome.tif,0.108333,3500000883,18008
301735,2363,LMNB1,M4M5,crop_raw/94226b07efad57a5686d9c666d96f398a6b5f35e6921024785598df2a7a100c0_raw.ome.tif,crop_seg/f5c10b368dacfff3f14c654fc1cad6361d1d2f8464315dc4a9364112169c2eac_segmentation.ome.tif,0.108333,3500000926,20599
277500,1519,LMNB1,M4M5,crop_raw/40897d88d34d7d2cc56647f14206ce1d6ba034f3f2651946e8cd2f4884418b23_raw.ome.tif,crop_seg/74850deaee8058e126cb54619f3aca1306bdf74efe7289f5f30abecde1707e8c_segmentation.ome.tif,0.108333,3500000876,14068
291920,2022,LMNB1,M3,crop_raw/1944f8dc6235ce6b43e6f4809617ff3148718b9ae92f054702e850b369b13031_raw.ome.tif,crop_seg/b2b4545824a63f50f1c22bfd9e906e400c94e2cca2299a2c9fc30a6118c64789_segmentation.ome.tif,0.108333,3500000899,18773
287073,1870,LMNB1,M1M2,crop_raw/88d42dab363057870b4af3e44b7ec6248088baa4e762177ed2bc901d79c89609_raw.ome.tif,crop_seg/02755d88c8c2d6e8a0452f9accef892a0cbfcaae7cf0fd5902e38463b5c7ae96_segmentation.ome.tif,0.108333,3500000893,14646
301415,2353,LMNB1,M1M2,crop_raw/ffbb5db5a45f9b2821d59851f0083f70f1fd4861ee6a57d28688ef752f9e60e6_raw.ome.tif,crop_seg/7464dcd91ca064f83f7c457d1eac3d5458f28110b30e2803fe6a8ee386cf4603_segmentation.ome.tif,0.108333,3500000939,16470
301379,2352,LMNB1,M4M5,crop_raw/d638df4c70b6fa6eecab910312c2540fd8ec6cf761c3adfcb3b68ce0e0df11ea_raw.ome.tif,crop_seg/d20109918d5efdbdd4fb915b5d57f809731c321adc7ea5f1aa2c83c47efb45ef_segmentation.ome.tif,0.108333,3500000926,20597
310148,2651,LMNB1,M4M5,crop_raw/be06eb3dbadd853310b2e3887981a47ae3b54ffdbace72978295bb8039530cf1_raw.ome.tif,crop_seg/e1f4a9c1d735204bd6b9db8605c1f9ba036613e27e4ba50db6f3bf5264dbc3ac_segmentation.ome.tif,0.108333,3500000943,16852
298994,2275,LMNB1,M3,crop_raw/e115f5c184fd89b0ab4f77b980e05771b849b9c15617acf7894cd6624b35ae95_raw.ome.tif,crop_seg/3a185329dc215b3b8cff4acb45ee37602525bfe65450b6c9a12fccf7f07851fa_segmentation.ome.tif,0.108333,3500000939,16469
313507,2763,LMNB1,M1M2,crop_raw/b6adb01c387ef4177eea3b899583f9f3c6301a93114e6638839bed07c0f50e82_raw.ome.tif,crop_seg/1da35afb03086fde83ddaa949ec113d2df63d598d2ba72203ccc4cec0cf4c0bf_segmentation.ome.tif,0.108333,3500000958,17526
310191,2652,LMNB1,M4M5,crop_raw/f6481379117c6f2468af37f5c86745f98488222f65fdd63dddd1cf3b11efaacf_raw.ome.tif,crop_seg/8ca279aa2882f2d6bb8c2e69e4307b2af8b06a854f59decb78d32e059502bec3_segmentation.ome.tif,0.108333,3500000943,16855
300405,2321,LMNB1,M3,crop_raw/78301a828017f9fe0cbb91d57096ad282a1f3b5ca26fdfd5c3e4af8453124438_raw.ome.tif,crop_seg/78bd7ec6f4eacb6e05155e4ce1bdef8e84ee426775551d4a76a8add1245efdf9_segmentation.ome.tif,0.108333,3500000939,16468
297187,2196,LMNB1,M4M5,crop_raw/683028b5668180aa28f24ead01e343e3499153896ea503fa8b5a85dc2259913e_raw.ome.tif,crop_seg/d8adba7317bfd59b64f58e7b37796da9ab26389cdc1f9b4d3febb160a47bbeeb_segmentation.ome.tif,0.108333,3500000933,16279
292590,2043,LMNB1,M1M2,crop_raw/ae196021031b40ad0e957264b123f3f9d9ad1810e311cfa52048cab4bdebb55a_raw.ome.tif,crop_seg/2d36773e95557c2138e78d50065b73d4cdbaec13528eebd007dfd9e70e596f57_segmentation.ome.tif,0.108333,3500000915,19542
284823,1778,LMNB1,M4M5,crop_raw/b5ebef315217e9ad8aa02309b0f9fdbf5e6cb1925695a297a7099801d6d59d46_raw.ome.tif,crop_seg/850cb780b9e7d4c28e0f517f11344cd32a4f56f523583121cf207dd13ddcb11c_segmentation.ome.tif,0.108333,3500000892,14754
311243,2688,LMNB1,M1M2,crop_raw/0825e45a6dfb2090891f2f5213c373ed78a06fe0165e6a7effd5e46d8a4ed751_raw.ome.tif,crop_seg/24a2a96f896de61f4fe69b5cf65123a547ef523439412a11c2f472ea2fb2a3cd_segmentation.ome.tif,0.108333,3500000954,21944
313625,2767,LMNB1,M1M2,crop_raw/b46cc77aaef48d088b27cffb31b2bc17720513a8031286277a1fc972ded9d0d2_raw.ome.tif,crop_seg/bb8336ae8fd3ca0e7e591a122140be635d9ea5459c8700346874c7a3f28f92e9_segmentation.ome.tif,0.108333,3500000958,17527
290947,1991,LMNB1,M1M2,crop_raw/d0d2f18577a04eed0d175445d9d38910ef8ded77a93959fa9fdf39e624d73023_raw.ome.tif,crop_seg/e547e7f07688477bddf185a544618fef5e4c8b37d94bf2fc1f95026a57bf705c_segmentation.ome.tif,0.108333,3500000922,20213
299478,2290,LMNB1,M1M2,crop_raw/c7511736203ffc17fc34191074e4ed7b6adcb12f3dd1e8f532a3283631c167a7_raw.ome.tif,crop_seg/49e65b6fadcc732527e0b4bcaaad387b8460d407ec68fa0250fff889309ae352_segmentation.ome.tif,0.108333,3500000935,21088
304441,2456,LMNB1,M4M5,crop_raw/4db797c21c80e206ba9b1629c5b6ead66dfe2ff71c64a006109d8831ca0d206b_raw.ome.tif,crop_seg/14eae9c0a036afca2bc07e57d8c23da163e63af0beff43ec255a1f95dba258c8_segmentation.ome.tif,0.108333,3500000944,16950
305059,2474,LMNB1,M1M2,crop_raw/960139772bf2bb60672fe6561e70f9e6c8d9c57886238053826adf68c0607b8e_raw.ome.tif,crop_seg/cfa3a4f1e5ca2a90cb01de7745890faf7de7ccdc3621023cb7e7fb09664fd876_segmentation.ome.tif,0.108333,3500000944,16948
282686,1685,LMNB1,M4M5,crop_raw/347bf3995d22bca4ad208093b3d6e983ca5342237083590f4bbf9a0ffb1b5010_raw.ome.tif,crop_seg/f1f38075d7decfaf03d82527497c0f634f83875e6a331284bb5db263ebd80598_segmentation.ome.tif,0.108333,3500000884,18101
278521,1552,LMNB1,M4M5,crop_raw/4ce455b39849f99f84c5c042a10e4e597fc8b4d2ef7342a4b5ae8134d850ca0d_raw.ome.tif,crop_seg/b941e8df686cbc9a30dc58174df949bd3dff5db3b4cca4181a50666e6de1c394_segmentation.ome.tif,0.108333,3500000876,14069
312626,2736,LMNB1,M4M5,crop_raw/1f4850e06b2c4de511eaaf8f2b4ca606b9bdae78ae2315bc8a667df90f6a5b0c_raw.ome.tif,crop_seg/b8fa56f2c5983db954a8625d984cb8e8023dcecc7f515bd9fca3666bf1926374_segmentation.ome.tif,0.108333,3500000954,21940
288967,1931,LMNB1,M4M5,crop_raw/4e97c36c86d4dde148b1456deb569a09a01b007744fa9645447e83d88fc5647d_raw.ome.tif,crop_seg/c274c59fedcd0adad6c246fa054c5373122a5fb35cb74ee9b4b266eacb01e0ca_segmentation.ome.tif,0.108333,3500000913,19350
279084,1569,LMNB1,M4M5,crop_raw/4735ee50e31df315e0dea2f0d731a1b3fa7a0e212fb95a2429ff9144d340e107_raw.ome.tif,crop_seg/51bf62e9a442926b40384f2162c46a771732495483fc9beb81d8c70066ad52cb_segmentation.ome.tif,0.108333,3500000876,14070
298300,2253,LMNB1,M1M2,crop_raw/7279b24b7bdc99d33b851b38c3d0845ff66ff3c29e818bb0aca2bca4de253fef_raw.ome.tif,crop_seg/bac1d2753d9318f8f58aef5330d050c48626d085723f2f6350980cf92a08251b_segmentation.ome.tif,0.108333,3500000935,21091
283245,1701,LMNB1,M4M5,crop_raw/b96b53f55751b3cf6dc0817620843c0d11280da982b4bec218d9423b44a99a72_raw.ome.tif,crop_seg/453cab08369572e9270a8677c4332c8d0166458f4a37630f72b74eaeba6d017b_segmentation.ome.tif,0.108333,3500000884,18102
279529,1583,LMNB1,M4M5,crop_raw/29114dd344c0411361748272285e74bd32b5671c0dc004faf3e06fa7a2a71cc9_raw.ome.tif,crop_seg/c0daf979380e4a659b26c620eccf5f04b473265b5a7038e45a9a3125c8aba805_segmentation.ome.tif,0.108333,3500000876,14069
290533,1979,LMNB1,M1M2,crop_raw/6f6031329d1123825ea0beefeb865573bbebe571cf1c2dcdedae812b2cda4356_raw.ome.tif,crop_seg/b6b86ca299088395be6a2b8c453d09fa83cab7057e371ef3cae666dbdcbcbbd4_segmentation.ome.tif,0.108333,3500000922,20215
292881,2053,LMNB1,M4M5,crop_raw/602e8bb2d75b3fd4ca4915ae4ff584fdb6c393e92e9a4ca322592622a0c5e36c_raw.ome.tif,crop_seg/2319d79c0da1b34709ba055ab30d1d6a1bc520bb8b910d9fbc82a0ec95feef5e_segmentation.ome.tif,0.108333,3500000915,19542
292980,2056,LMNB1,M1M2,crop_raw/10947213d16a77741169ac09570d26ab96e39087ba480a362de1d633a590d698_raw.ome.tif,crop_seg/e19eff793579ce11e6fba6defe9d1dd98b726e0e44960f65ca6a4963bbe34a86_segmentation.ome.tif,0.108333,3500000899,18772
277912,1532,LMNB1,M3,crop_raw/4b78c1102d69e99e41e6f720a800ed86ed614c46346ca1d4198ff7d1b1be72dd_raw.ome.tif,crop_seg/ee971fe6c176ab7ed8b1228c2455eeefc4ea811a309dd939f467c7baf757aaa8_segmentation.ome.tif,0.108333,3500000876,14070
298423,2257,LMNB1,M3,crop_raw/48d7d621bf4eb20364d9a1701e5efbe05489cb8638be94e4b8abff437eee9c4d_raw.ome.tif,crop_seg/7bf36523946454a549cbb4e1e2ae73a09ca5a8af91cf78d2cbf000bdb3a8ef2d_segmentation.ome.tif,0.108333,3500000935,21077
306599,2521,LMNB1,M4M5,crop_raw/d4f344b09b8faf5448ddb3944e6fd360ac63bcfa083b2fa139b5667449dce06b_raw.ome.tif,crop_seg/031781178479d99eaac2dc5b4ffb31fdc41eb22b4c52ec67031d9fb1afa52f57_segmentation.ome.tif,0.108333,3500000949,21559
305213,2479,LMNB1,M4M5,crop_raw/7c54b109aae8e2f79ee75d8ff5cd4ab801d728212534699cc11b4c75a2b9396e_raw.ome.tif,crop_seg/e2c89c90f4b770f73220186fb2ab137037d522e1d6951554765bbb69375121b5_segmentation.ome.tif,0.108333,3500000949,21556
300733,2332,LMNB1,M4M5,crop_raw/943eb8f5f3e008b50867405abbd3e554d6f3a095596dc2d058f75cef00f2241d_raw.ome.tif,crop_seg/1cb21ae3f753b8e16b0dd1140b70783be2d7b4bb12caeb5fdccefeae9fbdabbe_segmentation.ome.tif,0.108333,3500000926,20596
299247,2283,LMNB1,M4M5,crop_raw/e3cedb3bcd2251d15ea5f68cae842d2017f2b877d4b014cef90448dd6f40299f_raw.ome.tif,crop_seg/74e2dc157672ae6d7090781bf0935ecdab328a1336d1687f739bdc08429b8f5a_segmentation.ome.tif,0.108333,3500000939,16472
298443,2258,LMNB1,M4M5,crop_raw/715ba133064ff7b5585ea2ac613c57916170d4e26fad4d00b768ddaacf746601_raw.ome.tif,crop_seg/796d5cbe55460dc4f881893ed6d2d95fcfe53f7c7c695f1f9481db055bfea6e7_segmentation.ome.tif,0.108333,3500000935,21091
278746,1559,LMNB1,M4M5,crop_raw/2b4de7642319914cb9917e6d5c3c3d53a35eecd431bad002b2ba61b257f9cfa1_raw.ome.tif,crop_seg/264cac84b79e01970a0ffa6aca7ae3554b9866c27b682cde2ade7582d8ea3c1d_segmentation.ome.tif,0.108333,3500000876,14069
306717,2527,LMNB1,M1M2,crop_raw/26b99f012ba9d1e354e37de9c79b54de40dac37bfaa0e33e2de1b0599a179d95_raw.ome.tif,crop_seg/25779fcb02fc469429815840b18006bf9ac83fb70a627dfcaa1b50326cae0f8d_segmentation.ome.tif,0.108333,3500000949,21557
303000,2400,LMNB1,M3,crop_raw/96432747c283938d432def9ce2cb68ba445b0dc4b2635519a0c42f5aa195d97a_raw.ome.tif,crop_seg/df98de21214d8bc8552415ceec1fa90ceaf7c607de52bf0120dba8671f63b161_segmentation.ome.tif,0.108333,3500000938,16385
311942,2714,LMNB1,M1M2,crop_raw/27e8943e2edab8210dc653336323fda4d46fd94dae03c235e240ca3053383477_raw.ome.tif,crop_seg/afe6537a0f065d0ca6ea13d6be5c229a40b730b3770900d8a5334271d739a389_segmentation.ome.tif,0.108333,3500000956,17332
279979,1597,LMNB1,M1M2,crop_raw/a5605eebbf606303e58868415251e7b70c16cc7d0d0df414707d33659c0d6764_raw.ome.tif,crop_seg/c2014d5060bc4d41574db42186be5e8a724252eaa105afe37e0b320e2d3ff2c8_segmentation.ome.tif,0.108333,3500000876,14068
302454,2385,LMNB1,M4M5,crop_raw/a1d323e84bcc65314475128a1eb92009ab7ad677a20a7ef973a8a36be0f7122c_raw.ome.tif,crop_seg/4de314cad49f76472d7521b5856b675b816ca94b839866eb74814f2b79d84df3_segmentation.ome.tif,0.108333,3500000926,20600
299747,2300,LMNB1,M4M5,crop_raw/112b2ae7bf253445b0bd5bcea06b2d9b5d629d54893bb212d5558aecb97cc0e5_raw.ome.tif,crop_seg/904a87551c2c7d0e7fcacf9ce38c5e28c34d003fcbd2350f5977abc34393ec20_segmentation.ome.tif,0.108333,3500000939,16468
305818,2497,LMNB1,M1M2,crop_raw/f28f97542c9f854e3249e36936927aa80c1e350b0d52bae37d43f72fecab068a_raw.ome.tif,crop_seg/98a74f1c3e6ac699dfc08f6f92cb253684951ebe7cf1a685a0e9b3483f4ad87f_segmentation.ome.tif,0.108333,3500000949,21557
303905,2430,LMNB1,M1M2,crop_raw/939e35301b0098ea19d5b7f37275e730856e122db4227b57b1f04b9f29f9fb93_raw.ome.tif,crop_seg/35b4163ab458997a67025ea54677cd24dbbfa03871b7c7635f4235c6eee760ea_segmentation.ome.tif,0.108333,3500000938,16373
310439,2660,LMNB1,M4M5,crop_raw/224f865e561dc3086e25767741b8dae0babeaad92efc6ab05ca92b7c69bed77a_raw.ome.tif,crop_seg/8bf0fcb8d3b54db0145475607154287c93559429e5ab58ff42d3fdeb663cef30_segmentation.ome.tif,0.108333,3500000943,16854
287072,1870,LMNB1,M1M2,crop_raw/2142b8abaa73e473ccfc3540af2d424dc4859ae15250b7522be4fc3ceafb37c4_raw.ome.tif,crop_seg/4a032ec334579344d046f4c78eaedc01bbcd934b65f35777210686e6ef5e6731_segmentation.ome.tif,0.108333,3500000893,14646
310175,2651,LMNB1,M1M2,crop_raw/4751ec2f9d461fe1aa5059524429c7a4c902f771d9186961f8df34c03f683c76_raw.ome.tif,crop_seg/efb2f8d85161cacfad19c9c8ba9d58b880945c1e34d1573c80b233bd59a8f74a_segmentation.ome.tif,0.108333,3500000943,16852
310192,2652,LMNB1,M4M5,crop_raw/888b3d99cdb282d7f82aa6c369fefac7193f420164b88b825ce4e4f57a6ce7ea_raw.ome.tif,crop_seg/742c7354aeacbbdead9ecd61d87f43a9c94294c35019d8b8c93424168868e5cf_segmentation.ome.tif,0.108333,3500000943,16855
278515,1552,LMNB1,M1M2,crop_raw/d87a4b5c088174a1a4aec6b43d314d4640d47ec859a3576aeba8b4de36b6205c_raw.ome.tif,crop_seg/6661ee28f32cbc65e24ca80f063156206b994028663c17bbb224cc0b4f67ab52_segmentation.ome.tif,0.108333,3500000876,14069
305240,2479,LMNB1,M4M5,crop_raw/63127e5eb429e787466f8747921f234c2c951472f3646408d43f620d48d2b58e_raw.ome.tif,crop_seg/54aadc6e5ba05c100f394d29b1d087997121eb75e5331c0081f89e57207b6d85_segmentation.ome.tif,0.108333,3500000949,21556
299246,2283,LMNB1,M1M2,crop_raw/14e46d9118e98d13bda9520b896f5291a2adea396907ef79cfb53cf1edce2c5e_raw.ome.tif,crop_seg/cbe25c5780fc6adf9489683049342c2f90dbfdd6d6decd744ebcbd8c366b13d9_segmentation.ome.tif,0.108333,3500000939,16472
279980,1597,LMNB1,M1M2,crop_raw/6e41bee59be3ca53eb354256676970815a50a3b030fd7634c452e94ada680551_raw.ome.tif,crop_seg/e15caadda95ef6e89f0fb619d73f4181908d235236bac2ea69cffaa434146bf7_segmentation.ome.tif,0.108333,3500000876,14068
310440,2660,LMNB1,M4M5,crop_raw/479877ebb0810d849e73c51d030e0e7605057941eae9b10384e532351b937276_raw.ome.tif,crop_seg/a04d0e685722ea47d4f0f67c292b41eeaef81aa16efa7a1c01407a1c3bc8c192_segmentation.ome.tif,0.108333,3500000943,16854
527090,10942,ACTN1,M1M2,crop_raw/399e1dba799c12aba2a2464c410709360f692eaa9e670ae4a550b7a9bbfe2cfb_raw.ome.tif,crop_seg/1c056894e67eb8921252117295a82ca66ab0c8f9c166648190cd90c82ae416df_segmentation.ome.tif,0.108333,3500001842,113635
625778,12028,ACTN1,M4M5,crop_raw/6b59e0e026994b7577045d191e67531a0e59363c1f87268880dd0bd1029cab10_raw.ome.tif,crop_seg/d537027a458c7d89e210574b0174d04ccb5350237970b019ae1499909c86f86b_segmentation.ome.tif,0.108333,3500001856,114583
533948,11031,ACTN1,M4M5,crop_raw/5798cff9e60cc02e9194a658f06549f178ad369a01864d869fe94b635247b7c1_raw.ome.tif,crop_seg/f38a0b23567c84fdb08cd2a18b831896d41f20d1af4954fa00bac4d381c78cbe_segmentation.ome.tif,0.108333,3500001853,113923
559716,11297,ACTN1,M1M2,crop_raw/7a49c4a668a25210487e6ca12050e52d14e593e03a37f42ab847134d87eccd89_raw.ome.tif,crop_seg/0f2c90e09367778bb0ed698e89264e6e805a8cdf2b913db9c615da66f685dee4_segmentation.ome.tif,0.108333,3500001881,117845
555945,11248,ACTN1,M1M2,crop_raw/c4da9feab3499eb2d73f3477891b5abc033ce8d9649afa07846839848db1fd58_raw.ome.tif,crop_seg/7b8936e5c9a271a25ca3b7d254d8a049d770d300897c3f0effb44a82bbef1910_segmentation.ome.tif,0.108333,3500001874,114965
527830,10951,ACTN1,M1M2,crop_raw/0d99e2a766bec70c926cfab2be017d47792c9761e37290962275fb7353186cf2_raw.ome.tif,crop_seg/7cb4d4e27fe90f1f0426e88651e5a7f298de44e1b4bbd10cdd9b11c4aba08551_segmentation.ome.tif,0.108333,3500001850,114196
577449,11511,ACTN1,M4M5,crop_raw/adf5b18afa8a13c21ce770cb592667f53af5da916b79a784c46adb31003289e0_raw.ome.tif,crop_seg/a634f8142f61427d13092e63cecfd7c994959f3eb294d77df47e24b1ad78ee2c_segmentation.ome.tif,0.108333,3500001902,116416
534498,11037,ACTN1,M1M2,crop_raw/98c5e62fc85e297a5d71bcd6cd4d08124354e964466f091f06e931a6b5bff03f_raw.ome.tif,crop_seg/ba8179ca79ce3bc1cb63e97ab4d49768783e530ffd955aa239b2d4eb3abae1a3_segmentation.ome.tif,0.108333,3500001853,113921
565378,11369,ACTN1,M4M5,crop_raw/66fb2932ede40e87c991bcbb9a2cd03339a8caabdc924b00919287ab47032b89_raw.ome.tif,crop_seg/00dd2be970ebfc260d42eb55fb263201df4000e6c0e92f26de2a8ad53630e1a2_segmentation.ome.tif,0.108333,3500001884,117558
559271,11290,ACTN1,M1M2,crop_raw/8ea1142971be9449a5205e2332d838ff17d35a281774ec94c798e6b7ff9c1c62_raw.ome.tif,crop_seg/40d104851d7690defb1c70fc351707fbd2cd03f39ff4bd7dd970fb3688e8d235_segmentation.ome.tif,0.108333,3500001881,117848
573299,11466,ACTN1,M1M2,crop_raw/debcaeedfba69badec9cd67c0552427b45169c5e2fbd5e22e5e875268fa89dc9_raw.ome.tif,crop_seg/098c7f2c0a9326b6d0c62da09b9a38a73e070eb34504c89bf3eadbeb2269b861_segmentation.ome.tif,0.108333,3500001900,115831
533592,11026,ACTN1,M4M5,crop_raw/224536c1f781027f0af858fecf32430fa09ba4fcef6c41da42a8ead0d2d5121f_raw.ome.tif,crop_seg/2c8335c415679f89d0845fca4af8694f55413d7a9b12f593d2c0f78f3de7e5f0_segmentation.ome.tif,0.108333,3500001853,113908
529232,10968,ACTN1,M4M5,crop_raw/abcf5352ab776c0c6ea847bb7caeea9c23dc350c21906b3e75a0d806d197f4f6_raw.ome.tif,crop_seg/23d236a9243ba846cedf033177a8021f2b9e6c59c2a00e3b797fbb4ccf3f3963_segmentation.ome.tif,0.108333,3500001850,114211
524668,10913,ACTN1,M3,crop_raw/f3c218cbf4496357ae4ba1d0ca0286d3763f16cef0e4ffe7a859e09c63dc09c6_raw.ome.tif,crop_seg/07129abb9c233757ed4cab21bf319ecb86ccc8768d250503701a4ab992e848e5_segmentation.ome.tif,0.108333,3500001842,113632
566961,11388,ACTN1,M1M2,crop_raw/f079834fe9e996e1e2480adcc003bc3b5a145f32d3eb967d8d9fba5112aaef74_raw.ome.tif,crop_seg/63067ba02cab8146f9e40f47b9cfb168130eb607290a31c62e8e736b9c191884_segmentation.ome.tif,0.108333,3500001884,117557
990045,16755,ACTN1,M4M5,crop_raw/a1980563d0a3e325edd5aaab933dac4ba9b379319edbf5c653499522228c56e0_raw.ome.tif,crop_seg/594d601bd8620597bd72a24e3e451de9a1e2785617acccb6ae2701aa4e0d6e5b_segmentation.ome.tif,0.108333,3500001872,115158
609135,11850,ACTN1,M4M5,crop_raw/7f2182853bafb032983106e9d95d5c5121a25e64ac13db9fc997b6bf4dcde2c8_raw.ome.tif,crop_seg/7e81c30bbb236583e6a1349ffa30b2e4529b2a8f439479e73b33b1956f24aac5_segmentation.ome.tif,0.108333,3500001839,113442
624733,12017,ACTN1,M1M2,crop_raw/8c4461b1123c79f86f1f4ca749b3a7a0dd6220cd0703e24003215b5569167d10_raw.ome.tif,crop_seg/af79c93f324a98aa1606192df1e6700b682cccb9063bdc2a993790a992b7c4c5_segmentation.ome.tif,0.108333,3500001856,114583
579618,11534,ACTN1,M1M2,crop_raw/2d5bc5df0bcc698b234199a392c9638d63d83fa4312d6c7365a1783d0bd97213_raw.ome.tif,crop_seg/66a9a0b6d57fbe099b8aa5757c2481dec93f2f150a84440492b299d8e7aa1b07_segmentation.ome.tif,0.108333,3500001902,116405
571328,11441,ACTN1,M3,crop_raw/ec73f6961cf48c2c412b845dfd27b94484503c42492894fb680112984fcf79a1_raw.ome.tif,crop_seg/be7be74ccdebac6dd0743e35726d1336e3cc02c95c3445eaebe633f82077a51d_segmentation.ome.tif,0.108333,3500001890,115360
536340,11059,ACTN1,M4M5,crop_raw/bc33293c8059a6c402ebd1ec1fbfc20451212c66eb2783ef9e20535a8367d087_raw.ome.tif,crop_seg/97f471431f283ed77c20c7a7b4576fbf01282bfce13ee8079787a7ffd84326aa_segmentation.ome.tif,0.108333,3500001853,113910
636735,12149,ACTN1,M4M5,crop_raw/7c6cc344fbcbfd506fea7e689c15ebfc4f09bc45c2a6f78d2023779af9497c54_raw.ome.tif,crop_seg/00d1e0420269e6b191936d9427fed31b09bd70b7fab09196206a48f431de8ac3_segmentation.ome.tif,0.108333,3500001872,115168
610651,11868,ACTN1,M1M2,crop_raw/d41783a516d829a8140de61964bc4ce29a111b200d5463cfaa449b204fe47b86_raw.ome.tif,crop_seg/fdc03d416334cdace99a419bc9e9e61bcb7f81bc306062d4331a3b6c5572ac93_segmentation.ome.tif,0.108333,3500001839,113432
538601,11085,ACTN1,M4M5,crop_raw/d755d9d29ea13c6da1667b0c3d133fbae431a40f26b21f53146fa02e4aa41a61_raw.ome.tif,crop_seg/a282f532e4cff08c879ed64165174e7271f78bc2f3a10513b55c42b1b548bd4c_segmentation.ome.tif,0.108333,3500001858,114787
572871,11460,ACTN1,M1M2,crop_raw/180c52c0b92b0f2c155f79a20883a28a83a0c387e00d7537175f1dd86329ce34_raw.ome.tif,crop_seg/05354817a3620d01d6256058dea10030f370baac75e8ee9ac7dc7eeb45fc2c1d_segmentation.ome.tif,0.108333,3500001890,115349
534715,11039,ACTN1,M4M5,crop_raw/9894a738d78276ae2f336235cf89a841ef9823466d5a333a0a0e038199d21c08_raw.ome.tif,crop_seg/d6a360f845b36850a010a1f5fc6f91c3368b3b714b1deee13123a92a1409297f_segmentation.ome.tif,0.108333,3500001853,113922
534033,11032,ACTN1,M1M2,crop_raw/fbfe91cf1411bc92a16630ff386fb00168b22afff5fd5b2ee3b539e652c66e0f_raw.ome.tif,crop_seg/79173304bff9e5ea925d52da61ae3dfc034d0c78aa465ab45701fdec35a4714a_segmentation.ome.tif,0.108333,3500001853,113924
942486,14623,ACTN1,M3,crop_raw/e70a30a7522dca4b35459c02a9f5b4b3578184dd955dd535df0fc37a4e88ce40_raw.ome.tif,crop_seg/a5c83805b361117351141a56932423360e096348161b89ff287be4d6810d1ed5_segmentation.ome.tif,0.108333,9999999185,137572
581002,11548,ACTN1,M4M5,crop_raw/f3633e892a960e10456175c876dc982a56751ee993dedaadae73bf67a7270fb1_raw.ome.tif,crop_seg/1edb0c8680ea09f0affd1dd942a38b33eccf6cab94b2f43d645414898bb2a92f_segmentation.ome.tif,0.108333,3500001898,116036
555862,11246,ACTN1,M1M2,crop_raw/c20f535df819ac634e3d2b849b825fd12f2720c210491dfeb58a6f7e34500ded_raw.ome.tif,crop_seg/7c2323344a2474c956745ac0c27f0448c805fe2d830181907871b69a28e661d9_segmentation.ome.tif,0.108333,3500001874,114980
538527,11084,ACTN1,M1M2,crop_raw/19f6445fde21e40aa5736b55087609f42eb082956f23f07487ba8b6116842622_raw.ome.tif,crop_seg/7653e80005157c94bfcb6b1409f7b6d5ba55c0c4d1736c791f2797d67a6a8f39_segmentation.ome.tif,0.108333,3500001858,114788
584313,11587,ACTN1,M1M2,crop_raw/dfd2a506b0a7c420901a147ea01e8c04643d96d8ea6ee0959aa3f95035c0f78d_raw.ome.tif,crop_seg/d332d5ae3d6752b4ac9a8728756e94aff3aa4376ce48ae2ec1c53f57000b457f_segmentation.ome.tif,0.108333,3500001903,116309
538962,11089,ACTN1,M4M5,crop_raw/e234ebb428bafba5b2ec99b47691e6e7ebb57c49d14f15e68b3b748a1815c07b_raw.ome.tif,crop_seg/2d0fccdd12b7b07ca05d6da4f3dfdeaf9984d28e22a8fc8e5ef3cb891bd784b1_segmentation.ome.tif,0.108333,3500001858,114775
626166,12032,ACTN1,M3,crop_raw/271a60d3ca466440b78162ab3f08a24c54c33013e18e883ce3ffb885c726e9e9_raw.ome.tif,crop_seg/cb43225557bb99ee85c4795bafc3ebe79213537066f26ae888e35c49eb1d9375_segmentation.ome.tif,0.108333,3500001856,114583
564759,11362,ACTN1,M1M2,crop_raw/f70ca0447e43efa33b7acefd66f0a8dc6339c7b44bbcba9c4d384c11b3572bc1_raw.ome.tif,crop_seg/0dafca6fe281309dac5f7c6bdb47f53d1a6bc915ecd2acc3b2662ddb6156446c_segmentation.ome.tif,0.108333,3500001884,117557
526538,10936,ACTN1,M1M2,crop_raw/f31f2f7aae7942669e0d288ebabdfec6e10792479fc77c604f84dcb5c6ed32c0_raw.ome.tif,crop_seg/6114507f811a163e03e488460137eac9c789ffb456ce594feb432845275bffb9_segmentation.ome.tif,0.108333,3500001842,113636
974591,16975,ACTN1,M4M5,crop_raw/7bd0816582eedbf738d9cac36681a428be0c862edf458893001eedfbf294e4e4_raw.ome.tif,crop_seg/b1065ea3745eebc58267bdf174868dd3305c55c4c92c1cd59367a26a035735a4_segmentation.ome.tif,0.108333,3500001888,115552
569495,11420,ACTN1,M3,crop_raw/45daffc7f2d4102ebe778b8acea84b5c618b9dbab9a527265164a3ab9cde7d80_raw.ome.tif,crop_seg/dcff5ac3521b1d7336d2ae7f7429e37baeeb06ffe9bf5a9977cd5acc2232e9da_segmentation.ome.tif,0.108333,3500001890,115360
557434,11269,ACTN1,M4M5,crop_raw/f925b00b68f19ba9af6370ded6ffb11c3468657ded4e67c2de807194821c4702_raw.ome.tif,crop_seg/381385d87193e15e0305fc56f4cc188ad60046d0dc3df8449268135b99d32f00_segmentation.ome.tif,0.108333,3500001874,114965
562261,11328,ACTN1,M4M5,crop_raw/e5405bcfb6f336536ab87a8d57a87942120667ae026ae636579007b2e5abb3d7_raw.ome.tif,crop_seg/8fa7c4c34467dbb1dbe4e1973bf945465093260b93dd3f231514ef3ac5c26178_segmentation.ome.tif,0.108333,3500001881,117856
555462,11240,ACTN1,M4M5,crop_raw/1ac3675aba4b6423b83705cd5f3b0e49fce53813525a350d0d991921f1edcd19_raw.ome.tif,crop_seg/1368461292ee707b56cc6ddba7ba4b51198b42ed330f7eb50fc1f68ef375c30a_segmentation.ome.tif,0.108333,3500001874,114965
942794,14632,ACTN1,M1M2,crop_raw/6b9dfc9fe51423665d40db1931e131d8a0fe670395997c576704709baf1221ee_raw.ome.tif,crop_seg/79dae6219f251fade207a1929d998b06082096ff1e6772f6830cfc3a629f8997_segmentation.ome.tif,0.108333,9999999185,137571
587633,11619,ACTN1,M4M5,crop_raw/5b439bac8993ae98639b07d1795aed3a7976ffb1aa37107c2d2c038b313c2fde_raw.ome.tif,crop_seg/2c4dd87ebb9f4c9995adc3b28c8e91c67b86ee8e61a4acc1a734c5bd2b73c289_segmentation.ome.tif,0.108333,3500001903,116311
581272,11551,ACTN1,M4M5,crop_raw/be2c0a5290226bc797f4ef068b7a31883d36515250f648feb875eeff17355b69_raw.ome.tif,crop_seg/97130e9bd66e5926af0e2647df2b505f2727bc42931b43001c17ff8726a90be0_segmentation.ome.tif,0.108333,3500001902,116407
579487,11533,ACTN1,M1M2,crop_raw/6ecaf716869da4d0617ed0386d48ce6d9615034ec6c6bbe5f1daa31386992a98_raw.ome.tif,crop_seg/3b0168dd817795fbf0340d03652f03def39a4cc6ecebbbea8a094a9f333b10d8_segmentation.ome.tif,0.108333,3500001898,116032
578185,11519,ACTN1,M4M5,crop_raw/9f565dbde7ce48c9ad4c294abbf2d9575a050cb752be9093aa659c1736575cdd_raw.ome.tif,crop_seg/538daf813b39c25ba0f884a8a62205f13bac4475994ab4245fe169d129576779_segmentation.ome.tif,0.108333,3500001898,116032
576837,11505,ACTN1,M4M5,crop_raw/220abb6992eaa59a9c68f6ad1b38e6787df3cd450b3bd28ab8cbd3b5c5751f93_raw.ome.tif,crop_seg/0e47228a0bd1c1a48c7ff5091ecba438877985674e2bbce801c3bfd5f4443ed5_segmentation.ome.tif,0.108333,3500001902,116419
957969,15533,ACTN1,M4M5,crop_raw/f7b112c3d4900ec52f8fe7b08ea7d3221e6d103e0626b3e4b0ce1c67fd46e85a_raw.ome.tif,crop_seg/f94ab8bba175ef4fa0c41edad505af7dd37a15a5798ebc05cdab3d59bd649cd2_segmentation.ome.tif,0.108333,3500001872,115160
609690,11855,ACTN1,M4M5,crop_raw/2f358ee2673bb8d2e0a3c60ccb191e1c88254afb7932c4458b124a6a11350c7f_raw.ome.tif,crop_seg/cf4ac2dd9fbbcd1eee73eb842cfcc2d985c7408911af69c963f25c5ac73df172_segmentation.ome.tif,0.108333,3500001839,113442
538248,11081,ACTN1,M1M2,crop_raw/a727950a0e17ebf49ae0017c7e16dc5553f8ec61c79aa5379f3aa82c301de2c5_raw.ome.tif,crop_seg/de7a7fc6df666219dcb9313cae0a7b34ef457ba546940f084ff495b631464c22_segmentation.ome.tif,0.108333,3500001858,114787
956210,15409,ACTN1,M1M2,crop_raw/fa34584c511ada1c4ac205e885d041bc13529840afe393eea593e59ff9e082be_raw.ome.tif,crop_seg/dfbaaff86a035928a1ebf07f15edbd11ee06d03e73e49e1366e7eb0a292207e6_segmentation.ome.tif,0.108333,3500001872,115159
631490,12089,ACTN1,M4M5,crop_raw/9461f0ec939774b12f8c4f15d6096d7015690866786af127dd65ddc3f53006ac_raw.ome.tif,crop_seg/ad18b2e14ddd05d16ef65f25c8f912a9d0ac6b5493dace9ae9b1899aaab522ae_segmentation.ome.tif,0.108333,3500001856,114581
540913,11111,ACTN1,M4M5,crop_raw/ffe76012896f66c3939a70eb2e53655f3b02ae216e90bcf3cc8d2e66698a9d1c_raw.ome.tif,crop_seg/0bc64535f27b910509cc3a6c7fa8997ca5a071ccd519de52cbe044dd6837fe2d_segmentation.ome.tif,0.108333,3500001858,114774
525634,10925,ACTN1,M4M5,crop_raw/f7874fb948c9fd8f96c4476743972071f494f9c7ef3cd398a96b97fcc41c6513_raw.ome.tif,crop_seg/06fb7b6fc010e19838633747067a70862e5c9863e5e4d80d371df17e42f8db62_segmentation.ome.tif,0.108333,3500001842,113633
573632,11470,ACTN1,M1M2,crop_raw/26f44445ae43a4e01fe14edc029ba3fc16c3ef798a7cb3a56f75e9b92aa861ad_raw.ome.tif,crop_seg/92f665dc7aadbcea8d0cc6a0514bd4f7414c4be16abd1fd34052ffb00558a84f_segmentation.ome.tif,0.108333,3500001900,115841
578910,11527,ACTN1,M4M5,crop_raw/8b7a4f763b24f0ab830557c2aa6365fd7a4fe6bb8ffc373ac98d8d090829052e_raw.ome.tif,crop_seg/ebd93d91497294f2fc8924d84212e69bcb3dd27c85f8599f1b850723161027d6_segmentation.ome.tif,0.108333,3500001898,116032
560747,11310,ACTN1,M1M2,crop_raw/87f26d170412850e368e1c9dd1ef0d52d4df5224d503dc39ad51b21ef86306f4_raw.ome.tif,crop_seg/0601339d810aa1c0245416da916708973e50ec5192dc9cdff240e61a8bc8ec19_segmentation.ome.tif,0.108333,3500001881,117847
532223,11008,ACTN1,M1M2,crop_raw/1a09dab12a24817f7be2d77042ff30e983592d6418a49419eacac1ec0950df61_raw.ome.tif,crop_seg/76b2f2947bf025c35fe8bce1184445e3fa46c2a877ec43e4235c5e4e6fbbe0be_segmentation.ome.tif,0.108333,3500001850,114210
630279,12077,ACTN1,M4M5,crop_raw/411273b8077047be1cb921256b711d75c0cf8073c6c5a210e003ca71813f6881_raw.ome.tif,crop_seg/a8bbae9b05f127da62ddf94423b196db036205701c99d3b7a59614ca2459a753_segmentation.ome.tif,0.108333,3500001856,114583
631943,12094,ACTN1,M4M5,crop_raw/c1d45c7a19fe8487b6039ae10888f64e325a8e19b8365b9f67820361075108a3_raw.ome.tif,crop_seg/131ddb4f47a0d4a9c921e7043f980f97107783a6e5069c8d7c0b72be2564dbe4_segmentation.ome.tif,0.108333,3500001856,114592
579166,11530,ACTN1,M4M5,crop_raw/32d040113c9fd2b85ee21bd3cdf71d2e4e3e775cd03e273e07922ad47fed03b2_raw.ome.tif,crop_seg/c98c8e419ad5cb6d42da591d5f2eff48f55b02b8fe8d902250362d2a04dbbd6c_segmentation.ome.tif,0.108333,3500001902,116405
559334,11291,ACTN1,M4M5,crop_raw/e4faee11e0a09b9b39da75fdf06d48c91b87632f1d7a8e0bed5f7431a12aac5c_raw.ome.tif,crop_seg/63fa9dd5c4f6e74555299e46e4d69c0c69377ada17986e02abe568caf2f5c854_segmentation.ome.tif,0.108333,3500001881,117845
584524,11589,ACTN1,M3,crop_raw/80a56deb7ebd126c75fc24e722c4df7773161aaf3de687b5a76bb3e0a2c5aa04_raw.ome.tif,crop_seg/b9629161fe31d838cd35a3e470d731b09ac18b874ff2b3875abbec6477371419_segmentation.ome.tif,0.108333,3500001903,116323
629091,12065,ACTN1,M1M2,crop_raw/c3a2823bc526ae9b0994ef3da64853a945ea9266aa9a21d87a203f8930462da4_raw.ome.tif,crop_seg/234613fce8e501757aacad06009785378b1551236d546f45e630f830b735bce0_segmentation.ome.tif,0.108333,3500001856,114592
575539,11491,ACTN1,M4M5,crop_raw/a0a2f1fdefaefab950d1a7cb6f8f8585832829a1c6a1658b63f8cd44ca5cbca2_raw.ome.tif,crop_seg/0781002ca2fdd2d12720e6b5e1c9bcb088ad88b61816ca424bd529e951040245_segmentation.ome.tif,0.108333,3500001898,116036
531690,11002,ACTN1,M4M5,crop_raw/ecf48d37e5f483227ebadb253a18bff27e8766bc04e02d98f24926c38a6c52a6_raw.ome.tif,crop_seg/f384cd270d76b1db12e9e4dac582331ab69152aceacdfce669d571b09e58d2a0_segmentation.ome.tif,0.108333,3500001850,114208
965933,16187,ACTN1,M1M2,crop_raw/79f08898adcee02b4434b7c60232729234396c9c5a8d87ddb0536c3b4e3fd422_raw.ome.tif,crop_seg/aa4c06d419bf1fffc342af35a5c2befb061ba58585b4af741a0aad16302515f3_segmentation.ome.tif,0.108333,3500001888,115540
630678,12081,ACTN1,M4M5,crop_raw/321c367837a5b46f836c02511e6e5c00dcc7388decf65052d6a21b47a51debba_raw.ome.tif,crop_seg/33a82cd9d6ad059ebab22da7dd3d65010167254e21d2e936a754444ea7cdb1dc_segmentation.ome.tif,0.108333,3500001856,114581
579266,11531,ACTN1,M4M5,crop_raw/db0696090ce6d737d0724ec3de2408a921c5f569bc959b8b5920aa8f99e6a508_raw.ome.tif,crop_seg/7cbc71e19a830f2ee02e1de2f5552dbb7be0fe06192688074b1bc74c3e033a3d_segmentation.ome.tif,0.108333,3500001898,116020
541251,11115,ACTN1,M1M2,crop_raw/3e44529c75a932d1fc53fc531d72acaef55bdd1c1649c1d6520aad773501203d_raw.ome.tif,crop_seg/4a80b48957263c3490097a43b191ea99934084b9a3d841e918033743da595d87_segmentation.ome.tif,0.108333,3500001858,114776
587732,11620,ACTN1,M4M5,crop_raw/a6ef2531a9b2a2057b868bb96d9661bb532238a230e4e93049565729cff640d1_raw.ome.tif,crop_seg/bda5c08fda3cc6372fdff08539c5da2e3445802d948f7935894f57f9c3924f52_segmentation.ome.tif,0.108333,3500001903,116308
964280,16042,ACTN1,M1M2,crop_raw/be574b06794118498e51f02bdaac799521a2e8ba6939803ac07d294d31279eed_raw.ome.tif,crop_seg/de3e3a140b46af215a5d3f0fabda6be303d82c941df5d4811daab13b7f64dfb9_segmentation.ome.tif,0.108333,3500001888,115542
530470,10983,ACTN1,M4M5,crop_raw/db09d3e7bbcafdf4b72e16982f74c6d2edd7bd9ddbb929e2ddd89fa70bb5bd38_raw.ome.tif,crop_seg/1d7aa8671367daa8578d3aa4556af49030cf34d3c1f3486f8389e36981e89e70_segmentation.ome.tif,0.108333,3500001850,114196
525438,10923,ACTN1,M4M5,crop_raw/94d291ec75d2c067a5eda537baff99a78c5941fdde5cd71483e88cc6d1dbc31a_raw.ome.tif,crop_seg/648b665fecedd3332c653bfba5432d3a840857d4ae3b226ddb28f44141401267_segmentation.ome.tif,0.108333,3500001842,113635
554081,11224,ACTN1,M4M5,crop_raw/b585f0cb1508fc22ac1a778ee442f2b5efa1c4daf308f8abe4fce1ff6e446526_raw.ome.tif,crop_seg/fd6f38bc3882964c3b7a483ae880b2053b0ed3c6cf3925edcd47819fc812c83e_segmentation.ome.tif,0.108333,3500001874,114965
560004,11301,ACTN1,M4M5,crop_raw/0125ceed06c6ae00678914aa83e2262182f1bcae9e6fe776abd33c4839d1e9fd_raw.ome.tif,crop_seg/edcbe276918e53a46144d2c69b177eb43375e479c2e8dfc667e4666d5ea5b270_segmentation.ome.tif,0.108333,3500001881,117856
561211,11315,ACTN1,M1M2,crop_raw/e54774c9563c598684f54f4a9835e3e62365d17f7af2d581ce2f57f26a1ffb34_raw.ome.tif,crop_seg/3ea843a825ab4b7750cc415bdf98b86a77936d0d2a1d6502fb6a30680ad52dd0_segmentation.ome.tif,0.108333,3500001881,117845
639493,12177,ACTN1,M4M5,crop_raw/4acc9d2f305f6263c37bbb59aab40dbd16475cb0c86568b48887c29217bc5973_raw.ome.tif,crop_seg/5de5eab06db31504a9731d2fc4f9b0710536845081b20c6e59d7e70234f940d5_segmentation.ome.tif,0.108333,3500001872,115157
572785,11459,ACTN1,M4M5,crop_raw/7dececa1d04faf6db09389dad3895ffcf58ac170bdb383d0dd9f63ab3a0fbf88_raw.ome.tif,crop_seg/d2ed70a7fe60d9fa69784a8d41f18643c50da9d4fb62cbe53b3d15d6a526ea45_segmentation.ome.tif,0.108333,3500001890,115348
525112,10919,ACTN1,M1M2,crop_raw/c7e38811d4c9956cd8418b3705e1f620de174916abcadebb02981f33605376c7_raw.ome.tif,crop_seg/5364b2e0e6cb095e5fbd9a671bbebdf34fb24658fa4bb35674cea81538f01175_segmentation.ome.tif,0.108333,3500001842,113624
526188,10932,ACTN1,M1M2,crop_raw/ca753d8a38080c23a48bf2430f99ac0b3c2c834cb2cb18799ce1da9471c6cb64_raw.ome.tif,crop_seg/71d4496b6fd529b195d356eb9e1faf4a229d9431b13242a38d74b81f6b1684d0_segmentation.ome.tif,0.108333,3500001842,113634
943427,14653,ACTN1,M1M2,crop_raw/fbe2c10b5a1bd77fe99a963d8f70cf954fd739d609116ce46fa861e8c04a1275_raw.ome.tif,crop_seg/440b92755ee6461dc3b308ae9892a429eb379ad4aec4b652463dd39802297b87_segmentation.ome.tif,0.108333,9999999185,137571
524580,10912,ACTN1,M4M5,crop_raw/5a8ebb25dd8a119bc774ddb5446d8ced21241f287fe8556b2b80bd0838bda777_raw.ome.tif,crop_seg/ca1fb944412e30649d9fe39d80fd478c3e0969969432889091a21fcfce1956c7_segmentation.ome.tif,0.108333,3500001842,113623
566280,11381,ACTN1,M3,crop_raw/6cbcb2f3f60b484ade9bd2f6129a0e7d202bd778ee19f8ea600906c476d996e6_raw.ome.tif,crop_seg/6860d72e8052a941891468272b8307bc93fbb4e61642298d4218add479fe715e_segmentation.ome.tif,0.108333,3500001884,117572
567772,11398,ACTN1,M1M2,crop_raw/c676cbfc5c5513f6aa0cce94d13b1d28e35b58501c9509457eaf7030f9dc2d88_raw.ome.tif,crop_seg/c92ba09364c414cf54cc6c72f8a141a4fc6514288eb44ff2140d0603600c328f_segmentation.ome.tif,0.108333,3500001884,117569
577224,11509,ACTN1,M4M5,crop_raw/f7f0c52e43cf820a2ff172cec7fe5b1c6ddbdf32cb1091b5bac8567a54b4f101_raw.ome.tif,crop_seg/5305111a70ec56e02558d3e86b40f6d84ba65faab33f74af4bbbd3270217e166_segmentation.ome.tif,0.108333,3500001902,116406
555207,11236,ACTN1,M1M2,crop_raw/1cab1b202ab1722081ddc76cf4e3e3fd06e772da2ede1b61a2620d78ca25d0d5_raw.ome.tif,crop_seg/3b2320ef4c2bda5d9063210465aad6c6dc1ce0a9e6a2085f2069148715219d22_segmentation.ome.tif,0.108333,3500001874,114964
555034,11234,ACTN1,M1M2,crop_raw/866e6dd3b596a78c4870470f64c9e824916016177fe3b9c285bd513ea3c296cc_raw.ome.tif,crop_seg/c65e165e5648a36ac8b20f7d2eaba52153584e1ee436787f9781b0e39b5e7335_segmentation.ome.tif,0.108333,3500001874,114977
969042,16441,ACTN1,M1M2,crop_raw/41f3a553cc347b38b891cf28cf1c3aa06c1fbffc2e48f276fc3bc5117030d5c7_raw.ome.tif,crop_seg/a4c807f9f578a5cb2b02c532e4b90b0efd0486323b20e722c5bdd960b95d08ef_segmentation.ome.tif,0.108333,3500001888,115542
638392,12167,ACTN1,M1M2,crop_raw/afcc1937fe932e03bdba87e170835bc60711730f4991abde95105b9de0b67a95_raw.ome.tif,crop_seg/e3abd86a0494fe16e9e98c65d246b351bdf7f5a62c6c36a5945ac7ee6c0540b6_segmentation.ome.tif,0.108333,3500001872,115159
585576,11599,ACTN1,M4M5,crop_raw/085b2f4e016ebf3f7cd41ee0eebbc8a14faf883a4a0a7459c3acd3305895d5dd_raw.ome.tif,crop_seg/1da93c09f9cf7ceb2cf6f09b8a7a09d3e4b30459e66066aad1a16ad0660b6f28_segmentation.ome.tif,0.108333,3500001903,116320
564515,11358,ACTN1,M1M2,crop_raw/590b0511103619974d2bb1a68fc247e087e00b9fd018560e5f6fc8bbfd09bb4a_raw.ome.tif,crop_seg/637e4bc3fde90f0b1b72fa3bd1c7fec76e272452829ffe77fbfc86f8ab84b27f_segmentation.ome.tif,0.108333,3500001884,117571
580168,11540,ACTN1,M4M5,crop_raw/c5ddadafe16a006694848caccae9c868b45d8d9c62e6922be866c7097988a283_raw.ome.tif,crop_seg/83e03b972900a5c3aee13cdb9509d215f87e2c590efd439359c88df2b17dfc23_segmentation.ome.tif,0.108333,3500001902,116407
532033,11006,ACTN1,M4M5,crop_raw/23aac26f112c13ffbdebab4631d7ac9cb5d05ca6ba6c08d2127f45476f77b270_raw.ome.tif,crop_seg/df073102421d3dd1e72e0a52d13fcb4a63e5a48609d62372557ab3d31b39c66d_segmentation.ome.tif,0.108333,3500001850,114208
579885,11537,ACTN1,M4M5,crop_raw/1661081291442b6b72b8d8fc43887176ab43c670f76dfb37efa46b454938d174_raw.ome.tif,crop_seg/44112a50e49a9fc3ad49bcaa75d807371f2931e24e834843da5e85e5dd836f5b_segmentation.ome.tif,0.108333,3500001898,116033
562363,11329,ACTN1,M4M5,crop_raw/711529f96395ca4718045a02fca8272880e675b9de50a4353e86125697ddbd40_raw.ome.tif,crop_seg/feee4083737f2f0599732fb1e2ab3cfbe76eef66ccf7403f84c580226fc5926e_segmentation.ome.tif,0.108333,3500001884,117569
954720,15271,ACTN1,M4M5,crop_raw/0919103fa4ac776931ad92b8c828ea56e10760ae3485b0a5e5af86e5c6e52702_raw.ome.tif,crop_seg/342336012b995d35df894450d1ed7725f44a6aa924c1a99ca0246c3f24fc5289_segmentation.ome.tif,0.108333,3500001888,115556
626466,12036,ACTN1,M4M5,crop_raw/bd8b72921240a5da3ebc9f6239b106787302e83618d794f6e10875b5a76c38e0_raw.ome.tif,crop_seg/18dafa7a3597f5b5407bfffa49891d2db193e13be3b5a069e2979d5fc933a76f_segmentation.ome.tif,0.108333,3500001856,114592
956752,15441,ACTN1,M1M2,crop_raw/f6e8e1b1faac36266f5b76d6ce9cdd51acd7fe0c78fea10de4932199eb379d3c_raw.ome.tif,crop_seg/411e11da103dfa3cea37017cb5bc5ca7b876bef2558eac72d5c52a3350676d56_segmentation.ome.tif,0.108333,3500001888,115555
560332,11305,ACTN1,M1M2,crop_raw/72f0308116451c8d72a356555975a92f55a92e44d9f00db05aa30ef926395f4a_raw.ome.tif,crop_seg/0eb2fa6dfa56f87c35a202480cc64f6948c175b453b2109195892b84f8bc142c_segmentation.ome.tif,0.108333,3500001881,117844
956342,15418,ACTN1,M4M5,crop_raw/73e8ce9d5e37d0f1a55cfe02cb3c1be2ea931b862d8c4e84051141b1d6d6620f_raw.ome.tif,crop_seg/305ce1fccacaac8af60fda655462f765482090283b7d04f8d5ba5602dea04e64_segmentation.ome.tif,0.108333,3500001888,115552
943482,14655,ACTN1,M1M2,crop_raw/6de85a2be904dae1fc9c452b60f0e8b7167e76b8e78f48a47fa624252d2695f8_raw.ome.tif,crop_seg/75dc441f66b0e3faef1b6d3c9e8b998e4a6b2ad7cee93461d01afe272eeda56a_segmentation.ome.tif,0.108333,9999999185,137571
558342,11280,ACTN1,M1M2,crop_raw/04c862f03d6e1111ef4d38dd2de20c7987a2d7c47e539def1e97edf361ca60f8_raw.ome.tif,crop_seg/289e967a9a7c67a0265a0960e7be9f2e8628eccb20c32e3713466db1c7bfabeb_segmentation.ome.tif,0.108333,3500001881,117844
957896,15531,ACTN1,M1M2,crop_raw/153819722526fc71b45d85592b8946f83dd3b262f3b3c9361723dbb35006d77c_raw.ome.tif,crop_seg/561e6ba2e2482e8922878cc08448fd09446c596652d008f2b760efb31874a7d1_segmentation.ome.tif,0.108333,3500001888,115540
628721,12061,ACTN1,M1M2,crop_raw/5bc6445a02607ee0d81e86ba02c0f3f84024209811cdf16a8e0ca29fbe92e4f7_raw.ome.tif,crop_seg/5c56af542fc46723a39399f99983d94833ce0c92d90ed1fe5d323658d2439ed0_segmentation.ome.tif,0.108333,3500001856,114581
575630,11492,ACTN1,M4M5,crop_raw/2664ffbb51a40a55ea15602c2ec96f87efdc5068616c2bdc6c2aede22effb918_raw.ome.tif,crop_seg/67e1b9fea6407ddc6a540eafcabb1b6d1163f78b86ef3cdf57f937335ad66069_segmentation.ome.tif,0.108333,3500001898,116034
984817,11212,ACTN1,M4M5,crop_raw/0f1d14e247c30129f99b0b82eef96470c9b7e624dd6da4cbb6ca04a6713d692e_raw.ome.tif,crop_seg/998e4ed5aba8be45e1f29a5ad75c1ad2828633563dcd701aeffaaba3566ea8e9_segmentation.ome.tif,0.108333,3500001874,114964
943406,14652,ACTN1,M1M2,crop_raw/bd5c5706217d8180f80d40fe4b03d33a0511ec7d7a42a7988bce8fc716c2edc4_raw.ome.tif,crop_seg/a21a370f23a75cfc85422b909fa709116a608a781fee1d770bd63f1cd78834ea_segmentation.ome.tif,0.108333,9999999185,137572
526096,10931,ACTN1,M4M5,crop_raw/13e359c378018d96a9a303ea2d5866b1d06b25058f71e0529db2bc34728ffed7_raw.ome.tif,crop_seg/71ef310824d35eb4c803b8c7b14ef287d7df19dbaa4a9beed4d64cfb9baf057f_segmentation.ome.tif,0.108333,3500001842,113633
563895,11348,ACTN1,M1M2,crop_raw/297afbe97331098976e276e43d725f54093484ed16830fc4c0f0fc1f4f201dea_raw.ome.tif,crop_seg/86a0113d19c02b8a1a4143ab5bca315281da991ad443231c01fc2608580caec4_segmentation.ome.tif,0.108333,3500001881,117848
526013,10930,ACTN1,M1M2,crop_raw/337e3d74b364abc65f3b9ad31d34e5be645ef257ed360fe86a0e960d62e2a88d_raw.ome.tif,crop_seg/2a0a6e5c922ce1199c70a694e9c3d9c3c6c4ee067d3d133448ac5fd8341a841e_segmentation.ome.tif,0.108333,3500001842,113620
623533,12004,ACTN1,M4M5,crop_raw/12054a25675ee98b6c695068500dc94b4da5bd21ae8d6364326eeef1cb8ca8ac_raw.ome.tif,crop_seg/be3036301202ec5f5c31e77bbcc1853ebbeaa8e98be54b2b094b695b320dfe52_segmentation.ome.tif,0.108333,3500001856,114584
553216,11214,ACTN1,M1M2,crop_raw/bd74f46ce2f3002441577ae1b14b6ebfd803cb059b9a12ee942d9a67b3ed46cb_raw.ome.tif,crop_seg/ac73ac9fef9722cce89cd199ba60e37c346be94d2ecb61454778ca272d211bb4_segmentation.ome.tif,0.108333,3500001874,114980
575381,11489,ACTN1,M4M5,crop_raw/ad1d767db6865181bcf8b51d88f4b7f6e695a7551896bfd72f26ea0fce2e3ed5_raw.ome.tif,crop_seg/b539ff1e4eff16c6628147bb26ec9039cf5fe84d771591e5cda0aedc263cdec4_segmentation.ome.tif,0.108333,3500001898,116033
540438,11106,ACTN1,M4M5,crop_raw/992cfc8a3d844040e94829fd53295caae5596f1ab33c5022dc87d3be37494062_raw.ome.tif,crop_seg/66ede4a12c499e53a65d48279e3532c10a6672b941e7cd27e84dc63337c3eb0c_segmentation.ome.tif,0.108333,3500001858,114776
627935,12053,ACTN1,M4M5,crop_raw/07c9b6da68031dbeedc714b1bdbe740715c05c96ac01fa21e88ce3035b9a49b9_raw.ome.tif,crop_seg/cd316fd4ca581b9df8d73b948e75baa58cbb8381dedc484bcef8359c4c52d24d_segmentation.ome.tif,0.108333,3500001856,114584
537437,11072,ACTN1,M4M5,crop_raw/711bf293dd6bf5fd6a6208e09b3dc37cc2da0c852edf6186192d9c31783b9b74_raw.ome.tif,crop_seg/2fac52788907657a9edf05f40f8f7645160c55d23e375666987b52fbe5d030e6_segmentation.ome.tif,0.108333,3500001853,113910
556850,11263,ACTN1,M4M5,crop_raw/668bbb614428cccc1e775b3c47a8fb85d074195f33b346ab7e556097b9f374b4_raw.ome.tif,crop_seg/4439e2a5a8ba55725f8dd52933a1cb25e313781debfc84ef55dbb71a56d6c7d4_segmentation.ome.tif,0.108333,3500001874,114980
541163,11114,ACTN1,M4M5,crop_raw/4a772384e26094c79c31f8135e244c97e658fcf095a9e9cf47b55e2a242a11e2_raw.ome.tif,crop_seg/4d73a75b4472b6664680cda4d7f758ca653b736c006b013a520d5dfe67b27622_segmentation.ome.tif,0.108333,3500001858,114787
556106,11253,ACTN1,M3,crop_raw/fe6d080c646094ecdce550e8aa9e59d7902e82fd7759027992893b422294166d_raw.ome.tif,crop_seg/3497d20426b77976ef3434a55471f455e916bac3ef5d0779a605c9f4ecd2304f_segmentation.ome.tif,0.108333,3500001874,114965
956382,15421,ACTN1,M1M2,crop_raw/5b751cc0c91a21888595ef9acde44267cd90e7087803e110c2fb1dfd3b708db5_raw.ome.tif,crop_seg/e9e83be2e2e7081c7251116257e467000ea27864a9854ea37d8c9343cdea98a0_segmentation.ome.tif,0.108333,3500001888,115556
622257,11992,ACTN1,M4M5,crop_raw/6cfd77ec9f4913482c049cac15c2ceb5b0a75f194acd11811cdf920928a99f20_raw.ome.tif,crop_seg/6adc45f240cdcf413519367be0234bd682f378493f364f17478846766477b45d_segmentation.ome.tif,0.108333,3500001856,114583
955898,15393,ACTN1,M1M2,crop_raw/1a9cbc1d51f0ec3a137e441881bd75635d3750f82548080eeb36a6ac68684fef_raw.ome.tif,crop_seg/547a04ee00bae46fe90a13a3fef2ee90e4ece5474cdca8b46c7d20c25e2886ca_segmentation.ome.tif,0.108333,3500001888,115542
525921,10928,ACTN1,M4M5,crop_raw/c7a7f61ebebadea79d22eb9b4de47cd7aafbeb5eda13739489843a4aeae61f24_raw.ome.tif,crop_seg/c520774c567a3537d4934acfd1f066e759babc400cbbd8de34cff69c7dbe2e9c_segmentation.ome.tif,0.108333,3500001842,113620
974444,16956,ACTN1,M1M2,crop_raw/c06d0d5457a09218c27debea0f7cb81d2753f2b54aecc40ca6f45823b8d52d6d_raw.ome.tif,crop_seg/4c3ab0604ede033f2f399a65e7343c0ca03aea1595a19088b18b96d2a14db200_segmentation.ome.tif,0.108333,3500001872,115160
943504,14656,ACTN1,M4M5,crop_raw/f64066d9bfe14ddf0b48cd77bad9faa66975b559a45c892e97504eaa502670d9_raw.ome.tif,crop_seg/3c46eeefe09d9f5287eccc9474daaa25ff73a21ec7447492f506385b4a3cfdcf_segmentation.ome.tif,0.108333,9999999185,137582
627489,12049,ACTN1,M4M5,crop_raw/71ceade02867ea0af03ada6c9f0544626c28cf78324d0ed636b979fdccdfbf6d_raw.ome.tif,crop_seg/5f4e20f331a6120d89b1eeb2bb9ad48902ef2b8dd42235b16f4bc5442b084fee_segmentation.ome.tif,0.108333,3500001856,114583
637212,12155,ACTN1,M4M5,crop_raw/58131f8e091460ba9e2dfcf009f3c61ef1d9bfdb7ccbbcb9669f566353a98853_raw.ome.tif,crop_seg/28dec3934dc61ecd35b8907c8cc05a18428ac982f62aa9aed8284bd708ee1026_segmentation.ome.tif,0.108333,3500001872,115158
960635,15742,ACTN1,M1M2,crop_raw/44e45012493a2fd76c753a791bb3600febcece00e84d5fea83d265308b255db1_raw.ome.tif,crop_seg/28acbc45fe1a42df97eec13a7cae01d07f1df3e8315c674568e6ff677175e3a8_segmentation.ome.tif,0.108333,3500001888,115542
574859,11483,ACTN1,M1M2,crop_raw/267335bed9e96d29bdc47759a4c29d9ffb66004bccdf4e536ec2dbb607aa6b84_raw.ome.tif,crop_seg/7c7ee1cb75ff3cdcb1f686636efde4e9a65ae4086ee18eb6f288d0969ac8fa7a_segmentation.ome.tif,0.108333,3500001900,115831
536190,11056,ACTN1,M3,crop_raw/57bb5ce9d6ebb837d51607f38cd81e085fa84389f7e158a0c852aab07e2cac43_raw.ome.tif,crop_seg/e41a68fdc8991e7d5c7b9fe963ff6eff8384c92fa3ab69b9fdb881127eb7cbcd_segmentation.ome.tif,0.108333,3500001853,113920
530220,10978,ACTN1,M4M5,crop_raw/57e1c443dcf6c5fdfc75be3139873bcd695209b4ff8feb630a5159efa559aed6_raw.ome.tif,crop_seg/9104c1808db4d90330d01a4b178737f28bf27b2076e771f920256eb643442601_segmentation.ome.tif,0.108333,3500001850,114200
586640,11609,ACTN1,M4M5,crop_raw/23bdb4cedc92ca73e5591537ff3be9a611ba7960e364ab476ea322108f2afca3_raw.ome.tif,crop_seg/6fd02b17f59d918632dfaf9c908294025f2fd1e9d3dc0e8dada8fe5b9736f6c2_segmentation.ome.tif,0.108333,3500001903,116309
574721,11481,ACTN1,M1M2,crop_raw/696fa470fcc501a95fcd0d7b9a95ec875cc6cee2974b5e81b3c73ac8767c8ac6_raw.ome.tif,crop_seg/4845c7ef3c6ac7b1edbe38a6f26dfd53b0161932071925fcd2d4ead3baf048d3_segmentation.ome.tif,0.108333,3500001900,115830
541903,11122,ACTN1,M4M5,crop_raw/392461d6bd841025af1c9da542829e8730879c524d57a60d51d52d79b8602a96_raw.ome.tif,crop_seg/e624853772377e0e780e33e2444959cbb901c806d90687a571e7e8400ce31bde_segmentation.ome.tif,0.108333,3500001858,114787
576118,11497,ACTN1,M4M5,crop_raw/4551c8bc4a41e5e90b3942614abbf1acd8b18bf1654ab3a62cb474de314a5bf1_raw.ome.tif,crop_seg/f68c8884c2afe68267f7aa7a39cd087679869accbd7eb7ab10c0ecefb8ccb2aa_segmentation.ome.tif,0.108333,3500001898,116034
534307,11035,ACTN1,M4M5,crop_raw/d0ed83b4b1147675390fdfdb190889b6552de7a9e3c5da22cfadc13a88f437d5_raw.ome.tif,crop_seg/dd18703d8d3d3b875bc1b242f7ea2c9dfdafed380838c001941bb6539d19d3c5_segmentation.ome.tif,0.108333,3500001853,113922
962445,15902,ACTN1,M1M2,crop_raw/68ada3560e92a96acb0c68a8c6be461251ea5efd7b9a182e0568eefd860995b2_raw.ome.tif,crop_seg/8043780fb564413d349adcadcd44bc181e4bf38753074543758f75f215e0c22e_segmentation.ome.tif,0.108333,3500001888,115555
568232,11404,ACTN1,M4M5,crop_raw/2075dcc0f4d3c0f4f7a054b47f4cba56c8da0a7a33e59973d7ab572a2065bb37_raw.ome.tif,crop_seg/36bbd6d97d4d2ec9e84969188c080e7f67b0f75acc907e3739c7273c1b71723e_segmentation.ome.tif,0.108333,3500001890,115351
525731,10926,ACTN1,M1M2,crop_raw/8dbcd60ff81a877d4c1951467f3f818cf444c8b4d10d34cf3c40e9ab3557e7f6_raw.ome.tif,crop_seg/790d9bb753606f0db78bed4c5d3a7e7037291fda7fdcdd8d8ff53d447064175e_segmentation.ome.tif,0.108333,3500001842,113633
576402,11500,ACTN1,M4M5,crop_raw/30bcbe6691c389d8e63f62ddd6308e12eb2fbe854db6785fafd27ba2c463722b_raw.ome.tif,crop_seg/4b0f6945b429785d071b0ba7c30e92b38c2df85a685493c3ad32292f8e4cd055_segmentation.ome.tif,0.108333,3500001902,116416
631836,12093,ACTN1,M4M5,crop_raw/bf96445d2616d2333915dd99f66e404f3def3466f279110d72ca131fc27afb5b_raw.ome.tif,crop_seg/63f9624a94c2c641601c8ab600f28df102581c98d1cad50bc27b810862adeb67_segmentation.ome.tif,0.108333,3500001856,114583
610838,11870,ACTN1,M4M5,crop_raw/8f6197208e285c54360177fca190a9317fa4dfc0384af5bd9a9de5d3da92107f_raw.ome.tif,crop_seg/0d20f346c2f76b89508dedcd586ba41fcdddfe2464a68f4db2f12037ce7aeaeb_segmentation.ome.tif,0.108333,3500001839,113444
567867,11399,ACTN1,M1M2,crop_raw/b8e3a8eae169c9824fed6bee45bfe84787e9e2761abad910f253e8f718dd1b31_raw.ome.tif,crop_seg/924c4bd4ca375122b8742752e287ea527f7b14f2a366686567d3a4af443b3eb0_segmentation.ome.tif,0.108333,3500001884,117571
554937,11233,ACTN1,M1M2,crop_raw/6b43374f2d048e62d30edcc848f05426063496826289b7e758de678b7abd74ae_raw.ome.tif,crop_seg/fee686d61fbe1038e80c807909a8e22a210fa7e509b47b7dd819a0590bfad941_segmentation.ome.tif,0.108333,3500001874,114965
541447,11117,ACTN1,M4M5,crop_raw/af90b6bdff08c7ffde74870002bb8b1e101226e196c6d70959dbc42bfb80d122_raw.ome.tif,crop_seg/5aec2cc07d4ce592f832354a63285990ec6ab364a6ee4f418cd9cf0788806bb1_segmentation.ome.tif,0.108333,3500001858,114775
526276,10933,ACTN1,M3,crop_raw/96b9800c044aaa37bd9c3db62a328b9ef45ec0a9c0e0bce09ac7e58a45e17ac8_raw.ome.tif,crop_seg/71a0e4520a4cb9ebef64f7a3e564876829b345a84d72eb52b79c4aede7b7bea8_segmentation.ome.tif,0.108333,3500001842,113620
540561,11107,ACTN1,M3,crop_raw/ce5176434b951006c96de71746617be9f92d9a1fa8f2bace505ca5ccf5c3c4fb_raw.ome.tif,crop_seg/8fd56638c181eb9d4fe05d702e2540686e63d249048d75d038dffca014ce77e1_segmentation.ome.tif,0.108333,3500001858,114774
588165,11624,ACTN1,M4M5,crop_raw/7428f2089154055a89418d98b6df934214916f4e25985caaa645d80d38e3d4fd_raw.ome.tif,crop_seg/434b643e51d0440c78d93a59d054f05be254aba2fb1a5616fe5c8fb95f5da83e_segmentation.ome.tif,0.108333,3500001903,116308
574769,11482,ACTN1,M4M5,crop_raw/fc550ac13f76ba8cb85354c60b8e06cd88d4a4497f308228d40084811718caad_raw.ome.tif,crop_seg/28423808bba9d352d7f2ae3960999a9ecadfb727fcb0dac73036503cea66e931_segmentation.ome.tif,0.108333,3500001900,115831
539585,11096,ACTN1,M4M5,crop_raw/0154a24cbc16692757672fec399a1eb519ea7340ea751d4fca5fe39df42e3b93_raw.ome.tif,crop_seg/f14aec50438bb7ba45f0e27902ab9cfc91d0d79a217bdde268061ec54119d79d_segmentation.ome.tif,0.108333,3500001858,114787
574552,11479,ACTN1,M4M5,crop_raw/6464a79b09069d0021181f18b1a8feeadbbcb9c53684ef16a28d494a97174af1_raw.ome.tif,crop_seg/ca099719a4922bc2e24a6a5a1dbe53b7d6b0415a0aacec762d0f7c2deeb9b09c_segmentation.ome.tif,0.108333,3500001900,115831
624250,12011,ACTN1,M4M5,crop_raw/7523f09b57a2970b10766e4fb922914a4947680d25f60d8a2b6e123187d1d073_raw.ome.tif,crop_seg/cc199ff7a16ec3a351d671e5af71562ffd464518e2bfdfb2f23cb3b8ff6f41b5_segmentation.ome.tif,0.108333,3500001856,114592
985766,11376,ACTN1,M1M2,crop_raw/f3fd616999c9fa33e01440d2fd0536eadc7ae7fc6857c3e38de689c55cceb630_raw.ome.tif,crop_seg/caa966c25a37c4cd34bb3fb02da887348a19057dfaa86f78addb541567950eb4_segmentation.ome.tif,0.108333,3500001884,117572
561766,11322,ACTN1,M1M2,crop_raw/b6f0352ea9d9e8aa14a5a352c09600beddaab0b7a53aa70ba07bfbd34487f72d_raw.ome.tif,crop_seg/25c92a5f6d80094a59421022cd04f77fc2c2a8e41bac7cfe8e4ccbfd7977e386_segmentation.ome.tif,0.108333,3500001881,117845
610729,11869,ACTN1,M4M5,crop_raw/72f831e2a143ec19e1d5e9bda443a182d6e0acd031124ff641a0242d69291020_raw.ome.tif,crop_seg/3501cafbc68cc3d228fbf7fd1544e605a1b00ad8538916940461761ab7438bc4_segmentation.ome.tif,0.108333,3500001839,113432
526717,10938,ACTN1,M4M5,crop_raw/eeb1a3ce25cc25fa636ec574800fd4c48f0b9e74737ea50b603bd4e92d3bfb50_raw.ome.tif,crop_seg/b140f7bc72daf5209bca41b561e2cde6eaa30dd18d55f8b7c7a5c9f33654d634_segmentation.ome.tif,0.108333,3500001842,113633
609578,11854,ACTN1,M4M5,crop_raw/5c7e015f26a5612df1ef3c8f07d5c276372f2fea758e0b2d1f89b834ab68ed91_raw.ome.tif,crop_seg/9680df0705ae3a9a51b1d742d351584531ac3bc13b7b77f2bcecfcde150229ad_segmentation.ome.tif,0.108333,3500001839,113442
535487,11048,ACTN1,M3,crop_raw/e5c8227a5bdb17c70568a18087a8a254522cd1fd2e536778b022dba04541797c_raw.ome.tif,crop_seg/864f9eeb3d4ce008aba9f0067ed61b6ba8d00418e15c298d0d0fe32284805d48_segmentation.ome.tif,0.108333,3500001853,113910
629319,12067,ACTN1,M1M2,crop_raw/465b8a7c222c030eca31a0bcfb1f11ada7feaa9e1e5de6f9de07b6b12aa86cde_raw.ome.tif,crop_seg/cb7a173e04ac78869de8491737f2a8df2be6e55e965969acea27d49562a4460d_segmentation.ome.tif,0.108333,3500001856,114592
571250,11440,ACTN1,M1M2,crop_raw/02cdd0175ee0de08aca87118c8d127a19b5da29f7684c421d4a6adce9aa960f8_raw.ome.tif,crop_seg/e18b4e73e9a0fe1e3496ea8c539226b2b4f93319cd7353eadf7c022c1bb0b5a0_segmentation.ome.tif,0.108333,3500001890,115360
963613,15990,ACTN1,M1M2,crop_raw/53fe812eda93ae4270a043b5c5d1458601f92bbe140e2ec1c09e39c9b68b44d0_raw.ome.tif,crop_seg/0a160f17bc3192d0b7769235b321846d7fa2819b09104904e5211819bc677883_segmentation.ome.tif,0.108333,3500001872,115158
534983,11043,ACTN1,M1M2,crop_raw/fe93c093a67204a031ceddce1525c17f1171a169f10aa81ac007ce9b6f9d3237_raw.ome.tif,crop_seg/4bfcab4c5df3674bdc72b50cfa1cd7e5d2a61a0eb94e4969d2937f7e1d6ffa75_segmentation.ome.tif,0.108333,3500001853,113911
574436,11478,ACTN1,M3,crop_raw/9fd1b6d7b5812e054a71f4a7ac6c3e419ba436750a8538683775d34afe8c6fc1_raw.ome.tif,crop_seg/dc4f387bd4243c4ac5de8e5dcda0365f64b3ede2186e3d389d44725ff1b7930a_segmentation.ome.tif,0.108333,3500001900,115842
574953,11484,ACTN1,M1M2,crop_raw/91f7c747f31d26b239ffede2a479aa726c99ec5928b446653ae693972354d989_raw.ome.tif,crop_seg/e16656b4ee8d3a469f024a499a3388c6923a84bd98580e81a9f5e77fcd878c35_segmentation.ome.tif,0.108333,3500001900,115831
962110,15882,ACTN1,M4M5,crop_raw/74bdec909ed378c50a6b68a986aab40c8eaad5a5c0d7a7803300a6ca2d414c9e_raw.ome.tif,crop_seg/b9f8e143ed4b287910787285ce831dceee25cc2d9916d7a215c292d8c8901adf_segmentation.ome.tif,0.108333,3500001888,115544
575217,11487,ACTN1,M1M2,crop_raw/464bbbb93b0759f6c7dbd24e2e9ff69ee5aadd67dc8f3fc8365db5a68f579f7c_raw.ome.tif,crop_seg/a0cfb2d9e916a7ed2411e2cd9e3ebd7b18a0d675c4932509812981fa2d8f29de_segmentation.ome.tif,0.108333,3500001900,115842
632057,12095,ACTN1,M1M2,crop_raw/7a30d4739b09ec3d411ea96e9851491c35d6511543a501367f869df6ba38788c_raw.ome.tif,crop_seg/5d36705f03f95aab1d9cb574a3e3ce433ee0ff8ec76978fd8ff6ed1fab69ee73_segmentation.ome.tif,0.108333,3500001856,114581
533497,11025,ACTN1,M4M5,crop_raw/7287e1901080e10af4812e7f84e7dece5f4105121a0c66e086efba2f7ebbde3c_raw.ome.tif,crop_seg/6cfbd1d7f700f1d21cdbb511950db20b28c429aac6d11f1ea79f479f35142089_segmentation.ome.tif,0.108333,3500001853,113912
610930,11871,ACTN1,M1M2,crop_raw/a6cf1ff473979ee3a9367e4a1655ad5d6bbb2ee089ac70d18185b7c23a156ec5_raw.ome.tif,crop_seg/bb0b1f437efd7e2605cb1720df012d53db9ed72bc7f91436394092901ce4122c_segmentation.ome.tif,0.108333,3500001839,113444
622678,11996,ACTN1,M4M5,crop_raw/7c04fcceec735d1d8424bfe824e84d44a6b74a11eba4594c58226a168f7cccf6_raw.ome.tif,crop_seg/49c6d1f0613cf0bab6939a9b7aa5bf244f1f615ff2c8d752063a5953bd27df34_segmentation.ome.tif,0.108333,3500001856,114592
534641,11038,ACTN1,M1M2,crop_raw/bef184efd23ed41aede554bcdde9bf39f507dfe19e483e30cfdba7dd1b1a728c_raw.ome.tif,crop_seg/1cadc45eefd077aa0f0b69b6dd599092d9c479ce565bba223a7f56e1051ec76a_segmentation.ome.tif,0.108333,3500001853,113920
630088,12075,ACTN1,M4M5,crop_raw/2b4c2646cd4d98a64512f6fb11cb6e6e0496ed0e16861730f11c7c636116763c_raw.ome.tif,crop_seg/34bb2af73ea5a534fddad430d563379f7850819ca2a2bfc6d4f9fe24af00a2c0_segmentation.ome.tif,0.108333,3500001856,114581
960296,15716,ACTN1,M1M2,crop_raw/5d64ff939ee2ca5b5906c6e339d8b492eedfe8ed82809a53089eb209dd72b6b2_raw.ome.tif,crop_seg/b56fe69497dc540cf8dea87c74f12c62d4377e2ed65bcf920dba500e4c5efc4c_segmentation.ome.tif,0.108333,3500001888,115554
954676,15267,ACTN1,M1M2,crop_raw/d62c8cc6b67874040db3b8efa08bcf6555df9e59e8c2817fb17a5b95fdf8ed1b_raw.ome.tif,crop_seg/f20208c92bc5301d1909e44bebbbccb3200ae1ef0630112ca45776164b7ed6f5_segmentation.ome.tif,0.108333,3500001888,115541
573816,11472,ACTN1,M4M5,crop_raw/3a5207469496563f75db907fcfd238d8899a8558abf641b2e9c6353f2c59260f_raw.ome.tif,crop_seg/7ff893926b42d6034a0b1fc54c95ebc458392c9640abf5596c54287ac934a653_segmentation.ome.tif,0.108333,3500001900,115831
943268,14647,ACTN1,M1M2,crop_raw/f1325bc2890e51547d73676ca7064bc2a0ad668ec287042d5d0d36f80326b152_raw.ome.tif,crop_seg/6624eba6c263022b9270a63daaca918bb7357f4cd2862abcc3e36939b2e38647_segmentation.ome.tif,0.108333,9999999185,137571
943233,14646,ACTN1,M1M2,crop_raw/f415a4ab33b49b97572f35a363517a7da74d63dd5286dbdb6bd4823081533aac_raw.ome.tif,crop_seg/eccaa85d2e8a380471dd3ff4edfca8a20456168a214aa55a52c9a6263f07f34e_segmentation.ome.tif,0.108333,9999999185,137583
564283,11352,ACTN1,M3,crop_raw/b6927880e862e2c03868953c368b9225d7d47acdc5621a7001cf07f20d56a2b8_raw.ome.tif,crop_seg/4b08390f05d6727c256f26ce8f422d452604e9470f5129043ec9a7bb2d8dd26e_segmentation.ome.tif,0.108333,3500001884,117558
631075,12085,ACTN1,M1M2,crop_raw/30789c552c727f522650483a1cb929f221d83b9edd14c516453d9db8d729cd31_raw.ome.tif,crop_seg/062d61b6736cc14cfcb0760ca0d850be568c6624948b9907e5d8c5591fc326ba_segmentation.ome.tif,0.108333,3500001856,114592
635739,12138,ACTN1,M1M2,crop_raw/79406ad4ae64ca3c3ce2589d07a97f9536cf0860486c42cb9945886dab248d69_raw.ome.tif,crop_seg/35ae22a71d084a5966e22bbfba5d5a815d34fa9d93574a8f7e16232cce09a2c1_segmentation.ome.tif,0.108333,3500001872,115157
555569,11241,ACTN1,M3,crop_raw/472ca81d180d89eda8e2a0538b4f76ab8b8cf7bac8627fa9709b1bb5891bcd3c_raw.ome.tif,crop_seg/28fe35de6e92193a08cbd9eae74feb3d62219935c4dddbd6739729ec51f14644_segmentation.ome.tif,0.108333,3500001874,114967
531919,11004,ACTN1,M4M5,crop_raw/851866d8ae83b99bcbd16249df95992633dfe23a972eba96936887a74dd40f7f_raw.ome.tif,crop_seg/49ca9ccd68e8438666040943bfa39adaa32521b782abb1dcf2b7fe143eedef08_segmentation.ome.tif,0.108333,3500001850,114196
609910,11858,ACTN1,M4M5,crop_raw/7273c66e4c6e3648592b981b4a87a2c324aa33841ed1b68d24627ac209930e76_raw.ome.tif,crop_seg/08b5cf224f37c1a9926dbcd77235bf2866b161868faedb7d7965f2f8dae48658_segmentation.ome.tif,0.108333,3500001839,113440
565810,11374,ACTN1,M1M2,crop_raw/253e7b9c74af7b126bcbddcf23dcd82d850b0496d223a6af391fd03dc91558da_raw.ome.tif,crop_seg/0157bcb16b52f15058d40dfe6faf50ad1ac260b37871e9fd1f009f9ccae0c19a_segmentation.ome.tif,0.108333,3500001884,117558
580422,11542,ACTN1,M4M5,crop_raw/f34e630ba11395d9bc55d40f0fc20f734ac5c1f70eefee829996ac9f1cd0d786_raw.ome.tif,crop_seg/31220f9d3510e9efcf38f268577f078dd43d560460dec1ee341ca4dcd409eebc_segmentation.ome.tif,0.108333,3500001898,116032
576586,11502,ACTN1,M4M5,crop_raw/a34bf19752e9aefa6b3d018426b8ebc88343fbc37459b57bd38927106ba5c3f7_raw.ome.tif,crop_seg/cb9851319efc8cd47b6123b32500beeb16adc9d9bd5d1a88d8680193c8869b8c_segmentation.ome.tif,0.108333,3500001902,116405
581078,11549,ACTN1,M4M5,crop_raw/f25085807efbbe84e6e37bc797b5dc27eb80ccb0edff06102ec93e13ee91f6f7_raw.ome.tif,crop_seg/dd143cadb3098d86da8cada3f06d9c6ac9b53de6ff6312cc1ef6d7e175440d24_segmentation.ome.tif,0.108333,3500001902,116416
541586,11119,ACTN1,M4M5,crop_raw/a33a0e06bba8ae4c7a083f60ff2490d48ad511c2904d94a88ab4780027e51426_raw.ome.tif,crop_seg/daa8e044dd35a408790eded11a355461b099138f870de75377563e9f872de75f_segmentation.ome.tif,0.108333,3500001858,114776
973477,16879,ACTN1,M1M2,crop_raw/e57163891c82957f73c9516c6702c517f04cd1ad0418a648c7da04727999c7ff_raw.ome.tif,crop_seg/24c5fd168884556a318985c9eabbee1cdc03aeac7bce3db80837cd68fce2b3a7_segmentation.ome.tif,0.108333,3500001888,115542
634605,12126,ACTN1,M4M5,crop_raw/5a5f851e42f6b1b3e17239dae202353644817912da2c3e89c2e999a7b9420308_raw.ome.tif,crop_seg/bad01a2404e10b623c77a4409482fe4ebd5dd85ad5b4a962d1455e93327373a7_segmentation.ome.tif,0.108333,3500001872,115160
565039,11365,ACTN1,M4M5,crop_raw/9f2eeefec1d3619cfd00d12830e2c9c326b404dc67bc2b6f0ebbb5d4e690b051_raw.ome.tif,crop_seg/7041b66168eb9d07db2e69aabc7baed9a5f7cd3c263a590fb691b27199716c38_segmentation.ome.tif,0.108333,3500001884,117557
558774,11285,ACTN1,M1M2,crop_raw/098785f30103c37badb75e5492eff76543080cfead31586532d478a29c82add5_raw.ome.tif,crop_seg/3650930e75ef8dff8dffd364756aa6687c60242bd59c3e45622662cb0a2f24d6_segmentation.ome.tif,0.108333,3500001881,117857
581972,11558,ACTN1,M1M2,crop_raw/7c53aa58df5ebe0452cebe2339760e894bf9aa6cceea9f337d93f3e63efb749d_raw.ome.tif,crop_seg/cabaa4129297e9e89aaf3e716bde2aa05cb372834018101eb8a10d3c6688efd3_segmentation.ome.tif,0.108333,3500001898,116033
539959,11100,ACTN1,M4M5,crop_raw/32d5e6c4102f6b00d594da7e1fbda0400407e212cd7a29851783101438e75bba_raw.ome.tif,crop_seg/a586e4d8020d11812241c35ee117bf9e69d3857112e5d96eb5ae7bda23937ccb_segmentation.ome.tif,0.108333,3500001858,114774
539760,11098,ACTN1,M4M5,crop_raw/a49edfa6c1f56dd21588a2239f209b2d89bd049d656695809be4cddfb45646e3_raw.ome.tif,crop_seg/4862dc8423cf494fc0fd97549923fcfa54782bcfd0fec413345ae973bf7b14d3_segmentation.ome.tif,0.108333,3500001858,114788
627192,12045,ACTN1,M4M5,crop_raw/6e4729d505095a1065976c34bfdfe0bb7634161c53debcbaa3cf1fe145034543_raw.ome.tif,crop_seg/334fd50179a8a6ac1424e7c16eb2f1e0cc168f786e674ae2d15dad6b661a5731_segmentation.ome.tif,0.108333,3500001856,114592
974327,16950,ACTN1,M4M5,crop_raw/02b3a820e24290db2de73f873a13d6c941d362dfeae7be985d1e66088e9fc544_raw.ome.tif,crop_seg/60ecedae080be4d6d697515fb169227eb391694e09d2a1ca8b87f20a41613c3b_segmentation.ome.tif,0.108333,3500001872,115157
527533,10947,ACTN1,M3,crop_raw/6a09f36565830947fb22e98c2ca5cbcec5c1bdd4110918051090ddf70bb2d560_raw.ome.tif,crop_seg/257f4fc5942bc7725a5741cd81af3c25dba042b7619f88e715f4896c3ee83c9e_segmentation.ome.tif,0.108333,3500001850,114197
564433,11356,ACTN1,M4M5,crop_raw/c9fc031cb5a505ceb07c155d7d46c9524bcb2d5809a90558a6fe0f1f0deade07_raw.ome.tif,crop_seg/aafa8ea6262e78e44d62e33a04ee31588030d10e239337a8f85f2ded25aae00b_segmentation.ome.tif,0.108333,3500001884,117572
556698,11260,ACTN1,M3,crop_raw/7e169fc6295d7ef463460e84307929e72172e3b57d0cd748e77958c0a5f81e89_raw.ome.tif,crop_seg/a9846a142e74c821f900b5941bef8d9582b65da0d230f7f254ec95859b13cdcc_segmentation.ome.tif,0.108333,3500001874,114980
579003,11528,ACTN1,M4M5,crop_raw/12c2287c82c501c0716492da02c4322d707fd87934ff0ef79d844832aeedbb41_raw.ome.tif,crop_seg/a7767efcd7934fb6f87b487995bdf8f88722cf0229fff4d1fba8586385b80ce2_segmentation.ome.tif,0.108333,3500001902,116406
573540,11469,ACTN1,M3,crop_raw/2f60f2eacd257f362e4e05771e1c44b185050978518f9cd9bdcd2c591883b640_raw.ome.tif,crop_seg/a676ecd1aedb245b64125c824b65bbf00274776d7ff673e87a178bc430bc25a6_segmentation.ome.tif,0.108333,3500001900,115830
623120,12000,ACTN1,M4M5,crop_raw/1ba04076374593a848f993d854019e177782392138cac62cbab2c60316663566_raw.ome.tif,crop_seg/addedd7f5de7028dd4a678d50535b93c4a9d3c23e9e99a7eb6596b3eb8278ce4_segmentation.ome.tif,0.108333,3500001856,114581
942864,14635,ACTN1,M1M2,crop_raw/69651bc3c471bca604c8691402a2ca26b08bac136e0c9bfb753d6bd7fed87548_raw.ome.tif,crop_seg/46008925ae5d9ccffd6d6de828ccc1fc8ef1953643fb4f6221c5ece80a713b74_segmentation.ome.tif,0.108333,9999999185,137586
540719,11109,ACTN1,M1M2,crop_raw/3423eea4c433bfccac8d1ef62d0e3385c71a3fe865df996e51405aeb000da897_raw.ome.tif,crop_seg/083ae6b9f35e1857481dc526c8e2058480dfedb99dd4d1ee8a768b478bbddc04_segmentation.ome.tif,0.108333,3500001858,114774
525829,10927,ACTN1,M4M5,crop_raw/d2ac5f61fa95d360ce47510ecbffc40c1b768634312b6bc9c8b651c735a104bf_raw.ome.tif,crop_seg/863f28d67f554402f74bc8c36d6726aa34160e3c18dfaa5a8c8d219967362624_segmentation.ome.tif,0.108333,3500001842,113620
580805,11546,ACTN1,M4M5,crop_raw/3037dd074d15c0729af27b1ac64d2c070cde0203fbb26a77d0976c8faf29ef38_raw.ome.tif,crop_seg/e49b4469571e03a6a2b89da2c07ba929a49a5e13a193f36c39081d08439fceb7_segmentation.ome.tif,0.108333,3500001898,116033
942918,14637,ACTN1,M1M2,crop_raw/5ae2b956977a4e31679dea9fb245f81ba40bcaf13d0cb6bf7a051ea95f5bf85c_raw.ome.tif,crop_seg/4a81b0eac7bf279e2d827ada1d4231079bd294466c7961fe9c85df3e9588c3c4_segmentation.ome.tif,0.108333,9999999185,137572
531803,11003,ACTN1,M3,crop_raw/f41a410aaa85d81369b6f7a2e6965720d90ddeb0076784d5cffd4da8b900d6dd_raw.ome.tif,crop_seg/095e892ce88d05a3d40ae4f6a96f7e576227245bb154370424e456fae9c9f5e2_segmentation.ome.tif,0.108333,3500001850,114199
579693,11535,ACTN1,M4M5,crop_raw/7fcf6c8280bb78513e27ee9aa38a230492c157c95fc0537bb4cc8854445a185f_raw.ome.tif,crop_seg/f768fee0065ea3f44486aeef09b04cbd9d9f043020656f820f002d643ac2ce2f_segmentation.ome.tif,0.108333,3500001898,116032
526351,10934,ACTN1,M4M5,crop_raw/5bc918291cbf1ef67e7e37619941568f25cce9b2d621a017ee86bc7ec76d1915_raw.ome.tif,crop_seg/d1b0ab6022bc020b7b632e463170263f78c7d6f324225640ac69873dd3a0ea56_segmentation.ome.tif,0.108333,3500001842,113623
554836,11232,ACTN1,M1M2,crop_raw/3c056ab9203477a3bd1ef2c345fc0561c1ab1206077339a487d2757b0c6a2f5f_raw.ome.tif,crop_seg/c7d8a195fb2b9507e6afc75ccbeef26a8f20938b94d4e2944b9ebd331f490d21_segmentation.ome.tif,0.108333,3500001874,114965
953983,15200,ACTN1,M1M2,crop_raw/47a1a36ca024dd4fd7717ea4848011321829451144aab97c91ceba487da7f3e4_raw.ome.tif,crop_seg/9e8e4686f68992c84ba7b2dc07d38154435a2450d0e722403279a7e1ccaf2bfe_segmentation.ome.tif,0.108333,3500001888,115552
530121,10977,ACTN1,M4M5,crop_raw/163991affed936af85573d39bd890098412e74a7e871b54081fc3e0a4afe860e_raw.ome.tif,crop_seg/c7b035c23bdee6fd03f9a25eb1902f588e1f53b65b67f0d48846227acefb0d71_segmentation.ome.tif,0.108333,3500001850,114209
580477,11543,ACTN1,M4M5,crop_raw/0386b48e31f2ada9e798586d54ec01dd05b290f5bb389e3217eaddb2a9ebf7d1_raw.ome.tif,crop_seg/2a4e768c5cf583beb21390b3215feb5be168b9a81b7e01ac2cc6ba9d7272a7f2_segmentation.ome.tif,0.108333,3500001902,116407
989931,15954,ACTN1,M4M5,crop_raw/bcd1617f36876e1fe8d42a1032484757423ffd7fa4aca80ed631dd195f37236a_raw.ome.tif,crop_seg/23e8ae73fd8a6ae611e95002743c6ed2c01bea146ce5efa8762d7ad161e3dbbb_segmentation.ome.tif,0.108333,3500001888,115542
963707,15997,ACTN1,M3,crop_raw/199d98b154fc6aa0d15fca2238a6e142a95a866547902f8835e5197c39eb85ee_raw.ome.tif,crop_seg/09b75086aa525b2e6e98bbf00d9203e709d2deb0f76628b27db399eeb7948451_segmentation.ome.tif,0.108333,3500001872,115169
532901,11019,ACTN1,M4M5,crop_raw/e65e7e194e1afae679e5382045837ecae1bbe8524e30b0744b3afdd7ca98a4f5_raw.ome.tif,crop_seg/072702cbb5273098b21f17ece29b443de128e18da345df4cfdb582e0d0960d1c_segmentation.ome.tif,0.108333,3500001853,113908
631626,12090,ACTN1,M1M2,crop_raw/a653f6b647b692ad16ba7cfbf60d35fd2a453d1dff009728e93a2de9df9b411c_raw.ome.tif,crop_seg/e9bad5318533f528ea525c9e3e41e8b7c37a4034c79d349f0bb10ca6da4b2719_segmentation.ome.tif,0.108333,3500001856,114584
567484,11394,ACTN1,M4M5,crop_raw/cfa7c74448f6693f17dc61e3e7899eb4c601e03d69bcf4af583fe6909f976e21_raw.ome.tif,crop_seg/f0f7f6a0e816eead1e93c124af0689deb91ab5726d8b6cf53093af24dd21bfde_segmentation.ome.tif,0.108333,3500001884,117572
628362,12057,ACTN1,M1M2,crop_raw/4b735b3e74231b737a7d9a391ef275bc0ea172b9813d76395b278de1ae88387d_raw.ome.tif,crop_seg/77acd31eb393d18422db082cbf94c06ceacf5a3051b43a9edcd306e54b8342a5_segmentation.ome.tif,0.108333,3500001856,114583
586845,11611,ACTN1,M4M5,crop_raw/9ff2774ee78fbecf5b13c53e0d4a7bc959c5aeba2e64df5447d3ef55450f3cb6_raw.ome.tif,crop_seg/ffcb8f26cc0d1b3b605ebcabda96f64c7fc9c5c9ed8d906c373d2e40f3736c7f_segmentation.ome.tif,0.108333,3500001903,116323
943327,14649,ACTN1,M1M2,crop_raw/15894e61993b6d68fbb63407a19e49b3c29609e0978ab8d0570d9a0bb8ed0777_raw.ome.tif,crop_seg/5d59b465125421de52629bd94ee6a80b04b392f0056bcbff4c55c9fcb123c7fc_segmentation.ome.tif,0.108333,9999999185,137586
609782,11856,ACTN1,M4M5,crop_raw/c316ba38e7e8740a59143308fc0434e7b0157663584be0d7480fb7cfe7cd6b02_raw.ome.tif,crop_seg/be86cc0ee2e08fa5fc24f706fbe738c51895dff126e97acfc5a3c228a1dd6bc6_segmentation.ome.tif,0.108333,3500001839,113444
627713,12051,ACTN1,M1M2,crop_raw/106da19c1145ec274153eda712651368d6739641010012f9b63450aeb098bbd3_raw.ome.tif,crop_seg/7ddceab14af29819a113b2447f6fcd775010a58918016fdd6c944f6fb7daf039_segmentation.ome.tif,0.108333,3500001856,114581
638820,12171,ACTN1,M4M5,crop_raw/750d98fb8757069d780c80829da15b1ea5c39f7a821e8a131a94b64e7a9c90ce_raw.ome.tif,crop_seg/3e1a04b2f1c2aa2d7324a27e0e28b85e81f6d40cca1ab87c739937af94fc9307_segmentation.ome.tif,0.108333,3500001872,115159
575027,11485,ACTN1,M4M5,crop_raw/e87f554f242424cf3f82726a0e279cb0d0c6643f49fe2956b24318f32ae7f873_raw.ome.tif,crop_seg/30b892760a860081b0dbfe074ba86bd66bf9fbc201d177596377c0a0a8da2dde_segmentation.ome.tif,0.108333,3500001900,115831
532813,11018,ACTN1,M4M5,crop_raw/7ac80a702a5d7b10aba2d2c1d287abc501ef2b768af081b440d233e9de5fd0a4_raw.ome.tif,crop_seg/75f8d9aa49f14aa4189c2a8cbfff772d96479bc951780b8bae8cbcfed271c8e4_segmentation.ome.tif,0.108333,3500001853,113911
969414,16478,ACTN1,M4M5,crop_raw/7166e83fbec74eb471654fe3885d21a418cc212800ebb3fbe248c2e03cecd881_raw.ome.tif,crop_seg/72f9c1aba2da6fc5635e62b83b76e612dccf7b47f78b59ac888fa09fca2f1d2f_segmentation.ome.tif,0.108333,3500001872,115156
631292,12087,ACTN1,M1M2,crop_raw/bd8933b146285966ee2698766fc0b95cd04df0343f49806d837ee3906cadefa1_raw.ome.tif,crop_seg/ea152cf7761dfe10c628e7fa5024adefe8eab546e88898ae0ddcacf72794a6b6_segmentation.ome.tif,0.108333,3500001856,114581
942525,14624,ACTN1,M4M5,crop_raw/1a6da1e39801b2c87630875c3b89da83b0d9636e33de9bfd0dcfd8b722dd4f22_raw.ome.tif,crop_seg/d27ee3073fde7c918e95eedbccfbbef383a4de5469dc53bf6cb1b27a3165d3be_segmentation.ome.tif,0.108333,9999999185,137583
525204,10920,ACTN1,M3,crop_raw/50c1403487c2117ab11d478d51335a4964c2b708814317f83b8b02f83f58d1ea_raw.ome.tif,crop_seg/edca3ffeb907a9b892b661590c7ea63f3dc2ecf1714b4b76a66e73896cfeebfd_segmentation.ome.tif,0.108333,3500001842,113636
575462,11490,ACTN1,M4M5,crop_raw/bad90262e3b922bc7446e031f2cc52944ef2b5edb9616961408d3050bbcd29c9_raw.ome.tif,crop_seg/5fcbf68cd2509dae07f726b035c6d5afa8d20d590b91dc6b91de1f32219de6da_segmentation.ome.tif,0.108333,3500001898,116034
532123,11007,ACTN1,M3,crop_raw/5f1d6c8d0d7dbe6a167fb9e6da4c4f2b075ec1ea05cf188ddfb15983923a987f_raw.ome.tif,crop_seg/bad22020913eacd0a51a31fe33b24b79efd76b7c3060d962ad2df04d30a7126b_segmentation.ome.tif,0.108333,3500001850,114208
579403,11532,ACTN1,M4M5,crop_raw/e07ae8b4034a92e557b1d36eea5cc1b8529be1de86f00426fa26aba596d64f2b_raw.ome.tif,crop_seg/c47fd2519a077229dc895331786cd1c78e9f4111299f746e67904fafccaf13c5_segmentation.ome.tif,0.108333,3500001902,116416
541702,11120,ACTN1,M1M2,crop_raw/9ae1f56bd996f3684ca74efc333da6f96232cca3b6d7f2f3271bb84d2d4f197c_raw.ome.tif,crop_seg/70312d3b7c551456a48ce6a1fefe0dcf93053d755468cd0b5df641f578931858_segmentation.ome.tif,0.108333,3500001858,114787
542181,11126,ACTN1,M4M5,crop_raw/d28eac42cb1c55c69ee1a0b4d366249eba9b26e1ff401d4adaea0e21c9250723_raw.ome.tif,crop_seg/9a2631176fb9732db1fb897adc5d721b5375fbc65943a8244514438f0d08432e_segmentation.ome.tif,0.108333,3500001858,114776
623927,12008,ACTN1,M3,crop_raw/d404a0e2ce7ca89d28010831660c578828d3d0b692c374f95388c0baeb72e3c1_raw.ome.tif,crop_seg/2a2582bcab8317999ce78ad7a32055664a7d4e7e87723be9dd56db27397e7030_segmentation.ome.tif,0.108333,3500001856,114592
541321,11116,ACTN1,M4M5,crop_raw/dfe9b79e939ef74b5b2f05ad2984bbabfca62b86cd8935450443c16517737644_raw.ome.tif,crop_seg/1099eb1b7354562ae8de884db89a8389fc2c76c8270bb440caa4ea5a78d65ee1_segmentation.ome.tif,0.108333,3500001858,114786
559244,11290,ACTN1,M4M5,crop_raw/72d87b8e02ea1246051372879ec288aff62e2cf87977635785c6dfc9d86e3d37_raw.ome.tif,crop_seg/af333ce029aaf0e344814a886a8829c173ba566c38f9b867b333922fce29e340_segmentation.ome.tif,0.108333,3500001881,117848
524672,10913,ACTN1,M1M2,crop_raw/b6877daae7ccbcd9e0ab340ab8b363d26c3a030c932a7cded2bf0eadcf166b99_raw.ome.tif,crop_seg/48a905dc703dad95ded2a11896a8047bb557adf0c6be810c9f233c1b0e7f214f_segmentation.ome.tif,0.108333,3500001842,113632
579607,11534,ACTN1,M4M5,crop_raw/3bbded742ab6639e2ac17fe3f94745817a8e234635970e33d558c8c506bebf10_raw.ome.tif,crop_seg/0a5792a755445c09f3ecb3d550fc7d9264f22fb49dfdbc8030d68ae3c69575df_segmentation.ome.tif,0.108333,3500001902,116405
555467,11240,ACTN1,M1M2,crop_raw/f0b4d54ad59b2c35c6d85923fc9e7ef8eeea46012242b154288b880001df6cdd_raw.ome.tif,crop_seg/7bc8dbc3f0999de72a75d2b76e7f1e2397ae4037126cbc631e17c82d26c67fec_segmentation.ome.tif,0.108333,3500001874,114965
942784,14632,ACTN1,M4M5,crop_raw/97ae8184c862e3cc77a62d9bdf46c8a6bbef7b6ded6cee862b391a52039c4812_raw.ome.tif,crop_seg/c609c3fb7dc06350c3b1b9f85cce0615e2937b70acc1de8561d00570efeb3ea5_segmentation.ome.tif,0.108333,9999999185,137571
587632,11619,ACTN1,M4M5,crop_raw/bda135ff7db4139708a2af127f29ad55e298d8a10abbcd15d1568f149962417f_raw.ome.tif,crop_seg/32c3730a4dac3af1af2a07ae96f503cf2c77ef2c4ee07697bbb47d6bcfac550a_segmentation.ome.tif,0.108333,3500001903,116311
579481,11533,ACTN1,M1M2,crop_raw/807a26839a748d4d773f150192f2e2a7bcbdea7d0d6bdac7c01074a6833f891d_raw.ome.tif,crop_seg/107de257c0abfd4e8eaa208b406e3f173d901f513d00153da9a6ecd4a87a334e_segmentation.ome.tif,0.108333,3500001898,116032
578186,11519,ACTN1,M4M5,crop_raw/19768652d5637e3830394a255249cfe2167cb0a127582ab2bf156eff4efa8db0_raw.ome.tif,crop_seg/718c8851a492cb650af5c9b21046d00978cdcc2a84627c567f4cfb6e406b9d9d_segmentation.ome.tif,0.108333,3500001898,116032
957968,15533,ACTN1,M4M5,crop_raw/debe4a5aaab9a7aaedefc455c15d1de215a87a82fe21dee72bf4972e6f9a8de4_raw.ome.tif,crop_seg/b688a52fdf9fd9a78667904a8cbb617140e84fd91e6d6280a59ef221c75832e7_segmentation.ome.tif,0.108333,3500001872,115160
538251,11081,ACTN1,M4M5,crop_raw/dfbd654db843e3872b373f534ed60d443d5a8851d6ba948706d63abd02c41429_raw.ome.tif,crop_seg/e2886c02271b8ad276671010c9f2f3046229f536a497f114e23991f7f4823e9e_segmentation.ome.tif,0.108333,3500001858,114787
573628,11470,ACTN1,M4M5,crop_raw/e6298ca7b1b4ffcf3fff9e94fe35d7855722a7ae8a66f7f4bdd0c62f0dd17cf5_raw.ome.tif,crop_seg/5a691de79f9cb344c3e9dc8f7cad1f8a8ac8e443aae821accabc465eb0f7f723_segmentation.ome.tif,0.108333,3500001900,115841
630278,12077,ACTN1,M4M5,crop_raw/a6af12c6c72e9fb93e7e6dcf8aea0f66c8c9bcd83701860fd08b178748109d2b_raw.ome.tif,crop_seg/2c2aed1549b8ffe12f9d7e8f3fba832bbf6720e8c6cf00a0b78d0dfeff396ba1_segmentation.ome.tif,0.108333,3500001856,114583
629084,12065,ACTN1,M3,crop_raw/736195b9ce032ce7c3bb2b1fd2c2bd98415bcd53a9fd9fd066244a5b214cb858_raw.ome.tif,crop_seg/c6369a31a23e818dcdb7707415a1011876d06cebe2c97392aea3ab2a7a205087_segmentation.ome.tif,0.108333,3500001856,114592
630675,12081,ACTN1,M4M5,crop_raw/deb6941adb93941917b485b9e6b25abb55e3fc58f2cee0682f13cd9e703dfacd_raw.ome.tif,crop_seg/e1b2edf56a1b36e999ebffa9279a7f1489823b8a4c3c6377c023028e41dcfc5a_segmentation.ome.tif,0.108333,3500001856,114581
554080,11224,ACTN1,M4M5,crop_raw/6e59afc8514cfa5cd357fcae87990713521591d17518b7240ffecc8429a57e62_raw.ome.tif,crop_seg/e76fd2a00a488a75e46ae5d280764b7bad56742b542df0b46eb10cb012ff16d0_segmentation.ome.tif,0.108333,3500001874,114965
560008,11301,ACTN1,M1M2,crop_raw/5e3051ed0b1ac21b9fccc43f84c923bf07b5b4c825c6ea87de03310155f7cb00_raw.ome.tif,crop_seg/f747ee72a0d9417ab5faeeab3c409f015590c91acd85ae508ea514b0a06dff3f_segmentation.ome.tif,0.108333,3500001881,117856
526190,10932,ACTN1,M4M5,crop_raw/f9cfbebe4b6518979485b39408dd0239b2d0300666f288b70332b5763155df36_raw.ome.tif,crop_seg/5666aea498089d9b61d1a53b0c4432df4e26bab4176470b221af1ec7e4be7907_segmentation.ome.tif,0.108333,3500001842,113634
943426,14653,ACTN1,M4M5,crop_raw/6fcd06d0b67f1aaff3edbafd1c6b98fcd116b48d657dfd9dc204b5c4a1eb0952_raw.ome.tif,crop_seg/9024be0feb8485c412a4b9ef9ea1fad1ecb2985bb138438a5d9ad37600b1ab7a_segmentation.ome.tif,0.108333,9999999185,137571
638386,12167,ACTN1,M3,crop_raw/03b65b90ba39cfb20c14bc5adb6a544949f9481e98cbe458f290a388e3485a98_raw.ome.tif,crop_seg/9068f58cad965271c59b795a7e432717fbbaf64277ba3277fe9d2f90aa7bfb0d_segmentation.ome.tif,0.108333,3500001872,115159
532034,11006,ACTN1,M4M5,crop_raw/513191dc8b6d46356ce30341a2727e2f9cf20ca510b2330817f64f83cba11eef_raw.ome.tif,crop_seg/6de9214ef9fc4a4b8fd39775dd7aee4257628e472210618081345b4d1210bc63_segmentation.ome.tif,0.108333,3500001850,114208
956336,15418,ACTN1,M1M2,crop_raw/b55744692108dd17d55755e87e64b2d9f5f399ee1f2edbb6c6235579ca74aaf5_raw.ome.tif,crop_seg/379f15f36a60dc9616d14a6aad914936d823e1d97e098e2ac94655ff74e95b3f_segmentation.ome.tif,0.108333,3500001888,115552
943493,14655,ACTN1,M1M2,crop_raw/ead5cb166bc838e1167d779340803f11c4f5d57e97599d6d4f1790c223b5ba4a_raw.ome.tif,crop_seg/369bb1c7b269fd73e7c7231c979b8d489939afb90a2829ee6c318bbc331d8273_segmentation.ome.tif,0.108333,9999999185,137571
943408,14652,ACTN1,M1M2,crop_raw/7071ad5cf396a7ba5bf33bfe5e56b89681a4c7cb3f0690bf806f3e22faf61c5d_raw.ome.tif,crop_seg/1461d65f147dc1c3e69812f2e5499ad96f735fc90d598126d833810f086af3ef_segmentation.ome.tif,0.108333,9999999185,137572
526118,10931,ACTN1,M4M5,crop_raw/507578a47dbd407269307718e579d2fc6c8ae09593586d41a1f72d1120a53d79_raw.ome.tif,crop_seg/12206813b1c133bd569bfa1e5fb5d87bc4730faae9726d050df23cf4f6bf6178_segmentation.ome.tif,0.108333,3500001842,113633
563894,11348,ACTN1,M3,crop_raw/28262911cc873e2484ffe12b4f254e82e120bb9220eab3c063ee4b75755636ee_raw.ome.tif,crop_seg/1bc1b50746f11b3762a489051103a80481359eeb9861c94e2d47e9d56d83d877_segmentation.ome.tif,0.108333,3500001881,117848
540437,11106,ACTN1,M4M5,crop_raw/e66094c1510ac94ff3f7427339cd2dddd066fa81a605a185cb612febf203d981_raw.ome.tif,crop_seg/4122293f6f6b2976b4ba941b06189213e075b4f12f3e45c04b77066298bc2830_segmentation.ome.tif,0.108333,3500001858,114776
622258,11992,ACTN1,M4M5,crop_raw/a2192838eea5f20c3082830354f2f4c2b6abdc75588ea3835f9d5d84b63e2e11_raw.ome.tif,crop_seg/2d17423349e0f5dbfad22d0ba5b88d599583ce3c17048d246754d3754a821400_segmentation.ome.tif,0.108333,3500001856,114583
525922,10928,ACTN1,M1M2,crop_raw/12805f58098f1c92da847eda711e741b80ad3e4e80a186188706880cc673c9b2_raw.ome.tif,crop_seg/af16c91afe44bb902a3efcbd6cfb8c48e9a776db20ea90846c9b8f9316cfee6e_segmentation.ome.tif,0.108333,3500001842,113620
627490,12049,ACTN1,M4M5,crop_raw/dc454c748de69e3b93e621041ce3701e0d171df88134abad3449d6aa6eb2f2e2_raw.ome.tif,crop_seg/89d25594c5e458390fbaa94117dedcf74039cab8b98d992eb9b9a3584a7a7124_segmentation.ome.tif,0.108333,3500001856,114583
962440,15902,ACTN1,M1M2,crop_raw/354a207ce1335987388b48c36d19498e54cdcd65854a00f35a987f0b6e12a1a8_raw.ome.tif,crop_seg/32a27d2df9867fceb5ee604db8c052c44c1c84641adb8f087b016a7beac2b021_segmentation.ome.tif,0.108333,3500001888,115555
574778,11482,ACTN1,M4M5,crop_raw/5140541eea86da7856a9ac5edd30f57ead0f91e9516156cc6acdbbeae094c951_raw.ome.tif,crop_seg/20cf995a0cd95e1a9b4ab7d2e2261c363bf5b7ef895d3ed385a6c24a3545b835_segmentation.ome.tif,0.108333,3500001900,115831
963607,15990,ACTN1,M4M5,crop_raw/3e57257cb9a3a5576c46a3030df340d957b74c4795efbf753fbff26668e33f44_raw.ome.tif,crop_seg/00f11dae8f226b66ae935d1f5c445e7cbadb5d70ea9897bd8b56ff28dfad13a9_segmentation.ome.tif,0.108333,3500001872,115158
574469,11478,ACTN1,M4M5,crop_raw/7adfe40df1597c5f64ac619566f07c006069ffe293bbe1363b60d3a6815db266_raw.ome.tif,crop_seg/1fcf1722ce6afa25b32a39e1496a80a8d20cf8824ec9450b0a3522d3c117fd94_segmentation.ome.tif,0.108333,3500001900,115842
632056,12095,ACTN1,M1M2,crop_raw/a7a444cd493119e372a2852b42db0946abb715822e546076e9c017f9211a4ca0_raw.ome.tif,crop_seg/1055a7e141db52883625230874570ce5271c4b6b7bddcddef67d6fe424224214_segmentation.ome.tif,0.108333,3500001856,114581
622700,11996,ACTN1,M3,crop_raw/80788afaaf76c2f2d4296dc5d8fea0278d4f2358d90dbe259fb9b0f3a4c5c9aa_raw.ome.tif,crop_seg/d31e72552979be29ef080668ea7337a2abad0a2ae5d8ca6f261d84aae9850102_segmentation.ome.tif,0.108333,3500001856,114592
573823,11472,ACTN1,M3,crop_raw/2e638f48243fae77bd7e4a21d10fea28f929770b208b09beaa3cde79c9f18182_raw.ome.tif,crop_seg/559369a7a15532582de11b60de2812925d4d34e113126a4cd4de53c14faddf9c_segmentation.ome.tif,0.108333,3500001900,115831
539965,11100,ACTN1,M4M5,crop_raw/89503cce37c1e49d52dddc234a61a1ab478178d69eae5cf43c4e22a367c33f15_raw.ome.tif,crop_seg/b04cbc0ed21b298046e204e0e98d853be5645c5231b7352580944bc955b465e8_segmentation.ome.tif,0.108333,3500001858,114774
539763,11098,ACTN1,M4M5,crop_raw/ab4ab8350a579655bf6e43d8f440a4753f6285ba3f89e1219e0683723eaf4a5c_raw.ome.tif,crop_seg/ad20b1e680d60b1ad6741cdcb8de45c1dbc2032e401b63307e29fa35513c000c_segmentation.ome.tif,0.108333,3500001858,114788
627205,12045,ACTN1,M3,crop_raw/5e306c050b29bbb8c315f060dbce6d7cfb5bf83ed7fc45d199aa221f6f11a6e4_raw.ome.tif,crop_seg/ebaac014ec67241bcdd871dd6abf79a547f6296831915a0559591e13056e78a5_segmentation.ome.tif,0.108333,3500001856,114592
556707,11260,ACTN1,M4M5,crop_raw/66fd571914c0e3bbfcde21b432cb5520b518b0f0c853a1d7714e642038557e18_raw.ome.tif,crop_seg/b72c77a948771f1635a4f82831e046238a2f3a86c2e34c51b2d7ad142e60d6e8_segmentation.ome.tif,0.108333,3500001874,114980
525828,10927,ACTN1,M4M5,crop_raw/d3f547d2feafc9ecfad0c4673093a4f7014bc8717c0cac2c0422d50c46a3d681_raw.ome.tif,crop_seg/bf88893e92a3c71ad7adb7a5b9734c0649fdce9fb52bddd4d2d1fc34e88829ab_segmentation.ome.tif,0.108333,3500001842,113620
554833,11232,ACTN1,M1M2,crop_raw/acc247e912feb0847ce2913c203eebc177bfc9a8cb39b984141899795407cdca_raw.ome.tif,crop_seg/2962703d04abb4127849fc3359762e039fc2890d34439159f844ce532733ca93_segmentation.ome.tif,0.108333,3500001874,114965
989903,15954,ACTN1,M3,crop_raw/84f843d048b9e3d762e5bf65d754e564339072bb6e16ed8bd69c2b0106f377a1_raw.ome.tif,crop_seg/0661b5aa6ba0ed10676963f69477a0564b5af52cc3daf8198cc1e951487bbb98_segmentation.ome.tif,0.108333,3500001888,115542
638817,12171,ACTN1,M1M2,crop_raw/47302af71800ecd7cb68ae1e837b58abfd1a0828470e487b6ad6920b82669e4b_raw.ome.tif,crop_seg/708474aa2f27729a1dd624ce55e786ed1136a4e4fec8c2ddc7e7244f3f60bd1c_segmentation.ome.tif,0.108333,3500001872,115159
969419,16478,ACTN1,M3,crop_raw/dde0bc9d57479e4150c1450fbf3616a057ea88dffd25e17a23b25eaef6c7c3cd_raw.ome.tif,crop_seg/6ac061fafc6f01a33c3863ec83bdd6f77a8def24e1e8ff526aa2f8a4f1fd77d1_segmentation.ome.tif,0.108333,3500001872,115156
631286,12087,ACTN1,M4M5,crop_raw/118323600f73c8398b928cbfb09bfa6bc1cc453293d37ea25b6dd42703c2f8ef_raw.ome.tif,crop_seg/59d38153647073f3369dfaf2b1ea2817cc1542568920bf8021ba3fbdc44759ba_segmentation.ome.tif,0.108333,3500001856,114581
575463,11490,ACTN1,M4M5,crop_raw/61f8bda84c129997bb32ecb29b78c7c260a5373d9f10dcd3b00039d8d2f255eb_raw.ome.tif,crop_seg/2c1bae7100dfdffed4bc8acb054b6abbcffc8498985c92d5072b063d26437c30_segmentation.ome.tif,0.108333,3500001898,116034
563913,11348,ACTN1,M4M5,crop_raw/e68ed81aa25d850704b313d4988d474134ba20d554e27bf78b9f84279b28830c_raw.ome.tif,crop_seg/6b0aafaf1f4a625bc05866be4eba2da7696cc3b66d9efc2246307c5d6bab6177_segmentation.ome.tif,0.108333,3500001881,117848
622261,11992,ACTN1,M1M2,crop_raw/f279c24eb64a49df71d970771eb6cb0715ec50d04b160081b751e30c410c0236_raw.ome.tif,crop_seg/fe0409ec8578240507b477cdf780ae60686ecacbf03053b54599c0231239647f_segmentation.ome.tif,0.108333,3500001856,114583
525942,10928,ACTN1,M1M2,crop_raw/fe642743351b35024cd4b19c5f66fef05db0f5f80fc00d01ba69ca9b79929061_raw.ome.tif,crop_seg/25adcc27d27a63e1985be8c23e2c822a76dc9be12d8e673f462e74713982344b_segmentation.ome.tif,0.108333,3500001842,113620
632048,12095,ACTN1,M3,crop_raw/88f2fb7f98eddf9b4525819a30011b12d911436e56b24ca9e6738ecaa2159eb9_raw.ome.tif,crop_seg/a3ece27beb8190ac75b75383ba66dcfaede529f112490be8424d33cc5dcc4c51_segmentation.ome.tif,0.108333,3500001856,114581
539940,11100,ACTN1,M4M5,crop_raw/0cd9cfdbbec879742bed293e25f4f07e7aec92f475004867331c98d0fcaadd07_raw.ome.tif,crop_seg/8a664c8a6eb44732ce9e996522c802d536f7f0a86e1b143a527b1edc4513bfb3_segmentation.ome.tif,0.108333,3500001858,114774
632055,12095,ACTN1,M1M2,crop_raw/31dda773c7081d489386b6318fe52b022605a2b93c5a03692ba2eda811729fe8_raw.ome.tif,crop_seg/1e0877fc24aac721fe5695e2e565ff35632f8c6e5b3b1c3af6e852468654ff5c_segmentation.ome.tif,0.108333,3500001856,114581
632052,12095,ACTN1,M1M2,crop_raw/21ad5da4ea732da1e4fd9a2eeb03e4ccecec5c5ba747a47684abe2a8dbf4fd31_raw.ome.tif,crop_seg/ecddf8b1a6d69896bb765d6768b7701de48d8bce6a5b05540312d6dcb9decd96_segmentation.ome.tif,0.108333,3500001856,114581
632045,12095,ACTN1,M1M2,crop_raw/06eee10095b10c2662bdc68e024c85d4f965cda21a770d2ae03f55ce1fac9c45_raw.ome.tif,crop_seg/7dbf64e57faf7c8ce528719cf0be630de24ee8bef450fae8974f24b1a53be70a_segmentation.ome.tif,0.108333,3500001856,114581
920667,146416,ATP2A2,M4M5,crop_raw/f9f9860153de3769f6a0837ed477b988b6a9065c98ba63258d59d25d51ea38a8_raw.ome.tif,crop_seg/67127c66b245e642a95e1540861820dc72202aaf4ca18ad44257d4d84928d589_segmentation.ome.tif,0.108333,3500003118,209672
853532,145982,ATP2A2,M1M2,crop_raw/6f243eab64d5afaf78b157ad471632da33732805db4dcb42ca5a3e9d3068bb6f_raw.ome.tif,crop_seg/eee0ce2cd8855107207d246ce803af2d211fa062557983911ef4efcca8664ee3_segmentation.ome.tif,0.108333,3500003037,204904
789033,146729,ATP2A2,M4M5,crop_raw/83d83f98013ec55d5bb2ae8676ed055ad48bd43d426e89a315b063b8354ebd5c_raw.ome.tif,crop_seg/24dea4e5f2eb4a8f3b9e3f0fa18f2578b66d083170275ebad4bde21c8cedf6f0_segmentation.ome.tif,0.108333,3500003129,210603
916044,147508,ATP2A2,M4M5,crop_raw/cd3486a0d040ac967a18ee943d5fa16c425ebeb6ce5d105b842de57a9d41a64e_raw.ome.tif,crop_seg/37be347f2cdfd3d75fa624641d506edebb602ac09d152f9b4bb53995cdf93894_segmentation.ome.tif,0.108333,3500003175,215339
772687,146650,ATP2A2,M4M5,crop_raw/7a0201cc86ed60fe9cb8c4dfd5178190ced747e6d375209f9cbe0ff30b57fb80_raw.ome.tif,crop_seg/95c5089640c911e900b9f9b8c27e1316cf03c0f811b6c5b944a0b834c7184a6d_segmentation.ome.tif,0.108333,3500003121,209373
835573,146997,ATP2A2,M1M2,crop_raw/62313666967a8c8746448dd62d83b04bc23f2ed6c861d4dcfbeaab56a08f7e76_raw.ome.tif,crop_seg/173cf27e17b62e132bf171eb0f11f9b98f8eb545b4141e2abc90c90228123268_segmentation.ome.tif,0.108333,3500003131,210793
777932,141560,ATP2A2,M4M5,crop_raw/71264768377a0bf23cef62657924d3efc6c85b651455b382a490ba86bf04ad0d_raw.ome.tif,crop_seg/f1f09747dae3747c3d94645d11b25f7d969da7d60c92c9add9e292e079f54f9e_segmentation.ome.tif,0.108333,3500003034,203828
898005,147419,ATP2A2,M4M5,crop_raw/da2a239b4afca02ec884ddc5dd2d8b5006b499ad816c3847357bed3858d49e6d_raw.ome.tif,crop_seg/f1b66957755d99379634c6a84eddc9b46650c4bdf1dce16b6d6beea4eef959dd_segmentation.ome.tif,0.108333,3500003175,215328
927478,146460,ATP2A2,M4M5,crop_raw/374c0da9935aae7c0f94971df0468072367970cf5e3e4df7d862f6e43e8fce6d_raw.ome.tif,crop_seg/34d5fde221b463dced812f8fcdd4f1ec9c56d2b06db244c0cf6f2f367375d7bb_segmentation.ome.tif,0.108333,3500003118,209671
898684,146308,ATP2A2,M4M5,crop_raw/4008590d866110671b37b4e1ad8392cb41fbc51cd19e21a4fa5049c06f37de7d_raw.ome.tif,crop_seg/4456a60314cc3907f1ca5c3e5433bc0736aa0c256fd21165c28d22248d27fdee_segmentation.ome.tif,0.108333,3500003118,209678
853381,147077,ATP2A2,M3,crop_raw/91a3a4cbcb2fb2b0f489a7517ecc589e567f635a7cf5cdf677baaed63d7bb048_raw.ome.tif,crop_seg/ce429698156859145d9b5684c5553b3b7aa406d78ce423b343a5950f0e5f471a_segmentation.ome.tif,0.108333,3500003179,216029
780575,146698,ATP2A2,M1M2,crop_raw/25fb7df52cfcab0815b796f4845f09ea5fb3dd304b87fe835d4206072bb8befb_raw.ome.tif,crop_seg/17bc8bd54ec55c5736ab9fe055601db5e007a68fc7422d16b584b64baf78a07f_segmentation.ome.tif,0.108333,3500003129,210606
858339,147111,ATP2A2,M1M2,crop_raw/a98ddfbf22b28e351403ba388038bd6101ea9e76e3610b2872a19f642a966180_raw.ome.tif,crop_seg/3f0b45ab9823b4275f826303e1fabb62b6d59b99140de2d5106b951cac59d8e9_segmentation.ome.tif,0.108333,3500003131,210799
844504,147036,ATP2A2,M1M2,crop_raw/bc4d81afa08bcf56697aff93575330c3a23300878eee3f5b026fb5871bebdbd7_raw.ome.tif,crop_seg/11dc2d794907e8333664a20e1ac70514c3d99a7c980fb14ac971475b57c0ed54_segmentation.ome.tif,0.108333,3500003179,216056
907684,146350,ATP2A2,M4M5,crop_raw/77c64c0445d0f8c5c0937ffcadab3c5a478104d3d0723da5aa5cbec84000931a_raw.ome.tif,crop_seg/9f257b4cbd03efc84c67c9d2491492303d7f6d106f9a118444698e0301fbd91c_segmentation.ome.tif,0.108333,3500003121,209376
779628,141566,ATP2A2,M4M5,crop_raw/ccb535221858943b2c9057d0a79b73615fafe5c1d28a3509dc24586483602090_raw.ome.tif,crop_seg/1f778158aab76925be4f9a08d1d2ced060a4ac49be211f4c7b19751882807adf_segmentation.ome.tif,0.108333,3500003034,203829
912286,146373,ATP2A2,M4M5,crop_raw/778234d41abb3f4f55b705ab2d2d190eb063e79ad61159c43fc55022dc60b1dd_raw.ome.tif,crop_seg/c4f031d698413d8a41bc2a68ea5fae845efd1e128fed1c70fc9f31e2f675cd5f_segmentation.ome.tif,0.108333,3500003118,209661
864126,146031,ATP2A2,M4M5,crop_raw/5b8902c313c18bdd0868c3774b42d07546d84789e0b2d741520b3f2a06959154_raw.ome.tif,crop_seg/82d2b80463f553c743a4ad08c6336abb4000de54ff81e553266bfbfbea6f4b9f_segmentation.ome.tif,0.108333,3500003037,204887
773494,146653,ATP2A2,M4M5,crop_raw/74744a7df99df3cb1d4bbe4c684613c1a239d23a7d4a6d9fbffebe5d94f25518_raw.ome.tif,crop_seg/a92a75f717d7ab1fe7f9a705ccea44a6f2634c3d0cd1bde6a1ff5142b39d6140_segmentation.ome.tif,0.108333,3500003129,210606
923350,146430,ATP2A2,M1M2,crop_raw/e5d8bff44ddf33c55869ceca6e582738f85d08e390a935627f6122b94d891ed7_raw.ome.tif,crop_seg/7a4443e479d7539b3e2d7ade260704f8194ee6047657f01621138f096d43675a_segmentation.ome.tif,0.108333,3500003118,209663
928180,146466,ATP2A2,M4M5,crop_raw/98ef11061a007b720c0ebf73e146894260f70d3d07b5c928f744dfa47254fcd0_raw.ome.tif,crop_seg/438144b758d8b2bb0783f1f3ae06157dccb23688edf23f676480a67e12ba8847_segmentation.ome.tif,0.108333,3500003118,209665
929979,146481,ATP2A2,M4M5,crop_raw/dce8aad97f64685ff1191ffca486d27717455482194c9b99ef26c80218396eb9_raw.ome.tif,crop_seg/cc979cf90b49c6af0ec29e037c0c4fbd87d32237e98ef9813914c6c9f38249a7_segmentation.ome.tif,0.108333,3500003118,209674
847824,147051,ATP2A2,M4M5,crop_raw/742a63d1d754c390b9b494b11e23d529221a971ad659962bba50619fac78f9f8_raw.ome.tif,crop_seg/9b63ad10983d9367e4264c1b2cd6307943b7f4899302d9637daac42d2f4cc1a3_segmentation.ome.tif,0.108333,3500003131,210794
919270,146409,ATP2A2,M1M2,crop_raw/09355d1d3bba17cf3d620b0aad9837d0bcfcebd30dcf9eba7e410cb8e78d2733_raw.ome.tif,crop_seg/0cb36f16f942c2e992369070757c7eb545c4ec89c06a55ee2f5a0d88a4c6dc4d_segmentation.ome.tif,0.108333,3500003118,209678
754757,146576,ATP2A2,M3,crop_raw/97df04024904d638a04ddc2abe6199d09e2314faa970e06d6f9367e0466c7598_raw.ome.tif,crop_seg/c3d2c5c0875caeb6294b82b677831603477eb5f89c55a93d41f7858ccf183933_segmentation.ome.tif,0.108333,3500003129,210603
773961,141545,ATP2A2,M4M5,crop_raw/a2aef3d7219559aed5139db16215c32e6763b533f252944b6c68990bfbbc48db_raw.ome.tif,crop_seg/68fb0681b9e438dfaf4e595c2befd0bb159a5bf1896daea3229bb3f09984b405_segmentation.ome.tif,0.108333,3500003034,203823
771495,141535,ATP2A2,M3,crop_raw/9aa4a1f9cfaffa2128a5612346a790e707bab137264badcf071081927c000dea_raw.ome.tif,crop_seg/251fd2bc01e4f81fd8a03f8ec48dedaf4bc92d67bd0682968c057711c5fa7a84_segmentation.ome.tif,0.108333,3500003034,203829
987669,142093,ATP2A2,M4M5,crop_raw/4544b72885a9096544819fe6c2ccb1c055630093c9ec0c6cfd4e2041832303e4_raw.ome.tif,crop_seg/2a6365a0c6b6cf909569a60e612ac6261d43351d766a24a64ef25132b57e60d9_segmentation.ome.tif,0.108333,3500003065,205453
843689,147032,ATP2A2,M1M2,crop_raw/68149f9e7068e80840d53a803905e7dd284ea47c402d26c99722ec429f87a87a_raw.ome.tif,crop_seg/bbcd252bd7f65a326b1b05ec851a59b9001245cd65276f2760e3e1524b54d30b_segmentation.ome.tif,0.108333,3500003179,216036
987784,142456,ATP2A2,M4M5,crop_raw/448be6e75d88318cee3fb8046bbd58501263fd867466c6d60bf8a9232ba9ec47_raw.ome.tif,crop_seg/ed532438935c93ebdf95d1664300fac789c04cb19005198d683c3f18e141123f_segmentation.ome.tif,0.108333,3500003065,205441
819093,146925,ATP2A2,M3,crop_raw/62016565c6ee9cc13ecf53cfce5867e02eccf09dd3f3d2dd2f5cef2b1fbe1f94_raw.ome.tif,crop_seg/6a4d432222d6e59fcac37c9fec4f3035472fb3645b18d1abae16ae6fd80a0be2_segmentation.ome.tif,0.108333,3500003131,210811
854513,141999,ATP2A2,M4M5,crop_raw/7f016ed94dc2a958bad951347bb9c92cd575058e06df149609697edf39f315b6_raw.ome.tif,crop_seg/dc9cdcea24701a39740f75b6c4dd3b5b0b179e25fe08bddb91b59fa96d541bda_segmentation.ome.tif,0.108333,3500003065,205454
776419,146675,ATP2A2,M4M5,crop_raw/2c57b37b1240e2a5fef736451de7204bbc7bb42e34c963de3a4b215147eb150f_raw.ome.tif,crop_seg/2ea41448a59347672955b624161beb428867df3a46555ca896aad73a042a4b83_segmentation.ome.tif,0.108333,3500003129,210602
767892,146631,ATP2A2,M4M5,crop_raw/407e11fa712d80ec6ee1dc30f63e0877743b83348b95254fe00d28a4caab9521_raw.ome.tif,crop_seg/d634e940aa662b7836d33bbcc52aca06771c082e92160ca0a93edd059d03c60e_segmentation.ome.tif,0.108333,3500003121,209374
756622,142447,ATP2A2,M1M2,crop_raw/60b5d7740af9769f257de04097d88010db42222f75a0119add56c20704f4d5d6_raw.ome.tif,crop_seg/42f4e38bc9ef8c3604eca39e0339a960e487a23aa3828449809b6b36c3f4f0f6_segmentation.ome.tif,0.108333,3500003065,205447
857425,146000,ATP2A2,M4M5,crop_raw/14f9863a833f21a2b41c5c4cfc792fdea172a812e77453565bd12cd95922a5bb_raw.ome.tif,crop_seg/613a30a76b16d0e75656069961e5420042a1ef1ca8d473c9665ac60a1ffee85a_segmentation.ome.tif,0.108333,3500003037,204897
745267,146520,ATP2A2,M1M2,crop_raw/82d5ed2bee7aaa516d5c3794ffa6c0bd720475615695ff12ac470b2c6e02a922_raw.ome.tif,crop_seg/5aca04ae26ea117d57dc9b7d459b2e492ea0d6d1e80ec52f8e679df3d717a95b_segmentation.ome.tif,0.108333,3500003121,209376
858099,147109,ATP2A2,M4M5,crop_raw/5b08b661ba54b59298575dec0a561cdbf5793c7aca50666f6905aedd451baf69_raw.ome.tif,crop_seg/18f186adcf61a32bd1bd2410079f22ccccc622906b32ca828f348d679291dff2_segmentation.ome.tif,0.108333,3500003131,210813
871078,142074,ATP2A2,M4M5,crop_raw/60ddb090eef9c6e590cc9e564c6555ed833034744869c7badc17cc1faca86a2b_raw.ome.tif,crop_seg/a8b7f3a5350f8aa9dd70e2cc510165504736278f00e8fa1d2020bcd6c65e0e6c_segmentation.ome.tif,0.108333,3500003065,205439
821847,146937,ATP2A2,M3,crop_raw/920cb829ee11e64e6e29b01cae8c7dfb8f1a775d7f19ca8defd9d2376122b12d_raw.ome.tif,crop_seg/0548a2b6d030eac640027c4a698c93d4a47b1149ca6f04313363c17fd10692b3_segmentation.ome.tif,0.108333,3500003179,216067
862036,142033,ATP2A2,M3,crop_raw/d02b37046ab21281001504cb5a1ba4c09dadd9b917b1e97c17b2be7a2ba3d525_raw.ome.tif,crop_seg/194b4f896f28b668805a6bb06aa98429f42fc0444b72aa28d5ec9c775391b53a_segmentation.ome.tif,0.108333,3500003065,205437
838046,147007,ATP2A2,M3,crop_raw/224ec4f386efcde363af30de533b5484624aacecac817cc6483312d9e7638d7a_raw.ome.tif,crop_seg/d169ebb10fa4e35bfb8e406285bc22f482f96d2dbe2f8abc7c3c2da0e33f214f_segmentation.ome.tif,0.108333,3500003131,210797
765993,141514,ATP2A2,M1M2,crop_raw/8235a5becd8a84fae83a2d8eaf626ee4a9446331528e9f546f950a4bbdfb9526_raw.ome.tif,crop_seg/99ccb7278be02320b0dd8b1b76e72eebef1af39fcd0b28d93d4e294f18596dd7_segmentation.ome.tif,0.108333,3500003034,203821
734390,141451,ATP2A2,M1M2,crop_raw/2fe67c72d25edad4548666d0152628da06b9a60a330836412361698fc5928619_raw.ome.tif,crop_seg/d982d9561a21ebc5d17b239427dbee2596cc89391a5d79c24974b82a051e4fae_segmentation.ome.tif,0.108333,3500003034,203823
922814,146427,ATP2A2,M1M2,crop_raw/ef21582ac6fb7f681e69abec2bc0caf8879a66688d8166f9eca26d4a1236a77a_raw.ome.tif,crop_seg/5e04acfb7c64d91e473b6570627271edd414617c418bc58579e62c55efc8fc74_segmentation.ome.tif,0.108333,3500003118,209661
914631,146385,ATP2A2,M4M5,crop_raw/bf62ea8c2f2894d0529db13a0b927c97e652e505b56ff84f19ac8ac83c938a01_raw.ome.tif,crop_seg/82f81e8bf71e17702aea718fb6ebd8fea1537f8f1b6c84d704f064ce98340739_segmentation.ome.tif,0.108333,3500003121,209376
846933,147047,ATP2A2,M3,crop_raw/f8916a99d7ecfb8a7f33950f09908a0c11c4aef9852f1f4fb0d7a1f7d6e811c1_raw.ome.tif,crop_seg/d760b391d738e2fa50861b1eb96815be3a8eda2c04eeb99f39e785e8e49b805c_segmentation.ome.tif,0.108333,3500003131,210812
926444,146452,ATP2A2,M1M2,crop_raw/d87ecb18d312e8ffd606905bed79de3287f82bca5b8a195b0302ee8d736576cc_raw.ome.tif,crop_seg/e7ee92483f117ea2a765198a1a259c4f2d92e7c6f18a5854f124df0ddb22844b_segmentation.ome.tif,0.108333,3500003118,209672
858378,142017,ATP2A2,M4M5,crop_raw/a99febccb5c087de58e14fe5bdc50939dc8bfaea384b1925173242efc6b3bc93_raw.ome.tif,crop_seg/abf57d520fdb0539b35d9ebe12eafe741ac6ac4dc6bd5f9c0cfda5e1e50d3ba0_segmentation.ome.tif,0.108333,3500003065,205443
926194,146450,ATP2A2,M4M5,crop_raw/134d1ff6755473f4af325205ba879916a71e4a8d6f3c0828387545138153e170_raw.ome.tif,crop_seg/6f605815967c205c8f33c3652b0effe6673ddf6d5d0e3a11385da33b23bc1a96_segmentation.ome.tif,0.108333,3500003118,209666
899264,146311,ATP2A2,M1M2,crop_raw/4d26d29b2c783fff2d4d44e9d8a67f9db4e6b3cb610330e877b1a2d98301c0b0_raw.ome.tif,crop_seg/af2df0712d0db221017e5ee01670eb93b2fd642daaad392cf9c12906de31277b_segmentation.ome.tif,0.108333,3500003118,209664
920293,146414,ATP2A2,M4M5,crop_raw/c865ab87c2c12edbccf19a3c23bac76f418a3522401d55cebd74041726332f56_raw.ome.tif,crop_seg/b5b6b98fa5f3159d7a8acacb6ffb62a75e2c4d6f4527df83e0b326bcf8740f5a_segmentation.ome.tif,0.108333,3500003118,209667
904882,146337,ATP2A2,M4M5,crop_raw/95fc43087c074a4bb234e48649a80fa2a90fe5bc64cb75b12a094681aa2f5cfc_raw.ome.tif,crop_seg/0a00ade454a50e0898a293a5067b8826aaee864a1678b0934c16d9c8bc13e9e6_segmentation.ome.tif,0.108333,3500003118,209665
780146,141568,ATP2A2,M1M2,crop_raw/8c6a214bd31b2e10c8f3df130816ea87ad204d77c4426d84d58249ebb0e2e7b7_raw.ome.tif,crop_seg/d849cad23ac361bcbaf2037f3085b279539ef88f28d28df6d06542d4361e9b83_segmentation.ome.tif,0.108333,3500003034,203817
746692,146533,ATP2A2,M1M2,crop_raw/a4c69c14de1df0a5bafe60898d60ea78c0ec61d77c577a9c932ee9cadf895b35_raw.ome.tif,crop_seg/47045b64a85e9e6f59bbbd89b57e0fdc673b14994d20fbcf9e5b9d33ec0d3895_segmentation.ome.tif,0.108333,3500003121,209380
780854,146699,ATP2A2,M4M5,crop_raw/28bc45b9370d34958ff98980007075b538c80738e254fa9425381f2d7aa04066_raw.ome.tif,crop_seg/eab3ba9e574883f6c6d17ac1e89f6819094252912e4dad3ff6a918f2e7044b75_segmentation.ome.tif,0.108333,3500003129,210613
844315,147035,ATP2A2,M1M2,crop_raw/dca35399f73ee6e00fd0f57de76eb3367ed26671035c71881c928f54ef3d1887_raw.ome.tif,crop_seg/6282b2a151726ca70ca934e8a039f4fd0c6e39a49dd932dcac2f0b2a39ef5afa_segmentation.ome.tif,0.108333,3500003131,210809
924758,146439,ATP2A2,M3,crop_raw/0682b5ceaeeecf11587a132a527801b4e496eccebf50120607a00562c677cb29_raw.ome.tif,crop_seg/b6313b9c25c2da6f49dbb15ea4ef7ad2ab3999e1bcec2a6a4ef4b4fb396ad9f3_segmentation.ome.tif,0.108333,3500003121,209376
873208,142083,ATP2A2,M4M5,crop_raw/fc8ea235b955a01bb2771db70cbccc1325553a57eb1af8c459afd6ca6a13d8a7_raw.ome.tif,crop_seg/18e34b5f24818b8eeb4e3a524c5ec29571a8a4571e914f554f4322215a273728_segmentation.ome.tif,0.108333,3500003065,205450
784305,146712,ATP2A2,M1M2,crop_raw/fd13a72c6b43efaed269bc99c6fed66edfcc80cc59c9825ee414b51e10d62561_raw.ome.tif,crop_seg/44db95b9b9b23748e07dee77dd032086208eb6c7bcb5cb1a8767ee6da86d63e3_segmentation.ome.tif,0.108333,3500003129,210604
793341,146804,ATP2A2,M4M5,crop_raw/b6a0438a4858e32605c3154deb8f16e1fdf47401f6e2ffee5319c8b974b6a311_raw.ome.tif,crop_seg/f170b64a3376edcf04a5a0076e5fd1e973919c356ce3f19c6fae5158671a1700_segmentation.ome.tif,0.108333,3500003118,209664
844070,147034,ATP2A2,M4M5,crop_raw/6d0e8225008bfaa5ea1a26f5c95fe99be17759469cf0f8ece6c847eb00cbf3ab_raw.ome.tif,crop_seg/c8ac9a69a56b521e5692243a6d59a606141244ecd677eed3855e507841b11724_segmentation.ome.tif,0.108333,3500003179,216022
852487,145977,ATP2A2,M4M5,crop_raw/b580144b93c5df7d1e256311417184f26511b3ae694de49212d57e0a8337b2c1_raw.ome.tif,crop_seg/250e8d18050a1ff333c851253356c4e0ef3bef42f3e7a94718e54116e479be94_segmentation.ome.tif,0.108333,3500003037,204902
890142,146266,ATP2A2,M4M5,crop_raw/c819a4533620f9d886c0aceb1af48dbc0bfe0583f9ca1518c71214ccef777857_raw.ome.tif,crop_seg/77fbf9f8cf519898a7d71c006648a175b6cbbb24460d07505756a630f3f6982d_segmentation.ome.tif,0.108333,3500003118,209678
777259,146682,ATP2A2,M4M5,crop_raw/103accfc76f62323020df41843129d4c16fcf756ac0ed2f6dc5bf9b2e5f59211_raw.ome.tif,crop_seg/2ee1a66451dde046dc78ec47c0847a81df20e40063a4775d987a05ff6747a5a1_segmentation.ome.tif,0.108333,3500003129,210617
849567,147059,ATP2A2,M1M2,crop_raw/6026e9506c0d47288d1abce8244bf505e42292dcbdc0ac132379f17412160d6f_raw.ome.tif,crop_seg/b217ff195b9ae0b69947ec9b03514ab72445aa2b69ef200683014ce24fc09913_segmentation.ome.tif,0.108333,3500003179,216019
860589,147132,ATP2A2,M4M5,crop_raw/7e526d87765e95ce43fb817039127dd89bbc07271329a217082273f057fa88e2_raw.ome.tif,crop_seg/1936b878446bb2459a2b87c461f65732373a8070b28438df469d74457601dd81_segmentation.ome.tif,0.108333,3500003131,210793
851475,147068,ATP2A2,M3,crop_raw/7ace82f117cbd07e19a0fc394b98699c6f5f78f1fcebd4668c5a2582c8d44f4a_raw.ome.tif,crop_seg/1f0afd9c5525865207aa987a20de2b5da686b06061c4d93f60cec6a086a02025_segmentation.ome.tif,0.108333,3500003131,210797
825610,146953,ATP2A2,M1M2,crop_raw/80dded6bb08546e5f25544b825ee3b5810d36f09eeccb4c2b1d6fe90800c1774_raw.ome.tif,crop_seg/32a71b5d19089105374c36410d047518348eb0d513d487e117afcaeb48c672ce_segmentation.ome.tif,0.108333,3500003179,216067
868556,142062,ATP2A2,M1M2,crop_raw/b782fd250d241020779229647ea46de576287f42e5a513c58b531234a108830e_raw.ome.tif,crop_seg/21e77bcc1fd1671277815b91f111418024c55cccb8a3c94d0bf00882226b4905_segmentation.ome.tif,0.108333,3500003065,205437
771878,146647,ATP2A2,M4M5,crop_raw/300a44c444dfcb63952961347f69222d45398df7ce97c9f389dfe985fd40febe_raw.ome.tif,crop_seg/da06016f6e1979f15198416717d6553cf7811833c7040185461791ba64b85e66_segmentation.ome.tif,0.108333,3500003121,209392
910853,146366,ATP2A2,M4M5,crop_raw/197dd018c6e21a6df39192936816fd17479bbb1095eb9d1dccd6d9099527e22e_raw.ome.tif,crop_seg/1eaa6263770f10da4d80c04fd6e923387e3aa8630b8009697da0a5f86bb172a0_segmentation.ome.tif,0.108333,3500003118,209676
818363,146922,ATP2A2,M4M5,crop_raw/0bbbb96a02faab1e2c9dcf4b858ceb24bc0cc1c8fdc61c55e30483e027e19e8c_raw.ome.tif,crop_seg/5fd7cf1f68738856924ac375ec88070d4014d210617c756860679f481953d62f_segmentation.ome.tif,0.108333,3500003131,210802
780297,146697,ATP2A2,M4M5,crop_raw/296e3be2db370b312296fe40f9fe928dc19de05f5c7e97734b92bd06f8a6aa7c_raw.ome.tif,crop_seg/b2ce719b70a8500f82cc192969610476ed5e715e02c84904b902f52568c0face_segmentation.ome.tif,0.108333,3500003129,210615
845613,147041,ATP2A2,M4M5,crop_raw/3fcbcad4695502dc6909d4490f8c340dac6da438802bb3808b434d5bcbc570eb_raw.ome.tif,crop_seg/fb9a567d41d8db36fea95ca1ed14f2295a5c172721688c58745e589324d6d2b9_segmentation.ome.tif,0.108333,3500003131,210800
865636,142049,ATP2A2,M4M5,crop_raw/ddcb12af24eaa5ccb0265cb73f53c56d7d29bdc7f695b00c639b13c10893a0df_raw.ome.tif,crop_seg/bb66b1238c80769c150121d4b70ba7f473319df47bccd3a7c48af27ed4c58767_segmentation.ome.tif,0.108333,3500003065,205436
896668,147413,ATP2A2,M3,crop_raw/a5eaeb746d48896d02c681894be25b0250e7c010398d521cbc0f21ad812fd67f_raw.ome.tif,crop_seg/de247fee75f5091f66e06f8f40a4e85f6d477dd4ddc30793ca2fca8f5e5bab4a_segmentation.ome.tif,0.108333,3500003175,215342
862932,142037,ATP2A2,M4M5,crop_raw/b275714142188a0dc94378eb1d0ad6729f890bdf4844ba32f97d3c371473fa1c_raw.ome.tif,crop_seg/e7ada171685e46f053c6eb9b0b0e3bfe9269f1e5b87c63936c4239b2024badab_segmentation.ome.tif,0.108333,3500003065,205437
783748,146710,ATP2A2,M4M5,crop_raw/a5de329cee95678ce41eaa8436a0977ce723c097ef1e008060ebcb272dcfb6c3_raw.ome.tif,crop_seg/baa053dd572fd986b46e9a008a28412f44251f540400aeb709de2a39fdd7f56a_segmentation.ome.tif,0.108333,3500003129,210609
768403,146633,ATP2A2,M1M2,crop_raw/610c99e9836ce64d402e86c1fb269ba4ddd2caa0031709e406c6bbd9ed00b469_raw.ome.tif,crop_seg/b4e59d45d9481cff8d11e724be1615528f5757226e2426c6fba10787bf00a38e_segmentation.ome.tif,0.108333,3500003121,209385
765176,141511,ATP2A2,M4M5,crop_raw/e689bcab741b6ed1bde06db59190cf71567bb06228f43aa4e0f0de2e984b5741_raw.ome.tif,crop_seg/9647c23381d7546c8f2c00c2eee90859df12fd6ef6b4a3383e3124c1b3e007ab_segmentation.ome.tif,0.108333,3500003034,203821
818118,146921,ATP2A2,M1M2,crop_raw/13bf6b1b0437652dcfab039ba87abf3b3c611dda3a94113ac8e952dc7a0a642e_raw.ome.tif,crop_seg/095cc2a110c49c77ace0ac2e070c3656f16bcd706af25a91056c1da16ac96db0_segmentation.ome.tif,0.108333,3500003131,210794
924497,146437,ATP2A2,M1M2,crop_raw/bc1766b73b10887955bda7d6e0c13530699d866116db0c298f3da55848ebd6b8_raw.ome.tif,crop_seg/4e0cb1dc240fdc3a4130529e59517906310a2117c1640f9a8513541722d30805_segmentation.ome.tif,0.108333,3500003121,209391
913067,146377,ATP2A2,M1M2,crop_raw/6e243f98e4c664f4af2d75267f17a81667f87fb205e52bb35a2e5eb510a4b126_raw.ome.tif,crop_seg/1bd386766b44ce8be29bea3d883ccd9f61f87ef24f9d92f60bb0da86d308ff17_segmentation.ome.tif,0.108333,3500003121,209385
792312,146741,ATP2A2,M3,crop_raw/25b063c64558cd4593d4c64ce60674ba864aa9e85af6cdb98322d9d18b6f24f5_raw.ome.tif,crop_seg/1c5475e990392ecf386e3092c690aa49fee7c445bce8e3937b6debc5fcdcd1c5_segmentation.ome.tif,0.108333,3500003129,210605
852729,145978,ATP2A2,M4M5,crop_raw/2507e65c7895c928a023d5efb730fb095bb7ca209133fb930d3f9c187647f189_raw.ome.tif,crop_seg/d37e35785f8124f3fdf8078dd7f00f8781d2ca17271067a93d5f6668185ac177_segmentation.ome.tif,0.108333,3500003037,204887
860992,147136,ATP2A2,M4M5,crop_raw/a85414b23402835f5bbbfb3f89f3eb00d4de635aadba968a848d579647e90df3_raw.ome.tif,crop_seg/e5584755a5220fe794418f61c2da5fce10d0e434ad01e370a8cb17627d1e013a_segmentation.ome.tif,0.108333,3500003131,210811
752987,146568,ATP2A2,M1M2,crop_raw/a0fcb7dc0a94dd2eeb5a98ab0f2d9a780270ac69911cf26cb59c5b5de91690f4_raw.ome.tif,crop_seg/22f113ac9413d084a2d26bfa0a71dae314277ecbb105ead9bd5cf7c00c2ebd6f_segmentation.ome.tif,0.108333,3500003121,209375
768156,146632,ATP2A2,M4M5,crop_raw/f602b6d25efd6ad44b895f9980b153daea31777d8bdf0ad1acfebff8b7ec9df9_raw.ome.tif,crop_seg/efe18bed312ee84aadae10965ec1c9f1f3a160a14aaf795a651c3538509695de_segmentation.ome.tif,0.108333,3500003129,210615
734941,141456,ATP2A2,M4M5,crop_raw/a3211f8a3307cec42717aa850827c39e25ff5bec15b20daf478b449e677e9fe1_raw.ome.tif,crop_seg/fa7c9247a520c3d7a6220a75a2fe1c4c628f904296c2645f391a601de20c707c_segmentation.ome.tif,0.108333,3500003034,203821
862133,147147,ATP2A2,M4M5,crop_raw/f32fa66121f5c694070b1f88acae6d57da592421b1b10813b78aaf7a7c1e697a_raw.ome.tif,crop_seg/ca222dfeb71ce512812cd1e3b2bc203faebcb2b5523ec5ea14ce42cb7bf1e770_segmentation.ome.tif,0.108333,3500003131,210811
854387,145986,ATP2A2,M1M2,crop_raw/de8df4fc9bf10f0508faebad398480ff983f83ddd4522478ca9d1c65bb42d93a_raw.ome.tif,crop_seg/866c1ff82fdc05cf22c8bc75b973563b475c83825fb265603a45bab3712da648_segmentation.ome.tif,0.108333,3500003037,204902
815076,146909,ATP2A2,M3,crop_raw/100f6bd2a4ee4ee445423b54c0992c80599171d8d6fd98d3261c648e47393f51_raw.ome.tif,crop_seg/f615077bf297c36cca5cdc2cc0bb72ae8888aa514f9afd8b9904de8551c8c387_segmentation.ome.tif,0.108333,3500003179,216064
859106,142020,ATP2A2,M4M5,crop_raw/a2c8c088b50f3dd6e141de155c02411d95a845a630b5e6dd0d6e55b3efaa5353_raw.ome.tif,crop_seg/d29fbbf96f55c928840c6d8866e038006b030bed294692dbf34aad97bd046153_segmentation.ome.tif,0.108333,3500003065,205437
855736,147088,ATP2A2,M3,crop_raw/a06c311f80df3de129ff5a971f52a43a073ff527ed733767475c34a3a0de90cf_raw.ome.tif,crop_seg/8f28ce2a761fff76e98bb7777e30ba64db84c63df9bbc64121c9532ebc1d1186_segmentation.ome.tif,0.108333,3500003179,216022
787945,146725,ATP2A2,M4M5,crop_raw/5a65fb44b272b67316580e9abd6fe2e229a0c3c8abe7087c0a41745bc8b1663d_raw.ome.tif,crop_seg/1730f3ba434399736a760d6a86f6f94c56b99d559cceac91199fd05ec090b79e_segmentation.ome.tif,0.108333,3500003129,210608
782769,146706,ATP2A2,M1M2,crop_raw/c60c49aef8ac04c7c3918d07ed9558f195919037e3c04d85b6cc095a835c1f8e_raw.ome.tif,crop_seg/0e41fee29a12c9b76c4f9bf3a7010fbb63a23b909cca2a221ec83f4ec7a5dc13_segmentation.ome.tif,0.108333,3500003129,210617
851735,141986,ATP2A2,M4M5,crop_raw/97f37ac47057819c90cd63130aaf480eeb37d5fc9a6e307e2355a3c4c526a10f_raw.ome.tif,crop_seg/03103593e2483b30380ac308d4bdb5e4f5056bfdef78775fbac70961c45298d8_segmentation.ome.tif,0.108333,3500003065,205452
855144,142002,ATP2A2,M4M5,crop_raw/fb4ce112be24a6f8f88d20cfaba215177129a6a29a743417325f788a5b7619ed_raw.ome.tif,crop_seg/f4b38bdbf58fc89ee3d8983c978cb80ad09d5880b56b1fcc153555894fc37597_segmentation.ome.tif,0.108333,3500003065,205453
904624,147451,ATP2A2,M1M2,crop_raw/806d661d95fada9ac1a8b5a1aec2495c4bd01456a59b3570e9e6a6f881cd3eff_raw.ome.tif,crop_seg/c3b263eb4cd791446bac67a7bce450b7209c831ee73358cb2c51b1a1a75c3b93_segmentation.ome.tif,0.108333,3500003175,215378
859017,146007,ATP2A2,M1M2,crop_raw/6ce0b66f4dded8fde1435d763d1ca1433730d2919e2dd96c69455b052e3e9c82_raw.ome.tif,crop_seg/ab0e73fc0dc794528815f818fd76b546292d8d2af9aa4ecc513bf220bed716f9_segmentation.ome.tif,0.108333,3500003037,204903
892856,147395,ATP2A2,M4M5,crop_raw/8702df31a30ae8ef9e2dfe8d18b5a3e2794f8fb89b0a2dac58c5da4f548b28f4_raw.ome.tif,crop_seg/894827ff85649fd8ace17590065b932de07a6a482eede5b79457e4c337388489_segmentation.ome.tif,0.108333,3500003175,215334
918881,146407,ATP2A2,M3,crop_raw/8f8bfa7bc06bda5288012a8ceac4202198171ebc4d583f7d1873e71eb91f8ef3_raw.ome.tif,crop_seg/5f3432c9c5b5cd3dc96a5c2f5550f169508826c3fd1fc50afaebd86a6bbf23a7_segmentation.ome.tif,0.108333,3500003118,209661
785667,146717,ATP2A2,M1M2,crop_raw/e25fc52567bf797070364c42f2337d711541246c0c4cc3a56c5449cdede2c5f6_raw.ome.tif,crop_seg/a19a341117b8dd8880b0e84d092e8eea69a5b34045e7718dffdfb6e82d2ff4b2_segmentation.ome.tif,0.108333,3500003129,210601
863462,147160,ATP2A2,M4M5,crop_raw/4e455ba0de3346a5a9b273a6c038d3ebc5c907a445887c0aebedf6ae09337e44_raw.ome.tif,crop_seg/3276bf7fa84992b0efb96bcea04aef4fc4d39ee254e601f79a4bc5c3954b3242_segmentation.ome.tif,0.108333,3500003131,210806
894971,146290,ATP2A2,M1M2,crop_raw/47831b245ab2b6208d1d36fa1f38cc2c35ba7570b72dda43e50fe239de89575c_raw.ome.tif,crop_seg/3948ac9494c3e95d7b62a6699771709128bc76502c577a3273415ad5e998805d_segmentation.ome.tif,0.108333,3500003121,209375
902465,147440,ATP2A2,M4M5,crop_raw/4c7f69fa09b542a7b4b60459d4d4678158d1d75b471c572bfcc98a185915a0ec_raw.ome.tif,crop_seg/35f4bace7d100903b0bb7dc9f911adad00cf449f8908ec750b74ab8391950262_segmentation.ome.tif,0.108333,3500003175,215365
852847,141991,ATP2A2,M4M5,crop_raw/2c27fff9854418888ce0b9020dcf2429aae9e0e1a7f7b28beaac738317326c5d_raw.ome.tif,crop_seg/33c66328895e3dbabdeb76555bb426966b31b43ec3f690d1deb8c54a4b226dc1_segmentation.ome.tif,0.108333,3500003065,205441
841964,147024,ATP2A2,M4M5,crop_raw/61cccf28b7b48d52c62559412124d0f28bb3561915959b59527e96b50e3192c7_raw.ome.tif,crop_seg/44b24b61421a6bba223cd1f78ce7ec824dada2a300b310a9e8bb0085520e77f0_segmentation.ome.tif,0.108333,3500003131,210812
778584,146691,ATP2A2,M4M5,crop_raw/1b2daa886faaf0c23357645e65d8c7829713fecd23cad9bff9674aa4e60e6c53_raw.ome.tif,crop_seg/ce809078a59e89709e83774a471ce6482df4c248700a0f8bc2b5ee98e6f2db0d_segmentation.ome.tif,0.108333,3500003129,210604
749133,146549,ATP2A2,M4M5,crop_raw/397ae012fd3ffa407858b342d6654a37402d1df4686ea718c3740aaebd98728c_raw.ome.tif,crop_seg/12bd7f69a02a5216132f661ebb1da3a0d2b22ff5348e1a0f6d5ab4842368b1b7_segmentation.ome.tif,0.108333,3500003129,210616
854868,147084,ATP2A2,M4M5,crop_raw/9495336ae5478c2952f2ed0ca79db1903b45268f055be88a18c0194aa366b38c_raw.ome.tif,crop_seg/0295f11a89446076506972503e905326a2422a5ba1543f271447e3f0df579ff1_segmentation.ome.tif,0.108333,3500003179,216046
861920,147145,ATP2A2,M4M5,crop_raw/65bb94669da9257550654f75a337727c902e3edeb471bba63d6a1c736818dbbe_raw.ome.tif,crop_seg/1de4a58b6c9fc76881437a45a44df31ed34067b1b65f4c87958fbbbd5f1fe516_segmentation.ome.tif,0.108333,3500003131,210795
850599,145968,ATP2A2,M4M5,crop_raw/585cf6d20888ab1f23cf3788e38bd432d123b188f1d61ae4b2aa5b93c4bd2b72_raw.ome.tif,crop_seg/6a778e818e5834f2fe5a100c1c65616b699ef855add916cb8c6b5c4db2d216d2_segmentation.ome.tif,0.108333,3500003037,204902
765825,146623,ATP2A2,M4M5,crop_raw/e4194b89ec9ff34ed4824791f012532e01d7944392ea33713463bffd85359789_raw.ome.tif,crop_seg/df3c5f7c2c28a12e8fdc57304030a1f8d56abb0a312a302ceb02505f6fe8899c_segmentation.ome.tif,0.108333,3500003121,209389
913318,147494,ATP2A2,M4M5,crop_raw/9e2eea4c4980fe0f26552649b20bf2af1ac5244b33fb70f2fc8c7c15dc536485_raw.ome.tif,crop_seg/b802099a129f04c7420c1fe7a5c278d48e713d1eb8c5972b65787eae53ebf336_segmentation.ome.tif,0.108333,3500003175,215330
755469,146579,ATP2A2,M4M5,crop_raw/50d3f5d26ce5ebf35bb28cc265531c75036a4f06d69e03f4340d8ca99bcc8f31_raw.ome.tif,crop_seg/6fb65af8d26650e6a2d87d9ee89931b829a82c835f71085793e2d1cc7b48cd00_segmentation.ome.tif,0.108333,3500003129,210601
900731,147432,ATP2A2,M1M2,crop_raw/48644a5554e59c7fa6b1de21ea6771a05d3cedc8af0561c790a8dd8cb7b03acd_raw.ome.tif,crop_seg/5293d925b37b9144685f167906f1b598d3d79cb67e0fbbcae31fb1b3a5dd2bdf_segmentation.ome.tif,0.108333,3500003175,215365
762415,146609,ATP2A2,M1M2,crop_raw/27073f070a0f30cfa76d2e49c5371a750685244ee90cfa5583623846deab56be_raw.ome.tif,crop_seg/59a05d59d9ec2c6bd77a4547febb200de8d3d031d33a48e7669e75578c2e21ba_segmentation.ome.tif,0.108333,3500003121,209390
767717,141521,ATP2A2,M4M5,crop_raw/b72699cf623393b01db585c4edae835108194176c8e7ca2a72e97107c8cd0b28_raw.ome.tif,crop_seg/192698870c8bc503763e22f8c42c9c2b2536b70b6afafa4b84b3ca00d5ee191f_segmentation.ome.tif,0.108333,3500003034,203829
793596,146805,ATP2A2,M1M2,crop_raw/61941283913f2b5ec08b338fcd7ffd3f9445baa685bd5f41ba6bad15753545a1_raw.ome.tif,crop_seg/b20dd24e45b8005c15f0513a904675a43b56b2f1284bc67a73412b0ef4c2c076_segmentation.ome.tif,0.108333,3500003118,209663
925072,146441,ATP2A2,M1M2,crop_raw/1157872dbaa632093c6d4c8df5260a821dc82d5ad20fceb0b26b010bbc8c5631_raw.ome.tif,crop_seg/d3b734bd85a86a29201d8e992dec1c34a0938c6ee555f3be8d71f5030a52e077_segmentation.ome.tif,0.108333,3500003118,209675
913110,147493,ATP2A2,M4M5,crop_raw/1f52960c9b8f17ef65c332cffcdf951651499753036cd08d9abd626cec248694_raw.ome.tif,crop_seg/a11e4e9917e67c4b89909630d164e190cfd58403142fee00cd41d285fb8ff9d8_segmentation.ome.tif,0.108333,3500003175,215365
905124,146338,ATP2A2,M3,crop_raw/6eb585778a5d2b7ae8b9b33e06743c8ca811a8e2db03ec586dafc33c4f6dcd0f_raw.ome.tif,crop_seg/6e2c908751246357c2c14963dce871c7d44d03ce14359432027703774bfda8d4_segmentation.ome.tif,0.108333,3500003118,209674
857319,142012,ATP2A2,M4M5,crop_raw/32fca57d0510b537bba52c5de706c6506c59ecbbb7037317f89ba4628d0efd91_raw.ome.tif,crop_seg/8e38fa86c0c368d6a5c271aeda2785ba04a57f20f8845cf6f1a3293191a8096d_segmentation.ome.tif,0.108333,3500003065,205435
985798,146592,ATP2A2,M4M5,crop_raw/7b6605d1ca5dbdc2aa517cb168296a53b08153f5e39d9126a3488ecec9efef7e_raw.ome.tif,crop_seg/1de410c02b279cf27f2eac2c8b86fa869ba01ae6856f36a7c69afe18e958cd4e_segmentation.ome.tif,0.108333,3500003129,210601
863499,146028,ATP2A2,M4M5,crop_raw/678f2b54fbd2f6db8463dcf07d07cf68cee28109fd6516654ca5b8a7eab72700_raw.ome.tif,crop_seg/168dc1be51733797433fb1347cdeb0d78c823f407d79d81bc0df976d27725592_segmentation.ome.tif,0.108333,3500003037,204883
774840,146664,ATP2A2,M3,crop_raw/82d814b0d0d39e2dd5c162d0dd01831226a92cdff4cf624bc448ea77d9d1e2b2_raw.ome.tif,crop_seg/4f97e39f474053b49a73a0767748dafd290c395757fe04f0b5dfb1183cd83047_segmentation.ome.tif,0.108333,3500003129,210603
860370,147128,ATP2A2,M4M5,crop_raw/4b19ca714a429314a4dcb2584d6ee054089fd53bfec56553addfdaba86481dc8_raw.ome.tif,crop_seg/b8bef38fa97f352ca90f74198d3f9f683c3cd4738d0ff6bcc33cca1334c3553a_segmentation.ome.tif,0.108333,3500003131,210801
871801,142077,ATP2A2,M1M2,crop_raw/269201be7dd040ea20e5cdb7532e6879d2b23c0b9dba34bf02d9a4f2ad2dfdcd_raw.ome.tif,crop_seg/0fa8401c5c0fecc6f6d633af4881aa23324c5c277213d79bdbe45dcd0ce7e4d2_segmentation.ome.tif,0.108333,3500003065,205452
751771,146563,ATP2A2,M1M2,crop_raw/4f2632705f4cad52b202734a6c6ce069c4072fb9bbb2cadb0292701abc467113_raw.ome.tif,crop_seg/a741076b42e5266629d06b2d531681c38486568da5cd9631cbf1801e4b6f4bfa_segmentation.ome.tif,0.108333,3500003121,209387
813818,146904,ATP2A2,M4M5,crop_raw/16c51458e6c5d0ee420be38c4dc192b8a12db3c8a154ba6c890c53a73666b9a5_raw.ome.tif,crop_seg/2ce8f362cd3e3fefb28a116e6dbd05f31ad314f76dd17da231460f92e5da59b4_segmentation.ome.tif,0.108333,3500003179,216064
861831,142032,ATP2A2,M4M5,crop_raw/c0beb6cf6e3ebc63d455609900b09e48cca70f1525825948b010f419cab7d6c7_raw.ome.tif,crop_seg/5e4c8efb5d98c24a5de848612b634b00aa96fb08314d37ed98e625a5728224e4_segmentation.ome.tif,0.108333,3500003065,205453
901170,146320,ATP2A2,M1M2,crop_raw/f4e2e13f50d6a14c8b11a8b4e1520dbf8a171b2a4a7285fea15b4ea6d8c06711_raw.ome.tif,crop_seg/e03748000c7a11c25b1c6b068a287cc35d8f7dbb73fb4578a1905c47f623a357_segmentation.ome.tif,0.108333,3500003121,209374
746955,146534,ATP2A2,M1M2,crop_raw/d0888e15897add6e537e66bf0dbe891bb24da72a87f2c3061a4ba80ec4c316d0_raw.ome.tif,crop_seg/9d3ede7705f8ad86131e2c88e48c36d98ca18e75114d26d7b6c001b56a7675d8_segmentation.ome.tif,0.108333,3500003129,210605
862197,146022,ATP2A2,M1M2,crop_raw/b0ee09d38430fbc660b46923fc86b4de94b8570f66f71c88fa480871e2770e7a_raw.ome.tif,crop_seg/fd5b7a469cdd149aa719894d2bb6761b77d1755c55e73c461c52dfdb93ccb2f9_segmentation.ome.tif,0.108333,3500003037,204885
901589,147436,ATP2A2,M3,crop_raw/2b2b5969f0a4e97fd85643060bbedf901e2437d35de8bb589ae0709967e8c987_raw.ome.tif,crop_seg/e7d14167dbb724bfdc20346b5c85b37d5dc2da27fce4303d2caa7865b0e1f7ee_segmentation.ome.tif,0.108333,3500003175,215328
928987,146472,ATP2A2,M1M2,crop_raw/bb35591c364653c27a1c1f879e7e0dd0b4feffb28fd1345115e6688305f4ca15_raw.ome.tif,crop_seg/da0e117b590e0744bcfda94a2ed0e158c3c50f50255c64156efa217ac917246e_segmentation.ome.tif,0.108333,3500003118,209678
863700,146029,ATP2A2,M4M5,crop_raw/742e88e108707e74f3a79ad7d75b6e18f1ed02f38ec98ed430334b0ea093eec5_raw.ome.tif,crop_seg/e744ffd0501a01e77b2b758252fbd7278246c67230dd369cb6ab079e0486db07_segmentation.ome.tif,0.108333,3500003037,204900
867596,142058,ATP2A2,M1M2,crop_raw/85593e1a66325f9ccaabc9618a6a82102ddb2b4254f5f18b5c3d4ec7c241dd49_raw.ome.tif,crop_seg/a383aacc58b4a49d6a4617a58708b940d76616a21916e205d9561515be3fd6c5_segmentation.ome.tif,0.108333,3500003065,205441
893058,147396,ATP2A2,M4M5,crop_raw/feff393dcbe8734778a6780321fe2a40b61a80d160b4314ee6b3bcb19adfd439_raw.ome.tif,crop_seg/bc1938931e2e13aeeb4e3bc4a4e311b10fdd1c16dd3067f360d3daf6856a6c0c_segmentation.ome.tif,0.108333,3500003175,215319
791828,146739,ATP2A2,M1M2,crop_raw/ebd1c424e546447dd20ebd237fec500c3bfddb03136aa775360459aaccb9d7d5_raw.ome.tif,crop_seg/19c98e3f75b02606482980fa2b77570767c8910857aa1935c60fe852effc173d_segmentation.ome.tif,0.108333,3500003129,210607
861376,142030,ATP2A2,M4M5,crop_raw/79667fceb852e41a3251f354a017623fb7c3a65f1759d931677555fd628508f3_raw.ome.tif,crop_seg/b1b145609f2d0225c1084e1926b40167e6d0c9cb3a588feb19944d9c02a54bda_segmentation.ome.tif,0.108333,3500003065,205440
868305,142061,ATP2A2,M3,crop_raw/a925301ce1521c3c1762bb3118dffafac02ff34dc695c4fb1401e8aede19e6b9_raw.ome.tif,crop_seg/67c2607405450f5d546876b8a4baf01a40fd3f35545d236da44fba3c258b02b8_segmentation.ome.tif,0.108333,3500003065,205439
869704,147214,ATP2A2,M1M2,crop_raw/6d8b149b90472512b20490eaac1a441893793a665862bb6586fae2236790f4d4_raw.ome.tif,crop_seg/35bb82ad6697391254bbb85ad2c5f7e91df9b3c06e7d1b4e9d98feb3c0888594_segmentation.ome.tif,0.108333,3500003131,210794
766618,146626,ATP2A2,M3,crop_raw/a962d0aaef09ea6857bf7bbbc28ecc07ed63f8418e4185182296fe4f0b417d86_raw.ome.tif,crop_seg/c5ecfa8100eeb354d5ae9bc85e24c44c7eb5fa1248c227f0e70d925d4e0ef0df_segmentation.ome.tif,0.108333,3500003129,210608
864312,147168,ATP2A2,M4M5,crop_raw/ec281c4f4d3bc6290e7d72167a49090c05a774a5f6e01c9362fefadef819215f_raw.ome.tif,crop_seg/c34a9e251faade1a8ad56192a176fa2676ee76dd0f635eb706be00f6c0a56603_segmentation.ome.tif,0.108333,3500003131,210814
892437,147393,ATP2A2,M1M2,crop_raw/9fe89b05622e4b555e41cd9aa3d92f369d5aab69e7471caf7fe49d6b1dad28a4_raw.ome.tif,crop_seg/245d46d9f64674be09e9c3fdc2effb9b0cc554dc9317d044bbc7933506363428_segmentation.ome.tif,0.108333,3500003175,215328
925187,146442,ATP2A2,M4M5,crop_raw/6c86aaaca2205fa94e0fae5d4b52b21d5b4448a050522f7bd87c1327f6230fd8_raw.ome.tif,crop_seg/90ebec1da598f28fcc2051a5baabae6f6a0b822735a7723b4faa0c1a5499c618_segmentation.ome.tif,0.108333,3500003118,209665
781228,141572,ATP2A2,M4M5,crop_raw/e4cf61c5ea50d5ec8eff850bf1379b95213c8a9ac9dc4e858503002b8eb9b904_raw.ome.tif,crop_seg/36af9f558a25a90e8829a0c6cfaa296159a9677c9d80bfa05c49ae604dbe2247_segmentation.ome.tif,0.108333,3500003034,203821
985667,146478,ATP2A2,M3,crop_raw/7be2097fda2af8178a0e94f18d1b200747f79a2f39bd7fa44c7460ff2f2e9f3a_raw.ome.tif,crop_seg/6beecdb4701c8c5c7728e903c389c96271acdc3449b485e3c7df46cc40f6182b_segmentation.ome.tif,0.108333,3500003118,209679
854056,141997,ATP2A2,M4M5,crop_raw/4b897575cc3492f0aac671237f98985839b76efe6a94442186ab71271459eae7_raw.ome.tif,crop_seg/c6409966ef07a899c2a792dcf2b44feefee898b73ead75337d1b84bf9c239d15_segmentation.ome.tif,0.108333,3500003065,205447
846152,147043,ATP2A2,M1M2,crop_raw/1c94d5ef9b4a62680082cb0dbcd2872009c21ad1e0542d3f9dba2d581296e2bc_raw.ome.tif,crop_seg/e1d3010539c8d660a02f05c3c5a3b8c022a35496ea76d3d79a5a0174c77a802a_segmentation.ome.tif,0.108333,3500003179,216067
749660,146553,ATP2A2,M4M5,crop_raw/95c2cb28d340ca6de8f84b67163edea7fcda258999f3c0ad3c5422aad07a8a62_raw.ome.tif,crop_seg/d9086d9e7345b5c09acc23a6204902ed2414b22edbcad3f7f71973717490393c_segmentation.ome.tif,0.108333,3500003121,209385
762026,141499,ATP2A2,M1M2,crop_raw/a3950f059b8814d986a3dac750897242568bc0de762ca5f4b6a6d01369e5784a_raw.ome.tif,crop_seg/6402143501035da2d598e38ad16d1641d6379c62439cd60c41e3a0e5a42ed65d_segmentation.ome.tif,0.108333,3500003034,203823
927951,146464,ATP2A2,M1M2,crop_raw/058ad71ea01817aa03d073c2d6550c22eb80b7b959a50bcffca99abcce993b5d_raw.ome.tif,crop_seg/4c615ba67e3fb69ccf72683340f1ca75317c4e302d993cf3e8fac3e79731859e_segmentation.ome.tif,0.108333,3500003118,209675
897592,146303,ATP2A2,M1M2,crop_raw/505557529691348435cf293de5c75e21f092c34224097ede93dab0637cf091a9_raw.ome.tif,crop_seg/a5874b4bee027dea5c59d895717af6477997ad86686b9a1e96b7c8974e470420_segmentation.ome.tif,0.108333,3500003121,209388
892664,147394,ATP2A2,M4M5,crop_raw/67991b2bb49920877f6e59ca6377d4d637b3142480e8a0a1ea9d8ced0a45d0ca_raw.ome.tif,crop_seg/2975df00314bede369c61bd80969af71da6c350eb281a68ff6c9343f2d3072a6_segmentation.ome.tif,0.108333,3500003175,215373
772758,141541,ATP2A2,M4M5,crop_raw/ccb57d8fdb9a76bed4e857b9a3a4f007f469f0c0120365783c9692f5b8e42f13_raw.ome.tif,crop_seg/3fcb8c878ee5e787c0eb0cfab3f0b24f2bfea311f3ace1de79e8ed07b7fbd5e0_segmentation.ome.tif,0.108333,3500003034,203833
894788,146289,ATP2A2,M1M2,crop_raw/780d127afbb1bea7414127f800a2c4ef91162a3a39745badcb37128da0392c2a_raw.ome.tif,crop_seg/9c00fc07d1d39e08c156e5533765aab2a81a9e3cde9be50558af8ebfde84894b_segmentation.ome.tif,0.108333,3500003118,209678
834674,146993,ATP2A2,M4M5,crop_raw/86eb8e1b2cc00b93c0c3bc718af2c38c0abfb9e7d590d2631cfec0cfd605f81c_raw.ome.tif,crop_seg/e5b16e4dad0039087265c7bd5ca1807a2a7f501107758c7b4253113a800cd1ec_segmentation.ome.tif,0.108333,3500003131,210806
860911,142028,ATP2A2,M4M5,crop_raw/69f42cec4134b1e1624d03734101016e4d75e3fd18559a03e52de1f2ca83dcad_raw.ome.tif,crop_seg/566230074401731aed42c8d2f25feca4e0c89edb26a918593c6cf20b5b242f9f_segmentation.ome.tif,0.108333,3500003065,205436
848031,147052,ATP2A2,M4M5,crop_raw/10c5a6709db85de122e1e06d6f3c418ca0d0e7e90763191eb8919a66d190b9a9_raw.ome.tif,crop_seg/bacff9f055f80d5fe6e63e35f87248ee49c0238ff660b4517d9fa63ee0aa7a24_segmentation.ome.tif,0.108333,3500003131,210811
866457,147184,ATP2A2,M4M5,crop_raw/934ffefba8fcbfe4616bdcadb92ac08f9c0ae7eb61389c181bd1c4f609e79e70_raw.ome.tif,crop_seg/a0fc145fc1b2288d1309247c0933ee242ea85fe8e739bc9779da0b2791b0c670_segmentation.ome.tif,0.108333,3500003131,210811
775703,146669,ATP2A2,M1M2,crop_raw/896fb7e82423f3c983da21977fd5dcaad56a0dd78e83a10b7cc5c9e614e6ee7a_raw.ome.tif,crop_seg/724dc4419c2a96855591eeeb1ebff84f46991414ce9c97502f0cab1df7cc9ab9_segmentation.ome.tif,0.108333,3500003129,210605
923875,146433,ATP2A2,M1M2,crop_raw/976bb1bf03b01a1c510ab6d9574807d42e25cf98b922b717b6670b6b919aab03_raw.ome.tif,crop_seg/e9757ac5efa005a10d5262766d44a19cc0b926288646d974576d0d007c593047_segmentation.ome.tif,0.108333,3500003118,209677
782146,146704,ATP2A2,M4M5,crop_raw/3cd864b5d69532ea66c78e4c3d3c9e73ffe41bcb69a890ff18298ce6f1e3525c_raw.ome.tif,crop_seg/09343d4292361e3afb2c2571478b6063a82397f693de3b2e8476a26d7702780f_segmentation.ome.tif,0.108333,3500003129,210607
839876,147015,ATP2A2,M4M5,crop_raw/102c0e22a2d3d14f25fcf39e36a5455abf75507d940620b2689d6f17dd4ebfe7_raw.ome.tif,crop_seg/e1c37dc6dc37c3a63de77a618fbeeac4a34543518150841219b8d34b5ed68bbb_segmentation.ome.tif,0.108333,3500003179,216026
817865,146920,ATP2A2,M4M5,crop_raw/68d02fd43a2f5dfbdca9ca1be6ffcf5fb0e69c64ecf88e9ba3afdd106d751003_raw.ome.tif,crop_seg/08fee50650a649c55b20a80a1c5b170d7ede1bd66c45edb0b45aa601a6679965_segmentation.ome.tif,0.108333,3500003179,216036
922508,146425,ATP2A2,M4M5,crop_raw/75c2885fa2842bcd51357437b325c94821e5c598c9f4eff0a63a7aef6c2156bf_raw.ome.tif,crop_seg/daef426cde7356e2abe30ed7595d75d4b7972c48af16111edc315d67d33f21b2_segmentation.ome.tif,0.108333,3500003118,209674
911889,146371,ATP2A2,M4M5,crop_raw/7dfc465c95eff55a8d39a99325ddd2a6c6b20035036f6f08553a277e6cfac3c8_raw.ome.tif,crop_seg/86b337dace0173d06cda9ee18176018c27c122d760aa8029ef67766e6abcceaf_segmentation.ome.tif,0.108333,3500003121,209391
827327,146961,ATP2A2,M4M5,crop_raw/a451bec381cf17623a0a5d497da601f9abafdbdb2460760e67f30ce7d9432eea_raw.ome.tif,crop_seg/d6e0062c78710396f6c4ae78ed97c37774f95c0069c75e301fe2c837d3e2b464_segmentation.ome.tif,0.108333,3500003131,210795
758360,142454,ATP2A2,M3,crop_raw/e041c211aae8cd41361e79124eff0512c1a3a39ab6739f42618afe2780e5da99_raw.ome.tif,crop_seg/168706de34f1dd6fd4df9d7f8b4cc637de093721c6b452192700459438880cab_segmentation.ome.tif,0.108333,3500003065,205452
922685,146426,ATP2A2,M4M5,crop_raw/64fea4549274caaab84eaf67b8cecf6d17da5b158758ae9faee7e6af11e5777b_raw.ome.tif,crop_seg/7ea5d2192783dc1f37f3c73628b85e05a890ba9e7fff0362e6427f6cff5619d2_segmentation.ome.tif,0.108333,3500003118,209663
910643,146365,ATP2A2,M1M2,crop_raw/96847563fdcb436e35d616bc82ab8565cc942045fec4b08df32348d5f2408d94_raw.ome.tif,crop_seg/d3138f2ab4661db08337c0d302c364ae9ddd325d01d82b0eb0470cfa777500c4_segmentation.ome.tif,0.108333,3500003121,209385
925830,146447,ATP2A2,M4M5,crop_raw/7d04bfde8dc3b61cba889787a7d655be750001ebf93225ef9411b121926cd841_raw.ome.tif,crop_seg/78c568887f14da3b91150c9fe0bea89fc2a81677ddfc09f3bc5b56c2d6c75be4_segmentation.ome.tif,0.108333,3500003118,209665
774563,146661,ATP2A2,M4M5,crop_raw/6a291cce634cb48a2f5b516a6a58d399f8f4e058c5a4d528ccdd9c108a939b8e_raw.ome.tif,crop_seg/f9ffbb2057b1ee039283c8238ef70bfd61ac096ca66f772f53f8bed2b271d520_segmentation.ome.tif,0.108333,3500003129,210615
769194,146636,ATP2A2,M4M5,crop_raw/33e731feb4d996363f4fc2c0c42dca7a525aeec87128ed6db384adc2577d68ae_raw.ome.tif,crop_seg/32af24e15aa16b0b0670332fae6d9853a5bbb501640a75e45a48ab9f02d735f5_segmentation.ome.tif,0.108333,3500003121,209378
922972,146428,ATP2A2,M4M5,crop_raw/0e0f84267ff7bc42be2150210444b97c5bbde6fd18be0d873981b67c013a5866_raw.ome.tif,crop_seg/d9e16c82e4cd550e11a29cdbefd96e8567b83761cc5d310af6ea0199c11fda8e_segmentation.ome.tif,0.108333,3500003118,209675
850382,145967,ATP2A2,M1M2,crop_raw/733f55d6158235f25fbda05c7fc0a77c1ac29c4aaa72d6c310be822e89383a26_raw.ome.tif,crop_seg/a044a31c89eab7cdb6118e10ddf751bcd63d42acb12a736da85f33eb0d380616_segmentation.ome.tif,0.108333,3500003037,204899
860494,142026,ATP2A2,M4M5,crop_raw/a3cc9e9454afbc9ba39c52a8297b9b318dd5c5ae06d560547fafe6e2503605a8_raw.ome.tif,crop_seg/19f0dca6b5801a5232c6549cf42af93f6f2060c341796669bd3b6b7c137abb5f_segmentation.ome.tif,0.108333,3500003065,205453
907544,147465,ATP2A2,M3,crop_raw/9f3cb7a10c798c0fbd2c0562b9fac9d6317361b891251875f2c4e64b7443e44c_raw.ome.tif,crop_seg/eee68b95e4db737076a5b2b7f7c5a5ea0e7a8c6cbd44ea472d0925e86542d351_segmentation.ome.tif,0.108333,3500003175,215386
757101,142449,ATP2A2,M4M5,crop_raw/d27764a61a9a210fba443e052fe3eae8c42bae534711d1ba4330aef66817da01_raw.ome.tif,crop_seg/eae7e42fc84889dfb696a7daa6ad350e40846b2ad33282fb6989f5e7af5222f5_segmentation.ome.tif,0.108333,3500003065,205455
900096,147429,ATP2A2,M1M2,crop_raw/d6403a261cdbba7da135c66e566115a2c8f7d77ae15c8a8bc726083159d467e2_raw.ome.tif,crop_seg/fc380608f65745002ebc8ebe80238e72fed8e2adf8e34f28fc47b9c4b69e2c89_segmentation.ome.tif,0.108333,3500003175,215344
756363,142445,ATP2A2,M4M5,crop_raw/4219732dce0ee9632f33711154ed5d20a91555eafbe9fb3217389ee9306c532b_raw.ome.tif,crop_seg/ad8729606f9b12f8ae5d97c1d67fd072a59e40567ea4144bbc1ff93661956e30_segmentation.ome.tif,0.108333,3500003065,205452
858862,142019,ATP2A2,M1M2,crop_raw/c6fe8773d3d48302a48a849a70451e0406ce96d1517301607b542dea6d2782a3_raw.ome.tif,crop_seg/2ff5cd6da19a5d140636548846a1f847bc68505e0de3e6f28f472288438685d7_segmentation.ome.tif,0.108333,3500003065,205444
913520,147495,ATP2A2,M4M5,crop_raw/481c6515b8aaf2cd2fe4b278a01785697fa151caf56515aefc50831daf9fbbb2_raw.ome.tif,crop_seg/8d850a4786bec36fb3adc84abae6855307cbafbb5886eaf5878da64fa2ac7f85_segmentation.ome.tif,0.108333,3500003175,215369
915019,146387,ATP2A2,M1M2,crop_raw/a8f04c2bd94b099b706ca609012968032ecd13125d8e1bac924b49d2d6d4d3de_raw.ome.tif,crop_seg/052441d22f303cbb8f2ec98ba5fa79c428fadfcb4a2824c2ea8e78bae0270509_segmentation.ome.tif,0.108333,3500003121,209375
764517,146617,ATP2A2,M1M2,crop_raw/184fc34abbfe92965d5bc541b5fb665b90dfc9c87ba539e076b9f738f7559cab_raw.ome.tif,crop_seg/c429f34582596ee28f520122ca84117ce1435fc117b71dde9ac6c7571202fe57_segmentation.ome.tif,0.108333,3500003121,209392
860154,146012,ATP2A2,M3,crop_raw/45a499d791eb4ad24df7d7c0c762795f07ccf2baaaa9e945b929c402a650ba23_raw.ome.tif,crop_seg/f1861cf6b9302a92517dac14b4d7390ea215ae94dd88990a7695b00daa6db04d_segmentation.ome.tif,0.108333,3500003037,204884
777782,146685,ATP2A2,M1M2,crop_raw/9c092dcfbceb2c767262e384541795b0b226e3f2db49583b6e699d383e730a9a_raw.ome.tif,crop_seg/a857efd63e5e2b42a5d9a85b8a4bd9eff156c0e3065835f7147b10c816e2def8_segmentation.ome.tif,0.108333,3500003129,210613
847132,147048,ATP2A2,M3,crop_raw/b8338b07d7e7a750089c9aefa69a91577977d8ca43861a0603633a78af41f877_raw.ome.tif,crop_seg/61956b36477cbba42f4e1ee6ed52fb507d3e6d794b22c3625c7a3014de075963_segmentation.ome.tif,0.108333,3500003179,216085
744110,146510,ATP2A2,M1M2,crop_raw/3558808c0a9951f55b06fbc3c01d161bf49c51ce9719099c948f5867a9ddef7e_raw.ome.tif,crop_seg/0b8210bfef692cd15115bccc23de7481b96730852de645f2d468d055c3602bcf_segmentation.ome.tif,0.108333,3500003121,209373
865030,147174,ATP2A2,M4M5,crop_raw/9e927cff3248e1cacd38aa095ab791d8307204da6d86176567ff71fdd4552c9d_raw.ome.tif,crop_seg/1f8ea4ef39edab4262b351221a29aa5987f4c4e1124435ed5f32935b08c6f4f0_segmentation.ome.tif,0.108333,3500003131,210796
756152,146582,ATP2A2,M3,crop_raw/145da10726f0e9397e2c73522e628945f99d30436988da3c1aed87c02863a8c6_raw.ome.tif,crop_seg/e28a3547c9404238ee2ec1d435c25e4fc3d29c490bfffbc3e86f65751e9a76e8_segmentation.ome.tif,0.108333,3500003129,210609
858290,146004,ATP2A2,M4M5,crop_raw/f397e2338ed5032207dae93bf2e0f147db3e5561736ae359b2ac49aa304c34b8_raw.ome.tif,crop_seg/5196cf476923d38de0a0380c0c76912dee7900c520a2ecb7953887efebab5c4a_segmentation.ome.tif,0.108333,3500003037,204900
857240,145999,ATP2A2,M1M2,crop_raw/97d85d5730931c46e4c8514b19ad7c1a9693bd5e72775a7f06022ab6a9651a74_raw.ome.tif,crop_seg/2ad50aa23bbe90c5b7a30c40a2687effe0e6e3cac51ca7b31175aac63d366998_segmentation.ome.tif,0.108333,3500003037,204891
859274,147118,ATP2A2,M1M2,crop_raw/e501992e65d1e55d6d0c5f60dd673d9f5cc08a0921ecf6d5a88cff3cb39a3f1a_raw.ome.tif,crop_seg/cf60595cba9986bb129c5390c8b4838f7797f34b441750b7f1515c54da271100_segmentation.ome.tif,0.108333,3500003131,210807
780038,146696,ATP2A2,M4M5,crop_raw/8ac65efd8dde58704a42bc5a4062db37150633023a19138b1795091f044b9462_raw.ome.tif,crop_seg/691ea327f5f32105a86f5f40729a579cb185b181ab333709ca582133ff97d88b_segmentation.ome.tif,0.108333,3500003129,210607
758716,146594,ATP2A2,M4M5,crop_raw/689bfbdef430b478f41cd29fe85f352c00bafb77434b158b3fb8cb2738e247d2_raw.ome.tif,crop_seg/a0ba93134be4c55633d861b806527ac529e85c8668283e8fa1e84ce448aaaf44_segmentation.ome.tif,0.108333,3500003121,209372
902255,147439,ATP2A2,M1M2,crop_raw/26740c6c0bddb37215558042df012900f97283c66ead8bbec224ff24b3b38aa4_raw.ome.tif,crop_seg/1d6b71ff1f01becd7538c7fa83abe71b0d727b2ebb364124f85f7e2df6221238_segmentation.ome.tif,0.108333,3500003175,215319
828896,146968,ATP2A2,M1M2,crop_raw/f030799d96c12b65136a1b5eb0ea11358e78cc20a987ced439e5de6711234d8d_raw.ome.tif,crop_seg/2e1ba5cd0c5b033765cb017b18c2cb930761be2cd5c01a71af887e2a85217e2c_segmentation.ome.tif,0.108333,3500003131,210802
825135,146951,ATP2A2,M1M2,crop_raw/e227269b23bf0c39010dd79465a7c07ff94a23cb1d9a9b2e92605152596943ad_raw.ome.tif,crop_seg/ae2ee7d9cf126f45bba3727e2356bc3f037f4956ac21a63125f2eba14e050e8a_segmentation.ome.tif,0.108333,3500003179,216029
852300,145976,ATP2A2,M1M2,crop_raw/4747f0d3657bf116e06e66a764203a26036879600f27affd7238da83a88873d1_raw.ome.tif,crop_seg/ae197087e95c4ad5f035d39d07f5996d35a9fd59eccd5068218a37015ffada6f_segmentation.ome.tif,0.108333,3500003037,204885
846326,147044,ATP2A2,M1M2,crop_raw/fc0de8861c43641385736dc15bf86f65ddc7c6643681f66ca2c7f4b680e1657f_raw.ome.tif,crop_seg/6ee881d922a72124a6cb90e4ed1554441a16a2ec86da7afac08daf1e498a6d96_segmentation.ome.tif,0.108333,3500003131,210798
843507,147031,ATP2A2,M1M2,crop_raw/193766c7ae00b6719ef82d0671ed23b786f5e776f2c98666b3d33f20bb69b99b_raw.ome.tif,crop_seg/8975c4270b604517b416daae579c829f20c01316b87b945dfdf9ff3f080b4e6c_segmentation.ome.tif,0.108333,3500003179,216026
771771,141536,ATP2A2,M1M2,crop_raw/736d71fa9668b6055ede2b73cf08697aa30ff55079d2a9672a7b4a77fc4ea1d3_raw.ome.tif,crop_seg/0afb2b16f516c72d2e465ee7363f307678554e4520a88f4d514a9a34bec0b2df_segmentation.ome.tif,0.108333,3500003034,203836
852610,141990,ATP2A2,M1M2,crop_raw/810f7c0fed789f41ae78afc2a7cc4e5090f6de4893c7039ea33090f5332f7a50_raw.ome.tif,crop_seg/cc7b90973de37982c1688fb90a5716ad9247391332ef80945220bdbcac509069_segmentation.ome.tif,0.108333,3500003065,205441
843069,147029,ATP2A2,M4M5,crop_raw/78f832016405306c49507a9e8c20f490224745eeb7bd7194163bd7e67205b29d_raw.ome.tif,crop_seg/96e28e9a02acb36d6ee9b2b12b4fcf858e7e4c1be31c36f8c8cc1deced86eebc_segmentation.ome.tif,0.108333,3500003131,210808
823971,146946,ATP2A2,M4M5,crop_raw/80a8f68689e49c0eaad06193a540e1d401cbe2ac73bb331b45d0c47e7bc5a833_raw.ome.tif,crop_seg/b1785ffe5d0cdb416695ce114b6a1fa402d77f59de41211c8fde93c49ab120ad_segmentation.ome.tif,0.108333,3500003179,216026
842370,147026,ATP2A2,M4M5,crop_raw/f305e195245dfed72e78248593935126c7e2263a319716059f8639f486f682ec_raw.ome.tif,crop_seg/81fd3e38c66d234a369b63a26cab1765f0ef4a8cc895a141b1e0d7f6bd5c4d83_segmentation.ome.tif,0.108333,3500003131,210799
810863,146892,ATP2A2,M4M5,crop_raw/aaaa582c6ff83538e5ed370d3b9ab6aa96e3decb0d2203336f6f36615c9f2df7_raw.ome.tif,crop_seg/4a9cd6d52b02dcbe225e2745847844dc9ea241c8d99b7fd13f9c6d7c95336292_segmentation.ome.tif,0.108333,3500003179,216046
848898,147056,ATP2A2,M4M5,crop_raw/e59426c6f4e5560dc3c1456a57aa2ed6d4560534ae6dbcbb4a8fb586d3068110_raw.ome.tif,crop_seg/53d19f45c18fc35325b6bda7096ee4057f597c90d9954236c4936462bad35d69_segmentation.ome.tif,0.108333,3500003179,216071
784005,146711,ATP2A2,M4M5,crop_raw/87f8535183b3b9706848e47f9e42d3624db66e03a18a4f4c0e3fbecdb377f1b3_raw.ome.tif,crop_seg/1ac2ddc85b3c0aeae977a0796d6ac09e7061f23bc740ec11590ca981d5e91e06_segmentation.ome.tif,0.108333,3500003129,210619
895182,146291,ATP2A2,M4M5,crop_raw/65601b9f9a7948b6fdd7317d191a7e78b8dbc7af577f57c5a7b920e328bdb500_raw.ome.tif,crop_seg/989474bd21dab75e41305a00c32dde383f2fd0c45f0d7077bec575e2ee014c9d_segmentation.ome.tif,0.108333,3500003118,209668
767362,146629,ATP2A2,M1M2,crop_raw/6d0de683d80ce31b2296a1ba5e48c0cbf005f18311efc261bc761444801068ee_raw.ome.tif,crop_seg/16c806d210d7d541318f6367b7e3d294fa16d23f2737267d533c7342844b3307_segmentation.ome.tif,0.108333,3500003121,209374
759167,146596,ATP2A2,M4M5,crop_raw/3312dd49c1b75a2cb5c1e742d13ccc8c1a52114e7d8ddc2b5d7d38af4b04307a_raw.ome.tif,crop_seg/30dc978f7163c2c153c3fda2720d29a67af06989def575591d5e3a95d22451ae_segmentation.ome.tif,0.108333,3500003121,209387
753234,146569,ATP2A2,M3,crop_raw/13aecb538c036e7842e7b8bfe4422efd65bc87cdefc9c8b5b2ee172499b45c1b_raw.ome.tif,crop_seg/6df8ff09609077212db396bd5e88e2913879ad25b0ee43dbf87886d998be83e2_segmentation.ome.tif,0.108333,3500003121,209383
862368,146023,ATP2A2,M3,crop_raw/fdb44754b60b7e2d84d83870d532f3d36371602898a185fa0bbcee1063f98dd6_raw.ome.tif,crop_seg/9cd81e785be10ec738d08055359ea1e7723834527c4cb42c00031af7da86fd82_segmentation.ome.tif,0.108333,3500003037,204904
788182,146726,ATP2A2,M4M5,crop_raw/0447dae40a660959611fb5edbe5b4387d3b86d165dab4864618ac2d87cd84931_raw.ome.tif,crop_seg/a07f70f86fac706ad779ae7c39ad50e310b1dfbec714a309b33c07e186e1f817_segmentation.ome.tif,0.108333,3500003129,210605
927362,146459,ATP2A2,M3,crop_raw/70952dff1c171e5c2281f647db844d0bebb4096604d717412a2f0cc943fcbf82_raw.ome.tif,crop_seg/e8479db031a19b216abaecc23a8feb8fc0610978d2cb4f3e7f253b81ddd774e6_segmentation.ome.tif,0.108333,3500003118,209663
791274,146737,ATP2A2,M4M5,crop_raw/5846d04a69ffaa684e2a6f5f4dd8d0b340580d48c4aef02e6fae5e369e2cf842_raw.ome.tif,crop_seg/5b69e67aedac4a710eff9a51b6233ae3fabdd402114553c70f5118ea04f2a440_segmentation.ome.tif,0.108333,3500003129,210610
863807,142041,ATP2A2,M4M5,crop_raw/2bfe6dfe82a6a202d49d1158179bcb1a03e39793242bd8be19f9d22c2884602f_raw.ome.tif,crop_seg/b1d6b14fc3b2b4afbba675285b8e2f512484bd1205d65635622a7deb4d50f438_segmentation.ome.tif,0.108333,3500003065,205453
925311,146443,ATP2A2,M3,crop_raw/63ff9cc0881f0316115138af6aee7ea9f9b2fffd87ccfc4e541f1ad17bd49ef2_raw.ome.tif,crop_seg/41bad79e920851ab3e0961660f84af3370bc80ee80dbfbae24999d6609f84f76_segmentation.ome.tif,0.108333,3500003118,209675
758409,146591,ATP2A2,M3,crop_raw/4cf1f9b41ab415f5f3117d18f11fd3f004e459310a39e4167f6c0600c41d5b01_raw.ome.tif,crop_seg/2b649a6299f02fd11723aa7f150ac766497dbed438cb84c54670031e2cae8cea_segmentation.ome.tif,0.108333,3500003129,210620
765279,146621,ATP2A2,M1M2,crop_raw/48776a623993d45a459b5416fc4edefafb50c9d78cc7399ce82f369e3f4f9b7f_raw.ome.tif,crop_seg/818f5ffad2bbcecb8dfc5b2c9a742619ae620cec040208a61b599729cbfffcf7_segmentation.ome.tif,0.108333,3500003121,209380
858324,147111,ATP2A2,M3,crop_raw/ad34a7d34cce360e692bff862824a3903d813e7ac6875a3cc0b5181a2d980c6f_raw.ome.tif,crop_seg/606bebf56e8af39cadbd33f7cca49fa0338bb4203eb645a665304b963fe9807c_segmentation.ome.tif,0.108333,3500003131,210799
773492,146653,ATP2A2,M4M5,crop_raw/251726540bff43f82c8044e88c5558ad7d2647bd4db60fa3387b996c5d613899_raw.ome.tif,crop_seg/d9ed2e9463164775c22a67aa3a5df6100fcc95c07482dded430ad2ae4ebb50b1_segmentation.ome.tif,0.108333,3500003129,210606
756628,142447,ATP2A2,M1M2,crop_raw/0cdb520b62baf1f14e16220456321fe4676236ab7949d3f62cf0e519f982f919_raw.ome.tif,crop_seg/68489ee7d5a2124460d1cd8cc710ee04ce8174d548f474bc61205436b7a7b1c5_segmentation.ome.tif,0.108333,3500003065,205447
857426,146000,ATP2A2,M4M5,crop_raw/4899ad871f2d0d1137e64fc86fb2d1c954b758b5065e0d6dd56c2c443ea472e8_raw.ome.tif,crop_seg/b2cdab324ba406fbc730ef6209a13ae51103585b31d3cbdf8a2ccda876d7febb_segmentation.ome.tif,0.108333,3500003037,204897
858098,147109,ATP2A2,M4M5,crop_raw/00cd26318ab096693adf45e291fe32424497ff90009c1fe26e4cfd3ee234655b_raw.ome.tif,crop_seg/373857713af2d0f88237e4d92842fe9589547de9ee174740da167814531239a2_segmentation.ome.tif,0.108333,3500003131,210813
765994,141514,ATP2A2,M4M5,crop_raw/cda85a621948e2fbaf4b1beb09c2da80f63eaf62d7a2734319a3bb9fb2274575_raw.ome.tif,crop_seg/0c124549559412990d4f0a1c1ec2533ca34a7080d89ec4db90fbd12c86c9ece9_segmentation.ome.tif,0.108333,3500003034,203821
734373,141451,ATP2A2,M1M2,crop_raw/7a5315ada0634dd25d1a8143d9284d94829f78885f8c57d902c0d915ccf68a5a_raw.ome.tif,crop_seg/3377ed29ff941f742b60e881ce97c66c81b54bc08d68b91cd6e22afe116184e9_segmentation.ome.tif,0.108333,3500003034,203823
926431,146452,ATP2A2,M4M5,crop_raw/2f7424af814367e15cb62641d33885e8dd250bb60dec9114af4307cebb165488_raw.ome.tif,crop_seg/879df0ac67af015acf3687040d911ed537a8f2304d69babf9aac4c2c869f6a0e_segmentation.ome.tif,0.108333,3500003118,209672
924798,146439,ATP2A2,M4M5,crop_raw/38cef300faef734deab05d7603bfdc2642d71780d079e600b00469460a47858a_raw.ome.tif,crop_seg/80b4f10c79a402eea44acab73c6e1688cc9b424f405e568408aeff9808be4f08_segmentation.ome.tif,0.108333,3500003121,209376
793346,146804,ATP2A2,M4M5,crop_raw/41b01de896bef261f743bfe1d8bc91b7ff8fb37eaef73907801928e6880b62e5_raw.ome.tif,crop_seg/0d84817eb238930e9ee4dfb897b01911cf6833b6866c7b5f1b33cf74a4ca76cf_segmentation.ome.tif,0.108333,3500003118,209664
851476,147068,ATP2A2,M4M5,crop_raw/e40dc3db2f6413bd8c196afd6cf9e836ad74a1273cd649dd6b0f21bbd4eaace8_raw.ome.tif,crop_seg/cba5ad7b46418abc3a7acb274789f401c761b54d67a16bbb28f21448c9692a3f_segmentation.ome.tif,0.108333,3500003131,210797
780324,146697,ATP2A2,M1M2,crop_raw/031a1fbb0ff1e52040c423371fd361d68ee951e8f56dab377dab3cee9b16f154_raw.ome.tif,crop_seg/32e19d2a2321e32995974e6e9063a3ab225ac1de25d9a4d275cd0f4d949610eb_segmentation.ome.tif,0.108333,3500003129,210615
782753,146706,ATP2A2,M1M2,crop_raw/c74449a93940c2c0a0ca7152e4d394e1ff8f689387f7482b1dcda10d2c1b7564_raw.ome.tif,crop_seg/3e2b359ff9576d01319c07d865ed9b8b26490b6e8ce99b714e0d159fc38b9307_segmentation.ome.tif,0.108333,3500003129,210617
785665,146717,ATP2A2,M4M5,crop_raw/7d4a201d5143f1d21cfb602a9137dee58606e0c4cbc5ee17fdf9faa9da952bec_raw.ome.tif,crop_seg/b5a8b12a4631909d95c385bb60f0121a78e7cc4194f7d06422d5a067049d6e8e_segmentation.ome.tif,0.108333,3500003129,210601
852845,141991,ATP2A2,M4M5,crop_raw/4f4f4aef7228800dc14e60a23a89acc6014e586fbbab987db080699395b3eeea_raw.ome.tif,crop_seg/12d948e2c3c6f986e2159930ccec181d92f4a826f6842bfc35800a6ec082e8ea_segmentation.ome.tif,0.108333,3500003065,205441
913319,147494,ATP2A2,M4M5,crop_raw/9766bd0126dadc59450bf622f311931ba83d26ecde73ffc19699b3452e732cf7_raw.ome.tif,crop_seg/7ed9e3b1af18832bbf39fe768d1e799a109b4434ca9de82cae15ee02afa9407d_segmentation.ome.tif,0.108333,3500003175,215330
762414,146609,ATP2A2,M4M5,crop_raw/15216ece25bc4e222d6cbdb0e3d8f6439abd34b470521e84c85cde472eed738c_raw.ome.tif,crop_seg/4f6017466887ae1d99bb19b56395fce46bd230ae36f36dae39fa98ac2974ed28_segmentation.ome.tif,0.108333,3500003121,209390
751772,146563,ATP2A2,M4M5,crop_raw/057af1dea331c190616b6d2b786f0a109ddb2c8d7c680ab8ea3a441427e767fc_raw.ome.tif,crop_seg/e195d72067491fafaca2744be663720de9a9c32859d194f24b756559b098a78a_segmentation.ome.tif,0.108333,3500003121,209387
862199,146022,ATP2A2,M1M2,crop_raw/9a393f79d1799277a60697d3c624fe075e9ce1f3ab617a2873843c505e2c8a5b_raw.ome.tif,crop_seg/dd95916e9de737e17acd5a6c376315ffa3ff31e85a49e37ad0bbcf17662f6140_segmentation.ome.tif,0.108333,3500003037,204885
868303,142061,ATP2A2,M4M5,crop_raw/4b9183c91e88baf28bdc88a760b0e138b751ab1f642565e08b270dd8acae66ee_raw.ome.tif,crop_seg/016634e5e1c9ff6091c5d3b67666a03aba3dc4eb055a257b751999e28d8c70a0_segmentation.ome.tif,0.108333,3500003065,205439
892428,147393,ATP2A2,M4M5,crop_raw/19d42c099cbc87e490649a73fbe8a01ac17ee77009fc3cde82e61087d5b21511_raw.ome.tif,crop_seg/7f38bf258aaa1d2a79419f1950b2e73e31a22e775303c5765f4b624deaf5087c_segmentation.ome.tif,0.108333,3500003175,215328
927952,146464,ATP2A2,M4M5,crop_raw/05a06feeaa6c8f30556f6c25edbe0230b18277bcd15da7bd7ac7fc88c0b84dd1_raw.ome.tif,crop_seg/478fb56faaf9f54daedcc6d35556f84bdd1c6fd35b64c1717c837f7c38d3230a_segmentation.ome.tif,0.108333,3500003118,209675
782149,146704,ATP2A2,M4M5,crop_raw/37bb21b9786abc7bf6a9ba9b696e3dab1b14a024dca03efe64ee868bbe4b133a_raw.ome.tif,crop_seg/469e4083ac35e5592b8d49aabe795e3cb235d6321453ed64a5bbbefe5400b598_segmentation.ome.tif,0.108333,3500003129,210607
922970,146428,ATP2A2,M4M5,crop_raw/beae11b5cb7835ad0510619232d806520b2a4b35a662135496180377cd72ecc1_raw.ome.tif,crop_seg/9ebc44268b991f3ad4840aeb0467c03025d0792f146d456b5064efdd271f2ccb_segmentation.ome.tif,0.108333,3500003118,209675
757100,142449,ATP2A2,M4M5,crop_raw/d91ac257722648ac7673bc0e174cbd82489a2731d48e4fb06a6a40c979bdd03c_raw.ome.tif,crop_seg/0fc00e40bf6c5121d9472a91691c4a2b7eae58b136dc7ab3e1ae4f98e3041571_segmentation.ome.tif,0.108333,3500003065,205455
777794,146685,ATP2A2,M3,crop_raw/ba1e6421161093b659e50d04298ed3b52733e75c08ab380ab5d386dee63b4cc4_raw.ome.tif,crop_seg/92026f93c11ad0f6df18df2d8f2beff78cdffc9107761ab4b6349fb1def968ce_segmentation.ome.tif,0.108333,3500003129,210613
744113,146510,ATP2A2,M4M5,crop_raw/13d8a6b9ba35bd63bf275f555a903177a01afed5c9b2dd688a8be91fd411909d_raw.ome.tif,crop_seg/ba7517f80a54b07174887b9bc50ae407ddf6b9558dade16d09c7aa907d69ff59_segmentation.ome.tif,0.108333,3500003121,209373
852275,145976,ATP2A2,M4M5,crop_raw/9cf1aa921294af61595c0c2823ad03773c8b177c1b5785ea6d0d7508dbe42a14_raw.ome.tif,crop_seg/26d082bb03ef0f3897ccfeac882ef8c9e0de80c81ebfccc8a3a54b9e0abe7cbe_segmentation.ome.tif,0.108333,3500003037,204885
927945,146464,ATP2A2,M1M2,crop_raw/c4cf18915d8fad704f28289e2d760e3be7695ac21b56c580548474f2bdd8ee94_raw.ome.tif,crop_seg/db9a01bef4489f434d2b6ff75399ca4532fe4a3e5d625211d0e1f4bd53b75971_segmentation.ome.tif,0.108333,3500003118,209675
852298,145976,ATP2A2,M3,crop_raw/5b3df573e47cd09db09f93aa5e6234da331b15de86f62efd5b7a0a636963ee0d_raw.ome.tif,crop_seg/113854ed31030e16c0318f1fb5c5452e8dbbf24d37a623735a661b13c598770c_segmentation.ome.tif,0.108333,3500003037,204885
617107,11944,AAVS1,M4M5,crop_raw/afa272875a90b05a63a3b590b0cc0781facd29c3c7b03d666bcaf6d4ab80c02f_raw.ome.tif,crop_seg/cd341c4a64a8a320b107591e73baaaad5fef592227c7e58c411a9a7c50f01557_segmentation.ome.tif,0.108333,3500001845,107971
469472,10256,AAVS1,M1M2,crop_raw/0bb60b32facb214ca48e1d10374bb010a4e3b25c13753b664ab02bfba2fb5984_raw.ome.tif,crop_seg/b9c28c26f541dacc567bcba29807554b037b967a8adefc41d83f12f10efa3e26_segmentation.ome.tif,0.108333,3500001803,106518
517470,10825,AAVS1,M4M5,crop_raw/7ebd50cc6696ceefbf0aebc4522fb96012334ae3642222633013fbddcc67b353_raw.ome.tif,crop_seg/ddc12978de80579d198dd06c61b3d5dc880d1d1fdb006b4e543b405f863426db_segmentation.ome.tif,0.108333,3500001831,107476
967752,16333,AAVS1,M4M5,crop_raw/cb85ec3d405d49c43e0badeecf5bd8998dd4434a43d488d7056882d78b5cf8d5_raw.ome.tif,crop_seg/bc7a599ffe1a4c8dd094b74ee0c94c6ec4ecef045c41346fd143f05e58c1b742_segmentation.ome.tif,0.108333,3500001868,108820
519886,10850,AAVS1,M4M5,crop_raw/3714d50e368a313189c818cf41bf14e8a775b75a43a6f120df21f15c5df037a9_raw.ome.tif,crop_seg/41ade98f3802a119771a1bafa91c0377b3bf7b56e66ee8af5c7ca2c88a55065f_segmentation.ome.tif,0.108333,3500001831,107478
968790,16416,AAVS1,M1M2,crop_raw/fea09c2fde2b9aa5d91bcf872fd52aecd53229f45ef559f24a0cb80210ecc9cb_raw.ome.tif,crop_seg/80ef04efafd53b0b0adcb8f79e2097a9141f46f65dc332654caa7a8e82aa6561_segmentation.ome.tif,0.108333,3500001860,108248
470002,10262,AAVS1,M1M2,crop_raw/9ef1ac6f8929e5eec43fefe3efdcf3798a0dbea9df4a3b3670c75b4dc7390d6c_raw.ome.tif,crop_seg/758d8c88daf4018ec579cdd70958a8139cac8f8640006a6f5bf043a23e5de131_segmentation.ome.tif,0.108333,3500001803,106520
625707,12027,AAVS1,M1M2,crop_raw/659a9ffd75f45327180d83d064adafc939b49530feab674745ff9396c780db60_raw.ome.tif,crop_seg/56a95c586f3d31f9636d5170082117bd6216ce14e771684edb98ef2be6f36413_segmentation.ome.tif,0.108333,3500001847,107672
966622,16248,AAVS1,M4M5,crop_raw/6ef5db23d92b3b81cd426aadfb0d64615edaecbac8b244a6ce87e7c1a8f193c9_raw.ome.tif,crop_seg/c18096ed813c71256089ab952af494120450eff84f645a7d9190b6d0f7153fcb_segmentation.ome.tif,0.108333,3500001869,108739
516627,10816,AAVS1,M3,crop_raw/2df0afefba752061f93c56e500413e0b2f69467e501ecf26038d102041940cb0_raw.ome.tif,crop_seg/5ae6c1663ce1b27bc3f841e2bf4ef17e8dc0e1a20a88eca08b6e6936748fcac4_segmentation.ome.tif,0.108333,3500001831,107479
625145,12022,AAVS1,M4M5,crop_raw/75a765afb93b4687a11627c3d61fb91c2927ffaed552664773d78924854299e9_raw.ome.tif,crop_seg/f5a49762b979b09346e0b9c853e8a7ec496f01a222be9a76840f77882d84d2c2_segmentation.ome.tif,0.108333,3500001830,107572
619217,11963,AAVS1,M3,crop_raw/8fafdd72602f004c891c60f9045a67916220b45dab59ace3f522307f2288a854_raw.ome.tif,crop_seg/3781cfe8f326f92a2420831d409fea4a4c3a1f2071a14b61c374b9dbf56827f2_segmentation.ome.tif,0.108333,3500001845,107972
521073,10862,AAVS1,M1M2,crop_raw/ed49cd1ff4cb2de9dcdb182e1a3993dab7f146edffefb08e1bede11c5e8a472d_raw.ome.tif,crop_seg/e63e6605205818bce50b99a52d89f93ac68080524f2417c19b80e5ebf8c14c85_segmentation.ome.tif,0.108333,3500001831,107478
976348,17146,AAVS1,M4M5,crop_raw/4c929167cb67d3737772bc372a3e72ad0ebdbb8d0e0a5961c7605c079c9fa429_raw.ome.tif,crop_seg/c3a6c7360d68ea83c5448c365f2224f61199b56e0e7b9fdfbe618fd5b24f4cf0_segmentation.ome.tif,0.108333,3500001869,108726
970988,16631,AAVS1,M1M2,crop_raw/d6ce9668843aa7d7b893f8000c56f399f86d3181870e01a08ac76e16005f5269_raw.ome.tif,crop_seg/2999f6dcd0e2e20d8db87112c0b72288e5ad837511440418558aa148f4bc813f_segmentation.ome.tif,0.108333,3500001868,108824
519796,10849,AAVS1,M4M5,crop_raw/d17af7434970eb02c9476f2cf5b1fabb9835d501bf3a584bde166bae5323b2bc_raw.ome.tif,crop_seg/22874ab731416d7c7f9055db01f4e10e8b42cc46c5eea62630270e0089db278f_segmentation.ome.tif,0.108333,3500001831,107479
542869,11135,AAVS1,M1M2,crop_raw/dbc19b6804503ab673c7dca8400aa4b5e36ca90f3045920697f20764ba8a67b1_raw.ome.tif,crop_seg/4e01c350a8902676c26efffed47a33b646d939b335e27ecb30db279c8d7d55d0_segmentation.ome.tif,0.108333,3500001860,108246
550651,11182,AAVS1,M1M2,crop_raw/7a5604df2bafb3dd6b943dfe99aea442b524062c4ef0d9d64580b8ff945469fd_raw.ome.tif,crop_seg/ef5aa5e25f8c399e45b33f67dd3f5ea0739bb260283c8a7c28cf6263a5b6b10d_segmentation.ome.tif,0.108333,3500001869,108724
521531,10867,AAVS1,M4M5,crop_raw/ef7b07968c1a3ef04f19a2b0866da4d02e898f286b9989e3bf07cc358c1c8e61_raw.ome.tif,crop_seg/1ca5bad0f78ef1fda4958922374bbd02c7c568c443873e5ab6663986fb72539b_segmentation.ome.tif,0.108333,3500001831,107476
516926,10819,AAVS1,M4M5,crop_raw/cec4b3b485faa122d6830f3253c5d5b66d582fa645ab5cc628d1201563c02215_raw.ome.tif,crop_seg/28eea67ce22ed142f858bc5eda3c22cf3d12d5277fe0db15f9d40a3bca20310d_segmentation.ome.tif,0.108333,3500001831,107477
480932,10374,AAVS1,M4M5,crop_raw/d884a9f961a3b15eb145ea1016b7295bfb2448edd37633146ffa3efb276d5c5e_raw.ome.tif,crop_seg/7baafc1348d8a4915fbd769d91b5bfba8cb73e795c920a796299af7ea3cbe47a_segmentation.ome.tif,0.108333,3500001804,106422
964623,16072,AAVS1,M4M5,crop_raw/49a7b5dbc253a05dc332919368f7b409e80940c5b24fbb880d3056fc40b8092d_raw.ome.tif,crop_seg/c01789e10b24ca083778d469cf3273a527aa5b88b9731729c3d833f6308446dc_segmentation.ome.tif,0.108333,3500001859,108151
624354,12012,AAVS1,M4M5,crop_raw/981a864f8e474bf192715b40519663142a4d81c641e470630a72205e33ad9549_raw.ome.tif,crop_seg/3dc14223304c469d4c2d89b69c47439705284f0322f40f5964103a5f56a52eaa_segmentation.ome.tif,0.108333,3500001830,107572
470727,10270,AAVS1,M1M2,crop_raw/f73cd791ce057aff957d48b1342bbb056c6bcafa49bb5856b496a8e478c3ab9b_raw.ome.tif,crop_seg/0460b6eefeccfd3c23fbd0a6c1e83a75bc78021009a8d1bc4151681b9f9f7003_segmentation.ome.tif,0.108333,3500001803,106516
511610,10757,AAVS1,M3,crop_raw/ffacd84de3f3634498cdea6a892b37ab5b67c72ecae596cfcc305e31ed9112cc_raw.ome.tif,crop_seg/9c9e9ca1548d4dd0d44fc60ed5bdc13bf2282d7d2575f9a3fcc7194bf2e9e711_segmentation.ome.tif,0.108333,3500001819,106916
963042,15953,AAVS1,M1M2,crop_raw/db1199fa718c3f221c71f3a6da59d7d2a8150dee7deede2fcdbaba77066242a5_raw.ome.tif,crop_seg/fd50e016bdd3b13ee7c4b2f8158cb3a466bc879af4366b9fe6f8671621c47dc3_segmentation.ome.tif,0.108333,3500001868,108834
631388,12088,AAVS1,M4M5,crop_raw/ef6b949254b49391d1f7badd62cb341a03401f2cd9fa61e9d14ac169b7a163f7_raw.ome.tif,crop_seg/82ebe00019477fdebe70875bb230adef41a4ed8b8adc59ac062271459f1c1eab_segmentation.ome.tif,0.108333,3500001830,107574
474704,10310,AAVS1,M1M2,crop_raw/053b6c06563a7be808f174334a43c8d60266783d000caefee04281e63b9679d9_raw.ome.tif,crop_seg/35b788b4f30986568b5d8927d6440c447f31b8be70c8e0d156fa329bb1e808f9_segmentation.ome.tif,0.108333,3500001803,106520
633866,12111,AAVS1,M4M5,crop_raw/cf9d1d573f52f2e329eaa85d8c3792899382ab09187c77a78cffe2feec4ad1ad_raw.ome.tif,crop_seg/69931f0347a0823304f478a498d0cf61c85993f6228324568b3a2e77a84cace7_segmentation.ome.tif,0.108333,3500001868,108832
517194,10822,AAVS1,M1M2,crop_raw/d5d636f89fee656c120e6581d372ac1f9de42dd1def5bfdbb8063a42965233df_raw.ome.tif,crop_seg/7f58c3c939259f5bf12851a5770ce805f1168a0ba789e25bb478398886ac4016_segmentation.ome.tif,0.108333,3500001831,107480
550087,11177,AAVS1,M1M2,crop_raw/480479998146f803b8f8a10bf7707dce930d7d1a5201650a8da01c92484ffb13_raw.ome.tif,crop_seg/02900966cf3cf40246c79ba593c91d9466ac937bd30d8f67c113f8d629bfb6c5_segmentation.ome.tif,0.108333,3500001869,108727
501851,10651,AAVS1,M4M5,crop_raw/6135162ca5069f3975e182c62e4fd577a9916807961166c67a1ad2617182fc49_raw.ome.tif,crop_seg/26418917b11490561d60ab2bf1253f3a1a2697f981221cb9921ccc266898cff5_segmentation.ome.tif,0.108333,3500001818,106996
628642,12060,AAVS1,M4M5,crop_raw/438327a0b6176a410a29f0586e43dd127213c3a79c7b4148eec89d4f38b519ef_raw.ome.tif,crop_seg/d3e41ba5adddf5cfe9285bad741802af41c79ee7c236a237817c845e738b6f4b_segmentation.ome.tif,0.108333,3500001830,107572
500202,10634,AAVS1,M4M5,crop_raw/c3e5850d12750baf84c72f8f0fc4fbdfbde65a39e8dce10fd208389fd8ecee2d_raw.ome.tif,crop_seg/a6fb3991e78d33be6e8ac202b9a1783349cba66fde22aec8d44efcaa33544406_segmentation.ome.tif,0.108333,3500001818,106998
481693,10383,AAVS1,M3,crop_raw/453cda56afe8d73a7ac8263ee68054fcf4e64c710f4d4a279c5bcae6c574da8c_raw.ome.tif,crop_seg/42362ccee249857e574be144b4b5a5575771dfe97e62a4753e6485af1a2c895a_segmentation.ome.tif,0.108333,3500001804,106420
629413,12068,AAVS1,M3,crop_raw/77f37f1f297868b66d1c1b44d781088a32dc4f5511232cf8203f30d58905d9e0_raw.ome.tif,crop_seg/957422d29eb145937dd62c2996e01df70339c6e80859f26669b3113a2c20e0d3_segmentation.ome.tif,0.108333,3500001830,107584
551222,11188,AAVS1,M4M5,crop_raw/7a88016b167041d7937f518e806c82eb97318f5584f6202bde63e36493ed9d46_raw.ome.tif,crop_seg/d0dbac59250f3e437f8e865b6f95f64447e45b97aabcd9e37306afdd07f6c393_segmentation.ome.tif,0.108333,3500001869,108726
518218,10833,AAVS1,M4M5,crop_raw/46b1dd62d89b9bf86b572b0003a491525856ab6a642409076c0f80dc13aea8f5_raw.ome.tif,crop_seg/8c33b3d8935c31e74c1dcedfc6b0132801e55943e8382812c3f4f6c669fcf79e_segmentation.ome.tif,0.108333,3500001831,107476
619075,11962,AAVS1,M4M5,crop_raw/f508924369e35fd9c4a6d930c889451a1547fb9eda87dee16411dec364111597_raw.ome.tif,crop_seg/f0c0f4a4f1659264d684f480e4c9d836c57071924bd51bbdeca240a7824a331f_segmentation.ome.tif,0.108333,3500001847,107682
619408,11965,AAVS1,M4M5,crop_raw/2b8f0ec03666df6ccf01fa75c98d1c0baf16d71b50f83e730102efa73587e7c8_raw.ome.tif,crop_seg/b6ae66c999d3877cd1ad60e81cd170a8ce55a07db971f8accf00e2547cd8a6da_segmentation.ome.tif,0.108333,3500001847,107671
520569,10857,AAVS1,M1M2,crop_raw/edbe6b32dbb4e2be6e05147bb9e365e4ff76cf4404f8fbf6f6becdc27f07b0ea_raw.ome.tif,crop_seg/72a40b484e1e7cdb0377fc6ca502a29ee9867974b28db1ee384de924a81fba05_segmentation.ome.tif,0.108333,3500001831,107478
500295,10636,AAVS1,M3,crop_raw/5324277fa1a5baa99503dbc0f92066484bed6aaad3543bd10a292017248567bd_raw.ome.tif,crop_seg/fd6b637468d72f4a5b8889c406753a86358afe2c4004c619ebdccf7e6f6b8021_segmentation.ome.tif,0.108333,3500001818,106996
511118,10752,AAVS1,M4M5,crop_raw/3f859211d714d41757808b330d2e79f4b1d46b7f162e77ed0d35be2768d90cfe_raw.ome.tif,crop_seg/e12f6405952a095efd90394ed438568bc7f70cb5c6db29abe95cbf511a47fcc5_segmentation.ome.tif,0.108333,3500001819,106901
472910,10292,AAVS1,M4M5,crop_raw/96483efa13178a2c473de2480e9686839d623e037006a9be8421a6b2c853438e_raw.ome.tif,crop_seg/1451f3e830046d7fce73b20f801c37b5cffd95a3a9f9a87d547558609dd3ef68_segmentation.ome.tif,0.108333,3500001803,106517
503155,10664,AAVS1,M4M5,crop_raw/0d24d5ff8c7790f5b50daf5255e94895373b4694ba0209480c3f8b749b7dfa5f_raw.ome.tif,crop_seg/f0618cb9822ef1af7251e039da0f485cb2ea06388c18673107bf45807dc34b98_segmentation.ome.tif,0.108333,3500001820,117175
614683,11911,AAVS1,M3,crop_raw/e206246b000348ff4b9e80fcd2fc43ca1d31460b5f5b8c9909c0c47f8b68d812_raw.ome.tif,crop_seg/5bbfc425047aa974ca99b4e6737202fddbc6244adc48885c73d2bb7c7e190e4a_segmentation.ome.tif,0.108333,3500001845,107958
612433,11886,AAVS1,M4M5,crop_raw/0da942e1510903aaaeb5e7e82fb271c1b0df5180c570f498b5b8c4bb593e0840_raw.ome.tif,crop_seg/58f4c9bd03b451e3976dd9f3eef5854ded3860bad62e81c2901618ee51964949_segmentation.ome.tif,0.108333,3500001847,107670
511330,10754,AAVS1,M3,crop_raw/13376ec2fc50d4237485efdc3ac88e4bbf66acecc9741b2e2c0e493636ee716e_raw.ome.tif,crop_seg/efecdf9f68be431ce53c253711fa93a0c60b1ba7a8a87b09a3ca09a3c7434181_segmentation.ome.tif,0.108333,3500001819,106904
629732,12072,AAVS1,M4M5,crop_raw/9db4aca8ed7dffbd73c90e0fc41f2dd67a783c417b8a8ffc50f654b3ef8a255e_raw.ome.tif,crop_seg/f561387cbe802cff60048f85b20fbb633027fff661412c2ddd5ca8c6d3e82ea0_segmentation.ome.tif,0.108333,3500001830,107574
638268,12166,AAVS1,M4M5,crop_raw/375f98b55446a45faccf837588a855429ff654991e1d517d0180b667f005db95_raw.ome.tif,crop_seg/1c0983480379c5d557c1d31b7c36672bb204f3e852f54788c5e627a79109beab_segmentation.ome.tif,0.108333,3500001859,108151
468810,10247,AAVS1,M4M5,crop_raw/0a53fec1286cf9b82d71f1f975262aa075e4ddc303ded1fc2f96c3b8d403da37_raw.ome.tif,crop_seg/305b2b9899888c02b80accec7661f83769c3ef8067d322d400104e09d6f2d468_segmentation.ome.tif,0.108333,3500001803,106528
514333,10791,AAVS1,M3,crop_raw/b0f0c1de413e8092793b25de45aaf1fbf58340f3f7fc239a53c0feffc2e0ce56_raw.ome.tif,crop_seg/117014dd423016d485555291d4d40123eb2b5e1ee1dd5c7083957bfc8bb0f789_segmentation.ome.tif,0.108333,3500001819,106916
511052,10751,AAVS1,M1M2,crop_raw/1447af0206aba24c66cf38cccf01a45d3ad66432b5e1e6ab46fe994fb39b1e4b_raw.ome.tif,crop_seg/cf58afeb91733f393ec539fe6c2bc620345582d336085d25edc22d7073d2224f_segmentation.ome.tif,0.108333,3500001819,106916
639355,12176,AAVS1,M4M5,crop_raw/50b5d159864c2083bdbf0bfb9ae18ddaa32d391177f2c6c007a4d7e4c54a0445_raw.ome.tif,crop_seg/afcfabf01e6b8083d53f13bec8754f74c422c28618a68a1687290afe21a63fd0_segmentation.ome.tif,0.108333,3500001859,108161
630374,12078,AAVS1,M4M5,crop_raw/69f9d1928c8ce250dd5a900498ce0c0b7c317be2ff81c6591e91290c254c3115_raw.ome.tif,crop_seg/c8932362f138f9d24b82a1f8c9bce975818ccf7e1e49b5cbe51dbf9494f097fd_segmentation.ome.tif,0.108333,3500001830,107576
630763,12082,AAVS1,M1M2,crop_raw/9986774892273be615ce7aa66f7046bcc59b9e03d3051e2cff902bf967fd1368_raw.ome.tif,crop_seg/1e30b7371567737f2790e4cecd9edcbb47eb40f61212fa29082002214f8c46de_segmentation.ome.tif,0.108333,3500001830,107574
638069,12164,AAVS1,M4M5,crop_raw/f0c18ddc351fc7312007c136a1409cdd78c54cbce6c202226d492388c34f20e7_raw.ome.tif,crop_seg/bb580312e97da22b5ace34a9016a863ccd2229d4bb5c18c6b3c19487163af22d_segmentation.ome.tif,0.108333,3500001859,108149
618552,11957,AAVS1,M1M2,crop_raw/564aa7065504eef7403ddc0d20e6f46f0206ee509f8883c6bf106d6a3c773016_raw.ome.tif,crop_seg/824b8a9d61f7c3a1257556a5b4b255f63f4d6ad7dc21dcd3f49570f1218f502d_segmentation.ome.tif,0.108333,3500001847,107670
499731,10629,AAVS1,M4M5,crop_raw/f7a566568285bb6fdf222af6849596c4189ffa3323715bae54d75107c633da83_raw.ome.tif,crop_seg/616e57edbc8b7b92f19adad759233bdbe87e0f976c9062d2d8b3d037f581b188_segmentation.ome.tif,0.108333,3500001818,107010
503538,10669,AAVS1,M1M2,crop_raw/350d3f359dcf6182145e4405b783e3830bc8d1d2875aaa84da25a015873f189c_raw.ome.tif,crop_seg/b7bc11e7e2182bc45c42681622e667c1106c91c17b590534f9cced60a79976b0_segmentation.ome.tif,0.108333,3500001820,117175
972225,16771,AAVS1,M3,crop_raw/9ec3793b62c5f5bfc389392f36b7c1146a4691cc4216b131b2774c9ea72f7ab0_raw.ome.tif,crop_seg/fb1ee0ad2a15bb1837db7c6c827c8dbbd76d474325cbfde0b06231f8354d8a3d_segmentation.ome.tif,0.108333,3500001868,108823
520239,10854,AAVS1,M3,crop_raw/52aec09bc37a6f4ece5f74ce26212361aea7eb38ed835d9368c4d3d5e1a3f60c_raw.ome.tif,crop_seg/94bd02c4c7a2a0a2dc8cc651768d90aeab0ae40325f3892792c7f5d1ff640085_segmentation.ome.tif,0.108333,3500001831,107477
520055,10852,AAVS1,M3,crop_raw/9ec8a060dd4992d151fcfbe81f4be4edbbe8a4e64526db37a41ccb90dc7af836_raw.ome.tif,crop_seg/38ebf18c1ccf75274db56fba4c66bdededf6c5f7d2713076ca7448426b44061e_segmentation.ome.tif,0.108333,3500001831,107476
502862,10661,AAVS1,M3,crop_raw/16662ad2be0787a0d3be08c8d35d3a91817e10d839b87e4858e40e2774f8e184_raw.ome.tif,crop_seg/c24be97afd049e1490cf557495b70dc68ff239f31a1517e99d2fbba5f513ecb0_segmentation.ome.tif,0.108333,3500001820,117173
552082,11196,AAVS1,M3,crop_raw/09b5b11e856d352fb7cb5c672e16d9039d7f943fe773823965258ed7c338a863_raw.ome.tif,crop_seg/24e5a6a04aef18fa845f388ac187ec9007b14dad3e85b224656a449ef23f81a7_segmentation.ome.tif,0.108333,3500001869,108725
518433,10835,AAVS1,M4M5,crop_raw/60f81db5c8237b4837867d63645e912a011c2fb3122d5a4d6a354da1411ce81c_raw.ome.tif,crop_seg/b5f2e708c1577c08bc9aaa4f761d81a96e38745784a176eeacdd54996ea3922a_segmentation.ome.tif,0.108333,3500001831,107480
466782,10224,AAVS1,M4M5,crop_raw/94fe606ddea59809f2fb6c2e6df09828e7bc2253ed3a3fe01a9176534f34b4c1_raw.ome.tif,crop_seg/a7d350eac6b2fe30331dc37ebdaea2f59284054512ab42a5bf28e125937c63f7_segmentation.ome.tif,0.108333,3500001803,106520
514066,10788,AAVS1,M3,crop_raw/26a1dbd20278e347785875d4319cbaf938bcaeb9371dcbdf2e1ccd7032993935_raw.ome.tif,crop_seg/dc8e633bfd79aa93a6c4feb8ae653a200e160a74ed68c0b530af584668f19644_segmentation.ome.tif,0.108333,3500001819,106904
952186,15042,AAVS1,M1M2,crop_raw/96e633809faf314c8f7f6495fdb04c3cd65ea11b44f8e9ed5f5137667dbbc627_raw.ome.tif,crop_seg/6f5410f8e4c3fd1c5083d4883bbe7fc134b744e340917667a05422c4ae932d44_segmentation.ome.tif,0.108333,3500001868,108824
544602,11164,AAVS1,M4M5,crop_raw/193f4a22a402460b797fa61e38b443c7be26bc0f8a3a23ce560607e129acf47d_raw.ome.tif,crop_seg/8133110353e654acd701aa800a287e187a7b30605a6a0e1a00622ce06879c957_segmentation.ome.tif,0.108333,3500001860,108256
966234,16219,AAVS1,M1M2,crop_raw/a50d71ee8dd84c2c55d2b7cd2053a5e1b47f69601152be344c8c9772a4949364_raw.ome.tif,crop_seg/00b8a78eb7257561d03941849643b4e468f0224e135a2c04fdfa153d7888a777_segmentation.ome.tif,0.108333,3500001868,108820
616401,11932,AAVS1,M3,crop_raw/df08ce0008d77310bfe00d3d96050dcbb4358783488da65d3e157fead1bd5389_raw.ome.tif,crop_seg/a340e0a1cc2e7a9c58ce5eff2800a6f1333bd28c7ea4cc7e2762af09dcf37b97_segmentation.ome.tif,0.108333,3500001847,107670
475504,10318,AAVS1,M1M2,crop_raw/49ffb9116dac7d9afbe6ed865a87e8533f46b5e507c7d083af005f0e1178f68c_raw.ome.tif,crop_seg/9d25450a1db9c1c541299b3cb3143b3e79ceb155a24518b0efea682f8fb99868_segmentation.ome.tif,0.108333,3500001803,106528
506787,10703,AAVS1,M4M5,crop_raw/b85540d919dd95ebeb859e7cb95a689745f416f2d1e1281f5c50311122780932_raw.ome.tif,crop_seg/88067c57a16e2d65947300d8400974c26bfc4775722167c11d0e4afe4620ea21_segmentation.ome.tif,0.108333,3500001820,117186
627095,12044,AAVS1,M3,crop_raw/72b0a2c3c67788139f57bef742673cb0bdcadbb7139dcbbfee6e97e8da897f36_raw.ome.tif,crop_seg/b83d5cb880cc5fe739e1c9779cd264561205498af3be0ec8105c29e6ff22566a_segmentation.ome.tif,0.108333,3500001830,107585
984399,10759,AAVS1,M4M5,crop_raw/1f6f1b95e37212d044a452a13c85bad5504c237a719777051c0ba62d6ef8f28d_raw.ome.tif,crop_seg/f8208d612350bd463d2981cf5708154a536aa127e98b5ee9f0ab6f29dc431d34_segmentation.ome.tif,0.108333,3500001819,106903
510367,10744,AAVS1,M4M5,crop_raw/82e3a6f5b4e27f4fdd8d0aa28ce1624d08e54d5c3fc6d06108bb095b1c767ddc_raw.ome.tif,crop_seg/49955e2747f82fb1ba205ded509758576d2900cd213bad8851fb61beed23ae98_segmentation.ome.tif,0.108333,3500001819,106913
499063,10623,AAVS1,M4M5,crop_raw/61ff6db6d5fe0ea7cf89279a2d2f78982ef41c343faa1321740b7abd9dc6efe3_raw.ome.tif,crop_seg/dd7c7440fbe28c49aefbd05783e5307f17ca01b49e2d84b862903af2381c6751_segmentation.ome.tif,0.108333,3500001818,106999
617207,11945,AAVS1,M1M2,crop_raw/be44d27bd03843e3f9f563b32d175c0416ba984b70ebe64db98b44d4ffc37010_raw.ome.tif,crop_seg/336ddd75b4390176cfc5147c455ccc47fecb428537121aefc382cb1c156f7ff7_segmentation.ome.tif,0.108333,3500001847,107671
616226,11928,AAVS1,M1M2,crop_raw/1d9ac62aab732bcb0788139d84eaf75135d3018a45733689ed86dde5a471f29d_raw.ome.tif,crop_seg/6cee7f69f5aad4dcc8e44007facdc76d638e7750046cc0a5bd1fb0808d105d96_segmentation.ome.tif,0.108333,3500001847,107684
625479,12025,AAVS1,M1M2,crop_raw/e03fe02c3488a7e0a724a0d531971bda00f33e4f1d0f64ff536875cfcd1440d3_raw.ome.tif,crop_seg/5eb6b35b9f232060c785107bcf6b0a90fde2910e5a3544b46846473eec8dcf2c_segmentation.ome.tif,0.108333,3500001845,107957
964468,16059,AAVS1,M1M2,crop_raw/1c79450059358464756006bebc540eca7dc022db3307e4485aa0afc3f81e8af8_raw.ome.tif,crop_seg/8c6f073f8ad50c08e946235707f2d993ffee8a03381605948e83c222b944afe7_segmentation.ome.tif,0.108333,3500001860,108256
511859,10761,AAVS1,M1M2,crop_raw/7b2922836dea737efc05745a6c9bf5cf7bcca1223b6f4e7fa4d0950fc8c39714_raw.ome.tif,crop_seg/17f8503f94d76717a97095b7a554ce1477ee1fc11870ed961b96ed5265886b8f_segmentation.ome.tif,0.108333,3500001819,106913
621951,11989,AAVS1,M4M5,crop_raw/288baab7101535d41330ac11dfacf7b8a993297f8b427789c7e0ab996c4a7816_raw.ome.tif,crop_seg/0c099cebc138d800d4b15c4321058ed1cd99769a9c04756db1f1c70edd9faf4f_segmentation.ome.tif,0.108333,3500001845,107958
552983,11205,AAVS1,M4M5,crop_raw/688276bb72f516217012782bf9524bd77a3bf35c21acd7a9bdc020e6ed57a44a_raw.ome.tif,crop_seg/f1556ce80ee659067b324cf51b8679021f364728e50e1adb2f3079d1d187b7f6_segmentation.ome.tif,0.108333,3500001869,108738
984329,10665,AAVS1,M4M5,crop_raw/a457c7215af235e5234c3a0d5f73ef711569c2d1d7a1529c2f22c0b2538f5176_raw.ome.tif,crop_seg/f6b26cdbd35892f333eb5f9dec733edeaa0fd74e76d47ebd6dc2ef5cc0452d87_segmentation.ome.tif,0.108333,3500001820,117174
964703,16086,AAVS1,M4M5,crop_raw/e74396e455cc08cc21da860615f7ef8404cae2a6e6b7ecff0b4f577140ac77d7_raw.ome.tif,crop_seg/9805763560cd35dc105bdc6689f8b753cd4f1ffd73f0f63065919d84c30e66b4_segmentation.ome.tif,0.108333,3500001868,108820
966490,16239,AAVS1,M4M5,crop_raw/23d77643e669d6b14369bbeb773baa8009d7574a49d1d5c04e4b60b73511f5a9_raw.ome.tif,crop_seg/8f40788cbba3dda0f8b78681c657942aaef5350c6e4b01d3acea42a67c198e60_segmentation.ome.tif,0.108333,3500001868,108820
632504,12099,AAVS1,M1M2,crop_raw/ab04314ba4f143bc9b790bd40aac2f22c987c3bbfa39bf38d6f7aaebcb8bee65_raw.ome.tif,crop_seg/2bdd8d217bfbef1ca3006b4707c64710fb1bd7761b6ef0c0b2c371cb2742ee4d_segmentation.ome.tif,0.108333,3500001868,108834
618423,11956,AAVS1,M1M2,crop_raw/32ca00006745b2feab2b50b2b927e9b8ca95f12ec6e45409a1090a0401e51c19_raw.ome.tif,crop_seg/6b0f8d4f2b31f8d1d31af1e1c9d9d3a984a834c9f09c0ffba639264d21d78aff_segmentation.ome.tif,0.108333,3500001845,107957
511787,10760,AAVS1,M1M2,crop_raw/e2293102e78a1f972429899c39fa9cbb01e192e07e680576a6eae7f477d55058_raw.ome.tif,crop_seg/542089b27f509903531ab35bc79a0ca679143038772a0451162d2481bf8b0102_segmentation.ome.tif,0.108333,3500001819,106902
617009,11942,AAVS1,M4M5,crop_raw/300ee72465416ddd6c1c7dab5f905a1e16bb4b391ecc7c2afda67db67e013a29_raw.ome.tif,crop_seg/ed5a79d6174fb79735a09ab3936ea7fa75cab2bd1c27062d6e8b902c5ad30170_segmentation.ome.tif,0.108333,3500001847,107682
518575,10837,AAVS1,M3,crop_raw/f6e997679598a49ee951b38829d42509f53dca8fa14ce5334dd0a12c2b375f94_raw.ome.tif,crop_seg/4615c733d51678990a82a58e5eafa73643b1f07c76b6c9ae8cd7a8429fba2cd8_segmentation.ome.tif,0.108333,3500001831,107479
622365,11993,AAVS1,M1M2,crop_raw/bb79c6a5dc8d2d116679f1273bf8377e7c0f3937d9d1e57d969d77d5cd696d53_raw.ome.tif,crop_seg/21325611d9e0f46c1bf46a1736b3f26be388e5205d6dd1cf296a945c54b04781_segmentation.ome.tif,0.108333,3500001845,107956
469386,10255,AAVS1,M4M5,crop_raw/65fd8cc78ec10bf60953e1935c8065295e3be16ea8822004784afa979756b8a5_raw.ome.tif,crop_seg/5dca0775af6914f355475ea5f046f6d1d88806c12c702cb3f64c9a8a6f3f98f6_segmentation.ome.tif,0.108333,3500001803,106517
633273,12105,AAVS1,M3,crop_raw/17a170c4ae92a8e59dc0391e8ec6b2ff5bafd12fdfb8945d819b893155620493_raw.ome.tif,crop_seg/75a7fa37141ed3217e5ec36fde5b093121941191315f8996e14f0acfb07d6a25_segmentation.ome.tif,0.108333,3500001868,108820
502174,10654,AAVS1,M3,crop_raw/77736f5c5d59ff68959c728429e4c40975048c3613334a7348bdaf1f7529489b_raw.ome.tif,crop_seg/99416bf4bf1856f229fb31e17d1fd0818dbce2346b86fa9c93c3b909f470220e_segmentation.ome.tif,0.108333,3500001820,117184
516510,10815,AAVS1,M4M5,crop_raw/576269b68f0ef5d7d69e982fe45f461006390cece92fc423a91931ced6a65ae7_raw.ome.tif,crop_seg/db434cd1677d4658102099da7c7e167b251373773bf47b95d2ff9fee3a9bc94b_segmentation.ome.tif,0.108333,3500001831,107480
509432,10734,AAVS1,M3,crop_raw/9a470849220fffdec9b42e8d1dccc9882b9e96b86971f6061c8ce88214f7fc11_raw.ome.tif,crop_seg/96886c4aa984c7b9bc381291188af4b68d2a03dfd272957d308c94fa912e8b3f_segmentation.ome.tif,0.108333,3500001819,106916
517574,10826,AAVS1,M4M5,crop_raw/abe268678a88139b7da77e67cf9d48c5b9213b284bea1dd926d3f56407b1a8f0_raw.ome.tif,crop_seg/d5db859ffa0fa5e85b38a50fdd46d154536f7635a6447886bde5703b8fd8ef88_segmentation.ome.tif,0.108333,3500001831,107477
502047,10653,AAVS1,M1M2,crop_raw/a952d0132bbd183f1a1c81900d4203fe25378029caf0c3bae835544128aaf4e8_raw.ome.tif,crop_seg/df71f0cd52c1ac19246ed6f9af189c228a1a5b27832f185d06d84e60df0cf3e8_segmentation.ome.tif,0.108333,3500001820,117186
615897,11924,AAVS1,M3,crop_raw/8fb6941678fdc5acf6b08e35dc7ddeb1fcbdeacf26c6f5c2fdb0158e6619d4b7_raw.ome.tif,crop_seg/459176710ba90cae2cbc20ab44f300b4538541e687c16963a5d2f29bde54f910_segmentation.ome.tif,0.108333,3500001845,107956
619949,11970,AAVS1,M4M5,crop_raw/548a7a6dce5a4fa24cb54870406b17c96ca5468ddc42d57804391260775f0d70_raw.ome.tif,crop_seg/9117b9cf4e817c6b07590f29904111c012619b211a8905a797420adf35ea2f18_segmentation.ome.tif,0.108333,3500001830,107575
520958,10861,AAVS1,M4M5,crop_raw/0faf48b80406d847d2af9194759b35462abbd09ca056b43c35a785a46a53d28f_raw.ome.tif,crop_seg/6b7925bb613babe3e804fcf5692c4bc35b5f26e7f8d0a00302e2545d0623848f_segmentation.ome.tif,0.108333,3500001831,107477
628186,12055,AAVS1,M1M2,crop_raw/be7e0a05a9c98e37aaf0dd2f02a498040a558d0fcd2325132581037e389faa65_raw.ome.tif,crop_seg/90f12f456b17d7abe83d7a325096b2bf33d31a77c917915e71a22abe5fba63cb_segmentation.ome.tif,0.108333,3500001830,107575
612021,11882,AAVS1,M1M2,crop_raw/cdc2f07b1e41a23fb6869c5eeefcb193ffdea29965be789c7fa50f23f82cd9d0_raw.ome.tif,crop_seg/9773a0f78581c2536ce40395f67284519bbbace88f2843fd62f799abafb1083b_segmentation.ome.tif,0.108333,3500001845,107960
623448,12003,AAVS1,M1M2,crop_raw/e1639e8c089e74e754181c4d322d27f56e09466bb11393ac29b62f38cef69ef8_raw.ome.tif,crop_seg/b9aa9d97afd26447a5d9fba2ae2755ecff536f3887cfea05c473914a1fe4e1ac_segmentation.ome.tif,0.108333,3500001830,107572
623024,11999,AAVS1,M4M5,crop_raw/5f3903945654cd75323c90e1ea2f9bab4a716df514c1753669fe57bc8eb4d38b_raw.ome.tif,crop_seg/95a6e418ef36a740bfb73133ab563bdd69f4ebea06f51b80d0cfe613f4ef6a8e_segmentation.ome.tif,0.108333,3500001830,107584
519017,10841,AAVS1,M4M5,crop_raw/95ae1a068b86c24298022e66395b1b33e73731f87623ad0d8afdf9312f8d7b98_raw.ome.tif,crop_seg/cbc2e062ca98cc5cbc6933331ff88c74548441fc6332cf29f0116b751c2e3cae_segmentation.ome.tif,0.108333,3500001831,107477
521324,10865,AAVS1,M1M2,crop_raw/f38ee5ed02840be66bf5e77c186346280ea1179476fbf56b7e618b212264f512_raw.ome.tif,crop_seg/f90595ed2713564d1f5607b05a448ef4f0c4afbf7bb3ce08b10b6bd466510b70_segmentation.ome.tif,0.108333,3500001831,107476
512479,10768,AAVS1,M4M5,crop_raw/7ecb6db63f12edfa65e5009594c896a0f2af498f9a66121be4e4758c9cfb5c4c_raw.ome.tif,crop_seg/2d0efc3637f999e85cfa56b30ce9870b21aff9bc781fb9a3e6339ff0636b95d5_segmentation.ome.tif,0.108333,3500001819,106902
505978,10695,AAVS1,M4M5,crop_raw/411b705980b8b55e18a7deb66406fedaa0bfcda9220483cecda86c796039cd87_raw.ome.tif,crop_seg/cd8667b4d52394a664f4239e99df46e2cda237635419ba4b389f2e3e3508b7cd_segmentation.ome.tif,0.108333,3500001820,117184
517014,10820,AAVS1,M4M5,crop_raw/3ea6bf930984528f088abf9b6071d23cf7fb319d30395ef2b9e20b350b4e308c_raw.ome.tif,crop_seg/ce8bd6181c676752de78dc6022aca270adc86f7e8e7e7f5b150a4c8271d6fa6c_segmentation.ome.tif,0.108333,3500001831,107476
479548,10360,AAVS1,M4M5,crop_raw/5d33d4ec05c0089edb02c009a2224f582f27f85f78c1c92185b26912a7455537_raw.ome.tif,crop_seg/9854839165a2431e207336401b9307fe09abd4dd27811d5e7b0e649e9d2f0ffa_segmentation.ome.tif,0.108333,3500001804,106422
933669,14344,AAVS1,M1M2,crop_raw/07c07147cd2cb97622eb09d4e1467422746aeb7d0ee68c670127e879d7754932_raw.ome.tif,crop_seg/d6bdea98cec0294f39d9f2543c5c8a05caf963df4ccab05598331993e0ec38ad_segmentation.ome.tif,0.108333,3500001859,108150
520620,10858,AAVS1,M4M5,crop_raw/1bc59b47189683382f4da0c8678f5333d80b6d35dfe1ab9de9dc6144207b2832_raw.ome.tif,crop_seg/9b6a712114a1ea7312d14c8875ee37c31cc30f7df71f2819eaafbf77b0c58101_segmentation.ome.tif,0.108333,3500001831,107476
499296,10625,AAVS1,M4M5,crop_raw/dc283ec5613764819ecbad6281eb1fe0f4666698f9fd839954d5335009bcb0f8_raw.ome.tif,crop_seg/4ee0a9ecdfd9ab34ef560442976ebeb11c1c23fdf4dd7989354b46c934d652e5_segmentation.ome.tif,0.108333,3500001818,106999
622576,11995,AAVS1,M4M5,crop_raw/6e8d3e9dc0f69a1749150099b5be4bac5bc6bca92d05e990cec3d9424e2fa83c_raw.ome.tif,crop_seg/7bcdcb849b647e3549064e4d92fceebaff1da22aef921d95634926e3e760e218_segmentation.ome.tif,0.108333,3500001830,107584
954940,15285,AAVS1,M4M5,crop_raw/247adc596ceef5c06deb28909ebb75f968bd5b70e8fe0b3505814706d6c87cef_raw.ome.tif,crop_seg/6d9b52540160c14c54ff2d28582362c6e34b492f6b1870b69ef7a843fc9ff810_segmentation.ome.tif,0.108333,3500001860,108257
612120,11883,AAVS1,M3,crop_raw/376c5e66fbf3f968a07443d3ff6d4407918d0e9d83067051aa25782f4ef1d7ed_raw.ome.tif,crop_seg/fddf4b22c4e172ed30416cc4eebd4ac6f66f05113ac05bb54cd29211ff271e14_segmentation.ome.tif,0.108333,3500001847,107670
974805,16989,AAVS1,M1M2,crop_raw/e33393e01b9bb869df77223abc0a345001ba7019f98f6fc428be38950064a324_raw.ome.tif,crop_seg/10a75bf00af225fdaef14c5cf1feea86e59c8f02acf51fd7a843326becf790a1_segmentation.ome.tif,0.108333,3500001869,108725
630991,12084,AAVS1,M1M2,crop_raw/7b547bf15b3e462438b855de277ec49cf02c19bfddec30a457f9c2c30ed42a20_raw.ome.tif,crop_seg/9f47606288736acfccdcc7d31fa5dce9d8fb2922dfeb48b545b8d8a4325a50f1_segmentation.ome.tif,0.108333,3500001830,107574
504489,10679,AAVS1,M1M2,crop_raw/5b256250772fe57a8075ed514c7bf3c0a1103df44277d3c1644286a71f55c0f4_raw.ome.tif,crop_seg/ac59efdb0cb148c8c82bee30278900a06e085098cac4e17075ce0e41d0e3126d_segmentation.ome.tif,0.108333,3500001820,117174
613129,11894,AAVS1,M4M5,crop_raw/3b9f27e9ff40262110348f8fe3920fa5f91d7e6545e5b08336e4629c364a9103_raw.ome.tif,crop_seg/abd1f7d58dc7cd33c7ef7ed6de48859f19b5aa8604af3c45f925efa1f3881013_segmentation.ome.tif,0.108333,3500001845,107972
502360,10656,AAVS1,M3,crop_raw/5dfe3b244ca08165478386faad5f546e9c54a7acc6cbb70628b6c13c76d1fbce_raw.ome.tif,crop_seg/3ffe9cfb0dce78dade06f2fdd5f3909ac0ea3717fc1b5381b373236458aa28d7_segmentation.ome.tif,0.108333,3500001820,117184
502674,10659,AAVS1,M1M2,crop_raw/d8251e38c7bc3ca8ec0039f7d6360ace5e9185179b8210ca7ff5a5eab610cb11_raw.ome.tif,crop_seg/9556de880aea7ec775b7250390d8a58f802c83c8b3bcc623904e777ba4dc7600_segmentation.ome.tif,0.108333,3500001820,117186
512214,10765,AAVS1,M4M5,crop_raw/8329c38aea51045fbcf421f40fd94b9c6a932fc42da3c962e2b5018fe2bfe93b_raw.ome.tif,crop_seg/eb3f341287028d754172b9ed04132da29bc04f137bd89305df132979806d0c32_segmentation.ome.tif,0.108333,3500001819,106902
623340,12002,AAVS1,M4M5,crop_raw/9ed3e7f3d19e58a5617a22cf17b1da410e94042e8cc8c85b87d602ec3ecb9bf0_raw.ome.tif,crop_seg/d71181497d8ce67e00ebc22b3958ca5ad90c6a394b8ffefed9c935c814f8eff5_segmentation.ome.tif,0.108333,3500001847,107670
501286,10645,AAVS1,M4M5,crop_raw/b45e484adb658586e485635420969de726ca403a12d7a455216b65f8b441f386_raw.ome.tif,crop_seg/bc392ce56fd0efd844b528ff91bd27efe06dd3aa57a6aa01917f22ebdc82c9a8_segmentation.ome.tif,0.108333,3500001818,106998
517940,10830,AAVS1,M4M5,crop_raw/c08bd2562fcc912b853ecfffa580ef2ef86a8f7e2c0f11110f81152b43d08884_raw.ome.tif,crop_seg/67c1300bd335e15224d0e541e59c96cfb8c8c9cfbc05c4393858c3e59d61fbe8_segmentation.ome.tif,0.108333,3500001831,107477
472745,10290,AAVS1,M4M5,crop_raw/d378ee057c30d18f457e922c994a55f5995475b8a2e1d5e87f6dbd4f311c0fa3_raw.ome.tif,crop_seg/e1e4e91e6638977019e483eedb71579e65a0f64e6ca432820d4309c8e4672816_segmentation.ome.tif,0.108333,3500001803,106518
628461,12058,AAVS1,M4M5,crop_raw/7f99b53456dd48a6273cabaa5c2b70c78f77a98f6ae5c4eadfaced5a9de931ed_raw.ome.tif,crop_seg/685a60ef9709b0f49ab3d1ed37c89239b984e51d2329652f539a0c8e8d8cbf59_segmentation.ome.tif,0.108333,3500001830,107575
519723,10848,AAVS1,M3,crop_raw/f22dd330f1b7095c0e6e447a5ec5cf7a84d978e2af546ff82d55c68247f53597_raw.ome.tif,crop_seg/4994ee310bcb4a08ed81007e6c4e3cb5340da9eec87c2abeb39c3e28b3474aad_segmentation.ome.tif,0.108333,3500001831,107480
473088,10294,AAVS1,M3,crop_raw/fbcfee25416b74e3bb060144a3ec8a821eca5511d182f7422199f2f87c5e450b_raw.ome.tif,crop_seg/feac0db69407f22cc0a484100eb629b2537f57284877bda602cfe4035454a8db_segmentation.ome.tif,0.108333,3500001803,106518
473893,10302,AAVS1,M4M5,crop_raw/0abe86cec7d18d2b4a1ab0d6ba8e63b054a0277e6d594fb47fee87395bddfd2b_raw.ome.tif,crop_seg/0df1c1024bfb8eb37364448c5a1035ddadd8b9f4ac0a2dc963b49f13718bf816_segmentation.ome.tif,0.108333,3500001803,106520
624637,12016,AAVS1,M4M5,crop_raw/856622157759b9cc90d8df28ad1d1a155c6b6f53481c858c0122457fc6d36475_raw.ome.tif,crop_seg/bbc9ff870e5d6927b35a3ce466b13f131d61372ef46e33d5f8b83500d3383e0c_segmentation.ome.tif,0.108333,3500001830,107584
637634,12160,AAVS1,M1M2,crop_raw/e3c20e6e795553b86aef5b1ea6f78a2f97f667c05c53eda1b4fa50bbec3cb801_raw.ome.tif,crop_seg/d314d6af59da4d8b34f9ba2ca62ee670efc32a60a3efc9452751f5867d2dd8b4_segmentation.ome.tif,0.108333,3500001859,108160
613507,11898,AAVS1,M4M5,crop_raw/70b1d96531550b0f193d9eaae8bd38211c1c98dfa0fe36e475d30c97b6ae48e9_raw.ome.tif,crop_seg/16a185714efa1716c83680c4309a2a277ab83ea1559dd9877bec1201c2b84423_segmentation.ome.tif,0.108333,3500001847,107682
625984,12030,AAVS1,M4M5,crop_raw/c7e80f84b7293285496b46c2e9ef90cf546733c18666cfda63467baf4be2add2_raw.ome.tif,crop_seg/d033fc2f7fc5dc47efd824acb3919a4e6260f29b3e0362007450f910289ff828_segmentation.ome.tif,0.108333,3500001830,107574
615305,11917,AAVS1,M1M2,crop_raw/ac8e2ab6cbb0cab10a832dbe02af534a2db2e6122a1cf3870ecd66b66e883890_raw.ome.tif,crop_seg/914fb45ac337a6e5ac02039a0f8a3a691cc8d5244a2ef9dc9e911211e6a1f594_segmentation.ome.tif,0.108333,3500001845,107957
514621,10794,AAVS1,M4M5,crop_raw/987afcc4afbb3af2a375daab71c08e4c80313ca0992060d9d60de1cbc38f5ac1_raw.ome.tif,crop_seg/c45ad2ed3612a0765366ebdf6ba4e8c081bdbbbc8102b0a963fd835594fc174f_segmentation.ome.tif,0.108333,3500001819,106914
637120,12154,AAVS1,M1M2,crop_raw/b8a5279a8a5c03c3a78ed4f2cd0e9088ad28242ec4c2ee54e8024ae966b42087_raw.ome.tif,crop_seg/bbd8933b4e31393fa3965ebfa26a37d2c23daa3c6b2f03c28b1d1cd234940dc9_segmentation.ome.tif,0.108333,3500001859,108150
466243,10217,AAVS1,M4M5,crop_raw/6df3eb39674b20581a04b9fecbebbb733b3cfe7b577e96be66ae185ef1f9ed09_raw.ome.tif,crop_seg/c1ad2261104dfcd03cc0e9c43b06974a40198293073eb748412b80744633e8a5_segmentation.ome.tif,0.108333,3500001803,106516
479054,10355,AAVS1,M4M5,crop_raw/11393bbfe5be7f5e61b5beed12e78f7f23490a6873d443dc80002cdff362b8b2_raw.ome.tif,crop_seg/7b7dec1c000bb0be09e74ff4eba6836f9d053e23023d3f2983fcf17f77547a79_segmentation.ome.tif,0.108333,3500001803,106516
517860,10829,AAVS1,M4M5,crop_raw/5e994602a0711691cfe1dbc8533ca153ee413def3a7032d7345f3196c9441d40_raw.ome.tif,crop_seg/0576f4426ffd42a1d72edb948b59525631dfbbb77e06d4bf2e06635faf20f8b6_segmentation.ome.tif,0.108333,3500001831,107479
969375,16477,AAVS1,M4M5,crop_raw/2a0f1e5ca298e5dd93d79ccc378d046963ad0754780e20127e9ce6ef616e41bc_raw.ome.tif,crop_seg/bec4f923d662c97ad0bd86ff6f1aa606a268771d5d4707f5dcd37c13a41a1840_segmentation.ome.tif,0.108333,3500001859,108149
516819,10818,AAVS1,M4M5,crop_raw/f9b43b20c339ca0c4235b661d8a2603dcf5f3b34b4ce0581d816de3df94684f7_raw.ome.tif,crop_seg/2005f861ef9e71ca8a1433717003cc45b416d793e3fa6e907d3b00e11c3f10ae_segmentation.ome.tif,0.108333,3500001831,107476
478365,10348,AAVS1,M4M5,crop_raw/a68e668e452d716afecd6a5162c45377f055e50fcbda6c07d8430b1258de4188_raw.ome.tif,crop_seg/bdd064055d31c0a4c66c190873a044361fe450e89e29e6f95bb33774992fb419_segmentation.ome.tif,0.108333,3500001803,106519
639860,12180,AAVS1,M1M2,crop_raw/6044c4b9641840c959a7d3d5602851e69f96c0f1cd5c4f967193829f4d6ef532_raw.ome.tif,crop_seg/7be0a7e1c2037c24df816318bc9a320db7563ac6f092b912c73705cb9614fe62_segmentation.ome.tif,0.108333,3500001859,108150
629173,12066,AAVS1,M1M2,crop_raw/297f236580f4dd29dd1e5258ccfa879ac6ea0f84f4c857a31e004c33ad7d055f_raw.ome.tif,crop_seg/1dbc674e3cfc3484a8471d5b29e9d745b02914acf8eb11a45e73f5b266cb3e09_segmentation.ome.tif,0.108333,3500001830,107572
618071,11953,AAVS1,M3,crop_raw/f61ceed204af797dc53c3dea980d0742c5552d02069df0ed50a981cf9ab10a1c_raw.ome.tif,crop_seg/c78cf87e6f11e2d954556858e748d86abd0b0e48626ec35cc774d65405fa32be_segmentation.ome.tif,0.108333,3500001847,107670
620268,11973,AAVS1,M1M2,crop_raw/4ae352c42e1733732edfcd9df86e9a446a2daba27a9b93638a7c5f3e8ca11b4c_raw.ome.tif,crop_seg/254fe498d47130c56fbdee2fb520f1b552a1d88b63be20597817e43bdd6ba23a_segmentation.ome.tif,0.108333,3500001830,107575
626668,12039,AAVS1,M1M2,crop_raw/4ee3982f1f2d61b8b8bd7bac7f511a8cd53fbfd0d6d0ec763f77291be8f120ef_raw.ome.tif,crop_seg/9c11c9329151b1b357750c8374b38de660d32db1033bd00827a7a99e7a01d5e7_segmentation.ome.tif,0.108333,3500001830,107574
505329,10688,AAVS1,M4M5,crop_raw/1325f3abfdd6a8eca58101fbe349d23219b36e7280cd1a8b5043642a8aa52db1_raw.ome.tif,crop_seg/441de958ca85200b302150e54b382c18531189944b057929797a0562ee517723_segmentation.ome.tif,0.108333,3500001820,117186
473675,10300,AAVS1,M4M5,crop_raw/d75a242db403dfe28e6ffe726af46d4b7059996624685818550a8aabeac216a3_raw.ome.tif,crop_seg/7614f38545bd14c5032499719efbd6ed329439af23fcf378a06b62aa5e914de0_segmentation.ome.tif,0.108333,3500001803,106519
611230,11874,AAVS1,M4M5,crop_raw/db97a748e69ffdc31a6cd24ded730a8be43960ea7c08d24eebd68888bbc94d4c_raw.ome.tif,crop_seg/845892403a36a69ce59efaca80a987a2daf4b973f09f2dcbedd38f76cf14a680_segmentation.ome.tif,0.108333,3500001847,107682
521607,10868,AAVS1,M4M5,crop_raw/0c39ec7ccc7e52e5ff15f8b3e96b9f1b651c58d2ac397b0e776e5eee4891cedc_raw.ome.tif,crop_seg/79f4dcd9dbba1642ceec61c46d860f96957d42814889a62a599f14049cf9a9b6_segmentation.ome.tif,0.108333,3500001831,107478
513193,10778,AAVS1,M4M5,crop_raw/18e0db31c3fb1039de0ef4ece9a1c6b678c9f99e10b0382812ccee80187e9f1d_raw.ome.tif,crop_seg/2b3dc2581255452d624ca116e1a64553e9388e262c525fe61151a53d1eb2a2e3_segmentation.ome.tif,0.108333,3500001819,106903
970339,16577,AAVS1,M1M2,crop_raw/214ba82f2969914df14447ecdf12042d4eaef4abe070a67998a17070e62929e5_raw.ome.tif,crop_seg/1aad08eaa235e34d8f069bf20a3eec188662402c79a4a4b56201e2b26fe8dea7_segmentation.ome.tif,0.108333,3500001868,108823
616485,11933,AAVS1,M1M2,crop_raw/5541377eec36cb6f27c790f718ecf7e4abb6847f06c292cbfde0dda4dff9a90a_raw.ome.tif,crop_seg/28248832c6fa8bdb16f5285ab1005434656525c35316403ccfbcd10f58e6fc8a_segmentation.ome.tif,0.108333,3500001845,107959
551660,11192,AAVS1,M1M2,crop_raw/f2bd179730d981ffe0f5721d20b453794b4798ecbfb59199a08424166eef3052_raw.ome.tif,crop_seg/ae6d260534030f9f19ad2f24a7e04e8c1faa27aa6d7c79c00c546496c631c9b9_segmentation.ome.tif,0.108333,3500001869,108727
973219,16859,AAVS1,M1M2,crop_raw/72b4c289c5bc35520a8d2016f5b1fb488f8f813302a30a472238c2efefbc0c5d_raw.ome.tif,crop_seg/a504655d2a12cfee9d0ffe62fe922ce188f1973294892094209b2d42745e1d7d_segmentation.ome.tif,0.108333,3500001860,108244
615973,11925,AAVS1,M1M2,crop_raw/825df19bc98ff9d019821657752e389c661459891bffa2ae42befeb507e6a704_raw.ome.tif,crop_seg/91c0cf66e081dd870dd1285259da46efc3379ff518a613e39faaad37d77ab1d1_segmentation.ome.tif,0.108333,3500001847,107670
632993,12103,AAVS1,M1M2,crop_raw/1237e66414a63304d13836ff8ac17308b73ce3d9e9d2d989b5dc1ddb9c7c267b_raw.ome.tif,crop_seg/0bffc8c3830f6ed2e0027974395ec74d897e609e66b957de0a107cc784f21855_segmentation.ome.tif,0.108333,3500001868,108824
612339,11885,AAVS1,M3,crop_raw/4bdc752cdc0bb5746c6c9a03ab516820b4154b1d1b664adeebe1b4f4eb80271c_raw.ome.tif,crop_seg/972b0d62b0a6c914c88a9882c0834c02e1026b3c6f02759bead4375cfdd0b487_segmentation.ome.tif,0.108333,3500001845,107960
987530,11938,AAVS1,M4M5,crop_raw/8acafb020a4d2edb110859316752710c5436e360f34c702c307944105edd3dcb_raw.ome.tif,crop_seg/1d49543bd5623ec8a7bdb0008eac023ba188cbfeb3eba5d601d08e34588f322b_segmentation.ome.tif,0.108333,3500001845,107957
626246,12033,AAVS1,M3,crop_raw/6736553fcbfc6c74a63dae83c87a3cbf2051bfdabf0a345e0e0658e194983983_raw.ome.tif,crop_seg/b159399eda63abfb0313301160d8bbd6f5cdaebfdb2931b91bbc8559d0655307_segmentation.ome.tif,0.108333,3500001845,107971
619766,11968,AAVS1,M1M2,crop_raw/8413f523a81573914d57936ad81a3784efb1148d846d244c57e186f8603aa919_raw.ome.tif,crop_seg/b896ece47d8061b69b0e282e9564a8104826f5aec2772ddf1411668f69377b6e_segmentation.ome.tif,0.108333,3500001847,107671
628976,12064,AAVS1,M4M5,crop_raw/1da04db761dc0554bbbf1c34fa84fc90524ba7201cb9d563fed1cded6fed3208_raw.ome.tif,crop_seg/ff93d842c378795ddd5c8096b1505ca12c9892109d5f1252cd8b60bdcc7204e0_segmentation.ome.tif,0.108333,3500001830,107575
501743,10650,AAVS1,M3,crop_raw/173ff121a6817a6fc15981fc990f3c6b04f9a94908d5ddd94c00ac0d397b1b88_raw.ome.tif,crop_seg/3c8092cfbb2aef4758dd8ba87e6eddc4abfe8dc2bb1a1f60ea029ea79b7f88aa_segmentation.ome.tif,0.108333,3500001818,107009
970454,16582,AAVS1,M4M5,crop_raw/e9672baf6179565f1a6b8246ca9efebb13614470822ca8968ea8da6756982522_raw.ome.tif,crop_seg/cb356176f4f8569cbbe3b76a80a578ce8c7cd3c916430ccc17f6778000400f0f_segmentation.ome.tif,0.108333,3500001859,108150
624959,12019,AAVS1,M1M2,crop_raw/d1da1cdc5529adb9d40106b26463d99774af7ca7eb12fce37cb8ee4556677b46_raw.ome.tif,crop_seg/af63d268a60b4f321d006b2d49bfa24377c9454580d2bbf9e414c67f885843b5_segmentation.ome.tif,0.108333,3500001847,107684
630570,12080,AAVS1,M4M5,crop_raw/17e8f6dbeb0a0c37ec9267eb1d3ce31cc8fe0fa0c154bc0239671f7d1a6e7d6a_raw.ome.tif,crop_seg/32b8ad0c25c570b6f309b16c0bad999935d62dc438ce4d2ddd54a6520c8d4513_segmentation.ome.tif,0.108333,3500001830,107584
504671,10681,AAVS1,M1M2,crop_raw/88a883f19e4a222bdbc06d67a38616a37b60eb1b9e471354e32a1a7cb31c2b49_raw.ome.tif,crop_seg/3a5c54277a32f6cb8b96309526b06545db2a0c1e1547d8ca19f073e868f66904_segmentation.ome.tif,0.108333,3500001820,117186
961886,15853,AAVS1,M4M5,crop_raw/2135f9a801b52de096c84b26c903e6512f6a8cc48bbaab3ef0d591db287395d2_raw.ome.tif,crop_seg/73cd369f51f954ee5dc87f69b7122a73cfb74c35ee1f5564ea230b91652d6493_segmentation.ome.tif,0.108333,3500001868,108833
620937,11979,AAVS1,M4M5,crop_raw/9e2a1ed2aaab839c804bd5ad7f34af7036b2e33de9bc236591808d9c7f91437a_raw.ome.tif,crop_seg/037b99c6b64c3f4ba06e627109a898e252562af3c4dff60dcef83921b13de1f5_segmentation.ome.tif,0.108333,3500001830,107584
518514,10836,AAVS1,M4M5,crop_raw/4b8990fe3848a74697b0e28595a730c6932263486f33885668c1704e8b0a7f33_raw.ome.tif,crop_seg/afa4c8d8295afc6ffb8463d744b8fa28eb9455fcda77f623cd5de2c09d2eb612_segmentation.ome.tif,0.108333,3500001831,107479
544492,11162,AAVS1,M1M2,crop_raw/db4d59a16ef0c231f7f0878e01adb24c67fbf97c4a56cc1df266b3349f31cba8_raw.ome.tif,crop_seg/cf79719a77493ded9f04331e8d29856350d9990fcd66b2ebe01031c8b152ad16_segmentation.ome.tif,0.108333,3500001860,108256
481887,10385,AAVS1,M4M5,crop_raw/bf1c6f166a1de10472e65bd08fd8d59a24a8d8d04a9f191f07610f6cbc7e93a0_raw.ome.tif,crop_seg/d302b36be01d61580041ce8645cd6f66badb213ea171ab4924945801567550cd_segmentation.ome.tif,0.108333,3500001804,106421
512064,10763,AAVS1,M4M5,crop_raw/74cc792c9585a18e48a42c17ae346370bedc01d650dec4d51a11fa3ec179bbe2_raw.ome.tif,crop_seg/8b6f0726fe05034778a9e686da1a879c4c8a17798c4a47990b1883e04b32e8a3_segmentation.ome.tif,0.108333,3500001819,106914
510534,10746,AAVS1,M4M5,crop_raw/e21c02af4dc2770bb88096fe138f03e7d35bfb83dce5b7c674df0d0a6aa0f594_raw.ome.tif,crop_seg/48d1df18388f5baf216a882e9c6655b1764e703e8e13e460dfca1966165247fa_segmentation.ome.tif,0.108333,3500001819,106915
517763,10828,AAVS1,M4M5,crop_raw/70b4055188e4ed588ddfbbf53b74e0dde6e129071b6b7c5b8502c6a88bafa60d_raw.ome.tif,crop_seg/6022ffc6915657b462450effd959ce09f2ee47375f545cb5433111b29b9e5d7f_segmentation.ome.tif,0.108333,3500001831,107477
966043,16206,AAVS1,M4M5,crop_raw/9726e3abb6767c6f59c2cb5edc2f6713088e6a358d8920cef714f8862eef7d9a_raw.ome.tif,crop_seg/c3f4a617d98e3d2e4c9febfb1d612ef7e6a038b28db291de8070acc509e239ca_segmentation.ome.tif,0.108333,3500001860,108257
506193,10697,AAVS1,M4M5,crop_raw/1f8ea94e4ff470115459a905166e72826a49e5b68059335d09268727f6ae3c6c_raw.ome.tif,crop_seg/a41f4e608a55d45ff0618258028ffdc47a1f57f4c5fdd2daf4eecc51db158b02_segmentation.ome.tif,0.108333,3500001820,117175
517469,10825,AAVS1,M1M2,crop_raw/860f5b7aa4f9052fc761d06f04a5ca349d3ff42e3ce4ccdcaf687ff9fcdd3613_raw.ome.tif,crop_seg/c483a19427744bba0d908471d8bcf360c8e4692a883ac1f0e13eb931ed0c7bf6_segmentation.ome.tif,0.108333,3500001831,107476
519887,10850,AAVS1,M4M5,crop_raw/00baaadda8d625c36a92a3cda8aecf4f5e6716108b4acfe70689ee5354276a88_raw.ome.tif,crop_seg/9b6836e94aeda3bb80945b359c213c65094ff8ba2b923577b9a84158069cd1f8_segmentation.ome.tif,0.108333,3500001831,107478
521076,10862,AAVS1,M4M5,crop_raw/03d074b8a7349858c3b540746e4af918a93b2cf358dc09f920598a7f2dadd78c_raw.ome.tif,crop_seg/4660395f6f4a4a51fd50da25f76dc8f7ca3d7af08b4452b7096fdcc949ce267b_segmentation.ome.tif,0.108333,3500001831,107478
970986,16631,AAVS1,M4M5,crop_raw/7c379860eea4dbcf2ff9dc40fd1f1b84ccbd28e30f6f08ab551777863b8b8232_raw.ome.tif,crop_seg/d8c9aac6c9bad20f287b6e3c4f48ee1b99bba963b288e6a13f0cbd8ae6c1269b_segmentation.ome.tif,0.108333,3500001868,108824
624358,12012,AAVS1,M1M2,crop_raw/9cd3f1b9804988d155d2b8048a10da8a0b4328aa772579b0c81096d85d4e666e_raw.ome.tif,crop_seg/36b3e9eac4dd919946d8ef90a7523ac7daabee3cac900a3712a59e798e5b478d_segmentation.ome.tif,0.108333,3500001830,107572
633850,12111,AAVS1,M1M2,crop_raw/1c4b6328dee0ce1239765676a2bedd7dd92dfeb5c4dd3e8f271f860b1a686399_raw.ome.tif,crop_seg/11402f0e1d6f0cca2a21f0683eee9f97ce640246ca4fa51fe2c856edf912d024_segmentation.ome.tif,0.108333,3500001868,108832
518241,10833,AAVS1,M1M2,crop_raw/0dd39a2694d968cfa80acd96c80c3d9d0a7615e1132d3d27bef1c6c1659df8bb_raw.ome.tif,crop_seg/23e8442eb8ef5e6cacbc7c6dfb7f11127eb0142bda82a4e8208b2cbff983594a_segmentation.ome.tif,0.108333,3500001831,107476
499732,10629,AAVS1,M4M5,crop_raw/e199be999600705d9a865cd30a08d0fdbf7b0e29c82a782578ebb611203ce86d_raw.ome.tif,crop_seg/6b0cddaf725eec441dbfd612461d444cc6bd58ccd4168cbbb3d8346269eecc67_segmentation.ome.tif,0.108333,3500001818,107010
627054,12044,AAVS1,M3,crop_raw/b4c7b0022a102d090b4aeebf589688a60257baa4da83339c3afae46c46049cf0_raw.ome.tif,crop_seg/4ffca0e6cbcc3d9c711d6ac75e5447bff2533d0f6351523c754e72940b392d0c_segmentation.ome.tif,0.108333,3500001830,107585
510372,10744,AAVS1,M3,crop_raw/22b84d741a95f7a802761a8602d90808646ecfbbe82a27582073254b2c2be61d_raw.ome.tif,crop_seg/fec54ccd4d4f6712f0c0204ea1292e31f62c54325a34cc108a51aa283a9f5485_segmentation.ome.tif,0.108333,3500001819,106913
618442,11956,AAVS1,M4M5,crop_raw/54328943409d07b8a4a250c3d732efbc389ab435e79b2774d84b7de1b46a5b1b_raw.ome.tif,crop_seg/aaec6c093d109dc71b19fdae4a6171b8da868235b6662241c42041b51bb82c47_segmentation.ome.tif,0.108333,3500001845,107957
518576,10837,AAVS1,M3,crop_raw/0e559323d34c641c3be438a7717871f5612ee82151c7e44bdd70a1b3d91fd25f_raw.ome.tif,crop_seg/f0c3189a8368ff2e6cf3f57811f2567d224d14aeaf159ada1103d39fe6acf757_segmentation.ome.tif,0.108333,3500001831,107479
520968,10861,AAVS1,M4M5,crop_raw/6268664fe3099f39530f3b7ea61ac6d5eb50c4e3ce7aff196f666ee76004a91b_raw.ome.tif,crop_seg/a798b90026dccab33a6d6d8d6400b104df2c0f980b3c33f91410c188ea0502d9_segmentation.ome.tif,0.108333,3500001831,107477
521330,10865,AAVS1,M3,crop_raw/56ee42d6fb286184635d60f257e4256a7c43bd8d9876812c5cf16d4d0dbdde7b_raw.ome.tif,crop_seg/243b1bd25795972a97fae9d448535ba72fd6004230c7de816b60ab6aa87c6cf0_segmentation.ome.tif,0.108333,3500001831,107476
974786,16989,AAVS1,M1M2,crop_raw/0a18e121a7ab929b09c97236f740e86c4bc1c6949adea615c7f3e7c48740c38a_raw.ome.tif,crop_seg/42874a39062e87d0cf234d89c797f7ef83ac65e93d791666b22262866e1daf16_segmentation.ome.tif,0.108333,3500001869,108725
504509,10679,AAVS1,M4M5,crop_raw/adbc5807d83710ecd4c2c5d9407bffbceb70d911dbe99768c531c515ccdfd27f_raw.ome.tif,crop_seg/c7d84b641d24d69557fc736d5c2356c1a02252c2e299fac12c95b165c1dc1d0f_segmentation.ome.tif,0.108333,3500001820,117174
613126,11894,AAVS1,M3,crop_raw/387ee0e388bb1521dcbacd6eedc0a52fed156fccea8ae6ed5552d0ef61f387f7_raw.ome.tif,crop_seg/e395e3edc4e9d5414794e286ad0b12583d66b2ba94b916fb6d5eec64f40472e1_segmentation.ome.tif,0.108333,3500001845,107972
623333,12002,AAVS1,M1M2,crop_raw/1346012a54def34a91bffedbed53eb7595a883de1a7b9a89e8063bb1115fbff3_raw.ome.tif,crop_seg/19b52d4888d437adbde47d9d913301508cfd4bcd0b2fdde67fbd0a59c060deb1_segmentation.ome.tif,0.108333,3500001847,107670
517938,10830,AAVS1,M4M5,crop_raw/99aec7ccab14e90ca696ffd9665cba45671f69dfb139f8d735d4dab86ed348c0_raw.ome.tif,crop_seg/19a099ce5765ad056f95fc7881ec4481088141cb5d20f8bf02121de01835496f_segmentation.ome.tif,0.108333,3500001831,107477
637128,12154,AAVS1,M1M2,crop_raw/34c67a50c49299422a8399ae46934b1a57b6d5c759ab1c03df56c5e49a84d3a9_raw.ome.tif,crop_seg/acaeab1dc5c11d24a86a9ce8f85ce3a77eaacff800c5f4221c0e3f6edc5d7150_segmentation.ome.tif,0.108333,3500001859,108150
478383,10348,AAVS1,M4M5,crop_raw/03f86bc9ce65eee5aefc901143ef7ba83e673ecfc726bafc9c0be662496f7fa0_raw.ome.tif,crop_seg/e2dec4904882f807d247925df5a32abcfe274b051158bd33f3991291285c330b_segmentation.ome.tif,0.108333,3500001803,106519
513165,10778,AAVS1,M4M5,crop_raw/bc8668121cee575343daf06d412aff0b19984101430623e27b0fcda2330b2b09_raw.ome.tif,crop_seg/dcfbda5827133f9abeddaaedbb35a7d29582cb2e99e2d3ea7d137ed050a6dec5_segmentation.ome.tif,0.108333,3500001819,106903
615977,11925,AAVS1,M4M5,crop_raw/76710d2459646be9d95d0fbdaf946977140ce3ce1b7c5d2dc854e975a29979a4_raw.ome.tif,crop_seg/398f47f4986abac61bbdfbb0e478df0efeb3c5ce2f9d43db91aeeee575755f5c_segmentation.ome.tif,0.108333,3500001847,107670
987531,11938,AAVS1,M1M2,crop_raw/8c8b1108e893565990fd9b6f6fec7d01b4373d3d5fa1c8df0d1cabc9d643781a_raw.ome.tif,crop_seg/d06e4cc85a6c5ba8ac3ab5628fd1aeb5499847b0dc1689fdceff9e3efd456649_segmentation.ome.tif,0.108333,3500001845,107957
970469,16582,AAVS1,M1M2,crop_raw/33acedaa6603ac98fc83b37985bebac056a931cdb97cce5b52b11fe090a9c401_raw.ome.tif,crop_seg/36d15d5c9384b2f2b5bf59cf24cb294f80f238fe674747a3248593b37f4f6adc_segmentation.ome.tif,0.108333,3500001859,108150
961857,15853,AAVS1,M4M5,crop_raw/63db9ca912529587251c16aa9d05ab1d29591e0cd9137411ac37bab0fabc44e1_raw.ome.tif,crop_seg/7bccded5495c14c770faf2aa39b288910d7dcb7a8fec22a51ba837f933eb6511_segmentation.ome.tif,0.108333,3500001868,108833
620926,11979,AAVS1,M4M5,crop_raw/c8b59a394f08768769a95b6a58a3fc796084c87978fc18b82860dbd01d69e7d8_raw.ome.tif,crop_seg/69f0be7063eb453a661a42f24f7ab04f8c3eaf3be2b95acf8250ac07759b2c4e_segmentation.ome.tif,0.108333,3500001830,107584
517764,10828,AAVS1,M1M2,crop_raw/d23e436ff046a6332c1c042a756cb70eea2a34eadac0d05f5293c7db363c7975_raw.ome.tif,crop_seg/aaf070e0100c4b72535bb3fce2c107b3e44cd05e47a6b5f627eadbde6eefb124_segmentation.ome.tif,0.108333,3500001831,107477
518223,10833,AAVS1,M3,crop_raw/c310af8a265aa4b676c6433951e9f332855d7b160df193019aba4be55b27a63b_raw.ome.tif,crop_seg/6f02fd947f6790f386b7b2f87408ddd4b0c4e4b629be2a0f62019eb23bbf273c_segmentation.ome.tif,0.108333,3500001831,107476
499727,10629,AAVS1,M4M5,crop_raw/c778e343ad5d615203ddd89cffa36dcb7a44e65c7071efc022ebcbd045929841_raw.ome.tif,crop_seg/a3bc1e9bbec70f0c934e140ccad37de2956c7ee1e63afcf54a124769b7b5bd47_segmentation.ome.tif,0.108333,3500001818,107010
627069,12044,AAVS1,M3,crop_raw/f2871dc3216cd31614381c3bad0ae6626ea84f48ea84de24e09d06396d4fddbd_raw.ome.tif,crop_seg/3b6ae887d886ae45e313d9a75ff0d53ceebdda3df6411f4fa19b2b1c7133f4ed_segmentation.ome.tif,0.108333,3500001830,107585
510366,10744,AAVS1,M4M5,crop_raw/994fd37501716c4f95fcc1cbab3a33458858a2b84073b203ea8daa1705d22edf_raw.ome.tif,crop_seg/9406f8781f96939df363ac7a44f0a66a151b5d853d3f8d0308cd4cb65d34ffeb_segmentation.ome.tif,0.108333,3500001819,106913
970455,16582,AAVS1,M4M5,crop_raw/5961ff433c3304bc8cec3a599e1079e3baad5284dd8aa829e0dc3fe4165dfcad_raw.ome.tif,crop_seg/dbea35babfc4e53552248345789b57b02275eff3ea970febf6da76fb8303727e_segmentation.ome.tif,0.108333,3500001859,108150
961888,15853,AAVS1,M3,crop_raw/8babb94021d7beca5305bef98debfe14d36cb8caa881d52f4ca77ec9153195f4_raw.ome.tif,crop_seg/7290bfeaa0711bcc90429eed7f05911c441c6cc1c58bdc923cfc1a18057ffc39_segmentation.ome.tif,0.108333,3500001868,108833
499744,10629,AAVS1,M1M2,crop_raw/9e93840bb27c9257666a5af6f16ac4e0f093d863719ae6b96a5ecf04f77fd66e_raw.ome.tif,crop_seg/280b219b5eddc634a5cdb337f4e7d424a8f9920be6792c4d3c9adf9d4bf503fc_segmentation.ome.tif,0.108333,3500001818,107010
