accession,ticker,items,et,chars,event_category,is_binding,transaction_value_usd,value_confidence,has_toxic_financing,toxic_signals,revenue,market_cap,shock,key,up20,dn20,fwd_up,fwd_dn,neg,lng
0000825313-26-000045,AB,"2.02,9.01",2026-07-28 10:23:31+00:00,3367,ADMINISTRATIVE,False,,NONE,False,,,3566025381.729786,,AB|2026-07-28 10:23:00+00:00,False,False,0.014380850239655407,-0.022370177620638643,False,False
0000950103-26-010155,AA,"1.01,8.01,9.01",2026-07-02 20:17:43+00:00,21861,DILUTION_OFFERING,False,1000000000.0,HIGH,False,,12831000000.0,6002680424.637268,0.0779362481490141,AA|2026-07-02 20:17:00+00:00,False,False,0.023465666959948006,-0.054552771508358466,True,False
0000351569-26-000139,ABCB,"2.02,7.01,9.01",2026-07-23 20:16:33+00:00,4509,ADMINISTRATIVE,False,,NONE,False,,,4912190242.139404,,ABCB|2026-07-23 20:16:00+00:00,False,False,0.017922765879882396,-0.013556988657674518,False,False
0000825313-26-000042,AB,"7.01,9.01",2026-07-13 20:22:04+00:00,7634,ADMINISTRATIVE,False,,NONE,False,,,3566025381.729786,,AB|2026-07-13 20:22:00+00:00,False,False,0.029868679589561964,-0.01433173415127742,False,False
0001193125-26-306118,AA,"2.02,9.01",2026-07-16 20:12:48+00:00,70199,COMMERCIAL_CONTRACT,False,4099999999.9999995,HIGH,False,,12831000000.0,6002680424.637268,0.3195386174109578,AA|2026-07-16 20:12:00+00:00,False,False,0.002774836122717117,-0.08772672208142263,False,False
0000006201-26-000051,AAL,"2.02,7.01,9.01",2026-07-23 11:00:28+00:00,4625,ADMINISTRATIVE,False,,NONE,False,,54633000000.0,7845364908.224248,,AAL|2026-07-23 11:00:00+00:00,False,False,0.06774876732379331,-0.06104444364578987,False,False
0001104659-26-080833,ABR,"1.01,2.03,3.02,9.01",2026-07-06 21:24:57+00:00,11513,DEBT_SETTLEMENT,True,6.1,HIGH,True,ratchet,,2242234457.897133,,ABR|2026-07-06 21:24:00+00:00,False,False,0.01888663742128749,-0.033797230457853766,True,False
0000006201-26-000046,AAL,"5.02,7.01,9.01",2026-07-15 20:30:37+00:00,4625,ADMINISTRATIVE,False,,NONE,False,,54633000000.0,7845364908.224248,,AAL|2026-07-15 20:30:00+00:00,False,False,0.04178811056393683,-0.032070024345726034,False,False
0001493152-26-032862,ABAT,"5.02,9.01",2026-07-10 20:45:34+00:00,8876,ADMINISTRATIVE,False,,NONE,False,,4290224.0,482811789.93252563,,ABAT|2026-07-10 20:45:00+00:00,False,False,0.05038764274619778,-0.10852712390299724,False,False
0001628280-26-048377,ABT,"2.02,9.01",2026-07-16 11:36:19+00:00,4768,ADMINISTRATIVE,False,,NONE,False,,44328000000.0,216611277907.1284,,ABT|2026-07-16 11:36:00+00:00,False,False,0.07524397208581601,-0.0030433509575094053,False,False
0001171843-26-004708,ABUS,"1.02,5.02,8.01,9.01",2026-07-16 11:31:17+00:00,14636,MA_ACTIVITY,True,,NONE,False,,14083000.0,906734831.0063624,,ABUS|2026-07-16 11:31:00+00:00,False,False,0.009384791569956752,-0.11366007666785605,False,True
0001500217-26-000043,AAT,"2.02,7.01,9.01",2026-07-28 20:17:44+00:00,5000,ADMINISTRATIVE,False,,NONE,False,,39914000.0,1168013575.5278435,,AAT|2026-07-28 20:17:00+00:00,False,False,0.022835877032457486,-0.003826537025350407,False,False
0001739445-26-000120,ACA,1.04,2026-07-15 20:25:30+00:00,3390,ADMINISTRATIVE,False,,NONE,False,,2883400000.0,4453277614.473175,,ACA|2026-07-15 20:25:00+00:00,False,False,0.0020674554124742173,-0.004962103310936272,False,False
0001703057-26-000037,ABCL,"5.02,9.01",2026-07-06 18:53:55+00:00,4416,ADMINISTRATIVE,False,,NONE,False,,75128000.0,1658522724.1478548,,ABCL|2026-07-06 18:53:00+00:00,False,False,0.0820512017946684,-0.12564102501402086,False,False
0001437749-26-024693,ACHC,"2.02,7.01,9.01",2026-07-28 20:57:17+00:00,9441,FDA_APPROVAL,False,,NONE,False,,3312769000.0,1967905826.2015991,,ACHC|2026-07-28 20:57:00+00:00,False,False,-0.005000027743252811,-0.19272729122277465,False,True
0001193125-26-296396,ABTC,"3.03,5.03,8.01,9.01",2026-07-06 21:15:15+00:00,15609,ADMINISTRATIVE,False,,NONE,True,reverse_split,185164000.0,6123237671.007111,,ABTC|2026-07-06 21:15:00+00:00,False,True,-0.009512476237520051,-0.34007130898549465,True,False
0000095953-26-000105,ACNT,"1.01,9.01",2026-07-21 17:40:36+00:00,4193,DEBT_SETTLEMENT,True,,NONE,False,,74942000.0,113914902.89055634,,ACNT|2026-07-21 17:40:00+00:00,False,False,0.024358186270869053,-0.022383094687682292,False,False
0001646972-26-000041,ACI,"2.02,9.01",2026-07-23 11:31:10+00:00,3486,ADMINISTRATIVE,False,,NONE,False,,83172500000.0,9431610332.008839,,ACI|2026-07-23 11:31:00+00:00,False,False,-0.003199996948242134,-0.13120002746582027,False,False
0001628280-26-049299,ACNB,"2.02,9.01",2026-07-23 12:45:35+00:00,3421,ADMINISTRATIVE,False,,NONE,False,,191821000.0,461621937.8276825,,ACNB|2026-07-23 12:45:00+00:00,False,False,0.07220306447979086,-0.0057499339619301315,False,False
0001698991-26-000045,ACEL,"5.02,9.01",2026-07-13 20:28:48+00:00,8600,EARNINGS,False,,NONE,False,,1330960000.0,840409228.4488735,,ACEL|2026-07-13 20:28:00+00:00,False,False,0.027824067234566208,-0.07854673214081842,False,False
0001698991-26-000053,ACEL,"5.02,7.01,9.01",2026-07-14 20:50:31+00:00,14927,ADMINISTRATIVE,False,,NONE,False,,1330960000.0,840409228.4488735,,ACEL|2026-07-14 20:50:00+00:00,False,False,0.05773646131316412,-0.05173000917053849,False,False
0001144980-26-000089,ABG,"2.02,9.01",2026-07-28 11:04:10+00:00,47402,EARNINGS,False,,NONE,False,,17999000000.0,4705380528.539703,,ABG|2026-07-28 11:04:00+00:00,False,False,0.09451060193650274,-0.037808487263131685,False,False
0001646972-26-000040,ACI,"5.02,9.01",2026-07-23 11:29:06+00:00,7477,ADMINISTRATIVE,False,,NONE,False,,83172500000.0,9431610332.008839,,ACI|2026-07-23 11:29:00+00:00,False,False,-0.003199996948242134,-0.13120002746582027,False,False
0001193125-26-310329,ACU,"1.01,1.02,2.03,9.01",2026-07-21 20:15:15+00:00,5748,DEBT_SETTLEMENT,True,,NONE,False,,196541816.0,145587335.4805603,,ACU|2026-07-21 20:15:00+00:00,True,False,0.2890558296516592,-0.02768234212596521,False,False
0000947484-26-000118,ACGL,"2.02,9.01",2026-07-28 20:04:34+00:00,162453,MA_ACTIVITY,False,,NONE,False,,19929000000.0,32335806131.00441,,ACGL|2026-07-28 20:04:00+00:00,False,False,0.025128591975878578,-0.03812942967703459,False,True
0001683168-26-005616,ACTU,3.01,2026-07-17 20:30:34+00:00,8222,ADMINISTRATIVE,False,,NONE,False,,,128412708.71704912,,ACTU|2026-07-17 20:30:00+00:00,False,True,0.0,-0.32679739173186173,True,False
0001193125-26-313374,ACU,"2.02,9.01",2026-07-23 12:08:37+00:00,20015,DEBT_SETTLEMENT,False,,NONE,False,,196541816.0,145587335.4805603,,ACU|2026-07-23 12:08:00+00:00,True,False,0.23855669473864372,-0.048041274867106964,False,False
0000796343-26-000120,ADBE,5.02,2026-07-17 20:14:16+00:00,4577,ADMINISTRATIVE,False,,NONE,False,,23769000000.0,148942064978.02734,,ADBE|2026-07-17 20:14:00+00:00,False,False,0.007106677432687114,-0.072300970662594,False,False
0001193125-26-316084,ACR,"8.01,9.01",2026-07-24 20:09:24+00:00,16371,ADMINISTRATIVE,False,,NONE,False,,79946000.0,155952594.0,,ACR|2026-07-24 20:09:00+00:00,False,False,0.06260673879201972,-0.012521304335554428,False,False
0001670541-26-000080,ADNT,5.02,2026-07-10 16:15:14+00:00,3192,ADMINISTRATIVE,False,,NONE,False,,14535000000.0,1533164563.3165798,,ADNT|2026-07-10 16:15:00+00:00,False,False,0.020534435147312236,-0.0653141887491907,False,False
0001193125-26-296174,ACHV,"5.03,5.07,9.01",2026-07-06 20:06:28+00:00,6951,ADMINISTRATIVE,False,,NONE,False,,,251947483.46725082,,ACHV|2026-07-06 20:06:00+00:00,False,False,0.019440124935788283,-0.09642300188354391,False,False
0001193125-26-320977,ADEA,5.02,2026-07-28 20:05:15+00:00,6665,ADMINISTRATIVE,False,,NONE,False,,443386000.0,1839579784.9833527,,ADEA|2026-07-28 20:05:00+00:00,False,False,0.009988014108740506,-0.07411112260075481,False,False
0001171843-26-004594,AEBI,"7.01,9.01",2026-07-13 11:00:22+00:00,4242,ADMINISTRATIVE,False,,NONE,False,,1526625000.0,503992511.4342327,,AEBI|2026-07-13 11:00:00+00:00,False,False,0.18134718439597752,0.0008635776293368647,False,False
0001213900-26-077574,ADSK,8.01,2026-07-13 20:13:32+00:00,7476,DEBT_SETTLEMENT,False,,NONE,False,,7206000000.0,61738051300.04883,,ADSK|2026-07-13 20:13:00+00:00,False,False,0.08655823563131326,-0.0018124577167323297,False,False
0000874761-26-000138,AES,"4.01,9.01",2026-07-27 20:31:05+00:00,10634,MA_ACTIVITY,False,,NONE,False,,12233000000.0,10296236722.602535,,AES|2026-07-27 20:31:00+00:00,False,False,0.0,-0.005387200111178547,False,True
0001193125-26-311290,ADTN,"2.02,7.01,9.01",2026-07-22 11:02:14+00:00,37797,MA_ACTIVITY,False,,NONE,True,convertible,1083807000.0,812529464.5125217,,ADTN|2026-07-22 11:02:00+00:00,False,False,0.07801423168102262,-0.14184393462644618,True,False
0001193125-26-314198,ADTN,"1.01,1.02,2.03,9.01",2026-07-23 20:30:32+00:00,16476,DEBT_SETTLEMENT,True,,NONE,True,convertible,1083807000.0,812529464.5125217,,ADTN|2026-07-23 20:30:00+00:00,False,False,0.0,-0.19863019898292789,True,False
0000943374-26-000293,AFBI,"8.01,9.01",2026-07-22 20:15:32+00:00,6675,ADMINISTRATIVE,False,,NONE,False,,,115528871.7605896,,AFBI|2026-07-22 20:15:00+00:00,False,False,0.003930137733062056,0.0,False,False
0001193125-26-301414,AGEN,"1.01,3.02,7.01,8.01,9.01",2026-07-13 10:30:23+00:00,67563,CLINICAL_RESULT,True,85.0,HIGH,False,,114196000.0,117578560.34327888,7.443343024274056e-07,AGEN|2026-07-13 10:30:00+00:00,True,False,0.5130434450895891,-0.190434746120287,True,True
0001654954-26-006655,AEHR,"2.02,9.01",2026-07-14 20:50:31+00:00,40843,ADMINISTRATIVE,False,100000000.0,HIGH,False,,50001000.0,610334045.1786423,1.999960000799984,AEHR|2026-07-14 20:50:00+00:00,False,True,0.07933397252864971,-0.24828598288908366,False,False
0000943374-26-000270,AFBI,"8.01,9.01",2026-07-17 21:04:29+00:00,6969,ADMINISTRATIVE,False,,NONE,False,,,115528871.7605896,,AFBI|2026-07-17 21:04:00+00:00,False,False,0.010105427940394485,0.0,False,False
0001628280-26-049080,AGL,"5.02,9.01",2026-07-21 21:51:52+00:00,5058,ADMINISTRATIVE,False,766063.0,HIGH,False,,5932576000.0,8951540176.489885,0.00012912822355752376,AGL|2026-07-21 21:51:00+00:00,False,True,0.00727567945095009,-0.2742926527263584,False,False
0001423689-26-000124,AGNC,"2.02,9.01",2026-07-20 20:06:41+00:00,7945,DILUTION_OFFERING,False,167.0,HIGH,True,atm,,10479830041.028381,,AGNC|2026-07-20 20:06:00+00:00,False,False,-0.0022421183305447734,-0.061883372555151084,True,False
0000880266-26-000064,AGCO,"5.03,9.01",2026-07-10 20:35:18+00:00,3595,ADMINISTRATIVE,False,,NONE,False,,10082000000.0,8108979931.456284,,AGCO|2026-07-10 20:35:00+00:00,False,False,0.036201676344270295,-0.022730232522948257,False,False
0001171843-26-004883,AGPU,"8.01,9.01",2026-07-27 12:35:17+00:00,5043,ADMINISTRATIVE,False,,NONE,False,,125284.0,68622304.77756596,,AGPU|2026-07-27 12:35:00+00:00,False,False,0.044359937966446106,-0.15842839304847556,False,False
0001104659-26-080297,AHCO,1.05,2026-07-02 20:01:45+00:00,8877,ADMINISTRATIVE,False,,NONE,False,,3244857000.0,1210914988.843999,,AHCO|2026-07-02 20:01:00+00:00,False,False,0.00046491068226073295,-0.09437474035540883,False,False
0001193125-26-312419,AHR,"5.02,7.01,9.01",2026-07-22 20:16:45+00:00,15981,ADMINISTRATIVE,False,,NONE,False,,2094506000.0,7639828193.83493,,AHR|2026-07-22 20:16:00+00:00,False,False,0.023539709236915618,-0.02247598403560791,False,False
0001171843-26-004814,AGPU,"8.01,9.01",2026-07-22 12:35:17+00:00,4977,ADMINISTRATIVE,False,,NONE,False,,125284.0,68622304.77756596,,AGPU|2026-07-22 12:35:00+00:00,False,True,-0.05013196436368339,-0.30199477456951795,False,False
0001104659-26-081305,AHCO,7.01,2026-07-07 20:45:49+00:00,4209,DEBT_SETTLEMENT,False,,NONE,False,,3244857000.0,1210914988.843999,,AHCO|2026-07-07 20:45:00+00:00,False,False,0.0883077931798033,-0.03897389727116474,False,False
0001193125-26-318055,AGYS,"2.02,9.01",2026-07-27 20:05:18+00:00,27829,EARNINGS,False,,NONE,False,,319312000.0,3062273128.4201813,,AGYS|2026-07-27 20:05:00+00:00,False,False,0.07017542252966491,-0.04967686732419885,False,False
0001104659-26-085086,AHCO,"1.01,9.01",2026-07-20 20:35:23+00:00,19010,ADMINISTRATIVE,True,,NONE,False,,3244857000.0,1210914988.843999,,AHCO|2026-07-20 20:35:00+00:00,False,False,0.009516566054207143,-0.1044750170890194,False,False
0001104659-26-086424,AIR,"5.02,9.01",2026-07-24 10:01:20+00:00,9532,ADMINISTRATIVE,False,15000000.0,HIGH,False,,3308000000.0,3004920343.048027,0.004534461910519952,AIR|2026-07-24 10:01:00+00:00,False,False,0.08276450831514492,-0.022551161479825166,False,False
0000353184-26-000070,AIRT,"1.01,8.01",2026-07-10 20:31:19+00:00,9058,DILUTION_OFFERING,True,,NONE,True,"atm,shelf",327090000.0,59133739.05185509,,AIRT|2026-07-10 20:31:00+00:00,False,False,0.08428573608398438,-0.13357142039707726,True,False
0001493152-26-034096,AIOT,"5.02,8.01,9.01",2026-07-21 20:39:59+00:00,9237,ADMINISTRATIVE,False,,NONE,False,,443777000.0,742873941.8345709,,AIOT|2026-07-21 20:39:00+00:00,False,False,-0.007228966052757024,-0.10361447153632675,False,False
0001193125-26-304880,ALDX,8.01,2026-07-15 20:46:28+00:00,3201,ADMINISTRATIVE,False,,NONE,False,,,313253926.3824177,,ALDX|2026-07-15 20:46:00+00:00,False,True,0.0378378012652294,-0.2027027000903735,False,False
0001213900-26-076769,AIRI,"1.01,7.01,9.01",2026-07-09 20:45:15+00:00,38852,MA_ACTIVITY,False,,NONE,True,reverse_split,47921000.0,14840776.439402103,,AIRI|2026-07-09 20:45:00+00:00,False,False,0.006802714468455484,-0.11564630815325028,True,False
0001193125-26-298526,ALEC,1.02,2026-07-08 20:05:33+00:00,5084,CLINICAL_RESULT,True,,NONE,False,,21045000.0,153842738.14952803,,ALEC|2026-07-08 20:05:00+00:00,False,True,0.010869554654186597,-0.25543479352400733,False,True
0001097149-26-000050,ALGN,5.02,2026-07-09 00:29:04+00:00,2940,ADMINISTRATIVE,False,,NONE,False,,4034964000.0,10034287391.333984,,ALGN|2026-07-09 00:29:00+00:00,False,False,0.05847951528105355,-0.004127974018241387,False,False
0000003545-26-000036,ALCO,5.02,2026-07-17 21:00:15+00:00,7980,ADMINISTRATIVE,False,,NONE,False,,44066000.0,248244848.53271484,,ALCO|2026-07-17 21:00:00+00:00,False,False,0.010068758229890618,-0.07809430770741199,False,False
0000915913-26-000095,ALB,"5.02,7.01,9.01",2026-07-23 20:22:25+00:00,5070,ADMINISTRATIVE,False,,NONE,True,convertible,5142733000.0,11457610331.347961,,ALB|2026-07-23 20:22:00+00:00,False,False,0.025553041136644916,-0.043474529029479125,True,False
0000897077-26-000082,ALG,"5.02,9.01",2026-07-08 20:06:03+00:00,5806,ADMINISTRATIVE,False,,NONE,False,,1603715000.0,2142298862.5080872,,ALG|2026-07-08 20:06:00+00:00,False,False,0.031375989196710474,-0.04649884174549501,False,False
0001104659-26-085429,AIR,"2.02,9.01",2026-07-21 20:36:54+00:00,71453,COMMERCIAL_CONTRACT,False,,NONE,False,,3308000000.0,3004920343.048027,,AIR|2026-07-21 20:36:00+00:00,False,False,0.05343286315007001,-0.07671640880072295,False,False
0001579241-26-000026,ALLE,"2.02,9.01",2026-07-23 10:02:30+00:00,3753,ADMINISTRATIVE,False,,NONE,False,,4067300000.0,15278105269.193115,,ALLE|2026-07-23 10:02:00+00:00,False,False,0.07934941157277486,-0.018169865839976374,False,False
0001193125-26-309539,ALLY,"2.02,9.01",2026-07-21 11:20:11+00:00,125171,EARNINGS,False,,NONE,True,convertible,1244000000.0,12303087374.812225,,ALLY|2026-07-21 11:20:00+00:00,False,False,0.016003498091676338,-0.061791564576106905,True,False
0001193125-26-298004,ALKS,1.02,2026-07-08 12:00:15+00:00,4850,COMMERCIAL_CONTRACT,True,,NONE,False,,1475899000.0,4958942640.293404,,ALKS|2026-07-08 12:00:00+00:00,False,False,0.009748070708225143,-0.07144562575875602,False,False
0001193125-26-321040,AKR,"2.02,9.01",2026-07-28 20:21:28+00:00,282281,DILUTION_OFFERING,False,8900000.0,HIGH,False,,410757000.0,2604539900.5694485,0.02166731181696234,AKR|2026-07-28 20:21:00+00:00,False,False,0.0021758548914363463,-0.03611836119406997,True,False
0001104659-26-086758,AM,7.01,2026-07-27 10:03:13+00:00,4187,ADMINISTRATIVE,False,,NONE,False,,1188426000.0,8536457913.013458,,AM|2026-07-27 10:03:00+00:00,False,False,-0.0013265835484916888,-0.06478002066835553,False,False
0000766421-26-000036,ALK,"2.02,7.01,9.01",2026-07-21 20:30:28+00:00,36300,DEBT_SETTLEMENT,False,60000000.0,HIGH,False,,14239000000.0,4816517591.054935,0.004213779057518084,ALK|2026-07-21 20:30:00+00:00,False,False,0.12083145415775864,-0.05322060487263547,False,False
0001326190-26-000044,ALT,"7.01,8.01,9.01",2026-07-28 11:04:40+00:00,19648,FDA_APPROVAL,False,,NONE,False,,41000.0,347733581.8701205,,ALT|2026-07-28 11:04:00+00:00,False,False,0.0030303001841676114,-0.14696966730420757,False,True
0001823608-26-000173,AMAL,"7.01,9.01",2026-07-21 20:31:53+00:00,3358,ADMINISTRATIVE,False,,NONE,False,,,820773473.171421,,AMAL|2026-07-21 20:31:00+00:00,False,False,0.07358207550735951,-0.016445261949782353,False,False
0001193125-26-318844,ALKS,"2.02,9.01",2026-07-28 11:05:18+00:00,45545,CLINICAL_RESULT,False,4000000.0,HIGH,False,,1475899000.0,4958942640.293404,0.0027102125551951724,ALKS|2026-07-28 11:05:00+00:00,False,False,0.02747560049383524,-0.06731895752308337,False,True
0001823608-26-000177,AMAL,"2.02,7.01,9.01",2026-07-23 10:26:29+00:00,4571,ADMINISTRATIVE,False,,NONE,False,,,820773473.171421,,AMAL|2026-07-23 10:26:00+00:00,False,False,0.047844364437461095,-0.03138186001792309,False,False
0001437749-26-023638,AMIX,"1.01,3.02,8.01,9.01",2026-07-15 21:02:46+00:00,10477,ADMINISTRATIVE,True,2600000.0,HIGH,True,warrant_reprice,0.0,117712863.27306938,,AMIX|2026-07-15 21:02:00+00:00,False,True,0.01771656573613334,-0.5196850208926016,True,False
0001104659-26-082772,AMPH,5.02,2026-07-13 10:01:01+00:00,5474,ADMINISTRATIVE,False,,NONE,False,,719887000.0,1146568591.7254143,,AMPH|2026-07-13 10:01:00+00:00,False,False,0.0636574805622323,-0.03774281632543197,False,False
0001193125-26-306698,ALV,"2.02,7.01,9.01",2026-07-17 10:15:35+00:00,85069,COMMERCIAL_CONTRACT,False,142000000.0,HIGH,False,,10815000000.0,9449591567.691193,0.013129912159038373,ALV|2026-07-17 10:15:00+00:00,False,False,0.02275676904526902,-0.045136432860784725,False,False
0001297184-26-000041,AMPH,8.01,2026-07-08 00:03:50+00:00,7313,ADMINISTRATIVE,False,,NONE,False,,719887000.0,1146568591.7254143,,AMPH|2026-07-08 00:03:00+00:00,False,False,0.019539144032349354,-0.07765527595972321,False,False
0001411579-26-000055,AMC,"2.02,9.01",2026-07-20 10:59:42+00:00,70511,DILUTION_OFFERING,False,282000000.0,HIGH,False,,4848900000.0,1333653209.68189,0.05815752026232754,AMC|2026-07-20 10:59:00+00:00,False,False,0.1818181128541314,-0.04545460949259217,True,False
0001047127-26-000043,AMKR,"2.02,9.01",2026-07-27 20:08:09+00:00,23531,DEBT_SETTLEMENT,False,2500000000.0,HIGH,True,convertible,6707981000.0,7977777513.7117,0.3726903818004255,AMKR|2026-07-27 20:08:00+00:00,False,False,-0.019800060882657733,-0.17999227529284378,True,False
0001493152-26-032398,AMPG,"1.02,8.01",2026-07-08 10:15:41+00:00,4527,COMMERCIAL_CONTRACT,True,,NONE,False,,25195930.0,56577386.25,,AMPG|2026-07-08 10:15:00+00:00,False,False,0.1035825473442844,-0.07009350167516903,False,False
0001734342-26-000071,AMTB,"2.02,7.01,8.01,9.01",2026-07-23 20:01:11+00:00,5352,ADMINISTRATIVE,False,,NONE,False,,,731866502.297018,,AMTB|2026-07-23 20:01:00+00:00,False,False,0.15037593769308777,-0.0011278453464387272,False,False
0001213900-26-079637,AMST,"1.01,9.01",2026-07-20 20:30:12+00:00,8465,DILUTION_OFFERING,True,,NONE,True,shelf,110459.0,9694151.036694527,,AMST|2026-07-20 20:30:00+00:00,False,False,0.02941173720662249,-0.11176467150827807,True,False
0001213900-26-077666,AMST,"5.02,5.07,9.01",2026-07-13 21:22:26+00:00,6628,ADMINISTRATIVE,False,,NONE,False,,110459.0,9694151.036694527,,AMST|2026-07-13 21:22:00+00:00,False,False,0.11111109853231049,-0.13960110057460462,False,False
0001734342-26-000075,AMTB,5.02,2026-07-28 20:18:06+00:00,6218,ADMINISTRATIVE,False,,NONE,False,,,731866502.297018,,AMTB|2026-07-28 20:18:00+00:00,False,False,-0.006078510569694662,-0.03992114913448608,False,False
0001493152-26-034262,AMPG,"8.01,9.01",2026-07-22 21:00:13+00:00,10055,ADMINISTRATIVE,False,,NONE,False,,25195930.0,56577386.25,,AMPG|2026-07-22 21:00:00+00:00,False,True,0.03726704487356014,-0.2864907221483972,False,False
0001104659-26-082875,ANRO,"2.02,8.01",2026-07-13 11:39:07+00:00,6380,CLINICAL_RESULT,False,,NONE,False,,,301362883.8686743,,ANRO|2026-07-13 11:39:00+00:00,False,False,0.07010390805560518,-0.05415427055090405,False,True
0001193125-26-310328,AMSF,"2.02,9.01",2026-07-21 20:15:05+00:00,31211,FDA_APPROVAL,False,,NONE,False,,317252000.0,768741584.2667694,,AMSF|2026-07-21 20:15:00+00:00,False,False,0.01607420347112698,-0.10540952398471859,False,True
0001704715-26-000025,AMR,"2.02,9.01",2026-07-27 12:02:06+00:00,4217,ADMINISTRATIVE,False,,NONE,False,,2122605000.0,2166804151.4767914,,AMR|2026-07-27 12:02:00+00:00,False,False,0.03141171231066364,-0.05239964576210465,False,False
0001104659-26-083274,ANRO,"1.01,9.01",2026-07-14 10:04:48+00:00,8535,CLINICAL_RESULT,True,,NONE,True,shelf,,301362883.8686743,,ANRO|2026-07-14 10:04:00+00:00,False,False,-0.0010398851386074215,-0.11057194079299026,True,False
0001171843-26-004635,ANIK,"1.01,2.03,9.01",2026-07-14 21:00:16+00:00,7904,DEBT_SETTLEMENT,True,,NONE,False,,112819000.0,141008916.3499546,,ANIK|2026-07-14 21:00:00+00:00,False,False,0.1740249527376958,-0.06628241194895612,False,False
0001628280-26-049006,AOMR,7.01,2026-07-21 20:23:56+00:00,3965,ADMINISTRATIVE,False,,NONE,False,,,217926904.15314102,,AOMR|2026-07-21 20:23:00+00:00,False,False,0.009031232516854892,-0.03118037274436891,False,False
0001144879-26-000044,APLD,"2.02,9.01",2026-07-27 21:04:53+00:00,3562,ADMINISTRATIVE,False,,NONE,False,,611311000.0,6857897783.030033,,APLD|2026-07-27 21:04:00+00:00,False,False,0.06329109519586762,-0.14631422992824505,False,False
0001841666-26-000045,APA,"2.02,9.01",2026-07-08 21:07:26+00:00,3598,ADMINISTRATIVE,False,,NONE,False,,,8064507135.963287,,APA|2026-07-08 21:07:00+00:00,False,False,0.008044191893186392,-0.05442006575934599,False,False
0001104659-26-082341,ANVS,"8.01,9.01",2026-07-09 21:06:20+00:00,9407,CLINICAL_RESULT,False,,NONE,False,,0.0,38777599.87583518,,ANVS|2026-07-09 21:06:00+00:00,False,False,-0.02782826445003217,-0.16161618655025423,False,True
0001193125-26-299212,AP,"2.02,9.01",2026-07-09 12:49:05+00:00,11623,ADMINISTRATIVE,False,153000000.0,HIGH,False,,416280000.0,39211866.83432937,0.3675410781204958,AP|2026-07-09 12:49:00+00:00,False,False,0.051037134736448886,-0.13889535574375433,False,False
0001493152-26-034619,APYX,"8.01,9.01",2026-07-24 21:18:18+00:00,4435,ADMINISTRATIVE,False,,NONE,False,,52844000.0,121022331.40337324,,APYX|2026-07-24 21:18:00+00:00,False,False,0.0,-0.06801007027222417,False,False
0001628280-26-047884,AOSL,"5.02,9.01",2026-07-10 20:06:46+00:00,5602,ADMINISTRATIVE,False,,NONE,False,,696162000.0,861090515.6189976,,AOSL|2026-07-10 20:06:00+00:00,False,True,0.02945255652010581,-0.20005558286059455,False,False
0001140361-26-028368,ANGO,"2.02,7.01,9.01",2026-07-14 11:30:53+00:00,86426,FDA_APPROVAL,False,,NONE,False,,320174000.0,535597972.0,,ANGO|2026-07-14 11:30:00+00:00,False,False,0.11363630484212739,-0.09750732333061374,False,True
0001193125-26-321027,APLE,"1.01,2.03,8.01,9.01",2026-07-28 20:15:18+00:00,22188,DEBT_SETTLEMENT,False,470000000.0,HIGH,False,,1412386000.0,2765671509.2308903,0.3327702200389978,APLE|2026-07-28 20:15:00+00:00,False,False,0.008638692825846395,-0.02347328586912034,False,False
0001104659-26-085912,ARCC,"1.01,2.03,9.01",2026-07-22 21:23:34+00:00,12430,DEBT_SETTLEMENT,True,,NONE,False,,,14065026811.266846,,ARCC|2026-07-22 21:23:00+00:00,False,False,0.014584970840983535,-0.017501985240934936,False,False
0001193125-26-318056,APVO,"8.01,9.01",2026-07-27 20:05:18+00:00,12776,ADMINISTRATIVE,False,,NONE,False,,,86998307.26982117,,APVO|2026-07-27 20:05:00+00:00,False,False,0.030855101534600138,-0.06294539251852704,False,False
0001477932-26-004477,AREC,"4.01,4.02,9.01",2026-07-24 12:00:47+00:00,6318,ADMINISTRATIVE,False,,NONE,False,,0.0,119298323.27316356,,AREC|2026-07-24 12:00:00+00:00,False,False,-0.008333325606805109,-0.09444442310450929,True,False
0001035443-26-000058,ARE,"1.01,2.03",2026-07-09 21:10:11+00:00,10181,DEBT_SETTLEMENT,True,,NONE,False,,3026556000.0,12776477963.805939,,ARE|2026-07-09 21:10:00+00:00,False,False,0.0203915167481854,-0.037724352656620774,False,False
0001628280-26-050303,ARCC,"2.02,8.01,9.01",2026-07-28 20:33:42+00:00,4129,ADMINISTRATIVE,False,,NONE,False,,,14065026811.266846,,ARCC|2026-07-28 20:33:00+00:00,False,False,-0.0031364071392869786,-0.03554618022261835,False,False
0001628280-26-047830,ARES,"2.02,7.01",2026-07-09 19:15:30+00:00,7995,EARNINGS,False,,NONE,True,convertible,5601482000.0,3030739812.056362,,ARES|2026-07-09 19:15:00+00:00,False,False,0.05685478168715852,-0.014296366634106716,True,False
0001654954-26-006764,AREC,8.01,2026-07-21 13:15:44+00:00,3677,ADMINISTRATIVE,False,20000000.0,HIGH,False,,0.0,119298323.27316356,,AREC|2026-07-21 13:15:00+00:00,False,False,0.08982041869587176,-0.0239520735814005,False,False
0001654954-26-006850,AREC,8.01,2026-07-24 11:45:47+00:00,11489,ADMINISTRATIVE,False,,NONE,False,,0.0,119298323.27316356,,AREC|2026-07-24 11:45:00+00:00,False,False,-0.008333325606805109,-0.09444442310450929,False,False
0001875444-26-000023,ARHS,"5.02,9.01",2026-07-13 20:48:08+00:00,5179,ADMINISTRATIVE,False,,NONE,False,,1379222000.0,931235491.7204514,,ARHS|2026-07-13 20:48:00+00:00,False,False,0.047309245367702424,-0.0849490981210218,False,False
0001213900-26-075990,ARKB,1.02,2026-07-07 20:32:13+00:00,5411,COMMERCIAL_CONTRACT,False,,NONE,False,,,5006150337.181091,,ARKB|2026-07-07 20:32:00+00:00,False,False,0.04580889891517215,-0.006578958375742072,False,False
0001875444-26-000025,ARHS,"5.02,9.01",2026-07-16 20:25:30+00:00,3515,ADMINISTRATIVE,False,,NONE,False,,1379222000.0,931235491.7204514,,ARHS|2026-07-16 20:25:00+00:00,False,False,0.04156013797545066,-0.09718672790263794,False,False
0001104659-26-081790,ARLP,"1.01,9.01",2026-07-08 20:15:02+00:00,7488,COMMERCIAL_CONTRACT,True,,NONE,False,,2194811000.0,3177309284.365158,,ARLP|2026-07-08 20:15:00+00:00,False,False,0.06301477495996965,-0.004118631739772893,False,False
0001515156-26-000097,ARQ,"5.02,9.01",2026-07-23 21:09:11+00:00,7373,ADMINISTRATIVE,False,,NONE,False,,120336000.0,271089376.278646,,ARQ|2026-07-23 21:09:00+00:00,False,False,0.08910894478060416,-0.0639603875789112,False,False
0001193125-26-301072,ARI,5.07,2026-07-10 21:54:58+00:00,5919,ADMINISTRATIVE,False,,NONE,False,,271589000.0,1428342545.5779943,,ARI|2026-07-10 21:54:00+00:00,False,True,0.03015802233232323,-0.34801338997127196,False,False
0001515156-26-000085,ARQ,"5.02,9.01",2026-07-02 20:33:09+00:00,3849,ADMINISTRATIVE,False,,NONE,False,,120336000.0,271089376.278646,,ARQ|2026-07-02 20:33:00+00:00,False,False,0.027659599939695356,-0.17872339324640285,False,False
0001104659-26-086560,ARCB,"8.01,9.01",2026-07-24 15:07:30+00:00,5413,ADMINISTRATIVE,False,,NONE,False,,4010158000.0,1667243783.9513855,,ARCB|2026-07-24 15:07:00+00:00,False,False,0.022828070915746235,-0.1114662847656942,False,False
0001104659-26-086855,ARLP,"2.02,9.01",2026-07-27 12:00:17+00:00,69712,DEBT_SETTLEMENT,False,37900000.0,HIGH,False,,2194811000.0,3177309284.365158,0.017268001663924594,ARLP|2026-07-27 12:00:00+00:00,False,False,0.07435166376751745,-0.005267466228027984,False,False
0001104659-26-084248,ARCB,"2.05,2.06,8.01,9.01",2026-07-16 20:10:12+00:00,25904,ADMINISTRATIVE,False,6000000.0,HIGH,False,,4010158000.0,1667243783.9513855,0.0014962003990865197,ARCB|2026-07-16 20:10:00+00:00,False,False,0.01904797683884696,-0.1421824959270822,False,False
0001104659-26-084860,ARMP,"5.02,9.01",2026-07-20 11:12:37+00:00,7580,ADMINISTRATIVE,False,300000.0,HIGH,False,,,175352440.80823517,,ARMP|2026-07-20 11:12:00+00:00,False,False,0.14822547887292825,-0.0897703197835259,False,False
0001104659-26-082850,ARMP,"7.01,9.01",2026-07-13 11:11:25+00:00,12069,CLINICAL_RESULT,False,,NONE,False,,,175352440.80823517,,ARMP|2026-07-13 11:11:00+00:00,True,False,0.27966500247016746,-0.1903210485447535,False,True
0001628280-26-048469,ARQT,"5.02,7.01,9.01",2026-07-16 20:25:02+00:00,7778,ADMINISTRATIVE,False,,NONE,False,,376072000.0,3032399532.3963776,,ARQT|2026-07-16 20:25:00+00:00,False,False,0.05420151995357969,-0.025827540574176466,False,False
0001428205-26-000099,ARR,"1.01,5.03,8.01,9.01",2026-07-24 20:14:17+00:00,13450,ADMINISTRATIVE,True,,NONE,True,shelf,,1442605531.5,,ARR|2026-07-24 20:14:00+00:00,False,False,0.012880645734933527,-0.018848172779436623,True,False
0001493152-26-033942,ASBP,8.01,2026-07-20 21:20:17+00:00,4258,DILUTION_OFFERING,False,,NONE,True,reverse_split,6202.0,305079967.6429367,,ASBP|2026-07-20 21:20:00+00:00,True,True,0.27694724575331686,-0.23367429253460592,True,False
0001193125-26-306194,ARRY,"1.01,3.02,7.01,9.01",2026-07-16 20:46:07+00:00,47846,DILUTION_OFFERING,True,153000000.0,HIGH,False,,1284141000.0,1322596519.536049,0.11914579473749377,ARRY|2026-07-16 20:46:00+00:00,False,False,0.028409122576258383,-0.10334416125270696,True,False
0001428205-26-000089,ARR,"2.02,7.01,9.01",2026-07-22 20:19:31+00:00,4880,ADMINISTRATIVE,False,,NONE,False,,,1442605531.5,,ARR|2026-07-22 20:19:00+00:00,False,False,0.005198720641559795,-0.028440375641513693,False,False
0001104659-26-084861,ARMP,"7.01,9.01",2026-07-20 11:13:05+00:00,14691,ADMINISTRATIVE,False,,NONE,False,,,175352440.80823517,,ARMP|2026-07-20 11:13:00+00:00,False,False,0.14822547887292825,-0.0897703197835259,False,False
0001428205-26-000091,ARR,"7.01,9.01",2026-07-22 20:24:07+00:00,3723,ADMINISTRATIVE,False,,NONE,False,,,1442605531.5,,ARR|2026-07-22 20:24:00+00:00,False,False,0.005198720641559795,-0.028440375641513693,False,False
0001428205-26-000082,ARR,"8.01,9.01",2026-07-21 20:24:07+00:00,3763,ADMINISTRATIVE,False,,NONE,False,,,1442605531.5,,ARR|2026-07-21 20:24:00+00:00,False,False,-0.004374051145251467,-0.0403204572363588,False,False
0001193125-26-312560,ARTV,8.01,2026-07-22 21:15:36+00:00,4267,ADMINISTRATIVE,False,,NONE,False,,0.0,107229091.91880894,,ARTV|2026-07-22 21:15:00+00:00,False,False,0.16374872773855542,-0.04119460524807661,False,False
0001428205-26-000081,ARR,"7.01,9.01",2026-07-21 20:22:31+00:00,4250,ADMINISTRATIVE,False,,NONE,False,,,1442605531.5,,ARR|2026-07-21 20:22:00+00:00,False,False,-0.004374051145251467,-0.0403204572363588,False,False
0000007789-26-000191,ASB,"2.02,9.01",2026-07-23 20:16:35+00:00,78069,ADMINISTRATIVE,False,,NONE,False,,,4199272068.987198,,ASB|2026-07-23 20:16:00+00:00,False,False,0.03574981343212902,-0.009599437834070135,False,False
0001193125-26-309573,ASPI,"7.01,9.01",2026-07-21 12:05:13+00:00,15653,ADMINISTRATIVE,False,,NONE,False,,23849000.0,697699827.1167641,,ASPI|2026-07-21 12:05:00+00:00,False,False,0.0679612178606539,-0.06560677645803958,False,False
0001193125-26-318936,ASPI,"7.01,9.01",2026-07-28 12:16:27+00:00,15401,ADMINISTRATIVE,False,,NONE,False,,23849000.0,697699827.1167641,,ASPI|2026-07-28 12:16:00+00:00,False,False,0.007500052452087402,-0.10250002145767212,False,False
0001477932-26-004337,ASPI,"1.01,3.02,7.01,9.01",2026-07-16 01:58:49+00:00,16122,ADMINISTRATIVE,True,,NONE,True,convertible,23849000.0,697699827.1167641,,ASPI|2026-07-16 01:58:00+00:00,False,False,0.050458665929975055,-0.17201839803936814,True,False
0000717538-26-000110,AROW,"2.02,7.01,8.01,9.01",2026-07-23 11:29:51+00:00,46707,EARNINGS,False,200000.0,HIGH,False,,,435441056.2354088,,AROW|2026-07-23 11:29:00+00:00,False,False,0.021995732772662535,-0.06777683978669935,False,False
0001640334-26-001198,ARTL,5.07,2026-07-17 20:34:51+00:00,4860,ADMINISTRATIVE,False,,NONE,False,,,8365424.059173584,,ARTL|2026-07-17 20:34:00+00:00,False,True,0.0022414430079382708,-0.39206893380133256,False,False
0001193125-26-306136,ASPI,"8.01,9.01",2026-07-16 20:15:46+00:00,306945,ADMINISTRATIVE,False,,NONE,False,,23849000.0,697699827.1167641,,ASPI|2026-07-16 20:15:00+00:00,False,False,0.12820512507010418,-0.07435902389235316,False,False
0002040491-26-000029,ASIC,"2.02,5.02,9.01",2026-07-10 12:06:20+00:00,9487,EARNINGS,False,,NONE,False,,424339000.0,855106174.4663544,,ASIC|2026-07-10 12:06:00+00:00,False,False,0.08333333333333326,-0.08333333333333337,False,False
0001493152-26-034007,ATHR,"1.01,9.01",2026-07-21 12:00:18+00:00,15571,COMMERCIAL_CONTRACT,True,,NONE,False,,1380850.0,71397511.85406733,,ATHR|2026-07-21 12:00:00+00:00,False,True,0.043295404189382714,-0.29318185734354674,False,False
0001462418-26-000047,ASPS,"2.02,9.01",2026-07-23 11:04:57+00:00,42510,DEBT_SETTLEMENT,False,,NONE,False,,170975000.0,132389845.54554844,,ASPS|2026-07-23 11:04:00+00:00,False,True,-0.0023076717670147406,-0.23069227658785307,False,False
0001323885-26-000032,ATRC,"2.02,9.01",2026-07-23 20:00:24+00:00,3776,ADMINISTRATIVE,False,,NONE,False,,534528000.0,1865791164.6030045,,ATRC|2026-07-23 20:00:00+00:00,True,False,0.2096089921141313,-0.050534599646748,False,False
0001437749-26-024046,ASTC,"5.02,7.01,9.01",2026-07-22 12:41:03+00:00,7171,ADMINISTRATIVE,False,,NONE,False,,1000000.0,6736789.855802536,,ASTC|2026-07-22 12:41:00+00:00,False,False,0.17577022893016103,-0.1891891996385059,False,False
0001437749-26-023359,ATER,"7.01,9.01",2026-07-10 21:28:32+00:00,12532,ADMINISTRATIVE,False,,NONE,True,going_concern,68975000.0,8637115.055225372,,ATER|2026-07-10 21:28:00+00:00,False,True,0.15803818696714766,-0.6984843346463883,True,False
0001437749-26-023879,ATER,"1.01,1.02,2.01,3.02,3.03,5.01,5.02,5.03,5.07,8.01,9.01",2026-07-20 20:42:14+00:00,28582,DEBT_SETTLEMENT,False,2.0,HIGH,False,,68975000.0,8637115.055225372,2.899601304820587e-08,ATER|2026-07-20 20:42:00+00:00,False,True,0.0166666501098216,-0.7049166876110757,True,False
0001493152-26-034814,ATXG,"1.01,3.02,9.01",2026-07-27 20:30:22+00:00,5552,ADMINISTRATIVE,True,,NONE,False,,5371183.0,151364445.0,,ATXG|2026-07-27 20:30:00+00:00,True,False,0.2169810705398838,0.06918239748170008,True,False
0001437749-26-023763,ATLO,"2.02,9.01",2026-07-17 20:11:26+00:00,3291,ADMINISTRATIVE,False,,NONE,False,,,184736785.67674828,,ATLO|2026-07-17 20:11:00+00:00,False,False,0.06544952027522055,-0.008267301599774624,False,False
0001104659-26-083534,ATII,"3.02,8.01,9.01",2026-07-14 20:41:56+00:00,171036,MA_ACTIVITY,False,10.0,HIGH,False,,,307144203.38630676,,ATII|2026-07-14 20:41:00+00:00,False,False,-0.0009259471023357335,-0.016666694629339007,True,True
0001213900-26-075754,AUID,5.07,2026-07-07 12:00:40+00:00,5100,ADMINISTRATIVE,False,,NONE,False,,2040660.0,31996102.738513947,,AUID|2026-07-07 12:00:00+00:00,False,True,0.17431186439714064,-0.4952293865544831,False,False
0001104659-26-082892,ASTH,"7.01,9.01",2026-07-13 12:05:26+00:00,14546,DEBT_SETTLEMENT,False,,NONE,False,,3181769000.0,1863445463.2954025,,ASTH|2026-07-13 12:05:00+00:00,False,False,0.0486781305550128,-0.10197231695155906,False,False
0001193125-26-321238,ASH,"2.02,7.01,9.01",2026-07-28 21:10:01+00:00,81707,EARNINGS,False,1000000.0,HIGH,False,,1824000000.0,2229993732.6650543,0.0005482456140350877,ASH|2026-07-28 21:10:00+00:00,False,False,-0.0013334908250398625,-0.0698759569681382,False,False
0001104659-26-087206,AUB,"1.01,9.01",2026-07-27 22:19:42+00:00,6982,DILUTION_OFFERING,True,,NONE,False,,,4811172504.9599495,,AUB|2026-07-27 22:19:00+00:00,False,False,0.01267012972924686,-0.008094730517408832,True,False
0001193125-26-321247,ASH,"1.01,5.02,7.01",2026-07-28 21:12:36+00:00,24749,ADMINISTRATIVE,True,,NONE,False,,1824000000.0,2229993732.6650543,,ASH|2026-07-28 21:12:00+00:00,False,False,-0.0013334908250398625,-0.0698759569681382,False,False
0000883948-26-000063,AUB,"8.01,9.01",2026-07-23 20:03:42+00:00,6921,ADMINISTRATIVE,False,,NONE,False,,,4811172504.9599495,,AUB|2026-07-23 20:03:00+00:00,False,False,0.017204797006501016,-0.008720219873286972,False,False
0001104659-26-085612,AUB,"7.01,9.01",2026-07-22 11:30:45+00:00,75977,ADMINISTRATIVE,False,,NONE,False,,,4811172504.9599495,,AUB|2026-07-22 11:30:00+00:00,False,False,0.008175623987236147,-0.03270267416418171,False,False
0001104659-26-086873,AUB,"8.01,9.01",2026-07-27 12:50:39+00:00,82594,DEBT_SETTLEMENT,False,,NONE,True,shelf,,4811172504.9599495,,AUB|2026-07-27 12:50:00+00:00,False,False,0.01481309866441638,-0.00881730568453587,True,False
0001437749-26-024293,AVBH,"2.02,7.01,9.01",2026-07-23 20:01:27+00:00,4744,ADMINISTRATIVE,False,,NONE,False,,,296038058.06259155,,AVBH|2026-07-23 20:01:00+00:00,False,False,0.054187957864100245,-0.058368119783508976,False,False
0001628280-26-048676,AVTR,"1.01,2.03,9.01",2026-07-17 20:44:13+00:00,7373,DEBT_SETTLEMENT,True,,NONE,False,,6552200000.0,10498775334.937334,,AVTR|2026-07-17 20:44:00+00:00,False,False,0.05665468713350119,-0.08363312182975113,False,False
0001104659-26-085221,AUB,"2.02,7.01,9.01",2026-07-21 10:59:37+00:00,186871,DILUTION_OFFERING,False,32299999.999999996,HIGH,False,,,4811172504.9599495,,AUB|2026-07-21 10:59:00+00:00,False,False,0.008243106367525899,-0.03320772203991251,True,False
0001606498-26-000096,AVNS,"5.07,7.01,9.01",2026-07-22 20:06:52+00:00,10709,MA_ACTIVITY,False,,NONE,False,,701200000.0,542909018.8494291,,AVNS|2026-07-22 20:06:00+00:00,False,False,0.0,-0.0008000183105468794,False,True
0001410636-26-000115,AWK,"7.01,9.01",2026-07-16 20:54:53+00:00,3889,ADMINISTRATIVE,False,,NONE,False,,5121000000.0,28057124300.14514,,AWK|2026-07-16 20:54:00+00:00,False,False,0.00930463010154603,-0.04754930934110857,False,False
0001606498-26-000093,AVNS,"8.01,9.01",2026-07-14 23:18:06+00:00,22421,MA_ACTIVITY,False,25.0,HIGH,False,,701200000.0,542909018.8494291,3.56531660011409e-08,AVNS|2026-07-14 23:18:00+00:00,False,False,0.0016026008411285098,-0.00040057379406810423,False,True
0001606498-26-000093,AVNS,"8.01,9.01",2026-07-14 23:18:06+00:00,22421,MA_ACTIVITY,False,25.0,HIGH,False,,701200000.0,542909018.8494291,3.56531660011409e-08,AVNS|2026-07-14 23:18:00+00:00,False,False,0.0016026008411285098,-0.00040057379406810423,False,True
0001802974-26-000037,AVO,8.01,2026-07-09 21:54:02+00:00,3070,ADMINISTRATIVE,False,11.27,HIGH,False,,1391200000.0,848841518.1668549,8.100920069005175e-09,AVO|2026-07-09 21:54:00+00:00,False,False,0.03406146125501275,-0.0410959126599576,False,False
0001193125-26-297992,AURA,"5.02,9.01",2026-07-08 11:17:42+00:00,18640,CLINICAL_RESULT,False,,NONE,False,,,336068503.4512596,,AURA|2026-07-08 11:17:00+00:00,False,False,0.04368418350185532,-0.05689901613507009,False,True
0001410636-26-000113,AWK,"8.01,9.01",2026-07-06 20:21:42+00:00,9070,ADMINISTRATIVE,False,179000000.0,HIGH,False,,5121000000.0,28057124300.14514,0.03495411052528803,AWK|2026-07-06 20:21:00+00:00,False,False,0.02776957006648706,-0.037421989606620465,False,False
0001731122-26-000957,AVXL,8.01,2026-07-20 12:59:34+00:00,4210,ADMINISTRATIVE,False,,NONE,False,,,557450963.0004616,,AVXL|2026-07-20 12:59:00+00:00,False,False,0.06776179290775697,-0.026694069300988055,False,False
0001299709-26-000047,AX,"8.01,9.01",2026-07-07 12:32:17+00:00,5392,ADMINISTRATIVE,True,,NONE,False,,65789000.0,4497426940.423828,,AX|2026-07-07 12:32:00+00:00,False,False,0.02667670171908032,-0.04516455842920253,False,False
0001214816-26-000201,AXS,"2.02,9.01",2026-07-28 20:24:52+00:00,4238,ADMINISTRATIVE,False,,NONE,False,,6563678000.0,7230311520.672356,,AXS|2026-07-28 20:24:00+00:00,False,False,0.07229271865472553,0.008243914348323278,False,False
0001437749-26-022984,AXTI,2.04,2026-07-08 13:29:29+00:00,5737,DILUTION_OFFERING,False,,NONE,False,,88326000.0,337634532.11786985,,AXTI|2026-07-08 13:29:00+00:00,False,False,0.08158312274438306,-0.1248788879868099,True,False
0001193125-26-310382,AWI,"8.01,9.01",2026-07-21 20:30:14+00:00,7663,ADMINISTRATIVE,False,,NONE,False,,1620800000.0,8706171660.694885,,AWI|2026-07-21 20:30:00+00:00,True,False,0.21211539317783146,-0.012002845659457306,False,False
0001193125-26-313418,AXTA,"1.01,8.01,9.01",2026-07-23 13:04:24+00:00,42629,MA_ACTIVITY,False,,NONE,False,,5117000000.0,6282816141.069889,,AXTA|2026-07-23 13:04:00+00:00,False,False,0.12507817564903823,-0.01438396157151689,False,True
0001628280-26-047888,AXON,5.02,2026-07-10 20:19:52+00:00,7390,ADMINISTRATIVE,False,,NONE,False,,2779536000.0,59619412105.26123,,AXON|2026-07-10 20:19:00+00:00,False,False,0.015817008663774113,-0.1087697972731766,False,False
0001437749-26-022557,AXTI,"1.01,9.01",2026-07-02 21:02:47+00:00,5775,COMMERCIAL_CONTRACT,True,,NONE,False,,88326000.0,337634532.11786985,,AXTI|2026-07-02 21:02:00+00:00,False,False,0.09759226470007087,-0.08828250509396796,False,False
0001437749-26-024184,AXTI,"5.02,9.01",2026-07-22 21:05:46+00:00,7012,ADMINISTRATIVE,False,,NONE,False,,88326000.0,337634532.11786985,,AXTI|2026-07-22 21:05:00+00:00,False,False,0.09996181661444092,-0.15709626531823406,False,False
0001628280-26-049911,AXTA,"2.02,9.01",2026-07-28 10:02:20+00:00,41597,DILUTION_OFFERING,False,,NONE,False,,5117000000.0,6282816141.069889,,AXTA|2026-07-28 10:02:00+00:00,False,False,0.029765339336113916,-0.002575848772904399,True,False
0001193125-26-318759,AWI,"2.02,7.01,9.01",2026-07-28 10:00:37+00:00,68220,EARNINGS,False,,NONE,False,,1620800000.0,8706171660.694885,,AWI|2026-07-28 10:00:00+00:00,False,False,0.10762632962694663,-0.0008516387571182449,False,False
0001628280-26-047591,AZTA,"1.01,2.01,7.01,9.01",2026-07-08 12:03:36+00:00,11419,DEBT_SETTLEMENT,True,,NONE,False,,593821000.0,1370607849.7135315,,AZTA|2026-07-08 12:03:00+00:00,False,False,0.06494277389334435,-0.0428345474828532,False,False
0001104659-26-083522,AXR,5.02,2026-07-14 20:30:20+00:00,4153,ADMINISTRATIVE,False,,NONE,False,,52847000.0,114130964.20443535,,AXR|2026-07-14 20:30:00+00:00,False,False,0.055441601441638344,-0.13188118509726954,False,False
0001104659-26-086664,AXR,"2.02,9.01",2026-07-24 20:32:46+00:00,6569,ADMINISTRATIVE,False,,NONE,False,,52847000.0,114130964.20443535,,AXR|2026-07-24 20:32:00+00:00,False,False,0.009566342563375851,-0.06802722577930842,False,False
0001628280-26-049494,BAH,"2.02,7.01,9.01",2026-07-24 10:49:09+00:00,4772,ADMINISTRATIVE,False,,NONE,False,,11217000000.0,12083301288.277542,,BAH|2026-07-24 10:49:00+00:00,False,False,0.08223570400031299,-0.005979247683842059,False,False
0000008947-26-000134,AZZ,"5.07,9.01",2026-07-07 16:52:15+00:00,4117,ADMINISTRATIVE,False,,NONE,False,,1650080000.0,3272915640.634613,,AZZ|2026-07-07 16:52:00+00:00,False,False,0.05919632437344813,-0.059823083480530004,False,False
0001443646-26-000029,BAH,"5.07,9.01",2026-07-24 20:15:47+00:00,4738,ADMINISTRATIVE,False,,NONE,False,,11217000000.0,12083301288.277542,,BAH|2026-07-24 20:15:00+00:00,False,False,0.013781698368890982,-0.09213061994931115,False,False
0001193125-26-304039,AXSM,"8.01,9.01",2026-07-15 11:05:15+00:00,12195,FDA_APPROVAL,False,,NONE,False,,638496000.0,6464737793.137253,,AXSM|2026-07-15 11:05:00+00:00,False,False,0.048210840821703016,-0.052024851391103244,False,True
0001628280-26-050218,BARK,"5.02,9.01",2026-07-28 20:47:29+00:00,6415,ADMINISTRATIVE,False,,NONE,False,,394843000.0,2568482658.719556,,BARK|2026-07-28 20:47:00+00:00,False,False,0.027210919895679808,-0.028344672182551878,False,False
0001941536-26-000017,BAER,"7.01,9.01",2026-07-27 13:20:04+00:00,3982,ADMINISTRATIVE,True,,NONE,False,,122830000.0,95507563.02865887,,BAER|2026-07-27 13:20:00+00:00,False,False,-0.009162555316340915,-0.10837439985755959,False,False
0000008947-26-000163,AZZ,"2.02,9.01",2026-07-08 20:16:42+00:00,3644,ADMINISTRATIVE,False,,NONE,False,,1650080000.0,3272915640.634613,,AZZ|2026-07-08 20:16:00+00:00,False,False,0.013933308919270804,-0.09999999999999998,False,False
0000008947-26-000163,AZZ,"2.02,9.01",2026-07-08 20:16:42+00:00,3644,ADMINISTRATIVE,False,,NONE,False,,1650080000.0,3272915640.634613,,AZZ|2026-07-08 20:16:00+00:00,False,False,0.013933308919270804,-0.09999999999999998,False,False
0000946673-26-000163,BANR,"2.02,7.01,8.01,9.01",2026-07-22 20:41:25+00:00,83548,MA_ACTIVITY,True,,NONE,False,,,2112421445.4861145,,BANR|2026-07-22 20:41:00+00:00,False,False,0.06677623330856308,0.00014930544474789365,False,True
0001140361-26-029774,BBBY,"1.01,3.02,9.01",2026-07-27 21:25:25+00:00,15253,MA_ACTIVITY,True,,NONE,True,shelf,1044616000.0,482784249.4005432,,BBBY|2026-07-27 21:25:00+00:00,False,False,0.018867905855434186,-0.06698113326374511,True,False
0000701985-26-000021,BBWI,"7.01,9.01",2026-07-20 10:45:42+00:00,3141,ADMINISTRATIVE,False,,NONE,False,,7291000000.0,3261887389.3965454,,BBWI|2026-07-20 10:45:00+00:00,False,False,-0.00047654174843836383,-0.08863476560653771,False,False
0001193125-26-314223,BANF,"2.02,9.01",2026-07-23 20:38:54+00:00,33964,ADMINISTRATIVE,False,8700000000.0,HIGH,False,,,3645703877.848053,,BANF|2026-07-23 20:38:00+00:00,False,False,0.02166639356480804,-0.0353526919016276,False,False
0001140361-26-029776,BBBY,9.01,2026-07-27 21:27:25+00:00,283548,ADMINISTRATIVE,False,,NONE,True,going_concern,1044616000.0,482784249.4005432,,BBBY|2026-07-27 21:27:00+00:00,False,False,0.018867905855434186,-0.06698113326374511,True,False
0001140361-26-028107,BBBY,"1.01,2.01,2.03,3.02,9.01",2026-07-09 20:06:14+00:00,15758,MA_ACTIVITY,True,9.1,HIGH,True,"convertible,shelf",1044616000.0,482784249.4005432,8.711335074323962e-09,BBBY|2026-07-09 20:06:00+00:00,False,False,0.004512652624472091,-0.11191333751412225,True,False
0001628280-26-048158,BAX,"7.01,9.01",2026-07-14 20:15:49+00:00,30272,COMMERCIAL_CONTRACT,False,,NONE,False,,11244000000.0,11515384226.806177,,BAX|2026-07-14 20:15:00+00:00,False,False,0.08116729386806121,-0.005243947538433158,False,False
0001493152-26-033586,BBLG,8.01,2026-07-16 21:25:14+00:00,4327,ADMINISTRATIVE,False,,NONE,False,,,3177610.165758133,,BBLG|2026-07-16 21:25:00+00:00,False,True,-0.03673475544336369,-0.28155102473763005,False,False
0001140361-26-029291,BBIO,"8.01,9.01",2026-07-22 20:34:14+00:00,15353,FDA_APPROVAL,False,,NONE,False,,502076000.0,12150670376.769989,,BBIO|2026-07-22 20:34:00+00:00,False,False,0.04380448660839997,-0.010527622858271801,False,True
0001493152-26-034334,BBLG,"7.01,9.01",2026-07-23 12:05:26+00:00,11478,DILUTION_OFFERING,False,3000000.0,HIGH,False,,,3177610.165758133,,BBLG|2026-07-23 12:05:00+00:00,False,True,-0.013826101009246639,-0.23469562602448724,True,False
0001628280-26-049937,BCAX,"5.02,7.01,9.01",2026-07-28 12:35:19+00:00,8295,ADMINISTRATIVE,False,,NONE,False,,,804256263.8515568,,BCAX|2026-07-28 12:35:00+00:00,False,False,0.010458020927322176,-0.06851783807772271,False,False
0001477932-26-004563,BCHT,"3.03,5.03,5.07,9.01",2026-07-28 20:30:25+00:00,7411,ADMINISTRATIVE,False,,NONE,False,,17626366.0,353561307.087872,,BCHT|2026-07-28 20:30:00+00:00,False,False,0.028571486959652947,-0.028571401810159047,False,False
0001140361-26-027445,BBIO,"1.01,3.02,3.03,5.03,7.01,9.01",2026-07-02 20:23:41+00:00,29562,ADMINISTRATIVE,True,1000.0,HIGH,True,"convertible,ratchet,shelf",502076000.0,12150670376.769989,1.991730335646396e-06,BBIO|2026-07-02 20:23:00+00:00,True,False,0.20132456724821512,-0.022505143414658257,True,False
0001493152-26-032694,BBLG,"1.01,3.02,8.01,9.01",2026-07-09 20:30:35+00:00,21644,DILUTION_OFFERING,True,1.419,HIGH,True,reverse_split,,3177610.165758133,,BBLG|2026-07-09 20:30:00+00:00,False,True,0.045454500299513256,-0.33325759329277993,True,False
0001104659-26-082659,BBT,8.01,2026-07-10 16:16:44+00:00,3773,ADMINISTRATIVE,False,,NONE,False,,29947000.0,1215415860.792698,,BBT|2026-07-10 16:16:00+00:00,False,False,0.041846569357048,-0.009963505092259628,False,False
0000078890-26-000048,BCO,7.01,2026-07-24 21:13:19+00:00,5651,ADMINISTRATIVE,False,,NONE,False,,5261200000.0,4655343748.639755,,BCO|2026-07-24 21:13:00+00:00,False,False,0.02561342824037105,-0.04791113070738984,False,False
0001193125-26-298482,BCBP,"8.01,9.01",2026-07-08 19:22:14+00:00,5407,ADMINISTRATIVE,False,,NONE,False,,,137382445.07453728,,BCBP|2026-07-08 19:22:00+00:00,False,False,0.09984632806102334,-0.002560222357973041,False,False
0001193125-26-314080,BCSF,"2.02,9.01",2026-07-23 20:05:14+00:00,7941,ADMINISTRATIVE,False,,NONE,False,,,913997273.5281487,,BCSF|2026-07-23 20:05:00+00:00,False,False,0.03287889644206077,-0.013079409713084744,False,False
0001730984-26-000068,BCML,5.02,2026-07-24 20:02:49+00:00,3786,ADMINISTRATIVE,False,,NONE,False,,,308049025.13414,,BCML|2026-07-24 20:02:00+00:00,False,False,-0.004406713723003941,-0.04847343069996757,False,False
0001493152-26-034705,BCAL,"2.02,7.01,8.01,9.01",2026-07-27 12:10:37+00:00,82628,EARNINGS,False,3300000.0,HIGH,False,,,601900690.8926868,,BCAL|2026-07-27 12:10:00+00:00,False,False,0.013863269541157575,-0.020794772101799586,False,False
0001193125-26-311508,BCBP,"8.01,9.01",2026-07-22 13:30:40+00:00,5171,EARNINGS,False,,NONE,False,,,137382445.07453728,,BCBP|2026-07-22 13:30:00+00:00,False,False,0.038684682072288146,-0.03770794988063397,False,False
0001628280-26-047734,BE,7.01,2026-07-09 12:17:17+00:00,4231,ADMINISTRATIVE,False,,NONE,False,,2001614000.0,25828695285.90538,,BE|2026-07-09 12:17:00+00:00,False,False,-0.0017283862459098742,-0.17306539514506514,False,False
0000927089-26-000133,BCML,"5.02,9.01",2026-07-22 20:17:30+00:00,7336,ADMINISTRATIVE,False,,NONE,False,,,308049025.13414,,BCML|2026-07-22 20:17:00+00:00,False,False,0.014015816232478384,-0.07891530093451948,False,False
0001140361-26-029658,BCPC,"1.01,2.03,9.01",2026-07-25 01:52:36+00:00,7704,DEBT_SETTLEMENT,True,,NONE,False,,1037161000.0,5096114543.523544,,BCPC|2026-07-25 01:52:00+00:00,False,False,0.03611147213653432,-0.014542373393356622,False,False
0000038777-26-000194,BEN,"5.02,9.01",2026-07-23 12:48:00+00:00,10017,ADMINISTRATIVE,False,,NONE,False,,8770700000.0,11759777310.692644,,BEN|2026-07-23 12:48:00+00:00,False,False,0.05056965630095478,-0.0026533193344004946,False,False
0000790816-26-000022,BDN,"2.01,9.01",2026-07-10 19:17:59+00:00,17189,DEBT_SETTLEMENT,False,146100000.0,HIGH,False,,484454000.0,639212475.1156619,0.3015766202776734,BDN|2026-07-10 19:17:00+00:00,False,False,0.07312598123290726,-0.00491001786461398,False,False
0001104659-26-085712,BFC,"2.02,9.01",2026-07-22 16:54:07+00:00,71253,EARNINGS,False,11700000.0,HIGH,False,,,1220795360.93779,,BFC|2026-07-22 16:54:00+00:00,False,False,0.06858886901419137,-0.006981046696828086,False,False
0001104659-26-085400,BFC,"2.02,9.01",2026-07-21 20:05:55+00:00,70927,EARNINGS,False,11700000.0,HIGH,False,,,1220795360.93779,,BFC|2026-07-21 20:05:00+00:00,False,False,0.04656100829447607,-0.02987826665741644,False,False
0001730984-26-000066,BCML,"2.02,9.01",2026-07-23 20:05:54+00:00,61537,EARNINGS,False,,NONE,False,,,308049025.13414,,BCML|2026-07-23 20:05:00+00:00,False,False,-0.008435513007767237,-0.07269935714156994,False,False
0001628280-26-050150,BE,"2.02,7.01,9.01",2026-07-28 16:07:21+00:00,63463,ADMINISTRATIVE,False,,NONE,False,,2001614000.0,25828695285.90538,,BE|2026-07-28 16:07:00+00:00,True,False,0.3037225710857374,-0.04922711575776151,False,False
0000790816-26-000025,BDN,"2.02,9.01",2026-07-23 19:44:59+00:00,43080,DEBT_SETTLEMENT,False,37800000.0,HIGH,False,,484454000.0,639212475.1156619,0.07802598389114343,BDN|2026-07-23 19:44:00+00:00,False,False,0.05537461888944617,-0.05863186718329727,False,False
0001104659-26-087138,BHB,"7.01,9.01",2026-07-27 21:05:31+00:00,38025,EARNINGS,False,,NONE,False,,,489309397.0671959,,BHB|2026-07-27 21:05:00+00:00,False,False,0.01945529167040938,-0.010543446180447447,False,False
0001101215-26-000068,BFH,"2.02,7.01,8.01,9.01",2026-07-23 10:51:32+00:00,6074,ADMINISTRATIVE,False,,NONE,False,,,2841923274.13414,,BFH|2026-07-23 10:51:00+00:00,False,False,0.09504869143521977,-0.011433699591799296,False,False
0001104659-26-085415,BHB,"2.02,7.01,9.01",2026-07-21 20:17:28+00:00,82939,EARNINGS,False,,NONE,False,,,489309397.0671959,,BHB|2026-07-21 20:17:00+00:00,False,False,0.04476464436019034,-0.04424999879778635,False,False
0001101215-26-000065,BFH,"5.02,7.01,9.01",2026-07-14 11:31:56+00:00,5536,ADMINISTRATIVE,False,,NONE,False,,,2841923274.13414,,BFH|2026-07-14 11:31:00+00:00,False,False,0.04533775896273484,-0.024982012840945145,False,False
0001624322-26-000032,BFST,"2.02,7.01,9.01",2026-07-23 20:01:59+00:00,4938,ADMINISTRATIVE,False,,NONE,False,,10704000.0,732377471.0244179,,BFST|2026-07-23 20:01:00+00:00,False,False,0.06371095494585832,-0.000656829466750386,False,False
0001574085-26-000119,BHR,"7.01,9.01",2026-07-24 21:01:58+00:00,4337,ADMINISTRATIVE,False,,NONE,True,convertible,704015000.0,170548580.0,,BHR|2026-07-24 21:01:00+00:00,False,False,0.06828192629609897,-0.015418540143072201,True,False
0001101215-26-000069,BFH,"7.01,9.01",2026-07-23 10:56:48+00:00,11505,ADMINISTRATIVE,False,,NONE,False,,,2841923274.13414,,BFH|2026-07-23 10:56:00+00:00,False,False,0.09504869143521977,-0.011433699591799296,False,False
0001213900-26-080474,BJDX,"7.01,9.01",2026-07-22 21:25:23+00:00,12366,ADMINISTRATIVE,False,,NONE,False,,,13148801.8849926,,BJDX|2026-07-22 21:25:00+00:00,False,True,0.01739128812274293,-0.27826086911452064,False,False
0001964333-26-000089,BHRB,"2.02,7.01,8.01,9.01",2026-07-23 20:05:56+00:00,4579,ADMINISTRATIVE,False,,NONE,False,,,890080577.25,,BHRB|2026-07-23 20:05:00+00:00,False,False,0.054034852406223965,-0.028506624242430112,False,False
0001964333-26-000084,BHRB,9.01,2026-07-17 13:00:14+00:00,6216,MA_ACTIVITY,False,,NONE,False,,,890080577.25,,BHRB|2026-07-17 13:00:00+00:00,False,False,0.024396920311687387,-0.055823609667783214,False,True
0001213900-26-075248,BGDE,"1.01,3.02,5.03,7.01,9.01",2026-07-06 12:41:41+00:00,42992,MA_ACTIVITY,False,900.0,HIGH,True,"convertible,going_concern",39754085.0,475291109.69568634,2.2639182866364552e-05,BGDE|2026-07-06 12:41:00+00:00,False,True,0.020765086555067702,-0.4754097933497108,True,False
0001213900-26-079426,BGDE,"1.01,2.01,7.01,9.01",2026-07-20 12:35:36+00:00,15852,ADMINISTRATIVE,True,10000000.0,HIGH,True,going_concern,39754085.0,475291109.69568634,0.25154647629293947,BGDE|2026-07-20 12:35:00+00:00,False,False,0.13286202541907643,-0.18228274543182688,True,False
0001574085-26-000116,BHR,"1.01,2.01,9.01",2026-07-17 00:00:11+00:00,24247,ADMINISTRATIVE,False,190000000.0,HIGH,True,convertible,704015000.0,170548580.0,0.26988061333920443,BHR|2026-07-17 00:00:00+00:00,True,False,0.20049503723460882,-0.017326716312811796,True,False
0001628280-26-048523,BKKT,9.01,2026-07-16 21:26:38+00:00,5504,ADMINISTRATIVE,False,,NONE,False,,2335243000.0,8160198971.5,,BKKT|2026-07-16 21:26:00+00:00,False,False,0.10273075151333799,-0.07755529993336063,False,False
0001964333-26-000080,BHRB,"5.02,9.01",2026-07-07 12:31:10+00:00,6398,ADMINISTRATIVE,False,,NONE,False,,,890080577.25,,BHRB|2026-07-07 12:31:00+00:00,False,False,0.06582527057105358,-0.021224771055262437,False,False
0001935979-26-000053,BHVN,"5.02,9.01",2026-07-09 21:11:27+00:00,4464,ADMINISTRATIVE,False,,NONE,False,,,902373292.1615038,,BHVN|2026-07-09 21:11:00+00:00,False,False,-0.0003654396328226506,-0.14676612060971506,False,False
0001332349-26-000057,BKD,"2.02,7.01,9.01",2026-07-09 20:18:59+00:00,3906,ADMINISTRATIVE,False,,NONE,False,,3194066000.0,2177787462.9590836,,BKD|2026-07-09 20:18:00+00:00,False,False,0.058599186030377615,-0.041608902794397995,False,False
0001628280-26-049232,BLFS,"1.01,7.01,9.01",2026-07-22 21:17:19+00:00,48371,MA_ACTIVITY,True,,NONE,False,,96214000.0,1319311041.95858,,BLFS|2026-07-22 21:17:00+00:00,False,False,0.034999966621398926,-0.0740625262260437,False,True
0001504008-26-000076,BKU,"2.02,9.01",2026-07-22 10:48:16+00:00,40220,ADMINISTRATIVE,False,50100000.0,HIGH,True,warrant_reprice,21732000.0,3014528079.5587006,2.3053561568194367,BKU|2026-07-22 10:48:00+00:00,False,False,-0.012868835879577878,-0.07323707748377173,True,False
0001437749-26-023211,BKYI,"4.01,9.01",2026-07-09 20:49:10+00:00,6491,ADMINISTRATIVE,False,,NONE,True,going_concern,5937555.0,54910208.0,,BKYI|2026-07-09 20:49:00+00:00,False,False,0.1323528586786964,-0.19747904421001505,True,False
0001493152-26-031971,BLNE,"1.01,3.02,9.01",2026-07-02 21:25:16+00:00,6933,ADMINISTRATIVE,True,1575098.23,HIGH,False,,7770000.0,14770111.296791792,0.2027153449163449,BLNE|2026-07-02 21:25:00+00:00,False,True,0.05504581737815473,-0.3027523236788029,True,False
0001493152-26-033230,BLNE,"7.01,9.01",2026-07-14 21:45:27+00:00,5759,ADMINISTRATIVE,False,,NONE,False,,7770000.0,14770111.296791792,,BLNE|2026-07-14 21:45:00+00:00,False,True,0.03297958043797222,-0.2797573878523789,False,False
0001193125-26-311374,BMI,"2.02,9.01",2026-07-22 12:32:50+00:00,25873,DEBT_SETTLEMENT,False,,NONE,False,,916663000.0,5116374301.069336,,BMI|2026-07-22 12:32:00+00:00,False,False,-0.03403877410919587,-0.17409765855278625,False,False
0001482541-26-000040,BNC,"1.01,5.02,5.07,9.01",2026-07-24 20:05:14+00:00,10359,ADMINISTRATIVE,True,,NONE,False,,26407000.0,277024209.8642988,,BNC|2026-07-24 20:05:00+00:00,False,False,0.012173942897630852,-0.13565221040145214,False,False
0001403475-26-000035,BMRC,"2.02,7.01,8.01,9.01",2026-07-27 12:33:53+00:00,54483,DILUTION_OFFERING,False,77600000.0,HIGH,False,,,417806546.44947433,,BMRC|2026-07-27 12:33:00+00:00,False,False,0.029686501353785033,-0.04202802695532826,True,False
0001403475-26-000033,BMRC,"8.01,9.01",2026-07-02 19:07:01+00:00,6251,ADMINISTRATIVE,False,,NONE,False,,,417806546.44947433,,BMRC|2026-07-02 19:07:00+00:00,False,False,0.08968453629046991,-0.037398030204398025,False,False
0001493152-26-032951,BMNR,"5.03,7.01,9.01",2026-07-13 12:45:24+00:00,17170,DILUTION_OFFERING,False,11300000000.0,HIGH,False,,6095000.0,327984436.4029541,1853.9786710418375,BMNR|2026-07-13 12:45:00+00:00,False,False,0.14691943189164292,-0.030467213878989097,True,False
0001437749-26-023553,BLIN,"1.01,9.01",2026-07-14 21:01:48+00:00,7197,DILUTION_OFFERING,True,,NONE,True,atm,15383000.0,13928877.911225796,,BLIN|2026-07-14 21:01:00+00:00,False,False,0.04098356651125812,-0.08196723073504641,True,False
0001437749-26-023553,BLIN,"1.01,9.01",2026-07-14 21:01:48+00:00,7197,DILUTION_OFFERING,True,,NONE,True,atm,15383000.0,13928877.911225796,,BLIN|2026-07-14 21:01:00+00:00,False,False,0.04098356651125812,-0.08196723073504641,True,False
0001193125-26-304013,BLK,"2.02,7.01,9.01",2026-07-15 10:33:30+00:00,144689,EARNINGS,False,,NONE,False,,24216000000.0,173754364315.78296,,BLK|2026-07-15 10:33:00+00:00,False,False,0.013522653265058304,-0.051054444070287586,False,False
0001634117-26-000068,BNED,"2.02,9.01",2026-07-09 20:12:53+00:00,3834,ADMINISTRATIVE,False,,NONE,False,,1564365000.0,407965071.47138596,,BNED|2026-07-09 20:12:00+00:00,False,False,0.09607348311410902,-0.03675860687067756,False,False
0001493152-26-033855,BMNR,"7.01,9.01",2026-07-20 12:45:42+00:00,14568,ADMINISTRATIVE,False,11500000000.0,HIGH,False,,6095000.0,327984436.4029541,1886.7924528301887,BMNR|2026-07-20 12:45:00+00:00,False,False,0.13503423257642333,-0.01306783087336394,False,False
0001493152-26-033460,BMNR,"7.01,9.01",2026-07-16 12:45:25+00:00,26841,ADMINISTRATIVE,False,,NONE,False,,6095000.0,327984436.4029541,,BMNR|2026-07-16 12:45:00+00:00,False,False,0.06222219315786215,-0.06857142372736857,False,False
0001493152-26-034481,BNAI,"3.02,7.01,9.01",2026-07-24 12:54:33+00:00,9968,DILUTION_OFFERING,False,789017.3,HIGH,False,,275120.0,112426396.61119938,2.867902369874964,BNAI|2026-07-24 12:54:00+00:00,True,False,0.21335809347937107,-0.05009276208063429,True,False
0001493152-26-033689,BNAI,"5.02,9.01",2026-07-17 16:10:15+00:00,5124,ADMINISTRATIVE,False,,NONE,False,,275120.0,112426396.61119938,,BNAI|2026-07-17 16:10:00+00:00,False,False,0.11319148286860048,-0.12851065777717752,False,False
0001493152-26-034720,BMNR,"7.01,9.01",2026-07-27 12:45:40+00:00,15782,ADMINISTRATIVE,False,11800000000.0,HIGH,False,,6095000.0,327984436.4029541,1936.0131255127153,BMNR|2026-07-27 12:45:00+00:00,False,False,0.079552176552379,-0.03771357781639928,False,False
0001493152-26-032913,BNAI,"5.02,9.01",2026-07-13 10:15:11+00:00,6798,ADMINISTRATIVE,False,,NONE,False,,275120.0,112426396.61119938,,BNAI|2026-07-13 10:15:00+00:00,False,True,0.0616076315018621,-0.25389518889539453,False,False
0001493152-26-032090,BMNR,"7.01,9.01",2026-07-06 12:45:42+00:00,16216,DILUTION_OFFERING,False,11100000000.0,HIGH,False,,6095000.0,327984436.4029541,1821.1648892534865,BMNR|2026-07-06 12:45:00+00:00,False,False,0.10609173354952572,-0.027378482404512572,True,False
0001424182-26-000054,BNL,"7.01,9.01",2026-07-08 10:38:29+00:00,3723,ADMINISTRATIVE,False,,NONE,False,,454138000.0,3540510325.1748505,,BNL|2026-07-08 10:38:00+00:00,False,False,0.03723653686601103,-0.002576126660096767,False,False
0001493152-26-034718,BNAI,"2.02,9.01",2026-07-27 12:45:40+00:00,10063,ADMINISTRATIVE,False,,NONE,False,,275120.0,112426396.61119938,,BNAI|2026-07-27 12:45:00+00:00,False,False,0.1028668045822363,-0.07504210922530363,False,False
0001424182-26-000050,BNL,"7.01,9.01",2026-07-02 20:25:20+00:00,3758,ADMINISTRATIVE,False,,NONE,False,,454138000.0,3540510325.1748505,,BNL|2026-07-02 20:25:00+00:00,False,False,0.042117668600643476,-0.007529411764705896,False,False
0001213900-26-076374,BRLS,"3.01,9.01",2026-07-08 20:15:14+00:00,7771,ADMINISTRATIVE,False,,NONE,False,,31475628.0,69918655.63217354,,BRLS|2026-07-08 20:15:00+00:00,False,True,0.180839964049901,-0.3143509666442158,True,False
0001193125-26-312374,BPRN,"8.01,9.01",2026-07-22 20:00:13+00:00,9542,ADMINISTRATIVE,False,,NONE,False,,,216810773.19755936,,BPRN|2026-07-22 20:00:00+00:00,False,False,0.1692840208148243,-0.015171671531920339,False,False
0001193125-26-321256,BRBS,"2.02,9.01",2026-07-28 21:15:15+00:00,57570,EARNINGS,False,1900000.0,HIGH,False,,,403511710.9629793,,BRBS|2026-07-28 21:15:00+00:00,False,False,0.0056497121870149325,-0.02118645437624711,False,False
0001193125-26-313376,BPOP,"8.01,9.01",2026-07-23 12:10:48+00:00,11621,ADMINISTRATIVE,False,,NONE,False,,,7628751245.098175,,BPOP|2026-07-23 12:10:00+00:00,False,False,-0.0006852165402768673,-0.036546334370336164,False,False
0000046195-26-000054,BOH,"2.02,9.01",2026-07-27 13:00:32+00:00,65361,EARNINGS,False,,NONE,False,,121925000.0,2458427332.4239197,,BOH|2026-07-27 13:00:00+00:00,False,False,0.0006534300545188998,-0.06059892920147003,False,False
0001193125-26-313373,BPOP,"5.02,7.01,9.01",2026-07-23 12:08:30+00:00,24652,ADMINISTRATIVE,False,,NONE,False,,,7628751245.098175,,BPOP|2026-07-23 12:08:00+00:00,False,False,-0.0006852165402768673,-0.036546334370336164,False,False
0001193125-26-314061,BPRN,"2.02,9.01",2026-07-23 20:00:15+00:00,75473,EARNINGS,False,,NONE,False,,,216810773.19755936,,BPRN|2026-07-23 20:00:00+00:00,False,False,0.12641026423527646,0.012564145601712706,False,False
0000875357-26-000045,BOKF,"2.02,7.01,9.01",2026-07-20 20:14:50+00:00,91705,DEBT_SETTLEMENT,False,,NONE,False,,,7637789488.871613,,BOKF|2026-07-20 20:14:00+00:00,False,False,0.022602712494957045,-0.02278064298735516,False,False
0000763901-26-000013,BPOP,"2.02,7.01,9.01",2026-07-23 12:00:55+00:00,5098,ADMINISTRATIVE,False,,NONE,False,,,7628751245.098175,,BPOP|2026-07-23 12:00:00+00:00,False,False,-0.0006852165402768673,-0.036546334370336164,False,False
0001493152-26-034105,BRR,"8.01,9.01",2026-07-21 21:01:34+00:00,4745,ADMINISTRATIVE,False,,NONE,False,,,,,BRR|2026-07-21 21:01:00+00:00,False,False,0.01997402762429945,-0.1826559277761317,False,False
0001717547-26-000059,BRSP,"2.02,9.01",2026-07-28 20:18:43+00:00,5820,ADMINISTRATIVE,False,,NONE,False,,330587000.0,692867663.6322498,,BRSP|2026-07-28 20:18:00+00:00,False,False,0.003853560829674585,-0.05491326479189729,False,False
0001493152-26-033515,BRR,"5.02,9.01",2026-07-16 20:05:45+00:00,6451,ADMINISTRATIVE,False,,NONE,False,,,,,BRR|2026-07-16 20:05:00+00:00,False,False,0.06582278160116006,-0.16916455897603389,False,False
0001628280-26-047674,BRBR,"5.02,7.01,9.01",2026-07-08 21:01:14+00:00,12880,ADMINISTRATIVE,False,,NONE,False,,2316600000.0,4017475494.95842,,BRBR|2026-07-08 21:01:00+00:00,False,False,-0.028571436766266833,-0.10225568352239389,False,False
0001104659-26-086879,BSRR,7.01,2026-07-27 13:00:20+00:00,4328,ADMINISTRATIVE,False,,NONE,False,,,390992160.4311333,,BSRR|2026-07-27 13:00:00+00:00,False,False,0.02656177656437997,-0.015248375165063499,False,False
0001437749-26-023743,BSET,"8.01,9.01",2026-07-17 13:32:01+00:00,3375,ADMINISTRATIVE,False,,NONE,False,,335280000.0,145572501.58800125,,BSET|2026-07-17 13:32:00+00:00,False,False,-0.003626469884079664,-0.13191296091846016,False,False
0001140361-26-028609,BSVN,"2.02,9.01",2026-07-16 12:00:35+00:00,54051,EARNINGS,False,,NONE,False,,,387584632.92684555,,BSVN|2026-07-16 12:00:00+00:00,False,False,0.03882352043600634,-0.06862745098039214,False,False
0000014846-26-000031,BRT,"8.01,9.01",2026-07-08 20:13:29+00:00,3971,DEBT_SETTLEMENT,False,,NONE,False,,97028000.0,278060174.01108456,,BRT|2026-07-08 20:13:00+00:00,False,False,0.01072833560425468,-0.05249345162399355,False,False
0001193125-26-318245,BRO,"2.02,9.01",2026-07-27 21:03:54+00:00,44034,EARNINGS,False,13000000.0,HIGH,False,,5902000000.0,29280145313.979584,0.0022026431718061676,BRO|2026-07-27 21:03:00+00:00,False,False,0.08042853219168533,-0.0029828752790178603,False,False
0001104659-26-086869,BSRR,"8.01,9.01",2026-07-27 12:41:46+00:00,5021,ADMINISTRATIVE,False,,NONE,False,,,390992160.4311333,,BSRR|2026-07-27 12:41:00+00:00,False,False,0.02656177656437997,-0.015248375165063499,False,False
0001104659-26-086884,BSRR,"2.02,9.01",2026-07-27 13:15:18+00:00,97150,EARNINGS,False,,NONE,False,,,390992160.4311333,,BSRR|2026-07-27 13:15:00+00:00,False,False,0.02656177656437997,-0.015248375165063499,False,False
0001104659-26-086510,BSRR,"8.01,9.01",2026-07-24 13:00:09+00:00,7108,ADMINISTRATIVE,False,,NONE,False,,,390992160.4311333,,BSRR|2026-07-24 13:00:00+00:00,False,False,0.009000408394863602,-0.051634302277253075,False,False
0001213900-26-081414,BXSL,5.02,2026-07-24 20:31:18+00:00,3467,ADMINISTRATIVE,False,,NONE,False,,,6087360325.677681,,BXSL|2026-07-24 20:31:00+00:00,False,False,0.0030043607066523315,-0.02532189578999844,False,False
0000314489-26-000046,BUSE,"5.02,8.01,9.01",2026-07-14 21:06:25+00:00,8687,ADMINISTRATIVE,False,,NONE,False,,719584000.0,2021796224.9518967,,BUSE|2026-07-14 21:06:00+00:00,False,False,0.036205969524440995,-0.021077709329803795,False,False
0001437749-26-024305,BYD,"2.02,9.01",2026-07-23 20:06:17+00:00,3865,ADMINISTRATIVE,False,,NONE,False,,4091989000.0,6316109401.136955,,BYD|2026-07-23 20:06:00+00:00,False,False,0.03875004161487916,-0.03181821649724792,False,False
0001193125-26-315814,BVFL,"2.02,9.01",2026-07-24 18:39:19+00:00,44581,ADMINISTRATIVE,False,,NONE,False,,,167381013.1166458,,BVFL|2026-07-24 18:39:00+00:00,False,False,0.05441677811484502,-0.0080526603231732,False,False
0001104659-26-085419,BWB,"2.02,7.01,8.01,9.01",2026-07-21 20:19:10+00:00,171234,DEBT_SETTLEMENT,False,,NONE,False,,,470226173.51400757,,BWB|2026-07-21 20:19:00+00:00,False,False,0.014513552319961098,-0.05471211473304405,False,False
0001581068-26-000027,BRX,"2.02,9.01",2026-07-27 20:03:37+00:00,244280,EARNINGS,False,347800000.0,HIGH,False,,1371597000.0,8074918006.910648,0.25357302472956705,BRX|2026-07-27 20:03:00+00:00,False,False,0.01815330211291233,-0.025978087758571133,False,False
0001193125-26-314126,BY,"2.02,9.01",2026-07-23 20:15:18+00:00,101477,EARNINGS,False,,NONE,False,,,1226428110.7423515,,BY|2026-07-23 20:15:00+00:00,False,False,0.029174236772370632,-0.01015887980851593,False,False
0001505732-26-000098,BWFG,"2.02,7.01,8.01,9.01",2026-07-23 12:04:10+00:00,43206,EARNINGS,False,,NONE,False,,2826000.0,338966362.6739807,,BWFG|2026-07-23 12:04:00+00:00,False,False,0.13694327464885703,-0.07219739450931206,False,False
0001437749-26-023101,BYRN,"2.02,9.01",2026-07-09 12:10:32+00:00,3921,ADMINISTRATIVE,False,,NONE,False,,118120000.0,381561417.6558304,,BYRN|2026-07-09 12:10:00+00:00,False,True,0.009842557379092787,-0.3100393371888309,False,False
0000314489-26-000049,BUSE,"2.02,7.01,9.01",2026-07-28 21:01:25+00:00,116171,ADMINISTRATIVE,False,,NONE,False,,719584000.0,2021796224.9518967,,BUSE|2026-07-28 21:01:00+00:00,False,False,0.042422212796008774,-0.0011645266031183876,False,False
0001437749-26-023029,BYRN,"1.01,7.01,9.01",2026-07-08 20:06:35+00:00,11796,DILUTION_OFFERING,False,,NONE,True,ratchet,118120000.0,381561417.6558304,,BYRN|2026-07-08 20:06:00+00:00,False,True,0.009842557379092787,-0.3100393371888309,True,False
0000950157-26-000791,CABO,"2.02,7.01",2026-07-09 01:43:49+00:00,19533,DEBT_SETTLEMENT,False,,NONE,False,,1501423000.0,892926711.1853027,,CABO|2026-07-09 01:43:00+00:00,False,False,0.10158568910104337,-0.17306740596431125,False,False
0001437749-26-023765,BYD,5.02,2026-07-17 20:15:41+00:00,3920,ADMINISTRATIVE,False,,NONE,False,,4091989000.0,6316109401.136955,,BYD|2026-07-17 20:15:00+00:00,False,False,0.013995133683639693,-0.0364327028978384,False,False
0001871638-26-000037,BZAI,"1.01,3.02,9.01",2026-07-09 20:16:48+00:00,5861,ADMINISTRATIVE,True,,NONE,False,,38632000.0,356092062.2359872,,BZAI|2026-07-09 20:16:00+00:00,False,False,0.04166662527455389,-0.15416671219799072,True,False
0000750686-26-000053,CAC,"7.01,9.01",2026-07-06 20:05:21+00:00,3949,ADMINISTRATIVE,False,,NONE,False,,41739000.0,638063630.1790237,,CAC|2026-07-06 20:05:00+00:00,False,False,0.10503121901641443,-0.02836826001513859,False,False
0001037540-26-000031,BXP,"2.02,9.01",2026-07-28 20:14:38+00:00,5329,ADMINISTRATIVE,False,,NONE,False,,3482279000.0,11143301332.064743,,BXP|2026-07-28 20:14:00+00:00,False,False,0.06418637304728336,-0.0012779940390613698,False,False
0001104659-26-082840,BW,"7.01,8.01,9.01",2026-07-13 10:47:08+00:00,13236,DEBT_SETTLEMENT,False,,NONE,False,,587676000.0,396302372.35313034,,BW|2026-07-13 10:47:00+00:00,False,True,-0.03147702441614009,-0.2372881721219684,False,False
0001104659-26-087720,CAKE,"7.01,9.01",2026-07-28 21:58:52+00:00,35193,ADMINISTRATIVE,False,,NONE,False,,3751806000.0,2796855552.05468,,CAKE|2026-07-28 21:58:00+00:00,False,False,0.07962553612205747,-0.009045972579280304,False,False
0000885550-26-000173,CACC,5.02,2026-07-24 21:15:19+00:00,5226,ADMINISTRATIVE,False,,NONE,False,,2317200000.0,5634451013.404175,,CACC|2026-07-24 21:15:00+00:00,False,False,0.010555158418806387,-0.05204001743197206,False,False
0001493152-26-034441,BXBL,"1.01,1.02,2.01,3.01,3.02,3.03,4.01,5.01,5.02,5.03,5.06,7.01,9.01",2026-07-23 17:29:34+00:00,290137,MA_ACTIVITY,True,36048176.0,HIGH,True,going_concern,,103112440.53478241,,BXBL|2026-07-23 17:29:00+00:00,False,True,0.05971564957829978,-0.3971563963477619,True,False
0000750686-26-000058,CAC,"2.02,9.01",2026-07-28 12:05:37+00:00,53483,EARNINGS,False,,NONE,False,,41739000.0,638063630.1790237,,CAC|2026-07-28 12:05:00+00:00,False,False,0.06156970664656569,-0.017003772706308262,False,False
0001562762-26-000078,CALM,"2.02,9.01",2026-07-22 10:07:31+00:00,3866,ADMINISTRATIVE,False,,NONE,False,,2911632000.0,3905188112.3100433,,CALM|2026-07-22 10:07:00+00:00,False,False,0.16146338858255516,-0.017195166611089885,False,False
0000885550-26-000170,CACC,5.02,2026-07-22 20:02:16+00:00,3295,ADMINISTRATIVE,False,,NONE,False,,2317200000.0,5634451013.404175,,CACC|2026-07-22 20:02:00+00:00,False,False,-0.0016144921496690223,-0.08888291305098273,False,False
0001104659-26-087561,CAKE,"2.02,7.01,8.01,9.01",2026-07-28 20:30:45+00:00,72231,DEBT_SETTLEMENT,False,,NONE,False,,3751806000.0,2796855552.05468,,CAKE|2026-07-28 20:30:00+00:00,False,False,0.07962553612205747,-0.009045972579280304,False,False
0001104659-26-083559,CAPR,"1.01,2.03",2026-07-14 21:06:03+00:00,5760,FDA_APPROVAL,True,958000.0,HIGH,False,,0.0,271101653.9021611,,CAPR|2026-07-14 21:06:00+00:00,False,False,-0.004174974181950897,-0.10168683431958092,False,True
0001193125-26-306100,CAPL,"1.01,9.01",2026-07-16 20:06:54+00:00,4733,DEBT_SETTLEMENT,True,,NONE,False,,3662534000.0,792092627.233572,,CAPL|2026-07-16 20:06:00+00:00,False,False,0.01830356492831986,-0.033035704630369866,False,False
0000023217-26-000032,CAG,"1.01,2.03,8.01,9.01",2026-07-28 17:55:09+00:00,9063,DILUTION_OFFERING,True,,NONE,False,,11281600000.0,8500308879.542004,,CAG|2026-07-28 17:55:00+00:00,False,False,0.010296000502243885,-0.012870000627804856,True,False
0000023217-26-000028,CAG,5.02,2026-07-28 11:32:24+00:00,3502,ADMINISTRATIVE,False,,NONE,False,,11281600000.0,8500308879.542004,,CAG|2026-07-28 11:32:00+00:00,False,False,0.01160442293884123,-0.01867929392007217,False,False
0001406666-26-000028,CALX,"2.02,9.01",2026-07-20 21:06:18+00:00,45781,ADMINISTRATIVE,False,,NONE,False,,1000010000.0,3769999601.4562035,,CALX|2026-07-20 21:06:00+00:00,False,False,0.060560521945147494,-0.03492962474554362,False,False
0000723612-26-000037,CAR,"2.02,9.01",2026-07-28 20:10:59+00:00,3515,ADMINISTRATIVE,False,,NONE,False,,11652000000.0,5393052746.283691,,CAR|2026-07-28 20:10:00+00:00,False,False,0.039919525420486934,-0.04451157540349726,False,False
0001829576-26-000071,CARE,"8.01,9.01",2026-07-23 13:02:43+00:00,7343,ADMINISTRATIVE,False,,NONE,False,,20315000.0,393775035.60528183,,CARE|2026-07-23 13:02:00+00:00,False,False,0.07527536907896071,-0.04069767170398131,False,False
0001193125-26-310448,CAPL,"5.02,7.01,9.01",2026-07-21 20:45:55+00:00,10729,ADMINISTRATIVE,False,,NONE,False,,3662534000.0,792092627.233572,,CAPL|2026-07-21 20:45:00+00:00,False,False,0.0063119651813425826,-0.02344456495080971,False,False
0001104659-26-087625,CBOE,"1.01,2.03,9.01",2026-07-28 21:26:56+00:00,9418,DEBT_SETTLEMENT,True,,NONE,False,,4714200000.0,24814008342.5,,CBOE|2026-07-28 21:26:00+00:00,False,False,0.040934254752727384,-0.007094864875929141,False,False
0000023217-26-000022,CAG,"2.02,9.01",2026-07-15 11:33:06+00:00,91839,EARNINGS,False,140000000.0,HIGH,False,,11281600000.0,8500308879.542004,0.012409587292582612,CAG|2026-07-15 11:33:00+00:00,False,False,0.06965472734999434,-0.023741002357016483,False,False
0001829576-26-000073,CARE,"7.01,9.01",2026-07-27 15:24:16+00:00,11955,ADMINISTRATIVE,False,,NONE,False,,20315000.0,393775035.60528183,,CARE|2026-07-27 15:24:00+00:00,False,False,0.019225162021840658,-0.012234254623972873,False,False
0000907471-26-000032,CASH,"2.02,7.01,9.01",2026-07-22 20:05:23+00:00,4809,ADMINISTRATIVE,False,,NONE,False,,839894000.0,1686536478.6029053,,CASH|2026-07-22 20:05:00+00:00,False,False,0.15042465792043513,-0.0123171549191875,False,False
0001628280-26-048347,CBIO,"8.01,9.01",2026-07-15 20:58:01+00:00,11724,DILUTION_OFFERING,False,,NONE,True,shelf,10844000.0,177685867.45004082,,CBIO|2026-07-15 20:58:00+00:00,False,False,0.128888932485429,-0.08825399005223833,True,False
0001628280-26-048151,CBIO,2.02,2026-07-14 20:05:25+00:00,6227,ADMINISTRATIVE,False,,NONE,False,,10844000.0,177685867.45004082,,CBIO|2026-07-14 20:05:00+00:00,False,False,0.13755601768794334,-0.07101725198656217,False,False
0001829576-26-000070,CARE,"2.02,9.01",2026-07-23 12:22:37+00:00,73187,EARNINGS,False,,NONE,False,,20315000.0,393775035.60528183,,CARE|2026-07-23 12:22:00+00:00,False,False,0.07527536907896071,-0.04069767170398131,False,False
0000708781-26-000028,CASS,"2.02,8.01,9.01",2026-07-23 12:10:20+00:00,5339,ADMINISTRATIVE,False,,NONE,False,,107997000.0,525732702.5471802,,CASS|2026-07-23 12:10:00+00:00,False,False,0.0937661092385591,-0.007910546934685181,False,False
0001104659-26-085809,CBAN,"2.02,7.01,9.01",2026-07-22 20:15:21+00:00,140547,MA_ACTIVITY,False,,NONE,False,,,282001910.18899727,,CBAN|2026-07-22 20:15:00+00:00,False,False,0.05941064380265826,-0.02709132972290862,False,True
0001419536-26-000109,CBNK,"2.02,8.01,9.01",2026-07-27 20:05:19+00:00,4350,ADMINISTRATIVE,False,,NONE,False,,,465002504.82268524,,CBNK|2026-07-27 20:05:00+00:00,False,False,0.0691269134288579,0.0,False,False
0001437749-26-024142,CATY,"2.02,7.01,9.01",2026-07-22 20:35:13+00:00,4630,ADMINISTRATIVE,False,,NONE,False,,53793000.0,3164478491.6859055,,CATY|2026-07-22 20:35:00+00:00,False,False,0.02777781531729384,-0.01964569140068928,False,False
0000726601-26-000022,CCBG,"7.01,9.01",2026-07-27 15:11:39+00:00,3767,ADMINISTRATIVE,False,,NONE,False,,,688292419.879715,,CCBG|2026-07-27 15:11:00+00:00,False,False,0.019761333602140496,-0.03350837361556536,False,False
0000022356-26-000169,CBSH,5.02,2026-07-06 20:01:19+00:00,4379,ADMINISTRATIVE,False,,NONE,False,,,6688466797.306976,,CBSH|2026-07-06 20:01:00+00:00,False,False,0.00739358171258675,-0.0305090200879945,False,False
0000022356-26-000176,CBSH,"2.02,9.01",2026-07-16 13:22:11+00:00,51675,EARNINGS,False,,NONE,False,,,6688466797.306976,,CBSH|2026-07-16 13:22:00+00:00,False,False,0.02983048002598654,-0.020167787196272546,False,False
0001104659-26-085071,CBRL,"2.03,2.05,2.06,7.01,8.01,9.01",2026-07-20 20:12:11+00:00,25695,DEBT_SETTLEMENT,False,37000000.0,HIGH,False,,3483684000.0,628645221.4262009,0.010620940360836401,CBRL|2026-07-20 20:12:00+00:00,False,False,0.014467664384119283,-0.08644221899999671,False,False
0001104659-26-086902,CBRL,"5.02,7.01,9.01",2026-07-27 13:49:01+00:00,24665,DILUTION_OFFERING,False,,NONE,False,,3483684000.0,628645221.4262009,,CBRL|2026-07-27 13:49:00+00:00,False,False,0.0755572365652073,-0.051756666695249254,True,False
0000022356-26-000179,CBSH,"2.02,9.01",2026-07-17 21:17:12+00:00,52994,EARNINGS,False,,NONE,False,,,6688466797.306976,,CBSH|2026-07-17 21:17:00+00:00,False,False,0.007522605088447154,-0.022735157664268923,False,False
0001437958-26-000049,CCB,"8.01,9.01",2026-07-23 21:20:43+00:00,3285,ADMINISTRATIVE,False,,NONE,False,,,1609118085.0,,CCB|2026-07-23 21:20:00+00:00,False,True,0.02294724559226835,-0.4939175772231027,False,False
0001437958-26-000045,CCB,"5.02,7.01,9.01",2026-07-22 23:54:36+00:00,7508,ADMINISTRATIVE,False,,NONE,False,,,1609118085.0,,CCB|2026-07-22 23:54:00+00:00,False,True,-0.0051959571232423896,-0.5184161769666341,False,False
0001217234-26-000038,CDNA,"2.01,7.01,9.01",2026-07-07 21:12:41+00:00,8744,MA_ACTIVITY,False,,NONE,False,,379805000.0,770193951.7731285,,CDNA|2026-07-07 21:12:00+00:00,True,False,0.3812744402383337,-0.0274119064998557,False,True
0001104659-26-087355,CBU,"2.02,9.01",2026-07-28 13:20:29+00:00,71782,FDA_APPROVAL,False,2170000000.0,HIGH,False,,818007000.0,2958410664.212799,2.6527890348126606,CBU|2026-07-28 13:20:00+00:00,False,False,0.0157440764594885,-0.030101365923201673,False,True
0001493152-26-034956,CD,"8.01,9.01",2026-07-28 15:18:20+00:00,4787,ADMINISTRATIVE,False,,NONE,False,,1867068.0,333927456.23793364,,CD|2026-07-28 15:18:00+00:00,False,False,0.0353698190433589,-0.08681671705271699,False,False
0000736772-26-000069,CCNE,"2.02,9.01",2026-07-23 20:13:34+00:00,4284,ADMINISTRATIVE,False,,NONE,False,,,720962093.094696,,CCNE|2026-07-23 20:13:00+00:00,False,False,0.05627577857086408,-0.015026468537681748,False,False
0000726601-26-000020,CCBG,"2.02,9.01",2026-07-21 15:43:24+00:00,48263,ADMINISTRATIVE,False,9800000.0,HIGH,False,,,688292419.879715,,CCBG|2026-07-21 15:43:00+00:00,False,False,0.042349689653840006,-0.03346994723672314,False,False
0000736772-26-000061,CCNE,"8.01,9.01",2026-07-14 20:10:29+00:00,4193,ADMINISTRATIVE,False,,NONE,False,,,720962093.094696,,CCNE|2026-07-14 20:10:00+00:00,False,False,0.05845880143717341,-0.034189464655032364,False,False
0001628280-26-048820,CCK,"2.02,9.01",2026-07-20 20:22:23+00:00,30533,EARNINGS,False,550000000.0,HIGH,False,,12365000000.0,11503727289.324936,0.04448038819247877,CCK|2026-07-20 20:22:00+00:00,False,False,0.014962746243779801,-0.05472425301061079,False,False
0001493152-26-034606,CCLD,"1.01,9.01",2026-07-24 21:00:46+00:00,8364,DEBT_SETTLEMENT,True,,NONE,False,,120499000.0,127812556.97277117,,CCLD|2026-07-24 21:00:00+00:00,False,False,0.0933333502875433,-0.015555593702528236,False,False
0001193125-26-300313,CCNE,5.02,2026-07-10 12:30:15+00:00,3840,ADMINISTRATIVE,False,,NONE,False,,,720962093.094696,,CCNE|2026-07-10 12:30:00+00:00,False,False,0.0759303362085526,-0.018247235890027746,False,False
0000950103-26-010760,CCRN,"5.07,9.01",2026-07-17 12:19:25+00:00,15647,MA_ACTIVITY,False,,NONE,False,,1054293000.0,420991648.2477093,,CCRN|2026-07-17 12:19:00+00:00,False,False,0.0007547342552329805,-0.001962265878353464,False,True
0001493152-26-033455,CDT,"3.03,5.03,7.01,9.01",2026-07-16 12:05:43+00:00,14984,MA_ACTIVITY,False,,NONE,True,reverse_split,,190611056.25,,CDT|2026-07-16 12:05:00+00:00,True,False,0.22641519053319237,-0.18238992296080503,True,False
0001493152-26-034355,CD,"8.01,9.01",2026-07-23 15:02:36+00:00,76265,DILUTION_OFFERING,False,,NONE,True,reverse_split,1867068.0,333927456.23793364,,CD|2026-07-23 15:02:00+00:00,False,False,0.129824609248667,-0.02105261220606125,True,False
0000950103-26-010220,CCRN,8.01,2026-07-06 10:17:20+00:00,31244,MA_ACTIVITY,False,106200000.0,HIGH,False,,1054293000.0,420991648.2477093,0.10073101120845913,CCRN|2026-07-06 10:17:00+00:00,False,False,0.0030257156615032255,-0.0015128939001275432,False,True
0001193125-26-318042,CDXS,"8.01,9.01",2026-07-27 20:02:34+00:00,5919,DILUTION_OFFERING,False,23.1,HIGH,True,shelf,70387000.0,184145623.11656952,3.281856024549988e-07,CDXS|2026-07-27 20:02:00+00:00,False,False,0.00327868544904808,-0.04262291083762548,True,False
0001576940-26-000055,CCS,"2.02,9.01",2026-07-22 20:17:46+00:00,48189,EARNINGS,False,897500000.0,HIGH,False,,4117816000.0,1772476557.5502014,0.21795534331791416,CCS|2026-07-22 20:17:00+00:00,False,False,0.09742498470904448,0.018822465458064652,False,False
0000813672-26-000089,CDNS,"2.02,9.01",2026-07-27 20:03:05+00:00,58432,FDA_APPROVAL,False,,NONE,False,,5296759000.0,86480977384.06372,,CDNS|2026-07-27 20:03:00+00:00,False,False,0.03732020910921818,-0.035073354478629026,False,True
0001193125-26-304791,CELH,"1.01,2.03,9.01",2026-07-15 20:15:24+00:00,7038,DEBT_SETTLEMENT,True,,NONE,False,,2515269000.0,15966866150.094566,,CELH|2026-07-15 20:15:00+00:00,False,False,0.018830514905989304,-0.062107731737184424,False,False
0001213900-26-082311,CDZI,"1.01,9.01",2026-07-28 20:41:58+00:00,13117,ADMINISTRATIVE,True,218900000.0,HIGH,False,,16313000.0,397792258.57805634,13.418745785569792,CDZI|2026-07-28 20:41:00+00:00,False,False,0.012158043257392004,-0.12917931831127172,False,False
0001193125-26-314158,CDXS,"2.02,8.01",2026-07-23 20:22:28+00:00,7547,ADMINISTRATIVE,False,54.9,HIGH,False,,70387000.0,184145623.11656952,7.799735746657764e-07,CDXS|2026-07-23 20:22:00+00:00,False,False,0.07236843137199545,-0.052565807450016044,False,False
0000860546-26-000034,CDP,"2.02,9.01",2026-07-27 20:22:24+00:00,154137,ADMINISTRATIVE,False,,NONE,False,,42074000.0,3167616653.493145,,CDP|2026-07-27 20:22:00+00:00,False,False,0.0010293596216950363,-0.039114782138185866,False,False
0001213900-26-078146,CDZI,8.01,2026-07-15 13:00:13+00:00,5357,ADMINISTRATIVE,False,2500000.0,HIGH,False,,16313000.0,397792258.57805634,0.1532520076012996,CDZI|2026-07-15 13:00:00+00:00,False,True,-0.0036297313723278046,-0.20987656864700466,False,False
0001140361-26-029905,CENN,"5.03,9.01",2026-07-28 21:15:52+00:00,4595,ADMINISTRATIVE,False,,NONE,False,,18080161.0,507707473.3177786,,CENN|2026-07-28 21:15:00+00:00,False,False,0.019388949439082426,-0.09861928048439594,False,False
0001493152-26-032187,CETX,"2.01,3.02,8.01,9.01",2026-07-06 20:51:34+00:00,14599,DILUTION_OFFERING,False,,NONE,True,reverse_split,76488088.0,278230967.0,,CETX|2026-07-06 20:51:00+00:00,True,False,0.24031013267901913,-0.07751930820906616,True,False
0001437749-26-023429,CEVA,5.02,2026-07-13 20:06:17+00:00,3467,ADMINISTRATIVE,False,,NONE,False,,109598000.0,662732243.25,,CEVA|2026-07-13 20:06:00+00:00,False,False,0.004175631915511069,-0.19618556106313856,False,False
0001493152-26-033223,CELC,"7.01,8.01,9.01",2026-07-14 21:39:43+00:00,28506,FDA_APPROVAL,False,,NONE,False,,,3164608218.118744,,CELC|2026-07-14 21:39:00+00:00,False,False,0.034519123056983014,-0.10287134383246876,False,True
0001213900-26-081581,CDZI,"5.02,7.01,9.01",2026-07-27 12:00:29+00:00,21433,ADMINISTRATIVE,False,,NONE,False,,16313000.0,397792258.57805634,,CDZI|2026-07-27 12:00:00+00:00,False,False,0.050473136770130766,-0.09621452978442147,False,False
0000759944-26-000139,CFG,"8.01,9.01",2026-07-21 12:22:21+00:00,6473,DILUTION_OFFERING,False,,NONE,False,,1635000000.0,21981544084.528206,,CFG|2026-07-21 12:22:00+00:00,False,False,-0.011397508448752536,-0.040705564779152326,True,False
0001544206-26-000045,CGBD,"7.01,9.01",2026-07-15 20:01:15+00:00,5975,ADMINISTRATIVE,False,,NONE,False,,,921493704.8692522,,CGBD|2026-07-15 20:01:00+00:00,False,False,0.017924488070344413,-0.05849064310575369,False,False
0001020214-26-000015,CERS,5.02,2026-07-10 20:35:47+00:00,5321,ADMINISTRATIVE,False,,NONE,False,,233798000.0,304801088.8586376,,CERS|2026-07-10 20:35:00+00:00,False,False,0.06818183225611474,-0.051948003693320643,False,False
0000913341-26-000040,CFFI,"7.01,9.01",2026-07-23 17:17:53+00:00,47096,FDA_APPROVAL,False,,NONE,False,,140841000.0,224187589.1007614,,CFFI|2026-07-23 17:17:00+00:00,False,False,0.079883173560785,-0.009397991920825577,False,True
0001493152-26-033357,CELC,"7.01,8.01,9.01",2026-07-15 20:05:43+00:00,29355,FDA_APPROVAL,False,,NONE,False,,,3164608218.118744,,CELC|2026-07-15 20:05:00+00:00,False,False,0.014625909529769165,-0.06941528024214416,False,True
0001193125-26-318995,CFBK,"2.02,9.01",2026-07-28 13:03:46+00:00,58534,DEBT_SETTLEMENT,False,,NONE,True,equity_line,,59112438.0,,CFBK|2026-07-28 13:03:00+00:00,False,False,0.03690706110827935,-0.020488339050025894,True,False
0000913341-26-000038,CFFI,"2.02,9.01",2026-07-23 15:36:41+00:00,80904,DEBT_SETTLEMENT,False,,NONE,False,,140841000.0,224187589.1007614,,CFFI|2026-07-23 15:36:00+00:00,False,False,0.079883173560785,-0.009397991920825577,False,False
0001777393-26-000054,CHPT,"5.07,8.01,9.01",2026-07-22 20:57:32+00:00,5982,ADMINISTRATIVE,False,,NONE,False,,411224000.0,185191347.79114723,,CHPT|2026-07-22 20:57:00+00:00,False,False,0.02272729356805847,-0.1127622385638064,False,False
0000726854-26-000160,CHCO,"2.02,9.01",2026-07-22 15:16:03+00:00,3041,ADMINISTRATIVE,False,,NONE,False,,74288000.0,1708650638.4687576,,CHCO|2026-07-22 15:16:00+00:00,False,False,0.06398728640849671,-0.01806435215125246,False,False
0001193125-26-315034,CHRW,7.01,2026-07-24 10:21:38+00:00,4755,ADMINISTRATIVE,False,,NONE,False,,16232763000.0,15123935982.265503,,CHRW|2026-07-24 10:21:00+00:00,False,True,0.01411527359519038,-0.23647069043336189,False,False
0000759944-26-000133,CFG,"2.02,7.01,9.01",2026-07-16 10:32:21+00:00,4875,ADMINISTRATIVE,False,,NONE,False,,1635000000.0,21981544084.528206,,CFG|2026-07-16 10:32:00+00:00,False,False,0.012195038743469722,-0.04065040482310045,False,False
0000019584-26-000018,CHE,"2.02,9.01",2026-07-28 20:30:32+00:00,65280,DEBT_SETTLEMENT,False,7000000.0,HIGH,False,,2529978000.0,6153351130.108337,0.0027668224782982304,CHE|2026-07-28 20:30:00+00:00,False,False,0.05324656029784047,0.0008782565378373519,False,False
0000020286-26-000043,CINF,"2.02,9.01",2026-07-27 20:07:58+00:00,4062,ADMINISTRATIVE,False,,NONE,False,,12631000000.0,24440069944.48947,,CINF|2026-07-27 20:07:00+00:00,False,False,0.051638414630782226,-0.017005618682688906,False,False
0001104659-26-084247,CION,"1.01,2.03,8.01,9.01",2026-07-16 20:08:16+00:00,9726,DILUTION_OFFERING,True,30000000.0,HIGH,False,,,496387209.1513233,,CION|2026-07-16 20:08:00+00:00,False,False,-0.014732658522177422,-0.09194796603037814,True,False
0001091667-26-000051,CHTR,"2.02,9.01",2026-07-24 11:00:48+00:00,60263,MA_ACTIVITY,False,,NONE,False,,54774000000.0,74930511374.29468,,CHTR|2026-07-24 11:00:00+00:00,True,False,0.2729952169946006,-0.005851715919308997,False,True
0001493152-26-034402,CING,5.02,2026-07-23 20:05:32+00:00,3834,ADMINISTRATIVE,False,,NONE,False,,,16769379.281234741,,CING|2026-07-23 20:05:00+00:00,False,False,0.002066064406905266,-0.12293393559309473,False,False
0001493152-26-033115,CING,"5.02,5.07,9.01",2026-07-14 12:00:08+00:00,7564,ADMINISTRATIVE,False,,NONE,False,,,16769379.281234741,,CING|2026-07-14 12:00:00+00:00,False,False,0.05296610404930746,-0.11122873768368458,False,False
0000764065-26-000102,CLF,5.02,2026-07-24 20:37:55+00:00,5749,ADMINISTRATIVE,False,,NONE,False,,18610000000.0,6623969915.4801445,,CLF|2026-07-24 20:37:00+00:00,False,False,0.025503942939283153,-0.08679550593816254,False,False
0001104659-26-086302,CHTR,"7.01,8.01,9.01",2026-07-23 20:46:53+00:00,156147,MA_ACTIVITY,False,,NONE,False,,54774000000.0,74930511374.29468,,CHTR|2026-07-23 20:46:00+00:00,True,False,0.2729952169946006,-0.005851715919308997,False,True
0001171843-26-004834,CHMG,"2.02,9.01",2026-07-22 20:10:16+00:00,3570,ADMINISTRATIVE,False,,NONE,False,,,244912796.56272507,,CHMG|2026-07-22 20:10:00+00:00,False,False,0.13512782451479288,-0.010331627678896615,False,False
0000764065-26-000097,CLF,"2.02,9.01",2026-07-23 10:27:24+00:00,29858,ADMINISTRATIVE,False,,NONE,False,,18610000000.0,6623969915.4801445,,CLF|2026-07-23 10:27:00+00:00,False,False,0.13271885066867073,-0.012903256995442591,False,False
0001193125-26-313253,CIVB,"2.02,9.01",2026-07-23 11:00:16+00:00,99883,ADMINISTRATIVE,False,,NONE,False,,19023000.0,415999431.3414688,,CIVB|2026-07-23 11:00:00+00:00,False,False,0.07618179321289054,-0.018181818181818188,False,False
0001193125-26-316153,CIVB,"8.01,9.01",2026-07-24 20:30:13+00:00,6217,ADMINISTRATIVE,False,,NONE,False,,19023000.0,415999431.3414688,,CIVB|2026-07-24 20:30:00+00:00,False,False,0.02921231706151417,-0.009041847648110668,False,False
0001193125-26-312446,CIVB,"8.01,9.01",2026-07-22 20:30:14+00:00,6004,ADMINISTRATIVE,False,3700000.0,HIGH,False,,19023000.0,415999431.3414688,0.1945013930505178,CIVB|2026-07-22 20:30:00+00:00,False,False,0.07618179321289054,-0.018181818181818188,False,False
0001171843-26-004892,CHMG,"7.01,9.01",2026-07-27 17:30:24+00:00,5089,ADMINISTRATIVE,False,,NONE,False,,,244912796.56272507,,CHMG|2026-07-27 17:30:00+00:00,False,False,0.03617299681882136,-0.01036171860717372,False,False
0001193125-26-315066,CIVB,"7.01,9.01",2026-07-24 11:00:18+00:00,24782,ADMINISTRATIVE,False,,NONE,False,,19023000.0,415999431.3414688,,CIVB|2026-07-24 11:00:00+00:00,False,False,0.02564546119763378,-0.019060795210046333,False,False
0001104659-26-083880,CLDX,"5.02,9.01",2026-07-15 20:07:43+00:00,3768,ADMINISTRATIVE,False,,NONE,False,,1545000.0,1774382810.0822449,,CLDX|2026-07-15 20:07:00+00:00,False,False,0.009752313125324097,-0.12045334370695082,False,False
0001628280-26-050153,CLW,"2.02,9.01",2026-07-28 20:08:50+00:00,7056,ADMINISTRATIVE,False,,NONE,False,,1555400000.0,320955594.8345947,,CLW|2026-07-28 20:08:00+00:00,False,False,0.1455205308652181,-0.0067322198012426115,False,False
0001437749-26-022894,CLMB,"7.01,9.01",2026-07-07 14:29:51+00:00,4790,ADMINISTRATIVE,False,,NONE,False,,652517000.0,154053085.93982697,,CLMB|2026-07-07 14:29:00+00:00,False,False,0.19742311327661333,-0.024522035148963894,False,False
0001753926-26-001137,CLRO,"1.01,8.01,9.01",2026-07-06 20:30:22+00:00,22746,FDA_APPROVAL,False,,NONE,False,,0.0,10370809.053078175,,CLRO|2026-07-06 20:30:00+00:00,True,True,0.6224188668848833,-0.20058996524574513,False,True
0001171843-26-004903,CLFD,"1.01,9.01",2026-07-27 22:00:17+00:00,4170,ADMINISTRATIVE,True,,NONE,False,,150134000.0,502402114.6834564,,CLFD|2026-07-27 22:00:00+00:00,False,False,0.006993045998266112,-0.09663061337084167,False,False
0001104659-26-082719,CLRB,"5.02,5.07,9.01",2026-07-10 21:13:07+00:00,6699,ADMINISTRATIVE,False,,NONE,False,,,11299821.478233337,,CLRB|2026-07-10 21:13:00+00:00,False,False,0.012348809951880257,-0.16583624597127744,False,False
0000950103-26-010269,CLVT,"1.01,5.02,9.01",2026-07-06 21:00:42+00:00,13943,ADMINISTRATIVE,False,600000000.0,HIGH,False,,2455200000.0,2242264953.2973003,0.24437927663734116,CLVT|2026-07-06 21:00:00+00:00,False,False,0.007843129921766057,-0.18039217519558504,False,False
0001193125-26-302448,CLSK,"7.01,8.01,9.01",2026-07-14 10:05:25+00:00,14176,ADMINISTRATIVE,False,6600000000.0,HIGH,False,,766314000.0,4972365177.694721,8.612657474612234,CLSK|2026-07-14 10:05:00+00:00,False,False,-0.01589408733307074,-0.1549668936074644,False,False
0001030894-26-000043,CLS,"2.02,9.01",2026-07-27 20:44:42+00:00,3754,ADMINISTRATIVE,False,,NONE,False,,12390900000.0,30448001938.18152,,CLS|2026-07-27 20:44:00+00:00,False,False,0.09137195494116801,-0.03317074659394059,False,False
0001104659-26-086099,CLIR,"1.01,3.02,7.01,9.01",2026-07-23 12:45:31+00:00,14151,DILUTION_OFFERING,True,1770000.0,HIGH,False,,5234000.0,304050695.5988045,0.33817348108521206,CLIR|2026-07-23 12:45:00+00:00,True,False,0.26249996926635544,0.015624984866008385,True,False
0001030894-26-000038,CLS,"5.02,9.01",2026-07-06 20:29:40+00:00,3547,ADMINISTRATIVE,False,,NONE,False,,12390900000.0,30448001938.18152,,CLS|2026-07-06 20:29:00+00:00,False,False,0.1039074387507275,-0.035760251020928946,False,False
0001677703-26-000079,CNDT,5.02,2026-07-02 21:01:24+00:00,3172,ADMINISTRATIVE,False,,NONE,False,,3042000000.0,372818675.3478656,,CNDT|2026-07-02 21:01:00+00:00,False,False,0.08637873464685342,-0.023255791848698415,False,False
0001058090-26-000058,CMG,8.01,2026-07-08 21:01:06+00:00,3203,ADMINISTRATIVE,False,,NONE,False,,11925601000.0,56129446918.411255,,CMG|2026-07-08 21:01:00+00:00,False,False,0.10948249518398745,-0.0098714277009323,False,False
0001005229-26-000036,CMCO,"8.01,9.01",2026-07-20 20:16:55+00:00,3342,ADMINISTRATIVE,False,,NONE,False,,1193451000.0,452423931.75,,CMCO|2026-07-20 20:16:00+00:00,False,False,0.12584117959375662,-0.026581393890669824,False,False
0001193125-26-320970,CNH,"5.02,9.01",2026-07-28 20:04:33+00:00,5196,ADMINISTRATIVE,False,,NONE,False,,15346000000.0,11703740260.439083,,CNH|2026-07-28 20:04:00+00:00,False,False,-0.011514624878668389,-0.08724531975247041,False,False
0001437749-26-023097,CNOB,"8.01,9.01",2026-07-09 11:30:47+00:00,3431,ADMINISTRATIVE,False,,NONE,False,,,1223575750.750618,,CNOB|2026-07-09 11:30:00+00:00,False,False,0.07293309151598004,-0.0058157645095359145,False,False
0001816590-26-000047,CMPS,"7.01,8.01,9.01",2026-07-07 10:33:23+00:00,40748,FDA_APPROVAL,False,,NONE,False,,,602511158.0492783,,CMPS|2026-07-07 10:33:00+00:00,False,False,0.14987714316041734,-0.049140080228925576,False,True
0001764046-26-000085,CLVT,"7.01,9.01",2026-07-06 10:01:11+00:00,47366,ADMINISTRATIVE,False,,NONE,False,,2455200000.0,2242264953.2973003,,CLVT|2026-07-06 10:01:00+00:00,False,False,-0.0038461503192516178,-0.19615384968074834,False,False
0001437749-26-024557,CNOB,"8.01,9.01",2026-07-28 11:01:10+00:00,3648,ADMINISTRATIVE,False,,NONE,False,,,1223575750.750618,,CNOB|2026-07-28 11:01:00+00:00,False,False,0.014549848978929747,-0.007729647018529184,False,False
0001071739-26-000154,CNC,"2.02,5.02,7.01,9.01",2026-07-27 23:38:01+00:00,53266,DEBT_SETTLEMENT,False,355.0,HIGH,False,,174581000000.0,17729900550.590515,2.033440065070082e-09,CNC|2026-07-27 23:38:00+00:00,False,False,0.09150484467505637,-0.0476431030717015,False,False
0001284812-26-000142,CNS,"2.02,9.01",2026-07-16 20:40:41+00:00,3999,ADMINISTRATIVE,False,,NONE,False,,556116000.0,3605973781.9111633,,CNS|2026-07-16 20:40:00+00:00,False,False,0.1290129880746147,-0.01681621024005231,False,False
0001628280-26-049279,COCO,"2.02,9.01",2026-07-23 11:20:07+00:00,3751,ADMINISTRATIVE,False,,NONE,False,,609780000.0,2253883593.387993,,COCO|2026-07-23 11:20:00+00:00,False,False,-0.005250633581221131,-0.18014747365359873,False,False
0001704720-26-000140,CNNE,"5.02,9.01",2026-07-16 21:01:08+00:00,3964,ADMINISTRATIVE,False,,NONE,False,,423600000.0,975217920.6028175,,CNNE|2026-07-16 21:01:00+00:00,False,False,0.015141573552620358,-0.06385775774524516,False,False
0001026655-26-000043,CMT,"1.01,7.01,9.01",2026-07-07 21:22:24+00:00,5829,DEBT_SETTLEMENT,True,,NONE,False,,273798000.0,158645113.01839066,,CMT|2026-07-07 21:22:00+00:00,False,False,0.08520560474270855,-0.027342113335803164,False,False
0001437749-26-024230,CNOB,"2.02,9.01",2026-07-23 11:30:10+00:00,3526,ADMINISTRATIVE,False,,NONE,False,,,1223575750.750618,,CNOB|2026-07-23 11:30:00+00:00,False,False,0.08037449048609813,0.0,False,False
0001493152-26-033664,CNTN,"5.07,8.01",2026-07-17 12:30:14+00:00,5645,ADMINISTRATIVE,False,,NONE,False,,,19421701.95523119,,CNTN|2026-07-17 12:30:00+00:00,False,False,0.05701759476851076,-0.16008772548986394,False,False
0001482981-26-000167,COCO,"1.01,2.01,3.02,7.01,9.01",2026-07-22 20:38:14+00:00,15967,MA_ACTIVITY,True,175000000.0,HIGH,True,shelf,609780000.0,2253883593.387993,0.2869887500409984,COCO|2026-07-22 20:38:00+00:00,False,False,-0.005250633581221131,-0.18014747365359873,True,False
0001104659-26-087279,CNP,"2.02,7.01,9.01",2026-07-28 10:15:27+00:00,92486,EARNINGS,False,,NONE,False,,9337000000.0,25879563365.4429,,CNP|2026-07-28 10:15:00+00:00,False,False,0.019369296533763514,-0.05382889914885858,False,False
0001493152-26-034340,CNTN,"1.01,2.01,8.01,9.01",2026-07-23 12:40:28+00:00,25243,ADMINISTRATIVE,True,,NONE,False,,,19421701.95523119,,CNTN|2026-07-23 12:40:00+00:00,False,False,0.0047393322087359024,-0.12796202613316343,False,False
0001345126-26-000057,CODI,"4.01,9.01",2026-07-16 20:25:00+00:00,8915,ADMINISTRATIVE,False,,NONE,True,going_concern,1873584000.0,478500753.8050852,,CODI|2026-07-16 20:25:00+00:00,False,False,0.036679548941490614,-0.0472972767718528,True,False
0001803599-26-000139,CNXC,"5.02,9.01",2026-07-24 21:18:26+00:00,4771,ADMINISTRATIVE,False,,NONE,False,,9825771000.0,2635979976.7597313,,CNXC|2026-07-24 21:18:00+00:00,False,False,0.16363630808980845,-0.012121241645957626,False,False
0001345126-26-000054,CODI,"1.01,7.01,9.01",2026-07-13 10:11:16+00:00,22057,ADMINISTRATIVE,True,,NONE,False,,1873584000.0,478500753.8050852,,CODI|2026-07-13 10:11:00+00:00,False,False,-0.005484412088092694,-0.11380255331924438,False,False
0001493152-26-034837,CODX,"1.01,9.01",2026-07-27 21:05:36+00:00,6085,COMMERCIAL_CONTRACT,True,,NONE,True,shelf,622489.0,450725902.05220985,,CODX|2026-07-27 21:05:00+00:00,False,True,-0.023686720195481237,-0.36175117890841646,True,False
0002014596-26-000047,CON,"5.02,9.01",2026-07-10 20:53:08+00:00,5692,ADMINISTRATIVE,False,,NONE,False,,2163417000.0,2577517922.949341,,CON|2026-07-10 20:53:00+00:00,False,False,0.01803225826694721,-0.0364599851418691,False,False
0001839341-26-000013,CORZ,"2.02,7.01,9.01",2026-07-28 11:06:14+00:00,4341,ADMINISTRATIVE,False,,NONE,False,,319019000.0,6993853205.295925,,CORZ|2026-07-28 11:06:00+00:00,False,False,0.01431303232410075,-0.12166027425781745,False,False
0001193125-26-315065,COFS,"2.02,9.01",2026-07-24 11:00:15+00:00,63065,DILUTION_OFFERING,False,1900000.0,HIGH,True,warrant_reprice,227624000.0,435585153.43666077,0.008347098724211858,COFS|2026-07-24 11:00:00+00:00,False,False,0.12290327010616187,0.0006451760568926268,True,False
0001839341-26-000012,CORZ,"3.02,7.01,9.01",2026-07-28 11:00:58+00:00,7737,ADMINISTRATIVE,False,,NONE,False,,319019000.0,6993853205.295925,,CORZ|2026-07-28 11:00:00+00:00,False,False,0.01431303232410075,-0.12166027425781745,True,False
0001193125-26-313254,COLD,"2.06,7.01",2026-07-23 11:00:11+00:00,12814,ADMINISTRATIVE,False,305.0,HIGH,False,,2540906000.0,3668195477.6325197,1.200359241939686e-07,COLD|2026-07-23 11:00:00+00:00,False,False,0.0,-0.07676832095325747,False,False
0001651562-26-000055,COUR,2.05,2026-07-06 20:34:11+00:00,7698,MA_ACTIVITY,False,8000000.0,HIGH,False,,757500000.0,1710664968.776703,0.010561056105610561,COUR|2026-07-06 20:34:00+00:00,False,False,0.002514646454633951,-0.06370496307130125,False,True
0001024305-26-000038,COTY,"8.01,9.01",2026-07-07 20:17:56+00:00,5093,ADMINISTRATIVE,False,400000000.0,HIGH,False,,5892900000.0,3096647126.7557344,0.06787829421846629,COTY|2026-07-07 20:17:00+00:00,False,False,0.04017853294024065,-0.07142860944173757,False,False
0001213900-26-080475,CPHI,"1.01,8.01,9.01",2026-07-22 21:26:11+00:00,11513,DILUTION_OFFERING,True,2.0,HIGH,True,shelf,4144268.0,4893003.0,4.825942723781377e-07,CPHI|2026-07-22 21:26:00+00:00,True,True,0.32947972656559,-0.32369945422818114,True,False
0000887343-26-000165,COLB,"2.02,7.01,9.01",2026-07-23 20:31:08+00:00,86660,EARNINGS,False,,NONE,False,,177000000.0,5541442154.67362,,COLB|2026-07-23 20:31:00+00:00,False,False,0.010217104021144063,-0.015964240257723472,False,False
0001024305-26-000036,COTY,"5.02,9.01",2026-07-02 20:36:14+00:00,3354,ADMINISTRATIVE,False,,NONE,False,,5892900000.0,3096647126.7557344,,COTY|2026-07-02 20:36:00+00:00,False,False,0.01511872421037097,-0.1015119342141878,False,False
0000701347-26-000065,CPF,"2.02,7.01,9.01",2026-07-24 10:11:26+00:00,5157,ADMINISTRATIVE,False,,NONE,False,,51817000.0,764653900.3570404,,CPF|2026-07-24 10:11:00+00:00,False,False,0.0524804745762375,-0.006527415273629877,False,False
0001193125-26-298557,CP,"1.01,9.01",2026-07-08 20:19:08+00:00,5408,DEBT_SETTLEMENT,True,,NONE,False,,,68352517361.50756,,CP|2026-07-08 20:19:00+00:00,False,False,0.025653871389209604,-0.0022258981818434886,False,False
0001087294-26-000055,CPIX,8.01,2026-07-13 21:28:01+00:00,6057,ADMINISTRATIVE,False,,NONE,False,,44521431.0,41289425.97733092,,CPIX|2026-07-13 21:28:00+00:00,True,False,0.2056632051558107,-0.14307004958111524,False,False
0000701347-26-000063,CPF,"5.07,9.01",2026-07-02 20:26:03+00:00,6785,ADMINISTRATIVE,False,,NONE,False,,51817000.0,764653900.3570404,,CPF|2026-07-02 20:26:00+00:00,False,False,0.049790396579568075,-0.024106367675438833,False,False
0001944013-26-000181,CR,"2.02,9.01",2026-07-28 20:28:12+00:00,3568,ADMINISTRATIVE,False,,NONE,False,,2305000000.0,11008134637.23816,,CR|2026-07-28 20:28:00+00:00,False,False,-0.003309671711569151,-0.057069935043177256,False,False
0001628280-26-047964,CPK,"8.01,9.01",2026-07-13 15:45:27+00:00,3333,ADMINISTRATIVE,False,,NONE,False,,930000000.0,2996741258379.1807,,CPK|2026-07-13 15:45:00+00:00,False,False,0.07775314765806729,-0.010140024235165912,False,False
0001104659-26-085804,CRAI,5.07,2026-07-22 20:10:29+00:00,5078,ADMINISTRATIVE,False,,NONE,False,,751583000.0,1238599543.0111084,,CRAI|2026-07-22 20:10:00+00:00,False,False,0.1689241915326627,-0.09620128630920755,False,False
0001193125-26-298722,CPRT,"5.02,7.01,9.01",2026-07-08 21:22:41+00:00,9949,ADMINISTRATIVE,False,,NONE,False,,4646958000.0,37838301268.158875,,CPRT|2026-07-08 21:22:00+00:00,False,False,0.0007005414465199866,-0.044133042213801876,False,False
0001683168-26-005764,CPSS,"1.01,2.03,9.01",2026-07-24 20:33:52+00:00,11495,DEBT_SETTLEMENT,True,,NONE,False,,434470000.0,188461087.106575,,CPSS|2026-07-24 20:33:00+00:00,False,False,0.037196795818680295,-0.011859801746781806,False,False
0001683168-26-005511,CPSS,"1.01,2.03,9.01",2026-07-14 19:10:35+00:00,9339,MA_ACTIVITY,True,,NONE,False,,434470000.0,188461087.106575,,CPSS|2026-07-14 19:10:00+00:00,False,False,0.024261656858306946,-0.07382908304411251,False,True
0001866175-26-000103,CRGY,2.02,2026-07-08 20:42:58+00:00,5027,ADMINISTRATIVE,False,,NONE,False,,3579782000.0,2072567636.335184,,CRGY|2026-07-08 20:42:00+00:00,False,False,0.07347575863323708,-0.025013102460996528,False,False
0001140361-26-028208,CRNX,"1.01,5.02",2026-07-10 20:01:22+00:00,15538,MA_ACTIVITY,False,,NONE,False,,7696000.0,4175763588.3301163,,CRNX|2026-07-10 20:01:00+00:00,False,False,0.0038240881173183805,-0.0010755732188924005,False,True
0001410098-26-000040,CRMD,8.01,2026-07-02 20:30:35+00:00,3186,ADMINISTRATIVE,False,,NONE,False,,311709000.0,861449364.832367,,CRMD|2026-07-02 20:30:00+00:00,False,False,0.02863688580858259,-0.06529206468643234,False,False
0001609253-26-000122,CRC,2.02,2026-07-14 13:00:34+00:00,6964,ADMINISTRATIVE,False,,NONE,False,,2910000000.0,3742760358.369438,,CRC|2026-07-14 13:00:00+00:00,False,False,0.0037188688635010347,-0.05336554475694033,False,False
0001171843-26-004623,CRMT,"2.02,9.01",2026-07-14 13:15:30+00:00,4105,ADMINISTRATIVE,False,,NONE,False,,1027813000.0,193461400.72733688,,CRMT|2026-07-14 13:15:00+00:00,True,False,0.43242674230734424,-0.09640374864038725,False,False
0001104659-26-085790,CRVS,5.02,2026-07-22 20:02:21+00:00,3491,ADMINISTRATIVE,False,,NONE,False,,,561090729.3036675,,CRVS|2026-07-22 20:02:00+00:00,False,False,0.01495803902570314,-0.08573514755752909,False,False
0001628280-26-049822,CSBR,"2.02,9.01",2026-07-27 20:31:46+00:00,3670,ADMINISTRATIVE,False,,NONE,False,,59425000.0,86867054.9299326,,CSBR|2026-07-27 20:31:00+00:00,False,False,-0.058641992796668374,-0.18981481719954563,False,False
0001437749-26-023538,CRVO,"7.01,8.01,9.01",2026-07-14 20:21:27+00:00,5193,CLINICAL_RESULT,False,,NONE,False,,4006510.0,64954087.20351839,,CRVO|2026-07-14 20:21:00+00:00,False,False,-0.0031152617895386925,-0.19314645377249495,False,True
0001140361-26-027642,CRNX,"1.01,8.01,9.01",2026-07-06 21:17:19+00:00,54776,MA_ACTIVITY,False,,NONE,False,,7696000.0,4175763588.3301163,,CRNX|2026-07-06 21:17:00+00:00,False,False,0.0023935964037067325,-0.0013763133666389038,False,True
0001193125-26-320951,CRS,"5.02,7.01,9.01",2026-07-28 20:01:59+00:00,7666,ADMINISTRATIVE,False,,NONE,False,,2877100000.0,15741662938.247833,,CRS|2026-07-28 20:01:00+00:00,False,False,0.001589428655206282,-0.15179323177432302,False,False
0001057352-26-000061,CSGP,"2.02,9.01",2026-07-28 20:05:38+00:00,3694,ADMINISTRATIVE,False,,NONE,False,,3247000000.0,31345889379.36519,,CSGP|2026-07-28 20:05:00+00:00,False,False,0.10969388375725142,-0.006526969137584437,False,False
0000017313-26-000084,CSWC,5.07,2026-07-22 21:26:58+00:00,6658,ADMINISTRATIVE,False,,NONE,False,,,1136489413.9164581,,CSWC|2026-07-22 21:26:00+00:00,False,False,0.010552975701312972,-0.023216594850577477,False,False
0000017313-26-000082,CSWC,"2.02,9.01",2026-07-16 20:04:51+00:00,3463,ADMINISTRATIVE,False,,NONE,False,,,1136489413.9164581,,CSWC|2026-07-16 20:04:00+00:00,False,False,0.007844778672345232,-0.044591245017524095,False,False
0001793229-26-000061,CTEV,8.01,2026-07-06 20:11:32+00:00,3916,ADMINISTRATIVE,False,,NONE,False,,965413000.0,1072511733.3613968,,CTEV|2026-07-06 20:11:00+00:00,False,True,0.021854534484828436,-0.36399159734684194,False,False
0001437749-26-023200,CRVO,"7.01,8.01,9.01",2026-07-09 20:09:56+00:00,4832,ADMINISTRATIVE,False,,NONE,False,,4006510.0,64954087.20351839,,CRVO|2026-07-09 20:09:00+00:00,False,True,0.00797892780316034,-0.23402216996601932,False,False
0001057352-26-000054,CSGP,"5.02,7.01,9.01",2026-07-13 21:06:31+00:00,8803,ADMINISTRATIVE,False,2500000.0,HIGH,False,,3247000000.0,31345889379.36519,0.000769941484447182,CSGP|2026-07-13 21:06:00+00:00,False,False,0.12745451493696724,-0.029818170720880666,False,False
0000277948-26-000031,CSX,"2.02,9.01",2026-07-22 20:01:13+00:00,4173,ADMINISTRATIVE,False,,NONE,False,,14092000000.0,68377671297.4364,,CSX|2026-07-22 20:01:00+00:00,False,False,0.024954591277732252,-0.028396535952766144,False,False
0001193125-26-316929,CTMX,5.02,2026-07-27 12:05:07+00:00,4928,ADMINISTRATIVE,False,,NONE,False,,76201000.0,537616071.987268,,CTMX|2026-07-27 12:05:00+00:00,False,False,0.04287018271605225,-0.04834293652527655,False,False
0001193125-26-304789,CTKB,5.02,2026-07-15 20:15:11+00:00,5870,ADMINISTRATIVE,False,,NONE,False,,201493000.0,510167378.8992119,,CTKB|2026-07-15 20:15:00+00:00,False,False,0.024589126708102427,-0.05336179360797999,False,False
0000350852-26-000061,CTBI,"2.02,7.01,9.01",2026-07-15 12:19:57+00:00,42288,EARNINGS,False,,NONE,False,,,927080821.2788963,,CTBI|2026-07-15 12:19:00+00:00,False,False,0.07568588506289475,-0.015002035983232465,False,False
0000723254-26-000025,CTAS,"2.02,9.01",2026-07-15 12:31:16+00:00,30561,MA_ACTIVITY,False,,NONE,False,,11264761000.0,76772607467.0405,,CTAS|2026-07-15 12:31:00+00:00,False,False,0.1216472489622229,-0.0052146333557322455,False,True
0001628280-26-048023,CTNM,"7.01,9.01",2026-07-13 20:15:17+00:00,5282,ADMINISTRATIVE,False,,NONE,False,,0.0,305656644.802866,,CTNM|2026-07-13 20:15:00+00:00,False,False,0.013962768529229397,-0.11768613753847912,False,False
0001193125-26-318919,CTS,"7.01,9.01",2026-07-28 12:05:20+00:00,35180,EARNINGS,False,,NONE,False,,541318000.0,1169338135.8166656,,CTS|2026-07-28 12:05:00+00:00,False,False,0.03211720577169541,-0.04583721008241026,False,False
0001193125-26-298578,CTGO,"1.01,2.03,7.01,9.01",2026-07-08 20:30:16+00:00,17907,DEBT_SETTLEMENT,True,33000000.0,HIGH,True,ratchet,,288864841.1339302,,CTGO|2026-07-08 20:30:00+00:00,False,False,0.07407399994301511,-0.05351855179028209,True,False
0001193125-26-307893,CTGO,"7.01,9.01",2026-07-17 20:30:21+00:00,44447,ADMINISTRATIVE,False,,NONE,True,convertible,,288864841.1339302,,CTGO|2026-07-17 20:30:00+00:00,False,False,0.07102812156929761,-0.05358253567336302,True,False
0001104659-26-087536,CTO,"2.02,7.01,9.01",2026-07-28 20:10:41+00:00,91662,ADMINISTRATIVE,False,83600000.0,HIGH,True,atm,149545000.0,531974688.934536,0.5590290547995587,CTO|2026-07-28 20:10:00+00:00,False,False,0.019299747961178726,-0.03590669298716387,True,False
0001058290-26-000025,CTSH,"7.01,9.01",2026-07-10 21:13:29+00:00,4939,ADMINISTRATIVE,False,,NONE,False,,21108000000.0,33225574997.923553,,CTSH|2026-07-10 21:13:00+00:00,False,False,0.025242343329812122,-0.06130262500527672,False,False
0001193125-26-301052,CUE,"1.01,3.02,5.02,8.01,9.01",2026-07-10 21:29:46+00:00,22740,DILUTION_OFFERING,True,50.0,HIGH,True,going_concern,27466000.0,1650649982.7427368,1.8204325347702615e-06,CUE|2026-07-10 21:29:00+00:00,False,True,0.02304920493590701,-0.28630930405871735,True,False
0001488813-26-000082,CUBI,"2.02,7.01,9.01",2026-07-23 20:35:01+00:00,4679,ADMINISTRATIVE,False,,NONE,False,,,2150397320.0,,CUBI|2026-07-23 20:35:00+00:00,False,False,0.03991377408719132,-0.00868827943001027,False,False
0001488813-26-000089,CUBI,"5.02,9.01",2026-07-27 21:03:47+00:00,6462,ADMINISTRATIVE,False,,NONE,False,,,2150397320.0,,CUBI|2026-07-27 21:03:00+00:00,False,False,0.011886568968520583,-0.005212352441153922,False,False
0001488813-26-000078,CUBI,"5.02,9.01",2026-07-08 21:12:36+00:00,5744,ADMINISTRATIVE,False,,NONE,False,,,2150397320.0,,CUBI|2026-07-08 21:12:00+00:00,False,False,0.06198888112845813,-0.012265896978620905,False,False
0001193125-26-318911,CTS,"2.02,7.01,9.01",2026-07-28 12:00:18+00:00,80478,EARNINGS,False,,NONE,False,,541318000.0,1169338135.8166656,,CTS|2026-07-28 12:00:00+00:00,False,False,0.03211720577169541,-0.04583721008241026,False,False
0001628280-26-047438,CURI,"7.01,9.01",2026-07-07 13:02:00+00:00,7348,ADMINISTRATIVE,False,,NONE,False,,71658000.0,251415050.05937576,,CURI|2026-07-07 13:02:00+00:00,False,False,0.010638287978706584,-0.1560283082332955,False,False
0001193125-26-297738,CVEO,"1.01,2.03,3.02,9.01",2026-07-07 22:10:07+00:00,13440,DEBT_SETTLEMENT,True,96.2,HIGH,False,,638849000.0,292079670.37574387,1.5058331467999481e-07,CVEO|2026-07-07 22:10:00+00:00,False,False,0.1279657731996584,-0.03796269344412728,True,False
0001213900-26-079824,CVKD,"7.01,8.01,9.01",2026-07-21 12:30:30+00:00,17341,FDA_APPROVAL,False,,NONE,False,,,24859042.766975403,,CVKD|2026-07-21 12:30:00+00:00,False,False,0.11457939566686504,-0.13084115741741886,False,True
0001193125-26-313195,CVBF,"5.02,9.01",2026-07-23 10:05:13+00:00,10458,ADMINISTRATIVE,False,,NONE,False,,,2559272771.3714066,,CVBF|2026-07-23 10:05:00+00:00,False,False,0.05308923694096901,-0.00961102920617718,False,False
0001193125-26-318826,CURB,"2.02,9.01",2026-07-28 10:45:17+00:00,67025,DILUTION_OFFERING,False,374100000.0,HIGH,False,,182893000.0,2470439417.2765656,2.0454582734166973,CURB|2026-07-28 10:45:00+00:00,False,False,0.04213942069154841,-0.011345231025668201,True,False
0001213900-26-079176,CVKD,"5.02,9.01",2026-07-17 20:15:14+00:00,6113,ADMINISTRATIVE,False,,NONE,False,,,24859042.766975403,,CVKD|2026-07-17 20:15:00+00:00,False,False,0.08418180543332099,-0.15454546636786315,False,False
0001213900-26-077134,CVKD,"5.02,9.01",2026-07-10 20:05:16+00:00,3900,ADMINISTRATIVE,False,,NONE,False,,,24859042.766975403,,CVKD|2026-07-10 20:05:00+00:00,False,True,-0.02208207254783867,-0.41324922096543126,False,False
0001193125-26-313203,CVBF,"2.02,7.01,9.01",2026-07-23 10:10:22+00:00,141288,FDA_APPROVAL,False,,NONE,False,,,2559272771.3714066,,CVBF|2026-07-23 10:10:00+00:00,False,False,0.05308923694096901,-0.00961102920617718,False,True
0001104659-26-087540,CVSA,"5.02,9.01",2026-07-28 20:15:14+00:00,13519,ADMINISTRATIVE,False,32986.0,HIGH,False,,1788290000.0,5071193379.078125,1.8445554132718966e-05,CVSA|2026-07-28 20:15:00+00:00,False,False,0.07174684958835575,0.010505369508908124,False,False
0001104659-26-080749,CWCO,9.01,2026-07-06 20:10:09+00:00,5720,ADMINISTRATIVE,False,,NONE,False,,132073368.0,550430264.4321327,,CWCO|2026-07-06 20:10:00+00:00,False,False,0.03465763624982565,-0.03601016083124409,False,False
0001628280-26-049837,CWBC,"7.01,9.01",2026-07-27 20:46:08+00:00,3616,ADMINISTRATIVE,False,,NONE,False,,,411688540.9172516,,CWBC|2026-07-27 20:46:00+00:00,False,False,0.011897807780479441,-0.033157806665906286,False,False
0001193125-26-301454,CXW,"8.01,9.01",2026-07-13 11:00:07+00:00,10139,DEBT_SETTLEMENT,False,,NONE,False,,2211182000.0,1961338214.6878967,,CXW|2026-07-13 11:00:00+00:00,False,False,0.01721807355819327,-0.06457130742093098,False,False
0001193125-26-295590,CXW,"1.01,2.01,7.01,9.01",2026-07-06 12:00:30+00:00,22376,DEBT_SETTLEMENT,False,732.6,HIGH,False,,2211182000.0,1961338214.6878967,3.313160110746198e-07,CXW|2026-07-06 12:00:00+00:00,False,False,-0.0006133939878028016,-0.11963183723083859,False,False
0001169561-26-000020,CVLT,"2.02,9.01",2026-07-28 11:48:28+00:00,3303,ADMINISTRATIVE,False,,NONE,False,,1183690000.0,7554585175.871933,,CVLT|2026-07-28 11:48:00+00:00,False,False,0.009609275363154923,-0.08616889193680077,False,False
0001104659-26-085807,CWCO,"8.01,9.01",2026-07-22 20:12:33+00:00,12046,COMMERCIAL_CONTRACT,True,6000000.0,HIGH,False,,132073368.0,550430264.4321327,0.045429295026382606,CWCO|2026-07-22 20:12:00+00:00,False,False,0.04436864089623782,-0.005972670362366261,False,False
0001628280-26-049383,CWBC,"2.02,8.01,9.01",2026-07-23 20:04:47+00:00,3863,ADMINISTRATIVE,False,,NONE,False,,,411688540.9172516,,CWBC|2026-07-23 20:04:00+00:00,False,False,0.006132611976862767,-0.056343399952363815,False,False
0001401914-26-000040,DARE,3.01,2026-07-17 20:07:20+00:00,4314,ADMINISTRATIVE,False,,NONE,False,,1030193.0,26150234.65130329,,DARE|2026-07-17 20:07:00+00:00,False,True,-0.010257774719028667,-0.3969588113482324,True,False
0001401914-26-000040,DARE,3.01,2026-07-17 20:07:20+00:00,4314,ADMINISTRATIVE,False,,NONE,False,,1030193.0,26150234.65130329,,DARE|2026-07-17 20:07:00+00:00,False,True,-0.010257774719028667,-0.3969588113482324,True,False
0001590895-26-000024,CZR,5.02,2026-07-07 23:51:16+00:00,3091,ADMINISTRATIVE,False,,NONE,False,,11486000000.0,4702688823.737961,,CZR|2026-07-07 23:51:00+00:00,False,False,0.0013164063806947457,-0.03060721731677951,False,False
0001493152-26-034483,DARE,"7.01,9.01",2026-07-24 13:00:42+00:00,5875,ADMINISTRATIVE,False,,NONE,False,,1030193.0,26150234.65130329,,DARE|2026-07-24 13:00:00+00:00,False,False,0.05468754220055505,-0.07812502037268176,False,False
0001654954-26-006627,DAIO,"1.02,2.04,3.02,5.02,5.07,9.01",2026-07-13 17:20:28+00:00,73225,DILUTION_OFFERING,True,,NONE,True,convertible,21500000.0,29195630.94519496,,DAIO|2026-07-13 17:20:00+00:00,False,False,0.02589932519650162,-0.16834527072893513,True,False
0001104659-26-086259,CZNC,"2.02,9.01",2026-07-23 20:10:03+00:00,100596,EARNINGS,False,10808000.0,HIGH,False,,,295714805.2941265,,CZNC|2026-07-23 20:10:00+00:00,False,False,0.08439354442565228,0.0033927024582229848,False,False
0001628280-26-048619,DAKT,5.02,2026-07-17 18:21:52+00:00,6898,ADMINISTRATIVE,False,,NONE,False,,838706000.0,892471047.1994934,,DAKT|2026-07-17 18:21:00+00:00,False,False,0.03807306908741692,-0.01579903135738403,False,False
0001193125-26-312454,CYH,"2.02,7.01,9.01",2026-07-22 20:33:42+00:00,77303,MA_ACTIVITY,False,5000000.0,HIGH,False,,12485000000.0,428764486.94231987,0.00040048057669203043,CYH|2026-07-22 20:33:00+00:00,False,False,0.07269509467289192,-0.06737582386514229,False,True
0001590895-26-000027,CZR,"2.02,9.01",2026-07-28 20:11:18+00:00,20557,MA_ACTIVITY,False,,NONE,False,,11486000000.0,4702688823.737961,,CZR|2026-07-28 20:11:00+00:00,False,False,0.0006697438046303628,-0.007870080560885673,False,True
0001193125-26-300962,DAN,"1.01,2.03,8.01,9.01",2026-07-10 20:30:17+00:00,9466,DEBT_SETTLEMENT,True,,NONE,False,,7500000000.0,2741110879.6688595,,DAN|2026-07-10 20:30:00+00:00,False,False,0.017090884121981453,-0.06254542957652698,False,False
0000029644-26-000068,DCI,5.02,2026-07-24 20:10:38+00:00,2924,ADMINISTRATIVE,False,,NONE,False,,3690900000.0,10787497680.617882,,DCI|2026-07-24 20:10:00+00:00,False,False,0.03730415307315882,-0.021370518002898353,False,False
0001493152-26-032963,DARE,"7.01,9.01",2026-07-13 13:00:19+00:00,5911,ADMINISTRATIVE,False,,NONE,False,,1030193.0,26150234.65130329,,DARE|2026-07-13 13:00:00+00:00,False,True,0.028846242018708557,-0.43754808490269315,False,False
0001493152-26-034517,DBGI,"1.01,9.01",2026-07-24 16:34:15+00:00,11556,ADMINISTRATIVE,True,,NONE,False,,7380921.0,35750915.3313303,,DBGI|2026-07-24 16:34:00+00:00,False,True,0.0332779963644505,-0.459401849554271,False,False
0001493152-26-034823,DBGI,"7.01,9.01",2026-07-27 20:40:41+00:00,14776,ADMINISTRATIVE,False,286.0,HIGH,True,reverse_split,7380921.0,35750915.3313303,3.874855184061718e-05,DBGI|2026-07-27 20:40:00+00:00,True,False,0.40226994550098083,-0.015775662364851506,True,False
0001213900-26-078551,DFNS,"3.03,5.03,9.01",2026-07-16 14:05:27+00:00,9068,ADMINISTRATIVE,False,,NONE,True,reverse_split,5913461.0,0.0,,DFNS|2026-07-16 14:05:00+00:00,False,True,0.06870229007633588,-0.49801525086846965,True,False
0001367859-26-000041,CZWI,"2.02,8.01,9.01",2026-07-27 12:54:38+00:00,86632,EARNINGS,False,,NONE,False,,,161576606.4734745,,CZWI|2026-07-27 12:54:00+00:00,False,False,-0.017174817954267563,-0.11893518028661498,False,False
0001193125-26-306222,DBVT,"2.02,9.01",2026-07-16 21:02:04+00:00,22433,EARNINGS,False,,NONE,True,going_concern,5636000.0,2190209383.6792088,,DBVT|2026-07-16 21:02:00+00:00,False,False,0.020930204411374165,-0.12491694954251831,True,False
0001493152-26-034260,DBGI,"3.03,5.03,8.01,9.01",2026-07-22 20:50:20+00:00,10990,ADMINISTRATIVE,False,,NONE,True,"convertible,reverse_split",7380921.0,35750915.3313303,,DBGI|2026-07-22 20:50:00+00:00,False,True,0.16718275638659175,-0.5680598218567794,True,False
0000910521-26-000015,DECK,2.02,2026-07-23 20:07:23+00:00,18383,EARNINGS,False,,NONE,False,,5472296000.0,15109366570.24324,,DECK|2026-07-23 20:07:00+00:00,False,False,0.08324723800866352,-0.05184875706351366,False,False
0000882184-26-000092,DHI,"2.02,9.01",2026-07-21 15:54:47+00:00,4031,ADMINISTRATIVE,False,,NONE,False,,34250400000.0,46280698279.601456,,DHI|2026-07-21 15:54:00+00:00,False,False,0.054101221640488584,-0.030855135559827662,False,False
0001193125-26-304949,DCOY,5.07,2026-07-15 21:14:18+00:00,4925,ADMINISTRATIVE,False,,NONE,False,,,223862997.56981277,,DCOY|2026-07-15 21:14:00+00:00,False,True,0.030502875685763042,-0.4113767684152504,False,False
0000846617-26-000040,DCOM,"8.01,9.01",2026-07-23 20:31:17+00:00,5953,ADMINISTRATIVE,False,,NONE,False,,19907000.0,1156091528.01725,,DCOM|2026-07-23 20:31:00+00:00,False,False,0.034353031474216866,-0.024322998864678036,False,False
0001628280-26-049412,DK,"8.01,9.01",2026-07-23 20:38:45+00:00,3192,ADMINISTRATIVE,False,,NONE,False,,10722900000.0,2298423416.3988266,,DK|2026-07-23 20:38:00+00:00,False,False,0.010750989735529126,-0.07747661205671652,False,False
0001628280-26-046943,DK,5.02,2026-07-02 20:30:34+00:00,6025,ADMINISTRATIVE,False,,NONE,False,,10722900000.0,2298423416.3988266,,DK|2026-07-02 20:30:00+00:00,False,False,0.10708189482472963,-0.023542774005650968,False,False
0001022079-26-000067,DGX,"2.02,9.01",2026-07-23 10:46:37+00:00,28635,EARNINGS,False,,NONE,False,,11035000000.0,20439088409.476776,,DGX|2026-07-23 10:46:00+00:00,False,False,0.052740019541417604,-0.03551076671098252,False,False
0001213900-26-075755,DGXX,"7.01,9.01",2026-07-07 12:00:46+00:00,14303,ADMINISTRATIVE,False,250.0,HIGH,False,,34188226.0,37633223.527765274,7.312458973448929e-06,DGXX|2026-07-07 12:00:00+00:00,False,False,0.010638338885950116,-0.09999995941811257,False,False
0000846617-26-000038,DCOM,"2.02,9.01",2026-07-23 11:00:22+00:00,76182,DILUTION_OFFERING,False,,NONE,False,,19907000.0,1156091528.01725,,DCOM|2026-07-23 11:00:00+00:00,False,False,0.06782290601713914,-0.028993080911573377,True,False
0001437749-26-023709,DJT,"7.01,9.01",2026-07-16 20:02:22+00:00,4657,ADMINISTRATIVE,False,,NONE,False,,3682600.0,4427536861.248611,,DJT|2026-07-16 20:02:00+00:00,False,False,0.06759658101606836,-0.057939911967262336,False,False
0001193125-26-304836,DIOD,"7.01,9.01",2026-07-15 20:30:14+00:00,6888,ADMINISTRATIVE,False,,NONE,False,,1482073000.0,2478184367.946396,,DIOD|2026-07-15 20:30:00+00:00,False,False,0.022362816971957855,-0.13502112489141394,False,False
0001437749-26-023318,DJT,"5.02,9.01",2026-07-10 20:03:53+00:00,4452,ADMINISTRATIVE,False,,NONE,False,,3682600.0,4427536861.248611,,DJT|2026-07-10 20:03:00+00:00,False,False,0.15807967066744588,-0.030444991808339594,False,False
0000313616-26-000163,DHR,"2.02,9.01",2026-07-20 21:55:01+00:00,41016,EARNINGS,False,,NONE,False,,24568000000.0,147578237069.43207,,DHR|2026-07-20 21:55:00+00:00,False,False,0.1537891746697695,-0.011283288194577135,False,False
0001437749-26-023862,DJT,7.01,2026-07-20 20:02:53+00:00,4657,ADMINISTRATIVE,False,,NONE,False,,3682600.0,4427536861.248611,,DJT|2026-07-20 20:02:00+00:00,False,False,0.007099457498574102,-0.11850912649909917,False,False
0001193125-26-321208,DIOD,"5.02,7.01,9.01",2026-07-28 17:00:14+00:00,10616,ADMINISTRATIVE,False,,NONE,False,,1482073000.0,2478184367.946396,,DIOD|2026-07-28 17:00:00+00:00,False,False,0.01071950564232993,-0.08403162908434858,False,False
0001193125-26-297981,DINO,"5.02,7.01,9.01",2026-07-08 11:00:07+00:00,17846,ADMINISTRATIVE,False,,NONE,False,,26869000000.0,10261368375.687721,,DINO|2026-07-08 11:00:00+00:00,False,False,0.08785728770730095,-0.007867800384391055,False,False
0001193125-26-302584,DIOD,"1.01,7.01,9.01",2026-07-14 12:15:14+00:00,16378,MA_ACTIVITY,True,,NONE,False,,1482073000.0,2478184367.946396,,DIOD|2026-07-14 12:15:00+00:00,False,False,-0.009518530483919374,-0.1740531727615242,False,True
0001628280-26-046943,DKL,5.02,2026-07-02 20:30:34+00:00,6025,ADMINISTRATIVE,False,,NONE,False,,1013323000.0,2405872305.0,,DKL|2026-07-02 20:30:00+00:00,False,False,0.13009527297247026,-0.002666655040922672,False,False
0001915657-26-000046,DINO,"2.02,7.01,9.01",2026-07-28 06:32:47+00:00,86233,EARNINGS,False,89000000.0,HIGH,False,,26869000000.0,10261368375.687721,0.003312367412259481,DINO|2026-07-28 06:32:00+00:00,False,False,0.022796335339872797,-0.04222752142495756,False,False
0001437749-26-022814,DMLP,"7.01,8.01,9.01",2026-07-06 21:03:08+00:00,4999,ADMINISTRATIVE,False,,NONE,False,,152832000.0,1088340979.6047897,,DMLP|2026-07-06 21:03:00+00:00,False,False,0.09724703022077974,0.003529417748544761,False,False
0001628280-26-050235,DINO,5.02,2026-07-28 17:11:49+00:00,3565,ADMINISTRATIVE,False,,NONE,False,,26869000000.0,10261368375.687721,,DINO|2026-07-28 17:11:00+00:00,False,False,0.02003234308016366,-0.005970689605113155,False,False
0001437749-26-024295,DMLP,"2.02,7.01,9.01",2026-07-23 20:02:06+00:00,5091,ADMINISTRATIVE,False,,NONE,False,,152832000.0,1088340979.6047897,,DMLP|2026-07-23 20:02:00+00:00,False,False,0.005744053830287976,-0.03810206605212829,False,False
0001628280-26-049217,DKL,"8.01,9.01",2026-07-22 20:42:38+00:00,7519,ADMINISTRATIVE,False,,NONE,False,,1013323000.0,2405872305.0,,DKL|2026-07-22 20:42:00+00:00,False,False,0.036875228335160104,-0.021146502505353326,False,False
0001104659-26-086342,DOCN,"8.01,9.01",2026-07-23 21:14:56+00:00,3667,ADMINISTRATIVE,False,,NONE,False,,901427000.0,3676094266.4785385,,DOCN|2026-07-23 21:14:00+00:00,False,False,-0.009211032456118984,-0.1970547368316763,False,False
0001213900-26-079678,DMAA,"1.01,9.01",2026-07-20 21:00:13+00:00,18555,MA_ACTIVITY,False,,NONE,False,,,344556221.08995724,,DMAA|2026-07-20 21:00:00+00:00,False,False,0.0009346008467381317,-0.0032710138351407236,False,True
0001193125-26-308899,DMRA,"1.01,3.03,5.03,7.01,9.01",2026-07-20 20:00:14+00:00,16606,ADMINISTRATIVE,False,,NONE,True,convertible,,9735515.873680115,,DMRA|2026-07-20 20:00:00+00:00,False,False,0.0631884518796022,-0.1383109062287189,True,False
0001714899-26-000086,DNLI,"2.01,9.01",2026-07-28 01:01:17+00:00,3758,ADMINISTRATIVE,False,195000000.0,HIGH,False,,0.0,2245820539.881998,,DNLI|2026-07-28 01:01:00+00:00,False,False,0.013776757987869814,-0.03762214405172071,False,False
0001047340-26-000033,DMC,"1.01,2.03,9.01",2026-07-21 20:25:13+00:00,5722,DEBT_SETTLEMENT,True,,NONE,False,,4322300000.0,1587011103.0447388,,DMC|2026-07-21 20:25:00+00:00,False,False,0.045993019502938326,-0.01986068247457673,False,False
0001582961-26-000055,DOCN,"2.02,9.01",2026-07-07 13:05:37+00:00,3898,ADMINISTRATIVE,False,,NONE,False,,901427000.0,3676094266.4785385,,DOCN|2026-07-07 13:05:00+00:00,False,False,0.012451366971724553,-0.12062500546555488,False,False
0001104659-26-086652,DOCN,8.01,2026-07-24 20:16:03+00:00,4538,DILUTION_OFFERING,False,1474000000.0,HIGH,True,shelf,901427000.0,3676094266.4785385,1.6351851009565943,DOCN|2026-07-24 20:16:00+00:00,False,False,-0.01616277039534819,-0.14482070493494703,True,False
0001751788-26-000144,DOW,"2.02,9.01",2026-07-23 10:59:27+00:00,3671,ADMINISTRATIVE,False,,NONE,False,,39968000000.0,16596418874.336243,,DOW|2026-07-23 10:59:00+00:00,False,False,0.007386822141304927,-0.13111732582808222,False,False
0001104659-26-086270,DLR,"2.02,7.01,9.01",2026-07-23 20:18:24+00:00,245945,ADMINISTRATIVE,False,,NONE,False,,6112692000.0,59363237883.45734,,DLR|2026-07-23 20:18:00+00:00,False,False,0.08623037288326252,-0.02722511491226276,False,False
0000029905-26-000026,DOV,"2.02,7.01,9.01",2026-07-23 11:00:14+00:00,4359,ADMINISTRATIVE,False,,NONE,False,,8092571000.0,22782147346.49182,,DOV|2026-07-23 11:00:00+00:00,False,False,0.01862068364185654,-0.04557830359548187,False,False
0001193125-26-296205,DOW,5.02,2026-07-06 20:15:19+00:00,6302,ADMINISTRATIVE,False,,NONE,False,,39968000000.0,16596418874.336243,,DOW|2026-07-06 20:15:00+00:00,False,False,0.07747746373082065,-0.006846866092166337,False,False
0001193125-26-300937,DOW,"8.01,9.01",2026-07-10 20:19:44+00:00,4301,ADMINISTRATIVE,False,,NONE,False,,39968000000.0,16596418874.336243,,DOW|2026-07-10 20:19:00+00:00,False,False,0.041722297670157005,-0.025200239780978295,False,False
0001833756-26-000031,DRS,"5.05,9.01",2026-07-17 20:15:36+00:00,4565,ADMINISTRATIVE,False,,NONE,False,,3648000000.0,10993567686.005196,,DRS|2026-07-17 20:15:00+00:00,False,False,0.11412427654374113,-0.007683619267522923,False,False
0001286681-26-000029,DPZ,"5.02,8.01,9.01",2026-07-14 20:15:16+00:00,14438,ADMINISTRATIVE,False,,NONE,False,,4939994000.0,14082771634.217651,,DPZ|2026-07-14 20:15:00+00:00,False,False,0.12540192926045024,-0.0072379648877110014,False,False
0001104659-26-082715,DRIO,5.02,2026-07-10 21:10:06+00:00,3373,ADMINISTRATIVE,False,,NONE,False,,22359000.0,568711925.0,,DRIO|2026-07-10 21:10:00+00:00,False,False,0.10407856001900107,-0.17750676456172143,False,False
0001833756-26-000034,DRS,"8.01,9.01",2026-07-28 15:30:44+00:00,3096,ADMINISTRATIVE,True,,NONE,False,,3648000000.0,10993567686.005196,,DRS|2026-07-28 15:30:00+00:00,False,False,0.01479953511661991,-0.09558070668107543,False,False
0001104659-26-085900,DRIO,"1.01,8.01,9.01",2026-07-22 21:19:14+00:00,16259,DILUTION_OFFERING,True,23500000.0,HIGH,True,"atm,shelf",22359000.0,568711925.0,1.0510309047810724,DRIO|2026-07-22 21:19:00+00:00,False,False,0.052726116310320315,-0.12144697780107339,True,False
0001628280-26-049665,DTIL,"5.02,7.01,9.01",2026-07-27 11:30:37+00:00,12991,ADMINISTRATIVE,False,,NONE,False,,34264000.0,99364337.72710419,,DTIL|2026-07-27 11:30:00+00:00,False,False,0.06035666111425009,-0.08093280599111552,False,False
0001079973-26-000961,DUOT,"1.01,9.01",2026-07-20 20:30:13+00:00,4741,ADMINISTRATIVE,True,,NONE,False,,27023651.0,172593133.66537094,,DUOT|2026-07-20 20:30:00+00:00,False,False,0.039238992829185415,-0.11296074036879644,False,False
0001878897-26-000038,DOUG,5.02,2026-07-16 21:00:34+00:00,5378,ADMINISTRATIVE,False,,NONE,False,,1033055000.0,219109012.00795913,,DOUG|2026-07-16 21:00:00+00:00,False,False,0.042553214424603025,-0.10638300435690928,False,False
0001286681-26-000034,DPZ,"2.02,9.01",2026-07-20 10:05:16+00:00,47828,DEBT_SETTLEMENT,False,,NONE,False,,4939994000.0,14082771634.217651,,DPZ|2026-07-20 10:05:00+00:00,False,False,-0.004342825753348212,-0.09805716378348217,False,False
0001688568-26-000058,DXC,5.07,2026-07-22 20:06:26+00:00,6214,ADMINISTRATIVE,False,,NONE,False,,12644000000.0,2300132964.9325733,,DXC|2026-07-22 20:06:00+00:00,True,False,0.25925926684300005,-0.02469130999433322,False,False
0001493152-26-034475,DYAI,"8.01,9.01",2026-07-24 12:00:19+00:00,8916,ADMINISTRATIVE,False,,NONE,False,,3090345.0,36187798.0,,DYAI|2026-07-24 12:00:00+00:00,False,False,0.008737122863310631,-0.15806196175322695,False,False
0000931148-26-000071,EAF,"2.02,9.01",2026-07-24 10:49:17+00:00,3539,ADMINISTRATIVE,False,,NONE,False,,504134000.0,4300803000.989216,,EAF|2026-07-24 10:49:00+00:00,False,False,0.13368977548300953,-0.13101604499659802,False,False
0001193125-26-306263,DSGR,"1.01,2.03,7.01,9.01",2026-07-16 21:27:47+00:00,48295,MA_ACTIVITY,True,,NONE,False,,1980023000.0,1401209847.8145847,,DSGR|2026-07-16 21:27:00+00:00,False,False,0.007699105707239529,0.0,False,True
0001628280-26-047662,EARN,"8.01,9.01",2026-07-08 20:38:56+00:00,3399,ADMINISTRATIVE,False,,NONE,False,,,213336221.15253687,,EARN|2026-07-08 20:38:00+00:00,False,False,0.013636350336153846,-0.018181800448205276,False,False
0001628280-26-047831,DXPE,"1.01,2.03,8.01,9.01",2026-07-09 23:15:45+00:00,9039,DEBT_SETTLEMENT,True,50000000.0,HIGH,False,,2016365000.0,1877797174.5472717,0.024797097747679613,DXPE|2026-07-09 23:15:00+00:00,False,False,0.09808628995268198,-0.09451726742693012,False,False
0001193125-26-308343,DYN,8.01,2026-07-20 11:35:14+00:00,6823,ADMINISTRATIVE,False,,NONE,False,,,2345929040.038414,,DYN|2026-07-20 11:35:00+00:00,False,False,0.006882593969349982,-0.12105269579396438,False,False
0001193125-26-312571,DYN,"1.01,8.01,9.01",2026-07-22 21:19:38+00:00,18425,DILUTION_OFFERING,True,,NONE,True,shelf,,2345929040.038414,,DYN|2026-07-22 21:19:00+00:00,False,False,0.15940771173647494,0.000871100111550005,True,False
0001477932-26-004257,EDBL,3.02,2026-07-10 20:30:38+00:00,4522,ADMINISTRATIVE,False,,NONE,False,,12810000.0,1974329100.0,,EDBL|2026-07-10 20:30:00+00:00,False,True,0.041850233219585586,-0.3436123250853108,True,False
0001477932-26-004225,EDBL,"3.03,5.03,9.01",2026-07-09 12:31:04+00:00,7406,ADMINISTRATIVE,False,,NONE,True,reverse_split,12810000.0,1974329100.0,,EDBL|2026-07-09 12:31:00+00:00,True,True,0.22645296517665758,-0.23402353862036163,True,False
0001025835-26-000143,EFSC,"7.01,9.01",2026-07-27 20:04:47+00:00,3974,ADMINISTRATIVE,False,,NONE,False,,,1995498096.4195404,,EFSC|2026-07-27 20:04:00+00:00,False,False,0.006891422232979005,-0.006740644359356063,False,False
0001477932-26-004536,EDBL,"8.01,9.01",2026-07-28 12:00:57+00:00,14060,ADMINISTRATIVE,False,,NONE,True,reverse_split,12810000.0,1974329100.0,,EDBL|2026-07-28 12:00:00+00:00,False,False,0.17624523242752232,-0.11877392921050656,True,False
0000826675-26-000074,DX,"2.02,9.01",2026-07-20 12:03:15+00:00,5451,DILUTION_OFFERING,False,,NONE,False,,,1726532561.5742445,,DX|2026-07-20 12:03:00+00:00,False,False,0.0029850718650552555,-0.06119400881849857,True,False
0000826675-26-000085,DX,"1.01,9.01",2026-07-28 12:15:19+00:00,6543,COMMERCIAL_CONTRACT,True,,NONE,False,,,1726532561.5742445,,DX|2026-07-28 12:15:00+00:00,False,False,0.022924898861516274,-0.003952508977731917,False,False
0001628280-26-049409,EBC,"2.02,7.01,8.01,9.01",2026-07-23 20:34:06+00:00,4481,ADMINISTRATIVE,False,,NONE,False,,134091000.0,3538018678.9532776,,EBC|2026-07-23 20:34:00+00:00,False,False,0.032521703968877436,-0.013913030209748656,False,False
0001084961-26-000052,ECPG,"7.01,8.01,9.01",2026-07-22 20:20:29+00:00,10512,DEBT_SETTLEMENT,False,332500000.0,HIGH,False,,88388000.0,1002392863.4818611,3.761822871883061,ECPG|2026-07-22 20:20:00+00:00,False,False,0.12726172728796303,-0.048188556171035346,False,False
0001171843-26-004940,EBMT,"2.02,9.01",2026-07-28 20:00:16+00:00,3818,ADMINISTRATIVE,False,,NONE,False,,,127552926.36043549,,EBMT|2026-07-28 20:00:00+00:00,False,False,0.046347757321375305,-0.025630089080759033,False,False
0001628280-26-049402,EFC,"7.01,9.01",2026-07-23 20:27:54+00:00,4605,ADMINISTRATIVE,False,,NONE,False,,,1376537832.6454525,,EFC|2026-07-23 20:27:00+00:00,False,False,0.01757006778895298,-0.003364491685528659,False,False
0001437749-26-023769,EBMT,5.02,2026-07-17 20:48:00+00:00,4370,ADMINISTRATIVE,False,,NONE,False,,,127552926.36043549,,EBMT|2026-07-17 20:48:00+00:00,False,False,0.05993077422340942,-0.029857226994124297,False,False
0001628280-26-047658,EFC,"8.01,9.01",2026-07-08 20:30:05+00:00,3904,ADMINISTRATIVE,False,,NONE,False,,,1376537832.6454525,,EFC|2026-07-08 20:30:00+00:00,False,False,0.021402210905600016,-0.010332128513066974,False,False
0000049600-26-000040,EGP,"2.02,9.01",2026-07-22 20:18:03+00:00,4153,ADMINISTRATIVE,False,,NONE,False,,721336000.0,9745260536.785461,,EGP|2026-07-22 20:18:00+00:00,False,False,0.01176305913036102,-0.04802864861033851,False,False
0001193125-26-307066,EBF,"5.07,8.01",2026-07-17 14:37:41+00:00,8771,ADMINISTRATIVE,False,,NONE,False,,392403000.0,464667364.12065697,,EBF|2026-07-17 14:37:00+00:00,False,False,0.02448040166208032,-0.030023077597374992,False,False
0001213900-26-076709,ELAB,"1.01,9.01",2026-07-09 20:01:54+00:00,4340,MA_ACTIVITY,True,,NONE,False,,590084.0,199560739.7373352,,ELAB|2026-07-09 20:01:00+00:00,True,True,0.20930231698508783,-0.2015503861641813,False,True
0000890564-26-000045,EFOR,"1.01,2.03,7.01,9.01",2026-07-09 21:06:04+00:00,11734,DEBT_SETTLEMENT,True,,NONE,False,,3980400000.0,1949100000.0,,EFOR|2026-07-09 21:06:00+00:00,False,False,0.003925014028204332,-0.11908971170896732,False,False
0001213900-26-076053,ELAB,"1.01,9.01",2026-07-07 21:18:15+00:00,10792,ADMINISTRATIVE,True,,NONE,False,,590084.0,199560739.7373352,,ELAB|2026-07-07 21:18:00+00:00,True,False,0.3276595796487516,-0.13191487462124418,False,False
0001025835-26-000141,EFSC,"2.02,8.01,9.01",2026-07-22 20:05:24+00:00,79756,EARNINGS,False,179000000.0,HIGH,False,,,1995498096.4195404,,EFSC|2026-07-22 20:05:00+00:00,False,False,0.10927651979068931,0.00016598301541770333,False,False
0001185185-26-002961,EDUC,5.07,2026-07-14 21:00:29+00:00,4488,ADMINISTRATIVE,False,,NONE,False,,22913600.0,11329825.770206809,,EDUC|2026-07-14 21:00:00+00:00,False,False,0.0927152229000574,-0.08609271261766394,False,False
0001050441-26-000083,EGBN,"5.02,9.01",2026-07-06 11:07:47+00:00,3973,ADMINISTRATIVE,False,,NONE,False,,,508984195.55090904,,EGBN|2026-07-06 11:07:00+00:00,False,False,0.024070016250026027,-0.12345004447349905,False,False
0001185185-26-002865,EDUC,"2.02,7.01,9.01",2026-07-09 20:00:30+00:00,12135,EARNINGS,False,,NONE,False,,22913600.0,11329825.770206809,,EDUC|2026-07-09 20:00:00+00:00,False,False,0.03773581227671219,-0.13207549291728138,False,False
0001050441-26-000088,EGBN,"2.02,7.01,9.01",2026-07-22 20:28:27+00:00,4248,ADMINISTRATIVE,False,,NONE,False,,,508984195.55090904,,EGBN|2026-07-22 20:28:00+00:00,False,False,0.18230500605616795,-0.019775754932387257,False,False
0001628280-26-050243,ELS,8.01,2026-07-28 21:23:23+00:00,6516,ADMINISTRATIVE,False,,NONE,False,,1531382000.0,12197126535.930279,,ELS|2026-07-28 21:23:00+00:00,False,False,0.02232270979510642,-0.022021216390102127,False,False
0001683168-26-005429,EMPD,8.01,2026-07-10 12:00:37+00:00,3861,ADMINISTRATIVE,False,,NONE,False,,974977.0,302698512.0896387,,EMPD|2026-07-10 12:00:00+00:00,False,False,0.032637076368149165,-0.18276757786140896,False,False
0001683168-26-005307,EMPD,"1.01,1.02,3.03,5.03,7.01,9.01",2026-07-06 20:01:16+00:00,12565,ADMINISTRATIVE,True,,NONE,False,,974977.0,302698512.0896387,,EMPD|2026-07-06 20:01:00+00:00,False,True,0.009732350499663811,-0.21411194303014347,False,False
0001125376-26-000036,ENSG,"2.02,9.01",2026-07-27 10:07:21+00:00,7790,EARNINGS,False,,NONE,False,,5032118000.0,10503736192.88881,,ENSG|2026-07-27 10:07:00+00:00,False,False,-0.008065090384534623,-0.04752686203167,False,False
0001463101-26-000080,ENPH,"2.02,9.01",2026-07-28 16:06:38+00:00,4283,ADMINISTRATIVE,False,,NONE,False,,1472985000.0,4910999138.318859,,ENPH|2026-07-28 16:06:00+00:00,False,False,0.08612176271243177,-0.041140977445575655,False,False
0001683168-26-005723,EMPD,"7.01,8.01,9.01",2026-07-23 12:31:13+00:00,15815,CLINICAL_RESULT,False,,NONE,False,,974977.0,302698512.0896387,,EMPD|2026-07-23 12:31:00+00:00,False,False,0.04480712997506009,-0.1513055999927555,False,True
0001628280-26-049302,ELS,"2.02,9.01",2026-07-23 13:16:24+00:00,63671,DEBT_SETTLEMENT,False,22500000.0,HIGH,False,,1531382000.0,12197126535.930279,0.014692610987983403,ELS|2026-07-23 13:16:00+00:00,False,False,0.02777353469750432,-0.009308723053788381,False,False
0001101302-26-000139,ENTG,8.01,2026-07-15 11:14:55+00:00,3432,ADMINISTRATIVE,False,,NONE,False,,3196600000.0,13874431491.088867,,ENTG|2026-07-15 11:14:00+00:00,False,False,-0.005523738463326322,-0.12455983351136835,False,False
0001193125-26-307795,ENGN,"7.01,9.01",2026-07-17 20:05:21+00:00,37052,FDA_APPROVAL,False,,NONE,False,,,421308251.89626694,,ENGN|2026-07-17 20:05:00+00:00,False,False,0.060109296024865255,-0.06557377155969979,False,True
0001193125-26-304876,ENVA,5.02,2026-07-15 20:45:28+00:00,3352,ADMINISTRATIVE,False,,NONE,False,,3151653000.0,2787405653.7859497,,ENVA|2026-07-15 20:45:00+00:00,False,False,0.05726647868595003,-0.0895753811930089,False,False
0001289308-26-000014,ENS,"7.01,8.01,9.01",2026-07-23 20:22:37+00:00,8966,EARNINGS,False,150000000.0,HIGH,False,,3751376000.0,4690859396.460007,0.03998532805029408,ENS|2026-07-23 20:22:00+00:00,False,False,0.0019650294112445454,-0.11502998786031748,False,False
0000880641-26-000020,EFSI,"2.02,7.01,9.01",2026-07-23 20:01:23+00:00,104810,EARNINGS,False,,NONE,False,,,190645224.23780823,,EFSI|2026-07-23 20:01:00+00:00,False,False,0.03746961004139737,-0.0431872938462341,False,False
0001045450-26-000033,EPR,"1.01,2.03,3.03,7.01,9.01",2026-07-20 12:44:42+00:00,14584,DEBT_SETTLEMENT,False,,NONE,True,convertible,718357000.0,3996884323.580757,,EPR|2026-07-20 12:44:00+00:00,False,False,0.03759030261671681,-0.012048192771084376,True,False
0001193125-26-314134,ENVA,"2.02,9.01",2026-07-23 20:16:13+00:00,27434,DILUTION_OFFERING,False,,NONE,False,,3151653000.0,2787405653.7859497,,ENVA|2026-07-23 20:16:00+00:00,False,False,0.09262933402225881,-0.0282758515456627,True,False
0001193125-26-305418,ENGN,"5.02,7.01,9.01",2026-07-16 12:06:47+00:00,17733,FDA_APPROVAL,False,,NONE,False,,,421308251.89626694,,ENGN|2026-07-16 12:06:00+00:00,False,False,0.02631582744894323,-0.09736839215841286,False,True
0001193125-26-300931,ENVA,"5.02,9.01",2026-07-10 20:16:14+00:00,7301,ADMINISTRATIVE,False,,NONE,False,,3151653000.0,2787405653.7859497,,ENVA|2026-07-10 20:16:00+00:00,False,False,0.008488126349803116,-0.09814476640132308,False,False
0000006955-26-000038,EPAC,5.02,2026-07-23 20:51:58+00:00,4159,ADMINISTRATIVE,False,,NONE,False,,616899000.0,2212509219.2505493,,EPAC|2026-07-23 20:51:00+00:00,False,False,0.0817391215891079,-0.008695630059725956,False,False
0001628280-26-049296,EOSE,"8.01,9.01",2026-07-23 12:42:31+00:00,3322,ADMINISTRATIVE,False,,NONE,False,,114203000.0,3731497692.9463444,,EOSE|2026-07-23 12:42:00+00:00,False,False,0.010256400224333495,-0.13846158642740525,False,False
0001171843-26-004528,EPAC,"2.02,9.01",2026-07-08 12:29:15+00:00,3929,ADMINISTRATIVE,False,,NONE,False,,616899000.0,2212509219.2505493,,EPAC|2026-07-08 12:29:00+00:00,False,False,0.06085986386791564,-0.08403122130590446,False,False
0001570562-26-000079,EOLS,"1.01,7.01,9.01",2026-07-08 13:03:46+00:00,18483,FDA_APPROVAL,True,,NONE,False,,297176000.0,434686002.108459,,EOLS|2026-07-08 13:03:00+00:00,False,True,0.044011589138653884,-0.20346318648468686,False,True
0001140361-26-027991,EPAC,"1.01,2.03,7.01,9.01",2026-07-08 21:49:10+00:00,28797,MA_ACTIVITY,True,451400000.0,HIGH,False,,616899000.0,2212509219.2505493,0.7317243179191407,EPAC|2026-07-08 21:49:00+00:00,False,False,-0.012665827054740952,-0.11204328292736665,False,True
0001828318-26-000050,ENVX,"5.02,9.01",2026-07-09 11:35:21+00:00,7423,ADMINISTRATIVE,False,,NONE,False,,31821000.0,2422112100.1624374,,ENVX|2026-07-09 11:35:00+00:00,False,False,0.006735461715204449,-0.12044998860097444,False,False
0001628280-26-048253,EOSE,"2.02,7.01,8.01,9.01",2026-07-15 12:18:57+00:00,6386,ADMINISTRATIVE,False,364000000.0,HIGH,False,,114203000.0,3731497692.9463444,3.1873068133061304,EOSE|2026-07-15 12:18:00+00:00,False,False,0.012903213236342914,-0.19731182801212133,False,False
0001628280-26-047796,EOSE,"5.02,8.01,9.01",2026-07-09 20:24:28+00:00,8746,ADMINISTRATIVE,False,,NONE,True,convertible,114203000.0,3731497692.9463444,,EOSE|2026-07-09 20:24:00+00:00,False,False,-0.0021458696077492068,-0.129828334524403,True,False
0000104894-26-000091,ELME,"1.01,8.01,9.01",2026-07-24 20:16:01+00:00,26453,DEBT_SETTLEMENT,False,418000000.0,HIGH,False,,241935000.0,1450249602.9615555,1.7277367888069108,ELME|2026-07-24 20:16:00+00:00,False,False,0.012345667202249944,-0.018518500803374915,False,False
0001193125-26-302045,ERAS,8.01,2026-07-13 20:19:36+00:00,12947,CLINICAL_RESULT,False,,NONE,False,,,675134963.2834711,,ERAS|2026-07-13 20:19:00+00:00,False,False,0.1458885912120913,-0.03819635045795089,False,True
0001628280-26-049625,EPRT,"8.01,9.01",2026-07-24 20:38:30+00:00,12694,DILUTION_OFFERING,False,,NONE,True,"atm,shelf",561219000.0,6267154938.894642,,EPRT|2026-07-24 20:38:00+00:00,False,False,0.009648227459954306,-0.03485841276067836,True,False
0001193125-26-303357,ERAS,"8.01,9.01",2026-07-14 21:03:03+00:00,19231,DILUTION_OFFERING,False,,NONE,True,shelf,,675134963.2834711,,ERAS|2026-07-14 21:03:00+00:00,False,False,0.091736191460978,-0.08364926456453736,True,False
0001104659-26-082111,ESI,9.01,2026-07-09 12:30:28+00:00,4557,ADMINISTRATIVE,False,,NONE,False,,2551200000.0,6132230932.587219,,ESI|2026-07-09 12:30:00+00:00,False,False,0.010058877926781173,-0.04379293230905523,False,False
0001590714-26-000063,ESI,2.02,2026-07-27 20:18:54+00:00,53964,DILUTION_OFFERING,False,,NONE,False,,2551200000.0,6132230932.587219,,ESI|2026-07-27 20:18:00+00:00,False,False,-0.011969791330204704,-0.11267243811266692,True,False
0001421517-26-000069,ERII,"5.02,9.01",2026-07-13 20:32:37+00:00,7416,ADMINISTRATIVE,False,,NONE,False,,134987000.0,913416291.6787148,,ERII|2026-07-13 20:32:00+00:00,False,False,0.032834082648841356,-0.0353917535740812,False,False
0001728951-26-000049,EPRT,"2.02,7.01,9.01",2026-07-22 20:16:42+00:00,98176,DEBT_SETTLEMENT,False,,NONE,True,atm,561219000.0,6267154938.894642,,EPRT|2026-07-22 20:16:00+00:00,False,False,-0.001422236978903424,-0.0454337938716286,True,False
0001104659-26-080825,ESI,"1.01,5.02,9.01",2026-07-06 21:18:48+00:00,39838,MA_ACTIVITY,True,,NONE,False,,2551200000.0,6132230932.587219,,ESI|2026-07-06 21:18:00+00:00,False,False,-0.00011869961042965116,-0.09762463051348369,False,True
0000033213-26-000035,EQT,2.02,2026-07-14 20:15:32+00:00,4256,ADMINISTRATIVE,False,,NONE,False,,8644211000.0,33486898524.77646,,EQT|2026-07-14 20:15:00+00:00,False,False,0.007782865394096117,-0.03093193410858497,False,False
0001104659-26-084905,ESI,"7.01,9.01",2026-07-20 12:25:44+00:00,59634,MA_ACTIVITY,False,,NONE,False,,2551200000.0,6132230932.587219,,ESI|2026-07-20 12:25:00+00:00,False,False,0.036656204416276816,-0.039820632764951513,False,True
0000033213-26-000041,EQT,"2.02,9.01",2026-07-21 20:31:38+00:00,60163,MA_ACTIVITY,True,15000000.0,HIGH,False,,8644211000.0,33486898524.77646,0.0017352653700840944,EQT|2026-07-21 20:31:00+00:00,False,False,0.05582737080202338,-0.022344455185758005,False,True
0000950142-26-002185,EQH,8.01,2026-07-28 20:29:21+00:00,7053,ADMINISTRATIVE,False,,NONE,False,,11665000000.0,13545039448.605103,,EQH|2026-07-28 20:29:00+00:00,False,False,0.011224474225725478,-0.02336735628089126,False,False
0001104659-26-086092,ESQ,"2.02,7.01,9.01",2026-07-23 12:30:30+00:00,97144,EARNINGS,False,1100000.0,HIGH,False,,,793317455.0491333,,ESQ|2026-07-23 12:30:00+00:00,False,False,0.12152215743921779,-0.0443881722383721,False,False
0001104659-26-080612,ESI,"7.01,9.01",2026-07-06 13:13:10+00:00,84148,MA_ACTIVITY,True,6800000000.0,HIGH,False,,2551200000.0,6132230932.587219,2.66541235497021,ESI|2026-07-06 13:13:00+00:00,False,False,-0.004175160630948027,-0.1426314488591679,False,True
0001104659-26-080612,ESI,"7.01,9.01",2026-07-06 13:13:10+00:00,84148,MA_ACTIVITY,True,6800000000.0,HIGH,False,,2551200000.0,6132230932.587219,2.66541235497021,ESI|2026-07-06 13:13:00+00:00,False,False,-0.004175160630948027,-0.1426314488591679,False,True
0000950142-26-002136,EQH,8.01,2026-07-21 21:01:33+00:00,36545,MA_ACTIVITY,False,10900000000.0,HIGH,False,,11665000000.0,13545039448.605103,0.9344192027432491,EQH|2026-07-21 21:01:00+00:00,False,False,0.021377123704237944,-0.03186028783438588,False,True
0001725210-26-000005,ETHE,5.02,2026-07-02 20:35:24+00:00,6589,ADMINISTRATIVE,False,,NONE,False,,,4429493890.590668,,ETHE|2026-07-02 20:35:00+00:00,False,False,0.03982926381432139,-0.017425379226274407,False,False
0001370637-26-000066,ETSY,"1.01,9.01",2026-07-16 12:30:37+00:00,8517,ADMINISTRATIVE,True,,NONE,False,,2883501000.0,7322140731.630188,,ETSY|2026-07-16 12:30:00+00:00,False,False,0.026828136200635733,-0.038461514078017456,False,False
0001193125-26-299677,EU,"5.02,9.01",2026-07-09 20:05:13+00:00,6271,ADMINISTRATIVE,False,,NONE,False,,43155000.0,578122094.0015473,,EU|2026-07-09 20:05:00+00:00,False,False,0.007407400212333881,-0.14074078064069429,False,False
0001193125-26-309155,ET,"1.01,2.03,9.01",2026-07-20 22:02:28+00:00,7011,DILUTION_OFFERING,True,,NONE,False,,85536000000.0,57566070846.2269,,ET|2026-07-20 22:02:00+00:00,False,False,0.00943547633480879,-0.010795346758062596,True,False
0001193125-26-303176,EQBK,"2.02,7.01,9.01",2026-07-14 20:10:21+00:00,111438,EARNINGS,False,,NONE,False,,,790437841.207077,,EQBK|2026-07-14 20:10:00+00:00,False,False,0.03480691749044351,-0.03660735686358185,False,False
0001725210-26-000010,ETHE,"8.01,9.01",2026-07-17 20:05:10+00:00,64819,ADMINISTRATIVE,False,,NONE,False,,,4429493890.590668,,ETHE|2026-07-17 20:05:00+00:00,False,False,0.04595560281281785,-0.010268346068470602,False,False
0001559865-26-000041,EVTC,"7.01,9.01",2026-07-23 20:09:18+00:00,4262,ADMINISTRATIVE,False,,NONE,False,,931818000.0,1974484713.3515167,,EVTC|2026-07-23 20:09:00+00:00,False,False,0.09933094569543921,-0.0008577669630337459,False,False
0001193125-26-298149,ET,"1.01,8.01,9.01",2026-07-08 14:47:04+00:00,14650,DILUTION_OFFERING,True,1732500000.0,HIGH,True,shelf,85536000000.0,57566070846.2269,0.02025462962962963,ET|2026-07-08 14:47:00+00:00,False,False,0.012543903470742856,-0.021575529282059858,True,False
0002020455-26-000005,ETH,5.02,2026-07-02 20:35:01+00:00,6603,ADMINISTRATIVE,False,,NONE,False,,,2617409156.0,,ETH|2026-07-02 20:35:00+00:00,False,False,0.041691877091600826,-0.01540780498621297,False,False
0000895126-26-000046,EXE,"2.02,7.01,9.01",2026-07-28 20:02:12+00:00,4040,ADMINISTRATIVE,False,,NONE,False,,12124000000.0,24860026867.897415,,EXE|2026-07-28 20:02:00+00:00,False,False,0.02711605357344471,-0.025579034969078762,False,False
0000895126-26-000039,EXE,"7.01,9.01",2026-07-27 11:02:07+00:00,3383,ADMINISTRATIVE,False,,NONE,False,,12124000000.0,24860026867.897415,,EXE|2026-07-27 11:02:00+00:00,False,False,0.01607293329831272,-0.043250413659333575,False,False
0001104659-26-082902,EWTX,"2.01,7.01,9.01",2026-07-13 12:37:12+00:00,17586,FDA_APPROVAL,True,,NONE,False,,,1720295403.6027603,,EWTX|2026-07-13 12:37:00+00:00,False,False,-0.002244886704043214,-0.16017507273145182,False,True
0001069157-26-000041,EWBC,"2.02,7.01,9.01",2026-07-21 20:05:49+00:00,5030,ADMINISTRATIVE,False,,NONE,False,,,13758747152.13919,,EWBC|2026-07-21 20:05:00+00:00,False,False,0.003318153562328785,-0.02699850427050443,False,False
0001104659-26-084088,EWTX,9.01,2026-07-16 12:01:18+00:00,31683,ADMINISTRATIVE,True,,NONE,False,,,1720295403.6027603,,EWTX|2026-07-16 12:01:00+00:00,False,False,0.043456834093501984,-0.07891177394075821,False,False
0001437749-26-024286,EVI,"1.01,3.02,8.01,9.01",2026-07-23 19:45:19+00:00,26819,DILUTION_OFFERING,True,,NONE,False,,389830000.0,299702118.4697628,,EVI|2026-07-23 19:45:00+00:00,False,False,0.12090582974780606,-0.04181187216165594,True,False
0001099800-26-000038,EW,"2.02,9.01",2026-07-23 20:29:00+00:00,42305,MA_ACTIVITY,False,,NONE,False,,6067600000.0,48547300433.34961,,EW|2026-07-23 20:29:00+00:00,False,False,-0.00336890316101357,-0.08896602208290971,False,True
0002020455-26-000010,ETH,"8.01,9.01",2026-07-17 20:03:22+00:00,64165,ADMINISTRATIVE,False,,NONE,False,,,2617409156.0,,ETH|2026-07-17 20:03:00+00:00,False,False,0.04630922429744744,-0.009823246655234374,False,False
0001297989-26-000021,EXLS,"2.02,9.01",2026-07-28 20:03:41+00:00,3704,ADMINISTRATIVE,False,,NONE,False,,2087679000.0,6673723184.750099,,EXLS|2026-07-28 20:03:00+00:00,False,False,0.1312500238418579,-0.003281235694885254,False,False
0001193125-26-296159,EXR,"1.01,2.03,9.01",2026-07-06 20:02:17+00:00,11281,DILUTION_OFFERING,True,,NONE,True,shelf,129476000.0,31893226422.916092,,EXR|2026-07-06 20:02:00+00:00,False,False,0.01579427953752921,-0.03325297518136561,True,False
0001193125-26-308023,EXOD,"2.05,7.01,9.01",2026-07-17 21:26:58+00:00,12633,ADMINISTRATIVE,False,,NONE,False,,121551000.0,294182366.7645092,,EXOD|2026-07-17 21:26:00+00:00,False,False,0.14003945051432098,-0.09861932604948143,False,False
0001104659-26-085393,EXLS,"5.02,8.01,9.01",2026-07-21 20:01:48+00:00,13451,ADMINISTRATIVE,False,,NONE,False,,2087679000.0,6673723184.750099,,EXLS|2026-07-21 20:01:00+00:00,False,False,0.10853418785134661,-0.04837829743400601,False,False
0001493152-26-031970,FATN,"1.01,9.01",2026-07-02 21:25:00+00:00,7332,DILUTION_OFFERING,True,,NONE,True,"atm,shelf",19208294.0,88155575.02128601,,FATN|2026-07-02 21:25:00+00:00,False,True,0.017828222391283344,-0.288200993119634,True,False
0001289490-26-000048,EXR,"2.02,9.01",2026-07-28 20:46:03+00:00,42858,EARNINGS,False,15100000.0,HIGH,True,atm,129476000.0,31893226422.916092,0.11662393030368562,EXR|2026-07-28 20:46:00+00:00,False,False,-0.004374416558782013,-0.03310680767856666,True,False
0001193125-26-312415,FAF,"2.02,9.01",2026-07-22 20:15:15+00:00,53246,DEBT_SETTLEMENT,False,,NONE,False,,7452200000.0,6084586046.600342,,FAF|2026-07-22 20:15:00+00:00,False,False,0.10838060325368382,-0.047182820034371464,False,False
0001193125-26-307929,EXOD,9.01,2026-07-17 20:43:47+00:00,180995,ADMINISTRATIVE,False,,NONE,False,,121551000.0,294182366.7645092,,EXOD|2026-07-17 20:43:00+00:00,False,False,0.14003945051432098,-0.09861932604948143,False,False
0001493152-26-034029,FATN,"8.01,9.01",2026-07-21 14:37:34+00:00,8500,COMMERCIAL_CONTRACT,True,,NONE,False,,19208294.0,88155575.02128601,,FATN|2026-07-21 14:37:00+00:00,False,False,0.1804347697638382,-0.03467394029936455,False,False
0001493152-26-034358,FATN,"7.01,9.01",2026-07-23 15:23:35+00:00,7022,DILUTION_OFFERING,False,,NONE,True,"atm,shelf",19208294.0,88155575.02128601,,FATN|2026-07-23 15:23:00+00:00,False,False,0.16149724209638627,-0.030994720010411925,True,False
0001649749-26-000056,FBK,"7.01,9.01",2026-07-27 20:17:37+00:00,3953,ADMINISTRATIVE,False,,NONE,False,,,2898685416.660248,,FBK|2026-07-27 20:17:00+00:00,False,False,0.018778558600744955,0.000676719930879921,False,False
0001493152-26-035078,EZRA,"5.02,9.01",2026-07-28 19:58:14+00:00,4638,ADMINISTRATIVE,False,,NONE,False,,12430959.0,186011107.88422394,,EZRA|2026-07-28 19:58:00+00:00,False,False,0.0,-0.11167513980465893,False,False
0001649749-26-000052,FBK,"2.02,7.01,9.01",2026-07-13 20:18:15+00:00,4842,ADMINISTRATIVE,False,,NONE,False,,,2898685416.660248,,FBK|2026-07-13 20:18:00+00:00,False,False,0.0853702036136379,-0.014272957144512932,False,False
0001539838-26-000134,FANG,2.02,2026-07-13 20:03:27+00:00,9665,ADMINISTRATIVE,False,,NONE,False,,15026000000.0,41150450191.11694,,FANG|2026-07-13 20:03:00+00:00,False,False,0.023066790445801955,-0.03187147210941743,False,False
0001193125-26-321038,FBLA,"2.02,9.01",2026-07-28 20:20:44+00:00,49645,DILUTION_OFFERING,False,2700000.0,HIGH,False,,66465000.0,241025617.4325943,0.040622884224779957,FBLA|2026-07-28 20:20:00+00:00,False,False,0.03496766803090279,-0.009067318228836552,True,False
0000815556-26-000037,FAST,"2.02,9.01",2026-07-14 12:01:18+00:00,3096,ADMINISTRATIVE,False,,NONE,False,,8200500000.0,46070674709.96445,,FAST|2026-07-14 12:01:00+00:00,False,False,0.012290874252810724,-0.08655233711869081,False,False
0000815556-26-000043,FAST,5.02,2026-07-16 20:05:10+00:00,5839,ADMINISTRATIVE,False,,NONE,False,,8200500000.0,46070674709.96445,,FAST|2026-07-16 20:05:00+00:00,False,False,0.008032558401391388,-0.05622790880974016,False,False
0001193125-26-307792,EYPT,"1.01,9.01",2026-07-17 20:05:14+00:00,7601,ADMINISTRATIVE,True,,NONE,False,,31371000.0,808518663.6975288,,EYPT|2026-07-17 20:05:00+00:00,False,False,0.02053655182275138,-0.1074930183275562,False,False
0001057706-26-000020,FBP,"2.01,9.01",2026-07-22 13:32:52+00:00,4787,ADMINISTRATIVE,False,,NONE,False,,1000818000.0,3158042642.891449,,FBP|2026-07-22 13:32:00+00:00,False,False,0.04965811857874192,-0.007196860609950728,False,False
0001437749-26-023945,FCBC,"2.02,8.01,9.01",2026-07-21 20:14:00+00:00,4926,ADMINISTRATIVE,False,,NONE,False,,,604758171.4838982,,FCBC|2026-07-21 20:14:00+00:00,False,False,0.05282295357922795,-0.05692897442969824,False,False
0001104659-26-086673,FCAP,"2.02,9.01",2026-07-24 20:45:29+00:00,42349,ADMINISTRATIVE,False,,NONE,False,,7170000.0,134204720.0,,FCAP|2026-07-24 20:45:00+00:00,False,False,0.0811266027982529,0.013030711151949426,False,False
0001193125-26-316766,FBRX,"1.01,7.01,9.01",2026-07-27 10:06:03+00:00,41998,MA_ACTIVITY,True,,NONE,False,,,150188875.37144852,,FBRX|2026-07-27 10:06:00+00:00,False,False,0.003270966884754367,-0.0005233666801992554,False,True
0000712537-26-000026,FCF,"2.02,7.01,9.01",2026-07-28 21:02:27+00:00,54865,EARNINGS,False,,NONE,False,,,1631850694.54945,,FCF|2026-07-28 21:02:00+00:00,False,False,0.022072281007415206,-0.019670644701270446,False,False
0001104659-26-085427,FCEL,"8.01,9.01",2026-07-21 20:34:07+00:00,3819,ADMINISTRATIVE,False,,NONE,True,shelf,158162000.0,260301550.11172104,,FCEL|2026-07-21 20:34:00+00:00,False,False,0.18844694053434474,-0.011126922396471506,True,False
0001193125-26-321084,FCPT,"7.01,9.01",2026-07-28 20:32:03+00:00,10391,DEBT_SETTLEMENT,False,,NONE,False,,31484000.0,2492518548.079956,,FCPT|2026-07-28 20:32:00+00:00,False,False,0.012421129150351096,-0.03649920877655888,False,False
0001193125-26-299177,FBRX,"7.01,8.01,9.01",2026-07-09 12:05:21+00:00,30675,CLINICAL_RESULT,False,,NONE,False,,,150188875.37144852,,FBRX|2026-07-09 12:05:00+00:00,True,False,1.017857303068738,-0.004790884468167,False,True
0001552781-26-000389,FCCO,"2.02,5.02,9.01",2026-07-22 20:06:31+00:00,84068,EARNINGS,False,,NONE,False,,922000.0,205209637.66376495,,FCCO|2026-07-22 20:06:00+00:00,False,False,0.10429542448526341,0.0026266712876843457,False,False
0001193125-26-306204,FCPT,"7.01,8.01,9.01",2026-07-16 20:51:56+00:00,8547,ADMINISTRATIVE,False,268000000.0,HIGH,False,,31484000.0,2492518548.079956,8.512260195654935,FCPT|2026-07-16 20:51:00+00:00,False,False,0.010914599881754361,-0.030861863163060277,False,False
0000811589-26-000151,FBNC,"2.02,9.01",2026-07-22 20:05:34+00:00,6409,ADMINISTRATIVE,False,,NONE,False,,67623000.0,2017975808.1400452,,FBNC|2026-07-22 20:05:00+00:00,False,False,0.03400404324273554,-0.018637250086109725,False,False
0001552781-26-000396,FCCO,"7.01,9.01",2026-07-27 20:28:50+00:00,30633,DILUTION_OFFERING,False,,NONE,False,,922000.0,205209637.66376495,,FCCO|2026-07-27 20:28:00+00:00,False,False,0.05164806038133718,-0.03663916858907723,True,False
0000811589-26-000149,FBNC,"1.01,8.01,9.01",2026-07-14 12:45:27+00:00,17955,MA_ACTIVITY,True,166000000.0,HIGH,False,,67623000.0,2017975808.1400452,2.454786093488902,FBNC|2026-07-14 12:45:00+00:00,False,False,0.013944996499536177,-0.07764989060251348,False,True
0000038725-26-000051,FELE,"2.02,9.01",2026-07-28 12:00:12+00:00,21620,EARNINGS,False,,NONE,False,,2131250000.0,4415989269.308044,,FELE|2026-07-28 12:00:00+00:00,False,False,0.03489409928970488,-0.08658745531510603,False,False
0000038725-26-000053,FELE,"7.01,9.01",2026-07-28 20:00:17+00:00,3708,ADMINISTRATIVE,False,,NONE,False,,2131250000.0,4415989269.308044,,FELE|2026-07-28 20:00:00+00:00,False,False,-0.008526269645074969,-0.08257042810476711,False,False
0000840489-26-000080,FCFS,5.02,2026-07-22 11:49:11+00:00,5267,ADMINISTRATIVE,False,,NONE,False,,1668410000.0,6804637349.703857,,FCFS|2026-07-22 11:49:00+00:00,False,False,0.0569355237914817,-0.0922981130216346,False,False
0000831259-26-000033,FCX,"2.02,7.01,9.01",2026-07-23 12:06:44+00:00,3856,ADMINISTRATIVE,False,,NONE,False,,25186000000.0,60575308741.72428,,FCX|2026-07-23 12:06:00+00:00,False,False,0.024264233111201516,-0.0618347009532384,False,False
0001193125-26-308409,FDMT,8.01,2026-07-20 12:30:05+00:00,7131,ADMINISTRATIVE,False,,NONE,False,,85209000.0,1251919875.0611515,,FDMT|2026-07-20 12:30:00+00:00,False,False,0.08193189117951993,-0.15055678952977902,False,False
0001104659-26-082100,FCEL,"1.01,7.01,9.01",2026-07-09 12:15:34+00:00,19642,DILUTION_OFFERING,True,,NONE,True,shelf,158162000.0,260301550.11172104,,FCEL|2026-07-09 12:15:00+00:00,False,True,0.014049592639210795,-0.2177686070917112,True,False
0000840489-26-000082,FCFS,"2.02,8.01,9.01",2026-07-23 19:26:57+00:00,5322,ADMINISTRATIVE,False,,NONE,False,,1668410000.0,6804637349.703857,,FCFS|2026-07-23 19:26:00+00:00,False,False,0.10180261038653371,-0.012712318486872598,False,False
0001104659-26-084072,FCFS,"8.01,9.01",2026-07-16 11:00:26+00:00,17633,MA_ACTIVITY,False,,NONE,False,,1668410000.0,6804637349.703857,,FCFS|2026-07-16 11:00:00+00:00,False,False,0.028631256094547197,-0.12048419234229013,False,True
0001437749-26-024048,FDBC,"2.02,9.01",2026-07-22 12:59:49+00:00,3836,ADMINISTRATIVE,False,,NONE,False,,,248743741.42014313,,FDBC|2026-07-22 12:59:00+00:00,False,False,0.05980524959321509,-0.019074167777549778,False,False
0001437749-26-024674,FF,"8.01,9.01",2026-07-28 20:17:01+00:00,2970,ADMINISTRATIVE,False,,NONE,False,,95742000.0,166890353.32355833,,FF|2026-07-28 20:17:00+00:00,False,False,0.012474000726259593,-0.03950105186709507,False,False
0001185185-26-002982,FEIM,"2.02,9.01",2026-07-15 20:10:31+00:00,38701,DEBT_SETTLEMENT,False,900000.0,HIGH,False,,63227000.0,348438961.90382767,0.014234425166463694,FEIM|2026-07-15 20:10:00+00:00,True,False,0.5049532596195969,-0.07887852748977808,False,False
0001934850-26-000077,FG,"2.02,7.01",2026-07-08 20:10:34+00:00,9713,ADMINISTRATIVE,False,,NONE,False,,5731000000.0,3916933670.7257767,,FG|2026-07-08 20:10:00+00:00,False,False,0.16952108950204936,-0.014397115176921438,False,False
0000036966-26-000149,FHN,"5.03,9.01",2026-07-28 20:31:37+00:00,4906,ADMINISTRATIVE,False,,NONE,False,,3419000000.0,10520530420.637375,,FHN|2026-07-28 20:31:00+00:00,False,False,0.008310716593143752,-0.011209930657889222,False,False
0000036966-26-000143,FHN,"2.02,7.01,9.01",2026-07-15 10:32:14+00:00,10735,ADMINISTRATIVE,False,,NONE,False,,3419000000.0,10520530420.637375,,FHN|2026-07-15 10:32:00+00:00,False,False,0.035063400828336366,-0.030110944365042913,False,False
0001048695-26-000063,FFIV,"2.02,9.01",2026-07-27 20:06:52+00:00,32978,FDA_APPROVAL,False,,NONE,False,,3088072000.0,15371712977.21466,,FFIV|2026-07-27 20:06:00+00:00,False,False,0.05010284840031165,-0.06868194174805409,False,True
0001104659-26-083898,FHB,"1.01,9.01",2026-07-15 20:23:11+00:00,30456,MA_ACTIVITY,True,,NONE,False,,880788000.0,3048389612.1400757,,FHB|2026-07-15 20:23:00+00:00,False,False,0.033633817899527685,-0.004854347742986209,False,True
0001193125-26-307884,FFIN,"2.02,9.01",2026-07-17 20:27:53+00:00,65630,EARNINGS,False,200000.0,HIGH,False,,,4393288672.579582,,FFIN|2026-07-17 20:27:00+00:00,False,False,-0.0007078574772063639,-0.03878819206460882,False,False
0000860413-26-000081,FIBK,"2.02,7.01,8.01,9.01",2026-07-23 20:14:03+00:00,4942,ADMINISTRATIVE,False,,NONE,False,,,3366950370.7194824,,FIBK|2026-07-23 20:14:00+00:00,False,False,0.01191094259869363,-0.01727748257147743,False,False
0000860413-26-000078,FIBK,"5.02,9.01",2026-07-16 20:06:43+00:00,7081,ADMINISTRATIVE,False,,NONE,False,,,3366950370.7194824,,FIBK|2026-07-16 20:06:00+00:00,False,False,0.002006974790076832,-0.05820370444805556,False,False
0000860413-26-000075,FIBK,"5.02,9.01",2026-07-09 20:02:59+00:00,5955,ADMINISTRATIVE,False,,NONE,False,,,3366950370.7194824,,FIBK|2026-07-09 20:02:00+00:00,False,False,0.036904603240295764,-0.014685147903674922,False,False
0001104659-26-086492,FHB,"2.02,9.01",2026-07-24 12:03:08+00:00,103413,EARNINGS,False,,NONE,False,,880788000.0,3048389612.1400757,,FHB|2026-07-24 12:03:00+00:00,False,False,0.010116832336175552,-0.03715334031197337,False,False
0001104659-26-084625,FISN,"5.02,5.07,9.01",2026-07-17 20:06:13+00:00,5362,ADMINISTRATIVE,False,,NONE,False,,,,,FISN|2026-07-17 20:06:00+00:00,False,False,0.11581925698353168,-0.17137473770588518,False,False
0001193125-26-312573,FIVE,8.01,2026-07-22 21:19:51+00:00,5032,ADMINISTRATIVE,False,,NONE,False,,4764147000.0,8998636085.262573,,FIVE|2026-07-22 21:19:00+00:00,False,False,0.06317579740635071,-0.022557481984797456,False,False
0001408534-26-000057,FGBI,"2.02,9.01",2026-07-27 20:31:19+00:00,55796,DILUTION_OFFERING,False,227000000.0,HIGH,False,,,106165044.46789742,,FGBI|2026-07-27 20:31:00+00:00,False,False,0.035256403398544967,-0.005341799027191008,True,False
0001104659-26-082853,FHB,"2.02,7.01,8.01,9.01",2026-07-13 11:15:25+00:00,81251,MA_ACTIVITY,False,,NONE,False,,880788000.0,3048389612.1400757,,FHB|2026-07-13 11:15:00+00:00,False,False,0.06123173029588003,-0.0035599993209866065,False,True
0001062993-26-003649,FJET,"4.01,9.01",2026-07-14 20:30:22+00:00,5209,ADMINISTRATIVE,False,,NONE,True,going_concern,0.0,,,FJET|2026-07-14 20:30:00+00:00,False,True,0.022727201076311987,-0.2665289585955609,True,False
0001062993-26-003826,FJET,"4.01,7.01,9.01",2026-07-24 17:50:50+00:00,4563,ADMINISTRATIVE,False,,NONE,False,,0.0,,,FJET|2026-07-24 17:50:00+00:00,False,False,0.07172534169377687,-0.028569783019763206,False,False
0000708955-26-000133,FFBC,"7.01,9.01",2026-07-27 20:16:13+00:00,3943,ADMINISTRATIVE,False,,NONE,False,,,2257878275.174553,,FFBC|2026-07-27 20:16:00+00:00,False,False,0.007667305299414284,-0.016399260999428233,False,False
0001193125-26-314084,FISI,"2.02,7.01,9.01",2026-07-23 20:06:14+00:00,77585,ADMINISTRATIVE,False,155000000.0,HIGH,False,,,582148987.8957691,,FISI|2026-07-23 20:06:00+00:00,False,False,0.08247943981797334,-0.0008965124639171984,False,False
0001193125-26-297448,FISV,"5.02,7.01",2026-07-07 20:01:09+00:00,6167,ADMINISTRATIVE,False,,NONE,False,,21193000000.0,64143995240.0,,FISV|2026-07-07 20:01:00+00:00,False,False,0.0140395487487881,-0.03601860248519695,False,False
0001856365-26-000090,FINW,"7.01,9.01",2026-07-20 20:16:23+00:00,3749,ADMINISTRATIVE,False,,NONE,False,,,259569226.31435394,,FINW|2026-07-20 20:16:00+00:00,False,False,0.02312688358878412,-0.08775795243527396,False,False
0000910073-26-000065,FLG,"2.02,7.01,8.01,9.01",2026-07-24 10:08:02+00:00,5889,ADMINISTRATIVE,False,,NONE,False,,,4791571187.539699,,FLG|2026-07-24 10:08:00+00:00,False,False,-0.014393422614853324,-0.0657984940443399,False,False
0001213900-26-078757,FLZH,"5.02,7.01,9.01",2026-07-16 20:55:30+00:00,26188,ADMINISTRATIVE,False,,NONE,False,,17399438.0,125695909.45664787,,FLZH|2026-07-16 20:55:00+00:00,False,True,0.017142840794154512,-0.2857142857142857,False,False
0001104659-26-085424,FFBC,"1.01,2.02,7.01,9.01",2026-07-21 20:30:48+00:00,224462,MA_ACTIVITY,True,,NONE,False,,,2257878275.174553,,FFBC|2026-07-21 20:30:00+00:00,False,False,0.009456255714577644,-0.02098106032125302,False,True
0001437749-26-024042,FMNB,"2.02,7.01,9.01",2026-07-22 12:05:26+00:00,5356,ADMINISTRATIVE,False,,NONE,False,,279922000.0,487146328.2628794,,FMNB|2026-07-22 12:05:00+00:00,False,False,0.0897087890673931,-0.008801632390782022,False,False
0001104659-26-086255,FIX,"2.02,8.01,9.01",2026-07-23 20:05:14+00:00,31537,DEBT_SETTLEMENT,False,,NONE,False,,1831286000.0,29593377342.19629,,FIX|2026-07-23 20:05:00+00:00,False,False,0.012079412655255028,-0.18418299482083833,False,False
0001171843-26-004848,FMBH,"2.02,9.01",2026-07-23 12:00:27+00:00,3935,ADMINISTRATIVE,False,,NONE,False,,,876863812.1502457,,FMBH|2026-07-23 12:00:00+00:00,False,False,0.09568788037798881,-0.00718690520195453,False,False
0001171843-26-004658,FMBH,"1.01,2.03,9.01",2026-07-15 13:00:31+00:00,4985,DEBT_SETTLEMENT,True,,NONE,False,,,876863812.1502457,,FMBH|2026-07-15 13:00:00+00:00,False,False,0.11340639457095936,0.002921218401192416,False,False
0000037808-26-000023,FNB,"2.02,9.01",2026-07-17 11:34:22+00:00,61643,EARNINGS,False,200000000.0,HIGH,False,,,5563132949.658573,,FNB|2026-07-17 11:34:00+00:00,False,False,-0.00013018529210062635,-0.03657432150226081,False,False
0001193125-26-297378,FMAO,5.02,2026-07-07 19:19:30+00:00,5426,ADMINISTRATIVE,False,,NONE,False,,,315790071.50118256,,FMAO|2026-07-07 19:19:00+00:00,False,False,0.18301512901694506,-0.07927909251388243,False,False
0001140361-26-028971,FMCB,"2.02,9.01",2026-07-20 20:30:49+00:00,27856,ADMINISTRATIVE,False,,NONE,False,,,726143342.75,,FMCB|2026-07-20 20:30:00+00:00,False,False,0.0237112941556461,0.0011925905845293627,False,False
0001140361-26-029401,FMCB,"7.01,9.01",2026-07-23 18:45:33+00:00,16812,ADMINISTRATIVE,False,,NONE,False,,,726143342.75,,FMCB|2026-07-23 18:45:00+00:00,False,False,0.019926199261992572,0.0036900369003689537,False,False
0001628280-26-047308,FNWD,8.01,2026-07-06 20:45:19+00:00,3210,ADMINISTRATIVE,False,,NONE,False,,,144710781.98044586,,FNWD|2026-07-06 20:45:00+00:00,True,False,0.2143821608717269,-0.04676948576460027,False,False
0001193125-26-318198,FMAO,"2.02,9.01",2026-07-27 20:45:28+00:00,72634,EARNINGS,False,,NONE,False,,,315790071.50118256,,FMAO|2026-07-27 20:45:00+00:00,False,False,0.13770175540074314,0.009180088850203827,False,False
0001628280-26-048958,FOR,"2.02,9.01",2026-07-21 16:00:41+00:00,3759,ADMINISTRATIVE,False,,NONE,False,,1662400000.0,1310479183.2843685,,FOR|2026-07-21 16:00:00+00:00,False,False,0.1174484470138184,0.0035701415839581863,False,False
0001628280-26-050219,FNWD,"2.02,9.01",2026-07-28 20:50:07+00:00,3777,ADMINISTRATIVE,False,,NONE,False,,,144710781.98044586,,FNWD|2026-07-28 20:50:00+00:00,False,False,0.009238392013169117,-0.0009013275025827605,False,False
0001193125-26-310388,FNWD,"1.01,7.01,9.01",2026-07-21 20:30:46+00:00,48440,MA_ACTIVITY,False,,NONE,False,,,144710781.98044586,,FNWD|2026-07-21 20:30:00+00:00,False,False,0.041743953656027344,0.00641005395691252,False,True
0000723646-26-000065,FRAF,"7.01,9.01",2026-07-24 12:00:23+00:00,24970,DILUTION_OFFERING,False,,NONE,False,,,204717248.1807518,,FRAF|2026-07-24 12:00:00+00:00,False,False,0.04457367922880029,-0.03423770986072161,True,False
0000723646-26-000058,FRAF,"8.01,9.01",2026-07-17 20:26:06+00:00,3437,ADMINISTRATIVE,False,,NONE,False,,,204717248.1807518,,FRAF|2026-07-17 20:26:00+00:00,False,False,0.035708559087155534,-0.04243397107292801,False,False
0000723646-26-000069,FRAF,"7.01,9.01",2026-07-24 14:36:14+00:00,25594,DILUTION_OFFERING,False,,NONE,False,,,204717248.1807518,,FRAF|2026-07-24 14:36:00+00:00,False,False,0.056000004982461826,-0.0017142782405931145,True,False
0000723646-26-000063,FRAF,"2.02,9.01",2026-07-24 11:45:27+00:00,43248,EARNINGS,False,17400000.0,HIGH,False,,,204717248.1807518,,FRAF|2026-07-24 11:45:00+00:00,False,False,0.04457367922880029,-0.03423770986072161,False,False
0000765207-26-000095,FNLC,5.02,2026-07-08 20:18:23+00:00,3967,ADMINISTRATIVE,False,,NONE,False,,,277462053.0,,FNLC|2026-07-08 20:18:00+00:00,False,False,0.03583820038010255,-0.05664737488178295,False,False
0001213900-26-080917,FRMI,"5.02,9.01",2026-07-23 20:34:58+00:00,8691,ADMINISTRATIVE,False,,NONE,False,,,,,FRMI|2026-07-23 20:34:00+00:00,False,False,0.15190837505112342,-0.08549624478008921,False,False
0000921825-26-000060,FR,"2.02,9.01",2026-07-22 20:55:14+00:00,34458,ADMINISTRATIVE,False,,NONE,False,,727076000.0,7106176107.559204,,FR|2026-07-22 20:55:00+00:00,False,False,0.0008160888480650552,-0.042065423632071997,False,False
0001213900-26-078366,FRMI,"1.01,2.03,3.02,7.01,9.01",2026-07-15 20:54:32+00:00,24423,DEBT_SETTLEMENT,True,431250000.0,HIGH,True,convertible,,,,FRMI|2026-07-15 20:54:00+00:00,False,False,0.1190864609209008,-0.07014686739773401,True,False
0001213900-26-079998,FRMI,"5.02,9.01",2026-07-21 20:01:13+00:00,3951,ADMINISTRATIVE,False,,NONE,False,,,,,FRMI|2026-07-21 20:01:00+00:00,False,False,0.13111656196298727,-0.07576759564747415,False,False
0001213900-26-077385,FRMI,"5.02,9.01",2026-07-13 13:15:42+00:00,5022,ADMINISTRATIVE,False,,NONE,False,,,,,FRMI|2026-07-13 13:15:00+00:00,False,False,0.05580691993551845,-0.12971344172999677,False,False
0001213900-26-076788,FRMI,"7.01,8.01,9.01",2026-07-09 21:11:38+00:00,34120,FDA_APPROVAL,False,,NONE,False,,,,,FRMI|2026-07-09 21:11:00+00:00,False,False,0.1345218660361185,-0.02593190363592579,False,True
0000765207-26-000098,FNLC,2.02,2026-07-22 20:17:04+00:00,41812,EARNINGS,False,,NONE,False,,,277462053.0,,FNLC|2026-07-22 20:17:00+00:00,False,False,0.05847606339472455,-0.023626675210867365,False,False
0001140361-26-029689,FRNM,"7.01,8.01,9.01",2026-07-27 12:10:47+00:00,22174,FDA_APPROVAL,False,,NONE,False,,,94370138.85974884,,FRNM|2026-07-27 12:10:00+00:00,False,False,-0.0008467594010602708,-0.15580017673256008,False,True
0001628280-26-047852,FSBC,"7.01,9.01",2026-07-10 16:09:26+00:00,3892,ADMINISTRATIVE,False,,NONE,False,,,761984766.7194939,,FSBC|2026-07-10 16:09:00+00:00,False,False,0.03928862049631454,-0.07516546919671441,False,False
0001628280-26-048805,FSBC,"7.01,9.01",2026-07-20 18:06:20+00:00,6918,ADMINISTRATIVE,False,,NONE,False,,,761984766.7194939,,FSBC|2026-07-20 18:06:00+00:00,False,False,0.02425987499964699,-0.08048932904305373,False,False
0000883569-26-000049,FOSL,"8.01,9.01",2026-07-20 20:34:09+00:00,8237,ADMINISTRATIVE,False,,NONE,False,,1004406000.0,110797857.0623765,,FOSL|2026-07-20 20:34:00+00:00,True,False,0.3394567070734138,-0.04197532550315741,False,False
0001628280-26-049183,FSBC,"2.02,7.01,9.01",2026-07-22 20:02:07+00:00,4819,ADMINISTRATIVE,False,,NONE,False,,,761984766.7194939,,FSBC|2026-07-22 20:02:00+00:00,False,False,0.03881942661286164,-0.019748442738810823,False,False
0000712534-26-000048,FRME,5.02,2026-07-02 20:10:19+00:00,3951,ADMINISTRATIVE,False,,NONE,False,,,2151684300.9577675,,FRME|2026-07-02 20:10:00+00:00,False,False,0.03897296663381633,-0.03897296663381644,False,False
0000712534-26-000056,FRME,"2.02,9.01",2026-07-22 20:12:30+00:00,60285,ADMINISTRATIVE,False,38300000.0,HIGH,False,,,2151684300.9577675,,FRME|2026-07-22 20:12:00+00:00,False,False,0.048944359419162975,-0.028430934851597423,False,False
0000924805-26-000028,FRHC,"5.02,9.01",2026-07-10 20:16:17+00:00,3254,ADMINISTRATIVE,False,,NONE,False,,2191291000.0,10211548753.458252,,FRHC|2026-07-10 20:16:00+00:00,False,False,0.044481546302977515,-0.15093996549977484,False,False
0000712534-26-000051,FRME,"8.01,9.01",2026-07-13 20:33:45+00:00,4046,ADMINISTRATIVE,False,,NONE,False,,,2151684300.9577675,,FRME|2026-07-13 20:33:00+00:00,False,False,0.04665128160174992,-0.08545036554579466,False,False
0001140361-26-029471,FRNM,"1.01,2.01,3.02,3.03,4.01,5.01,5.02,5.03,5.05,5.06,7.01,8.01,9.01",2026-07-24 01:30:39+00:00,124494,MA_ACTIVITY,True,310300000.0,HIGH,True,reverse_split,,94370138.85974884,,FRNM|2026-07-24 01:30:00+00:00,False,False,0.002003339965645834,-0.1847914439736983,True,False
0001552781-26-000394,FSBC,"1.01,8.01,9.01",2026-07-23 20:11:16+00:00,23340,DILUTION_OFFERING,True,,NONE,True,shelf,,761984766.7194939,,FSBC|2026-07-23 20:11:00+00:00,False,False,0.009825467329332316,-0.04400542662327789,True,False
0000924805-26-000026,FRHC,"3.02,7.01,9.01",2026-07-10 20:10:57+00:00,6024,ADMINISTRATIVE,False,,NONE,False,,2191291000.0,10211548753.458252,,FRHC|2026-07-10 20:10:00+00:00,False,False,0.044481546302977515,-0.15093996549977484,True,False
0001193125-26-314591,FTH,5.02,2026-07-23 21:15:56+00:00,6159,ADMINISTRATIVE,False,,NONE,True,reverse_split,,11824593.75,,FTH|2026-07-23 21:15:00+00:00,False,False,0.15449238784660824,-0.012782997985719913,True,False
0001104659-26-082282,FSK,"7.01,9.01",2026-07-09 20:27:35+00:00,9292,ADMINISTRATIVE,False,,NONE,False,,,4257009728.181567,,FSK|2026-07-09 20:27:00+00:00,False,False,0.05042420531557057,0.0,False,False
0001213900-26-078494,FRMM,"1.01,7.01,9.01",2026-07-16 12:00:14+00:00,14508,DILUTION_OFFERING,True,11650000.0,HIGH,True,"atm,convertible",6547000.0,103391246.02830505,1.779440965327631,FRMM|2026-07-16 12:00:00+00:00,False,False,0.10256848655155948,-0.125,True,False
0001437749-26-023959,FSBW,"2.02,8.01,9.01",2026-07-21 20:39:48+00:00,3776,ADMINISTRATIVE,False,,NONE,False,,,290787732.8071289,,FSBW|2026-07-21 20:39:00+00:00,False,False,0.04339084995855158,-0.01868056037892596,False,False
0001628280-26-048152,FTRE,5.02,2026-07-14 20:05:39+00:00,10036,ADMINISTRATIVE,False,,NONE,False,,2723400000.0,949768003.4637451,,FTRE|2026-07-14 20:05:00+00:00,False,False,0.107940494083123,-0.043502148392985274,False,False
0000700564-26-000029,FULT,"2.02,9.01",2026-07-22 20:30:58+00:00,4915,ADMINISTRATIVE,False,,NONE,False,,276768000.0,3188647157.6503773,,FULT|2026-07-22 20:30:00+00:00,False,False,0.001882490141017934,-0.04465006368058433,False,False
0001437749-26-023846,FUL,"1.01,1.02,2.03,9.01",2026-07-20 19:15:37+00:00,8932,DEBT_SETTLEMENT,True,,NONE,False,,3473589000.0,3287522607.393524,,FUL|2026-07-20 19:15:00+00:00,False,False,0.04343541389088168,-0.02095650985617159,False,False
0001104659-26-086283,FRST,"2.02,7.01,8.01,9.01",2026-07-23 20:35:43+00:00,116009,ADMINISTRATIVE,False,5900000.0,HIGH,False,,,264667801.25962257,,FRST|2026-07-23 20:35:00+00:00,False,False,0.050563598499232976,-0.0698872827572854,False,False
0000700564-26-000025,FULT,5.02,2026-07-21 20:34:39+00:00,6440,ADMINISTRATIVE,False,,NONE,False,,276768000.0,3188647157.6503773,,FULT|2026-07-21 20:34:00+00:00,False,False,0.012060085278090105,-0.03494516818458859,False,False
0000928054-26-000069,FTK,"1.01,2.03,9.01",2026-07-17 20:29:33+00:00,4846,ADMINISTRATIVE,True,,NONE,False,,237262000.0,518034281.43987846,,FTK|2026-07-17 20:29:00+00:00,False,False,0.07669062105420399,-0.18322624102503093,False,False
0001709442-26-000043,FSUN,"2.02,7.01,8.01,9.01",2026-07-27 21:16:18+00:00,4728,ADMINISTRATIVE,False,,NONE,False,,,944721558.7743759,,FSUN|2026-07-27 21:16:00+00:00,False,False,0.07916549066710843,0.0,False,False
0001709442-26-000041,FSUN,"2.02,7.01",2026-07-09 20:30:14+00:00,8861,ADMINISTRATIVE,False,23600000.0,HIGH,False,,,944721558.7743759,,FSUN|2026-07-09 20:30:00+00:00,False,False,0.11806536936874212,-0.06730497050457884,False,False
0001675644-26-000077,FVCB,"2.02,8.01,9.01",2026-07-21 20:12:28+00:00,3393,ADMINISTRATIVE,False,,NONE,False,,1781000.0,221133165.75,,FVCB|2026-07-21 20:12:00+00:00,False,False,0.06266926117301197,-0.033296093607159016,False,False
0001628280-26-047229,FTHM,"1.01,9.01",2026-07-06 20:05:44+00:00,6437,MA_ACTIVITY,True,,NONE,False,,420477000.0,35183902.5,,FTHM|2026-07-06 20:05:00+00:00,False,True,0.014679772720145756,-0.21458124594732453,False,True
0001999001-26-000087,FUN,"5.02,7.01,9.01",2026-07-02 20:46:54+00:00,9141,ADMINISTRATIVE,False,,NONE,False,,3100289000.0,2286887986.232998,,FUN|2026-07-02 20:46:00+00:00,False,False,0.002442131514923007,-0.11747501433649365,False,False
0001193125-26-297752,GAIN,"8.01,9.01",2026-07-07 22:30:35+00:00,7702,ADMINISTRATIVE,False,,NONE,False,,,534687018.95231247,,GAIN|2026-07-07 22:30:00+00:00,False,False,0.03999997652493992,-0.023600006103515647,False,False
0000714395-26-000030,GABC,"2.02,8.01,9.01",2026-07-27 20:25:25+00:00,4127,ADMINISTRATIVE,False,,NONE,False,,487401000.0,1507965408.8277283,,GABC|2026-07-27 20:25:00+00:00,False,False,0.04808443155719999,-0.013366852573413968,False,False
0001104659-26-085078,FUNC,"2.02,7.01,9.01",2026-07-20 20:21:35+00:00,134015,DEBT_SETTLEMENT,False,2200000.0,HIGH,False,,18426000.0,227441280.19299698,0.11939650493867361,FUNC|2026-07-20 20:21:00+00:00,False,False,0.021510173907625108,-0.03898726499717464,False,False
0001493152-26-032696,FUBO,"5.02,7.01,9.01",2026-07-09 20:33:34+00:00,20857,MA_ACTIVITY,False,,NONE,False,,402347000.0,15162938047.030823,,FUBO|2026-07-09 20:33:00+00:00,False,False,0.05714285177382483,-0.1103448204583537,False,True
0001104659-26-082256,GBDC,"1.01,2.03,9.01",2026-07-09 20:05:57+00:00,5503,DEBT_SETTLEMENT,True,,NONE,False,,,3753243742.0858154,,GBDC|2026-07-09 20:05:00+00:00,False,False,0.04435795158778233,-0.005447521122215582,False,False
0001476765-26-000036,GBDC,"2.02,9.01",2026-07-07 21:15:13+00:00,4084,ADMINISTRATIVE,False,,NONE,False,,,3753243742.0858154,,GBDC|2026-07-07 21:15:00+00:00,False,False,0.0517568401261872,-0.008627424053117339,False,False
0001140361-26-029601,GBTG,8.01,2026-07-24 20:09:12+00:00,34539,MA_ACTIVITY,False,1534000000.0,HIGH,False,,2718000000.0,3755486289.252056,0.5643855776306107,GBTG|2026-07-24 20:09:00+00:00,False,False,0.002123089588893512,-0.0010615954141022232,False,True
0000868671-26-000062,GBCI,"2.02,9.01",2026-07-23 20:38:33+00:00,87390,EARNINGS,False,,NONE,False,,101072000.0,5616965837.666565,,GBCI|2026-07-23 20:38:00+00:00,False,False,0.009546530506957085,-0.034805092332670706,False,False
0001104659-26-084086,GANX,8.01,2026-07-16 11:53:02+00:00,5172,ADMINISTRATIVE,False,,NONE,False,,,65426464.805579424,,GANX|2026-07-16 11:53:00+00:00,False,False,0.11834314893655451,-0.05325445581737076,False,False
0001193125-26-313490,GBFH,"8.01,9.01",2026-07-23 14:37:54+00:00,6872,ADMINISTRATIVE,False,,NONE,False,,1235000000.0,510501992.0,,GBFH|2026-07-23 14:37:00+00:00,False,True,0.07454665084510981,-0.252518478320114,False,False
0001683168-26-005625,FWDI,5.02,2026-07-17 21:52:25+00:00,7181,ADMINISTRATIVE,False,,NONE,False,,18187525.0,18796899.41902256,,FWDI|2026-07-17 21:52:00+00:00,False,False,0.07701556646587471,-0.07821907814471218,False,False
0001628280-26-048865,GAP,"1.01,2.03,9.01",2026-07-20 21:58:47+00:00,10012,DEBT_SETTLEMENT,True,,NONE,False,,15366000000.0,8556348833.399403,,GAP|2026-07-20 21:58:00+00:00,False,False,0.0037697337956859034,-0.06107062702347199,False,False
0001193125-26-312503,GCO,5.07,2026-07-22 20:52:37+00:00,6519,ADMINISTRATIVE,False,,NONE,True,convertible,2436096000.0,380754644.6917534,,GCO|2026-07-22 20:52:00+00:00,False,False,0.12022631353467594,-0.028571382323328787,True,False
0001628280-26-048928,FWRD,"7.01,9.01",2026-07-21 12:56:52+00:00,3556,ADMINISTRATIVE,False,,NONE,False,,2495118000.0,579195584.9353523,,FWRD|2026-07-21 12:56:00+00:00,False,False,0.08054123473783181,-0.08434278200062673,False,False
0001193125-26-308942,GBFH,"7.01,9.01",2026-07-20 20:18:21+00:00,6296,ADMINISTRATIVE,False,,NONE,False,,1235000000.0,510501992.0,,GBFH|2026-07-20 20:18:00+00:00,False,True,0.027590590340004217,-0.285851774963213,False,False
0001628280-26-047900,FWRD,"5.02,9.01",2026-07-10 20:40:14+00:00,5322,ADMINISTRATIVE,False,,NONE,False,,2495118000.0,579195584.9353523,,FWRD|2026-07-10 20:40:00+00:00,True,False,0.2413027515656565,-0.08586231145520251,False,False
0001140361-26-029241,GCBC,"8.01,9.01",2026-07-22 18:38:16+00:00,5749,ADMINISTRATIVE,False,,NONE,False,,,391617044.0,,GCBC|2026-07-22 18:38:00+00:00,False,False,0.056580396915364206,-0.00790578389926977,False,False
0001140361-26-029411,GCBC,"2.02,9.01",2026-07-23 19:41:43+00:00,37192,EARNINGS,False,31558.0,HIGH,True,warrant_reprice,,391617044.0,,GCBC|2026-07-23 19:41:00+00:00,False,False,0.04220186654182778,-0.00611623113985138,True,False
0000950103-26-010841,GECC,"8.01,9.01",2026-07-20 20:28:00+00:00,8462,DEBT_SETTLEMENT,False,,NONE,False,,,90927452.6245451,,GECC|2026-07-20 20:28:00+00:00,False,False,0.015065899165373375,-0.05649712187014999,False,False
0001104659-26-084096,GEVO,"5.02,7.01,9.01",2026-07-16 12:36:06+00:00,11861,ADMINISTRATIVE,False,94500.0,HIGH,False,,160580000.0,522372440.037215,0.0005884917175239756,GEVO|2026-07-16 12:36:00+00:00,False,False,0.08950616080229334,-0.04012349199329335,False,False
0000320335-26-000203,GL,"2.02,9.01",2026-07-22 20:34:35+00:00,4028,ADMINISTRATIVE,False,,NONE,False,,5994318000.0,10670595451.195557,,GL|2026-07-22 20:34:00+00:00,False,False,0.024106660387029022,-0.041602570245474535,False,False
0001104659-26-083740,GEVO,"7.01,9.01",2026-07-15 12:35:53+00:00,15501,ADMINISTRATIVE,False,600000000.0,HIGH,False,,160580000.0,522372440.037215,3.7364553493585753,GEVO|2026-07-15 12:35:00+00:00,False,False,0.11618467974637325,-0.04236428130398695,False,False
0001628280-26-047515,GIC,"1.01,2.03",2026-07-07 20:44:06+00:00,4595,DEBT_SETTLEMENT,True,,NONE,False,,1379100000.0,1343100990.0,,GIC|2026-07-07 20:44:00+00:00,False,False,0.1228124052035422,-0.02306720636961923,False,False
0001932393-26-000039,GEHC,"2.02,5.02,9.01",2026-07-23 20:17:30+00:00,18620,EARNINGS,False,,NONE,False,,20625000000.0,34744370319.04162,,GEHC|2026-07-23 20:17:00+00:00,False,False,0.14810819670476727,-0.040586987240488925,False,False
0000024741-26-000253,GLW,2.02,2026-07-28 11:03:07+00:00,54551,ADMINISTRATIVE,False,,NONE,False,,15629000000.0,73532147015.20859,,GLW|2026-07-28 11:03:00+00:00,False,False,0.07792004394531249,-0.08399999999999996,False,False
0001104659-26-084048,GNL,"7.01,9.01",2026-07-16 10:15:33+00:00,9901,EARNINGS,False,,NONE,False,,495286000.0,1690407148.8731747,,GNL|2026-07-16 10:15:00+00:00,False,False,0.05888885921902132,-0.0022222730848524552,False,False
0001467858-26-000049,GM,"2.02,9.01",2026-07-21 11:14:57+00:00,3925,ADMINISTRATIVE,False,,NONE,False,,167971000000.0,75860280875.27332,,GM|2026-07-21 11:14:00+00:00,False,False,0.09590650000644452,-0.027940142712812532,False,False
0001437749-26-023480,GNPX,"3.03,5.03,7.01,8.01,9.01",2026-07-14 13:23:23+00:00,22213,FDA_APPROVAL,False,,NONE,True,reverse_split,0.0,4616408266.666016,,GNPX|2026-07-14 13:23:00+00:00,False,True,0.014408169431814555,-0.9565544456818705,True,False
0001326380-26-000038,GME,"5.03,5.07,7.01,9.01",2026-07-08 10:33:19+00:00,7160,ADMINISTRATIVE,False,,NONE,False,,3629900000.0,10273946149.342422,,GME|2026-07-08 10:33:00+00:00,False,False,0.003859295949761421,-0.02247441273362427,False,False
0001104659-26-082360,GNL,7.01,2026-07-10 10:02:18+00:00,5101,ADMINISTRATIVE,False,,NONE,False,,495286000.0,1690407148.8731747,,GNL|2026-07-10 10:02:00+00:00,False,False,0.03984511526634704,-0.0293303147895837,False,False
0001193125-26-296254,GHI,"5.02,9.01",2026-07-06 20:30:17+00:00,7077,ADMINISTRATIVE,False,,NONE,False,,85389766.0,163426395.24180365,,GHI|2026-07-06 20:30:00+00:00,False,False,-0.001742117150421052,-0.14982573013408262,False,False
0001276520-26-000032,GNW,5.02,2026-07-07 20:10:41+00:00,4401,ADMINISTRATIVE,False,,NONE,False,,7301000000.0,3459958113.0044937,,GNW|2026-07-07 20:10:00+00:00,False,False,0.031712493607307435,-0.03964059180632462,False,False
0001193125-26-307768,GOGO,5.02,2026-07-17 20:01:26+00:00,3992,ADMINISTRATIVE,False,,NONE,False,,910491000.0,1179103643.702507,,GOGO|2026-07-17 20:01:00+00:00,False,False,0.1600566071901235,-0.01983000957794301,False,False
0000355811-26-000044,GNTX,"2.02,9.01",2026-07-24 12:00:09+00:00,3861,ADMINISTRATIVE,False,,NONE,False,,2534268965.0,5776959835.577164,,GNTX|2026-07-24 12:00:00+00:00,False,False,0.04982817067000944,-0.04768043718264625,False,False
0001193125-26-304084,GNSS,"1.01,2.03,3.02,7.01,9.01",2026-07-15 12:07:08+00:00,14058,DEBT_SETTLEMENT,True,,NONE,True,warrant_reprice,40757000.0,108370813.90626907,,GNSS|2026-07-15 12:07:00+00:00,False,False,-0.019021785432482563,-0.1358695627526435,True,False
0001193125-26-314193,GHI,"2.02,9.01",2026-07-23 20:30:14+00:00,7382,DEBT_SETTLEMENT,False,,NONE,False,,85389766.0,163426395.24180365,,GHI|2026-07-23 20:30:00+00:00,False,False,0.10626353740926353,0.007723906339423214,False,False
0001437749-26-023320,GOVX,3.01,2026-07-10 20:04:50+00:00,6727,ADMINISTRATIVE,False,,NONE,False,,2489145.0,359472235.6119585,,GOVX|2026-07-10 20:04:00+00:00,False,True,0.0,-0.454017052634775,True,False
0000040987-26-000031,GPC,"2.02,9.01",2026-07-21 11:34:06+00:00,3899,ADMINISTRATIVE,False,,NONE,False,,24300141000.0,18575776288.175995,,GPC|2026-07-21 11:34:00+00:00,False,False,0.11025856281148982,-0.05603448275862066,False,False
0001031203-26-000117,GPI,"7.01,9.01",2026-07-15 15:56:25+00:00,3727,ADMINISTRATIVE,False,,NONE,False,,22571400000.0,5570655305.513916,,GPI|2026-07-15 15:56:00+00:00,False,False,0.09448286150654517,-0.028399195883910267,False,False
0001193125-26-315282,GRC,"5.02,7.01,9.01",2026-07-24 13:42:56+00:00,9238,ADMINISTRATIVE,False,,NONE,False,,682389000.0,1225389043.909958,,GRC|2026-07-24 13:42:00+00:00,False,False,0.12022075223363538,-0.014584162415584023,False,False
0001193125-26-315278,GRC,"2.02,9.01",2026-07-24 13:39:02+00:00,25582,COMMERCIAL_CONTRACT,False,,NONE,False,,682389000.0,1225389043.909958,,GRC|2026-07-24 13:39:00+00:00,False,False,0.10792021450936229,-0.025404480339649038,False,False
0001104659-26-086250,GRDX,"1.01,9.01",2026-07-23 20:01:55+00:00,10366,ADMINISTRATIVE,True,,NONE,False,,36251.0,18348056.195504665,,GRDX|2026-07-23 20:01:00+00:00,False,True,-0.07163746155326212,-0.22514618823076682,False,False
0001140361-26-029837,GRCE,"8.01,9.01",2026-07-28 11:16:15+00:00,52458,FDA_APPROVAL,False,,NONE,False,,,42315398.928723335,,GRCE|2026-07-28 11:16:00+00:00,False,True,-0.021428620085422012,-0.22268910298920785,False,True
0001628280-26-049010,GT,2.05,2026-07-21 20:29:26+00:00,5704,ADMINISTRATIVE,False,,NONE,False,,18280000000.0,2008046157.7840967,,GT|2026-07-21 20:29:00+00:00,False,False,0.030695758113842952,-0.06357436356875601,False,False
0001896677-26-000011,GSOL,"8.01,9.01",2026-07-17 20:06:37+00:00,64006,ADMINISTRATIVE,False,,NONE,False,,,,,GSOL|2026-07-17 20:06:00+00:00,False,False,0.026770330022375832,-0.05785838348084538,False,False
0001193125-26-297641,GSBD,"7.01,9.01",2026-07-07 21:14:57+00:00,8579,ADMINISTRATIVE,False,,NONE,False,,,1116026048.408516,,GSBD|2026-07-07 21:14:00+00:00,False,False,0.008580277488070553,-0.07378674956667264,False,False
0001104659-26-080831,GRDX,"1.01,3.02,9.01",2026-07-06 21:23:34+00:00,7222,DILUTION_OFFERING,True,8500000.0,HIGH,False,,36251.0,18348056.195504665,234.47629030923284,GRDX|2026-07-06 21:23:00+00:00,False,True,0.027839645071712438,-0.4097995032397317,True,False
0001628280-26-048464,GTES,8.01,2026-07-16 20:19:25+00:00,4204,ADMINISTRATIVE,False,,NONE,False,,3443200000.0,6730673126.856794,,GTES|2026-07-16 20:19:00+00:00,False,False,0.03849763825465824,-0.040375615509463,False,False
0001171843-26-004726,GSBC,"2.02,9.01",2026-07-16 16:55:20+00:00,3586,ADMINISTRATIVE,False,,NONE,False,,,634274055.564251,,GSBC|2026-07-16 16:55:00+00:00,False,False,0.00942984099043609,-0.054662356363864184,False,False
0001726978-26-000056,GSHD,"2.02,5.02,9.01",2026-07-22 20:10:36+00:00,5594,ADMINISTRATIVE,False,,NONE,False,,365304000.0,749036937.6581573,,GSHD|2026-07-22 20:10:00+00:00,True,False,0.3588956568398962,-0.07572854245580352,False,False
0001104659-26-081319,GRDX,"1.01,3.02",2026-07-07 20:58:41+00:00,7658,DILUTION_OFFERING,True,8500000.0,HIGH,False,,36251.0,18348056.195504665,234.47629030923284,GRDX|2026-07-07 20:58:00+00:00,False,True,0.039351757569817236,-0.38657407637363594,True,False
0001193125-26-318147,GS,"3.03,5.03,9.01",2026-07-27 20:27:40+00:00,7133,ADMINISTRATIVE,False,,NONE,False,,,229489840763.99683,,GS|2026-07-27 20:27:00+00:00,False,False,0.002593264055023914,-0.06440190219422848,False,False
0001726978-26-000051,GSHD,"1.01,9.01",2026-07-13 23:56:13+00:00,8933,ADMINISTRATIVE,True,,NONE,False,,365304000.0,749036937.6581573,,GSHD|2026-07-13 23:56:00+00:00,False,False,0.07701589784072627,-0.10531686765948622,False,False
0000886982-26-000294,GS,"2.02,7.01,9.01",2026-07-14 11:30:40+00:00,5910,ADMINISTRATIVE,False,,NONE,False,,,229489840763.99683,,GS|2026-07-14 11:30:00+00:00,False,False,0.05461375655237011,-0.008855488863592442,False,False
0001193125-26-308384,GS,8.01,2026-07-20 12:07:58+00:00,7510,DILUTION_OFFERING,False,,NONE,False,,,229489840763.99683,,GS|2026-07-20 12:07:00+00:00,False,False,0.02513131098398702,-0.023964127365717958,True,False
0001193125-26-310408,GS,9.01,2026-07-21 20:35:18+00:00,6281,ADMINISTRATIVE,False,,NONE,True,shelf,,229489840763.99683,,GS|2026-07-21 20:35:00+00:00,False,False,0.018667528126184996,-0.03181212691545987,True,False
0001171843-26-004897,HAFC,"7.01,9.01",2026-07-27 20:06:22+00:00,10872,DEBT_SETTLEMENT,False,,NONE,False,,270165000.0,823043103.0862656,,HAFC|2026-07-27 20:06:00+00:00,False,False,0.00688567764483583,-0.012519609274716847,False,False
0001528396-26-000032,GWRE,"5.02,9.01",2026-07-22 20:17:24+00:00,5218,ADMINISTRATIVE,False,,NONE,False,,1202459000.0,18054041004.02011,,GWRE|2026-07-22 20:17:00+00:00,True,False,0.20817521366759806,-0.04266424248688416,False,False
0001171843-26-004849,HAFC,"8.01,9.01",2026-07-23 12:00:28+00:00,9879,DEBT_SETTLEMENT,False,,NONE,False,,270165000.0,823043103.0862656,,HAFC|2026-07-23 12:00:00+00:00,False,False,0.0410212163976047,-0.004156322228470177,False,False
0001193125-26-312478,GTY,"7.01,9.01",2026-07-22 20:45:22+00:00,35489,FDA_APPROVAL,False,25000000.0,HIGH,False,,221727000.0,1557993903.9090443,0.1127512661967194,GTY|2026-07-22 20:45:00+00:00,False,False,0.011476304017852268,-0.04335513047042594,False,True
0001171843-26-004799,HAFC,"2.02,9.01",2026-07-21 20:29:44+00:00,10644,DEBT_SETTLEMENT,False,,NONE,False,,270165000.0,823043103.0862656,,HAFC|2026-07-21 20:29:00+00:00,False,False,0.020886010509370223,-0.05110758707665086,False,False
0001140361-26-028716,GYRE,"5.02,7.01,9.01",2026-07-16 20:35:25+00:00,16421,FDA_APPROVAL,False,,NONE,False,,116588000.0,726201200.1059446,,GYRE|2026-07-16 20:35:00+00:00,False,False,0.024000015258789142,-0.10080001831054686,False,True
0001193125-26-312471,GTY,"2.02,9.01",2026-07-22 20:40:14+00:00,35542,DEBT_SETTLEMENT,False,2900000.0,HIGH,False,,221727000.0,1557993903.9090443,0.01307914687881945,GTY|2026-07-22 20:40:00+00:00,False,False,0.011476304017852268,-0.04335513047042594,False,False
0000861459-26-000025,GVA,7.01,2026-07-10 16:16:57+00:00,6799,DEBT_SETTLEMENT,False,,NONE,False,,4424379000.0,4502092546.557526,,GVA|2026-07-10 16:16:00+00:00,False,False,0.033531792523624926,-0.04225923777196283,False,False
0000313143-26-000095,HAE,"5.02,5.07,9.01",2026-07-28 20:28:06+00:00,8397,ADMINISTRATIVE,False,,NONE,False,,1334027000.0,2408381108.3039246,,HAE|2026-07-28 20:28:00+00:00,False,False,0.04537140282506269,-0.003294253350806131,False,False
0000046080-26-000044,HAS,"2.02,9.01",2026-07-21 10:31:24+00:00,3516,ADMINISTRATIVE,False,,NONE,False,,4701300000.0,10490795975.0354,,HAS|2026-07-21 10:31:00+00:00,False,False,0.08260624032123176,-0.0008725648738224789,False,False
0000950157-26-000817,GTX,"5.02,5.03,9.01",2026-07-27 21:06:56+00:00,11135,ADMINISTRATIVE,False,,NONE,False,,3584000000.0,2584197322.864052,,GTX|2026-07-27 21:06:00+00:00,False,False,0.015893602735347123,-0.07298086297658124,False,False
0001104659-26-084887,HASI,"1.01,1.02,2.03,8.01,9.01",2026-07-20 12:00:48+00:00,14550,DEBT_SETTLEMENT,True,,NONE,False,,400502000.0,3497873241.764076,,HASI|2026-07-20 12:00:00+00:00,False,False,0.0063756836560375785,-0.02849737092239979,False,False
0000045012-26-000057,HAL,"2.02,7.01,9.01",2026-07-21 10:53:24+00:00,5835,ADMINISTRATIVE,False,,NONE,False,,22184000000.0,18603777605.446487,,HAL|2026-07-21 10:53:00+00:00,False,False,0.011365253112312512,-0.03170334469128455,False,False
0001636422-26-000085,HCAT,5.07,2026-07-17 22:40:28+00:00,5796,ADMINISTRATIVE,False,,NONE,False,,311136000.0,235047901.45978332,,HCAT|2026-07-17 22:40:00+00:00,False,False,0.004464281437804418,-0.10267857950636927,False,False
0000046080-26-000047,HAS,"5.02,9.01",2026-07-27 21:04:38+00:00,5667,ADMINISTRATIVE,False,,NONE,False,,4701300000.0,10490795975.0354,,HAS|2026-07-27 21:04:00+00:00,False,False,0.05308869131739957,0.0019541885135494486,False,False
0001409970-26-000159,HAPN,"2.02,9.01",2026-07-27 20:12:52+00:00,3473,ADMINISTRATIVE,False,,NONE,False,,,1785356735.4668818,,HAPN|2026-07-27 20:12:00+00:00,False,False,-0.010230120889809902,-0.06751916861060137,False,False
0001213900-26-079616,HCTI,5.07,2026-07-20 20:05:56+00:00,12109,ADMINISTRATIVE,False,,NONE,True,convertible,13891000.0,97781873428.84592,,HCTI|2026-07-20 20:05:00+00:00,False,True,-5.618909861837551e-05,-0.29005616364944375,True,False
0001140361-26-028564,GYRE,"2.02,9.01",2026-07-15 21:09:08+00:00,191648,ADMINISTRATIVE,False,,NONE,True,convertible,116588000.0,726201200.1059446,,GYRE|2026-07-15 21:09:00+00:00,False,False,0.006106864227211517,-0.14198477528157782,True,False
0000049196-26-000062,HBAN,"8.01,9.01",2026-07-23 20:06:57+00:00,9762,ADMINISTRATIVE,False,,NONE,False,,1562000000.0,25656089396.717323,,HBAN|2026-07-23 20:06:00+00:00,False,False,0.014182393322347497,-0.026917520281106166,False,False
0001628280-26-047052,HBCP,"7.01,9.01",2026-07-02 21:31:53+00:00,4309,EARNINGS,False,,NONE,False,,,417215720.9320755,,HBCP|2026-07-02 21:31:00+00:00,False,False,0.04210063537445019,-0.03595484484746014,False,False
0000706129-26-000060,HBNC,"2.02,7.01,9.01",2026-07-22 20:06:47+00:00,4762,ADMINISTRATIVE,False,,NONE,False,,,699392536.1201906,,HBNC|2026-07-22 20:06:00+00:00,False,False,0.08286158440886338,-0.01080807969752573,False,False
0001628280-26-048827,HBCP,"2.02,7.01,8.01,9.01",2026-07-20 20:40:33+00:00,4742,ADMINISTRATIVE,False,,NONE,False,,,417215720.9320755,,HBCP|2026-07-20 20:40:00+00:00,False,False,0.037896213192981865,-0.03789632312661817,False,False
0001193125-26-315151,HCA,"2.02,7.01,8.01,9.01",2026-07-24 11:45:42+00:00,50872,DEBT_SETTLEMENT,False,400000000.0,HIGH,False,,75600000000.0,109602553971.81702,0.005291005291005291,HCA|2026-07-24 11:45:00+00:00,False,False,0.0855427931774484,-0.029957960581833643,False,False
0001193125-26-302539,HCA,"2.02,7.01,9.01",2026-07-14 11:40:57+00:00,27385,FDA_APPROVAL,False,400000000.0,HIGH,False,,75600000000.0,109602553971.81702,0.005291005291005291,HCA|2026-07-14 11:40:00+00:00,False,False,0.07873128014712494,-0.009865567244466633,False,True
0001628280-26-049439,HFWA,"2.02,7.01,8.01,9.01",2026-07-23 21:08:06+00:00,4997,ADMINISTRATIVE,False,,NONE,False,,,766323578.2183075,,HFWA|2026-07-23 21:08:00+00:00,False,False,0.01614230863144539,-0.025531201786115343,False,False
0000775215-26-000063,HBT,"2.02,7.01,8.01,9.01",2026-07-27 11:02:23+00:00,115809,DEBT_SETTLEMENT,False,,NONE,True,warrant_reprice,,781716662.2683563,,HBT|2026-07-27 11:02:00+00:00,False,False,0.09118516710069446,-0.010814864547164404,True,False
0001104659-26-084655,HHH,"7.01,9.01",2026-07-17 20:30:21+00:00,11949,ADMINISTRATIVE,False,,NONE,False,,1474892000.0,4797835532.294083,,HHH|2026-07-17 20:30:00+00:00,False,False,-0.003553155170996636,-0.07234229566701145,False,False
0000049196-26-000060,HBAN,"2.02,9.01",2026-07-23 10:16:20+00:00,133095,FDA_APPROVAL,False,,NONE,False,,1562000000.0,25656089396.717323,,HBAN|2026-07-23 10:16:00+00:00,False,False,0.010592583127746025,-0.03206409739764038,False,True
0001140361-26-028827,HGV,"1.01,2.03,9.01",2026-07-17 20:20:51+00:00,7770,DEBT_SETTLEMENT,True,849000000.0,HIGH,False,,4513000000.0,4109786825.3960686,0.18812319964546864,HGV|2026-07-17 20:20:00+00:00,False,False,0.0312000274658204,-0.04500000000000004,False,False
0000731012-26-000040,HCSG,"2.02,9.01",2026-07-22 11:04:17+00:00,17553,DEBT_SETTLEMENT,False,,NONE,False,,1837173000.0,1199878831.15139,,HCSG|2026-07-22 11:04:00+00:00,False,False,0.01882549629118846,-0.12993653801735805,False,False
0001104659-26-083909,HHH,9.01,2026-07-15 20:33:55+00:00,201094,ADMINISTRATIVE,False,2100000000.0,HIGH,True,going_concern,1474892000.0,4797835532.294083,1.4238330670991504,HHH|2026-07-15 20:33:00+00:00,False,False,0.016237345927671898,-0.08636625962324629,True,False
0001213900-26-078776,HEI,"1.01,2.03,7.01,8.01,9.01",2026-07-16 21:12:32+00:00,16473,DILUTION_OFFERING,True,,NONE,True,shelf,4485044000.0,788254410.4121819,,HEI|2026-07-16 21:12:00+00:00,False,False,0.034327053435489585,-0.01639581227756659,True,False
0001140361-26-027453,HGV,"5.02,9.01",2026-07-02 20:39:03+00:00,8807,DILUTION_OFFERING,False,,NONE,False,,4513000000.0,4109786825.3960686,,HGV|2026-07-02 20:39:00+00:00,False,False,0.010882009988563812,-0.07111497160861735,True,False
0001822492-26-000116,HLMN,"2.02,7.01,9.01",2026-07-13 11:43:14+00:00,8582,DEBT_SETTLEMENT,False,,NONE,False,,1552224000.0,1847926829.143381,,HLMN|2026-07-13 11:43:00+00:00,False,False,0.09691914225135934,-0.0025673916591080204,False,False
0001822492-26-000122,HLMN,"1.01,9.01",2026-07-22 20:33:41+00:00,8989,DEBT_SETTLEMENT,True,,NONE,False,,1552224000.0,1847926829.143381,,HLMN|2026-07-22 20:33:00+00:00,False,False,0.03767216567149534,-0.03191484917502996,False,False
0000793952-26-000058,HOG,"7.01,9.01",2026-07-23 21:28:11+00:00,4365,ADMINISTRATIVE,False,,NONE,False,,3603979000.0,3325685694.509964,,HOG|2026-07-23 21:28:00+00:00,False,False,0.002468218580495174,-0.07613439265121402,False,False
0001822928-26-000063,HLLY,"8.01,9.01",2026-07-14 12:38:18+00:00,3189,DEBT_SETTLEMENT,False,,NONE,False,,613514000.0,345834013.2799082,,HLLY|2026-07-14 12:38:00+00:00,False,False,0.1007751930820906,-0.023255792462719804,False,False
0001680873-26-000051,HFFG,"1.01,3.02,8.01,9.01",2026-07-23 12:42:26+00:00,7597,ADMINISTRATIVE,True,,NONE,False,,1228282000.0,130928870.93563843,,HFFG|2026-07-23 12:42:00+00:00,False,False,0.030120525621057048,-0.12048188704574891,True,False
0000793952-26-000055,HOG,"2.02,9.01",2026-07-23 10:50:04+00:00,3282,ADMINISTRATIVE,False,,NONE,False,,3603979000.0,3325685694.509964,,HOG|2026-07-23 10:50:00+00:00,False,False,0.009559405229606854,-0.11773203922015685,False,False
0001331520-26-000106,HOMB,"2.02,7.01,9.01",2026-07-15 21:19:32+00:00,3316,ADMINISTRATIVE,False,,NONE,False,,,5263970748.039101,,HOMB|2026-07-15 21:19:00+00:00,False,False,0.04315827841649611,-0.011375047157265561,False,False
0001213900-26-081010,HODO,5.02,2026-07-23 21:21:07+00:00,3837,ADMINISTRATIVE,False,,NONE,False,,105.0,96970388.89284897,,HODO|2026-07-23 21:21:00+00:00,False,True,-0.025798391656391972,-0.5966386838734081,False,False
0000916789-26-000094,HELE,"2.02,9.01",2026-07-08 10:50:52+00:00,57183,DEBT_SETTLEMENT,False,,NONE,False,,1786290000.0,485908089.6847973,,HELE|2026-07-08 10:50:00+00:00,False,False,0.08713386879124241,-0.06807558701891159,False,False
0000850141-26-000027,HMN,"1.01,2.03,9.01",2026-07-21 20:16:29+00:00,31162,MA_ACTIVITY,True,,NONE,False,,1701400000.0,1804041741.0861053,,HMN|2026-07-21 20:16:00+00:00,False,False,0.02840033362388228,-0.02724111076382163,False,True
0000850141-26-000028,HMN,"1.01,2.03,9.01",2026-07-21 20:17:37+00:00,32132,DEBT_SETTLEMENT,True,125000000.0,HIGH,False,,1701400000.0,1804041741.0861053,0.07346890795815211,HMN|2026-07-21 20:17:00+00:00,False,False,0.02840033362388228,-0.02724111076382163,False,False
0001104659-26-085050,HNVR,"5.02,9.01",2026-07-20 20:00:17+00:00,14786,ADMINISTRATIVE,False,,NONE,False,,,145530463.53047562,,HNVR|2026-07-20 20:00:00+00:00,False,False,0.05882352941176472,-0.06176473580154718,False,False
0001364479-26-000108,HRI,"2.02,9.01",2026-07-28 10:31:54+00:00,4524,ADMINISTRATIVE,False,,NONE,False,,862000000.0,4268239744.86203,,HRI|2026-07-28 10:31:00+00:00,False,False,0.0304521492175307,-0.1436481431260307,False,False
0001104659-26-086247,HNVR,"2.02,9.01",2026-07-23 20:00:11+00:00,93192,EARNINGS,False,2.2,HIGH,False,,,145530463.53047562,,HNVR|2026-07-23 20:00:00+00:00,False,False,0.07741422886677074,-0.008379851913327241,False,False
0001213900-26-081825,HSCS,"1.01,9.01",2026-07-27 20:26:52+00:00,10248,MA_ACTIVITY,True,,NONE,False,,4319.0,7042914.147254944,,HSCS|2026-07-27 20:26:00+00:00,False,True,0.03571422663096557,-0.2448979641486584,False,True
0001213900-26-081007,HSCS,"7.01,9.01",2026-07-23 21:20:13+00:00,21044,MA_ACTIVITY,False,,NONE,False,,4319.0,7042914.147254944,,HSCS|2026-07-23 21:20:00+00:00,False,True,0.047131150344212,-0.24180328669774842,False,True
0001213900-26-078500,HOVR,"2.02,9.01",2026-07-16 12:17:25+00:00,13697,EARNINGS,False,,NONE,False,,,60222318.78209138,,HOVR|2026-07-16 12:17:00+00:00,False,True,0.06544508973495033,-0.23298426231386737,False,False
0001213900-26-076056,HODO,"2.01,3.02,5.01,5.02,5.03,8.01,9.01",2026-07-07 21:20:45+00:00,30083,MA_ACTIVITY,False,,NONE,True,convertible,105.0,96970388.89284897,,HODO|2026-07-07 21:20:00+00:00,False,True,0.09826587006380527,-0.5086127332608799,True,False
0001213900-26-077218,HSCS,"3.02,5.02,9.01",2026-07-10 21:00:18+00:00,17681,MA_ACTIVITY,False,,NONE,False,,4319.0,7042914.147254944,,HSCS|2026-07-10 21:00:00+00:00,False,True,0.10266158523871782,-0.29657796831118066,True,True
0001628280-26-049836,HTO,"2.02,9.01",2026-07-27 20:45:45+00:00,3652,ADMINISTRATIVE,False,,NONE,False,,805594000.0,1803169734.156189,,HTO|2026-07-27 20:45:00+00:00,False,False,0.03774160486345868,-0.04184070792282801,False,False
0001645590-26-000072,HPE,"5.02,7.01,9.01",2026-07-24 11:47:39+00:00,10678,ADMINISTRATIVE,False,,NONE,True,convertible,34296000000.0,28407760740.854458,,HPE|2026-07-24 11:47:00+00:00,False,False,0.02307693649821574,-0.09979208709628251,True,False
0001128361-26-000033,HOPE,"2.02,7.01,8.01,9.01",2026-07-27 12:05:21+00:00,64969,EARNINGS,False,17100000.0,HIGH,False,,,1348451123.3560371,,HOPE|2026-07-27 12:05:00+00:00,False,False,0.038700306568521636,-0.0032858763999061846,False,False
0001213900-26-081833,HSCS,9.01,2026-07-27 20:30:54+00:00,162285,MA_ACTIVITY,False,,NONE,False,,4319.0,7042914.147254944,,HSCS|2026-07-27 20:30:00+00:00,False,True,0.03571422663096557,-0.2448979641486584,False,True
0001104659-26-086684,HTH,5.07,2026-07-24 21:00:35+00:00,13124,ADMINISTRATIVE,False,,NONE,False,,,2053227335.4233055,,HTH|2026-07-24 21:00:00+00:00,False,False,0.019196471351847988,-0.022374803639607088,False,False
0001538263-26-000091,HTB,8.01,2026-07-07 12:56:15+00:00,2730,ADMINISTRATIVE,False,,NONE,False,,,700737773.7425919,,HTB|2026-07-07 12:56:00+00:00,False,False,0.026909390299075575,-0.06667991067540069,False,False
0001538263-26-000095,HTB,"2.02,7.01,9.01",2026-07-23 12:05:34+00:00,58790,EARNINGS,False,2400000.0,HIGH,False,,,700737773.7425919,,HTB|2026-07-23 12:05:00+00:00,False,False,0.08873512732142785,-0.010488777411485684,False,False
0001280784-26-000035,HTGC,"1.01,2.03,8.01,9.01",2026-07-24 20:16:12+00:00,10063,DILUTION_OFFERING,False,,NONE,True,shelf,,3188408098.042454,,HTGC|2026-07-24 20:16:00+00:00,False,False,0.02972803634120358,-0.008222650916543728,True,False
0001104659-26-086298,HTH,"7.01,9.01",2026-07-23 20:46:22+00:00,30863,DEBT_SETTLEMENT,False,,NONE,False,,,2053227335.4233055,,HTH|2026-07-23 20:46:00+00:00,False,False,0.031977487723730436,-0.01637245810054233,False,False
0001104659-26-084095,HRMY,"2.02,5.02,7.01,9.01",2026-07-16 12:35:13+00:00,16775,ADMINISTRATIVE,False,261000000.0,HIGH,False,,868453000.0,1662692146.9530544,0.30053439852243014,HRMY|2026-07-16 12:35:00+00:00,False,False,0.10724978735177615,-0.03385263726652832,False,False
0001104659-26-086295,HTH,"2.02,8.01,9.01",2026-07-23 20:45:19+00:00,65614,ADMINISTRATIVE,False,,NONE,False,,,2053227335.4233055,,HTH|2026-07-23 20:45:00+00:00,False,False,0.031977487723730436,-0.01637245810054233,False,False
0001280784-26-000032,HTGC,"2.02,8.01",2026-07-21 12:44:20+00:00,7350,ADMINISTRATIVE,False,,NONE,False,,,3188408098.042454,,HTGC|2026-07-21 12:44:00+00:00,False,False,0.01329623695568749,-0.03525044478261119,False,False
0001193125-26-308486,HWC,"8.01,9.01",2026-07-20 13:17:22+00:00,12901,MA_ACTIVITY,False,,NONE,False,,,4772552927.57325,,HWC|2026-07-20 13:17:00+00:00,False,False,-0.0034954116963680226,-0.04995233749899386,False,True
0000950103-26-011085,HTZ,8.01,2026-07-23 20:03:48+00:00,4849,ADMINISTRATIVE,False,,NONE,False,,8504000000.0,1637843178.482224,,HTZ|2026-07-23 20:03:00+00:00,False,False,0.06842105098048079,-0.17894738823423118,False,False
0000893847-26-000081,HWBK,8.01,2026-07-14 21:23:04+00:00,15919,DILUTION_OFFERING,False,,NONE,False,,,213463469.8262329,,HWBK|2026-07-14 21:23:00+00:00,False,False,0.04636363240031449,-0.07402593439275573,True,False
0001628280-26-050168,HURN,"2.02,9.01",2026-07-28 20:14:18+00:00,4022,ADMINISTRATIVE,False,,NONE,False,,1699143000.0,2638434870.3335724,,HURN|2026-07-28 20:14:00+00:00,True,False,0.2475732838115996,0.010356132741386581,False,False
0001628280-26-049857,HURN,5.02,2026-07-27 21:29:58+00:00,6417,ADMINISTRATIVE,False,,NONE,False,,1699143000.0,2638434870.3335724,,HURN|2026-07-27 21:29:00+00:00,True,False,0.44274741743848334,0.007928534056599768,False,False
0001628280-26-049453,HYLN,8.01,2026-07-23 22:18:30+00:00,3890,ADMINISTRATIVE,False,42000000.0,HIGH,False,,3475000.0,385960607.5654707,12.086330935251798,HYLN|2026-07-23 22:18:00+00:00,False,True,-0.02933988251852082,-0.21515894415898984,False,False
0001193125-26-310272,HWC,"2.02,7.01,9.01",2026-07-21 20:00:58+00:00,152505,MA_ACTIVITY,False,2900000000.0,HIGH,False,,,4772552927.57325,,HWC|2026-07-21 20:00:00+00:00,False,False,0.012641646668466455,-0.02586994035589585,False,True
0001104659-26-081616,HYPD,"5.02,9.01",2026-07-08 13:01:16+00:00,6974,ADMINISTRATIVE,False,,NONE,False,,813455.0,36673604.285851,,HYPD|2026-07-08 13:01:00+00:00,False,False,0.13770324552564972,-0.17314488436277364,False,False
0001628280-26-049934,HUBB,"2.02,9.01",2026-07-28 12:02:27+00:00,4634,ADMINISTRATIVE,False,,NONE,False,,5844600000.0,22458562263.1427,,HUBB|2026-07-28 12:02:00+00:00,False,False,0.050016872699791604,-0.04042253564631315,False,False
0001437749-26-023199,ICCC,"2.02,9.01",2026-07-09 20:08:54+00:00,4298,ADMINISTRATIVE,False,,NONE,False,,27644174.0,56988863.025359154,,ICCC|2026-07-09 20:08:00+00:00,False,False,0.054925902334273635,-0.06974718152662218,False,False
0001104659-26-084862,HUT,"8.01,9.01",2026-07-20 11:20:47+00:00,17696,CLINICAL_RESULT,False,,NONE,False,,235118000.0,5076948680.489136,,HUT|2026-07-20 11:20:00+00:00,False,False,0.10746032814505524,-0.04232706552689747,False,True
0001493152-26-034923,HYMC,"2.02,7.01,9.01",2026-07-28 10:45:19+00:00,13643,EARNINGS,False,,NONE,False,,,313692402.9236069,,HYMC|2026-07-28 10:45:00+00:00,False,False,0.024008035327614863,-0.06813621069055575,False,False
0000039311-26-000059,IBCP,"5.02,9.01",2026-07-27 18:38:19+00:00,4795,ADMINISTRATIVE,False,,NONE,False,,32075000.0,631225855.3199387,,IBCP|2026-07-27 18:38:00+00:00,False,False,0.03551550937836212,-0.004505649907443288,False,False
0001493152-26-033587,HYMC,"7.01,9.01",2026-07-16 21:25:30+00:00,5960,ADMINISTRATIVE,False,,NONE,False,,,313692402.9236069,,HYMC|2026-07-16 21:25:00+00:00,True,False,0.22306717495923545,-0.014871582988745247,False,False
0001040896-26-000023,IDN,5.02,2026-07-22 20:13:11+00:00,4401,ADMINISTRATIVE,False,,NONE,False,,22666000.0,90568464.53781939,,IDN|2026-07-22 20:13:00+00:00,False,False,0.030054615441589272,-0.019125729513607248,False,False
0001040896-26-000026,IDN,"5.03,9.01",2026-07-23 20:08:08+00:00,7713,ADMINISTRATIVE,False,,NONE,False,,22666000.0,90568464.53781939,,IDN|2026-07-23 20:08:00+00:00,False,False,0.00802138270408359,-0.04010697726870094,False,False
0001493152-26-033283,HYMC,"5.02,7.01,9.01",2026-07-15 11:05:31+00:00,20776,ADMINISTRATIVE,False,,NONE,False,,,313692402.9236069,,HYMC|2026-07-15 11:05:00+00:00,False,False,0.0015978017034916636,-0.17744811302231023,False,False
0001104659-26-081472,IE,"1.01,9.01",2026-07-08 01:30:24+00:00,10748,ADMINISTRATIVE,False,2000000.0,HIGH,False,,3244000.0,1783735479.7226028,0.6165228113440198,IE|2026-07-08 01:30:00+00:00,False,False,0.0436233532575645,-0.07017625119865734,False,False
0001193125-26-313363,HZO,"2.02,9.01",2026-07-23 12:00:14+00:00,33836,DEBT_SETTLEMENT,False,,NONE,False,,2309288000.0,547750137.5852394,,HZO|2026-07-23 12:00:00+00:00,False,False,0.1613106766274255,-0.03544423466013047,False,False
0001420720-26-000012,IBIO,"5.08,8.01,9.01",2026-07-17 20:08:53+00:00,6914,ADMINISTRATIVE,False,,NONE,False,,400000.0,20440820.690235138,,IBIO|2026-07-17 20:08:00+00:00,False,False,0.057553988301194625,-0.07194246393597348,False,False
0001193125-26-297668,HURA,"2.03,9.01",2026-07-07 21:30:14+00:00,6780,DEBT_SETTLEMENT,False,,NONE,False,,0.0,126118252.56543064,,HURA|2026-07-07 21:30:00+00:00,False,False,0.16331097390100502,-0.05592841425822115,False,False
0001213900-26-078375,ILLR,3.01,2026-07-15 21:00:14+00:00,4871,ADMINISTRATIVE,False,,NONE,False,,21622000.0,2854940573.611227,,ILLR|2026-07-15 21:00:00+00:00,True,False,0.2661290648204353,-0.19354839329913054,True,False
0001437749-26-023670,IIIN,"2.02,9.01",2026-07-16 10:30:09+00:00,4154,ADMINISTRATIVE,False,,NONE,False,,647706000.0,720493277.1880531,,IIIN|2026-07-16 10:30:00+00:00,False,False,0.06571427602616575,-0.05428568522135413,False,False
0000039311-26-000056,IBCP,"2.02,9.01",2026-07-23 10:01:02+00:00,46986,ADMINISTRATIVE,False,28180000.0,HIGH,False,,32075000.0,631225855.3199387,0.8785658612626657,IBCP|2026-07-23 10:01:00+00:00,False,False,0.06370814543292047,-0.03934113021598584,False,False
0001193125-26-314167,IMA,"5.02,8.01,9.01",2026-07-23 20:25:51+00:00,9878,ADMINISTRATIVE,False,,NONE,False,,800000.0,372070037.65090084,,IMA|2026-07-23 20:25:00+00:00,False,False,0.0920626808172269,-0.02025776430105375,False,False
0001193125-26-313400,IKT,"7.01,9.01",2026-07-23 12:32:45+00:00,9161,FDA_APPROVAL,False,,NONE,False,,0.0,126678283.05323005,,IKT|2026-07-23 12:32:00+00:00,False,False,0.17401392342393418,-0.006960494981316456,False,True
0001193125-26-302580,IKT,"8.01,9.01",2026-07-14 12:11:11+00:00,8400,CLINICAL_RESULT,False,50.0,HIGH,True,"atm,shelf",0.0,126678283.05323005,,IKT|2026-07-14 12:11:00+00:00,False,False,0.0975348185368552,-0.10000006653541449,True,False
0001104659-26-085238,IIPR,"8.01,9.01",2026-07-21 12:30:37+00:00,6916,ADMINISTRATIVE,False,,NONE,False,,265955000.0,1485203047.0,,IIPR|2026-07-21 12:30:00+00:00,False,False,-0.00046668917029502044,-0.06642813532751557,False,False
0002007919-26-000037,INBX,"1.01,2.03,3.02,7.01,9.01",2026-07-16 20:06:13+00:00,11739,DILUTION_OFFERING,True,,NONE,False,,1300000.0,1173174215.8458023,,INBX|2026-07-16 20:06:00+00:00,False,False,0.05583752100658024,-0.10584913497294901,True,False
0001104659-26-085237,IEP,"1.01,7.01,9.01",2026-07-21 12:29:38+00:00,16053,ADMINISTRATIVE,False,700000000.0,HIGH,False,,9658000000.0,4621764489.536558,0.0724787740733071,IEP|2026-07-21 12:29:00+00:00,False,False,0.040397327236217695,-0.0013245335932716706,False,False
0000776901-26-000126,INDB,"7.01,9.01",2026-07-27 20:05:40+00:00,3082,ADMINISTRATIVE,False,,NONE,False,,,3358842100.629387,,INDB|2026-07-27 20:05:00+00:00,False,False,0.017330160434371633,-0.01024590145627624,False,False
0001628280-26-049290,IMAX,"2.02,9.01",2026-07-23 12:05:07+00:00,3571,ADMINISTRATIVE,False,,NONE,False,,410212000.0,2014770119.3453293,,IMAX|2026-07-23 12:05:00+00:00,False,False,0.13016635523875753,-0.011876484991023228,False,False
0001493152-26-033829,IMMX,8.01,2026-07-20 10:05:18+00:00,2993,ADMINISTRATIVE,False,,NONE,False,,,105821189.56986809,,IMMX|2026-07-20 10:05:00+00:00,False,False,0.0053799629211426225,-0.15200004577636717,False,False
0000776901-26-000121,INDB,"2.02,7.01,9.01",2026-07-16 20:14:28+00:00,3924,ADMINISTRATIVE,False,,NONE,False,,,3358842100.629387,,INDB|2026-07-16 20:14:00+00:00,False,False,0.035508535655847995,-0.044109299897445164,False,False
0000879169-26-000048,INCY,"8.01,9.01",2026-07-06 20:06:20+00:00,10569,FDA_APPROVAL,False,,NONE,False,,5141242000.0,16826945057.0887,,INCY|2026-07-06 20:06:00+00:00,False,False,0.012252211829852477,-0.04015996996278848,False,True
0001493152-26-034428,INBS,"7.01,9.01",2026-07-23 21:00:13+00:00,11147,ADMINISTRATIVE,False,,NONE,False,,3052532.0,70486342.34368134,,INBS|2026-07-23 21:00:00+00:00,False,False,0.03314920656665388,-0.1602209784646107,False,False
0001493152-26-034018,INBS,"7.01,9.01",2026-07-21 12:50:36+00:00,10410,FDA_APPROVAL,False,,NONE,False,,3052532.0,70486342.34368134,,INBS|2026-07-21 12:50:00+00:00,False,True,0.015075362435176265,-0.23618091776775518,False,True
0000049938-26-000031,IMO,"7.01,9.01",2026-07-15 20:38:50+00:00,3651,ADMINISTRATIVE,False,,NONE,False,,,42705203754.35048,,IMO|2026-07-15 20:38:00+00:00,False,False,0.0732940576499086,-0.00891300010614482,False,False
0000879169-26-000053,INCY,"2.02,9.01",2026-07-28 11:02:34+00:00,3003,ADMINISTRATIVE,False,,NONE,False,,5141242000.0,16826945057.0887,,INCY|2026-07-28 11:02:00+00:00,False,False,0.09910882346988337,-0.01181349680213728,False,False
0002019804-26-000006,IMSR,5.02,2026-07-17 20:28:15+00:00,3714,ADMINISTRATIVE,False,,NONE,False,,248357.0,,,IMSR|2026-07-17 20:28:00+00:00,True,False,0.21290317221809363,-0.03440867117587121,False,False
0001193125-26-294505,IMMR,"5.08,8.01,9.01",2026-07-02 20:08:25+00:00,7347,ADMINISTRATIVE,False,,NONE,False,,1730694000.0,249452520.22087097,,IMMR|2026-07-02 20:08:00+00:00,False,False,0.03566118431470744,-0.06686475601631392,False,False
0002019804-26-000013,IMSR,"7.01,9.01",2026-07-21 13:15:49+00:00,53659,FDA_APPROVAL,False,,NONE,False,,248357.0,,,IMSR|2026-07-21 13:15:00+00:00,False,False,0.12015889521514977,-0.04270102924853869,False,True
0001193805-26-000916,IMUX,5.02,2026-07-06 20:22:14+00:00,4677,ADMINISTRATIVE,False,,NONE,False,,,787231710.0816107,,IMUX|2026-07-06 20:22:00+00:00,False,False,0.06350804351856865,-0.11290324544724661,False,False
0001628280-26-049931,INFU,7.01,2026-07-28 11:40:15+00:00,3889,ADMINISTRATIVE,False,,NONE,False,,143436000.0,204463904.31513214,,INFU|2026-07-28 11:40:00+00:00,False,False,0.06044535274419527,-0.008483554731397613,False,False
0001046257-26-000224,INGR,7.01,2026-07-06 10:12:19+00:00,6943,MA_ACTIVITY,False,,NONE,False,,7219000000.0,6912281657.135468,,INGR|2026-07-06 10:12:00+00:00,False,False,0.03796227021921217,-0.014010514212704606,False,True
0002019804-26-000018,IMSR,"5.02,7.01,9.01",2026-07-28 20:35:43+00:00,16116,ADMINISTRATIVE,False,,NONE,False,,248357.0,,,IMSR|2026-07-28 20:35:00+00:00,False,False,0.06526100562658277,-0.07530120453087219,False,False
0001193125-26-316971,IMMR,"2.02,9.01",2026-07-27 12:38:52+00:00,32313,EARNINGS,False,,NONE,False,,1730694000.0,249452520.22087097,,IMMR|2026-07-27 12:38:00+00:00,False,False,0.16497834565795255,0.0,False,False
0001046257-26-000230,INGR,7.01,2026-07-28 20:15:09+00:00,5721,ADMINISTRATIVE,False,,NONE,False,,7219000000.0,6912281657.135468,,INGR|2026-07-28 20:15:00+00:00,False,False,0.007804071853399597,-0.010194183753416408,False,False
0001193805-26-000966,IMUX,"7.01,9.01",2026-07-14 12:01:00+00:00,8724,ADMINISTRATIVE,False,,NONE,False,,,787231710.0816107,,IMUX|2026-07-14 12:01:00+00:00,False,False,0.07946793819774034,-0.13187585528193757,False,False
0001140361-26-027768,INTA,"1.01,9.01",2026-07-07 20:30:33+00:00,4976,ADMINISTRATIVE,True,,NONE,False,,504120000.0,3456432075.230522,,INTA|2026-07-07 20:30:00+00:00,False,False,0.09033305054577312,-0.049246952955406265,False,False
0001140361-26-028323,INTA,"1.01,1.02,2.03",2026-07-13 20:30:28+00:00,7818,DEBT_SETTLEMENT,True,,NONE,False,,504120000.0,3456432075.230522,,INTA|2026-07-13 20:30:00+00:00,False,False,0.1182695666486957,-0.045116975076839316,False,False
0001609550-26-000041,INSP,5.02,2026-07-24 20:01:24+00:00,6909,ADMINISTRATIVE,False,,NONE,False,,911981000.0,2282249911.56781,,INSP|2026-07-24 20:01:00+00:00,False,False,0.046034303691559586,-0.039258692880078216,False,False
0001609550-26-000038,INSP,"5.02,9.01",2026-07-22 12:02:09+00:00,3884,ADMINISTRATIVE,False,,NONE,False,,911981000.0,2282249911.56781,,INSP|2026-07-22 12:02:00+00:00,False,False,0.0005715141615090236,-0.08153938763827373,False,False
0001213900-26-077127,INM,"1.01,7.01,9.01",2026-07-10 20:02:00+00:00,26826,MA_ACTIVITY,False,,NONE,True,reverse_split,4942633.0,3135204.726424217,,INM|2026-07-10 20:02:00+00:00,True,False,0.4654087262847555,-0.06289309543558141,True,False
0001193125-26-298582,INVH,"1.01,2.03,9.01",2026-07-08 20:30:53+00:00,11814,DILUTION_OFFERING,True,,NONE,True,shelf,2729296000.0,17280702049.18171,,INVH|2026-07-08 20:30:00+00:00,False,False,0.020840364343979845,-0.015630257229845013,True,False
0001213900-26-080414,INM,"7.01,8.01,9.01",2026-07-22 20:28:22+00:00,26344,MA_ACTIVITY,False,200000000.0,HIGH,True,reverse_split,4942633.0,3135204.726424217,40.46426267133327,INM|2026-07-22 20:28:00+00:00,False,False,0.17117122664285445,-0.039039002702936476,True,False
0001193125-26-296211,INVH,"8.01,9.01",2026-07-06 20:16:12+00:00,5851,DILUTION_OFFERING,False,,NONE,True,shelf,2729296000.0,17280702049.18171,,INVH|2026-07-06 20:16:00+00:00,False,False,0.012695739879542423,-0.03429516535407118,True,False
0001140361-26-028154,IONS,"7.01,9.01",2026-07-10 01:03:42+00:00,5206,ADMINISTRATIVE,False,,NONE,False,,943711000.0,11396472873.5,,IONS|2026-07-10 01:03:00+00:00,False,False,-0.03249876513488792,-0.1686634028953239,False,False
0001140361-26-028602,INSM,"7.01,9.01",2026-07-16 11:00:46+00:00,66525,CLINICAL_RESULT,False,,NONE,False,,606423000.0,41053211194.94586,,INSM|2026-07-16 11:00:00+00:00,False,False,0.005232724276456047,-0.04481818459250708,False,True
0001654954-26-006551,INUV,"7.01,9.01",2026-07-08 21:28:47+00:00,8409,ADMINISTRATIVE,False,,NONE,False,,86209305.0,40430551.31160593,,INUV|2026-07-08 21:28:00+00:00,True,False,0.28037377346737813,-0.018691681453631315,False,False
0001193125-26-318234,INVE,8.01,2026-07-27 21:00:11+00:00,4279,ADMINISTRATIVE,False,,NONE,False,,21484000.0,94887304.0,,INVE|2026-07-27 21:00:00+00:00,False,False,0.018587342473125545,-0.06319705304006729,False,False
0001140361-26-028092,IONS,"7.01,8.01,9.01",2026-07-09 18:55:22+00:00,17101,CLINICAL_RESULT,False,,NONE,False,,943711000.0,11396472873.5,,IONS|2026-07-09 18:55:00+00:00,False,False,0.004049130328038109,-0.1733354619731926,False,True
0000051434-26-000112,IP,"5.02,9.01",2026-07-17 20:10:28+00:00,5740,ADMINISTRATIVE,False,,NONE,False,,23634000000.0,20395948893.79572,,IP|2026-07-17 20:10:00+00:00,False,False,0.0263123835175616,-0.04931899858518762,False,False
0001111928-26-000142,IPGP,"1.01,7.01,9.01",2026-07-17 10:30:35+00:00,11760,ADMINISTRATIVE,False,,NONE,False,,1003777000.0,3593759536.120468,,IPGP|2026-07-17 10:30:00+00:00,False,True,0.04485785809943588,-0.21071850116884405,False,False
0001753926-26-001221,IPAR,"2.02,7.01,9.01",2026-07-22 20:27:29+00:00,16699,EARNINGS,False,,NONE,False,,1488509000.0,2909212266.809082,,IPAR|2026-07-22 20:27:00+00:00,False,False,0.08528495145603099,-0.018551155338075387,False,False
0001683168-26-005251,IPW,"1.01,9.01",2026-07-02 20:30:15+00:00,4758,COMMERCIAL_CONTRACT,True,,NONE,False,,66142779.0,1884582175.045555,,IPW|2026-07-02 20:30:00+00:00,False,True,0.10985060528427715,-0.5412124114089054,False,False
0001663577-26-000210,IQST,1.01,2026-07-10 20:45:19+00:00,4180,ADMINISTRATIVE,True,,NONE,False,,316899498.0,17451085.01922512,,IQST|2026-07-10 20:45:00+00:00,True,False,0.36633664184359405,-0.13762376225937722,False,False
0001683168-26-005670,IPW,"1.01,8.01,9.01",2026-07-21 14:30:14+00:00,11787,ADMINISTRATIVE,False,,NONE,True,convertible,66142779.0,1884582175.045555,,IPW|2026-07-21 14:30:00+00:00,True,True,0.3715591788536652,-0.466615893814152,True,False
0001683168-26-005288,IPW,"1.01,8.01,9.01",2026-07-06 12:45:17+00:00,12338,ADMINISTRATIVE,True,1880000.0,HIGH,True,convertible,66142779.0,1884582175.045555,0.02842335971399085,IPW|2026-07-06 12:45:00+00:00,False,True,0.10985060528427715,-0.5412124114089054,True,False
0001193125-26-321221,IONQ,"8.01,9.01",2026-07-28 21:05:10+00:00,15678,MA_ACTIVITY,True,,NONE,False,,130016000.0,16964280494.338531,,IONQ|2026-07-28 21:05:00+00:00,False,False,0.04292483171515471,-0.05831552087219927,False,True
0001663577-26-000208,IQST,5.02,2026-07-10 20:32:23+00:00,5761,ADMINISTRATIVE,False,,NONE,False,,316899498.0,17451085.01922512,,IQST|2026-07-10 20:32:00+00:00,True,False,0.36633664184359405,-0.13762376225937722,False,False
0001663577-26-000220,IQST,"2.02,8.01,9.01",2026-07-16 21:15:39+00:00,27588,MA_ACTIVITY,False,207000000.0,HIGH,False,,316899498.0,17451085.01922512,0.6532039378617128,IQST|2026-07-16 21:15:00+00:00,True,False,0.20353984074693798,-0.0884955966936618,False,True
0001628280-26-049923,IQV,"2.02,9.01",2026-07-28 11:03:16+00:00,4010,ADMINISTRATIVE,False,,NONE,False,,16310000000.0,34640900726.31836,,IQV|2026-07-28 11:03:00+00:00,False,False,0.0659881143223664,-0.013994923702496553,False,False
0001683168-26-005540,IPW,"8.01,9.01",2026-07-15 13:15:14+00:00,8553,ADMINISTRATIVE,False,,NONE,False,,66142779.0,1884582175.045555,,IPW|2026-07-15 13:15:00+00:00,False,True,0.16523711342592895,-0.35248424706862647,False,False
0001035267-26-000063,ISRG,"5.03,9.01",2026-07-27 20:08:21+00:00,5413,ADMINISTRATIVE,False,,NONE,False,,10064700000.0,156155945527.5393,,ISRG|2026-07-27 20:08:00+00:00,False,False,0.012702735694678946,-0.06364861565667235,False,False
0001418819-26-000046,IRDM,"2.02,9.01",2026-07-22 11:01:11+00:00,3802,ADMINISTRATIVE,False,,NONE,False,,871659000.0,2040570594.5649033,,IRDM|2026-07-22 11:01:00+00:00,False,False,0.013262495247251094,-0.0744559385342295,False,False
0001418819-26-000046,IRDM,"2.02,9.01",2026-07-22 11:01:11+00:00,3802,ADMINISTRATIVE,False,,NONE,False,,871659000.0,2040570594.5649033,,IRDM|2026-07-22 11:01:00+00:00,False,False,0.013262495247251094,-0.0744559385342295,False,False
0001140361-26-028871,IREN,"2.02,9.01",2026-07-20 11:12:27+00:00,10999,ADMINISTRATIVE,False,,NONE,False,,501023000.0,,,IREN|2026-07-20 11:12:00+00:00,False,False,0.18034557613565005,-0.01241898145525755,False,False
0001213900-26-077998,ISPC,8.01,2026-07-14 21:00:25+00:00,3756,ADMINISTRATIVE,False,,NONE,False,,1928998.0,140699360.88690758,,ISPC|2026-07-14 21:00:00+00:00,False,True,0.012820501064172207,-0.22649572257694628,False,False
0001213900-26-079192,ISPR,5.02,2026-07-17 20:30:14+00:00,3490,ADMINISTRATIVE,False,,NONE,False,,127494304.0,150068023.32506752,,ISPR|2026-07-17 20:30:00+00:00,False,True,-0.02094238877070942,-0.26706807118929243,False,False
0001104659-26-081335,IRDM,"1.01,2.03,5.02,7.01,9.01",2026-07-07 21:11:18+00:00,27173,MA_ACTIVITY,True,,NONE,False,,871659000.0,2040570594.5649033,,IRDM|2026-07-07 21:11:00+00:00,False,False,0.0042541136745708474,-0.06021753111279127,False,True
0001104659-26-085413,ISSC,"1.01,2.01,2.03,8.01,9.01",2026-07-21 20:15:29+00:00,18119,DEBT_SETTLEMENT,True,24500000.0,HIGH,False,,84296889.0,163941919.26230526,0.29063943273161597,ISSC|2026-07-21 20:15:00+00:00,False,False,0.007638654513542509,-0.11857061307348993,False,False
0001437749-26-023812,ISTR,"2.02,5.02,9.01",2026-07-20 10:01:27+00:00,13901,ADMINISTRATIVE,False,,NONE,False,,,233507366.0093937,,ISTR|2026-07-20 10:01:00+00:00,False,False,0.03588276695104664,-0.03874661747660868,False,False
0001171843-26-004912,ITRI,"2.02,9.01",2026-07-28 12:35:16+00:00,6643,EARNINGS,False,,NONE,False,,2367194000.0,6126659950.193893,,ITRI|2026-07-28 12:35:00+00:00,False,False,0.1640667079149205,-0.0028994162589585093,False,False
0001035267-26-000047,ISRG,"2.02,9.01",2026-07-16 20:05:17+00:00,38505,EARNINGS,False,,NONE,False,,10064700000.0,156155945527.5393,,ISRG|2026-07-16 20:05:00+00:00,False,False,0.005821519171376632,-0.06280388514839597,False,False
0000914208-26-000229,IVZ,"2.02,9.01",2026-07-28 10:58:44+00:00,3843,ADMINISTRATIVE,False,,NONE,False,,6377100000.0,11946293503.915787,,IVZ|2026-07-28 10:58:00+00:00,False,False,0.015384648752176044,-0.06822739244834097,False,False
0001185185-26-003108,JAKK,"2.02,8.01,9.01",2026-07-24 10:15:29+00:00,4084,EARNINGS,False,,NONE,False,,113253000.0,199751212.3704357,,JAKK|2026-07-24 10:15:00+00:00,False,False,0.19901392381633887,0.00022416262819136001,False,False
0000914208-26-000207,IVZ,"7.01,9.01",2026-07-10 12:01:42+00:00,3117,ADMINISTRATIVE,False,,NONE,False,,6377100000.0,11946293503.915787,,IVZ|2026-07-10 12:01:00+00:00,False,False,0.05617976068717545,-0.04119853446530819,False,False
0001213900-26-080622,IXHL,"7.01,9.01",2026-07-23 11:30:22+00:00,13532,CLINICAL_RESULT,False,,NONE,False,,86000.0,4162035011.6373873,,IXHL|2026-07-23 11:30:00+00:00,False,False,0.028938956792189163,-0.09321538129533358,False,True
0000807882-26-000082,JACK,5.02,2026-07-07 20:01:04+00:00,3534,ADMINISTRATIVE,False,,NONE,False,,1465314000.0,322135712.8756485,,JACK|2026-07-07 20:01:00+00:00,False,False,0.04997042977152155,-0.09514743908795942,False,False
0001140361-26-028538,JEF,"8.01,9.01",2026-07-15 20:12:30+00:00,5638,DILUTION_OFFERING,False,,NONE,True,shelf,5546490000.0,13183373685.884125,,JEF|2026-07-15 20:12:00+00:00,False,False,0.005631814441093175,-0.0670538788059527,True,False
0001493152-26-034616,IVF,"1.01,3.02,5.03,5.07,9.01",2026-07-24 21:14:27+00:00,20725,ADMINISTRATIVE,True,15000000.0,HIGH,False,,6841250.0,121210991.67931366,2.192581765028321,IVF|2026-07-24 21:14:00+00:00,False,False,0.02989696460326874,-0.09999002318031214,True,False
0001628280-26-049466,JAZZ,5.07,2026-07-24 10:16:10+00:00,5866,ADMINISTRATIVE,False,,NONE,False,,4267586000.0,8378801583.355591,,JAZZ|2026-07-24 10:16:00+00:00,False,False,0.02028507301994731,-0.022647414734591864,False,False
0001819848-26-000427,JOBY,"8.01,9.01",2026-07-28 20:02:08+00:00,4505,ADMINISTRATIVE,False,,NONE,False,,53425000.0,14842719149.87241,,JOBY|2026-07-28 20:02:00+00:00,False,False,0.007564574000402224,-0.06489883531941165,False,False
0001437749-26-023629,JBHT,"2.02,9.01",2026-07-15 20:26:22+00:00,4018,ADMINISTRATIVE,False,,NONE,False,,11999096000.0,18810384542.88333,,JBHT|2026-07-15 20:26:00+00:00,False,False,0.007495079472582322,-0.07142136956671352,False,False
0001140361-26-027986,JEF,"8.01,9.01",2026-07-08 21:22:47+00:00,12878,DILUTION_OFFERING,False,,NONE,True,shelf,5546490000.0,13183373685.884125,,JEF|2026-07-08 21:22:00+00:00,False,False,0.09033729280530811,-0.02096440372073649,True,False
0001628280-26-049246,JHX,"2.02,9.01",2026-07-22 22:09:16+00:00,3614,ADMINISTRATIVE,False,,NONE,False,,4835800000.0,11858700233.375141,,JHX|2026-07-22 22:09:00+00:00,False,False,0.06757280664536558,-0.02213591047861041,False,False
0001437071-26-000051,IVR,"2.02,7.01,8.01,9.01",2026-07-15 20:19:51+00:00,15137,ADMINISTRATIVE,False,,NONE,False,,,484043879.34712887,,IVR|2026-07-15 20:19:00+00:00,False,False,0.006127474469343364,-0.04473036494405347,False,False
0001104659-26-085645,JMSB,"8.01,9.01",2026-07-22 12:45:14+00:00,11798,ADMINISTRATIVE,False,,NONE,False,,,265894918.14822006,,JMSB|2026-07-22 12:45:00+00:00,False,False,0.03931854739523999,-0.05422886451008224,False,False
0001104659-26-087344,JMSB,"7.01,9.01",2026-07-28 13:00:15+00:00,31856,ADMINISTRATIVE,False,,NONE,False,,,265894918.14822006,,JMSB|2026-07-28 13:00:00+00:00,False,False,0.01536494262324184,-0.007400805661446963,False,False
0001493152-26-034101,JTAI,"5.02,9.01",2026-07-21 20:58:30+00:00,6771,ADMINISTRATIVE,False,,NONE,False,,9177767.0,131711702.5392456,,JTAI|2026-07-21 20:58:00+00:00,True,True,0.2545000151179051,-0.2636363774291737,False,False
0001104659-26-085643,JMSB,"2.02,9.01",2026-07-22 12:40:12+00:00,94796,EARNINGS,False,40000000.0,HIGH,False,,,265894918.14822006,,JMSB|2026-07-22 12:40:00+00:00,False,False,0.03931854739523999,-0.05422886451008224,False,False
0001493152-26-033558,JFB,"1.01,9.01",2026-07-16 20:55:26+00:00,18737,MA_ACTIVITY,True,,NONE,False,,30541443.0,78681815.05088806,,JFB|2026-07-16 20:55:00+00:00,False,True,-0.008988755857864406,-0.2651460096871884,False,True
0001104659-26-085839,JXN,"5.02,7.01,9.01",2026-07-22 20:37:04+00:00,19576,ADMINISTRATIVE,False,7850000.0,HIGH,False,,6683000000.0,6807733258.388435,0.0011746221756696095,JXN|2026-07-22 20:37:00+00:00,False,False,0.010745312530201723,-0.05295851033516086,False,False
0001193125-26-302091,KALU,"8.01,9.01",2026-07-13 20:40:15+00:00,7844,ADMINISTRATIVE,False,,NONE,False,,3373000000.0,1263013019.9828796,,KALU|2026-07-13 20:40:00+00:00,False,False,0.12214201819798842,-0.0666365652924239,False,False
0001158463-26-000076,JBLU,"2.02,7.01,9.01",2026-07-28 07:03:38+00:00,50146,EARNINGS,False,,NONE,False,,9062000000.0,1647609637.909546,,JBLU|2026-07-28 07:03:00+00:00,False,False,0.09971967274177729,-0.06435136176594669,False,False
0001158463-26-000076,JBLU,"2.02,7.01,9.01",2026-07-28 07:03:38+00:00,50146,EARNINGS,False,,NONE,False,,9062000000.0,1647609637.909546,,JBLU|2026-07-28 07:03:00+00:00,False,False,0.09971967274177729,-0.06435136176594669,False,False
0000930420-26-000059,KFRC,"2.02,9.01",2026-07-27 20:05:07+00:00,4203,ADMINISTRATIVE,False,,NONE,False,,1329007000.0,529885505.74302673,,KFRC|2026-07-27 20:05:00+00:00,False,False,0.08267507431193488,-0.028723926541400102,False,False
0001193125-26-312472,KALU,"2.02,9.01",2026-07-22 20:40:15+00:00,37567,DEBT_SETTLEMENT,False,27000000.0,HIGH,False,,3373000000.0,1263013019.9828796,0.008004743551734361,KALU|2026-07-22 20:40:00+00:00,False,False,0.06626262703807462,-0.1383568489026601,False,False
0001493152-26-032089,JTAI,"5.07,8.01,9.01",2026-07-06 12:35:41+00:00,22451,MA_ACTIVITY,True,,NONE,False,,9177767.0,131711702.5392456,,JTAI|2026-07-06 12:35:00+00:00,False,True,0.012032905689823847,-0.9578512340539644,False,True
0001493152-26-032089,JTAI,"5.07,8.01,9.01",2026-07-06 12:35:41+00:00,22451,MA_ACTIVITY,True,,NONE,False,,9177767.0,131711702.5392456,,JTAI|2026-07-06 12:35:00+00:00,False,True,0.012032905689823847,-0.9578512340539644,False,True
0001213900-26-079813,JRSH,"5.02,9.01",2026-07-21 12:05:32+00:00,9467,ADMINISTRATIVE,False,,NONE,False,,166263870.0,42036800.673303604,,JRSH|2026-07-21 12:05:00+00:00,False,False,0.07399101365101379,-0.0134529018534425,False,False
0001213900-26-076730,KBDC,"7.01,9.01",2026-07-09 20:19:10+00:00,8114,ADMINISTRATIVE,False,,NONE,False,,,1012073846.6091919,,KBDC|2026-07-09 20:19:00+00:00,False,False,0.027145992843174538,-0.030447539131957635,False,False
0001357615-26-000157,KBR,"5.02,9.01",2026-07-10 20:30:16+00:00,8256,ADMINISTRATIVE,False,,NONE,False,,7786000000.0,5733452802.0,,KBR|2026-07-10 20:30:00+00:00,False,False,0.019749626409037102,-0.036436777840418766,False,False
0001493152-26-033784,JTAI,"1.01,2.01,8.01,9.01",2026-07-17 21:07:10+00:00,34056,MA_ACTIVITY,False,20000000.0,HIGH,False,,9177767.0,131711702.5392456,2.1791793145326093,JTAI|2026-07-17 21:07:00+00:00,True,False,0.3578844055248358,-0.03242316675470269,False,True
0000091576-26-000017,KEY,"2.02,9.01",2026-07-21 10:31:09+00:00,13575,EARNINGS,False,,NONE,True,convertible,1749000000.0,19079375180.3124,,KEY|2026-07-21 10:31:00+00:00,False,False,0.01745199027917943,-0.016361256490040832,True,False
0001849820-26-000109,KITT,"3.03,5.03,9.01",2026-07-08 23:25:23+00:00,4957,ADMINISTRATIVE,False,,NONE,True,convertible,5274915.0,480160409.9685564,,KITT|2026-07-08 23:25:00+00:00,False,True,0.02857151615376763,-0.28571425327638234,True,False
0001193125-26-308382,KLRS,"5.02,9.01",2026-07-20 12:07:21+00:00,12062,ADMINISTRATIVE,False,,NONE,False,,,88088389.49344063,,KLRS|2026-07-20 12:07:00+00:00,False,True,0.06238420556449076,-0.25231484010999483,False,False
0001477932-26-004189,KIDZ,"7.01,9.01",2026-07-06 12:00:39+00:00,14343,ADMINISTRATIVE,False,,NONE,False,,3366421.0,2025854340.0,,KIDZ|2026-07-06 12:00:00+00:00,True,True,0.3658535947124575,-0.4537398667259547,False,False
0001021771-26-000100,KINS,"2.02,7.01,9.01",2026-07-16 21:17:50+00:00,6700,EARNINGS,False,,NONE,False,,214867301.0,209846565.51768494,,KINS|2026-07-16 21:17:00+00:00,False,False,0.04791022357294206,-0.03924568933880623,False,False
0001021771-26-000103,KINS,"7.01,9.01",2026-07-23 18:43:59+00:00,7531,ADMINISTRATIVE,False,,NONE,False,,214867301.0,209846565.51768494,,KINS|2026-07-23 18:43:00+00:00,False,False,0.08210523504959899,-0.007894716764751286,False,False
0001628280-26-050182,KMT,"5.02,9.01",2026-07-28 20:19:26+00:00,9096,ADMINISTRATIVE,False,,NONE,False,,1966845000.0,1740894084.3000698,,KMT|2026-07-28 20:19:00+00:00,False,False,0.00255319581809621,-0.05134463479332885,False,False
0001193125-26-306737,KLRS,"7.01,8.01,9.01",2026-07-17 11:05:41+00:00,62157,CLINICAL_RESULT,False,,NONE,False,,,88088389.49344063,,KLRS|2026-07-17 11:05:00+00:00,True,True,0.4076576395164828,-0.2725225276020514,False,True
0001193125-26-296190,KLRS,5.02,2026-07-06 20:11:47+00:00,6398,ADMINISTRATIVE,False,,NONE,False,,,88088389.49344063,,KLRS|2026-07-06 20:11:00+00:00,True,True,0.3007284543776978,-0.32778353080809763,False,False
0000319201-26-000024,KLAC,"2.02,9.01",2026-07-28 20:08:02+00:00,3562,ADMINISTRATIVE,False,,NONE,False,,12156162000.0,14603637020.745697,,KLAC|2026-07-28 20:08:00+00:00,False,False,0.035944348742593224,-0.08082063591642974,False,False
0000860748-26-000075,KMPR,"5.02,9.01",2026-07-21 13:02:41+00:00,3821,ADMINISTRATIVE,False,,NONE,False,,4789700000.0,2822797822.5016747,,KMPR|2026-07-21 13:02:00+00:00,False,False,0.12676056920131407,-0.02744673940858422,False,False
0001193125-26-303169,KMTS,"1.01,1.02,2.02,2.03,9.01",2026-07-14 20:08:33+00:00,35637,DEBT_SETTLEMENT,True,,NONE,False,,95126000.0,1261530803.1115074,,KMTS|2026-07-14 20:08:00+00:00,False,False,0.10041493933563017,-0.15352700018147514,False,False
0001587523-26-000031,KN,"5.07,9.01",2026-07-28 20:21:03+00:00,4041,ADMINISTRATIVE,False,,NONE,False,,593200000.0,2062161439.718113,,KN|2026-07-28 20:21:00+00:00,False,False,0.020926339196621013,-0.04938617327644923,False,False
0001492691-26-000055,KNX,"2.02,9.01",2026-07-22 20:10:52+00:00,5232,ADMINISTRATIVE,False,,NONE,False,,7469689000.0,7702852771.408081,,KNX|2026-07-22 20:10:00+00:00,False,False,-0.0454943043677305,-0.14623177434385637,False,False
0001669162-26-000039,KNSL,"2.02,9.01",2026-07-23 20:11:16+00:00,3147,ADMINISTRATIVE,False,,NONE,False,,1873987000.0,10217050438.5,,KNSL|2026-07-23 20:11:00+00:00,False,False,0.11177388005033362,-0.024798195469451834,False,False
0001628280-26-049023,KREF,"2.02,9.01",2026-07-21 20:42:05+00:00,6133,ADMINISTRATIVE,False,,NONE,False,,,558903898.3520737,,KREF|2026-07-21 20:42:00+00:00,False,False,0.0052562366821609086,-0.07818663030088924,False,False
0000950103-26-011207,KPLT,"8.01,9.01",2026-07-27 20:59:29+00:00,33929,MA_ACTIVITY,True,,NONE,False,,291761000.0,46335198.00882912,,KPLT|2026-07-27 20:59:00+00:00,False,False,-0.001439053943867008,-0.12041118627773284,False,True
0001193125-26-307964,KPTI,5.02,2026-07-17 21:01:30+00:00,4861,ADMINISTRATIVE,False,,NONE,False,,146067000.0,48992721.52695751,,KPTI|2026-07-17 21:01:00+00:00,False,True,-0.005291025581380615,-0.3137565857772542,False,False
0001587523-26-000027,KN,"2.02,9.01",2026-07-23 20:05:51+00:00,5535,ADMINISTRATIVE,False,,NONE,False,,593200000.0,2062161439.718113,,KN|2026-07-23 20:05:00+00:00,False,False,-0.0027997100480618986,-0.132858261620457,False,False
0001628280-26-049820,KRC,"2.02,7.01,9.01",2026-07-27 20:31:01+00:00,5134,ADMINISTRATIVE,False,,NONE,False,,19080000.0,4798018106.132538,,KRC|2026-07-27 20:31:00+00:00,False,False,0.04180734044465839,-0.05479088256606013,False,False
0001617242-26-000017,KRNY,"2.02,7.01,8.01,9.01",2026-07-23 12:39:36+00:00,4597,ADMINISTRATIVE,False,,NONE,False,,,395873464.1805582,,KRNY|2026-07-23 12:39:00+00:00,False,False,0.08655721079700518,-0.025883670951202697,False,False
0001711279-26-000050,KRYS,"8.01,9.01",2026-07-21 21:24:31+00:00,6136,ADMINISTRATIVE,False,,NONE,False,,389130000.0,5489036169.996063,,KRYS|2026-07-21 21:24:00+00:00,False,False,0.07998942107351814,-0.04583344014381052,False,False
0001760965-26-000047,KTB,5.02,2026-07-24 10:52:55+00:00,3842,ADMINISTRATIVE,False,,NONE,False,,3152456000.0,4776049805.639282,,KTB|2026-07-24 10:52:00+00:00,False,False,0.038235294117647145,-0.027881218405330865,False,False
0001760965-26-000047,KTB,5.02,2026-07-24 10:52:55+00:00,3842,ADMINISTRATIVE,False,,NONE,False,,3152456000.0,4776049805.639282,,KTB|2026-07-24 10:52:00+00:00,False,False,0.038235294117647145,-0.027881218405330865,False,False
0001664710-26-000038,KROS,5.02,2026-07-22 20:01:17+00:00,7982,ADMINISTRATIVE,False,,NONE,False,,244061000.0,610855825.0106449,,KROS|2026-07-22 20:01:00+00:00,False,False,0.05315945022829349,-0.014042160438625162,False,False
0001628280-26-047513,KWR,5.02,2026-07-07 20:38:44+00:00,4172,ADMINISTRATIVE,False,,NONE,False,,1888634000.0,2326356440.611496,,KWR|2026-07-07 20:38:00+00:00,False,False,0.017633352269658564,-0.11397108537470468,False,False
0001760965-26-000046,KTB,5.07,2026-07-24 10:52:08+00:00,3520,ADMINISTRATIVE,False,,NONE,False,,3152456000.0,4776049805.639282,,KTB|2026-07-24 10:52:00+00:00,False,False,0.038235294117647145,-0.027881218405330865,False,False
0001760965-26-000046,KTB,5.07,2026-07-24 10:52:08+00:00,3520,ADMINISTRATIVE,False,,NONE,False,,3152456000.0,4776049805.639282,,KTB|2026-07-24 10:52:00+00:00,False,False,0.038235294117647145,-0.027881218405330865,False,False
0001760965-26-000045,KTB,"5.02,8.01,9.01",2026-07-24 10:51:02+00:00,4858,ADMINISTRATIVE,False,,NONE,False,,3152456000.0,4776049805.639282,,KTB|2026-07-24 10:51:00+00:00,False,False,0.038235294117647145,-0.027881218405330865,False,False
0001104659-26-084853,KSCP,"2.02,9.01",2026-07-20 11:01:12+00:00,8434,EARNINGS,False,,NONE,False,,11335000.0,1959814714.0,,KSCP|2026-07-20 11:01:00+00:00,True,False,0.528909048755549,-0.0986780407621276,False,False
0001493152-26-034719,KUST,"1.01,8.01,9.01",2026-07-27 12:45:40+00:00,14495,ADMINISTRATIVE,True,,NONE,False,,13754155.0,4329736426.145824,,KUST|2026-07-27 12:45:00+00:00,False,True,0.002801972113007034,-0.2626456164962735,False,False
0001104659-26-084429,KRP,"1.01,3.02,7.01,8.01,9.01",2026-07-17 12:17:54+00:00,25260,MA_ACTIVITY,False,140500000.0,HIGH,True,shelf,333830000.0,531421327.12311554,0.4208728993799239,KRP|2026-07-17 12:17:00+00:00,False,False,0.009186374371741968,-0.035433068895210806,True,False
0001493152-26-034532,LASE,"4.01,9.01",2026-07-24 18:10:02+00:00,5921,ADMINISTRATIVE,False,,NONE,True,going_concern,8342008.0,65670288.63852024,,LASE|2026-07-24 18:10:00+00:00,False,False,0.045871514481795606,-0.11458719191371702,True,False
0001628280-26-049278,LAZ,"2.02,9.01",2026-07-23 10:30:59+00:00,3832,ADMINISTRATIVE,False,,NONE,False,,3186466000.0,5484942597.41304,,LAZ|2026-07-23 10:30:00+00:00,False,False,0.0945297168392707,-0.031190000660799244,False,False
0001193125-26-318078,KYMR,"5.02,7.01,9.01",2026-07-27 20:10:37+00:00,9910,ADMINISTRATIVE,False,,NONE,False,,39211000.0,4361353417.0,,KYMR|2026-07-27 20:10:00+00:00,False,False,0.014571354283967164,-0.04100205949812441,False,False
0001628280-26-048119,LCID,7.01,2026-07-14 18:29:58+00:00,6849,ADMINISTRATIVE,False,,NONE,False,,1353790000.0,55642884713.51207,,LCID|2026-07-14 18:29:00+00:00,True,False,0.5300668676533622,-0.06458796807038758,False,False
0001628280-26-047432,LAZ,"5.02,7.01,9.01",2026-07-07 12:31:08+00:00,5697,ADMINISTRATIVE,False,,NONE,False,,3186466000.0,5484942597.41304,,LAZ|2026-07-07 12:31:00+00:00,False,False,-0.00217261084782161,-0.0895368150360758,False,False
0001193125-26-304837,LAND,"8.01,9.01",2026-07-15 20:30:22+00:00,9246,ADMINISTRATIVE,False,,NONE,False,,12164000.0,329642221.95698357,,LAND|2026-07-15 20:30:00+00:00,False,False,0.0227014528648386,-0.03632243283280767,False,False
0001493152-26-033889,LASE,"1.01,3.02,7.01,9.01",2026-07-20 18:33:50+00:00,14110,DILUTION_OFFERING,True,2465357.7,HIGH,True,warrant_reprice,8342008.0,65670288.63852024,0.2955352835911929,LASE|2026-07-20 18:33:00+00:00,False,False,0.1818181128541314,-0.07272731016490008,True,False
0001628280-26-047248,LCID,"2.03,9.01",2026-07-06 20:08:39+00:00,3245,DEBT_SETTLEMENT,False,,NONE,False,,1353790000.0,55642884713.51207,,LCID|2026-07-06 20:08:00+00:00,False,False,-0.009961694447576663,-0.13333331384573588,False,False
0000763744-26-000067,LCII,"7.01,9.01",2026-07-22 12:22:52+00:00,3235,ADMINISTRATIVE,False,,NONE,False,,4122017000.0,2192168024.467392,,LCII|2026-07-22 12:22:00+00:00,False,False,0.03218455644846441,-0.020981667578601315,False,False
0001104659-26-082707,LE,5.02,2026-07-10 21:00:30+00:00,3512,ADMINISTRATIVE,False,,NONE,False,,1335146000.0,503831863.1747341,,LE|2026-07-10 21:00:00+00:00,False,False,0.1398570681630007,-0.013851629918102515,False,False
0001104659-26-086506,KULR,2.01,2026-07-24 12:30:32+00:00,6908,DEBT_SETTLEMENT,False,64538.0,HIGH,False,,16170404.0,124147799.07591677,0.003991118589244894,KULR|2026-07-24 12:30:00+00:00,False,False,-0.012433422777705982,-0.1651865517356449,False,False
0001193125-26-298979,KYTX,"1.01,9.01",2026-07-09 10:00:22+00:00,7071,DEBT_SETTLEMENT,True,,NONE,False,,,301422289.916698,,KYTX|2026-07-09 10:00:00+00:00,False,True,0.021042088955839366,-0.26252500289542413,False,False
0000058361-26-000049,LEE,"5.02,9.01",2026-07-10 20:02:13+00:00,3304,ADMINISTRATIVE,False,,NONE,False,,562341000.0,28621760.26510954,,LEE|2026-07-10 20:02:00+00:00,False,False,0.04024389407097173,-0.16463413854073639,False,False
0000763744-26-000061,LCII,"5.02,7.01,9.01",2026-07-20 11:03:17+00:00,9150,COMMERCIAL_CONTRACT,False,,NONE,False,,4122017000.0,2192168024.467392,,LCII|2026-07-20 11:03:00+00:00,False,False,0.012290383817983308,-0.046861998155236506,False,False
0000058361-26-000051,LEE,"1.01,9.01",2026-07-24 20:24:25+00:00,4485,ADMINISTRATIVE,True,,NONE,False,,562341000.0,28621760.26510954,,LEE|2026-07-24 20:24:00+00:00,False,False,0.06800003051757808,-0.0866666793823242,False,False
0001437749-26-023624,LCNB,"2.02,7.01,9.01",2026-07-15 20:06:50+00:00,3825,ADMINISTRATIVE,False,,NONE,False,,,216891135.00383663,,LCNB|2026-07-15 20:06:00+00:00,False,False,0.1656642223962137,-0.02159652476716578,False,False
0001193125-26-316916,KYTX,"1.01,7.01,9.01",2026-07-27 12:00:16+00:00,15490,FDA_APPROVAL,True,,NONE,False,,,301422289.916698,,KYTX|2026-07-27 12:00:00+00:00,False,False,0.07387868407034248,-0.07915566103847838,False,True
0001193125-26-303973,LEDS,3.01,2026-07-15 10:04:02+00:00,3829,ADMINISTRATIVE,False,,NONE,False,,43009000.0,19487094.169020653,,LEDS|2026-07-15 10:04:00+00:00,True,False,0.5210082821401252,-0.1197479294649687,True,False
0001193125-26-316757,LEDS,"4.01,9.01",2026-07-27 10:01:34+00:00,4804,ADMINISTRATIVE,False,,NONE,False,,43009000.0,19487094.169020653,,LEDS|2026-07-27 10:01:00+00:00,False,True,0.013698616715036138,-0.21461187960275763,False,False
0001193125-26-303965,LEDS,"2.02,9.01",2026-07-15 10:01:19+00:00,13582,COMMERCIAL_CONTRACT,True,,NONE,False,,43009000.0,19487094.169020653,,LEDS|2026-07-15 10:01:00+00:00,True,False,0.5210082821401252,-0.1197479294649687,False,False
0001625641-26-000152,LAW,5.02,2026-07-23 13:03:52+00:00,7928,ADMINISTRATIVE,False,300000.0,HIGH,False,,156849000.0,406261341.969471,0.0019126675974982309,LAW|2026-07-23 13:03:00+00:00,False,False,0.1903485347228855,-0.05898124061266796,False,False
0000094845-26-000038,LEVI,"2.02,9.01",2026-07-08 20:11:49+00:00,3778,ADMINISTRATIVE,False,,NONE,False,,6282000000.0,842679705.8922615,,LEVI|2026-07-08 20:11:00+00:00,False,False,0.06476957373492231,-0.03334040538833882,False,False
0001193125-26-311357,LBRX,"8.01,9.01",2026-07-22 12:14:47+00:00,11541,CLINICAL_RESULT,False,,NONE,False,,,,,LBRX|2026-07-22 12:14:00+00:00,False,False,0.19963931267088575,-0.019843652456975946,False,True
0001193125-26-297525,LFST,5.02,2026-07-07 20:27:16+00:00,4898,ADMINISTRATIVE,False,,NONE,False,,1424285000.0,1983575572.308135,,LFST|2026-07-07 20:27:00+00:00,False,False,0.01148539823602479,-0.03701995010707981,False,False
0001104659-26-085476,LEGH,"5.02,9.01",2026-07-21 22:01:16+00:00,4828,ADMINISTRATIVE,False,,NONE,False,,116932000.0,562347195.3727245,,LEGH|2026-07-21 22:01:00+00:00,False,False,0.04897490511411284,-0.041002274770296276,False,False
0000920148-26-000157,LH,"7.01,9.01",2026-07-10 07:31:41+00:00,4423,ADMINISTRATIVE,False,,NONE,False,,13951700000.0,20620433949.279785,,LH|2026-07-10 07:31:00+00:00,False,False,0.04259707742800445,-0.0597972675997841,False,False
0001193125-26-302660,LGND,"1.01,2.01,2.03,7.01,9.01",2026-07-14 13:20:16+00:00,28829,MA_ACTIVITY,True,739.0,HIGH,False,,268087000.0,3747646242.047119,2.7565678305923077e-06,LGND|2026-07-14 13:20:00+00:00,False,False,-0.0014874420536075128,-0.07133386437702105,False,True
0001140361-26-028230,LINC,"1.01,2.01,2.03,9.01",2026-07-10 16:55:28+00:00,7205,ADMINISTRATIVE,True,97628.0,HIGH,False,,518241000.0,562807584.8770714,0.00018838339691379106,LINC|2026-07-10 16:55:00+00:00,False,True,0.025614983244822254,-0.26465695309890713,False,False
0000202058-26-000047,LHX,"5.02,9.01",2026-07-24 20:06:26+00:00,6970,ADMINISTRATIVE,False,,NONE,False,,21325000000.0,53189181722.13043,,LHX|2026-07-24 20:06:00+00:00,False,False,0.022577571949732533,-0.12540141015110784,False,False
0001178913-26-003429,LFWD,"1.01,2.03,3.02,9.01",2026-07-07 20:30:21+00:00,12706,ADMINISTRATIVE,True,,NONE,True,convertible,1400000.0,104781236.90564919,,LFWD|2026-07-07 20:30:00+00:00,False,False,0.04378696969358398,-0.19763309315411925,True,False
0001213900-26-079237,LHAI,5.07,2026-07-17 21:00:21+00:00,6252,ADMINISTRATIVE,False,,NONE,True,reverse_split,20994347.0,81518098.34003448,,LHAI|2026-07-17 21:00:00+00:00,False,False,0.10406974788279277,-0.18803840571883534,True,False
0001628280-26-049590,LMB,"1.01,2.03,9.01",2026-07-24 20:05:24+00:00,6953,DEBT_SETTLEMENT,True,,NONE,False,,646804000.0,1098501425.7504425,,LMB|2026-07-24 20:05:00+00:00,False,False,0.021212577777903086,-0.08840836337009372,False,False
0000721994-26-000064,LKFN,"7.01,9.01",2026-07-27 11:00:19+00:00,3581,ADMINISTRATIVE,False,,NONE,False,,,1449857241.8735504,,LKFN|2026-07-27 11:00:00+00:00,False,False,0.05198830524242348,-0.0067633786082025305,False,False
0000721994-26-000064,LKFN,"7.01,9.01",2026-07-27 11:00:19+00:00,3581,ADMINISTRATIVE,False,,NONE,False,,,1449857241.8735504,,LKFN|2026-07-27 11:00:00+00:00,False,False,0.05198830524242348,-0.0067633786082025305,False,False
0001213900-26-075071,LHAI,"2.01,3.01,7.01,9.01",2026-07-02 21:00:25+00:00,15784,MA_ACTIVITY,False,,NONE,True,reverse_split,20994347.0,81518098.34003448,,LHAI|2026-07-02 21:00:00+00:00,False,True,0.1589047752920787,-0.36204145618611905,True,False
0000721994-26-000058,LKFN,"7.01,9.01",2026-07-14 18:16:22+00:00,3160,ADMINISTRATIVE,False,,NONE,False,,,1449857241.8735504,,LKFN|2026-07-14 18:16:00+00:00,False,False,0.0645667492141131,-0.010472471989954601,False,False
0002052959-26-000052,LION,8.01,2026-07-06 20:03:05+00:00,3993,ADMINISTRATIVE,False,,NONE,False,,2631800000.0,1731800160.0,,LION|2026-07-06 20:03:00+00:00,False,False,0.007596727474383114,-0.08770715084520042,False,False
0002052959-26-000052,LION,8.01,2026-07-06 20:03:05+00:00,3993,ADMINISTRATIVE,False,,NONE,False,,2631800000.0,1731800160.0,,LION|2026-07-06 20:03:00+00:00,False,False,0.007596727474383114,-0.08770715084520042,False,False
0001193125-26-294777,LNG,"1.01,2.03,9.01",2026-07-02 20:39:30+00:00,16333,DEBT_SETTLEMENT,True,,NONE,False,,19464000000.0,46485350297.03064,,LNG|2026-07-02 20:39:00+00:00,False,False,0.06842693411420386,-0.016364309514994457,False,False
0000721994-26-000063,LKFN,"2.02,9.01",2026-07-27 11:00:05+00:00,3754,ADMINISTRATIVE,False,,NONE,False,,,1449857241.8735504,,LKFN|2026-07-27 11:00:00+00:00,False,False,0.05198830524242348,-0.0067633786082025305,False,False
0000721994-26-000063,LKFN,"2.02,9.01",2026-07-27 11:00:05+00:00,3754,ADMINISTRATIVE,False,,NONE,False,,,1449857241.8735504,,LKFN|2026-07-27 11:00:00+00:00,False,False,0.05198830524242348,-0.0067633786082025305,False,False
0001691421-26-000050,LMND,5.02,2026-07-28 19:11:55+00:00,5407,DILUTION_OFFERING,False,,NONE,False,,737900000.0,4439096068.65007,,LMND|2026-07-28 19:11:00+00:00,False,True,0.013029303211391063,-0.248208490223627,True,False
0002052959-26-000055,LION,"5.02,9.01",2026-07-23 20:03:58+00:00,3657,ADMINISTRATIVE,False,,NONE,False,,2631800000.0,1731800160.0,,LION|2026-07-23 20:03:00+00:00,False,False,0.012564676988106038,-0.048780477489867136,False,False
0001462120-26-000049,LOB,5.02,2026-07-02 20:13:31+00:00,4621,ADMINISTRATIVE,False,,NONE,False,,,1424072654.0878296,,LOB|2026-07-02 20:13:00+00:00,False,False,0.060459494371314815,-0.036275696622788844,False,False
0001462120-26-000053,LOB,"2.02,9.01",2026-07-22 20:18:49+00:00,3832,ADMINISTRATIVE,False,,NONE,False,,,1424072654.0878296,,LOB|2026-07-22 20:18:00+00:00,False,False,0.03539161910553901,-0.03508982401408123,False,False
0001691421-26-000047,LMND,"2.02,9.01",2026-07-28 19:00:09+00:00,3657,ADMINISTRATIVE,False,,NONE,False,,737900000.0,4439096068.65007,,LMND|2026-07-28 19:00:00+00:00,False,True,0.010232273367514644,-0.2502842280947344,False,False
0001193125-26-307817,LNN,"5.02,9.01",2026-07-17 20:10:16+00:00,5607,ADMINISTRATIVE,False,,NONE,False,,659074000.0,1525053234.9023743,,LNN|2026-07-17 20:10:00+00:00,False,False,0.0302127758514803,-0.026622303621433474,False,False
0000003570-26-000023,LNG,"5.02,7.01,9.01",2026-07-14 20:34:37+00:00,8535,ADMINISTRATIVE,False,,NONE,False,,19464000000.0,46485350297.03064,,LNG|2026-07-14 20:34:00+00:00,False,False,0.013309607725534356,-0.03670562676233746,False,False
0000003570-26-000025,LNG,"7.01,9.01",2026-07-28 12:35:38+00:00,7690,ADMINISTRATIVE,False,,NONE,False,,19464000000.0,46485350297.03064,,LNG|2026-07-28 12:35:00+00:00,False,False,0.023509129266132467,-0.021981038255306173,False,False
0001628280-26-049277,LMT,"2.02,9.01",2026-07-23 10:30:57+00:00,41214,COMMERCIAL_CONTRACT,False,,NONE,False,,75048000000.0,116594784471.93457,,LMT|2026-07-23 10:30:00+00:00,False,False,0.07080977824300505,-0.003566918967527255,False,False
0001437749-26-024415,LODE,"2.02,7.01,9.01",2026-07-24 20:16:18+00:00,3814,ADMINISTRATIVE,False,,NONE,False,,1553796.0,109229974.14934444,,LODE|2026-07-24 20:16:00+00:00,False,False,-0.018808795029533254,-0.1536050159082739,False,False
0001102993-26-000046,LPSN,8.01,2026-07-24 10:11:07+00:00,16476,MA_ACTIVITY,False,,NONE,False,,243742000.0,568154758.2178488,,LPSN|2026-07-24 10:11:00+00:00,True,False,0.2161290635179416,-0.012903213897927035,False,True
0001437749-26-024234,LPTH,"1.01,7.01,9.01",2026-07-23 12:35:09+00:00,8766,ADMINISTRATIVE,True,4500000.0,HIGH,False,,37202630.0,381036904.96176624,0.12095919025079678,LPTH|2026-07-23 12:35:00+00:00,False,True,0.05636441267607717,-0.236078419456203,False,False
0001032975-26-000047,LOGI,"2.02,9.01",2026-07-28 20:08:19+00:00,4303,ADMINISTRATIVE,False,,NONE,False,,4840761000.0,15457282057.050293,,LOGI|2026-07-28 20:08:00+00:00,False,False,0.02934428994673799,-0.04119676041710951,False,False
0001437749-26-022856,LSF,"2.01,9.01",2026-07-07 01:09:54+00:00,5850,DILUTION_OFFERING,False,1000.0,HIGH,False,,49889286.0,52789386.81590366,2.004438387833412e-05,LSF|2026-07-07 01:09:00+00:00,False,True,0.010224988159518666,-0.27402861978651927,True,False
0001437749-26-023571,LSF,"5.02,9.01",2026-07-14 21:30:29+00:00,3950,ADMINISTRATIVE,False,,NONE,False,,49889286.0,52789386.81590366,,LSF|2026-07-14 21:30:00+00:00,False,False,0.07045453092283482,-0.19318184650633885,False,False
0001185185-26-003067,LOGC,9.01,2026-07-21 21:18:29+00:00,119583,COMMERCIAL_CONTRACT,True,,NONE,False,,0.0,200116747.5,,LOGC|2026-07-21 21:18:00+00:00,False,False,0.043010710787809936,-0.005376364484882101,False,False
0001437749-26-024519,LSCC,"2.01,2.03,3.02,5.02,7.01,9.01",2026-07-27 20:24:29+00:00,13744,MA_ACTIVITY,False,1000000000.0,HIGH,False,,523262000.0,10113844557.245079,1.9110885177979673,LSCC|2026-07-27 20:24:00+00:00,False,False,0.03806586475171314,-0.035065126537145774,True,True
0001140361-26-029541,LSTA,"1.02,8.01",2026-07-24 16:15:36+00:00,6778,MA_ACTIVITY,False,3.0,HIGH,False,,170000.0,20488917.568470955,1.764705882352941e-05,LSTA|2026-07-24 16:15:00+00:00,False,True,-0.0010090687474922921,-0.48789102466519607,False,True
0001193125-26-313370,LPSN,"7.01,9.01",2026-07-23 12:02:57+00:00,40762,MA_ACTIVITY,False,,NONE,False,,243742000.0,568154758.2178488,,LPSN|2026-07-23 12:02:00+00:00,True,False,0.27364862579076843,-0.033783831676485354,False,True
0001193125-26-296716,LQDT,"8.01,9.01",2026-07-07 10:00:28+00:00,8237,FDA_APPROVAL,False,,NONE,False,,476669000.0,747812336.3423252,,LQDT|2026-07-07 10:00:00+00:00,False,False,0.06616700605214709,-0.06022223052623599,False,True
0001193125-26-296288,LSTR,"1.01,2.03,9.01",2026-07-06 20:42:07+00:00,6930,DEBT_SETTLEMENT,True,,NONE,False,,4743760000.0,4507732026.33252,,LSTR|2026-07-06 20:42:00+00:00,False,False,0.059603960972937964,-0.013585263773902345,False,False
0001140361-26-028763,LSTA,"1.01,9.01",2026-07-17 11:01:28+00:00,5293,MA_ACTIVITY,True,,NONE,False,,170000.0,20488917.568470955,,LSTA|2026-07-17 11:01:00+00:00,False,True,0.01933706460616813,-0.7196132547561873,False,True
0001596993-26-000031,LPG,"7.01,8.01,9.01",2026-07-15 23:16:24+00:00,9428,ADMINISTRATIVE,False,81800000.0,HIGH,False,,481511242.0,1222710135.6537628,0.1698818072455305,LPG|2026-07-15 23:16:00+00:00,False,False,0.0853948638060551,-0.0482874060367674,False,False
0001193125-26-314490,LSTR,"8.01,9.01",2026-07-23 21:05:29+00:00,12862,ADMINISTRATIVE,False,,NONE,False,,4743760000.0,4507732026.33252,,LSTR|2026-07-23 21:05:00+00:00,False,False,0.018444383261176034,-0.11617057459914548,False,False
0001213900-26-076897,LRHC,"1.01,3.02,5.03,9.01",2026-07-10 10:03:01+00:00,12050,ADMINISTRATIVE,True,1000.0,HIGH,True,convertible,68507806.0,369623236.0,1.4596876741316165e-05,LRHC|2026-07-10 10:03:00+00:00,False,True,0.04504500150622537,-0.20801800597227793,True,False
0001829126-26-007468,LUCY,"1.01,3.02,8.01,9.01",2026-07-09 20:30:29+00:00,17035,DILUTION_OFFERING,True,0.125,HIGH,False,,2661669.0,7227871.35632062,4.696301455966163e-08,LUCY|2026-07-09 20:30:00+00:00,False,True,0.06250004656612851,-0.2885714161031101,True,False
0001679273-26-000022,LW,"5.02,9.01",2026-07-15 21:24:09+00:00,4203,ADMINISTRATIVE,False,,NONE,False,,6612300000.0,5964286037.682495,,LW|2026-07-15 21:24:00+00:00,False,False,0.06523156970017352,-0.02087416534319042,False,False
0001683168-26-005332,LWAY,"1.01,2.03,9.01",2026-07-07 20:05:31+00:00,5956,DEBT_SETTLEMENT,True,,NONE,False,,212496000.0,368024989.5616913,,LWAY|2026-07-07 20:05:00+00:00,False,False,0.1301867664960099,0.0031120384630172193,False,False
0001213900-26-082313,LVO,"1.01,9.01",2026-07-28 20:45:14+00:00,6150,ADMINISTRATIVE,True,,NONE,True,shelf,77144000.0,406967012.7177181,,LVO|2026-07-28 20:45:00+00:00,False,False,0.010438453263686531,-0.10438413444299344,True,False
0001213900-26-078793,LRHC,"1.01,3.02,5.03,9.01",2026-07-16 21:21:55+00:00,13991,ADMINISTRATIVE,True,250000.0,HIGH,True,convertible,68507806.0,369623236.0,0.003649219185329041,LRHC|2026-07-16 21:21:00+00:00,False,False,0.036697211585436484,-0.19348624056893238,True,False
0001679273-26-000024,LW,"2.02,9.01",2026-07-24 12:00:54+00:00,3070,ADMINISTRATIVE,False,,NONE,False,,6612300000.0,5964286037.682495,,LW|2026-07-24 12:00:00+00:00,False,False,0.1365305842185507,-0.07448982705875318,False,False
0001437749-26-024683,LXFR,9.01,2026-07-28 20:30:28+00:00,3393,MA_ACTIVITY,False,,NONE,False,,384600000.0,375971637.5452423,,LXFR|2026-07-28 20:30:00+00:00,False,False,0.009334880578160343,-0.008167992685751746,False,True
0001437749-26-024683,LXFR,9.01,2026-07-28 20:30:28+00:00,3393,MA_ACTIVITY,False,,NONE,False,,384600000.0,375971637.5452423,,LXFR|2026-07-28 20:30:00+00:00,False,False,0.009334880578160343,-0.008167992685751746,False,True
0001079973-26-000955,LWLG,"5.02,7.01,9.01",2026-07-20 13:00:14+00:00,14837,ADMINISTRATIVE,False,,NONE,False,,236855.0,697681507.2578974,,LWLG|2026-07-20 13:00:00+00:00,False,False,0.16377952401137952,-0.06456690607396687,False,False
0001437749-26-024227,LXFR,"8.01,9.01",2026-07-23 10:41:11+00:00,3563,ADMINISTRATIVE,False,,NONE,False,,384600000.0,375971637.5452423,,LXFR|2026-07-23 10:41:00+00:00,False,False,0.03448275471042539,-0.01367417041672736,False,False
0001193125-26-321050,LSTR,"2.02,7.01,9.01",2026-07-28 20:22:30+00:00,59218,EARNINGS,False,348.0,HIGH,False,,4743760000.0,4507732026.33252,7.335952914987267e-08,LSTR|2026-07-28 20:22:00+00:00,False,False,0.0013332704453070665,-0.04089684193603893,False,False
0001104659-26-084849,LXP,"1.01,5.03,7.01,9.01",2026-07-20 10:53:56+00:00,47838,MA_ACTIVITY,True,,NONE,True,convertible,4088000.0,14079422430.666084,,LXP|2026-07-20 10:53:00+00:00,False,False,-0.0053563029992770295,-0.017529651361068654,True,False
0001493152-26-032364,MAMA,5.07,2026-07-07 21:07:59+00:00,4385,ADMINISTRATIVE,False,,NONE,False,,171714000.0,473023987.39920044,,MAMA|2026-07-07 21:07:00+00:00,False,False,0.06840392093718961,-0.09066232732773938,False,False
0001396440-26-000084,MAIN,"2.02,9.01",2026-07-09 13:38:49+00:00,3596,ADMINISTRATIVE,False,,NONE,False,,,5116312072.34404,,MAIN|2026-07-09 13:38:00+00:00,False,False,0.05035788246032369,-0.0015646749341567956,False,False
0002077096-26-000223,LXFR,"1.01,8.01,9.01",2026-07-27 12:31:57+00:00,51562,ADMINISTRATIVE,True,,NONE,False,,384600000.0,375971637.5452423,,LXFR|2026-07-27 12:31:00+00:00,False,False,-0.004022971055106961,-0.025287387569194797,False,False
0001396440-26-000086,MAIN,"2.02,9.01",2026-07-16 13:15:53+00:00,3961,ADMINISTRATIVE,False,,NONE,False,,,5116312072.34404,,MAIN|2026-07-16 13:15:00+00:00,False,False,0.05048433437157329,-0.0027012007626552315,False,False
0001628280-26-049801,LYFT,5.02,2026-07-27 20:09:22+00:00,6084,ADMINISTRATIVE,False,,NONE,False,,5895475000.0,,,LYFT|2026-07-27 20:09:00+00:00,False,False,0.041967235627721644,-0.016065566266169284,False,False
0000950142-26-002012,MARA,"1.01,2.01,7.01,9.01",2026-07-09 12:09:02+00:00,20078,ADMINISTRATIVE,True,,NONE,False,,58704000.0,7679591682.817841,,MARA|2026-07-09 12:09:00+00:00,False,False,0.12052878943352563,-0.0723172143335622,False,False
0001193125-26-320952,MANH,"2.02,9.01",2026-07-28 20:02:18+00:00,43785,FDA_APPROVAL,False,,NONE,False,,1081392000.0,12094928430.229706,,MANH|2026-07-28 20:02:00+00:00,False,False,0.10027891478270212,-0.039098280173873956,False,True
0001104659-26-081806,MASS,8.01,2026-07-08 20:30:11+00:00,4329,ADMINISTRATIVE,False,,NONE,False,,56197000.0,275333879.8696804,,MASS|2026-07-08 20:30:00+00:00,False,False,0.09999993360495352,-0.12088606483259001,False,False
0001493152-26-034014,MBOT,"7.01,9.01",2026-07-21 12:30:28+00:00,9778,ADMINISTRATIVE,False,,NONE,False,,,93369172.77820039,,MBOT|2026-07-21 12:30:00+00:00,False,False,0.019498655525058473,-0.08077993559510444,False,False
0001437749-26-023919,MBWM,"2.02,7.01,9.01",2026-07-21 13:01:51+00:00,5961,ADMINISTRATIVE,False,,NONE,False,,,740286830.5940742,,MBWM|2026-07-21 13:01:00+00:00,False,False,0.06087396586906557,-0.04114949714559335,False,False
0001493152-26-032260,MBOT,"7.01,8.01,9.01",2026-07-07 12:30:39+00:00,11019,ADMINISTRATIVE,False,,NONE,False,,,93369172.77820039,,MBOT|2026-07-07 12:30:00+00:00,False,False,0.0253806860863639,-0.09137059093556776,False,False
0001104659-26-086062,MBLY,"2.02,9.01",2026-07-23 10:41:04+00:00,42194,COMMERCIAL_CONTRACT,False,,NONE,False,,1894000000.0,3283290216.400137,,MBLY|2026-07-23 10:41:00+00:00,False,False,0.0703030210552793,-0.13939395095362805,False,False
0001104659-26-087529,MBIN,"2.02,9.01",2026-07-28 20:05:36+00:00,87875,EARNINGS,False,16500000.0,HIGH,False,,,1434838292.6646957,,MBIN|2026-07-28 20:05:00+00:00,False,False,0.10598990581510637,0.0,False,False
0001104659-26-086061,MBLY,"5.02,7.01,9.01",2026-07-23 10:40:30+00:00,14444,DILUTION_OFFERING,False,,NONE,False,,1894000000.0,3283290216.400137,,MBLY|2026-07-23 10:40:00+00:00,False,False,0.0703030210552793,-0.13939395095362805,True,False
0001193125-26-302098,MBX,5.02,2026-07-13 20:46:20+00:00,12070,ADMINISTRATIVE,False,150000.0,HIGH,False,,,737721266.6038971,,MBX|2026-07-13 20:46:00+00:00,False,False,0.12823687088428226,-0.07026075537275578,False,False
0001193125-26-305399,MAN,"2.02,9.01",2026-07-16 11:30:19+00:00,46974,EARNINGS,False,88000000.0,HIGH,False,,17957100000.0,1395213213.3661652,0.004900568577331529,MAN|2026-07-16 11:30:00+00:00,False,False,0.18259028805581812,-0.006794048942486475,False,False
0001104659-26-083946,MATX,"2.02,9.01",2026-07-15 21:20:31+00:00,17986,EARNINGS,False,,NONE,False,,3344500000.0,3903740286.8460846,,MATX|2026-07-15 21:20:00+00:00,False,False,0.07271036237033757,-0.10041843556769003,False,False
0001104659-26-083869,MCBS,"8.01,9.01",2026-07-15 20:00:19+00:00,4853,ADMINISTRATIVE,False,,NONE,False,,,652489390.816246,,MCBS|2026-07-15 20:00:00+00:00,False,False,0.037305128644087526,-0.07827669980242591,False,False
0001193125-26-298525,MCRB,"5.02,5.07,9.01",2026-07-08 20:05:18+00:00,7671,ADMINISTRATIVE,False,,NONE,False,,789000.0,138147112.2622776,,MCRB|2026-07-08 20:05:00+00:00,False,True,-0.015227697666232776,-0.3841818904618619,False,False
0001193125-26-298005,MCRB,"7.01,8.01,9.01",2026-07-08 12:00:09+00:00,81811,CLINICAL_RESULT,False,,NONE,True,going_concern,789000.0,138147112.2622776,,MCRB|2026-07-08 12:00:00+00:00,False,True,0.024020295540180037,-0.4197218405649418,True,False
0001193125-26-316225,MD,"5.02,7.01",2026-07-24 21:00:13+00:00,3918,ADMINISTRATIVE,False,,NONE,False,,1913849000.0,1514393958.7780304,,MD|2026-07-24 21:00:00+00:00,False,False,0.02079392140627756,-0.017391341344149325,False,False
0001104659-26-086635,MCBS,"2.02,9.01",2026-07-24 20:00:31+00:00,85742,ADMINISTRATIVE,False,750000000.0,HIGH,False,,,652489390.816246,,MCBS|2026-07-24 20:00:00+00:00,False,False,0.013445365041409696,-0.07259667933281477,False,False
0001104659-26-085060,MCB,"8.01,9.01",2026-07-20 20:06:04+00:00,7861,ADMINISTRATIVE,False,,NONE,False,,11053000.0,738876141.50177,,MCB|2026-07-20 20:06:00+00:00,False,False,-0.003019047381402573,-0.12961663003733315,False,False
0000827054-26-000031,MCHP,5.02,2026-07-24 20:16:56+00:00,3294,ADMINISTRATIVE,False,,NONE,True,convertible,4713100000.0,34091563576.207016,,MCHP|2026-07-24 20:16:00+00:00,False,False,0.0024952831495281824,-0.11116660626927755,True,False
0001171843-26-004783,MCRI,"2.02,8.01,9.01",2026-07-20 21:38:32+00:00,3643,ADMINISTRATIVE,False,,NONE,False,,545125000.0,1775961608.5191345,,MCRI|2026-07-20 21:38:00+00:00,False,False,0.044177046127408026,-0.06361492587982642,False,False
0001104659-26-085420,MCB,"2.02,7.01,9.01",2026-07-21 20:20:28+00:00,99974,DILUTION_OFFERING,False,,NONE,False,,11053000.0,738876141.50177,,MCB|2026-07-21 20:20:00+00:00,False,False,0.07181937226052382,-0.014021925898506482,True,False
0001193125-26-304033,MD,"2.02,7.01,9.01",2026-07-15 11:00:15+00:00,11347,DEBT_SETTLEMENT,False,,NONE,False,,1913849000.0,1514393958.7780304,,MD|2026-07-15 11:00:00+00:00,False,False,0.1046128062745797,-0.016886319432339092,False,False
0001493152-26-035058,MEDS,"8.01,9.01",2026-07-28 19:14:03+00:00,10545,MA_ACTIVITY,False,,NONE,False,,23337860.0,2458874925.0,,MEDS|2026-07-28 19:14:00+00:00,False,False,0.07799442286464786,-0.1713091989527381,False,True
0001125345-26-000050,MGNX,8.01,2026-07-23 20:07:30+00:00,3063,CLINICAL_RESULT,False,,NONE,False,,149500000.0,85959756.98416483,,MGNX|2026-07-23 20:07:00+00:00,False,False,0.012468755871280157,-0.162094837078665,False,True
0001125345-26-000045,MGNX,"2.01,7.01,9.01",2026-07-07 20:30:13+00:00,5546,ADMINISTRATIVE,False,,NONE,False,,149500000.0,85959756.98416483,,MGNX|2026-07-07 20:30:00+00:00,False,False,0.01918979775902807,-0.14605542311773623,False,False
0001213900-26-076349,MDAI,"5.02,7.01,9.01",2026-07-08 20:01:28+00:00,40595,ADMINISTRATIVE,False,,NONE,False,,19650000.0,51858118.2495594,,MDAI|2026-07-08 20:01:00+00:00,False,False,0.011494241848790887,-0.13793103920766103,False,False
0001668397-26-000023,MEDP,"2.02,9.01",2026-07-22 20:15:39+00:00,3890,ADMINISTRATIVE,False,,NONE,False,,2530234000.0,14642366698.738403,,MEDP|2026-07-22 20:15:00+00:00,False,False,0.042923114483172986,-0.13061542217548072,False,False
0001628280-26-047228,MDB,"5.03,5.07",2026-07-06 20:05:10+00:00,6291,ADMINISTRATIVE,False,,NONE,False,,2463797000.0,26130206297.86432,,MDB|2026-07-06 20:05:00+00:00,False,False,0.011737142202129736,-0.08022787182152147,False,False
0001125345-26-000047,MGNX,5.02,2026-07-08 20:00:55+00:00,3267,ADMINISTRATIVE,False,,NONE,False,,149500000.0,85959756.98416483,,MGNX|2026-07-08 20:00:00+00:00,False,False,0.004319650201332292,-0.1349891975273677,False,False
0001176334-26-000025,MMLP,"2.02,9.01",2026-07-22 20:05:02+00:00,4516,ADMINISTRATIVE,False,,NONE,False,,716113000.0,97637715.0,,MMLP|2026-07-22 20:05:00+00:00,False,False,0.006960010528564542,-0.06400003433227541,False,False
0001437749-26-024316,MIND,5.07,2026-07-23 20:15:17+00:00,5537,ADMINISTRATIVE,False,,NONE,False,,40947000.0,84236777.53792572,,MIND|2026-07-23 20:15:00+00:00,False,False,0.0521024378758308,-0.1389396309315123,False,False
0000066382-26-000091,MLKN,"5.03,9.01",2026-07-20 20:05:17+00:00,4323,ADMINISTRATIVE,False,,NONE,False,,3841700000.0,1240117435.536312,,MLKN|2026-07-20 20:05:00+00:00,False,False,0.092120428409882,-0.031013060233834877,False,False
0001628280-26-048574,MED,"7.01,9.01",2026-07-17 12:33:58+00:00,3677,ADMINISTRATIVE,False,,NONE,False,,385788000.0,137827942.14072418,,MED|2026-07-17 12:33:00+00:00,False,False,0.0018743677550470128,-0.1199624858311884,False,False
0001104659-26-080949,MGTX,"1.01,1.02,2.03,3.02,7.01,9.01",2026-07-07 11:42:01+00:00,29537,DILUTION_OFFERING,True,100000000.0,HIGH,False,,81391000.0,718395994.1606216,1.2286370728950375,MGTX|2026-07-07 11:42:00+00:00,False,False,0.14126398506680715,-0.0951672677414801,True,False
0000089439-26-000029,MLI,"2.02,9.01",2026-07-21 16:09:15+00:00,3510,ADMINISTRATIVE,False,,NONE,False,,4178547000.0,5455886545.428406,,MLI|2026-07-21 16:09:00+00:00,False,False,0.07996699673703445,-0.00024737351967418775,False,False
0000066740-26-000242,MMM,"2.02,9.01",2026-07-21 10:34:07+00:00,3870,ADMINISTRATIVE,False,,NONE,False,,24948000000.0,85909715411.02808,,MMM|2026-07-21 10:34:00+00:00,False,False,0.022877728565087407,-0.022674478873638715,False,False
0001213900-26-081413,METC,9.01,2026-07-24 20:31:22+00:00,22194,DEBT_SETTLEMENT,False,,NONE,False,,536618000.0,389437421.77989006,,METC|2026-07-24 20:31:00+00:00,False,False,0.01636535942813655,-0.12654613651207824,False,False
0001550913-26-000027,MKZR,"7.01,9.01",2026-07-28 17:53:11+00:00,3262,ADMINISTRATIVE,False,,NONE,False,,22059843.0,6882514.945605278,,MKZR|2026-07-28 17:53:00+00:00,False,False,0.0318348485111426,-0.016157425674411585,False,False
0001550913-26-000025,MKZR,"7.01,8.01,9.01",2026-07-14 01:13:01+00:00,5070,ADMINISTRATIVE,False,,NONE,False,,22059843.0,6882514.945605278,,MKZR|2026-07-14 01:13:00+00:00,False,True,0.05358766188535036,-0.3218286322598025,False,False
0001437749-26-023920,MNSB,8.01,2026-07-21 13:32:16+00:00,4634,ADMINISTRATIVE,False,,NONE,False,,2184000.0,142790332.29122162,,MNSB|2026-07-21 13:32:00+00:00,False,False,-0.00703351575330291,-0.0579230291316134,False,False
0000769520-26-000041,MIDD,9.01,2026-07-09 20:29:25+00:00,22874,DEBT_SETTLEMENT,False,,NONE,False,,3201202000.0,5065384545.044968,,MIDD|2026-07-09 20:29:00+00:00,False,False,0.03890379856433701,-0.04088281375948566,False,False
0001193125-26-316041,MNKD,"3.02,8.01,9.01",2026-07-24 20:01:26+00:00,11939,FDA_APPROVAL,False,3.89,HIGH,False,,348966000.0,1684487488.9225674,1.1147217780528763e-08,MNKD|2026-07-24 20:01:00+00:00,False,False,0.003554583902496411,-0.09478670067201278,True,True
0001437749-26-024041,MNPR,"7.01,9.01",2026-07-22 12:00:09+00:00,3504,ADMINISTRATIVE,False,,NONE,False,,0.0,519233060.4233093,,MNPR|2026-07-22 12:00:00+00:00,False,False,0.031894217427824056,-0.1064319110786397,False,False
0001193125-26-295648,MIDD,"1.01,2.01,5.02,7.01,9.01",2026-07-06 12:30:10+00:00,17400,COMMERCIAL_CONTRACT,True,,NONE,False,,3201202000.0,5065384545.044968,,MIDD|2026-07-06 12:30:00+00:00,False,False,0.0515786407055947,-0.08087299095128053,False,False
0000950157-26-000802,MLM,"1.01,2.03,9.01",2026-07-15 20:09:13+00:00,8353,DEBT_SETTLEMENT,True,,NONE,False,,6150000000.0,36973608966.98547,,MLM|2026-07-15 20:09:00+00:00,False,False,0.02080675628021056,-0.057480479383096306,False,False
0001179929-26-000036,MOH,"2.02,9.01",2026-07-22 20:20:41+00:00,3725,ADMINISTRATIVE,False,,NONE,False,,45426000000.0,10219951867.675781,,MOH|2026-07-22 20:20:00+00:00,False,False,-0.004373606896889259,-0.15241458692963417,False,False
0001750735-26-000056,MRBK,7.01,2026-07-23 20:58:26+00:00,3148,ADMINISTRATIVE,False,,NONE,False,,6316000.0,168501307.75556946,,MRBK|2026-07-23 20:58:00+00:00,False,False,0.03951980613170125,-0.016007988918867233,False,False
0001213900-26-076046,MOVE,"3.02,5.02,5.03,5.07,8.01,9.01",2026-07-07 21:10:57+00:00,15071,MA_ACTIVITY,False,,NONE,True,convertible,433000.0,51582311.98762894,,MOVE|2026-07-07 21:10:00+00:00,False,True,0.09609016432410256,-0.3585345261613204,True,False
0001104659-26-081842,MNST,"8.01,9.01",2026-07-08 21:09:42+00:00,11765,ADMINISTRATIVE,False,,NONE,False,,8294343000.0,64991057875.98212,,MNST|2026-07-08 21:09:00+00:00,False,False,0.035881199649404616,-0.0032046261664937514,False,False
0001437749-26-023820,MNSB,"2.02,7.01,9.01",2026-07-20 12:00:16+00:00,5041,ADMINISTRATIVE,False,,NONE,False,,2184000.0,142790332.29122162,,MNSB|2026-07-20 12:00:00+00:00,False,False,0.022360286710439548,-0.05714282329461118,False,False
0001628280-26-048671,MRAM,5.02,2026-07-17 20:22:19+00:00,3108,ADMINISTRATIVE,False,,NONE,False,,55202000.0,235753616.66615868,,MRAM|2026-07-17 20:22:00+00:00,False,False,0.12905359719206966,-0.05228325478511309,False,False
0001104659-26-086644,MOD,"7.01,9.01",2026-07-24 20:05:16+00:00,26002,ADMINISTRATIVE,True,,NONE,False,,3181100000.0,7999510579.225067,,MOD|2026-07-24 20:05:00+00:00,False,True,0.004693521597521233,-0.3072445713146562,False,False
0001193125-26-299843,MRVL,"8.01,9.01",2026-07-09 21:19:10+00:00,3617,ADMINISTRATIVE,False,,NONE,True,shelf,8194600000.0,66105828263.09204,,MRVL|2026-07-09 21:19:00+00:00,False,False,0.004167708551408467,-0.10277570814033554,True,False
0000879635-26-000045,MPB,"7.01,9.01",2026-07-28 12:02:09+00:00,3540,ADMINISTRATIVE,False,,NONE,False,,,661676407.1680298,,MPB|2026-07-28 12:02:00+00:00,False,False,0.02972122710441716,-0.026801709490037573,False,False
0001437749-26-024306,MRTN,"2.02,7.01,9.01",2026-07-23 20:07:09+00:00,7697,ADMINISTRATIVE,False,,NONE,False,,883652000.0,877159780.8985443,,MRTN|2026-07-23 20:07:00+00:00,False,False,-0.0018038954185667366,-0.12086586750704709,False,False
0000062709-26-000193,MRSH,"2.02,9.01",2026-07-21 11:02:42+00:00,44908,EARNINGS,False,,NONE,False,,26981000000.0,101776011482.30452,,MRSH|2026-07-21 11:02:00+00:00,False,False,0.012992248224249714,-0.06461290089986393,False,False
0000879635-26-000042,MPB,"2.02,8.01,9.01",2026-07-22 20:01:19+00:00,3435,ADMINISTRATIVE,False,,NONE,False,,,661676407.1680298,,MPB|2026-07-22 20:01:00+00:00,False,False,0.0944926202085532,-0.0022365622038263977,False,False
0001104659-26-085058,MSAI,"3.02,5.02,9.01",2026-07-20 20:05:23+00:00,14753,ADMINISTRATIVE,False,,NONE,False,,5551000.0,1853192343.2435226,,MSAI|2026-07-20 20:05:00+00:00,False,False,0.00424593706911236,-0.17851209900608012,True,False
0001104659-26-085058,MSAI,"3.02,5.02,9.01",2026-07-20 20:05:23+00:00,14753,ADMINISTRATIVE,False,,NONE,False,,5551000.0,1853192343.2435226,,MSAI|2026-07-20 20:05:00+00:00,False,False,0.00424593706911236,-0.17851209900608012,True,False
0000066570-26-000019,MSA,"8.01,9.01",2026-07-09 20:53:50+00:00,3189,ADMINISTRATIVE,False,,NONE,False,,1874814000.0,6525957686.182251,,MSA|2026-07-09 20:53:00+00:00,False,False,0.05530731515234466,-0.008224504912340835,False,False
0001408198-26-000044,MSCI,"2.02,9.01",2026-07-21 10:46:52+00:00,4028,ADMINISTRATIVE,False,,NONE,False,,3134459000.0,42423224723.45032,,MSCI|2026-07-21 10:46:00+00:00,False,False,0.021532725897561278,-0.032775612912719576,False,False
0000066570-26-000022,MSA,5.02,2026-07-21 20:34:13+00:00,6614,ADMINISTRATIVE,False,,NONE,False,,1874814000.0,6525957686.182251,,MSA|2026-07-21 20:34:00+00:00,False,False,0.06731367584219283,-0.00011756514859251332,False,False
0001213900-26-080636,MSS,"5.07,9.01",2026-07-23 12:00:19+00:00,5698,ADMINISTRATIVE,False,,NONE,False,,124217480.0,802721896.0,,MSS|2026-07-23 12:00:00+00:00,True,True,0.33459396317833745,-0.43405215244742956,False,False
0001213900-26-081956,MSS,"1.01,9.01",2026-07-28 10:03:31+00:00,6202,ADMINISTRATIVE,True,,NONE,False,,124217480.0,802721896.0,,MSS|2026-07-28 10:03:00+00:00,True,False,1.0388889852865266,-0.13538884150687436,False,False
0001682852-26-000134,MRNA,"5.02,7.01,9.01",2026-07-08 11:08:16+00:00,6408,ADMINISTRATIVE,False,,NONE,False,,1944000000.0,10213343621.25,,MRNA|2026-07-08 11:08:00+00:00,False,False,-0.013026873980920506,-0.14035766366317326,False,False
0001193125-26-316820,MPLT,"7.01,8.01,9.01",2026-07-27 11:07:27+00:00,50306,FDA_APPROVAL,False,,NONE,False,,,,,MPLT|2026-07-27 11:07:00+00:00,True,True,0.2855999755859375,-0.2719999694824219,False,True
0001535778-26-000074,MSIF,"2.02,9.01",2026-07-09 13:39:31+00:00,3652,ADMINISTRATIVE,False,,NONE,False,,,573081296.7805767,,MSIF|2026-07-09 13:39:00+00:00,False,False,0.029590962520515518,-0.06005218399722845,False,False
0001213900-26-079613,MSS,"3.03,5.03,7.01,9.01",2026-07-20 20:05:21+00:00,15523,ADMINISTRATIVE,False,,NONE,True,reverse_split,124217480.0,802721896.0,,MSS|2026-07-20 20:05:00+00:00,True,True,0.5069766817768593,-0.2744186634499012,True,False
0001213900-26-081808,MSS,"7.01,8.01,9.01",2026-07-27 20:05:18+00:00,9477,ADMINISTRATIVE,False,,NONE,False,,124217480.0,802721896.0,,MSS|2026-07-27 20:05:00+00:00,True,False,1.0388889852865266,-0.13538884150687436,False,False
0001193125-26-299743,MSDL,"1.01,2.03,9.01",2026-07-09 20:30:51+00:00,8514,DEBT_SETTLEMENT,False,,NONE,False,,,1466643299.6801147,,MSDL|2026-07-09 20:30:00+00:00,False,False,0.022609844432796677,-0.020025805885624637,False,False
0001193125-26-296188,MSDL,"7.01,9.01",2026-07-06 20:11:21+00:00,7732,ADMINISTRATIVE,False,,NONE,False,,,1466643299.6801147,,MSDL|2026-07-06 20:11:00+00:00,False,False,0.021626858818396988,-0.025177494861917893,False,False
0001003078-26-000083,MSM,"5.02,9.01",2026-07-17 13:15:12+00:00,5692,ADMINISTRATIVE,False,,NONE,False,,3769521000.0,4691951698.070984,,MSM|2026-07-17 13:15:00+00:00,False,False,0.03246749632612911,-0.03078400195328157,False,False
0001466026-26-000071,MSBI,"2.02,7.01,9.01",2026-07-23 20:07:22+00:00,4131,ADMINISTRATIVE,False,,NONE,False,,,391575528.0147476,,MSBI|2026-07-23 20:07:00+00:00,False,False,0.1060850010608323,-0.0013457677400773305,False,False
0001104659-26-087359,MSBI,"7.01,9.01",2026-07-28 13:28:54+00:00,34541,FDA_APPROVAL,False,,NONE,False,,,391575528.0147476,,MSBI|2026-07-28 13:28:00+00:00,False,False,0.02552237439511429,-0.014925373134328401,False,True
0001104659-26-083538,MSB,"2.02,9.01",2026-07-14 20:45:14+00:00,8947,ADMINISTRATIVE,False,,NONE,False,,98595651.0,454345960.31368256,,MSB|2026-07-14 20:45:00+00:00,False,False,0.016989344695735653,-0.1465823454269488,False,False
0001520006-26-000033,MTDR,"7.01,9.01",2026-07-22 20:17:11+00:00,10322,ADMINISTRATIVE,False,,NONE,False,,3656514000.0,5401812937.984634,,MTDR|2026-07-22 20:17:00+00:00,False,False,-0.017259807963255103,-0.19154802924393044,False,False
0001193125-26-309077,MTZ,2.03,2026-07-20 21:16:34+00:00,5515,DEBT_SETTLEMENT,False,105000000.0,HIGH,False,,14299171000.0,16719017678.812744,0.007343083036072511,MTZ|2026-07-20 21:16:00+00:00,False,False,0.05257187766590343,-0.08183911202967853,False,False
0001104659-26-086469,MTDR,"1.01,7.01,9.01",2026-07-24 11:00:26+00:00,32259,DEBT_SETTLEMENT,True,,NONE,False,,3656514000.0,5401812937.984634,,MTDR|2026-07-24 11:00:00+00:00,False,False,0.010221843965119382,-0.12372222352199058,False,False
0001288469-26-000050,MXL,"2.02,9.01",2026-07-23 20:05:46+00:00,3677,ADMINISTRATIVE,False,,NONE,False,,467641000.0,1469918733.1591377,,MXL|2026-07-23 20:05:00+00:00,False,True,0.05954261118090898,-0.3125983162886886,False,False
0000891014-26-000160,MTX,"8.01,9.01",2026-07-22 20:29:14+00:00,5770,ADMINISTRATIVE,False,,NONE,False,,2072600000.0,1868133975.3656921,,MTX|2026-07-22 20:29:00+00:00,False,False,0.04938866843641221,-0.016073611131054877,False,False
0001277902-26-000079,MVBF,"7.01,9.01",2026-07-28 20:10:19+00:00,3484,ADMINISTRATIVE,False,,NONE,False,,,331014450.0,,MVBF|2026-07-28 20:10:00+00:00,False,False,0.0491964582243416,-0.014430978594969002,False,False
0001193125-26-297552,MTZ,"1.01,2.03,3.02,5.02,9.01",2026-07-07 20:37:09+00:00,15735,DILUTION_OFFERING,True,475000000.0,HIGH,False,,14299171000.0,16719017678.812744,0.033218708972708975,MTZ|2026-07-07 20:37:00+00:00,False,False,0.09090744686447816,-0.03606737952441075,True,False
0001193125-26-312390,NAMS,5.02,2026-07-22 20:05:15+00:00,3951,ADMINISTRATIVE,False,,NONE,False,,22503000.0,4036040689.315567,,NAMS|2026-07-22 20:05:00+00:00,False,False,0.02170716511213766,-0.11898157109616292,False,False
0001193125-26-312390,NAMS,5.02,2026-07-22 20:05:15+00:00,3951,ADMINISTRATIVE,False,,NONE,False,,22503000.0,4036040689.315567,,NAMS|2026-07-22 20:05:00+00:00,False,False,0.02170716511213766,-0.11898157109616292,False,False
0001213900-26-080405,MYSE,"8.01,9.01",2026-07-22 20:15:13+00:00,9975,ADMINISTRATIVE,False,,NONE,False,,550.0,8965871.251719475,,MYSE|2026-07-22 20:15:00+00:00,False,False,0.013043475392799264,-0.08695653403086001,False,False
0001628280-26-049397,MYFW,"2.02,7.01,9.01",2026-07-23 20:15:31+00:00,31802,EARNINGS,False,,NONE,False,,96914000.0,221277088.38851166,,MYFW|2026-07-23 20:15:00+00:00,False,False,0.02412693084232398,-0.059999980623759885,False,False
0001104659-26-082116,MTVA,"7.01,8.01,9.01",2026-07-09 12:35:31+00:00,15373,CLINICAL_RESULT,False,,NONE,False,,,266175899.0,,MTVA|2026-07-09 12:35:00+00:00,True,False,0.6413836764399039,-0.06918239748170008,False,True
0001277902-26-000078,MVBF,"2.02,9.01",2026-07-28 20:08:34+00:00,3610,ADMINISTRATIVE,False,,NONE,False,,,331014450.0,,MVBF|2026-07-28 20:08:00+00:00,False,False,0.0491964582243416,-0.014430978594969002,False,False
0001628280-26-049602,MYFW,"7.01,9.01",2026-07-24 20:15:22+00:00,76392,ADMINISTRATIVE,False,,NONE,False,,96914000.0,221277088.38851166,,MYFW|2026-07-24 20:15:00+00:00,False,False,-0.0074580412940382645,-0.07986325887047507,False,False
0001808805-26-000030,NAUT,"2.02,9.01",2026-07-27 23:29:38+00:00,3544,ADMINISTRATIVE,False,,NONE,False,,,183142432.92269754,,NAUT|2026-07-27 23:29:00+00:00,False,True,-0.07666665808163553,-0.3765432175985288,False,False
0001834488-26-000040,NABL,"5.02,9.01",2026-07-24 20:30:11+00:00,5540,ADMINISTRATIVE,False,,NONE,False,,511430000.0,1464962401.7457008,,NABL|2026-07-24 20:30:00+00:00,False,False,0.09427207053275,-0.010739874863819776,False,False
0001193125-26-315163,NAMS,"8.01,9.01",2026-07-24 12:03:32+00:00,16376,FDA_APPROVAL,False,,NONE,False,,22503000.0,4036040689.315567,,NAMS|2026-07-24 12:03:00+00:00,False,False,0.013605444278451673,-0.12568840176978713,False,True
0001834488-26-000038,NABL,"5.02,8.01",2026-07-13 10:45:13+00:00,3653,ADMINISTRATIVE,False,,NONE,False,,511430000.0,1464962401.7457008,,NABL|2026-07-13 10:45:00+00:00,False,False,0.1384259319047867,-0.02546299285726661,False,False
0001213900-26-081061,NCIQ,"1.01,5.03,8.01,9.01",2026-07-23 23:25:23+00:00,8864,ADMINISTRATIVE,True,,NONE,False,,,112322001.89590454,,NCIQ|2026-07-23 23:25:00+00:00,False,False,0.016239864157703066,-0.01998754802771696,False,False
0001539497-26-001924,NB,5.02,2026-07-08 20:00:27+00:00,8316,ADMINISTRATIVE,False,,NONE,False,,,492202367.4376049,,NB|2026-07-08 20:00:00+00:00,False,False,0.05296610404930746,-0.09745753850788552,False,False
0001104659-26-087128,NBHC,"7.01,9.01",2026-07-27 20:53:14+00:00,53412,EARNINGS,False,,NONE,False,,47150000.0,1375349293.353012,,NBHC|2026-07-27 20:53:00+00:00,False,False,0.006757565171632507,-0.015495768410591748,False,False
0001104659-26-085826,NBBK,"2.02,7.01,8.01,9.01",2026-07-22 20:30:37+00:00,116275,ADMINISTRATIVE,False,18500000.0,HIGH,False,,,721655234.9436836,,NBBK|2026-07-22 20:30:00+00:00,False,False,0.03674827739661968,-0.021158145448879395,False,False
0001737924-26-000079,NCDL,"1.01,2.03,9.01",2026-07-10 20:30:54+00:00,9971,DEBT_SETTLEMENT,False,,NONE,False,,,720063403.932066,,NCDL|2026-07-10 20:30:00+00:00,False,False,0.040181253738324596,-0.05200944596029489,False,False
0001895262-26-000138,NE,"2.02,7.01,9.01",2026-07-27 21:28:17+00:00,4828,ADMINISTRATIVE,False,,NONE,False,,3285568000.0,4701214170.186853,,NE|2026-07-27 21:28:00+00:00,False,False,0.0004828695955536588,-0.05794296999706394,False,False
0001104659-26-087564,NBR,"2.02,9.01",2026-07-28 20:31:48+00:00,87567,EARNINGS,False,13800.0,HIGH,False,,3184693000.0,688700265.75,4.333227723990978e-06,NBR|2026-07-28 20:31:00+00:00,False,False,0.01211164080055438,-0.05468560481434037,False,False
0001104659-26-085408,NBHC,"2.02,7.01,9.01",2026-07-21 20:11:19+00:00,89210,EARNINGS,False,,NONE,False,,47150000.0,1375349293.353012,,NBHC|2026-07-21 20:11:00+00:00,False,False,0.012160469607930269,-0.04239113328896793,False,False
0001140361-26-029754,NBTB,"2.02,9.01",2026-07-27 20:30:40+00:00,87925,EARNINGS,False,,NONE,False,,182952000.0,2091047924.355297,,NBTB|2026-07-27 20:30:00+00:00,False,False,0.043078690785369744,-0.016341190382755943,False,False
0001213900-26-076526,NDRA,8.01,2026-07-09 10:08:49+00:00,4907,ADMINISTRATIVE,False,,NONE,False,,,4712246.472291946,,NDRA|2026-07-09 10:08:00+00:00,True,False,0.3234381458731843,-0.10901467148968624,False,False
0001164727-26-000034,NEM,"2.02,9.01",2026-07-23 20:05:29+00:00,3615,ADMINISTRATIVE,False,,NONE,False,,22669000000.0,102792927276.82152,,NEM|2026-07-23 20:05:00+00:00,False,False,0.015119231224759888,-0.05004255792028156,False,False
0001683168-26-005361,NCRA,"1.01,5.03,8.01,9.01",2026-07-08 21:00:15+00:00,33599,ADMINISTRATIVE,False,,NONE,True,reverse_split,11030595.0,504300596.9768753,,NCRA|2026-07-08 21:00:00+00:00,True,True,1.1737830072466457,-0.22151027088828945,True,False
0001104659-26-087139,NECB,"2.02,9.01",2026-07-27 21:06:30+00:00,60464,DEBT_SETTLEMENT,False,653200000.0,HIGH,False,,,282339342.2290802,,NECB|2026-07-27 21:06:00+00:00,False,False,0.033632272452633005,-0.004110635628203019,False,False
0001493152-26-034602,NEXM,"7.01,9.01",2026-07-24 21:00:38+00:00,26013,ADMINISTRATIVE,False,,NONE,False,,,81729992.79253864,,NEXM|2026-07-24 21:00:00+00:00,False,False,-0.0022523037731887463,-0.08558561025758338,False,False
0001275158-26-000047,NDLS,"2.02,9.01",2026-07-24 11:55:26+00:00,35739,DEBT_SETTLEMENT,False,,NONE,False,,495089000.0,278649252.0,,NDLS|2026-07-24 11:55:00+00:00,False,False,0.10930379726807371,-0.07807415863370304,False,False
0001493152-26-034075,NESR,5.02,2026-07-21 20:05:30+00:00,4023,ADMINISTRATIVE,False,,NONE,False,,1324047000.0,706897512.9835052,,NESR|2026-07-21 20:05:00+00:00,False,False,0.02753419295370163,-0.1206594355117806,False,False
0001084991-26-000070,NGS,"1.01,3.03,5.03,8.01,9.01",2026-07-24 19:03:43+00:00,9157,ADMINISTRATIVE,True,,NONE,False,,172315000.0,361971189.69522095,,NGS|2026-07-24 19:03:00+00:00,False,False,0.04204693164337159,-0.040663932466248665,False,False
0001193125-26-312575,NFLX,"8.01,9.01",2026-07-22 21:20:20+00:00,5735,DILUTION_OFFERING,False,,NONE,False,,45183036000.0,39894399892.66423,,NFLX|2026-07-22 21:20:00+00:00,False,False,0.038175766449583426,-0.013988039092116433,True,False
0000877860-26-000177,NHI,"5.02,9.01",2026-07-27 13:02:00+00:00,5713,ADMINISTRATIVE,False,,NONE,False,,80062000.0,3572355290.0,,NHI|2026-07-27 13:02:00+00:00,False,False,0.0032484024644736653,-0.03123438245132515,False,False
0001120193-26-000011,NDAQ,"2.02,7.01,8.01,9.01",2026-07-23 11:24:25+00:00,49549,MA_ACTIVITY,False,,NONE,False,,8262000000.0,51423531164.0157,,NDAQ|2026-07-23 11:24:00+00:00,False,False,0.034198962901345276,-0.037057804751587264,False,True
0001077183-26-000045,NEO,"7.01,8.01,9.01",2026-07-20 21:27:16+00:00,4751,ADMINISTRATIVE,False,,NONE,False,,727332000.0,1349916575.2611332,,NEO|2026-07-20 21:27:00+00:00,False,False,0.030239053686833106,-0.08227848483285649,False,False
0001084991-26-000061,NGS,7.01,2026-07-08 20:00:05+00:00,9779,ADMINISTRATIVE,False,,NONE,False,,172315000.0,361971189.69522095,,NGS|2026-07-08 20:00:00+00:00,False,False,0.027204342880609023,-0.15763901268921998,False,False
0001683168-26-005261,NIXX,5.02,2026-07-02 21:16:02+00:00,4689,ADMINISTRATIVE,False,,NONE,False,,97906000.0,28541638.909340978,,NIXX|2026-07-02 21:16:00+00:00,False,True,0.03246757971695691,-0.29863630762066307,False,False
0001077183-26-000058,NEO,"2.02,9.01",2026-07-28 20:05:51+00:00,3442,ADMINISTRATIVE,False,,NONE,False,,727332000.0,1349916575.2611332,,NEO|2026-07-28 20:05:00+00:00,False,False,0.012578664637599601,-0.07484274270022273,False,False
0001065280-26-000211,NFLX,"2.02,9.01",2026-07-16 20:03:19+00:00,45802,DEBT_SETTLEMENT,False,12.5,HIGH,False,,45183036000.0,39894399892.66423,2.7665250294380396e-10,NFLX|2026-07-16 20:03:00+00:00,False,False,0.05463808026589101,-0.007586911139592867,False,False
0001084991-26-000064,NGS,4.01,2026-07-10 18:01:50+00:00,5902,ADMINISTRATIVE,False,,NONE,False,,172315000.0,361971189.69522095,,NGS|2026-07-10 18:01:00+00:00,False,False,0.05461352929525898,-0.13516205424404593,False,False
0001683168-26-005377,NIXX,"5.02,8.01,9.01",2026-07-09 13:25:15+00:00,9123,ADMINISTRATIVE,False,,NONE,False,,97906000.0,28541638.909340978,,NIXX|2026-07-09 13:25:00+00:00,False,True,0.07746480114756582,-0.23936613228722425,False,False
0001077183-26-000049,NEO,"7.01,8.01,9.01",2026-07-22 11:00:11+00:00,6310,ADMINISTRATIVE,False,,NONE,False,,727332000.0,1349916575.2611332,,NEO|2026-07-22 11:00:00+00:00,False,False,0.12508734516871334,-0.0880503278780187,False,False
0001174850-26-000157,NIC,"2.02,7.01,9.01",2026-07-21 20:16:05+00:00,4308,ADMINISTRATIVE,False,,NONE,False,,,1709136409.1218872,,NIC|2026-07-21 20:16:00+00:00,False,False,0.0235294117647058,-0.04294056611902575,False,False
0001493152-26-032802,NMAD,"7.01,9.01",2026-07-10 15:43:15+00:00,12453,ADMINISTRATIVE,False,,NONE,False,,,20206837.306990147,,NMAD|2026-07-10 15:43:00+00:00,False,True,0.030628525846310817,-0.20485155529468368,False,False
0001854964-26-000021,NLCP,"5.02,7.01,9.01",2026-07-15 13:00:09+00:00,4288,ADMINISTRATIVE,False,,NONE,False,,51071000.0,266773153.9517517,,NLCP|2026-07-15 13:00:00+00:00,False,False,0.03843642894144894,-0.004560302720450715,False,False
0001193125-26-316819,NMRA,"8.01,9.01",2026-07-27 11:07:30+00:00,10076,CLINICAL_RESULT,False,,NONE,False,,,474500111.9210236,,NMRA|2026-07-27 11:07:00+00:00,False,False,0.1324503635409675,-0.004966843238520147,False,True
0001043219-26-000053,NLY,"8.01,9.01",2026-07-21 20:20:51+00:00,4179,ADMINISTRATIVE,False,,NONE,False,,,13412969901.137833,,NLY|2026-07-21 20:20:00+00:00,False,False,0.0013187115009014594,-0.031868148636031934,False,False
0001104659-26-085598,NG,"7.01,9.01",2026-07-22 11:00:43+00:00,49051,ADMINISTRATIVE,True,,NONE,False,,0.0,4044854089.9666405,,NG|2026-07-22 11:00:00+00:00,False,False,0.08835138143912569,-0.050674577864180614,False,False
0001043219-26-000054,NLY,"7.01,9.01",2026-07-21 20:25:53+00:00,4674,ADMINISTRATIVE,False,,NONE,False,,,13412969901.137833,,NLY|2026-07-21 20:25:00+00:00,False,False,0.0013187115009014594,-0.031868148636031934,False,False
0001104659-26-084668,NNVC,"1.01,9.01",2026-07-17 20:45:18+00:00,6510,ADMINISTRATIVE,True,,NONE,True,shelf,0.0,20742890.99740982,,NNVC|2026-07-17 20:45:00+00:00,False,True,0.0,-0.21195651011960515,True,False
0001104659-26-085824,NG,"1.01,8.01,9.01",2026-07-22 20:30:29+00:00,127225,ADMINISTRATIVE,True,,NONE,False,,0.0,4044854089.9666405,,NG|2026-07-22 20:30:00+00:00,False,False,0.018914514703681773,-0.06907896078359399,False,False
0000918541-26-000054,NNBR,"5.02,9.01",2026-07-24 20:13:11+00:00,5690,ADMINISTRATIVE,False,,NONE,False,,422207000.0,90034334.56126404,,NNBR|2026-07-24 20:13:00+00:00,False,False,-0.0027027000903735443,-0.16216219873477056,False,False
0001104659-26-086257,NNBR,5.02,2026-07-23 20:05:35+00:00,3535,ADMINISTRATIVE,False,,NONE,False,,422207000.0,90034334.56126404,,NNBR|2026-07-23 20:05:00+00:00,False,False,0.1029411455339222,-0.08823534774120145,False,False
0001043219-26-000052,NLY,"2.02,9.01",2026-07-21 20:15:50+00:00,60820,DILUTION_OFFERING,False,6800000000.0,HIGH,False,,,13412969901.137833,,NLY|2026-07-21 20:15:00+00:00,False,False,0.0013187115009014594,-0.031868148636031934,True,False
0001193125-26-314195,NKSH,2.02,2026-07-23 20:30:14+00:00,59776,DILUTION_OFFERING,False,,NONE,False,,8176000.0,190980030.0,,NKSH|2026-07-23 20:30:00+00:00,False,False,0.13860563936069492,0.007715590306779818,True,False
0001373715-26-000072,NOW,"2.02,9.01",2026-07-22 20:11:27+00:00,3710,ADMINISTRATIVE,False,,NONE,False,,13278000000.0,32152640380.859375,,NOW|2026-07-22 20:11:00+00:00,False,False,0.03201994099224592,-0.08697159688668954,False,False
0001193125-26-310285,NNDM,"8.01,9.01",2026-07-21 20:05:15+00:00,6188,ADMINISTRATIVE,False,,NONE,False,,102437000.0,343084968.15232456,,NNDM|2026-07-21 20:05:00+00:00,False,False,0.01677850738129516,-0.03355701476259032,False,False
0001193125-26-321083,NPCE,"7.01,9.01",2026-07-28 20:31:40+00:00,15151,FDA_APPROVAL,False,,NONE,False,,99986000.0,422781535.606287,,NPCE|2026-07-28 20:31:00+00:00,False,False,0.023287615755483104,-0.0808219365989492,False,True
0001828536-26-000090,NRGV,"5.02,7.01,9.01",2026-07-17 20:30:49+00:00,21118,ADMINISTRATIVE,False,,NONE,False,,203671000.0,516318757.5914407,,NRGV|2026-07-17 20:30:00+00:00,True,False,0.22240266174223922,-0.04220775300082302,False,False
0001336706-26-000059,NPB,"2.01,7.01",2026-07-21 21:19:13+00:00,3898,ADMINISTRATIVE,False,,NONE,False,,,560143915.4818459,,NPB|2026-07-21 21:19:00+00:00,False,False,0.0072153393413367795,-0.046127533631955764,False,False
0001193125-26-310479,NNDM,"1.01,5.01,5.02,5.07,8.01,9.01",2026-07-21 20:56:32+00:00,16193,ADMINISTRATIVE,True,,NONE,False,,102437000.0,343084968.15232456,,NNDM|2026-07-21 20:56:00+00:00,False,False,0.01677850738129516,-0.03355701476259032,False,False
0001193125-26-316947,NOVT,"2.01,2.03,7.01,9.01",2026-07-27 12:15:15+00:00,16281,FDA_APPROVAL,False,,NONE,False,,980600000.0,4628007408.584381,,NOVT|2026-07-27 12:15:00+00:00,False,False,0.00864579942491317,-0.056284692552354576,False,True
0001437749-26-024663,NRC,"2.02,9.01",2026-07-28 20:03:12+00:00,4775,ADMINISTRATIVE,False,,NONE,False,,137390000.0,310204299.25098324,,NRC|2026-07-28 20:03:00+00:00,False,True,0.04871569464953218,-0.2079273565406473,False,False
0000071829-26-000036,NPKI,"5.02,9.01",2026-07-28 20:25:11+00:00,6760,ADMINISTRATIVE,False,,NONE,False,,277043000.0,1038523037.9042721,,NPKI|2026-07-28 20:25:00+00:00,False,False,0.0062015446567253996,-0.08527127599409456,False,False
0001163370-26-000027,NRIM,"1.01,7.01,9.01",2026-07-23 12:35:37+00:00,28487,MA_ACTIVITY,True,,NONE,False,,255581000.0,124536136.63653946,,NRIM|2026-07-23 12:35:00+00:00,False,False,0.02305422301471105,-0.026558509940726505,False,True
0001163370-26-000025,NRIM,"2.02,9.01",2026-07-23 00:08:47+00:00,3701,ADMINISTRATIVE,False,,NONE,False,,255581000.0,124536136.63653946,,NRIM|2026-07-23 00:08:00+00:00,False,False,0.02305422301471105,-0.026558509940726505,False,False
0001104485-26-000025,NOG,"2.02,9.01",2026-07-13 12:40:55+00:00,3048,ADMINISTRATIVE,False,,NONE,False,,2475723000.0,2103165322.6411667,,NOG|2026-07-13 12:40:00+00:00,False,False,0.09518883392913713,-0.012410790995143639,False,False
0001104659-26-083743,NRG,8.01,2026-07-15 12:48:25+00:00,4339,ADMINISTRATIVE,False,,NONE,False,,30347000000.0,34527398157.0,,NRG|2026-07-15 12:48:00+00:00,False,False,0.012485922270373484,-0.09337677467118422,False,False
0001104659-26-081794,NSSC,"5.02,9.01",2026-07-08 20:21:23+00:00,12906,ADMINISTRATIVE,False,,NONE,False,,181621000.0,1088590557.6133213,,NSSC|2026-07-08 20:21:00+00:00,False,False,-0.001878682178677482,-0.08225976287652348,False,False
0001628280-26-048160,NSA,"5.07,8.01,9.01",2026-07-14 20:19:06+00:00,13503,MA_ACTIVITY,False,,NONE,False,,752929000.0,2231560009.1431656,,NSA|2026-07-14 20:19:00+00:00,False,False,0.030418265224789076,-0.03422050571743873,False,True
0001829126-26-007213,NTHI,5.02,2026-07-02 21:11:43+00:00,5036,ADMINISTRATIVE,False,,NONE,False,,39990.0,173964789.9782753,,NTHI|2026-07-02 21:11:00+00:00,False,True,0.026905803706885,-0.32623316395992086,False,False
0001104659-26-081584,NSA,8.01,2026-07-08 12:30:24+00:00,47311,MA_ACTIVITY,False,500.0,HIGH,False,,752929000.0,2231560009.1431656,6.640732393094169e-07,NSA|2026-07-08 12:30:00+00:00,False,False,-0.0013143783414114596,-0.03242066390938858,False,True
0001104659-26-082717,NSA,"8.01,9.01",2026-07-10 21:12:07+00:00,40863,MA_ACTIVITY,False,,NONE,False,,752929000.0,2231560009.1431656,,NSA|2026-07-10 21:12:00+00:00,False,False,0.024005289532459173,-0.024005374322348616,False,True
0001829126-26-007585,NTHI,"7.01,9.01",2026-07-15 13:15:28+00:00,12081,FDA_APPROVAL,False,,NONE,False,,39990.0,173964789.9782753,,NTHI|2026-07-15 13:15:00+00:00,False,True,-0.020230879232748356,-0.271055633819027,False,True
0001493152-26-034015,NSLR,"1.01,2.03,5.02,7.01,9.01",2026-07-21 12:30:30+00:00,31032,ADMINISTRATIVE,True,,NONE,True,shelf,,234342339.6938486,,NSLR|2026-07-21 12:30:00+00:00,False,False,0.04967800989312088,-0.10487583765637909,True,False
0001493152-26-033728,NTRP,5.02,2026-07-17 19:26:22+00:00,4476,ADMINISTRATIVE,False,,NONE,False,,3715528.0,29189363.384493113,,NTRP|2026-07-17 19:26:00+00:00,False,False,0.07687384920743101,-0.14169954009923258,False,False
0001493152-26-033303,NTRP,"1.01,2.03,9.01",2026-07-15 15:10:52+00:00,4152,DEBT_SETTLEMENT,True,,NONE,False,,3715528.0,29189363.384493113,,NTRP|2026-07-15 15:10:00+00:00,False,False,0.01487493847089949,-0.19904477183526925,False,False
0001493152-26-032550,NSLR,"2.02,8.01,9.01",2026-07-08 21:28:42+00:00,21844,ADMINISTRATIVE,False,,NONE,False,,,234342339.6938486,,NSLR|2026-07-08 21:28:00+00:00,False,False,0.014680490277545477,-0.1252158738185103,False,False
0001213900-26-080397,NUAI,1.01,2026-07-22 20:05:57+00:00,4446,DILUTION_OFFERING,True,,NONE,False,,885400.0,139510099.97687817,,NUAI|2026-07-22 20:05:00+00:00,False,True,0.03819440650167438,-0.25954866371358776,True,False
0001437749-26-024037,NRXP,8.01,2026-07-22 11:00:18+00:00,4880,FDA_APPROVAL,False,,NONE,False,,1225000.0,52021405.34714484,,NRXP|2026-07-22 11:00:00+00:00,False,True,0.048697656726060856,-0.35900340925070573,False,True
0001549595-26-000038,NRIX,"2.02,9.01",2026-07-09 20:09:51+00:00,3819,ADMINISTRATIVE,False,,NONE,False,,83980000.0,1488463367.8859253,,NRIX|2026-07-09 20:09:00+00:00,False,False,-0.008648437140358123,-0.14601773849529687,False,False
0001645113-26-000063,NVCR,"2.02,9.01",2026-07-23 11:00:14+00:00,3005,ADMINISTRATIVE,False,,NONE,False,,655353000.0,1568544008.8463688,,NVCR|2026-07-23 11:00:00+00:00,False,True,0.1215860564807576,-0.200630276513447,False,False
0001493152-26-034192,NTRP,"1.01,2.03,3.02,9.01",2026-07-22 13:15:36+00:00,26356,DILUTION_OFFERING,True,,NONE,True,convertible,3715528.0,29189363.384493113,,NTRP|2026-07-22 13:15:00+00:00,False,False,0.05759163153269253,-0.15706804060680402,True,False
0001213900-26-075176,NUAI,"5.02,9.01",2026-07-06 10:17:22+00:00,17104,ADMINISTRATIVE,False,,NONE,False,,885400.0,139510099.97687817,,NUAI|2026-07-06 10:17:00+00:00,False,False,0.043564313244043085,-0.17623768509070958,False,False
0001604821-26-000005,NTRA,5.02,2026-07-06 20:05:18+00:00,3145,ADMINISTRATIVE,False,,NONE,False,,2306113000.0,26519079208.85919,,NTRA|2026-07-06 20:05:00+00:00,False,False,0.004645455454386438,-0.08618427349924462,False,False
0001628280-26-049210,NTST,"2.02,7.01,9.01",2026-07-22 20:33:08+00:00,4521,ADMINISTRATIVE,False,,NONE,False,,195006000.0,1587559458.1685715,,NTST|2026-07-22 20:33:00+00:00,False,False,0.03693440640333745,-0.015697144736061208,False,False
0001493152-26-032920,NVA,"7.01,9.01",2026-07-13 10:45:43+00:00,13414,ADMINISTRATIVE,False,,NONE,False,,,3268221672.224572,,NVA|2026-07-13 10:45:00+00:00,False,False,0.15387225351222256,-0.0859521671876392,False,False
0001193125-26-318190,NUE,"2.02,7.01,9.01",2026-07-27 20:43:41+00:00,67972,DEBT_SETTLEMENT,False,,NONE,False,,32494000000.0,37329136009.17424,,NUE|2026-07-27 20:43:00+00:00,False,False,0.05600512723962425,-0.01460696384406912,False,False
0001493152-26-034464,NVA,"7.01,9.01",2026-07-24 10:45:37+00:00,11189,ADMINISTRATIVE,False,,NONE,False,,,3268221672.224572,,NVA|2026-07-24 10:45:00+00:00,False,False,-0.005530629731574699,-0.16326534187034014,False,False
0001628280-26-049061,NUTX,1.01,2026-07-21 21:22:07+00:00,4794,ADMINISTRATIVE,True,,NONE,False,,875257000.0,677706883.0780792,,NUTX|2026-07-21 21:22:00+00:00,False,False,0.014835732711922622,-0.15760709128117278,False,False
0001193125-26-296398,NUVB,"2.03,8.01,9.01",2026-07-06 21:15:46+00:00,17450,DILUTION_OFFERING,False,,NONE,False,,62902000.0,1800354596.060009,,NUVB|2026-07-06 21:15:00+00:00,False,False,0.10378191003101822,-0.03604217941340049,True,False
0001628280-26-049795,NVTS,"2.02,7.01,9.01",2026-07-27 20:05:39+00:00,4106,ADMINISTRATIVE,False,,NONE,False,,45916000.0,453140489.6687665,,NVTS|2026-07-27 20:05:00+00:00,False,False,0.07654800961988162,-0.08044854218025665,False,False
0001493152-26-033193,NVNO,"7.01,9.01",2026-07-14 20:55:31+00:00,4744,ADMINISTRATIVE,False,,NONE,False,,,485027967.8844032,,NVNO|2026-07-14 20:55:00+00:00,False,False,-0.00805905956455133,-0.11896242284450842,False,False
0001836875-26-000067,NVVE,1.02,2026-07-28 17:57:51+00:00,4233,ADMINISTRATIVE,True,,NONE,True,equity_line,4793942.0,2608371175.647354,,NVVE|2026-07-28 17:57:00+00:00,False,True,0.06299216072190883,-0.24409449373221948,True,False
0001836875-26-000065,NVVE,"3.01,9.01",2026-07-23 16:39:39+00:00,7457,ADMINISTRATIVE,False,,NONE,False,,4793942.0,2608371175.647354,,NVVE|2026-07-23 16:39:00+00:00,False,True,-0.0997109898284847,-0.8612716809308963,True,False
0001376474-26-000513,NVEC,"2.02,8.01",2026-07-22 20:05:03+00:00,11292,EARNINGS,False,,NONE,False,,26331218.0,284376993.56855774,,NVEC|2026-07-22 20:05:00+00:00,True,False,0.23875936723772306,-0.011194725482870038,False,False
0001104659-26-081576,NVTS,"7.01,9.01",2026-07-08 12:00:39+00:00,9549,ADMINISTRATIVE,False,,NONE,False,,45916000.0,453140489.6687665,,NVTS|2026-07-08 12:00:00+00:00,False,False,0.08153382639406881,-0.057334358917841666,False,False
0001836875-26-000061,NVVE,"1.02,9.01",2026-07-21 20:42:27+00:00,10201,ADMINISTRATIVE,True,,NONE,True,"convertible,ratchet",4793942.0,2608371175.647354,,NVVE|2026-07-21 20:42:00+00:00,True,True,0.35483870967741926,-0.8761290350267964,True,False
0001104659-26-086661,NYC,"8.01,9.01",2026-07-24 20:30:28+00:00,4360,ADMINISTRATIVE,False,,NONE,False,,0.0,24245862.36220646,,NYC|2026-07-24 20:30:00+00:00,False,False,0.16106191264636238,-0.02890865229564865,False,False
0001013272-26-000014,NWFL,"7.01,9.01",2026-07-27 13:00:36+00:00,41968,ADMINISTRATIVE,False,,NONE,False,,7999000.0,246080044.9235916,,NWFL|2026-07-27 13:00:00+00:00,False,False,0.04707579179243604,-0.010909109404592776,False,False
0001471265-26-000028,NWBI,"5.02,9.01",2026-07-24 20:05:33+00:00,7863,ADMINISTRATIVE,False,,NONE,False,,,1713601174.7627363,,NWBI|2026-07-24 20:05:00+00:00,False,False,0.040914961994358956,-0.008376295786504784,False,False
0001104659-26-083326,NXTC,"1.01,2.05,5.01,5.02,7.01,8.01,9.01",2026-07-14 11:00:58+00:00,61729,MA_ACTIVITY,False,320000000.0,HIGH,True,reverse_split,,33718987.02085495,,NXTC|2026-07-14 11:00:00+00:00,False,True,0.06969200390207875,-0.4165316014484308,True,False
0001104659-26-083143,NYC,5.02,2026-07-13 20:58:10+00:00,7240,ADMINISTRATIVE,False,,NONE,False,,0.0,24245862.36220646,,NYC|2026-07-13 20:58:00+00:00,False,False,0.1672597623212908,-0.04507711751891741,False,False
0001013272-26-000012,NWFL,"2.02,7.01,9.01",2026-07-22 12:12:53+00:00,92347,EARNINGS,False,1400000.0,HIGH,False,,7999000.0,246080044.9235916,0.17502187773471684,NWFL|2026-07-22 12:12:00+00:00,False,False,0.13962735741876853,-0.019459108130815972,False,False
0001471265-26-000030,NWBI,"2.02,9.01",2026-07-27 20:05:27+00:00,4970,ADMINISTRATIVE,False,,NONE,False,,,1713601174.7627363,,NWBI|2026-07-27 20:05:00+00:00,False,False,0.017958462705835565,-0.008191563665933765,False,False
0001104659-26-082897,OCGN,"8.01,9.01",2026-07-13 12:30:43+00:00,10717,COMMERCIAL_CONTRACT,False,,NONE,False,,4413000.0,470610629.1414528,,OCGN|2026-07-13 12:30:00+00:00,False,False,0.02068963476083585,-0.07586207633636488,False,False
0001516912-26-000042,OBK,"2.02,8.01,9.01",2026-07-22 20:03:51+00:00,4758,ADMINISTRATIVE,False,,NONE,False,,,1078501788.3070831,,OBK|2026-07-22 20:03:00+00:00,False,False,0.0917484877985899,-0.001964681450304373,False,False
0000906163-26-000086,NVR,"2.02,9.01",2026-07-23 17:54:44+00:00,16592,EARNINGS,False,,NONE,False,,10323959000.0,21045140539.462402,,NVR|2026-07-23 17:54:00+00:00,False,False,0.08595313787825276,-0.0015302690854193113,False,False
0001437749-26-023651,NXPL,"1.01,8.01,9.01",2026-07-15 22:20:43+00:00,6077,ADMINISTRATIVE,True,,NONE,False,,54322000.0,210300723.00411797,,NXPL|2026-07-15 22:20:00+00:00,False,False,0.024806252555144903,-0.11162787774929894,False,False
0000943374-26-000324,OBT,"2.02,9.01",2026-07-28 20:45:05+00:00,62282,EARNINGS,False,5300000.0,HIGH,False,,,335409096.2975464,,OBT|2026-07-28 20:45:00+00:00,False,False,0.009731854029368492,-0.026037693023775454,False,False
0001030469-26-000034,OFG,"2.02,9.01",2026-07-21 12:45:45+00:00,2961,ADMINISTRATIVE,False,,NONE,False,,,1712652716.594696,,OFG|2026-07-21 12:45:00+00:00,False,False,0.01834159498803878,-0.019870097678551968,False,False
0001193125-26-314587,OGN,5.07,2026-07-23 21:13:19+00:00,5429,MA_ACTIVITY,False,,NONE,False,,6216000000.0,1731370716.4724007,,OGN|2026-07-23 21:13:00+00:00,False,False,-0.0007363938835065476,-0.005154616731773531,False,True
0001516912-26-000038,OBK,"7.01,9.01",2026-07-10 16:54:00+00:00,6801,ADMINISTRATIVE,False,,NONE,False,,,1078501788.3070831,,OBK|2026-07-10 16:54:00+00:00,False,False,0.08242887045941161,-0.015547045957573391,False,False
0001021635-26-000026,OGE,"2.02,9.01",2026-07-28 18:20:15+00:00,25478,ADMINISTRATIVE,False,,NONE,False,,3190900000.0,8642631647.60347,,OGE|2026-07-28 18:20:00+00:00,False,False,0.003123401094143663,-0.04967254715542346,False,False
0000878927-26-000019,ODFL,"8.01,9.01",2026-07-23 12:57:50+00:00,11334,ADMINISTRATIVE,False,,NONE,False,,5496389000.0,28845576803.25,,ODFL|2026-07-23 12:57:00+00:00,False,False,0.009148910197805948,-0.11044681630236042,False,False
0001121484-26-000029,OIS,"5.02,9.01",2026-07-13 20:47:37+00:00,4582,ADMINISTRATIVE,False,,NONE,False,,668988000.0,407788542.3857131,,OIS|2026-07-13 20:47:00+00:00,False,False,0.03437393253184706,-0.0448456874980907,False,False
0001193125-26-307767,OGN,8.01,2026-07-17 20:01:17+00:00,22046,MA_ACTIVITY,True,,NONE,False,,6216000000.0,1731370716.4724007,,OGN|2026-07-17 20:01:00+00:00,False,False,0.004437830170924917,-0.0022189856235012018,False,True
0001437749-26-023886,OMER,8.01,2026-07-20 21:05:11+00:00,3930,ADMINISTRATIVE,False,14500000.0,HIGH,False,,,449168445.10969067,,OMER|2026-07-20 21:05:00+00:00,False,False,0.18154158460247305,-0.05258614527826255,False,False
0001104659-26-082678,OI,5.02,2026-07-10 20:31:23+00:00,3683,ADMINISTRATIVE,False,,NONE,False,,6426000000.0,2299309855.714159,,OI|2026-07-10 20:31:00+00:00,False,False,0.016343191832027815,-0.15168535878075418,False,False
0000073756-26-000127,OII,"1.01,2.03,7.01,9.01",2026-07-07 21:06:21+00:00,11039,MA_ACTIVITY,True,,NONE,False,,2643062000.0,2259681213.3476715,,OII|2026-07-07 21:06:00+00:00,False,False,0.09037112286890059,-0.003575402704291575,False,True
0000073756-26-000138,OII,7.01,2026-07-24 21:01:54+00:00,3355,ADMINISTRATIVE,False,,NONE,False,,2643062000.0,2259681213.3476715,,OII|2026-07-24 21:01:00+00:00,False,False,0.03707973743449333,-0.10063398730413031,False,False
0000073756-26-000134,OII,"2.02,9.01",2026-07-22 21:01:50+00:00,3754,ADMINISTRATIVE,False,,NONE,False,,2643062000.0,2259681213.3476715,,OII|2026-07-22 21:01:00+00:00,False,False,0.13642104299444902,-0.015581070749383197,False,False
0001552781-26-000377,OMER,8.01,2026-07-06 12:30:27+00:00,5025,ADMINISTRATIVE,False,31300000.0,HIGH,False,,,449168445.10969067,,OMER|2026-07-06 12:30:00+00:00,False,False,0.12119629790224673,0.0,False,False
0001213900-26-077049,OLOX,"1.01,2.01,3.02,8.01,9.01",2026-07-10 13:33:51+00:00,10905,DILUTION_OFFERING,True,,NONE,False,,2952578.0,824833056.5,,OLOX|2026-07-10 13:33:00+00:00,False,False,0.13272727619517943,-0.17999995838512073,True,False
0001849056-26-000039,OKLO,5.02,2026-07-28 16:20:57+00:00,9041,ADMINISTRATIVE,False,,NONE,False,,,15757281459.5,,OKLO|2026-07-28 16:20:00+00:00,False,False,0.034198674111833194,-0.08611588318570829,False,False
0001587732-26-000029,OGS,"7.01,9.01",2026-07-08 20:36:01+00:00,3585,ADMINISTRATIVE,False,,NONE,False,,,4972064755.210434,,OGS|2026-07-08 20:36:00+00:00,False,False,0.0440453555650151,-0.0046665969553042475,False,False
0001104659-26-087559,OI,"2.02,9.01",2026-07-28 20:30:26+00:00,62952,EARNINGS,False,,NONE,False,,6426000000.0,2299309855.714159,,OI|2026-07-28 20:30:00+00:00,False,False,0.015404349954648344,-0.07702181098468774,False,False
0001213900-26-081490,ONDS,"3.02,8.01,9.01",2026-07-24 21:24:59+00:00,4350,DILUTION_OFFERING,False,,NONE,False,,50731000.0,1314988908.0,,ONDS|2026-07-24 21:24:00+00:00,False,False,0.025018852673666103,-0.1151438830802416,True,False
0001628280-26-049952,OPAL,"7.01,9.01",2026-07-28 13:24:14+00:00,4462,ADMINISTRATIVE,False,,NONE,False,,326717000.0,227801084.30106163,,OPAL|2026-07-28 13:24:00+00:00,False,False,0.015625038250748347,-0.08035717231734663,False,False
0001193125-26-302034,OGS,"5.02,7.01,9.01",2026-07-13 20:15:15+00:00,9655,ADMINISTRATIVE,False,,NONE,False,,,4972064755.210434,,OGS|2026-07-13 20:15:00+00:00,False,False,0.008521704717843415,-0.036433302867265316,False,False
0001538716-26-000060,OPRT,1.01,2026-07-07 21:03:20+00:00,4150,ADMINISTRATIVE,True,,NONE,False,,19465000.0,235890384.5158887,,OPRT|2026-07-07 21:03:00+00:00,False,False,0.14058351205942632,-0.046861243764964366,False,False
0001628280-26-049108,ONB,"2.02,9.01",2026-07-22 11:12:53+00:00,4467,ADMINISTRATIVE,False,,NONE,False,,,7986004571.142197,,ONB|2026-07-22 11:12:00+00:00,False,False,0.01878553793998683,-0.02371916474200597,False,False
0001104659-26-080797,OPTU,"1.01,2.03,9.01",2026-07-06 20:45:29+00:00,5451,DEBT_SETTLEMENT,True,,NONE,False,,8590467000.0,979478869.415431,,OPTU|2026-07-06 20:45:00+00:00,False,False,0.14728687041783495,-0.18992248993282146,False,False
0001193125-26-318069,OPK,"2.02,9.01",2026-07-27 20:08:03+00:00,28651,CLINICAL_RESULT,False,1700000.0,HIGH,False,,606879000.0,1206549810.459795,0.0028012173761161616,OPK|2026-07-27 20:08:00+00:00,True,False,0.20147230381404313,-0.09021466364461173,False,True
0001722010-26-000018,OPBK,"2.02,7.01,8.01",2026-07-23 20:28:43+00:00,57487,EARNINGS,False,,NONE,False,,3204000.0,199467221.9215889,,OPBK|2026-07-23 20:28:00+00:00,False,False,0.11999994913736978,-0.007333310445149732,False,False
0001213900-26-075227,ONDS,"1.01,2.01,3.02,7.01,8.01,9.01",2026-07-06 11:54:51+00:00,40340,DILUTION_OFFERING,True,,NONE,True,reverse_split,50731000.0,1314988908.0,,ONDS|2026-07-06 11:54:00+00:00,False,False,0.038359783604231756,-0.04497356549752629,True,False
0001437749-26-024318,ORC,"2.02,9.01",2026-07-23 20:18:40+00:00,5999,ADMINISTRATIVE,False,,NONE,False,,,946668770.6911087,,ORC|2026-07-23 20:18:00+00:00,False,False,0.009750353216038343,-0.02796810328367305,False,False
0001437749-26-023434,ORC,"2.02,9.01",2026-07-13 20:17:29+00:00,5129,ADMINISTRATIVE,False,,NONE,False,,,946668770.6911087,,ORC|2026-07-13 20:17:00+00:00,False,False,0.027145992843174538,-0.002934700037944049,False,False
0000074260-26-000087,ORI,"2.02,9.01",2026-07-23 12:10:13+00:00,3119,ADMINISTRATIVE,False,,NONE,False,,9136300000.0,11471782151.031494,,ORI|2026-07-23 12:10:00+00:00,False,False,0.09142023203168947,-0.022732835703850762,False,False
0000357173-26-000037,OSBC,5.02,2026-07-08 15:00:06+00:00,5171,ADMINISTRATIVE,False,,NONE,False,,,947707434.0,,OSBC|2026-07-08 15:00:00+00:00,False,False,0.06009724528445326,-0.0004418171411396665,False,False
0001437749-26-023058,ORC,"8.01,9.01",2026-07-08 21:11:50+00:00,4861,ADMINISTRATIVE,False,,NONE,False,,,946668770.6911087,,ORC|2026-07-08 21:11:00+00:00,False,False,0.01994094966945048,-0.0161594971699327,False,False
0000357173-26-000039,OSBC,8.01,2026-07-21 15:00:08+00:00,3062,ADMINISTRATIVE,False,,NONE,False,,,947707434.0,,OSBC|2026-07-21 15:00:00+00:00,False,False,0.09212769853307856,-0.038297856107671224,False,False
0001493152-26-033931,OPXS,"1.01,2.03,9.01",2026-07-20 21:02:16+00:00,6283,DEBT_SETTLEMENT,True,,NONE,False,,41337000.0,109511789.37493515,,OPXS|2026-07-20 21:02:00+00:00,False,False,0.09361148577832101,-0.10522693744999079,False,False
0001437749-26-024258,OVLY,"2.02,7.01,9.01",2026-07-23 16:41:54+00:00,4569,ADMINISTRATIVE,False,,NONE,False,,,236667068.96184158,,OVLY|2026-07-23 16:41:00+00:00,False,False,0.06915720039138629,-0.008644605883702527,False,False
0001213900-26-075781,OSTX,9.01,2026-07-07 13:18:33+00:00,5592,DILUTION_OFFERING,False,,NONE,False,,,60275752.91378224,,OSTX|2026-07-07 13:18:00+00:00,False,False,0.05033091416612545,-0.1318074360658661,True,False
0000898173-26-000039,ORLY,5.02,2026-07-10 20:31:18+00:00,5903,ADMINISTRATIVE,False,,NONE,False,,17781992000.0,80132028530.7251,,ORLY|2026-07-10 20:31:00+00:00,False,False,0.008633891983570896,-0.054276942560174235,False,False
0001193125-26-318909,OSK,"2.02,9.01",2026-07-28 11:59:51+00:00,38235,EARNINGS,False,,NONE,False,,10422300000.0,8953643398.07309,,OSK|2026-07-28 11:59:00+00:00,False,False,-0.009055558135486641,-0.13813603175765388,False,False
0000894671-26-000044,OVBC,2.02,2026-07-27 14:21:37+00:00,30079,EARNINGS,False,817000.0,HIGH,False,,,167381859.77926636,,OVBC|2026-07-27 14:21:00+00:00,False,False,0.013833531804914312,-0.034466615899443,False,False
0001193125-26-296151,OUST,"8.01,9.01",2026-07-06 20:00:09+00:00,6031,ADMINISTRATIVE,False,191.9,HIGH,True,shelf,169384000.0,1395178309.1961594,1.1329287299863033e-06,OUST|2026-07-06 20:00:00+00:00,False,False,0.0022850147849236002,-0.15579559815309696,True,False
0000894671-26-000041,OVBC,8.01,2026-07-14 17:45:18+00:00,3075,ADMINISTRATIVE,False,,NONE,False,,,167381859.77926636,,OVBC|2026-07-14 17:45:00+00:00,False,False,0.05646796973710355,-0.044048496578439456,False,False
0001628280-26-047584,OVID,5.02,2026-07-08 11:03:56+00:00,8229,ADMINISTRATIVE,False,,NONE,False,,7252000.0,94575656.67168927,,OVID|2026-07-08 11:03:00+00:00,False,False,0.04958991025344828,-0.11633111310099464,False,False
0001628280-26-047886,OXY,"2.02,9.01",2026-07-10 16:15:43+00:00,13140,DEBT_SETTLEMENT,False,,NONE,False,,21569000000.0,39948566532.923004,,OXY|2026-07-10 16:15:00+00:00,False,False,0.06794719662200754,-0.0018186795837065173,False,False
0001299130-26-000111,PACB,5.02,2026-07-09 20:32:58+00:00,3048,ADMINISTRATIVE,False,,NONE,False,,160005000.0,603744925.2454426,,PACB|2026-07-09 20:32:00+00:00,False,False,-0.02134144324798215,-0.12195117696277546,False,False
0000357173-26-000042,OSBC,"2.02,9.01",2026-07-22 20:05:10+00:00,96851,EARNINGS,False,,NONE,False,,,947707434.0,,OSBC|2026-07-22 20:05:00+00:00,False,False,0.11538464407805549,-0.017818333043625234,False,False
0001002638-26-000058,OTEX,"5.02,8.01,9.01",2026-07-17 12:35:43+00:00,5814,ADMINISTRATIVE,False,,NONE,False,,5168405000.0,9699638401.37741,,OTEX|2026-07-17 12:35:00+00:00,False,False,0.0034246541787590346,-0.08304796589765251,False,False
0001193125-26-310277,PAYX,"5.02,9.01",2026-07-21 20:03:27+00:00,3578,ADMINISTRATIVE,False,,NONE,False,,6301100000.0,40196577710.31781,,PAYX|2026-07-21 20:03:00+00:00,False,False,0.05936169999173302,-0.03406985061847767,False,False
0001628280-26-049110,ORRF,"2.02,7.01,9.01",2026-07-22 12:00:19+00:00,73143,EARNINGS,False,,NONE,False,,37144000.0,654316086.7717896,,ORRF|2026-07-22 12:00:00+00:00,False,False,0.06650425317844211,-0.016321514772171475,False,False
0001104659-26-083872,PBH,"1.01,2.03,9.01",2026-07-15 20:03:15+00:00,7528,DEBT_SETTLEMENT,True,,NONE,False,,1088705000.0,2966138108.6984596,,PBH|2026-07-15 20:03:00+00:00,False,False,0.042449937786584124,-0.024661435023222822,False,False
0001295947-26-000029,PBH,"1.01,2.03,7.01,9.01",2026-07-06 12:05:15+00:00,6199,DEBT_SETTLEMENT,True,,NONE,False,,1088705000.0,2966138108.6984596,,PBH|2026-07-06 12:05:00+00:00,False,False,0.024771598389911276,-0.04629439145780456,False,False
0001295947-26-000032,PBH,9.01,2026-07-09 20:43:31+00:00,4319,ADMINISTRATIVE,False,,NONE,False,,1088705000.0,2966138108.6984596,,PBH|2026-07-09 20:43:00+00:00,False,False,0.051590512480920614,-0.0422104334457466,False,False
0001004980-26-000047,PCG,"2.02,7.01,9.01",2026-07-23 00:21:25+00:00,10063,ADMINISTRATIVE,False,,NONE,True,convertible,24935000000.0,44815981616.0,,PCG|2026-07-23 00:21:00+00:00,False,False,0.0353734467718525,-0.019651902973889634,True,False
0001628280-26-049667,PBI,"5.02,7.01,9.01",2026-07-27 12:05:44+00:00,6825,ADMINISTRATIVE,False,,NONE,False,,1892629000.0,2006954107.096115,,PBI|2026-07-27 12:05:00+00:00,False,False,0.05359112115530951,-0.026243114445236082,False,False
0001193125-26-314272,OVV,"2.02,8.01,9.01",2026-07-23 21:03:26+00:00,176803,EARNINGS,False,1300000000.0,HIGH,False,,8663000000.0,9366439660.692955,0.15006348839893802,OVV|2026-07-23 21:03:00+00:00,False,False,0.04648524220701056,-0.05053454262652213,False,False
0001104659-26-086406,OTLK,5.02,2026-07-23 23:54:03+00:00,5552,FDA_APPROVAL,False,,NONE,False,,1413535.0,52859242.05170584,,OTLK|2026-07-23 23:54:00+00:00,True,True,0.29629627340288023,-0.39259260861798373,False,True
0001628280-26-049230,PAG,8.01,2026-07-22 21:15:12+00:00,4473,ADMINISTRATIVE,False,210.0,HIGH,False,,31808500000.0,10952138329.690857,6.602008896992942e-09,PAG|2026-07-22 21:15:00+00:00,False,False,0.0658778170581753,-0.0014086634269533382,False,False
0001104659-26-086685,OTLK,"8.01,9.01",2026-07-24 21:01:05+00:00,17067,FDA_APPROVAL,False,,NONE,False,,1413535.0,52859242.05170584,,OTLK|2026-07-24 21:01:00+00:00,False,True,-0.021126741053825282,-0.4225351988524343,False,True
0001104659-26-084242,OTLK,"5.03,5.07,9.01",2026-07-16 20:05:45+00:00,7895,DILUTION_OFFERING,False,,NONE,True,reverse_split,1413535.0,52859242.05170584,,OTLK|2026-07-16 20:05:00+00:00,False,False,0.08571429057997104,-0.07142858967489152,True,False
0001568100-26-000040,PD,"5.02,7.01,9.01",2026-07-14 20:09:35+00:00,10449,ADMINISTRATIVE,False,,NONE,False,,492546000.0,1085388162.9336119,,PD|2026-07-14 20:09:00+00:00,False,False,0.01171163570260969,-0.15855857372941806,False,False
0001628280-26-049400,PAG,8.01,2026-07-23 20:25:14+00:00,3237,ADMINISTRATIVE,False,,NONE,False,,31808500000.0,10952138329.690857,,PAG|2026-07-23 20:25:00+00:00,False,False,0.05263160873987238,-0.0027822437361837427,False,False
0001423869-26-000024,PCB,"7.01,9.01",2026-07-24 18:25:55+00:00,4792,ADMINISTRATIVE,False,,NONE,False,,2899000.0,304068074.04351425,,PCB|2026-07-24 18:25:00+00:00,False,False,0.02065894596418638,-0.0273838188630966,False,False
0001193125-26-299695,PAYC,"5.02,7.01,9.01",2026-07-09 20:10:15+00:00,10727,ADMINISTRATIVE,False,,NONE,False,,2051700000.0,11589250149.206741,,PAYC|2026-07-09 20:10:00+00:00,False,False,0.07834158548766479,-0.02794397843341534,False,False
0001193125-26-297985,PDYN,"2.02,7.01,8.01",2026-07-08 11:04:42+00:00,18643,COMMERCIAL_CONTRACT,False,5800000.0,HIGH,False,,5246000.0,347756163.85977745,1.105604269919939,PDYN|2026-07-08 11:04:00+00:00,False,False,-0.0015476122704146666,-0.13775508962835414,False,False
0000318300-26-000187,PEBO,"2.02,9.01",2026-07-27 17:35:38+00:00,48000,EARNINGS,False,135000000.0,HIGH,True,equity_line,86722000.0,1055857854.4073582,1.5566984156269459,PEBO|2026-07-27 17:35:00+00:00,False,False,0.042395889416843024,-0.0034508107148518707,True,False
0001423869-26-000022,PCB,"2.02,7.01,8.01,9.01",2026-07-23 20:15:07+00:00,5006,ADMINISTRATIVE,False,,NONE,False,,2899000.0,304068074.04351425,,PCB|2026-07-23 20:15:00+00:00,False,False,0.015625026904874995,-0.0518680294849615,False,False
0000318300-26-000191,PEBO,"7.01,9.01",2026-07-27 20:06:36+00:00,4014,ADMINISTRATIVE,False,,NONE,False,,86722000.0,1055857854.4073582,,PEBO|2026-07-27 20:06:00+00:00,False,False,0.029078955087661562,-0.0037718113977339707,False,False
0000318300-26-000183,PEBO,"2.02,8.01,9.01",2026-07-21 10:15:47+00:00,4860,ADMINISTRATIVE,False,,NONE,False,,86722000.0,1055857854.4073582,,PEBO|2026-07-21 10:15:00+00:00,False,False,0.06685170450761735,-0.014379407255315613,False,False
0001476204-26-000030,PECO,"2.02,7.01,9.01",2026-07-23 20:24:58+00:00,46010,DEBT_SETTLEMENT,False,85300000.0,HIGH,True,atm,12751000.0,4274167846.6796875,6.689671398321701,PECO|2026-07-23 20:24:00+00:00,False,False,-0.00385920935050299,-0.04494891206650686,True,False
0001654954-26-006769,PEBK,5.02,2026-07-21 15:04:54+00:00,4920,ADMINISTRATIVE,False,,NONE,False,,,161053509.5,,PEBK|2026-07-21 15:04:00+00:00,False,False,0.03246827967026644,-0.022115281048943003,False,False
0001193125-26-316826,PDLB,"2.02,7.01,9.01",2026-07-27 11:26:58+00:00,100945,EARNINGS,False,,NONE,False,,,338655865.50986767,,PDLB|2026-07-27 11:26:00+00:00,False,False,0.040780476280113165,-0.0030212170919945436,False,False
0001616533-26-000041,PENG,"2.02,9.01",2026-07-07 20:09:58+00:00,44817,MA_ACTIVITY,False,,NONE,True,convertible,1368794000.0,1418498139.988449,,PENG|2026-07-07 20:09:00+00:00,True,False,0.3214705972110523,-0.062351451200597374,True,False
0001104659-26-082168,PCYO,"2.02,5.02,7.01,9.01",2026-07-09 15:00:20+00:00,58287,EARNINGS,False,,NONE,False,,26087000.0,267465520.2847433,,PCYO|2026-07-09 15:00:00+00:00,False,False,0.0314111616826267,-0.02672291124533588,False,False
0001649094-26-000030,PCVX,5.02,2026-07-15 20:05:37+00:00,4822,ADMINISTRATIVE,False,,NONE,False,,,5878401355.924225,,PCVX|2026-07-15 20:05:00+00:00,False,False,0.04141489336239257,-0.03519373624791766,False,False
0001193125-26-307989,PENG,"1.01,2.03,3.02,8.01,9.01",2026-07-17 21:12:42+00:00,53408,DILUTION_OFFERING,False,116.7,HIGH,True,"convertible,ratchet",1368794000.0,1418498139.988449,8.525753327381622e-08,PENG|2026-07-17 21:12:00+00:00,False,False,0.04293962445042321,-0.11727766568489362,True,False
0001654954-26-006729,PEBK,"2.02,9.01",2026-07-20 13:30:27+00:00,40302,ADMINISTRATIVE,False,,NONE,False,,,161053509.5,,PEBK|2026-07-20 13:30:00+00:00,False,False,0.029078389167118468,-0.02532595801327986,False,False
0001040130-26-000029,PETS,"1.01,7.01,9.01",2026-07-23 13:26:31+00:00,9486,ADMINISTRATIVE,True,37000000.0,HIGH,False,,179021000.0,71242747.21461987,0.20667966327972695,PETS|2026-07-23 13:26:00+00:00,False,False,0.012169919580959032,-0.07966976550856708,False,False
0001042776-26-000064,PDM,"2.02,9.01",2026-07-28 20:18:26+00:00,112116,DEBT_SETTLEMENT,False,,NONE,False,,564994000.0,1039609507.9445553,,PDM|2026-07-28 20:18:00+00:00,False,False,0.0379292548660608,-0.021527425492911756,False,False
0001654954-26-006724,PED,"5.02,9.01",2026-07-17 21:30:37+00:00,4748,ADMINISTRATIVE,False,,NONE,False,,45751000.0,1098233424.283928,,PED|2026-07-17 21:30:00+00:00,False,False,0.04166666666666674,-0.10833334922790527,False,False
0001654954-26-006883,PED,"5.02,9.01",2026-07-24 21:30:36+00:00,13877,ADMINISTRATIVE,False,,NONE,False,,45751000.0,1098233424.283928,,PED|2026-07-24 21:30:00+00:00,False,False,0.05574619045547036,-0.08233276592709737,False,False
0001493152-26-034944,PESI,"2.02,5.07,9.01",2026-07-28 13:15:10+00:00,21069,DILUTION_OFFERING,False,13000000.0,HIGH,False,,61674000.0,252857043.93959522,0.2107857443979635,PESI|2026-07-28 13:15:00+00:00,False,False,0.12158646759717917,-0.05331597455934267,True,False
0001171843-26-004477,PFLT,"7.01,9.01",2026-07-06 20:05:17+00:00,5689,ADMINISTRATIVE,False,,NONE,False,,,917765538.0,,PFLT|2026-07-06 20:05:00+00:00,False,False,0.005405400180747089,-0.05135136615455005,False,False
0001171843-26-004444,PFLT,"7.01,9.01",2026-07-02 20:05:18+00:00,5597,ADMINISTRATIVE,False,,NONE,False,,,917765538.0,,PFLT|2026-07-02 20:05:00+00:00,False,False,0.00998005901881549,-0.06710964890908211,False,False
0001437749-26-023916,PHIO,"5.02,8.01,9.01",2026-07-21 11:07:31+00:00,5366,ADMINISTRATIVE,False,,NONE,False,,,8876462.22692728,,PHIO|2026-07-21 11:07:00+00:00,False,False,0.045871514481795606,-0.12788990924017418,False,False
0001013857-26-000049,PEGA,"2.02,9.01",2026-07-21 20:08:31+00:00,30618,DILUTION_OFFERING,False,,NONE,False,,1745812000.0,9190453532.638702,,PEGA|2026-07-21 20:08:00+00:00,False,False,0.14074912108971893,-0.05032160076992509,True,False
0001193125-26-318213,PGC,"2.02,7.01,9.01",2026-07-27 20:52:34+00:00,119487,DILUTION_OFFERING,False,4000000000.0,HIGH,True,convertible,282995000.0,450036010.5,14.13452534497076,PGC|2026-07-27 20:52:00+00:00,False,False,0.05883645011241079,0.009695870787850946,True,False
0001213900-26-081560,PFSA,"5.02,7.01,8.01,9.01",2026-07-27 10:08:35+00:00,18637,MA_ACTIVITY,False,,NONE,True,convertible,100000.0,4622946320.625,,PFSA|2026-07-27 10:08:00+00:00,False,True,0.045454500299513256,-0.3431060864196873,True,False
0001213900-26-075502,PFSA,"3.03,5.03,8.01,9.01",2026-07-06 20:16:24+00:00,15204,MA_ACTIVITY,False,,NONE,True,reverse_split,100000.0,4622946320.625,,PFSA|2026-07-06 20:16:00+00:00,False,True,0.04152245024332313,-0.4152249149221069,True,False
0001628280-26-049902,PII,"2.02,9.01",2026-07-27 23:24:21+00:00,3242,ADMINISTRATIVE,False,,NONE,False,,7152000000.0,3794039030.9023895,,PII|2026-07-27 23:24:00+00:00,False,False,-0.007885348774251733,-0.1570904006181011,False,False
0001193125-26-306095,PHUN,"7.01,9.01",2026-07-16 20:05:16+00:00,21736,DILUTION_OFFERING,False,,NONE,False,,2553000.0,49456903.9125669,,PHUN|2026-07-16 20:05:00+00:00,False,False,0.08252431117282732,-0.004854364437391179,True,False
0001437749-26-024687,PKE,5.07,2026-07-28 20:45:40+00:00,4230,ADMINISTRATIVE,False,,NONE,False,,73301000.0,424790265.85738754,,PKE|2026-07-28 20:45:00+00:00,False,False,0.00910686105335401,-0.05611045229263967,False,False
0001437749-26-024045,PKBK,"2.02,9.01",2026-07-22 12:33:46+00:00,3854,ADMINISTRATIVE,False,,NONE,False,,,254596260.8183918,,PKBK|2026-07-22 12:33:00+00:00,False,False,0.033944043927343515,-0.04806249136278762,False,False
0001193125-26-318829,PJT,"2.02,9.01",2026-07-28 10:50:14+00:00,32766,EARNINGS,False,,NONE,False,,1696656000.0,1928242062.75,,PJT|2026-07-28 10:50:00+00:00,False,False,0.031200594305431206,-0.08615013018505213,False,False
0001437749-26-023215,PKE,5.02,2026-07-09 20:57:30+00:00,4672,ADMINISTRATIVE,False,,NONE,False,,73301000.0,424790265.85738754,,PKE|2026-07-09 20:57:00+00:00,False,False,0.10804017210653294,-0.12534896173566812,False,False
0001193125-26-305383,PJT,"5.02,9.01",2026-07-16 10:50:16+00:00,8266,ADMINISTRATIVE,False,,NONE,False,,1696656000.0,1928242062.75,,PJT|2026-07-16 10:50:00+00:00,False,False,0.09129204925993384,-0.016754251845791934,False,False
0001193125-26-312651,PKG,"2.02,9.01",2026-07-22 22:04:21+00:00,37394,EARNINGS,False,,NONE,False,,8989300000.0,17650238402.792145,,PKG|2026-07-22 22:04:00+00:00,False,False,0.11979932235975155,-0.021503986352124693,False,False
0000080035-26-000024,PLPC,"8.01,9.01",2026-07-27 20:23:19+00:00,3400,ADMINISTRATIVE,False,,NONE,False,,669338000.0,1120059509.149292,,PLPC|2026-07-27 20:23:00+00:00,True,False,0.20811156483363824,-0.08081847190588243,False,False
0001437749-26-023877,PKE,"2.02,9.01",2026-07-20 20:37:08+00:00,3931,ADMINISTRATIVE,False,,NONE,False,,73301000.0,424790265.85738754,,PKE|2026-07-20 20:37:00+00:00,False,False,0.051669233214549415,-0.14864865821011464,False,False
0001104659-26-084657,PLCE,"5.02,9.01",2026-07-17 20:30:32+00:00,8665,DEBT_SETTLEMENT,False,,NONE,False,,1208830000.0,165815810.14281893,,PLCE|2026-07-17 20:30:00+00:00,False,True,-0.0033388951069659445,-0.23272114020605095,False,False
0001104659-26-081293,PLCE,"1.01,2.03,5.02,9.01",2026-07-07 20:30:29+00:00,17683,DEBT_SETTLEMENT,True,,NONE,False,,1208830000.0,165815810.14281893,,PLCE|2026-07-07 20:30:00+00:00,False,True,-0.006277628726474749,-0.27507885111429475,False,False
0001104659-26-086260,PINE,"2.02,7.01,9.01",2026-07-23 20:10:29+00:00,85952,DEBT_SETTLEMENT,False,21700000.0,HIGH,True,atm,60532000.0,194250370.5806446,0.35848807242450276,PINE|2026-07-23 20:10:00+00:00,False,False,0.02014676565382212,-0.06530994867850881,True,False
0001746473-26-000107,PLRX,5.02,2026-07-13 20:25:14+00:00,6384,ADMINISTRATIVE,False,,NONE,False,,0.0,100676571.68183541,,PLRX|2026-07-13 20:25:00+00:00,False,False,0.008520220131942757,-0.08711533317296427,False,False
0001104659-26-082677,PLCE,"5.02,9.01",2026-07-10 20:31:04+00:00,8155,DEBT_SETTLEMENT,False,,NONE,False,,1208830000.0,165815810.14281893,,PLCE|2026-07-10 20:31:00+00:00,False,True,0.030100305646238334,-0.23143809700829343,False,False
0001213900-26-077736,PLAG,"1.01,9.01",2026-07-14 00:33:20+00:00,9688,ADMINISTRATIVE,True,8922860.0,HIGH,True,shelf,3040616.0,12453441.217813492,2.9345566819355025,PLAG|2026-07-14 00:33:00+00:00,False,True,0.01604276540816718,-0.7366844976989101,True,False
0000822416-26-000034,PHM,"2.02,9.01",2026-07-22 11:31:32+00:00,24209,ADMINISTRATIVE,False,,NONE,False,,17311953000.0,23772384269.78691,,PHM|2026-07-22 11:31:00+00:00,False,False,0.06135213982608434,-0.04642434508548321,False,False
0001437749-26-023674,PLBC,8.01,2026-07-16 13:00:07+00:00,3607,ADMINISTRATIVE,False,,NONE,False,,,286013082.35943604,,PLBC|2026-07-16 13:00:00+00:00,False,False,0.044493610819736684,-0.03933139147614595,False,False
0001437749-26-023589,PLBC,"2.02,9.01",2026-07-15 13:00:15+00:00,4243,ADMINISTRATIVE,False,,NONE,False,,,286013082.35943604,,PLBC|2026-07-15 13:00:00+00:00,False,False,0.09868992336607696,-0.01741076281255971,False,False
0001437749-26-023591,PLBC,"7.01,9.01",2026-07-15 13:05:57+00:00,4789,ADMINISTRATIVE,False,,NONE,False,,,286013082.35943604,,PLBC|2026-07-15 13:05:00+00:00,False,False,0.09868992336607696,-0.01741076281255971,False,False
0001641614-26-000108,PMTS,8.01,2026-07-06 20:06:11+00:00,3089,DEBT_SETTLEMENT,False,,NONE,False,,543534000.0,183438601.51988983,,PMTS|2026-07-06 20:06:00+00:00,False,False,0.060166917357471705,-0.09823182416719312,False,False
0001022408-26-000064,PLUS,"5.02,9.01",2026-07-06 20:41:34+00:00,4989,ADMINISTRATIVE,False,,NONE,False,,2442549000.0,1947927091.3457642,,PLUS|2026-07-06 20:41:00+00:00,False,False,0.1026865489447295,-0.016716436129897372,False,False
0001213900-26-077548,PLUR,3.01,2026-07-13 20:05:19+00:00,7849,ADMINISTRATIVE,False,,NONE,False,,1336000.0,24794081.608875275,,PLUR|2026-07-13 20:05:00+00:00,False,False,0.13519774868203016,-0.11858758407622494,True,False
0001213900-26-077960,PLUR,8.01,2026-07-14 20:01:41+00:00,7507,ADMINISTRATIVE,False,,NONE,False,,1336000.0,24794081.608875275,,PLUR|2026-07-14 20:01:00+00:00,False,False,0.19601193824305785,-0.06547613007749098,False,False
0001493152-26-034876,POLA,"1.01,1.02,2.03,3.02,5.03,9.01",2026-07-27 22:27:24+00:00,14272,DILUTION_OFFERING,True,450000.0,HIGH,True,"atm,equity_line,convertible",6304000.0,7936441.335566521,0.07138324873096447,POLA|2026-07-27 22:27:00+00:00,True,False,0.3641617740326615,-0.16763003390505093,True,False
0001104659-26-082854,PLUG,"1.01,2.02,7.01,9.01",2026-07-13 11:15:41+00:00,24347,ADMINISTRATIVE,True,50000000.0,HIGH,False,,709919000.0,2910198647.813161,0.07043057024815508,PLUG|2026-07-13 11:15:00+00:00,False,False,0.04888884226481127,-0.053333282470703125,False,False
0001493152-26-034878,POLA,"1.01,3.02,7.01,9.01",2026-07-27 22:30:32+00:00,36303,DILUTION_OFFERING,True,25000000.0,HIGH,True,"atm,equity_line,reverse_split",6304000.0,7936441.335566521,3.965736040609137,POLA|2026-07-27 22:30:00+00:00,True,False,0.3641617740326615,-0.16763003390505093,True,False
0001493152-26-033591,POLA,"5.03,9.01",2026-07-16 21:28:19+00:00,5104,ADMINISTRATIVE,False,,NONE,True,convertible,6304000.0,7936441.335566521,,POLA|2026-07-16 21:28:00+00:00,True,False,0.47962373214009446,-0.09717866370499473,True,False
0001104659-26-087269,PMN,"7.01,8.01,9.01",2026-07-28 10:05:27+00:00,43195,CLINICAL_RESULT,False,,NONE,False,,,518064970.0,,PMN|2026-07-28 10:05:00+00:00,True,False,0.22546223527822962,-0.135846425610455,False,True
0000077360-26-000042,PNR,"2.02,9.01",2026-07-28 10:53:55+00:00,7033,EARNINGS,False,,NONE,False,,4176000000.0,17313311403.395386,,PNR|2026-07-28 10:53:00+00:00,False,False,0.052549553889188916,-0.0035863985247061025,False,False
0000080420-26-000095,POWL,5.02,2026-07-06 20:13:58+00:00,4971,ADMINISTRATIVE,False,,NONE,False,,1104318000.0,1542320234.143219,,POWL|2026-07-06 20:13:00+00:00,False,False,0.025253138233187533,-0.06248165903086078,False,False
0001585364-26-000110,PRGO,"5.02,9.01",2026-07-06 20:48:51+00:00,6893,ADMINISTRATIVE,False,,NONE,False,,4253100000.0,2839709196.9861145,,PRGO|2026-07-06 20:48:00+00:00,False,False,0.016657930228850093,-0.10789470029779735,False,False
0000077360-26-000039,PNR,"2.02,5.02,9.01",2026-07-14 21:20:51+00:00,7819,EARNINGS,False,,NONE,False,,4176000000.0,17313311403.395386,,PNR|2026-07-14 21:20:00+00:00,False,False,0.14307697002704334,0.0,False,False
0001585364-26-000108,PRGO,5.02,2026-07-06 20:45:07+00:00,5423,ADMINISTRATIVE,False,,NONE,False,,4253100000.0,2839709196.9861145,,PRGO|2026-07-06 20:45:00+00:00,False,False,0.016657930228850093,-0.10789470029779735,False,False
0000805676-26-000057,PRK,"2.02,7.01,8.01,9.01",2026-07-27 20:15:15+00:00,46993,ADMINISTRATIVE,False,324100000.0,HIGH,False,,664421000.0,2485433715.4582825,0.48779313116232026,PRK|2026-07-27 20:15:00+00:00,False,False,0.08295401825204363,-0.00503285347772664,False,False
0001193125-26-313430,POOL,"2.02,7.01,9.01",2026-07-23 13:29:29+00:00,34655,EARNINGS,False,,NONE,False,,5289396000.0,11105465864.057373,,POOL|2026-07-23 13:29:00+00:00,False,False,0.018498648242807114,-0.10867014000891984,False,False
0001552781-26-000390,PRGS,"1.01,2.02,7.01,9.01",2026-07-22 20:21:29+00:00,30338,DEBT_SETTLEMENT,True,400000000.0,HIGH,False,,977831000.0,1837731430.1561127,0.4090686427409235,PRGS|2026-07-22 20:21:00+00:00,False,False,0.13253015539146218,-0.03404922018516365,False,False
0001104659-26-080356,PRAX,"4.01,9.01",2026-07-02 20:30:20+00:00,6089,ADMINISTRATIVE,False,,NONE,False,,0.0,4119921972.952072,,PRAX|2026-07-02 20:30:00+00:00,False,False,0.06788048050797668,-0.044506655263812256,False,False
0001171843-26-004654,PROF,"7.01,9.01",2026-07-15 12:00:32+00:00,3944,ADMINISTRATIVE,False,,NONE,False,,16098000.0,194443822.43459988,,PROF|2026-07-15 12:00:00+00:00,False,False,0.08659223123033044,-0.07472065067228717,False,False
0001213900-26-080265,PRPL,3.01,2026-07-22 15:11:28+00:00,5944,ADMINISTRATIVE,False,,NONE,True,reverse_split,468725000.0,160697191.5498066,,PRPL|2026-07-22 15:11:00+00:00,True,False,0.3021472079685048,0.01075150779639733,True,False
0001689548-26-000072,PRAX,8.01,2026-07-07 21:05:03+00:00,4858,ADMINISTRATIVE,False,,NONE,False,,0.0,4119921972.952072,,PRAX|2026-07-07 21:05:00+00:00,False,False,0.05572303185096161,-0.07950768103966344,False,False
0001171843-26-004740,PROF,"7.01,9.01",2026-07-16 20:45:18+00:00,4284,ADMINISTRATIVE,False,,NONE,False,,16098000.0,194443822.43459988,,PROF|2026-07-16 20:45:00+00:00,False,False,0.161194094222171,-0.011194001701525846,False,False
0001171843-26-004863,PROF,"7.01,9.01",2026-07-24 15:58:37+00:00,4052,ADMINISTRATIVE,False,,NONE,False,,16098000.0,194443822.43459988,,PROF|2026-07-24 15:58:00+00:00,False,False,0.10826214116050892,-0.0028490001397227793,False,False
0001213900-26-078509,PRPL,"3.03,5.03,9.01",2026-07-16 12:43:07+00:00,6679,ADMINISTRATIVE,False,,NONE,True,reverse_split,468725000.0,160697191.5498066,,PRPL|2026-07-16 12:43:00+00:00,False,False,0.13199989751180663,-0.1826667033725291,True,False
0001171843-26-004478,PNNT,"7.01,9.01",2026-07-06 20:05:17+00:00,5393,ADMINISTRATIVE,False,,NONE,False,,,416589087.19254494,,PNNT|2026-07-06 20:05:00+00:00,False,False,0.010101035121981905,-0.03896103717382671,False,False
0001171843-26-004443,PNNT,"7.01,9.01",2026-07-02 20:05:17+00:00,5409,ADMINISTRATIVE,False,,NONE,False,,,416589087.19254494,,PNNT|2026-07-02 20:05:00+00:00,False,False,0.009985690804376057,-0.04992872611154753,False,False
0001628280-26-047590,PRME,8.01,2026-07-08 12:02:02+00:00,3355,ADMINISTRATIVE,False,,NONE,False,,4632000.0,610965945.7864094,,PRME|2026-07-08 12:02:00+00:00,False,True,0.09908882824813814,-0.22892936368740469,False,False
0001759655-26-000056,PRVA,5.02,2026-07-07 20:09:10+00:00,3282,ADMINISTRATIVE,False,,NONE,False,,2122842000.0,3008110489.8406506,,PRVA|2026-07-07 20:09:00+00:00,False,False,0.06189761093685253,-0.015843784629552715,False,False
0001193125-26-297539,PRMB,5.02,2026-07-07 20:30:20+00:00,5154,ADMINISTRATIVE,False,,NONE,False,,6664000000.0,8206255256.69351,,PRMB|2026-07-07 20:30:00+00:00,False,False,0.004930112207579773,-0.04108463408919405,False,False
0001193125-26-306163,PRMB,5.02,2026-07-16 20:30:28+00:00,6880,ADMINISTRATIVE,False,,NONE,False,,6664000000.0,8206255256.69351,,PRMB|2026-07-16 20:30:00+00:00,False,False,0.011862365606968295,-0.10794785886736835,False,False
0001041803-26-000030,PSMT,"2.02,9.01",2026-07-08 20:06:35+00:00,3449,ADMINISTRATIVE,False,,NONE,False,,5270094000.0,3719375652.6227417,,PSMT|2026-07-08 20:06:00+00:00,False,False,0.04232805205557999,-0.05626279809054513,False,False
0001287032-26-000224,PSEC,5.07,2026-07-07 21:13:05+00:00,4209,ADMINISTRATIVE,False,,NONE,False,,,1309450823.8617096,,PSEC|2026-07-07 21:13:00+00:00,False,False,0.04545450112051319,-0.00872731189885334,False,False
0001193125-26-303189,PSBD,8.01,2026-07-14 20:15:16+00:00,2868,ADMINISTRATIVE,False,,NONE,False,,,394503980.38150406,,PSBD|2026-07-14 20:15:00+00:00,False,False,0.016601570321654657,-0.08496092822315382,False,False
0001213900-26-078363,PSBD,"1.01,9.01",2026-07-15 20:52:32+00:00,9597,DEBT_SETTLEMENT,True,,NONE,False,,,394503980.38150406,,PSBD|2026-07-15 20:52:00+00:00,False,False,0.0019568985877502776,-0.08317028955585748,False,False
0001628280-26-047540,PSTL,"1.01,2.03,8.01,9.01",2026-07-07 21:13:02+00:00,10272,DEBT_SETTLEMENT,True,,NONE,False,,95823000.0,364032861.1742649,,PSTL|2026-07-07 21:13:00+00:00,False,False,0.004049424064987539,-0.04458858443728775,False,False
0001193125-26-309101,PSNL,"1.01,9.01",2026-07-20 21:26:43+00:00,35805,MA_ACTIVITY,True,16.25,HIGH,False,,69648000.0,858393987.2220917,2.3331610383643463e-07,PSNL|2026-07-20 21:26:00+00:00,False,False,0.02306550813209607,-0.13913690059101558,False,True
0001493152-26-033903,PUSA,"1.01,9.01",2026-07-20 20:00:33+00:00,18627,MA_ACTIVITY,False,,NONE,False,,2964377.0,74651930.63051033,,PUSA|2026-07-20 20:00:00+00:00,False,True,0.06760563739730463,-0.25352108986976907,False,True
0001193125-26-318071,PSIX,"5.02,5.07,7.01,9.01",2026-07-27 20:08:11+00:00,24952,ADMINISTRATIVE,False,,NONE,False,,722405000.0,2027778010.5815125,,PSIX|2026-07-27 20:08:00+00:00,False,False,-0.02218428789950655,-0.13686001453751218,False,False
0001193125-26-303307,PVLA,"8.01,9.01",2026-07-14 20:48:25+00:00,47748,FDA_APPROVAL,False,,NONE,False,,,869621428.5737228,,PVLA|2026-07-14 20:48:00+00:00,False,False,0.07705932567527962,-0.17827010020773038,False,True
0001193125-26-308488,PSNL,"2.02,7.01,9.01",2026-07-20 13:18:31+00:00,37782,MA_ACTIVITY,True,16.25,HIGH,False,,69648000.0,858393987.2220917,2.3331610383643463e-07,PSNL|2026-07-20 13:18:00+00:00,False,False,-0.022372876183461288,-0.18508471472788668,False,True
0001633917-26-000080,PYPL,"2.02,9.01",2026-07-28 11:02:42+00:00,4221,ADMINISTRATIVE,False,,NONE,False,,33172000000.0,66924260185.83351,,PYPL|2026-07-28 11:02:00+00:00,False,False,0.0360627114947194,-0.012979141581488385,False,False
0001907982-26-000117,QBTS,"7.01,9.01",2026-07-27 11:01:47+00:00,4741,ADMINISTRATIVE,False,,NONE,False,,24587000.0,11204444432.077045,,QBTS|2026-07-27 11:01:00+00:00,False,False,0.07539905522734758,-0.101816201084302,False,False
0001907982-26-000097,QBTS,"7.01,9.01",2026-07-07 11:02:12+00:00,6871,ADMINISTRATIVE,False,,NONE,False,,24587000.0,11204444432.077045,,QBTS|2026-07-07 11:02:00+00:00,False,False,0.003136187086976161,-0.09811830483875217,False,False
0001907982-26-000109,QBTS,"7.01,9.01",2026-07-24 11:00:52+00:00,4631,ADMINISTRATIVE,False,,NONE,False,,24587000.0,11204444432.077045,,QBTS|2026-07-24 11:00:00+00:00,False,False,0.14873607599074212,-0.048794821430794055,False,False
0001907982-26-000099,QBTS,"3.01,7.01,9.01",2026-07-14 11:00:54+00:00,4600,ADMINISTRATIVE,False,,NONE,False,,24587000.0,11204444432.077045,,QBTS|2026-07-14 11:00:00+00:00,False,False,0.01786653391066295,-0.09695224141520253,True,False
0001213900-26-077971,PVH,"5.02,8.01,9.01",2026-07-14 20:23:20+00:00,21055,ADMINISTRATIVE,False,1150000.0,HIGH,False,,8950200000.0,4051204564.0599365,0.0001284887488547742,PVH|2026-07-14 20:23:00+00:00,False,False,0.06920303878615108,-0.010167288178326794,False,False
0001104659-26-086330,QXO,"8.01,9.01",2026-07-23 21:07:12+00:00,4819,ADMINISTRATIVE,False,,NONE,True,convertible,6842200000.0,11106949103.275116,,QXO|2026-07-23 21:07:00+00:00,False,False,0.08501443050768387,-0.048991376049651536,True,False
0001193125-26-312381,QS,"1.01,1.02",2026-07-22 20:02:55+00:00,7923,ADMINISTRATIVE,True,,NONE,False,,,1174034354.0056324,,QS|2026-07-22 20:02:00+00:00,False,False,0.0017451574190909813,-0.16055847700375836,False,False
0001628280-26-050149,QRVO,"2.02,9.01",2026-07-28 20:07:09+00:00,2924,ADMINISTRATIVE,False,,NONE,False,,3678517000.0,8662246943.429138,,QRVO|2026-07-28 20:07:00+00:00,False,False,0.03820655812447371,-0.02764354583128037,False,False
0001193125-26-312423,QS,"2.02,9.01",2026-07-22 20:18:31+00:00,38147,COMMERCIAL_CONTRACT,False,,NONE,False,,,1174034354.0056324,,QS|2026-07-22 20:18:00+00:00,False,False,0.0017451574190909813,-0.16055847700375836,False,False
0001104659-26-085795,QCRH,"7.01,9.01",2026-07-22 20:05:44+00:00,29913,EARNINGS,False,29000000.0,HIGH,False,,,1256924573.0922241,,QCRH|2026-07-22 20:05:00+00:00,False,False,0.11017668943086045,-0.0020757897568274286,False,False
0001104659-26-085795,QCRH,"7.01,9.01",2026-07-22 20:05:44+00:00,29913,EARNINGS,False,29000000.0,HIGH,False,,,1256924573.0922241,,QCRH|2026-07-22 20:05:00+00:00,False,False,0.11017668943086045,-0.0020757897568274286,False,False
0001104659-26-085796,QCRH,"2.02,9.01",2026-07-22 20:05:52+00:00,99722,EARNINGS,False,,NONE,False,,,1256924573.0922241,,QCRH|2026-07-22 20:05:00+00:00,False,False,0.11017668943086045,-0.0020757897568274286,False,False
0001104659-26-085796,QCRH,"2.02,9.01",2026-07-22 20:05:52+00:00,99722,EARNINGS,False,,NONE,False,,,1256924573.0922241,,QCRH|2026-07-22 20:05:00+00:00,False,False,0.11017668943086045,-0.0020757897568274286,False,False
0001104659-26-082040,QXO,"7.01,9.01",2026-07-09 10:03:01+00:00,45548,FDA_APPROVAL,False,,NONE,True,convertible,6842200000.0,11106949103.275116,,QXO|2026-07-09 10:03:00+00:00,False,False,0.01896423555126847,-0.06363620456239061,True,False
0000085961-26-000020,R,"2.02,7.01,9.01",2026-07-23 10:55:24+00:00,3925,ADMINISTRATIVE,False,,NONE,False,,12665000000.0,7839911532.848358,,R|2026-07-23 10:55:00+00:00,False,False,-0.00029383062194898724,-0.06852878973958265,False,False
0001437749-26-023874,RBB,"2.02,7.01,8.01,9.01",2026-07-20 20:29:56+00:00,6639,ADMINISTRATIVE,False,,NONE,False,,5167000.0,321382892.53252983,,RBB|2026-07-20 20:29:00+00:00,False,False,0.020143066949159127,-0.04066264854752455,False,False
0001193125-26-301520,QTTB,"8.01,9.01",2026-07-13 12:39:54+00:00,32140,CLINICAL_RESULT,False,,NONE,False,,53737000.0,33665417.28367448,,QTTB|2026-07-13 12:39:00+00:00,True,False,0.28166945595238,-0.15388793169969972,False,True
0001493152-26-034190,RCAT,"5.02,8.01,9.01",2026-07-22 13:00:29+00:00,4840,ADMINISTRATIVE,False,,NONE,False,,40729000.0,913840569.7371826,,RCAT|2026-07-22 13:00:00+00:00,False,False,0.025763947957839983,-0.09646498255444602,False,False
0001193125-26-301464,QTTB,"7.01,8.01,9.01",2026-07-13 11:09:59+00:00,28589,CLINICAL_RESULT,False,6.8,HIGH,False,,53737000.0,33665417.28367448,1.2654223347042076e-07,QTTB|2026-07-13 11:09:00+00:00,True,False,0.28166945595238,-0.15388793169969972,False,True
0001437749-26-024672,RCKY,"2.02,9.01",2026-07-28 20:13:17+00:00,6062,ADMINISTRATIVE,False,,NONE,False,,481976000.0,217627452.1816864,,RCKY|2026-07-28 20:13:00+00:00,False,False,0.014295714511912472,-0.05188445970950484,False,False
0001104659-26-085081,RAMP,5.02,2026-07-20 20:30:22+00:00,3524,ADMINISTRATIVE,False,,NONE,False,,812940000.0,1792996068.9347038,,RAMP|2026-07-20 20:30:00+00:00,False,False,0.0030363479463180187,-0.005808613087871284,False,False
0001819810-26-000104,RDW,5.02,2026-07-14 20:07:16+00:00,5156,ADMINISTRATIVE,False,,NONE,False,,335381000.0,1133594342.7959366,,RDW|2026-07-14 20:07:00+00:00,False,True,0.017786591621669512,-0.20355726178237776,False,False
0001193125-26-304964,QTTB,"1.01,9.01",2026-07-15 21:18:59+00:00,11974,DILUTION_OFFERING,True,,NONE,True,shelf,53737000.0,33665417.28367448,,QTTB|2026-07-15 21:18:00+00:00,False,False,0.0006254051923064718,-0.11632268188251371,True,False
0001628280-26-050189,QTI,"5.07,8.01,9.01",2026-07-28 20:21:29+00:00,7114,ADMINISTRATIVE,False,,NONE,False,,18925000.0,197468370.70055866,,QTI|2026-07-28 20:21:00+00:00,False,False,0.03202852470483175,-0.04626330201763207,False,False
0001104659-26-087534,RBBN,"2.02,9.01",2026-07-28 20:09:55+00:00,54335,DILUTION_OFFERING,False,,NONE,False,,844556000.0,674681826.9372954,,RBBN|2026-07-28 20:09:00+00:00,False,False,0.01528388053000973,-0.09170307495422159,True,False
0001213900-26-080443,QUBT,"5.02,8.01,9.01",2026-07-22 21:00:36+00:00,14030,ADMINISTRATIVE,False,,NONE,False,,682000.0,1909005185.6903448,,QUBT|2026-07-22 21:00:00+00:00,False,False,0.03811946570486535,-0.0584498150998759,False,False
0001213900-26-075956,RENX,"5.02,9.01",2026-07-07 20:16:15+00:00,5970,ADMINISTRATIVE,False,,NONE,False,,8220449.0,87201030.86763382,,RENX|2026-07-07 20:16:00+00:00,False,True,0.042857217464320696,-0.21423806300563186,False,False
0001193125-26-312436,RELL,"2.02,9.01",2026-07-22 20:25:43+00:00,48967,EARNINGS,False,,NONE,False,,208909000.0,104506193.21470642,,RELL|2026-07-22 20:25:00+00:00,False,True,0.045151407565034996,-0.25191538705099925,False,False
0000884887-26-000036,RCL,"2.02,9.01",2026-07-28 10:32:13+00:00,3605,ADMINISTRATIVE,False,,NONE,False,,17935000000.0,86073374227.10693,,RCL|2026-07-28 10:32:00+00:00,False,False,0.07829766762004708,-0.03882093418473165,False,False
0001213900-26-077585,REFI,"1.01,3.02,7.01,9.01",2026-07-13 20:30:15+00:00,23102,MA_ACTIVITY,True,62500000.0,HIGH,False,,,271019670.2646017,,REFI|2026-07-13 20:30:00+00:00,False,False,0.00645825764262975,-0.09749942335418615,True,True
0001104659-26-085080,RCL,"5.02,7.01,9.01",2026-07-20 20:30:21+00:00,8129,ADMINISTRATIVE,False,,NONE,False,,17935000000.0,86073374227.10693,,RCL|2026-07-20 20:30:00+00:00,False,False,0.03830459171056266,-0.03671435649121502,False,False
0001628280-26-049393,RC,5.07,2026-07-23 20:12:26+00:00,5581,ADMINISTRATIVE,False,,NONE,False,,,491338544.847147,,RC|2026-07-23 20:12:00+00:00,False,False,0.026845611810072167,-0.046979900673860486,False,False
0001193125-26-299825,RGA,"5.02,9.01",2026-07-09 21:07:31+00:00,4748,ADMINISTRATIVE,False,,NONE,False,,23698000000.0,12408441175.803818,,RGA|2026-07-09 21:07:00+00:00,False,False,0.0631834638271882,-0.009894110202835149,False,False
0001213900-26-077351,REZI,"7.01,9.01",2026-07-13 11:14:35+00:00,79688,FDA_APPROVAL,False,,NONE,False,,7472000000.0,6619971433.5,,REZI|2026-07-13 11:14:00+00:00,False,False,0.09158560070730215,-0.03711501880436208,False,True
0001213900-26-076411,RFL,"7.01,9.01",2026-07-08 20:45:51+00:00,22283,FDA_APPROVAL,False,,NONE,False,,30000.0,986.1932754516602,,RFL|2026-07-08 20:45:00+00:00,False,True,0.05714280153502638,-0.20408162868107327,False,True
0001084765-26-000041,RGP,"1.01,1.02,2.03,5.02,9.01",2026-07-16 20:02:46+00:00,8876,DEBT_SETTLEMENT,True,,NONE,False,,452006000.0,175634006.08247757,,RGP|2026-07-16 20:02:00+00:00,False,True,0.014957302185677035,-0.22435892145544156,False,False
0001084765-26-000047,RGP,"2.02,9.01",2026-07-22 21:16:43+00:00,3765,ADMINISTRATIVE,False,,NONE,False,,452006000.0,175634006.08247757,,RGP|2026-07-22 21:16:00+00:00,False,False,0.08695649787871496,-0.07161124430775656,False,False
0001193125-26-311402,RGEN,"1.01,2.02,7.01,8.01,9.01",2026-07-22 12:56:58+00:00,65799,MA_ACTIVITY,True,,NONE,False,,738256000.0,8385760401.7323,,RGEN|2026-07-22 12:56:00+00:00,False,False,0.14972557078769966,-0.02922847684382479,False,True
0001571283-26-000037,REXR,"2.02,7.01,9.01",2026-07-23 21:06:48+00:00,172933,DEBT_SETTLEMENT,False,2000000000.0,HIGH,False,,589000.0,9689352828.82042,3395.585738539898,REXR|2026-07-23 21:06:00+00:00,False,False,0.0684082151296046,-0.006329130180213416,False,False
0001193125-26-318853,RGEN,"2.02,9.01",2026-07-28 11:13:43+00:00,42994,EARNINGS,True,,NONE,False,,738256000.0,8385760401.7323,,RGEN|2026-07-28 11:13:00+00:00,False,False,0.10236222880560164,0.0008590578281904016,False,False
0001104659-26-081857,RH,"7.01,9.01",2026-07-08 21:21:33+00:00,7506,ADMINISTRATIVE,False,,NONE,False,,3439536000.0,2998086541.564331,,RH|2026-07-08 21:21:00+00:00,True,False,0.20267323349522726,-0.01889964830318669,False,False
0001104659-26-086220,RH,"7.01,9.01",2026-07-23 19:17:27+00:00,10905,ADMINISTRATIVE,False,,NONE,False,,3439536000.0,2998086541.564331,,RH|2026-07-23 19:17:00+00:00,False,False,0.12164865111211487,-0.0010893462472640891,False,False
0001628280-26-047746,RICK,"2.02,9.01",2026-07-09 14:33:44+00:00,3291,ADMINISTRATIVE,False,,NONE,False,,279434000.0,207895791.57063675,,RICK|2026-07-09 14:33:00+00:00,False,False,0.03744744132133415,-0.03553688584121251,False,False
0001193125-26-308342,RGNX,"8.01,9.01",2026-07-20 11:34:30+00:00,16819,DILUTION_OFFERING,False,,NONE,True,shelf,170441000.0,648602541.1478577,,RGNX|2026-07-20 11:34:00+00:00,False,False,0.04761902555244757,-0.06997087169076632,True,False
0000085535-26-000032,RGLD,"2.02,9.01",2026-07-21 13:05:12+00:00,12306,DEBT_SETTLEMENT,False,30000000.0,HIGH,False,,1030471000.0,11888429620.189484,0.029112900799731386,RGLD|2026-07-21 13:05:00+00:00,False,False,0.06842935771842273,-0.006911033111092979,False,False
0001104659-26-081292,RES,"1.01,2.03,9.01",2026-07-07 20:27:42+00:00,543195,MA_ACTIVITY,True,,NONE,False,,1626566000.0,955271090.8882675,,RES|2026-07-07 20:27:00+00:00,False,False,0.05525845550833175,-0.02317292537379656,False,True
0001556593-26-000026,RITM,"2.02,9.01",2026-07-28 10:45:21+00:00,5232,ADMINISTRATIVE,False,,NONE,False,,4590228000.0,5801396128.22055,,RITM|2026-07-28 10:45:00+00:00,False,False,0.06553909968910832,-0.002114213285731581,False,False
0000720005-26-000066,RJF,"2.02,9.01",2026-07-22 20:15:23+00:00,4146,ADMINISTRATIVE,False,,NONE,False,,15912000000.0,31636255106.837036,,RJF|2026-07-22 20:15:00+00:00,False,False,0.05273098526092035,-0.03743732724051008,False,False
0000315213-26-000040,RHI,"2.02,9.01",2026-07-23 20:01:20+00:00,44429,ADMINISTRATIVE,False,,NONE,False,,5378506000.0,2793756317.269272,,RHI|2026-07-23 20:01:00+00:00,False,False,0.09234832522107927,-0.08258573990069462,False,False
0001628280-26-048625,RMBI,5.02,2026-07-17 18:35:42+00:00,3904,ADMINISTRATIVE,False,,NONE,False,,,136166999.15503407,,RMBI|2026-07-17 18:35:00+00:00,False,False,0.021656121681069118,-0.04394901839273313,False,False
0001628280-26-049841,RMBI,"2.02,9.01",2026-07-27 21:06:37+00:00,2995,ADMINISTRATIVE,False,,NONE,False,,,136166999.15503407,,RMBI|2026-07-27 21:06:00+00:00,False,False,0.03138140789850907,-0.0035522594398947893,False,False
0001193125-26-297658,RMD,"2.02,7.01,9.01",2026-07-07 21:24:32+00:00,11320,ADMINISTRATIVE,False,,NONE,False,,5146327000.0,36146896167.236206,,RMD|2026-07-07 21:24:00+00:00,False,False,-0.013590029382924418,-0.11303291763960022,False,False
0000913144-26-000081,RNR,"2.02,9.01",2026-07-22 20:32:32+00:00,4534,ADMINISTRATIVE,False,,NONE,False,,12848074000.0,11811266259.665314,,RNR|2026-07-22 20:32:00+00:00,False,False,0.03531475489263025,-0.03355833201047553,False,False
0001193125-26-318063,RMBS,"2.02,9.01",2026-07-27 20:06:16+00:00,28679,COMMERCIAL_CONTRACT,False,,NONE,False,,707630000.0,10072822911.957787,,RMBS|2026-07-27 20:06:00+00:00,False,False,-0.005729716532939189,-0.10545942976668077,False,False
0001628280-26-048752,RMTI,"8.01,9.01",2026-07-20 10:22:23+00:00,3590,ADMINISTRATIVE,False,,NONE,False,,69258000.0,358075647.66586304,,RMTI|2026-07-20 10:22:00+00:00,False,False,0.14041022110184453,-0.09037638647632351,False,False
0001104659-26-085815,RLI,"2.02,9.01",2026-07-22 20:16:00+00:00,37771,EARNINGS,False,,NONE,False,,1882448000.0,5835762748.439674,,RLI|2026-07-22 20:16:00+00:00,False,False,0.15822729137406233,-0.013070216845713856,False,False
0001104659-26-083885,RLI,"5.02,9.01",2026-07-15 20:10:26+00:00,6923,ADMINISTRATIVE,False,,NONE,False,,1882448000.0,5835762748.439674,,RLI|2026-07-15 20:10:00+00:00,False,False,0.06358188511033736,-0.029820015583055026,False,False
0000084246-26-000016,RLI,"7.01,9.01",2026-07-28 10:56:25+00:00,59800,FDA_APPROVAL,False,,NONE,False,,1882448000.0,5835762748.439674,,RLI|2026-07-28 10:56:00+00:00,False,False,0.03025864280900814,-0.022020389068560742,False,True
0001104659-26-085073,RNAZ,5.07,2026-07-20 20:15:27+00:00,9410,ADMINISTRATIVE,False,,NONE,True,"equity_line,convertible",,7744915.038197517,,RNAZ|2026-07-20 20:15:00+00:00,False,True,-0.03164528549806589,-0.4980368032114091,True,False
0001213900-26-082007,RLMD,"7.01,9.01",2026-07-28 12:35:34+00:00,12758,ADMINISTRATIVE,False,,NONE,False,,,75013065.40346003,,RLMD|2026-07-28 12:35:00+00:00,False,False,0.03428568158830925,-0.044761930193219834,False,False
0001104659-26-085209,RPT,8.01,2026-07-21 10:30:25+00:00,4430,DILUTION_OFFERING,False,,NONE,True,shelf,,673135530.7786865,,RPT|2026-07-21 10:30:00+00:00,False,False,0.08670522052045726,-0.05584641354264819,True,False
0000882835-26-000031,ROP,"2.02,9.01",2026-07-23 11:00:56+00:00,3107,ADMINISTRATIVE,False,,NONE,False,,7902500000.0,51650330047.48828,,ROP|2026-07-23 11:00:00+00:00,False,False,0.1113639890257414,-0.04059321576411712,False,False
0000084748-26-000046,ROG,"2.02,7.01,9.01",2026-07-28 20:07:09+00:00,3860,ADMINISTRATIVE,False,,NONE,False,,810800000.0,1564988727.6605988,,ROG|2026-07-28 20:07:00+00:00,False,False,0.0617273452178535,-0.06548081682424822,False,False
0001104659-26-080311,RNAZ,8.01,2026-07-02 20:05:35+00:00,8971,ADMINISTRATIVE,False,,NONE,True,convertible,,7744915.038197517,,RNAZ|2026-07-02 20:05:00+00:00,True,True,0.2011235998399541,-0.49437074958590177,True,False
0001614806-26-000018,RPT,"2.02,9.01",2026-07-28 20:15:18+00:00,3920,ADMINISTRATIVE,False,,NONE,False,,,673135530.7786865,,RPT|2026-07-28 20:15:00+00:00,False,False,0.013877557248485273,-0.029387727075693593,False,False
0000101829-26-000025,RTX,"2.02,9.01",2026-07-23 10:51:03+00:00,3967,ADMINISTRATIVE,False,,NONE,False,,88603000000.0,247265159088.61325,,RTX|2026-07-23 10:51:00+00:00,False,False,0.07344991481357832,-0.003506898004310033,False,False
0001104659-26-084617,RNAZ,"3.03,5.03,9.01",2026-07-17 20:05:26+00:00,6186,COMMERCIAL_CONTRACT,False,,NONE,True,convertible,,7744915.038197517,,RNAZ|2026-07-17 20:05:00+00:00,False,True,0.032834082648841356,-0.481555302121376,True,False
0000715072-26-000067,RNST,"2.02,7.01,9.01",2026-07-28 20:37:35+00:00,11196,ADMINISTRATIVE,False,,NONE,False,,,3200250928.677597,,RNST|2026-07-28 20:37:00+00:00,False,False,0.03548906322867129,-0.018094828221953962,False,False
0000912562-26-000141,ROCK,"8.01,9.01",2026-07-16 11:44:44+00:00,3748,ADMINISTRATIVE,False,,NONE,False,,1135501000.0,1841222903.7176056,,ROCK|2026-07-16 11:44:00+00:00,False,False,0.08441699278279846,-0.03810180045348155,False,False
0001628280-26-049613,RRGB,5.02,2026-07-24 20:30:43+00:00,4434,ADMINISTRATIVE,False,,NONE,False,,1210225000.0,111558910.9634285,,RRGB|2026-07-24 20:30:00+00:00,False,False,0.04587044855383837,-0.03643724513986446,False,False
0001193125-26-304889,RWAY,"1.01,2.03,9.01",2026-07-15 20:49:20+00:00,5747,DEBT_SETTLEMENT,True,,NONE,False,,,358906817.5937805,,RWAY|2026-07-15 20:49:00+00:00,False,False,0.022007042918619657,-0.058098579873122724,False,False
0001104659-26-083167,RPT,"2.02,7.01,8.01,9.01",2026-07-13 21:28:49+00:00,32576,DILUTION_OFFERING,False,,NONE,True,convertible,,673135530.7786865,,RPT|2026-07-13 21:28:00+00:00,False,True,-0.03441009683946705,-0.3117977283530995,True,False
0001171843-26-004833,RS,"2.02,9.01",2026-07-22 20:10:15+00:00,4152,ADMINISTRATIVE,False,,NONE,False,,14294300000.0,14396955947.211182,,RS|2026-07-22 20:10:00+00:00,False,False,0.04690037965592797,-0.026231371543009585,False,False
0001193125-26-302607,RWAY,7.01,2026-07-14 12:30:16+00:00,28297,MA_ACTIVITY,False,85800000.0,HIGH,False,,,358906817.5937805,,RWAY|2026-07-14 12:30:00+00:00,False,False,0.07633851525628876,-0.004599833602693004,False,True
0000315852-26-000015,RRC,2.02,2026-07-10 11:00:14+00:00,4143,ADMINISTRATIVE,False,,NONE,False,,2988164000.0,8503421987.625378,,RRC|2026-07-10 11:00:00+00:00,False,False,0.011796990292877618,-0.043347100081851164,False,False
0001193125-26-311276,RPM,"2.02,5.02,8.01,9.01",2026-07-22 10:52:14+00:00,93949,EARNINGS,False,,NONE,False,,7863422000.0,13514252967.446236,,RPM|2026-07-22 10:52:00+00:00,False,False,0.03909093683416187,-0.06972725608132102,False,False
0001628280-26-049404,RRGB,5.02,2026-07-23 20:30:03+00:00,4397,ADMINISTRATIVE,False,,NONE,False,,1210225000.0,111558910.9634285,,RRGB|2026-07-23 20:30:00+00:00,False,False,0.09153520680192773,-0.023380266423027485,False,False
0000084839-26-000038,ROL,"2.02,9.01",2026-07-22 20:06:26+00:00,39502,EARNINGS,False,88000000.0,HIGH,False,,3761050000.0,27624480171.0,0.023397721380997327,ROL|2026-07-22 20:06:00+00:00,False,False,0.06541932411421181,-0.023354592913693684,False,False
0001185185-26-003010,RTB,"8.01,9.01",2026-07-17 18:03:29+00:00,9781,ADMINISTRATIVE,False,,NONE,False,,11131000.0,84884345.30977249,,RTB|2026-07-17 18:03:00+00:00,False,True,0.15606941514514272,-0.2127167349012401,False,False
0001185185-26-002910,RTB,"8.01,9.01",2026-07-13 18:37:52+00:00,3725,ADMINISTRATIVE,False,,NONE,False,,11131000.0,84884345.30977249,,RTB|2026-07-13 18:37:00+00:00,True,False,0.3059092750885628,-0.14985303202745437,False,False
0001140361-26-029287,RYAM,"5.02,9.01",2026-07-22 20:30:20+00:00,2845,ADMINISTRATIVE,False,,NONE,False,,1466397000.0,465656117.12059593,,RYAM|2026-07-22 20:30:00+00:00,False,False,0.008287271567344101,-0.08950280691109325,False,False
0001810019-26-000078,RXT,"1.01,2.02,2.03,8.01,9.01",2026-07-09 12:13:03+00:00,39922,DILUTION_OFFERING,True,,NONE,True,"atm,shelf",2685700000.0,375796275.44496715,,RXT|2026-07-09 12:13:00+00:00,False,True,-0.08641744968476761,-0.3302180467858947,True,False
0000315852-26-000018,RRC,"2.02,9.01",2026-07-22 15:00:17+00:00,77962,DEBT_SETTLEMENT,False,881000000.0,HIGH,False,,2988164000.0,8503421987.625378,0.29482986877560935,RRC|2026-07-22 15:00:00+00:00,False,False,0.03244909250881123,-0.027041025038480937,False,False
0000930236-26-000024,RWT,"2.02,7.01,9.01",2026-07-28 11:00:24+00:00,5026,ADMINISTRATIVE,False,,NONE,False,,,678423186.0,,RWT|2026-07-28 11:00:00+00:00,False,False,-0.006262992319437499,-0.07411273943646413,False,False
0001104659-26-086331,SAFT,"7.01,9.01",2026-07-23 21:07:20+00:00,27995,MA_ACTIVITY,True,,NONE,False,,1263732000.0,1018463508.8319321,,SAFT|2026-07-23 21:07:00+00:00,False,False,0.00339310197715581,-0.00193896824700035,False,True
0001104659-26-086488,SAFT,"1.01,9.01",2026-07-24 12:00:31+00:00,30706,MA_ACTIVITY,False,,NONE,False,,1263732000.0,1018463508.8319321,,SAFT|2026-07-24 12:00:00+00:00,False,False,0.00339310197715581,-0.00193896824700035,False,True
0001185185-26-003142,RTB,9.01,2026-07-27 21:30:53+00:00,215891,ADMINISTRATIVE,False,,NONE,True,"convertible,going_concern",11131000.0,84884345.30977249,,RTB|2026-07-27 21:30:00+00:00,False,False,0.1428571428571428,-0.1116400037493025,True,False
0001104659-26-081027,RWT,"2.02,7.01,9.01",2026-07-07 13:31:50+00:00,12647,ADMINISTRATIVE,False,,NONE,False,,,678423186.0,,RWT|2026-07-07 13:31:00+00:00,False,False,0.11542606709669445,-0.018338734401201595,False,False
0001193125-26-304812,RXST,"5.02,7.01,9.01",2026-07-15 20:23:33+00:00,32408,ADMINISTRATIVE,False,,NONE,False,,134479000.0,344921580.576561,,RXST|2026-07-15 20:23:00+00:00,False,False,0.11781338741263125,-0.04618282629347592,False,False
0001193125-26-296200,RXST,"2.02,9.01",2026-07-06 20:15:17+00:00,14427,EARNINGS,False,27000000.0,HIGH,False,,134479000.0,344921580.576561,0.20077484216866573,RXST|2026-07-06 20:15:00+00:00,False,False,0.027003521949297005,-0.1628919825892956,False,False
0001193125-26-296200,RXST,"2.02,9.01",2026-07-06 20:15:17+00:00,14427,EARNINGS,False,27000000.0,HIGH,False,,134479000.0,344921580.576561,0.20077484216866573,RXST|2026-07-06 20:15:00+00:00,False,False,0.027003521949297005,-0.1628919825892956,False,False
0000897723-26-000036,SANM,"2.02,9.01",2026-07-27 20:03:48+00:00,3801,ADMINISTRATIVE,False,,NONE,False,,8128382000.0,6887015162.5,,SANM|2026-07-27 20:03:00+00:00,False,False,-0.02267730760205533,-0.120869679487566,False,False
0001193125-26-296201,RXST,"1.01,7.01,9.01",2026-07-06 20:15:17+00:00,19018,ADMINISTRATIVE,True,,NONE,False,,134479000.0,344921580.576561,,RXST|2026-07-06 20:15:00+00:00,False,False,0.027003521949297005,-0.1628919825892956,False,False
0001193125-26-296201,RXST,"1.01,7.01,9.01",2026-07-06 20:15:17+00:00,19018,ADMINISTRATIVE,True,,NONE,False,,134479000.0,344921580.576561,,RXST|2026-07-06 20:15:00+00:00,False,False,0.027003521949297005,-0.1628919825892956,False,False
0000052827-26-000091,RYN,"5.02,8.01,9.01",2026-07-17 12:52:46+00:00,6132,ADMINISTRATIVE,False,,NONE,False,,483035000.0,3473277648.584879,,RYN|2026-07-17 12:52:00+00:00,False,False,-0.0044321089606943476,-0.07009351211717574,False,False
0001874315-26-000028,SATL,5.02,2026-07-28 20:34:57+00:00,7924,ADMINISTRATIVE,False,,NONE,False,,17707000.0,103459301.46866512,,SATL|2026-07-28 20:34:00+00:00,False,False,0.00847456828052251,-0.0734463257810768,False,False
0001493152-26-033195,SBC,"3.01,3.03,5.03,5.07,9.01",2026-07-14 21:00:30+00:00,18833,ADMINISTRATIVE,False,,NONE,False,,173607489.0,351118640.2682657,,SBC|2026-07-14 21:00:00+00:00,False,False,0.048387129026447706,-0.07741936029678342,True,False
0001683168-26-005458,SBFM,"1.01,9.01",2026-07-10 20:54:05+00:00,4315,ADMINISTRATIVE,True,,NONE,False,,36305891.0,78362257.47591019,,SBFM|2026-07-10 20:54:00+00:00,False,True,0.0,-0.4634146100350033,False,False
0001213900-26-075941,SAR,"2.02,9.01",2026-07-07 20:05:37+00:00,49244,DEBT_SETTLEMENT,False,24500000.0,HIGH,False,,,371518075.4454651,,SAR|2026-07-07 20:05:00+00:00,False,False,0.018283326218312856,-0.11934993995581422,False,False
0001628280-26-050147,SBCF,"2.02,7.01,9.01",2026-07-28 20:06:10+00:00,5906,ADMINISTRATIVE,False,,NONE,False,,,2710317991.263914,,SBCF|2026-07-28 20:06:00+00:00,False,False,0.04444774485705616,-0.010095009350807205,False,False
0001683168-26-005656,SBFM,"1.01,9.01",2026-07-20 20:27:24+00:00,6423,DILUTION_OFFERING,True,,NONE,True,"atm,shelf",36305891.0,78362257.47591019,,SBFM|2026-07-20 20:27:00+00:00,False,True,0.05915494111766195,-0.38028166838473565,True,False
0001654954-26-006548,SCWO,"5.02,9.01",2026-07-08 20:30:36+00:00,10913,ADMINISTRATIVE,False,,NONE,False,,215037.0,0.0,,SCWO|2026-07-08 20:30:00+00:00,True,False,0.2577319511610616,-0.020618597877583134,False,False
0001193125-26-296936,SABS,"7.01,9.01",2026-07-07 12:15:15+00:00,15954,ADMINISTRATIVE,False,,NONE,False,,0.0,31337293.510712385,,SABS|2026-07-07 12:15:00+00:00,False,False,0.028132964880090316,-0.11253198147359633,False,False
0001731122-26-000916,SDOT,"5.02,9.01",2026-07-06 20:06:48+00:00,7305,ADMINISTRATIVE,False,,NONE,False,,246900000.0,974597118.5035858,,SDOT|2026-07-06 20:06:00+00:00,True,True,0.20146211749579668,-0.763276701220941,False,False
0001731122-26-000972,SDOT,"1.01,9.01",2026-07-24 12:00:37+00:00,8087,ADMINISTRATIVE,True,,NONE,True,convertible,246900000.0,974597118.5035858,,SDOT|2026-07-24 12:00:00+00:00,False,True,0.10716270297879982,-0.2642976217872799,True,False
0001731122-26-000944,SDOT,"1.01,1.02,9.01",2026-07-16 12:31:01+00:00,9256,DEBT_SETTLEMENT,True,,NONE,True,equity_line,246900000.0,974597118.5035858,,SDOT|2026-07-16 12:31:00+00:00,True,False,1.4790503321610422,-0.07751394415730617,True,False
0001492298-26-000023,SBRA,"7.01,9.01",2026-07-21 13:05:09+00:00,3827,ADMINISTRATIVE,False,,NONE,False,,356883000.0,4335442469.545309,,SBRA|2026-07-21 13:05:00+00:00,False,False,0.111384830929391,-0.003942919046073801,False,False
0001731122-26-000952,SDOT,"1.01,2.01,2.03,3.02,3.03,5.03,8.01,9.01",2026-07-17 12:30:41+00:00,31318,DEBT_SETTLEMENT,True,900.0,HIGH,True,"equity_line,convertible,reverse_split",246900000.0,974597118.5035858,3.6452004860267316e-06,SDOT|2026-07-17 12:30:00+00:00,True,False,0.5468409071831828,-0.15468414058364033,True,False
0001731122-26-000925,SDOT,"1.01,3.02,9.01",2026-07-08 20:30:55+00:00,9592,ADMINISTRATIVE,True,,NONE,False,,246900000.0,974597118.5035858,,SDOT|2026-07-08 20:30:00+00:00,True,True,0.3476784096413199,-0.3578708804887305,True,False
0001193125-26-312591,SCLX,"1.01,2.01,9.01",2026-07-22 21:30:55+00:00,5732,ADMINISTRATIVE,True,11999762.28,HIGH,False,,30253000.0,73389967.8279295,0.39664701946914355,SCLX|2026-07-22 21:30:00+00:00,False,False,0.058404536827078024,-0.05128207044053168,False,False
0001493152-26-034563,SDST,5.02,2026-07-24 20:05:30+00:00,3810,ADMINISTRATIVE,False,,NONE,False,,,352990205.28363943,,SDST|2026-07-24 20:05:00+00:00,False,True,0.0,-0.44171777368825715,False,False
0001452477-26-000028,SEVN,"2.02,9.01",2026-07-28 20:30:54+00:00,3695,ADMINISTRATIVE,False,,NONE,False,,29383000.0,159748446.04936218,,SEVN|2026-07-28 20:30:00+00:00,False,False,0.003916513431921231,-0.06489521509264828,False,False
0001437749-26-023764,SDEV,"5.02,9.01",2026-07-17 20:15:27+00:00,11172,ADMINISTRATIVE,False,,NONE,False,,9781000.0,31446884.355371952,,SDEV|2026-07-17 20:15:00+00:00,False,False,0.03688520986013244,-0.11475408394405295,False,False
0000705432-26-000103,SBSI,"2.02,9.01",2026-07-23 21:51:02+00:00,71330,DILUTION_OFFERING,False,,NONE,False,,,836828595.3802795,,SBSI|2026-07-23 21:51:00+00:00,False,False,0.008985547051913567,-0.0823188450025476,True,False
0001628280-26-049426,SER,"5.02,9.01",2026-07-23 20:51:27+00:00,6325,ADMINISTRATIVE,False,,NONE,False,,130000.0,42232421.3869133,,SER|2026-07-23 20:51:00+00:00,False,False,0.009342649790661683,-0.07042257620103631,False,False
0000350894-26-000044,SEIC,"2.02,7.01,9.01",2026-07-22 20:03:39+00:00,41260,EARNINGS,False,,NONE,False,,2297381000.0,10042479997.179031,,SEIC|2026-07-22 20:03:00+00:00,False,False,0.02136185638524024,-0.06731194104440319,False,False
0001708599-26-000043,SER,5.02,2026-07-22 21:03:59+00:00,4831,ADMINISTRATIVE,False,,NONE,False,,130000.0,42232421.3869133,,SER|2026-07-22 21:03:00+00:00,False,False,0.00896860123562826,-0.11210762235951421,False,False
0001193125-26-295493,SCLX,"1.01,3.02,7.01,9.01",2026-07-06 10:15:40+00:00,20958,CLINICAL_RESULT,False,,NONE,False,,30253000.0,73389967.8279295,,SCLX|2026-07-06 10:15:00+00:00,True,False,0.3578776573660447,-0.13281250048506388,True,True
0001193125-26-311288,SF,"2.02,9.01",2026-07-22 11:00:18+00:00,144921,ADMINISTRATIVE,False,,NONE,False,,3771017000.0,1775795170.3332329,,SF|2026-07-22 11:00:00+00:00,False,False,0.08039267864934452,-0.017535355914211403,False,False
0001662991-26-000118,SEZL,"2.02,9.01",2026-07-14 20:27:06+00:00,6187,ADMINISTRATIVE,False,,NONE,False,,235878000.0,2230238234.581375,,SEZL|2026-07-14 20:27:00+00:00,False,False,0.04101067400993186,-0.1191489037047041,False,False
0001206264-26-000092,SGI,"1.01,2.03,7.01,9.01",2026-07-27 20:05:53+00:00,8433,DEBT_SETTLEMENT,True,,NONE,False,,7476500000.0,16681906892.580414,,SGI|2026-07-27 20:05:00+00:00,False,False,0.004363339789988707,-0.09640032789545627,False,False
0001171843-26-004772,SFBS,"2.02,7.01,9.01",2026-07-20 20:04:15+00:00,8098,ADMINISTRATIVE,False,,NONE,False,,,3874219952.6388016,,SFBS|2026-07-20 20:04:00+00:00,False,False,0.024716557603228217,-0.04444442522198333,False,False
0001213900-26-080634,SGLY,"3.03,5.03,9.01",2026-07-23 12:00:19+00:00,5957,ADMINISTRATIVE,False,,NONE,True,reverse_split,1813193.0,54140977.44105148,,SGLY|2026-07-23 12:00:00+00:00,True,False,0.5503869654288083,-0.04124996336797759,True,False
0001171843-26-004725,SGU,"8.01,9.01",2026-07-16 15:39:40+00:00,3973,ADMINISTRATIVE,False,,NONE,False,,1784418000.0,385465692.25388336,,SGU|2026-07-16 15:39:00+00:00,False,False,0.015690844543782,-0.058553342075652326,False,False
0001193125-26-307960,SGU,"5.02,9.01",2026-07-17 21:00:22+00:00,3963,ADMINISTRATIVE,False,,NONE,False,,1784418000.0,385465692.25388336,,SGU|2026-07-17 21:00:00+00:00,False,False,0.022342136036576532,-0.052388241562627,False,False
0001171843-26-004777,SFBS,"8.01,9.01",2026-07-20 21:00:32+00:00,4133,ADMINISTRATIVE,False,,NONE,False,,,3874219952.6388016,,SFBS|2026-07-20 21:00:00+00:00,False,False,0.024716557603228217,-0.04444442522198333,False,False
0001193125-26-306164,SFNC,"2.02,7.01,9.01",2026-07-16 20:30:53+00:00,238799,DILUTION_OFFERING,False,,NONE,False,,,2516349345.231552,,SFNC|2026-07-16 20:30:00+00:00,False,False,0.023053531619053658,-0.025880788137369937,True,False
0001638833-26-000069,SGRY,"1.01,7.01,9.01",2026-07-24 13:01:47+00:00,6342,ADMINISTRATIVE,True,795000000.0,HIGH,False,,3308700000.0,2935995440.0919914,0.24027563695711307,SGRY|2026-07-24 13:01:00+00:00,False,False,0.023743461317229153,-0.06506323128263458,False,False
0001035092-26-000041,SHBI,"3.01,9.01",2026-07-23 20:11:11+00:00,3977,ADMINISTRATIVE,False,,NONE,False,,20853000.0,521645243.4970541,,SHBI|2026-07-23 20:11:00+00:00,False,False,0.07217169213491093,-0.024707399322250523,True,False
0001035092-26-000043,SHBI,"7.01,9.01",2026-07-24 20:00:40+00:00,4007,ADMINISTRATIVE,False,,NONE,False,,20853000.0,521645243.4970541,,SHBI|2026-07-24 20:00:00+00:00,False,False,0.030625025431315178,-0.009583314259847042,False,False
0001035092-26-000040,SHBI,"2.02,9.01",2026-07-23 20:00:46+00:00,3527,ADMINISTRATIVE,False,,NONE,False,,20853000.0,521645243.4970541,,SHBI|2026-07-23 20:00:00+00:00,False,False,0.07217169213491093,-0.024707399322250523,False,False
0000832988-26-000185,SIG,5.02,2026-07-02 21:00:01+00:00,3229,ADMINISTRATIVE,False,,NONE,False,,6813600000.0,4236978594.1864014,,SIG|2026-07-02 21:00:00+00:00,False,False,0.023416508567624117,-0.04379435156602374,False,False
0001206774-26-000359,SFST,"2.02,7.01,9.01",2026-07-21 12:30:36+00:00,38327,DILUTION_OFFERING,False,65200000.0,HIGH,False,,6282000.0,348007623.5896683,10.37886023559376,SFST|2026-07-21 12:30:00+00:00,False,False,0.04183890736272522,-0.03869687622540918,True,False
0001193125-26-309334,SGMT,"7.01,9.01",2026-07-21 01:35:30+00:00,28551,FDA_APPROVAL,False,,NONE,False,,,144478568.22015285,,SGMT|2026-07-21 01:35:00+00:00,False,False,0.054899231619518485,-0.04656011537934668,False,True
0001171843-26-004832,SHEN,5.02,2026-07-22 20:05:16+00:00,3847,ADMINISTRATIVE,False,,NONE,False,,357854000.0,698839675.9701157,,SHEN|2026-07-22 20:05:00+00:00,False,False,0.13430430074981725,-0.03630078542541626,False,False
0001493152-26-034343,SINT,"7.01,9.01",2026-07-23 13:05:31+00:00,13028,ADMINISTRATIVE,False,,NONE,False,,1018000.0,9352552.639416456,,SINT|2026-07-23 13:05:00+00:00,False,False,0.045161325551965836,-0.09677418114367398,False,False
0000089800-26-000046,SHW,"2.02,9.01",2026-07-28 11:05:57+00:00,3471,ADMINISTRATIVE,False,,NONE,False,,23574300000.0,80622409956.42947,,SHW|2026-07-28 11:05:00+00:00,False,False,0.01789224466231465,-0.06259438112760018,False,False
0001493152-26-034485,SIDU,"5.02,8.01,9.01",2026-07-24 13:15:26+00:00,11681,ADMINISTRATIVE,False,,NONE,False,,1776864.0,953626456.0,,SIDU|2026-07-24 13:15:00+00:00,False,False,0.004623103958287578,-0.15577892487598344,False,False
0001493152-26-034080,SIDU,"7.01,9.01",2026-07-21 20:05:32+00:00,36536,FDA_APPROVAL,False,,NONE,False,,1776864.0,953626456.0,,SIDU|2026-07-21 20:05:00+00:00,False,False,0.04232319812621754,-0.12008531147623602,False,True
0001096906-26-001038,SKYQ,"1.01,1.02,2.03,9.01",2026-07-02 18:25:17+00:00,8716,ADMINISTRATIVE,True,,NONE,False,,,73722660.23694444,,SKYQ|2026-07-02 18:25:00+00:00,True,False,0.30599970730787684,-0.1768244452083082,False,False
0001096906-26-001101,SKYQ,5.02,2026-07-21 20:02:23+00:00,3549,ADMINISTRATIVE,False,,NONE,False,,,73722660.23694444,,SKYQ|2026-07-21 20:02:00+00:00,True,False,0.5730337752881758,-0.10112355697818531,False,False
0001437749-26-023329,SKIL,"2.01,7.01,9.01",2026-07-10 20:22:04+00:00,12524,ADMINISTRATIVE,False,5400000.0,HIGH,False,,512674000.0,68108354.05508614,0.01053300928075151,SKIL|2026-07-10 20:22:00+00:00,False,False,0.0768156707340788,-0.15363127487078776,False,False
0000230557-26-000018,SIGI,"2.02,7.01,9.01",2026-07-23 20:18:25+00:00,5167,ADMINISTRATIVE,False,,NONE,False,,5336928000.0,4902100341.6796875,,SIGI|2026-07-23 20:18:00+00:00,False,False,0.025585262039352852,-0.053138566446738755,False,False
0001493152-26-032869,SKYX,5.07,2026-07-10 21:00:14+00:00,4853,ADMINISTRATIVE,False,,NONE,False,,92009949.0,185002125.84005284,,SKYX|2026-07-10 21:00:00+00:00,False,False,0.07480317325746988,-0.08661418579303093,False,False
0001493152-26-033796,SKYA,8.01,2026-07-17 21:19:54+00:00,3730,MA_ACTIVITY,False,,NONE,False,,204120.0,3724499.0673394203,,SKYA|2026-07-17 21:19:00+00:00,True,False,0.316239331914437,-0.03418800283779255,False,True
0001437749-26-023038,SKIL,"7.01,9.01",2026-07-08 20:16:01+00:00,3995,ADMINISTRATIVE,False,,NONE,False,,512674000.0,68108354.05508614,,SKIL|2026-07-08 20:16:00+00:00,False,True,0.05229589788678424,-0.22704083866896263,False,False
0001213900-26-077296,SILO,"1.01,3.02,8.01,9.01",2026-07-10 22:29:27+00:00,17233,DILUTION_OFFERING,False,6.452,HIGH,False,,72102.0,65572866.90343857,8.948434162713932e-05,SILO|2026-07-10 22:29:00+00:00,False,True,0.0053013375636945526,-0.262406698192033,True,False
0001193125-26-321067,SLDE,"2.02,9.01",2026-07-28 20:28:08+00:00,25399,FDA_APPROVAL,False,,NONE,False,,1155901000.0,2119651566.7724457,,SLDE|2026-07-28 20:28:00+00:00,False,False,0.06976744186046502,-0.04372095507244733,False,True
0001519449-26-000044,SKWD,"8.01,9.01",2026-07-15 21:26:53+00:00,3618,ADMINISTRATIVE,False,,NONE,False,,12381000.0,1847810955.1289062,,SKWD|2026-07-15 21:26:00+00:00,False,False,0.09982803358297998,-0.023731746034453383,False,False
0001193125-26-321272,SKYT,"8.01,9.01",2026-07-28 21:20:05+00:00,18303,MA_ACTIVITY,True,,NONE,False,,442139000.0,691804686.8601465,,SKYT|2026-07-28 21:20:00+00:00,False,False,0.023218753895914324,-0.029898235308213672,False,True
0001104659-26-086251,SKYW,"2.02,8.01,9.01",2026-07-23 20:03:11+00:00,30593,EARNINGS,False,,NONE,False,,4058202000.0,4052765464.882187,,SKYW|2026-07-23 20:03:00+00:00,False,False,0.1414443706561188,-0.015732663456595075,False,False
0001193125-26-318080,SLDE,"7.01,9.01",2026-07-27 20:10:52+00:00,9505,FDA_APPROVAL,False,,NONE,False,,1155901000.0,2119651566.7724457,,SLDE|2026-07-27 20:10:00+00:00,False,False,0.08464985063674679,-0.030417376094521775,False,True
0001493152-26-034600,SLNH,"5.02,9.01",2026-07-24 21:00:38+00:00,4557,ADMINISTRATIVE,False,,NONE,False,,29717000.0,91643711.17002296,,SLNH|2026-07-24 21:00:00+00:00,False,False,-0.007633580839735754,-0.14503812695444096,False,False
0001628280-26-049346,SLG,"2.02,7.01,9.01",2026-07-23 17:45:25+00:00,14107,EARNINGS,False,,NONE,False,,1003046000.0,3568152483.0483055,,SLG|2026-07-23 17:45:00+00:00,False,False,0.051398361957980754,-0.02182537451361166,False,False
0001023459-26-000037,SLP,"2.02,7.01,9.01",2026-07-09 20:05:09+00:00,5556,ADMINISTRATIVE,False,,NONE,False,,79179000.0,299692674.81009483,,SLP|2026-07-09 20:05:00+00:00,False,False,-0.0016032530300456038,-0.011386144207561677,False,False
0001193125-26-306251,SLN,5.02,2026-07-16 21:20:16+00:00,5905,ADMINISTRATIVE,False,,NONE,False,,559000.0,1024504363.7427483,,SLN|2026-07-16 21:20:00+00:00,False,False,0.12765031684306116,-0.060129560312046415,False,False
0001032033-26-000041,SLM,"2.02,9.01",2026-07-23 20:32:16+00:00,25068,MA_ACTIVITY,False,,NONE,False,,,5553107127.603098,,SLM|2026-07-23 20:32:00+00:00,False,False,0.11206520396754716,-0.006440597680651083,False,True
0001193125-26-315068,SLB,"2.02,7.01,9.01",2026-07-24 11:02:06+00:00,136295,ADMINISTRATIVE,False,648.0,HIGH,False,,35708000000.0,56619708046.04656,1.8147193906127477e-08,SLB|2026-07-24 11:02:00+00:00,False,False,0.0505072897550225,-0.027488957330502828,False,False
0001437749-26-023321,SLNG,"4.01,9.01",2026-07-10 16:05:27+00:00,6096,ADMINISTRATIVE,False,,NONE,False,,68245000.0,92051686.40303707,,SLNG|2026-07-10 16:05:00+00:00,True,False,0.2853282746851731,-0.14141412560227784,False,False
0001493152-26-033447,SLNH,"7.01,9.01",2026-07-16 11:30:37+00:00,10847,ADMINISTRATIVE,False,,NONE,False,,29717000.0,91643711.17002296,,SLNH|2026-07-16 11:30:00+00:00,True,False,0.27927922413010786,-0.07207210980571566,False,False
0001493152-26-033111,SLNH,"7.01,9.01",2026-07-14 11:30:25+00:00,11999,ADMINISTRATIVE,False,,NONE,False,,29717000.0,91643711.17002296,,SLNH|2026-07-14 11:30:00+00:00,False,False,0.008620681681899223,-0.1120689646313221,False,False
0001178913-26-003551,SLXN,"5.03,5.07,9.01",2026-07-21 20:05:53+00:00,7257,ADMINISTRATIVE,False,,NONE,False,,,21876095.520900726,,SLXN|2026-07-21 20:05:00+00:00,False,True,0.020428019805626807,-0.4143968738035585,False,False
0001375365-26-000019,SMCI,"2.02,9.01",2026-07-21 20:10:55+00:00,3944,ADMINISTRATIVE,False,,NONE,False,,21972042000.0,31312259782.409805,,SMCI|2026-07-21 20:10:00+00:00,False,False,0.1134460879571575,-0.02203993042430019,False,False
0001104659-26-087110,SLS,"2.02,8.01,9.01",2026-07-27 20:35:10+00:00,4868,ADMINISTRATIVE,False,1000000.0,HIGH,False,,,167422979.2246822,,SLS|2026-07-27 20:35:00+00:00,False,False,0.025886816509043786,-0.11888788959834862,False,False
0001599298-26-000067,SMMT,"2.02,7.01,9.01",2026-07-23 20:07:41+00:00,4806,ADMINISTRATIVE,False,,NONE,False,,0.0,13534665853.76767,,SMMT|2026-07-23 20:07:00+00:00,False,False,0.07371554345658726,-0.08786301402547414,False,False
0001654954-26-006796,SMID,5.07,2026-07-22 22:04:59+00:00,4262,ADMINISTRATIVE,False,,NONE,False,,93446000.0,190435363.4941864,,SMID|2026-07-22 22:04:00+00:00,False,False,0.020819679635470045,-0.0652458941350218,False,False
0001104659-26-087102,SMBC,"7.01,9.01",2026-07-27 20:17:06+00:00,27670,ADMINISTRATIVE,False,,NONE,False,,,654181230.4746284,,SMBC|2026-07-27 20:17:00+00:00,False,False,0.01625699690751703,-0.019840038596218856,False,False
0000893538-26-000104,SM,2.02,2026-07-16 20:15:15+00:00,6757,ADMINISTRATIVE,False,220000000.0,HIGH,False,,3154000000.0,2365752734.989708,0.06975269499048826,SM|2026-07-16 20:15:00+00:00,False,False,0.09815030054522977,-0.0231213656861482,False,False
0001193125-26-314214,SMMT,"1.01,9.01",2026-07-23 20:34:53+00:00,6812,COMMERCIAL_CONTRACT,True,,NONE,False,,0.0,13534665853.76767,,SMMT|2026-07-23 20:34:00+00:00,False,False,0.07371554345658726,-0.08786301402547414,False,False
0001104659-26-082783,SN,8.01,2026-07-13 10:02:33+00:00,3625,ADMINISTRATIVE,False,,NONE,False,,6399188000.0,11706380150.727661,,SN|2026-07-13 10:02:00+00:00,False,False,0.025999124333731638,-0.02998892492753602,False,False
0001599298-26-000058,SMMT,"8.01,9.01",2026-07-22 11:10:49+00:00,4610,CLINICAL_RESULT,False,,NONE,False,,0.0,13534665853.76767,,SMMT|2026-07-22 11:10:00+00:00,False,False,0.01618122997322491,-0.18511324867215506,False,True
0001104659-26-085879,SMBC,"2.02,8.01,9.01",2026-07-22 21:07:03+00:00,57800,EARNINGS,False,,NONE,False,,,654181230.4746284,,SMBC|2026-07-22 21:07:00+00:00,False,False,0.03791347374651366,-0.014773137468646835,False,False
0001702744-26-000021,SMPL,"2.02,9.01",2026-07-09 11:02:25+00:00,7724,ADMINISTRATIVE,False,,NONE,False,,1450920000.0,2472315401.981415,,SMPL|2026-07-09 11:02:00+00:00,False,True,0.0038589864009086483,-0.21091151913595452,False,False
0001628280-26-046896,SNX,"1.01,9.01",2026-07-02 20:10:58+00:00,9159,ADMINISTRATIVE,True,,NONE,False,,62508086000.0,12461620920.040054,,SNX|2026-07-02 20:10:00+00:00,False,False,0.028929249627861253,-0.05913627009802136,False,False
0001529628-26-000089,SND,"7.01,8.01,9.01",2026-07-20 20:09:23+00:00,3697,ADMINISTRATIVE,False,,NONE,False,,330153000.0,93652333.60413122,,SND|2026-07-20 20:09:00+00:00,False,False,0.04442141920920695,-0.1601239815980271,False,False
0000088941-26-000022,SMTC,"1.01,2.03,9.01",2026-07-06 21:02:13+00:00,10744,DEBT_SETTLEMENT,True,,NONE,True,convertible,1049975000.0,5429448402.67868,,SMTC|2026-07-06 21:02:00+00:00,False,False,0.06488549618320616,-0.06106870229007633,True,False
0001628280-26-048449,SNX,"5.02,9.01",2026-07-16 20:03:35+00:00,5831,ADMINISTRATIVE,False,1500000.0,HIGH,False,,62508086000.0,12461620920.040054,2.399689537766362e-05,SNX|2026-07-16 20:03:00+00:00,False,False,0.05840142626961309,-0.023239893919147603,False,False
0000091440-26-000141,SNA,"2.02,9.01",2026-07-23 10:31:34+00:00,3672,ADMINISTRATIVE,False,,NONE,False,,4709300000.0,17921804459.628937,,SNA|2026-07-23 10:31:00+00:00,False,False,0.028039008357208628,-0.04154551340237722,False,False
0001493152-26-032680,SONM,"3.02,3.03,5.03,8.01",2026-07-09 20:05:15+00:00,9378,ADMINISTRATIVE,False,2500000.0,HIGH,False,,50919000.0,197256621.56994343,0.04909758636265441,SONM|2026-07-09 20:05:00+00:00,False,True,0.06341469144622747,-0.3121951222348823,True,False
0001104659-26-085102,SMBK,"2.02,7.01,9.01",2026-07-20 21:00:11+00:00,137536,DILUTION_OFFERING,False,,NONE,False,,,600306482.5712814,,SMBK|2026-07-20 21:00:00+00:00,False,False,0.11772021357877271,-0.020414520421794036,True,False
0001831481-26-000097,SOC,"4.01,9.01",2026-07-13 21:22:44+00:00,6334,ADMINISTRATIVE,False,,NONE,True,going_concern,0.0,531368730.1836014,,SOC|2026-07-13 21:22:00+00:00,False,False,0.05491996664540366,-0.12585811595414242,True,False
0001831481-26-000092,SOC,"1.01,2.03,7.01,9.01",2026-07-02 20:51:49+00:00,27113,MA_ACTIVITY,True,4.0,HIGH,True,shelf,0.0,531368730.1836014,,SOC|2026-07-02 20:51:00+00:00,False,False,0.06775699711145888,-0.14602808593006245,True,False
0001193125-26-302608,SNDX,"8.01,9.01",2026-07-14 12:30:27+00:00,54715,FDA_APPROVAL,False,,NONE,False,,172352000.0,1153439561.7544613,,SNDX|2026-07-14 12:30:00+00:00,False,False,0.05716759142923933,-0.04287569357192955,False,True
0001171520-26-000166,SOTK,"2.02,7.01,9.01",2026-07-08 11:10:15+00:00,25335,COMMERCIAL_CONTRACT,False,,NONE,False,,20909315.0,64870167.857530594,,SOTK|2026-07-08 11:10:00+00:00,False,False,0.07005418784158413,-0.12115733288863029,False,False
0001964738-26-000038,SOLV,5.02,2026-07-20 20:15:25+00:00,5585,ADMINISTRATIVE,False,500000.0,HIGH,False,,8325000000.0,12099000332.784973,6.006006006006006e-05,SOLV|2026-07-20 20:15:00+00:00,False,False,0.11907978634981364,-0.01488645403856148,False,False
0001628280-26-048043,SNWV,"2.02,9.01",2026-07-13 20:38:21+00:00,9010,FDA_APPROVAL,False,,NONE,False,,44051000.0,247958069.27580833,,SNWV|2026-07-13 20:38:00+00:00,False,True,-0.015046119689941406,-0.5561538476210375,False,True
0001193125-26-297554,SPRY,5.02,2026-07-07 20:38:54+00:00,3824,ADMINISTRATIVE,False,,NONE,False,,84278000.0,874613120.1492558,,SPRY|2026-07-07 20:38:00+00:00,False,False,0.07832903308378447,-0.0678851163557389,False,False
0001193125-26-307773,SPRY,5.02,2026-07-17 20:02:07+00:00,4352,ADMINISTRATIVE,False,,NONE,False,,84278000.0,874613120.1492558,,SPRY|2026-07-17 20:02:00+00:00,False,False,0.020099980490548175,-0.17714282444545204,False,False
0000091767-26-000034,SON,"2.02,9.01",2026-07-22 20:44:59+00:00,67433,DEBT_SETTLEMENT,False,425000000.0,HIGH,False,,7518753000.0,3961023836.470093,0.0565253307297101,SON|2026-07-22 20:44:00+00:00,False,False,0.0520201160959195,-0.041789490617842096,False,False
0001628280-26-048435,SPRU,5.02,2026-07-16 19:37:27+00:00,6862,ADMINISTRATIVE,False,100000.0,HIGH,False,,111812000.0,49757886.03967285,0.000894358387292956,SPRU|2026-07-16 19:37:00+00:00,False,False,0.05172419285802743,-0.16379305472271766,False,False
0001289945-26-000039,SPOK,5.07,2026-07-22 20:30:30+00:00,4497,ADMINISTRATIVE,False,,NONE,False,,139708000.0,333161156.6038513,,SPOK|2026-07-22 20:30:00+00:00,False,False,0.035121734558513085,-0.02996260668114914,False,False
0001213900-26-081088,SOUN,8.01,2026-07-24 10:03:55+00:00,16192,MA_ACTIVITY,False,,NONE,False,,168920000.0,69844000.0,,SOUN|2026-07-24 10:03:00+00:00,False,False,0.06317435045334974,-0.04898817959708579,False,True
0001213900-26-075086,SOUN,"1.01,9.01",2026-07-02 21:14:19+00:00,31338,MA_ACTIVITY,True,,NONE,True,convertible,168920000.0,69844000.0,,SOUN|2026-07-02 21:14:00+00:00,False,False,0.06536437701961662,-0.026296045862920114,True,False
0001140361-26-028765,SPFI,"2.02,7.01,8.01,9.01",2026-07-17 11:30:40+00:00,92431,EARNINGS,False,37500000.0,HIGH,False,,,586794364.2299042,,SPFI|2026-07-17 11:30:00+00:00,False,False,0.04334289565442484,-0.04356529953427457,False,False
0001193125-26-302473,SPRO,"1.01,2.03,7.01,8.01,9.01",2026-07-14 10:30:09+00:00,43666,CLINICAL_RESULT,True,,NONE,True,convertible,12586000.0,133935041.94018841,,SPRO|2026-07-14 10:30:00+00:00,False,True,0.039999961853027344,-0.3866666687859429,True,False
0001213900-26-077663,SOUN,9.01,2026-07-13 21:20:16+00:00,91664,MA_ACTIVITY,False,,NONE,True,convertible,168920000.0,69844000.0,,SOUN|2026-07-13 21:20:00+00:00,False,False,0.06366457201385001,-0.03105594477100304,True,False
0001005210-26-000004,SPH,"7.01,8.01,9.01",2026-07-22 20:27:41+00:00,6155,EARNINGS,False,,NONE,False,,1432518000.0,1193578630.0886917,,SPH|2026-07-22 20:27:00+00:00,False,False,0.009081200989824234,-0.03044870276344469,False,False
0001005210-26-000006,SPH,"7.01,8.01,9.01",2026-07-23 11:32:47+00:00,6319,ADMINISTRATIVE,False,,NONE,False,,1432518000.0,1193578630.0886917,,SPH|2026-07-23 11:32:00+00:00,False,False,0.009081200989824234,-0.03044870276344469,False,False
0001193125-26-316928,SPRB,5.02,2026-07-27 12:05:15+00:00,4566,ADMINISTRATIVE,False,,NONE,False,,0.0,65093285.963653564,,SPRB|2026-07-27 12:05:00+00:00,False,False,0.05722332261567997,-0.0542917134110229,False,False
0001493152-26-033473,SRXH,"3.01,9.01",2026-07-16 14:42:40+00:00,9064,ADMINISTRATIVE,False,,NONE,False,,6534000.0,419032267.54945374,,SRXH|2026-07-16 14:42:00+00:00,False,False,0.18045662273450636,-0.10045663144386074,True,False
0000088205-26-000045,SPXC,"5.02,9.01",2026-07-27 10:47:07+00:00,5028,ADMINISTRATIVE,False,,NONE,False,,2265100000.0,8902752426.61087,,SPXC|2026-07-27 10:47:00+00:00,False,False,-0.001119273211019567,-0.16819968137102714,False,False
0001493152-26-034950,SRXH,3.02,2026-07-28 13:57:16+00:00,5949,DILUTION_OFFERING,False,4528000.0,HIGH,True,"convertible,reverse_split",6534000.0,419032267.54945374,0.6929905111723293,SRXH|2026-07-28 13:57:00+00:00,False,False,0.11564622705849703,-0.027210938968575293,True,False
0001493152-26-034081,SRXH,"1.01,9.01",2026-07-21 20:07:22+00:00,4926,ADMINISTRATIVE,True,,NONE,True,convertible,6534000.0,419032267.54945374,,SRXH|2026-07-21 20:07:00+00:00,False,False,0.06185560928849254,-0.1597938416728627,True,False
0001437749-26-024660,SRBK,"2.02,9.01",2026-07-28 20:00:38+00:00,3734,ADMINISTRATIVE,False,,NONE,False,,,148021788.0,,SRBK|2026-07-28 20:00:00+00:00,False,False,0.0015360357522868906,-0.019969343742202272,False,False
0000034782-26-000044,SRCE,"2.02,9.01",2026-07-23 20:08:24+00:00,3383,ADMINISTRATIVE,False,,NONE,False,,,1412147839.0791779,,SRCE|2026-07-23 20:08:00+00:00,False,False,0.0644954985060806,-0.010720090564167117,False,False
0000943374-26-000261,SRBK,8.01,2026-07-10 20:29:33+00:00,6118,ADMINISTRATIVE,False,,NONE,False,,,148021788.0,,SRBK|2026-07-10 20:29:00+00:00,False,False,0.06540093556662141,-0.016772093959056433,False,False
0001213900-26-078945,SSII,"8.01,9.01",2026-07-17 13:29:40+00:00,10680,ADMINISTRATIVE,False,,NONE,False,,42484747.0,1521604928.4468412,,SSII|2026-07-17 13:29:00+00:00,False,False,0.12975479396737333,-0.08446871246693977,False,False
0001493152-26-032864,SRXH,"7.01,9.01",2026-07-10 20:50:56+00:00,19489,EARNINGS,False,3.07,HIGH,True,reverse_split,6534000.0,419032267.54945374,4.6985001530456074e-07,SRXH|2026-07-10 20:50:00+00:00,True,False,0.31460679641028344,-0.08110808952990656,True,False
0001213900-26-077784,SSII,"5.02,9.01",2026-07-14 12:35:22+00:00,13356,FDA_APPROVAL,False,,NONE,False,,42484747.0,1521604928.4468412,,SSII|2026-07-14 12:35:00+00:00,False,False,0.12059462881610683,-0.09189193194760592,False,True
0001193125-26-316995,SRPT,"5.02,7.01,9.01",2026-07-27 13:08:03+00:00,22208,ADMINISTRATIVE,False,,NONE,False,,1864296000.0,2271837433.5,,SRPT|2026-07-27 13:08:00+00:00,False,False,0.00330630023558931,-0.0958821908676355,False,False
0001493152-26-033350,SRXH,"7.01,9.01",2026-07-15 19:45:14+00:00,39728,ADMINISTRATIVE,False,3.07,HIGH,False,,6534000.0,419032267.54945374,4.6985001530456074e-07,SRXH|2026-07-15 19:45:00+00:00,False,False,0.14897780948215056,-0.1066666709052192,False,False
0001213900-26-075763,SSII,"8.01,9.01",2026-07-07 12:30:38+00:00,12283,ADMINISTRATIVE,False,,NONE,False,,42484747.0,1521604928.4468412,,SSII|2026-07-07 12:30:00+00:00,False,False,0.12363146768536648,-0.08943093685836168,False,False
0001104659-26-082912,SSB,"5.02,9.01",2026-07-13 12:58:31+00:00,4846,ADMINISTRATIVE,False,,NONE,False,,,9080470526.906128,,SSB|2026-07-13 12:58:00+00:00,False,False,0.04381749993531492,-0.0061024471382404855,False,False
0001193125-26-314097,SSNC,"2.02,9.01",2026-07-23 20:10:26+00:00,63408,DEBT_SETTLEMENT,False,,NONE,True,convertible,6272200000.0,20148202882.5,,SSNC|2026-07-23 20:10:00+00:00,False,False,0.10436219359198295,-0.016979615067358567,True,False
0001479094-26-000025,STAG,"2.02,9.01",2026-07-28 20:07:48+00:00,4560,EARNINGS,False,,NONE,False,,845184000.0,7212093372.74358,,STAG|2026-07-28 20:07:00+00:00,False,False,0.001613469702250958,-0.05895494623298525,False,False
0001104659-26-085810,STAG,"1.01,2.03,9.01",2026-07-22 20:15:20+00:00,8803,DEBT_SETTLEMENT,True,,NONE,False,,845184000.0,7212093372.74358,,STAG|2026-07-22 20:15:00+00:00,False,False,0.0018159991361974548,-0.061743324071839356,False,False
0001628280-26-049817,SSD,"2.02,7.01,9.01",2026-07-27 20:20:03+00:00,28194,DEBT_SETTLEMENT,False,3.7,HIGH,False,,2332808000.0,7216023274.818817,1.5860713783560414e-09,SSD|2026-07-27 20:20:00+00:00,False,False,0.037110466358880156,-0.07142153502524473,False,False
0001104659-26-080628,SSB,"7.01,9.01",2026-07-06 13:39:50+00:00,7344,ADMINISTRATIVE,False,,NONE,False,,,9080470526.906128,,SSB|2026-07-06 13:39:00+00:00,False,False,0.0058368580344136944,-0.038614249276725965,False,False
0001193125-26-298586,SR,"7.01,9.01",2026-07-08 20:32:04+00:00,10059,EARNINGS,False,,NONE,False,,2476400000.0,5128098788.282776,,SR|2026-07-08 20:32:00+00:00,False,False,0.05457270526299918,-0.01056449602119236,False,False
0001805833-26-000044,SST,"3.03,5.02,5.03,5.07,8.01,9.01",2026-07-24 13:07:17+00:00,11448,DEBT_SETTLEMENT,False,,NONE,True,convertible,266129000.0,4344152685.0,,SST|2026-07-24 13:07:00+00:00,False,False,0.14594586931762343,-0.07762161361047881,True,False
0001104659-26-086278,SSB,"2.02,7.01,8.01,9.01",2026-07-23 20:25:00+00:00,118253,EARNINGS,False,,NONE,False,,,9080470526.906128,,SSB|2026-07-23 20:25:00+00:00,False,False,0.030215841974857716,-0.0044124612419439435,False,False
0001140361-26-028035,SSTK,1.02,2026-07-09 10:03:55+00:00,3829,MA_ACTIVITY,True,,NONE,False,,989925000.0,897850186.0447712,,SSTK|2026-07-09 10:03:00+00:00,False,False,0.01697040687679574,-0.18337126487957367,False,True
0001104659-26-084341,STC,"7.01,9.01",2026-07-16 23:30:41+00:00,21316,DEBT_SETTLEMENT,False,,NONE,False,,2921636000.0,2075810478.1310577,,STC|2026-07-16 23:30:00+00:00,False,False,0.017105883979944503,-0.1321561360004606,False,False
0001104659-26-085825,STC,"2.02,9.01",2026-07-22 20:30:31+00:00,49470,ADMINISTRATIVE,False,,NONE,False,,2921636000.0,2075810478.1310577,,STC|2026-07-22 20:30:00+00:00,False,False,0.0952602502857478,-0.025557586331754867,False,False
0000719220-26-000090,STBA,"7.01,9.01",2026-07-27 20:00:35+00:00,3690,ADMINISTRATIVE,False,,NONE,False,,,1378538873.0556793,,STBA|2026-07-27 20:00:00+00:00,False,False,0.02118726137207938,-0.0007635219697148532,False,False
0000874238-26-000095,STRL,5.02,2026-07-10 20:02:29+00:00,2900,ADMINISTRATIVE,False,,NONE,False,,2490049000.0,11530028506.796417,,STRL|2026-07-10 20:02:00+00:00,False,False,0.06080807376733599,-0.054275845810298096,False,False
0001140361-26-029293,SSTK,"5.02,8.01,9.01",2026-07-22 20:45:45+00:00,8871,ADMINISTRATIVE,False,,NONE,False,,989925000.0,897850186.0447712,,SSTK|2026-07-22 20:45:00+00:00,False,True,0.020100535907413564,-0.2456896593067034,False,False
0000719220-26-000087,STBA,"2.02,7.01,8.01,9.01",2026-07-23 11:20:09+00:00,51491,DILUTION_OFFERING,False,133400000.0,HIGH,False,,,1378538873.0556793,,STBA|2026-07-23 11:20:00+00:00,False,False,0.0490196078431373,-0.03519604252833941,True,False
0001193125-26-308921,STIM,"5.02,7.01,9.01",2026-07-20 20:10:04+00:00,21607,DEBT_SETTLEMENT,False,,NONE,False,,149157000.0,191761984.30615425,,STIM|2026-07-20 20:10:00+00:00,False,False,0.022727311040634524,-0.14646462578759412,False,False
0001140361-26-028338,SSTK,"5.02,7.01,8.01,9.01",2026-07-13 21:09:48+00:00,10150,MA_ACTIVITY,False,,NONE,False,,989925000.0,897850186.0447712,,SSTK|2026-07-13 21:09:00+00:00,False,False,0.04879591363239988,-0.09125472780424215,False,True
0000912593-26-000231,SUI,"2.02,9.01",2026-07-27 20:32:29+00:00,3326,ADMINISTRATIVE,False,,NONE,False,,2306100000.0,15725784368.222084,,SUI|2026-07-27 20:32:00+00:00,False,False,0.029570172959512364,-0.019284804783743947,False,False
0000874238-26-000093,STRL,"1.01,2.03,7.01,9.01",2026-07-08 13:07:06+00:00,13551,DEBT_SETTLEMENT,True,,NONE,False,,2490049000.0,11530028506.796417,,STRL|2026-07-08 13:07:00+00:00,False,False,0.05416873566012237,-0.048513237183417046,False,False
0001137789-26-000153,STX,"2.02,7.01,9.01",2026-07-28 20:07:21+00:00,5882,ADMINISTRATIVE,False,,NONE,False,,9097000000.0,48983809194.654175,,STX|2026-07-28 20:07:00+00:00,False,False,0.14073416794402682,-0.0537341926671282,False,False
0001104659-26-085277,STLD,"2.02,9.01",2026-07-21 13:42:18+00:00,46543,EARNINGS,False,,NONE,False,,18176581000.0,22319159065.407593,,STLD|2026-07-21 13:42:00+00:00,False,False,0.11802816767203028,-0.007164255902028405,False,False
0001140361-26-028370,SUIG,"5.02,8.01,9.01",2026-07-14 13:06:59+00:00,3509,ADMINISTRATIVE,False,,NONE,False,,3898631.0,184748958.0,,SUIG|2026-07-14 13:06:00+00:00,False,True,0.08620691958562432,-0.25853448616940977,False,False
0001493152-26-032598,STXS,"3.02,7.01,8.01,9.01",2026-07-09 12:13:39+00:00,18667,COMMERCIAL_CONTRACT,False,,NONE,False,,32377000.0,264709012.3963337,,STXS|2026-07-09 12:13:00+00:00,False,False,0.016666717440995127,-0.1888888462090187,True,False
0001140361-26-028055,SUIG,"1.01,5.02,8.01,9.01",2026-07-09 13:01:18+00:00,13841,ADMINISTRATIVE,True,,NONE,False,,3898631.0,184748958.0,,SUIG|2026-07-09 13:01:00+00:00,False,True,0.0762712181179539,-0.27110168684182956,False,False
0001104659-26-080829,SVC,"5.03,9.01",2026-07-06 21:22:01+00:00,5308,ADMINISTRATIVE,False,,NONE,True,reverse_split,1413403000.0,1802096995.8261776,,SVC|2026-07-06 21:22:00+00:00,False,False,0.011210805001615531,-0.06950671303319966,True,False
0001104659-26-082685,STWD,"1.01,2.03,9.01",2026-07-10 16:37:34+00:00,12310,DEBT_SETTLEMENT,True,,NONE,False,,1844289000.0,6652553733.315067,,STWD|2026-07-10 16:37:00+00:00,False,False,0.03475374797751307,-0.01239044561866054,False,False
0001213900-26-075613,SVCO,"8.01,9.01",2026-07-06 21:29:24+00:00,4933,ADMINISTRATIVE,False,,NONE,True,shelf,63064000.0,178950606.17355108,,SVCO|2026-07-06 21:29:00+00:00,False,True,0.0764272513761759,-0.2809392023822539,True,False
0001493152-26-033405,STXS,"8.01,9.01",2026-07-15 21:37:16+00:00,26294,COMMERCIAL_CONTRACT,False,,NONE,False,,32377000.0,264709012.3963337,,STXS|2026-07-15 21:37:00+00:00,False,False,0.14634147050620405,-0.10975606653535719,False,False
0001356576-26-000031,SUPN,"2.02,9.01",2026-07-22 21:07:10+00:00,9051,ADMINISTRATIVE,False,,NONE,False,,718952000.0,2956173267.8085938,,SUPN|2026-07-22 21:07:00+00:00,False,False,0.04395606382750494,-0.016780887026848323,False,False
0000004127-26-000045,SWKS,"8.01,9.01",2026-07-28 20:03:36+00:00,25600,DILUTION_OFFERING,False,,NONE,False,,4086900000.0,11687186387.244507,,SWKS|2026-07-28 20:03:00+00:00,False,False,0.060927155831263624,-0.048013269083054144,True,False
0000004127-26-000045,SWKS,"8.01,9.01",2026-07-28 20:03:36+00:00,25600,DILUTION_OFFERING,False,,NONE,False,,4086900000.0,11687186387.244507,,SWKS|2026-07-28 20:03:00+00:00,False,False,0.060927155831263624,-0.048013269083054144,True,False
0001193125-26-304020,SWBI,"7.01,9.01",2026-07-15 10:50:09+00:00,19786,FDA_APPROVAL,False,,NONE,False,,523845000.0,384886672.61203766,,SWBI|2026-07-15 10:50:00+00:00,False,False,0.026394888076298972,-0.03775479641140611,False,True
0001193125-26-302134,TALO,"1.01,2.03,8.01,9.01",2026-07-13 21:15:07+00:00,14494,MA_ACTIVITY,True,,NONE,False,,1780070000.0,1659251171.0,,TALO|2026-07-13 21:15:00+00:00,False,False,0.041029217516861616,-0.050764985403411234,False,True
0001077428-26-000056,TCBI,"2.02,9.01",2026-07-22 20:07:20+00:00,4247,ADMINISTRATIVE,False,,NONE,False,,,3776172226.056549,,TCBI|2026-07-22 20:07:00+00:00,False,False,0.008108083545763645,-0.02942945341842307,False,False
0001193125-26-318158,TALO,"1.01,2.03,7.01,9.01",2026-07-27 20:30:09+00:00,16070,DEBT_SETTLEMENT,True,,NONE,False,,1780070000.0,1659251171.0,,TALO|2026-07-27 20:30:00+00:00,False,False,-0.0027797054133906762,-0.061848528289697446,False,False
0000004127-26-000047,SWKS,"2.02,8.01,9.01",2026-07-28 20:04:34+00:00,45283,DILUTION_OFFERING,False,,NONE,False,,4086900000.0,11687186387.244507,,SWKS|2026-07-28 20:04:00+00:00,False,False,0.060927155831263624,-0.048013269083054144,True,False
0000004127-26-000047,SWKS,"2.02,8.01,9.01",2026-07-28 20:04:34+00:00,45283,DILUTION_OFFERING,False,,NONE,False,,4086900000.0,11687186387.244507,,SWKS|2026-07-28 20:04:00+00:00,False,False,0.060927155831263624,-0.048013269083054144,True,False
0000732717-26-000294,T,"2.02,9.01",2026-07-22 10:33:17+00:00,8747,ADMINISTRATIVE,False,,NONE,False,,125648000000.0,188341154634.26224,,T|2026-07-22 10:33:00+00:00,False,False,0.03582090086391099,-0.034115186284919274,False,False
0001193125-26-321053,T,"2.03,7.01,9.01",2026-07-28 20:23:38+00:00,14208,DEBT_SETTLEMENT,False,23.0,HIGH,False,,125648000000.0,188341154634.26224,1.8305106328791544e-10,T|2026-07-28 20:23:00+00:00,False,False,-0.0004053599047794121,-0.06161331386554314,False,False
0001140361-26-029501,SXT,"2.02,7.01,9.01",2026-07-24 11:10:26+00:00,56552,EARNINGS,False,,NONE,False,,1612111000.0,4111146716.1029053,,SXT|2026-07-24 11:10:00+00:00,False,False,0.08923524803015126,-0.03295930063758401,False,False
0001819790-26-000046,TARS,"1.01,3.02,8.01,9.01",2026-07-08 20:13:40+00:00,6074,MA_ACTIVITY,True,,NONE,False,,451360000.0,2850296295.4100494,,TARS|2026-07-08 20:13:00+00:00,False,False,0.017574578639266036,-0.19615157139464168,True,True
0001819790-26-000048,TARS,5.02,2026-07-13 20:11:59+00:00,2926,ADMINISTRATIVE,False,,NONE,False,,451360000.0,2850296295.4100494,,TARS|2026-07-13 20:11:00+00:00,False,False,0.04108530865764126,-0.07166235834773726,False,False
0001193125-26-301488,TCBX,"8.01,9.01",2026-07-13 12:05:42+00:00,10558,ADMINISTRATIVE,False,27500000.0,HIGH,False,,,508012011.6004715,,TCBX|2026-07-13 12:05:00+00:00,False,False,0.10630315279293945,-0.008003994459433672,False,False
0001104659-26-083891,TCBK,"1.01,5.02,9.01",2026-07-15 20:16:09+00:00,31228,MA_ACTIVITY,True,,NONE,False,,53445000.0,1454735057.616211,,TCBK|2026-07-15 20:16:00+00:00,False,False,0.03332213367536996,-0.023107853983714066,False,True
0000356171-26-000104,TCBK,"2.02,7.01,9.01",2026-07-22 23:34:19+00:00,4096,ADMINISTRATIVE,False,,NONE,False,,53445000.0,1454735057.616211,,TCBK|2026-07-22 23:34:00+00:00,False,False,0.014573811808392234,-0.02796132448930344,False,False
0001104659-26-082947,TCMD,"7.01,8.01,9.01",2026-07-13 13:23:16+00:00,14170,COMMERCIAL_CONTRACT,False,,NONE,False,,329522000.0,338394767.90302277,,TCMD|2026-07-13 13:23:00+00:00,False,False,0.02092476735721105,-0.09348628514586066,False,False
0001193125-26-294606,TCBX,"8.01,9.01",2026-07-02 20:20:20+00:00,9908,ADMINISTRATIVE,False,,NONE,False,,,508012011.6004715,,TCBX|2026-07-02 20:20:00+00:00,False,False,0.06901649637965757,-0.04461428116603927,False,False
0001539638-26-000028,TFIN,"2.02,9.01",2026-07-21 20:13:52+00:00,9177,ADMINISTRATIVE,False,,NONE,False,,,1114314745.4576607,,TFIN|2026-07-21 20:13:00+00:00,False,False,0.042826825596357754,-0.08315640326186402,False,False
0001381668-26-000033,TFSL,8.01,2026-07-07 16:15:58+00:00,3944,ADMINISTRATIVE,False,,NONE,False,,,3837005309.4947968,,TFSL|2026-07-07 16:15:00+00:00,False,False,0.03232097707270176,-0.03705762159307879,False,False
0001094285-26-000039,TDY,"2.02,9.01",2026-07-22 11:21:21+00:00,3413,ADMINISTRATIVE,False,,NONE,False,,6115400000.0,26816938317.718384,,TDY|2026-07-22 11:21:00+00:00,False,False,0.028309104820198883,-0.049808703585262015,False,False
0001213900-26-080028,TGL,"1.01,3.02,9.01",2026-07-21 20:23:30+00:00,9397,ADMINISTRATIVE,True,,NONE,False,,2330557.0,60541795.57413483,,TGL|2026-07-21 20:23:00+00:00,False,True,0.011312962726085285,-0.20014859272149044,True,False
0001104659-26-082851,TCBK,"7.01,9.01",2026-07-13 11:12:16+00:00,80018,MA_ACTIVITY,True,,NONE,False,,53445000.0,1454735057.616211,,TCBK|2026-07-13 11:12:00+00:00,False,False,0.06617135358809234,-0.00898411278796829,False,True
0000097216-26-000107,TEX,"8.01,9.01",2026-07-21 14:09:14+00:00,3637,ADMINISTRATIVE,False,,NONE,False,,5421000000.0,3699183959.9609375,,TEX|2026-07-21 14:09:00+00:00,False,False,0.11692573118358762,-0.003983458104296567,False,False
0001193125-26-312425,TCBX,"2.02,7.01,9.01",2026-07-22 20:20:23+00:00,115064,EARNINGS,False,10100000.0,HIGH,False,,,508012011.6004715,,TCBX|2026-07-22 20:20:00+00:00,False,False,0.06861561233311275,-0.038415080358410125,False,False
0001213900-26-078713,TGL,"5.07,9.01",2026-07-16 20:15:23+00:00,6010,ADMINISTRATIVE,False,,NONE,False,,2330557.0,60541795.57413483,,TGL|2026-07-16 20:15:00+00:00,False,True,0.04576088210726259,-0.23918481838627037,False,False
0001206774-26-000349,TKR,"1.01,2.03,9.01",2026-07-06 20:15:33+00:00,6874,DEBT_SETTLEMENT,True,,NONE,False,,4581800000.0,6013367039.583191,,TKR|2026-07-06 20:15:00+00:00,False,False,-0.005304737509323032,-0.05957285829264092,False,False
0001493152-26-033928,TGLS,"5.03,9.01",2026-07-20 21:00:23+00:00,6332,ADMINISTRATIVE,False,,NONE,False,,983610000.0,2761434709.4690094,,TGLS|2026-07-20 21:00:00+00:00,False,False,0.04465450423152051,-0.06084309450692715,False,False
0001493152-26-032342,TGLS,"3.03,5.03,8.01,9.01",2026-07-07 20:30:30+00:00,7869,ADMINISTRATIVE,False,,NONE,False,,983610000.0,2761434709.4690094,,TGLS|2026-07-07 20:30:00+00:00,False,False,0.11397142485506073,-0.014041621356162826,False,False
0001193125-26-304948,THG,"5.02,9.01",2026-07-15 21:13:55+00:00,11289,ADMINISTRATIVE,False,,NONE,False,,6594400000.0,6218501261.881195,,THG|2026-07-15 21:13:00+00:00,False,False,0.07619896425945383,-0.0224058428178745,False,False
0000714562-26-000050,THFF,"2.02,9.01",2026-07-28 13:01:57+00:00,32049,EARNINGS,False,,NONE,False,,,642186436.2756157,,THFF|2026-07-28 13:01:00+00:00,False,False,0.020393994135032845,-0.007421194917285101,False,False
0001193125-26-313204,THRM,"2.01,7.01,8.01,9.01",2026-07-23 10:10:23+00:00,69309,DILUTION_OFFERING,False,690000000.0,HIGH,False,,1498602000.0,1041641693.9786911,0.46042911993978386,THRM|2026-07-23 10:10:00+00:00,True,False,0.2558441162109375,-0.01532467928799719,True,False
0001193125-26-300929,TISI,"5.02,9.01",2026-07-10 16:15:12+00:00,5280,ADMINISTRATIVE,False,,NONE,False,,896483000.0,71351822.89544106,,TISI|2026-07-10 16:15:00+00:00,False,False,0.10712154479952396,-0.06044280853049455,False,False
0001005817-26-000087,TMP,"2.02,8.01,9.01",2026-07-24 13:02:02+00:00,4618,ADMINISTRATIVE,False,,NONE,False,,75742000.0,928238899.5958328,,TMP|2026-07-24 13:02:00+00:00,False,False,0.049804448679682256,-0.02788638686933942,False,False
0001171843-26-004944,TLRY,"2.02,9.01",2026-07-28 20:05:18+00:00,3294,ADMINISTRATIVE,False,,NONE,False,,915454000.0,10139454089.143187,,TLRY|2026-07-28 20:05:00+00:00,False,False,-0.022277206687900897,-0.09158413095364837,False,False
0001193125-26-296849,TMHC,8.01,2026-07-07 10:38:46+00:00,11900,MA_ACTIVITY,False,,NONE,False,,8121480000.0,6187584482.177238,,TMHC|2026-07-07 10:38:00+00:00,False,False,0.0012521420523687876,-0.001808531697068072,False,True
0001193125-26-312514,TMHC,5.07,2026-07-22 20:54:36+00:00,10346,MA_ACTIVITY,False,,NONE,False,,8121480000.0,6187584482.177238,,TMHC|2026-07-22 20:54:00+00:00,False,False,0.00013801760814113884,-0.0004139475478345256,False,True
0000944695-26-000012,THG,"2.02,9.01",2026-07-28 20:52:25+00:00,173412,ADMINISTRATIVE,False,,NONE,False,,6594400000.0,6218501261.881195,,THG|2026-07-28 20:52:00+00:00,False,False,0.037570593948904385,-0.01597244584775992,False,False
0001361658-26-000050,TNL,"2.02,7.01,9.01",2026-07-22 10:32:30+00:00,4778,ADMINISTRATIVE,False,,NONE,False,,4021000000.0,4585099322.118042,,TNL|2026-07-22 10:32:00+00:00,False,False,0.03383359302000777,-0.04331228219037553,False,False
0001005817-26-000105,TMP,"7.01,9.01",2026-07-28 13:55:35+00:00,3907,ADMINISTRATIVE,False,,NONE,False,,75742000.0,928238899.5958328,,TMP|2026-07-28 13:55:00+00:00,False,False,0.018626695268609605,-0.01622971285892638,False,False
0001104659-26-087099,TH,"1.01,2.03,8.01,9.01",2026-07-27 20:15:52+00:00,20034,DEBT_SETTLEMENT,True,,NONE,False,,274828000.0,767298954.6393886,,TH|2026-07-27 20:15:00+00:00,False,False,-0.003602848724429508,-0.11790283351113773,False,False
0000097745-26-000138,TMO,"2.02,9.01",2026-07-23 10:04:03+00:00,37399,EARNINGS,False,,NONE,False,,44556000000.0,218188694514.636,,TMO|2026-07-23 10:04:00+00:00,False,False,0.016511222035567874,-0.03987914828232941,False,False
0001279569-26-000637,TMQ,"2.02,9.01",2026-07-08 11:00:18+00:00,23585,DILUTION_OFFERING,False,22500000.0,HIGH,False,,,708182167.6980257,,TMQ|2026-07-08 11:00:00+00:00,False,False,0.07619047691131842,-0.03809527629987697,True,False
0001279569-26-000677,TMQ,"7.01,9.01",2026-07-16 11:37:49+00:00,17231,ADMINISTRATIVE,False,,NONE,False,,,708182167.6980257,,TMQ|2026-07-16 11:37:00+00:00,False,False,0.06148869336507312,-0.09223296288949134,False,False
0001213900-26-080615,TOP,"8.01,9.01",2026-07-23 11:00:56+00:00,9499,DILUTION_OFFERING,False,,NONE,False,,4723765.0,45935149.35328364,,TOP|2026-07-23 11:00:00+00:00,False,False,0.06359648366053672,-0.1359648888901437,True,False
0001213900-26-077316,TOP,"3.02,7.01,9.01",2026-07-13 10:08:09+00:00,14556,DILUTION_OFFERING,False,2940000.0,HIGH,False,,4723765.0,45935149.35328364,0.6223848984866944,TOP|2026-07-13 10:08:00+00:00,True,True,0.4187192881925135,-0.20689653349951387,True,False
0001654954-26-006685,TOMZ,8.01,2026-07-16 12:03:41+00:00,4755,ADMINISTRATIVE,False,,NONE,True,reverse_split,5635927.0,52396282.944027185,,TOMZ|2026-07-16 12:03:00+00:00,False,True,0.0855072712485958,-0.3285024007139197,True,False
0001213900-26-079696,TOP,"1.01,3.02,9.01",2026-07-20 21:15:13+00:00,6913,ADMINISTRATIVE,True,,NONE,True,warrant_reprice,4723765.0,45935149.35328364,,TOP|2026-07-20 21:15:00+00:00,False,False,0.07792210875148964,-0.14718611367591705,True,False
0001654954-26-006751,TOMZ,"5.03,9.01",2026-07-20 20:05:32+00:00,6999,ADMINISTRATIVE,False,,NONE,True,reverse_split,5635927.0,52396282.944027185,,TOMZ|2026-07-20 20:05:00+00:00,False,True,0.062500008466569,-0.21022727657571316,True,False
0000070318-26-000032,THC,"2.02,9.01",2026-07-23 20:07:58+00:00,48899,EARNINGS,False,,NONE,False,,21310000000.0,17593335061.401367,,THC|2026-07-23 20:07:00+00:00,False,False,0.09236075744306183,-0.04617003571573153,False,False
0001493152-26-034079,TNXP,5.02,2026-07-21 20:05:30+00:00,3188,ADMINISTRATIVE,False,,NONE,False,,13107000.0,149020232.0,,TNXP|2026-07-21 20:05:00+00:00,False,False,0.014850586136776922,-0.1713532328343862,False,False
0001079973-26-000934,TOI,"1.01,2.03,3.02,7.01,9.01",2026-07-07 21:00:11+00:00,15620,DEBT_SETTLEMENT,True,,NONE,True,convertible,502729000.0,396460190.67845726,,TOI|2026-07-07 21:00:00+00:00,False,False,0.15624992756380274,-0.043402776053106384,True,False
0001493152-26-032925,TNXP,"7.01,8.01,9.01",2026-07-13 11:05:37+00:00,23679,ADMINISTRATIVE,False,,NONE,False,,13107000.0,149020232.0,,TNXP|2026-07-13 11:05:00+00:00,False,False,0.0035405252682050303,-0.15106216133213068,False,False
0001193125-26-297535,TRNR,"1.01,3.02,9.01",2026-07-07 20:30:06+00:00,6612,DEBT_SETTLEMENT,True,,NONE,False,,11530000.0,270186858.90774536,,TRNR|2026-07-07 20:30:00+00:00,False,True,0.19568806508666836,-0.2752293885678947,True,False
0001193125-26-302685,TREX,7.01,2026-07-14 14:00:14+00:00,3029,ADMINISTRATIVE,False,,NONE,False,,1174267000.0,5467878156.789246,,TREX|2026-07-14 14:00:00+00:00,False,False,0.010869565217391353,-0.06478259874426795,False,False
0001437749-26-023059,TRAK,"1.01,2.03,8.01,9.01",2026-07-08 21:15:56+00:00,7672,ADMINISTRATIVE,True,,NONE,False,,22606066.0,239884805.26757336,,TRAK|2026-07-08 21:15:00+00:00,False,False,0.017777760823567634,-0.1366666687859429,False,False
0001193125-26-302012,TREX,"8.01,9.01",2026-07-13 20:07:16+00:00,24072,COMMERCIAL_CONTRACT,False,418.0,HIGH,False,,1174267000.0,5467878156.789246,3.559667435089294e-07,TREX|2026-07-13 20:07:00+00:00,False,False,-0.0008191872624896401,-0.11898425466771123,False,False
0001193125-26-316159,TRNR,"1.01,2.03,3.02",2026-07-24 20:30:38+00:00,10626,ADMINISTRATIVE,True,,NONE,True,"convertible,reverse_split",11530000.0,270186858.90774536,,TRNR|2026-07-24 20:30:00+00:00,False,False,0.05628047674672265,-0.06962291987017999,True,False
0001193125-26-299839,TRNR,"1.01,8.01,9.01",2026-07-09 21:15:45+00:00,24674,ADMINISTRATIVE,True,,NONE,True,convertible,11530000.0,270186858.90774536,,TRNR|2026-07-09 21:15:00+00:00,True,False,0.5765725483696496,-0.02822577931630399,True,False
0001193125-26-306591,TRGP,"5.02,9.01",2026-07-17 10:00:11+00:00,7274,ADMINISTRATIVE,False,,NONE,False,,17028300000.0,32575743606.501465,,TRGP|2026-07-17 10:00:00+00:00,False,False,0.021211318414246616,-0.027423737641553037,False,False
0001437749-26-023298,TRT,"5.03,9.01",2026-07-10 18:54:53+00:00,4263,ADMINISTRATIVE,False,,NONE,False,,36473000.0,18501933.285479546,,TRT|2026-07-10 18:54:00+00:00,True,False,0.2300379294027206,-0.08745247492978891,False,False
0001193125-26-296255,TRGP,"1.01,9.01",2026-07-06 20:30:14+00:00,5496,ADMINISTRATIVE,True,,NONE,False,,17028300000.0,32575743606.501465,,TRGP|2026-07-06 20:30:00+00:00,False,False,0.0600681984024658,-0.0059599533142138394,False,False
0001630472-26-000027,TRTX,"2.02,9.01",2026-07-28 20:32:22+00:00,4485,ADMINISTRATIVE,False,,NONE,False,,,697098453.3460217,,TRTX|2026-07-28 20:32:00+00:00,False,False,0.004174102141530467,-0.032796728049852675,False,False
0001552033-26-000043,TRU,"2.02,7.01,9.01",2026-07-28 10:15:32+00:00,4869,ADMINISTRATIVE,False,,NONE,False,,4576300000.0,16996383348.083496,,TRU|2026-07-28 10:15:00+00:00,False,False,0.06790962026263236,-0.03197921232504741,False,False
0000737758-26-000025,TTC,"5.02,7.01,9.01",2026-07-22 21:22:08+00:00,8782,ADMINISTRATIVE,False,,NONE,False,,4510400000.0,6887537355.5535965,,TTC|2026-07-22 21:22:00+00:00,False,False,0.028413303546462654,-0.03564965872728998,False,False
0001193125-26-299742,TRIN,"7.01,9.01",2026-07-09 20:30:15+00:00,9667,DEBT_SETTLEMENT,False,,NONE,False,,,1061040685.1290894,,TRIN|2026-07-09 20:30:00+00:00,False,False,0.018130294716168782,-0.014736510857352725,False,False
0001140361-26-028229,TRST,"8.01,9.01",2026-07-10 20:55:26+00:00,7953,ADMINISTRATIVE,False,,NONE,False,,,709740705.8643646,,TRST|2026-07-10 20:55:00+00:00,False,False,0.07697224765856925,-0.06833268257308167,False,False
0001193125-26-303247,TRIN,"3.01,7.01,9.01",2026-07-14 20:30:15+00:00,8436,ADMINISTRATIVE,False,,NONE,False,,,1061040685.1290894,,TRIN|2026-07-14 20:30:00+00:00,False,False,0.029448419344260346,-0.01194868539318783,True,False
0001193125-26-321132,TRMK,"2.02,9.01",2026-07-28 20:40:22+00:00,146884,EARNINGS,False,73800000.0,HIGH,False,,,2290911491.40604,,TRMK|2026-07-28 20:40:00+00:00,False,False,0.010172714385211945,-0.012821861282784397,False,False
0001140361-26-029118,TRST,"2.02,9.01",2026-07-21 20:00:34+00:00,96683,EARNINGS,False,,NONE,False,,,709740705.8643646,,TRST|2026-07-21 20:00:00+00:00,False,False,0.06280404920237492,-0.04703551146880547,False,False
0000916365-26-000052,TSCO,"2.02,9.01",2026-07-23 11:03:12+00:00,29198,MA_ACTIVITY,False,125600000.0,HIGH,False,,15524046000.0,29825679284.40634,0.008090674299728305,TSCO|2026-07-23 11:03:00+00:00,False,False,0.07213773203366847,-0.04169425074490418,False,True
0001438533-26-000054,TVTX,5.02,2026-07-09 21:10:23+00:00,6123,ADMINISTRATIVE,False,,NONE,False,,490728000.0,2672377375.7355537,,TVTX|2026-07-09 21:10:00+00:00,False,False,-0.007608783280844467,-0.09378474058493458,False,False
0000086312-26-000143,TRV,"2.02,9.01",2026-07-17 10:58:28+00:00,5234,ADMINISTRATIVE,False,,NONE,False,,48828000000.0,64701774190.43158,,TRV|2026-07-17 10:58:00+00:00,False,False,0.0685714285714285,-0.009200003487723207,False,False
0001628280-26-049213,TSLA,"2.02,9.01",2026-07-22 20:35:52+00:00,3345,ADMINISTRATIVE,False,,NONE,False,,94827000000.0,1403554064361.7722,,TSLA|2026-07-22 20:35:00+00:00,False,False,-0.006030493655278635,-0.10340483560713964,False,False
0001193125-26-316247,TRV,"8.01,9.01",2026-07-24 21:07:46+00:00,5043,ADMINISTRATIVE,False,,NONE,False,,48828000000.0,64701774190.43158,,TRV|2026-07-24 21:07:00+00:00,False,False,0.024922898005703686,-0.049614364506346376,False,False
0001104659-26-084627,TVRD,"8.01,9.01",2026-07-17 20:07:52+00:00,6304,DILUTION_OFFERING,False,11000000.0,HIGH,True,"atm,shelf",7137000.0,36947086.55658102,1.5412638363458036,TVRD|2026-07-17 20:07:00+00:00,False,True,-0.00022146895621510954,-0.2818046883680597,True,False
0001213900-26-081996,TTRX,"7.01,9.01",2026-07-28 12:05:26+00:00,32604,FDA_APPROVAL,False,,NONE,False,,,,,TTRX|2026-07-28 12:05:00+00:00,False,False,0.047375206799881164,-0.08194620629636307,False,True
0001108426-26-000044,TXNM,"1.01,2.03,9.01",2026-07-21 20:20:34+00:00,5453,DEBT_SETTLEMENT,True,,NONE,False,,2136924000.0,6007655415.914883,,TXNM|2026-07-21 20:20:00+00:00,False,False,0.008179052395711928,-0.0033577217780883517,False,False
0001437749-26-022794,TWIN,"1.01,2.03,9.01",2026-07-06 20:31:22+00:00,10818,DEBT_SETTLEMENT,True,,NONE,False,,340738000.0,234560672.82112885,,TWIN|2026-07-06 20:31:00+00:00,False,False,0.05815478246176742,-0.07958030325257559,False,False
0001213900-26-075757,TTRX,"7.01,9.01",2026-07-07 12:05:25+00:00,38230,FDA_APPROVAL,False,,NONE,False,,,,,TTRX|2026-07-07 12:05:00+00:00,True,False,0.4722796365251736,-0.09697732687373128,False,True
0001108426-26-000040,TXNM,8.01,2026-07-06 11:28:23+00:00,7515,MA_ACTIVITY,False,,NONE,False,,2136924000.0,6007655415.914883,,TXNM|2026-07-06 11:28:00+00:00,False,False,0.006769201257726731,-0.010109903524210151,False,True
0001810806-26-000037,U,5.02,2026-07-27 20:54:39+00:00,4456,ADMINISTRATIVE,False,,NONE,False,,1849648000.0,15755692430.34668,,U|2026-07-27 20:54:00+00:00,False,False,0.09102811709096748,-0.026522637492102707,False,False
0001108426-26-000042,TXNM,"1.01,2.03,7.01",2026-07-17 21:45:04+00:00,24098,MA_ACTIVITY,True,,NONE,False,,2136924000.0,6007655415.914883,,TXNM|2026-07-17 21:45:00+00:00,False,False,0.017729888395734417,0.00034765267144187817,False,True
0000217346-26-000034,TXT,"2.02,9.01",2026-07-28 10:34:22+00:00,35350,COMMERCIAL_CONTRACT,False,,NONE,False,,14799000000.0,15361451336.204102,,TXT|2026-07-28 10:34:00+00:00,False,False,0.005052713970197242,-0.06711336279555624,False,False
0001104659-26-082469,UCB,"8.01,9.01",2026-07-10 13:08:00+00:00,21367,MA_ACTIVITY,False,,NONE,False,,1063152000.0,3550698410.193405,,UCB|2026-07-10 13:08:00+00:00,False,False,0.049689503873932006,-0.0067757729016471036,False,True
0001104659-26-085229,UCB,"2.02,7.01,9.01",2026-07-21 11:35:58+00:00,129197,EARNINGS,False,,NONE,False,,1063152000.0,3550698410.193405,,UCB|2026-07-21 11:35:00+00:00,False,True,-0.0027920837066993665,-0.24584668335412607,False,False
0001133311-26-000015,TZOO,"2.02,7.01,9.01",2026-07-28 18:23:40+00:00,23008,COMMERCIAL_CONTRACT,False,,NONE,False,,91719000.0,84772846.77610731,,TZOO|2026-07-28 18:23:00+00:00,False,False,0.03306878331907548,-0.06415345729964217,False,False
0001810806-26-000035,U,5.02,2026-07-16 21:04:35+00:00,2946,ADMINISTRATIVE,False,,NONE,False,,1849648000.0,15755692430.34668,,U|2026-07-16 21:04:00+00:00,False,False,0.03947810908650928,-0.030159247127940825,False,False
0001628280-26-047655,UCTT,"5.02,9.01",2026-07-08 20:09:13+00:00,6999,ADMINISTRATIVE,False,2000000.0,HIGH,False,,2054000000.0,1354877725.7858276,0.0009737098344693282,UCTT|2026-07-08 20:09:00+00:00,False,True,-0.017791032327265532,-0.20304364136303665,False,False
0001465740-26-000029,TWO,"2.02,9.01",2026-07-28 20:17:41+00:00,4862,ADMINISTRATIVE,False,,NONE,False,,,1018415362.5336351,,TWO|2026-07-28 20:17:00+00:00,False,False,-0.001647484118455722,-0.0032948896805450323,False,False
0000912767-26-000039,UFPI,"8.01,9.01",2026-07-22 20:00:22+00:00,3751,ADMINISTRATIVE,False,,NONE,False,,6320343000.0,5408018210.592163,,UFPI|2026-07-22 20:00:00+00:00,False,False,0.08063950649527607,-0.009534880172374582,False,False
0001104659-26-080748,TWO,"5.07,8.01,9.01",2026-07-06 20:08:43+00:00,23230,MA_ACTIVITY,False,,NONE,False,,,1018415362.5336351,,TWO|2026-07-06 20:08:00+00:00,False,False,0.004966922185069889,-0.0020695048582917153,False,True
0000101199-26-000044,UFCS,8.01,2026-07-17 17:17:02+00:00,3552,ADMINISTRATIVE,False,,NONE,False,,1386412000.0,770623541.3206825,,UFCS|2026-07-17 17:17:00+00:00,False,False,0.05188116696801526,-0.04495050411413215,False,False
0000100517-26-000135,UAL,"2.02,7.01,9.01",2026-07-15 20:00:02+00:00,79750,EARNINGS,False,,NONE,False,,59070000000.0,36200381831.18301,,UAL|2026-07-15 20:00:00+00:00,False,False,0.03772945640628933,-0.030931333958267748,False,False
0000101984-26-000102,UEIC,"1.01,9.01",2026-07-20 20:14:03+00:00,4916,DEBT_SETTLEMENT,True,,NONE,False,,368288000.0,51213959.81527877,,UEIC|2026-07-20 20:14:00+00:00,False,False,0.036383675282190886,-0.007717717439854388,False,False
0001104659-26-081321,UGI,"1.01,2.03,9.01",2026-07-07 21:00:42+00:00,5162,DEBT_SETTLEMENT,True,,NONE,False,,7147000000.0,7137632684.491013,,UGI|2026-07-07 21:00:00+00:00,False,False,0.031496031738794894,-0.011529804037635927,False,False
0001437749-26-024336,UEC,"5.07,7.01,9.01",2026-07-23 20:41:05+00:00,6277,ADMINISTRATIVE,False,,NONE,False,,66837000.0,5799509014.475269,,UEC|2026-07-23 20:41:00+00:00,False,False,0.02532928094211817,-0.09311040350472899,False,False
0001493152-26-032700,UMH,"7.01,9.01",2026-07-09 20:35:54+00:00,6190,ADMINISTRATIVE,False,,NONE,False,,261754000.0,1207690104.058484,,UMH|2026-07-09 20:35:00+00:00,False,False,0.0528720288562432,-0.011422926928625787,False,False
0001670076-26-000076,ULCC,5.02,2026-07-17 20:01:28+00:00,3288,ADMINISTRATIVE,False,,NONE,False,,3724000000.0,839612100.67102,,ULCC|2026-07-17 20:01:00+00:00,False,False,0.004735553715950136,-0.1483820128745279,False,False
0001193125-26-318144,UHT,"2.02,9.01",2026-07-27 20:25:15+00:00,29145,DEBT_SETTLEMENT,False,1100000.0,HIGH,False,,99190000.0,505157071.18297577,0.011089827603589071,UHT|2026-07-27 20:25:00+00:00,False,False,0.01951817899311048,-0.034066530087519364,False,False
0001193125-26-313364,UBSI,"2.02,9.01",2026-07-23 12:00:07+00:00,116734,ADMINISTRATIVE,False,34.0,HIGH,False,,,5069554348.221909,,UBSI|2026-07-23 12:00:00+00:00,False,False,0.05256408385845868,-0.01207262042563384,False,False
0001104659-26-083524,ULTA,"5.02,7.01,9.01",2026-07-14 20:30:25+00:00,9229,ADMINISTRATIVE,False,,NONE,False,,12392820000.0,23117764477.400635,,ULTA|2026-07-14 20:30:00+00:00,False,False,0.05291842124768675,-0.014943141538407367,False,False
0001493152-26-032153,UMH,"7.01,9.01",2026-07-06 20:05:39+00:00,10358,DILUTION_OFFERING,False,7600000.0,HIGH,False,,261754000.0,1207690104.058484,0.029034895359765275,UMH|2026-07-06 20:05:00+00:00,False,False,0.0386598172533934,-0.0241623704213495,True,False
0000706863-26-000067,UNB,"2.02,8.01,9.01",2026-07-15 17:59:13+00:00,4303,ADMINISTRATIVE,False,,NONE,False,,,114238560.43619728,,UNB|2026-07-15 17:59:00+00:00,False,False,0.03488825486723446,-0.09682474681274267,False,False
0001020859-26-000020,UNFI,"5.02,7.01,9.01",2026-07-09 11:01:43+00:00,10412,ADMINISTRATIVE,False,,NONE,False,,31784000000.0,2050051107.5258904,,UNFI|2026-07-09 11:01:00+00:00,False,False,0.10649646864813711,0.0004346980763594299,False,False
0000706863-26-000069,UNB,"5.02,9.01",2026-07-16 21:16:31+00:00,4215,ADMINISTRATIVE,False,,NONE,False,,,114238560.43619728,,UNB|2026-07-16 21:16:00+00:00,False,False,0.016260144096687856,-0.1130820080024999,False,False
0001193125-26-320980,UMBF,"2.02,8.01,9.01",2026-07-28 20:05:28+00:00,146902,DILUTION_OFFERING,False,,NONE,False,,,8623171897.178535,,UMBF|2026-07-28 20:05:00+00:00,False,False,0.025013588163718792,-0.014147124252338106,True,False
0001670076-26-000073,ULCC,1.01,2026-07-07 20:02:47+00:00,6131,ADMINISTRATIVE,False,,NONE,False,,3724000000.0,839612100.67102,,ULCC|2026-07-07 20:02:00+00:00,False,False,0.07590530491977088,-0.11699160109104068,False,False
0001683168-26-005806,UMAC,5.02,2026-07-28 20:01:26+00:00,4817,ADMINISTRATIVE,False,,NONE,False,,11199217.0,326597429.8466873,,UMAC|2026-07-28 20:01:00+00:00,False,False,-0.007581352910989492,-0.1407110446950921,False,False
0000074208-26-000070,UDR,"2.02,9.01",2026-07-27 20:19:30+00:00,151867,DEBT_SETTLEMENT,False,9000000000.0,HIGH,False,,11361000.0,12008022866.715263,792.1837866385001,UDR|2026-07-27 20:19:00+00:00,False,False,0.017144271687646206,-0.026356257567410224,False,False
0001437749-26-024330,ULBI,5.07,2026-07-23 20:27:00+00:00,6353,ADMINISTRATIVE,False,,NONE,False,,191159000.0,117004609.91196918,,ULBI|2026-07-23 20:27:00+00:00,False,False,0.041277324350929456,-0.043484682908636496,False,False
0001627475-26-000042,UPWK,5.02,2026-07-16 20:22:31+00:00,4356,ADMINISTRATIVE,False,,NONE,False,,787784000.0,2238398942.23213,,UPWK|2026-07-16 20:22:00+00:00,False,False,0.004232800281520621,-0.0814814306487519,False,False
0001193125-26-310605,UPBD,8.01,2026-07-21 21:42:34+00:00,5872,ADMINISTRATIVE,False,13000000.0,HIGH,False,,4695061000.0,1302072233.1587467,0.0027688671137606094,UPBD|2026-07-21 21:42:00+00:00,False,False,0.00771675310918174,-0.12256017606827319,False,False
0000005513-26-000073,UNM,"2.02,9.01",2026-07-28 20:23:51+00:00,4205,ADMINISTRATIVE,False,,NONE,False,,13075500000.0,12957431611.052856,,UNM|2026-07-28 20:23:00+00:00,False,False,-0.0012355516406362677,-0.03377069748743933,False,False
0001193125-26-302425,UNTY,"2.02,9.01",2026-07-14 10:00:30+00:00,106226,ADMINISTRATIVE,False,,NONE,False,,,460415740.57632446,,UNTY|2026-07-14 10:00:00+00:00,False,False,0.05782068563449405,-0.04102636404922122,False,False
0001562762-26-000084,USCB,"7.01,9.01",2026-07-28 17:46:36+00:00,3782,ADMINISTRATIVE,False,,NONE,False,,,346753718.14115524,,USCB|2026-07-28 17:46:00+00:00,False,False,-0.0004348870848821518,-0.038051748991767886,False,False
0000927089-26-000129,USCB,"7.01,9.01",2026-07-20 20:34:03+00:00,4610,ADMINISTRATIVE,False,,NONE,False,,,346753718.14115524,,USCB|2026-07-20 20:34:00+00:00,False,False,0.1802137728683897,-0.03156849297078257,False,False
0001562762-26-000082,USCB,"2.02,7.01,9.01",2026-07-23 20:00:18+00:00,4676,ADMINISTRATIVE,False,,NONE,False,,,346753718.14115524,,USCB|2026-07-23 20:00:00+00:00,False,False,0.15298686717757803,-0.014084551402535728,False,False
0000005513-26-000069,UNM,"1.01,7.01,9.01",2026-07-06 10:55:28+00:00,34269,ADMINISTRATIVE,True,5.7,HIGH,False,,13075500000.0,12957431611.052856,4.359297923597568e-10,UNM|2026-07-06 10:55:00+00:00,False,False,-0.005326642843227147,-0.07044239458658819,False,False
0001505155-26-000055,UPLD,8.01,2026-07-08 13:07:59+00:00,4015,ADMINISTRATIVE,False,,NONE,False,,216876000.0,609968435.9513664,,UPLD|2026-07-08 13:07:00+00:00,False,False,0.1454930011911335,-0.19114685097974693,False,False
0001505155-26-000059,UPLD,"5.02,7.01,9.01",2026-07-21 21:03:45+00:00,7769,ADMINISTRATIVE,False,,NONE,False,,216876000.0,609968435.9513664,,UPLD|2026-07-21 21:03:00+00:00,False,False,0.1415730654929972,-0.09662917904925306,False,False
0001505155-26-000049,UPLD,5.02,2026-07-07 16:01:36+00:00,5940,ADMINISTRATIVE,False,,NONE,False,,216876000.0,609968435.9513664,,UPLD|2026-07-07 16:01:00+00:00,False,True,0.08646950844638801,-0.2328243976108637,False,False
0001213900-26-080645,USAR,"3.02,7.01,8.01,9.01",2026-07-23 12:32:44+00:00,26680,ADMINISTRATIVE,True,,NONE,False,,1643000.0,1894956916.4809685,,USAR|2026-07-23 12:32:00+00:00,False,False,0.010932480656510535,-0.09067523023261614,True,False
0001067701-26-000028,URI,"2.02,7.01,9.01",2026-07-22 20:23:15+00:00,56654,MA_ACTIVITY,False,248000000.0,HIGH,True,convertible,3695000000.0,63078203497.97388,0.06711772665764547,URI|2026-07-22 20:23:00+00:00,False,False,0.05836102613969807,-0.04493453117793855,True,False
0001213900-26-078760,USAR,"1.01,8.01,9.01",2026-07-16 21:00:39+00:00,108777,MA_ACTIVITY,True,300.0,HIGH,False,,1643000.0,1894956916.4809685,0.0001825928180158247,USAR|2026-07-16 21:00:00+00:00,False,False,0.048265581588860185,-0.041354727161671545,False,True
0001437749-26-023560,USGO,"7.01,9.01",2026-07-14 21:18:11+00:00,7775,ADMINISTRATIVE,False,,NONE,False,,,129490122.4438057,,USGO|2026-07-14 21:18:00+00:00,False,False,0.054717035226810706,-0.08874209634893881,False,False
0001213900-26-079438,USAR,"5.02,7.01,9.01",2026-07-20 13:00:39+00:00,58593,MA_ACTIVITY,False,,NONE,False,,1643000.0,1894956916.4809685,,USAR|2026-07-20 13:00:00+00:00,False,False,0.036546999468358043,-0.06647765045895049,False,True
0001104659-26-086068,UTHR,"5.02,7.01,9.01",2026-07-23 11:00:29+00:00,12135,ADMINISTRATIVE,False,,NONE,False,,3182700000.0,19109452427.65216,,UTHR|2026-07-23 11:00:00+00:00,False,False,0.024406131162074463,-0.01074096540139513,False,False
0001096906-26-001112,UTMD,"2.02,9.01",2026-07-23 19:13:28+00:00,38017,COMMERCIAL_CONTRACT,False,,NONE,False,,38520000.0,184008505.0915451,,UTMD|2026-07-23 19:13:00+00:00,False,False,0.1395270768986192,-0.007596866104954025,False,False
0000102212-26-000033,UVSP,"2.02,9.01",2026-07-23 12:30:25+00:00,3648,ADMINISTRATIVE,False,,NONE,False,,328056000.0,891521116.7266273,,UVSP|2026-07-23 12:30:00+00:00,False,False,0.063774848972876,-0.009162965113543864,False,False
0000102212-26-000035,UVSP,"7.01,9.01",2026-07-27 20:42:16+00:00,4382,ADMINISTRATIVE,False,,NONE,False,,328056000.0,891521116.7266273,,UVSP|2026-07-27 20:42:00+00:00,False,False,0.02161673244249296,-0.004390896093092067,False,False
0001524358-26-000029,VAC,"5.02,9.01",2026-07-21 12:00:10+00:00,4482,ADMINISTRATIVE,False,,NONE,False,,4672000000.0,2302450315.139534,,VAC|2026-07-21 12:00:00+00:00,False,False,0.07212243849123245,-0.058644009681620535,False,False
0000885978-26-000039,USPH,"8.01,9.01",2026-07-06 20:22:02+00:00,7040,ADMINISTRATIVE,False,,NONE,False,,780990000.0,1179231432.5205688,,USPH|2026-07-06 20:22:00+00:00,False,False,0.025026700838294058,-0.08899894830350119,False,False
0001111335-26-000045,VC,"1.01,2.02,7.01,9.01",2026-07-23 11:03:31+00:00,6689,ADMINISTRATIVE,True,200000000.0,HIGH,False,,3768000000.0,3163782502.3414536,0.05307855626326964,VC|2026-07-23 11:03:00+00:00,False,False,0.0979411019667269,-0.040769336511145116,False,False
0001493152-26-032066,USGO,"7.01,9.01",2026-07-06 10:45:29+00:00,15051,ADMINISTRATIVE,False,,NONE,False,,,129490122.4438057,,USGO|2026-07-06 10:45:00+00:00,False,False,0.03258426677336379,-0.18601118306411502,False,False
0001062993-26-003630,UUUU,"7.01,9.01",2026-07-13 22:55:44+00:00,3723,ADMINISTRATIVE,False,,NONE,False,,65922000.0,5033326531.263603,,UUUU|2026-07-13 22:55:00+00:00,False,False,-0.0011024910072119365,-0.153980099083996,False,False
0001193125-26-297211,VERA,8.01,2026-07-07 16:45:57+00:00,2990,FDA_APPROVAL,False,,NONE,False,,,1912156944.9676895,,VERA|2026-07-07 16:45:00+00:00,False,False,0.036025399936909785,-0.08500118922981736,False,True
0001753926-26-001190,VANI,"7.01,9.01",2026-07-16 12:30:30+00:00,4711,ADMINISTRATIVE,False,,NONE,False,,0.0,89458292.96500611,,VANI|2026-07-16 12:30:00+00:00,False,False,-0.010067104428777118,-0.1644295323491607,False,False
0001753926-26-001144,VANI,"1.01,8.01,9.01",2026-07-07 11:46:22+00:00,27243,CLINICAL_RESULT,False,,NONE,False,,0.0,89458292.96500611,,VANI|2026-07-07 11:46:00+00:00,True,False,0.24864654885980797,-0.05263161668675442,False,True
0001193125-26-299165,VERA,5.02,2026-07-09 12:00:16+00:00,3240,ADMINISTRATIVE,False,,NONE,False,,,1912156944.9676895,,VERA|2026-07-09 12:00:00+00:00,False,False,0.03288293782513074,-0.07066837530564785,False,False
0001062993-26-003884,UUUU,"7.01,8.01,9.01",2026-07-28 20:49:28+00:00,5632,ADMINISTRATIVE,True,,NONE,False,,65922000.0,5033326531.263603,,UUUU|2026-07-28 20:49:00+00:00,False,False,0.006116264776327762,-0.06596768323046376,False,False
0001006837-26-000051,VATE,8.01,2026-07-08 20:14:35+00:00,3583,ADMINISTRATIVE,False,,NONE,False,,1246000000.0,70414869.51803541,,VATE|2026-07-08 20:14:00+00:00,False,True,0.0652173913043479,-0.3608695735102114,False,False
0001628280-26-048459,VERI,8.01,2026-07-16 20:14:15+00:00,3208,ADMINISTRATIVE,False,,NONE,False,,92192000.0,332459929.7704172,,VERI|2026-07-16 20:14:00+00:00,False,False,0.16233440198798288,-0.032074547957680055,False,False
0000755001-26-000026,UTL,"1.01,2.03,7.01,8.01,9.01",2026-07-07 20:30:16+00:00,29488,MA_ACTIVITY,True,,NONE,False,,536000000.0,796200236.4280434,,UTL|2026-07-07 20:30:00+00:00,False,False,0.0850861820128892,-0.012980886248793566,False,True
0000891166-26-000082,UVE,"7.01,9.01",2026-07-08 20:16:39+00:00,3068,ADMINISTRATIVE,False,,NONE,False,,1603915000.0,907609762.2946548,,UVE|2026-07-08 20:16:00+00:00,False,False,0.0328099371278332,-0.12943132963850135,False,False
0001628280-26-047883,VERI,"5.02,5.03,5.07,9.01",2026-07-10 20:05:09+00:00,8352,ADMINISTRATIVE,False,,NONE,False,,92192000.0,332459929.7704172,,VERI|2026-07-10 20:05:00+00:00,False,False,0.01173271944233334,-0.16102704648097976,False,False
0001193125-26-314260,VCTR,"5.02,7.01,9.01",2026-07-23 20:59:28+00:00,9182,ADMINISTRATIVE,False,,NONE,False,,1306131000.0,4200006601.658661,,VCTR|2026-07-23 20:59:00+00:00,False,False,0.026135467225197884,-0.030601363541785997,False,False
0001193125-26-303150,VELO,"1.01,9.01",2026-07-14 20:03:09+00:00,5299,ADMINISTRATIVE,True,,NONE,False,,45973000.0,287333238.4935837,,VELO|2026-07-14 20:03:00+00:00,False,True,0.029879722316096924,-0.2417539554353958,False,False
0001193125-26-301512,VCTR,"8.01,9.01",2026-07-13 12:28:23+00:00,9783,ADMINISTRATIVE,False,,NONE,False,,1306131000.0,4200006601.658661,,VCTR|2026-07-13 12:28:00+00:00,False,False,0.10635305090180958,-0.013226379542039424,False,False
0001193125-26-314197,VABK,"2.02,8.01,9.01",2026-07-23 20:30:15+00:00,56390,EARNINGS,False,237000000.0,HIGH,False,,,210287181.0,,VABK|2026-07-23 20:30:00+00:00,False,False,0.07286995765001647,-0.0024662959510665106,False,False
0000891166-26-000085,UVE,"2.02,9.01",2026-07-23 20:15:24+00:00,32151,FDA_APPROVAL,False,,NONE,True,convertible,1603915000.0,907609762.2946548,,UVE|2026-07-23 20:15:00+00:00,False,False,0.13413715067517074,-0.008540571234845529,True,False
0001493152-26-034833,VENU,"1.01,8.01,9.01",2026-07-27 21:00:14+00:00,21992,ADMINISTRATIVE,True,,NONE,False,,17897046.0,489781441.27248573,,VENU|2026-07-27 21:00:00+00:00,False,False,0.0,-0.11538461146583523,False,False
0001493152-26-034288,VENU,"1.01,2.03,8.01,9.01",2026-07-23 10:02:21+00:00,22980,DEBT_SETTLEMENT,True,,NONE,False,,17897046.0,489781441.27248573,,VENU|2026-07-23 10:02:00+00:00,False,False,0.06122443021609958,-0.15510208450819352,False,False
0001628280-26-049499,VIR,5.02,2026-07-24 12:31:43+00:00,4976,ADMINISTRATIVE,False,,NONE,False,,68556000.0,893232595.333415,,VIR|2026-07-24 12:31:00+00:00,False,False,-0.0010941169043983123,-0.06783368296173253,False,False
0001193125-26-297454,VOR,"5.02,9.01",2026-07-07 20:04:11+00:00,6766,ADMINISTRATIVE,False,,NONE,False,,,2604604694.5039196,,VOR|2026-07-07 20:04:00+00:00,False,False,0.058080887383389124,-0.1075757193353718,False,False
0001829126-26-007621,VIVK,"5.03,7.01,9.01",2026-07-16 21:29:50+00:00,11777,ADMINISTRATIVE,False,,NONE,True,reverse_split,104418809.0,30195310527.922485,,VIVK|2026-07-16 21:29:00+00:00,True,True,1.343065645160074,-0.6325790856444755,True,False
0001829126-26-007892,VIVK,"3.02,7.01,9.01",2026-07-27 21:26:53+00:00,25038,ADMINISTRATIVE,False,326988.0,HIGH,False,,104418809.0,30195310527.922485,0.0031315047847366275,VIVK|2026-07-27 21:26:00+00:00,True,False,0.4040403760655684,-0.08080806317177147,True,False
0001193125-26-311382,VFF,"7.01,9.01",2026-07-22 12:37:34+00:00,7473,ADMINISTRATIVE,False,,NONE,False,,215937000.0,334553185.1527755,,VFF|2026-07-22 12:37:00+00:00,False,False,0.047500014305114746,-0.03750002384185791,False,False
0000714310-26-000036,VLY,"2.02,7.01,9.01",2026-07-23 11:05:35+00:00,5018,ADMINISTRATIVE,False,,NONE,False,,,6011403401.15003,,VLY|2026-07-23 11:05:00+00:00,False,False,-0.0021931036208231447,-0.03942719469339295,False,False
0001829126-26-007719,VIVK,"1.01,3.02,7.01,9.01",2026-07-21 21:28:53+00:00,20965,ADMINISTRATIVE,False,28545.0,HIGH,True,"equity_line,convertible,reverse_split",104418809.0,30195310527.922485,0.0002733702890635345,VIVK|2026-07-21 21:28:00+00:00,True,True,0.8755981996544642,-0.30622004438692485,True,False
0001829126-26-007719,VIVK,"1.01,3.02,7.01,9.01",2026-07-21 21:28:53+00:00,20965,ADMINISTRATIVE,False,28545.0,HIGH,True,"equity_line,convertible,reverse_split",104418809.0,30195310527.922485,0.0002733702890635345,VIVK|2026-07-21 21:28:00+00:00,True,True,0.8755981996544642,-0.30622004438692485,True,False
0001104659-26-087322,VMI,5.02,2026-07-28 12:15:13+00:00,3834,ADMINISTRATIVE,False,,NONE,False,,4104102000.0,8118442341.251587,,VMI|2026-07-28 12:15:00+00:00,False,False,-0.00016395600451346581,-0.06750472655396311,False,False
0001535929-26-000141,VOYA,7.01,2026-07-21 20:15:45+00:00,4540,ADMINISTRATIVE,False,,NONE,False,,2255000000.0,7063567354.850616,,VOYA|2026-07-21 20:15:00+00:00,False,False,0.021257160026162847,-0.022782728546809072,False,False
0001535929-26-000138,VOYA,7.01,2026-07-08 21:15:26+00:00,6713,ADMINISTRATIVE,False,,NONE,False,,2255000000.0,7063567354.850616,,VOYA|2026-07-08 21:15:00+00:00,False,False,0.07840078071758128,-0.0033229458430258374,False,False
0001477932-26-004421,VNRX,"5.03,5.07,9.01",2026-07-21 20:15:45+00:00,8344,ADMINISTRATIVE,False,,NONE,False,,1727384.0,925320661.6443958,,VNRX|2026-07-21 20:15:00+00:00,False,True,0.008547000709448138,-0.37487176085678264,False,False
0001193125-26-309538,VICR,"2.02,9.01",2026-07-21 11:20:05+00:00,20150,EARNINGS,False,,NONE,False,,407701000.0,290023701.75,,VICR|2026-07-21 11:20:00+00:00,False,False,0.03754914601469039,-0.12532577518721455,False,False
0001628280-26-048495,VLO,7.01,2026-07-16 20:49:01+00:00,4198,ADMINISTRATIVE,False,,NONE,False,,122687000000.0,48582826054.55322,,VLO|2026-07-16 20:49:00+00:00,False,False,0.04261760246787505,-0.015073686812640319,False,False
0001171843-26-004948,VRNS,"2.02,9.01",2026-07-28 20:10:19+00:00,3874,ADMINISTRATIVE,False,,NONE,False,,623532000.0,6982775798.685936,,VRNS|2026-07-28 20:10:00+00:00,False,False,-0.013026316618440892,-0.09281231734553164,False,False
0001104659-26-085223,VMI,"2.02,9.01",2026-07-21 11:10:09+00:00,55805,EARNINGS,False,,NONE,False,,4104102000.0,8118442341.251587,,VMI|2026-07-21 11:10:00+00:00,False,False,-0.01925528249274333,-0.13205327604639494,False,False
0001193125-26-321243,VRSK,"5.02,9.01",2026-07-28 21:10:37+00:00,4277,ADMINISTRATIVE,False,,NONE,False,,3072700000.0,32803677103.06224,,VRSK|2026-07-28 21:10:00+00:00,False,False,0.027636371959339545,-0.10104543512517761,False,False
0001193125-26-314257,VRRM,5.07,2026-07-23 20:56:54+00:00,4574,ADMINISTRATIVE,False,,NONE,False,,979079000.0,3747613825.284004,,VRRM|2026-07-23 20:56:00+00:00,True,False,0.5177664802604547,-0.0075380813162254645,False,False
0001193125-26-298682,VISN,"2.01,9.01",2026-07-08 21:08:32+00:00,31313,EARNINGS,False,,NONE,True,convertible,1931600000.0,3464662133.534816,,VISN|2026-07-08 21:08:00+00:00,False,False,0.00833329675058958,-0.053571442087220644,True,False
0001140361-26-028454,VST,8.01,2026-07-14 21:29:37+00:00,8865,ADMINISTRATIVE,False,,NONE,False,,17586000000.0,64277605940.834656,,VST|2026-07-14 21:29:00+00:00,False,False,0.01885868918392619,-0.0958804157989599,False,False
0001193125-26-321686,VRRM,"7.01,9.01",2026-07-28 20:01:50+00:00,13429,EARNINGS,False,,NONE,False,,979079000.0,3747613825.284004,,VRRM|2026-07-28 20:01:00+00:00,False,False,-0.03856185275635404,-0.1754347690357898,False,False
0001014473-26-000026,VRSN,"2.02,8.01,9.01",2026-07-23 20:08:53+00:00,4051,ADMINISTRATIVE,False,,NONE,False,,1656600000.0,24264386798.095703,,VRSN|2026-07-23 20:08:00+00:00,False,False,0.13996790351029587,-0.008742023727845272,False,False
0001674910-26-000052,VVV,"5.02,9.01",2026-07-23 21:17:58+00:00,8798,ADMINISTRATIVE,False,,NONE,False,,1710300000.0,4226567898.0,,VVV|2026-07-23 21:17:00+00:00,False,False,0.06298808170164505,-0.008068651050699982,False,False
0001140361-26-028619,VST,"1.01,2.03,9.01",2026-07-16 13:02:23+00:00,6271,ADMINISTRATIVE,False,,NONE,False,,17586000000.0,64277605940.834656,,VST|2026-07-16 13:02:00+00:00,False,False,0.002972809630351181,-0.06299814250067703,False,False
0001628280-26-049595,VRA,"5.02,9.01",2026-07-24 20:08:34+00:00,5719,ADMINISTRATIVE,False,,NONE,False,,269651000.0,69841305.0,,VRA|2026-07-24 20:08:00+00:00,False,False,0.022972982986901425,-0.07567566696791173,False,False
0001731122-26-000974,VWAV,8.01,2026-07-24 21:00:36+00:00,5207,ADMINISTRATIVE,False,,NONE,False,,,134465324.50361443,,VWAV|2026-07-24 21:00:00+00:00,False,True,-0.0025353845899329652,-0.2994396018212583,False,False
0001731122-26-000971,VWAV,"7.01,9.01",2026-07-24 11:01:34+00:00,5911,ADMINISTRATIVE,False,,NONE,False,,,134465324.50361443,,VWAV|2026-07-24 11:01:00+00:00,False,True,0.0062038574077538655,-0.3518318985341662,False,False
0001731122-26-000960,VWAV,"1.01,2.03,3.02,9.01",2026-07-21 10:09:00+00:00,15809,ADMINISTRATIVE,True,,NONE,True,"equity_line,convertible",,134465324.50361443,,VWAV|2026-07-21 10:09:00+00:00,False,True,0.0038860376455533974,-0.4119170874044388,True,False
0000732712-26-000040,VZ,"2.02,9.01",2026-07-24 11:00:31+00:00,17425,ADMINISTRATIVE,False,,NONE,False,,138191000000.0,170680901864.5936,,VZ|2026-07-24 11:00:00+00:00,False,False,0.1030834567836787,-0.006957035845446935,False,False
0000737468-26-000109,WASH,"2.02,9.01",2026-07-20 20:08:27+00:00,3506,ADMINISTRATIVE,False,,NONE,False,,57744000.0,524661299.7685852,,WASH|2026-07-20 20:08:00+00:00,False,False,0.05493780084169764,-0.012973303482342824,False,False
0001193125-26-315236,VZ,5.02,2026-07-24 13:07:03+00:00,10212,ADMINISTRATIVE,False,,NONE,False,,138191000000.0,170680901864.5936,,VZ|2026-07-24 13:07:00+00:00,False,False,0.1030834567836787,-0.006957035845446935,False,False
0001628280-26-049105,WAB,"2.02,7.01,9.01",2026-07-22 10:59:48+00:00,10026,EARNINGS,False,,NONE,False,,11167000000.0,33190558271.134613,,WAB|2026-07-22 10:59:00+00:00,False,False,0.10669669166490192,-0.016913487950137363,False,False
0001628280-26-049001,WAL,"2.02,9.01",2026-07-21 20:16:47+00:00,4206,ADMINISTRATIVE,False,,NONE,False,,135800000.0,8752247445.618896,,WAL|2026-07-21 20:16:00+00:00,False,False,0.07804378574556914,-0.0003800681512845516,False,False
0001171843-26-004853,WABC,"8.01,9.01",2026-07-23 17:15:51+00:00,3192,ADMINISTRATIVE,False,,NONE,False,,,1215803528.5,,WABC|2026-07-23 17:15:00+00:00,False,False,0.020878570607995917,-0.0038416493459103584,False,False
0001171843-26-004727,WABC,"2.02,9.01",2026-07-16 17:47:12+00:00,3234,ADMINISTRATIVE,False,,NONE,False,,,1215803528.5,,WABC|2026-07-16 17:47:00+00:00,False,False,0.036837851547523615,-0.08115891438500922,False,False
0000801337-26-000021,WBS,"2.02,9.01",2026-07-21 20:19:29+00:00,4170,ADMINISTRATIVE,False,,NONE,False,,237967000.0,9409601072.251373,,WBS|2026-07-21 20:19:00+00:00,False,False,0.0032237241342649714,-0.020733149803404016,False,False
0001104659-26-082906,VYGR,8.01,2026-07-13 12:44:19+00:00,8564,ADMINISTRATIVE,False,,NONE,False,,40374000.0,250719002.0620165,,VYGR|2026-07-13 12:44:00+00:00,False,False,-0.015285140074771775,-0.12698410584831954,False,False
0000936528-26-000055,WAFD,"2.02,9.01",2026-07-17 17:03:27+00:00,7650,ADMINISTRATIVE,False,,NONE,False,,29650000.0,2296788344.0432167,,WAFD|2026-07-17 17:03:00+00:00,False,False,0.0028818605089968585,-0.0539690242969344,False,False
0000936528-26-000053,WAFD,"7.01,9.01",2026-07-02 21:57:41+00:00,5174,ADMINISTRATIVE,False,,NONE,False,,29650000.0,2296788344.0432167,,WAFD|2026-07-02 21:57:00+00:00,False,False,0.006520605086203224,-0.041471052328114544,False,False
0001722684-26-000072,WH,"2.02,7.01,9.01",2026-07-22 20:31:23+00:00,4230,ADMINISTRATIVE,False,,NONE,False,,1429000000.0,5884775932.987923,,WH|2026-07-22 20:31:00+00:00,False,False,0.028009772613746486,-0.030316052990129072,False,False
0000105132-26-000059,WDFC,"2.02,9.01",2026-07-09 20:09:13+00:00,3494,ADMINISTRATIVE,False,,NONE,False,,619985000.0,2644922942.3950195,,WDFC|2026-07-09 20:09:00+00:00,False,True,0.013216904462393986,-0.257626756571107,False,False
0001193125-26-321244,WEN,5.02,2026-07-28 21:11:04+00:00,3862,ADMINISTRATIVE,False,,NONE,False,,2176891000.0,1621709053.1268902,,WEN|2026-07-28 21:11:00+00:00,False,False,0.03566710367289949,-0.015191577985140703,False,False
0001309108-26-000026,WEX,"2.02,9.01",2026-07-22 20:55:18+00:00,3493,ADMINISTRATIVE,False,,NONE,False,,1845400000.0,5058782855.126724,,WEX|2026-07-22 20:55:00+00:00,False,False,0.19158211914282108,-0.019363679711928983,False,False
0000936528-26-000058,WAFD,"7.01,9.01",2026-07-28 19:33:32+00:00,6484,ADMINISTRATIVE,False,,NONE,False,,29650000.0,2296788344.0432167,,WAFD|2026-07-28 19:33:00+00:00,False,False,0.005309003464592621,-0.004900634560825345,False,False
0001104659-26-085802,WCN,"2.02,7.01,9.01",2026-07-22 20:09:41+00:00,48945,ADMINISTRATIVE,False,,NONE,False,,9466915000.0,44896283045.22435,,WCN|2026-07-22 20:09:00+00:00,False,False,0.023004938994806157,-0.022565460126951598,False,False
0001104659-26-087314,WHF,"7.01,9.01",2026-07-28 12:00:19+00:00,7488,ADMINISTRATIVE,False,,NONE,False,,,166885367.8500595,,WHF|2026-07-28 12:00:00+00:00,False,False,-3.008957429284642e-05,-0.03914158106996657,False,False
0001104659-26-087330,WCN,"1.01,7.01,9.01",2026-07-28 12:40:03+00:00,22617,DILUTION_OFFERING,False,,NONE,True,shelf,9466915000.0,44896283045.22435,,WCN|2026-07-28 12:40:00+00:00,False,False,0.019866740146138095,-0.03377351174424792,True,False
0001527541-26-000231,WHLR,"3.03,5.03,9.01",2026-07-22 20:06:54+00:00,9716,DEBT_SETTLEMENT,False,,NONE,True,"convertible,reverse_split",1751000.0,271996033.78393555,,WHLR|2026-07-22 20:06:00+00:00,False,True,0.1074439746987812,-0.22882297644980687,True,False
0000789460-26-000035,WKC,"2.02,9.01",2026-07-23 20:29:31+00:00,3351,ADMINISTRATIVE,False,,NONE,False,,36916600000.0,1430827878.3131409,,WKC|2026-07-23 20:29:00+00:00,False,False,0.03012881268247858,-0.06688334313038291,False,False
0001603923-26-000082,WFRD,"2.02,9.01",2026-07-21 20:30:11+00:00,47164,COMMERCIAL_CONTRACT,False,20.0,HIGH,False,,4918000000.0,4527760088.370789,4.0666937779585195e-09,WFRD|2026-07-21 20:30:00+00:00,False,False,0.01866667005750866,-0.07744445800781252,False,False
0001604028-26-000030,WMS,"5.07,9.01",2026-07-16 20:08:32+00:00,5615,ADMINISTRATIVE,False,,NONE,False,,3050376000.0,10865150148.507843,,WMS|2026-07-16 20:08:00+00:00,False,False,0.020039377454031504,-0.07638959481965368,False,False
0000793074-26-000129,WERN,"2.02,9.01",2026-07-28 20:08:39+00:00,52056,EARNINGS,False,,NONE,False,,2899510000.0,1608837187.6124725,,WERN|2026-07-28 20:08:00+00:00,False,False,-0.0009312185250676119,-0.04908866438600168,False,False
0001193125-26-307870,WLFC,"5.03,9.01",2026-07-17 20:22:48+00:00,4097,ADMINISTRATIVE,False,,NONE,False,,730241000.0,887363650.5349121,,WLFC|2026-07-17 20:22:00+00:00,False,False,0.10256408128393879,-0.028593631642864215,False,False
0001018164-26-000061,WLFC,"7.01,9.01",2026-07-21 10:57:53+00:00,4076,ADMINISTRATIVE,False,,NONE,False,,730241000.0,887363650.5349121,,WLFC|2026-07-21 10:57:00+00:00,False,False,0.09575284862150091,-0.034594620516861685,False,False
0001193125-26-294559,WKC,"5.07,9.01",2026-07-02 20:15:15+00:00,4948,ADMINISTRATIVE,False,,NONE,False,,36916600000.0,1430827878.3131409,,WKC|2026-07-02 20:15:00+00:00,False,False,0.11272286264841891,-0.009670586078833643,False,False
0000908315-26-000027,WINA,"2.02,7.01,8.01,9.01",2026-07-15 15:29:55+00:00,18530,DEBT_SETTLEMENT,False,,NONE,False,,86055700.0,1477932757.0,,WINA|2026-07-15 15:29:00+00:00,False,False,0.09408441820573454,-0.10766882432340708,False,False
0001193125-26-300912,WLFC,8.01,2026-07-10 20:14:55+00:00,4599,ADMINISTRATIVE,False,,NONE,False,,730241000.0,887363650.5349121,,WLFC|2026-07-10 20:14:00+00:00,False,True,-0.0035861710829807603,-0.7197866334568441,False,False
0001193125-26-308984,WNC,"1.01,2.03,3.02,8.01,9.01",2026-07-20 20:30:28+00:00,20410,DEBT_SETTLEMENT,True,16.75,HIGH,True,ratchet,1542754000.0,364350169.08330727,1.085720730589582e-08,WNC|2026-07-20 20:30:00+00:00,False,False,0.0401486966179021,-0.046096646420172416,True,False
0001493152-26-033073,WRAP,"1.01,8.01,9.01",2026-07-13 21:09:50+00:00,31167,DILUTION_OFFERING,True,26.6959,HIGH,False,,4672000.0,113838364.00466394,5.714019691780822e-06,WRAP|2026-07-13 21:09:00+00:00,False,False,0.1208531408146527,-0.12796202613316343,True,False
0001025378-26-000114,WPC,"2.02,7.01,9.01",2026-07-28 20:08:36+00:00,4304,ADMINISTRATIVE,False,,NONE,False,,1716485000.0,14869513134.954285,,WPC|2026-07-28 20:08:00+00:00,False,False,-0.0025934202608101087,-0.03903010929760209,False,False
0000011544-26-000033,WRB,"2.02,9.01",2026-07-20 20:13:03+00:00,30757,ADMINISTRATIVE,False,,NONE,False,,14707856000.0,28545574906.23678,,WRB|2026-07-20 20:13:00+00:00,False,False,0.05579453813733504,-0.0048578221886290684,False,False
0001018164-26-000058,WLFC,"1.01,7.01,9.01",2026-07-14 21:19:23+00:00,15473,DEBT_SETTLEMENT,False,,NONE,False,,730241000.0,887363650.5349121,,WLFC|2026-07-14 21:19:00+00:00,False,True,0.011468961225221452,-0.7093234250897061,False,False
0001104659-26-080334,WPC,"1.01,9.01",2026-07-02 20:15:30+00:00,7477,DILUTION_OFFERING,True,,NONE,True,shelf,1716485000.0,14869513134.954285,,WPC|2026-07-02 20:15:00+00:00,False,False,0.017297085037009774,-0.011250218603448547,True,False
0001193125-26-303153,WNC,"1.01,2.02,7.01,8.01,9.01",2026-07-14 20:04:36+00:00,36396,DILUTION_OFFERING,True,,NONE,False,,1542754000.0,364350169.08330727,,WNC|2026-07-14 20:04:00+00:00,False,False,0.15899586632055596,-0.037656888405658395,True,False
0001628280-26-049946,WKHS,"7.01,9.01",2026-07-28 09:11:00+00:00,18683,ADMINISTRATIVE,False,,NONE,False,,21211000.0,144447205.92853546,,WKHS|2026-07-28 09:11:00+00:00,False,False,0.15523468220868897,-0.0072202097704795465,False,False
0001999371-26-016255,WNEB,"2.02,7.01,9.01",2026-07-28 20:33:39+00:00,122935,ADMINISTRATIVE,False,2400000.0,HIGH,False,,,232993651.0748806,,WNEB|2026-07-28 20:33:00+00:00,False,False,0.02547309951237664,-0.07132456758087524,False,False
0001628280-26-048051,WKHS,"5.02,9.01",2026-07-13 21:01:43+00:00,9184,ADMINISTRATIVE,False,,NONE,False,,21211000.0,144447205.92853546,,WKHS|2026-07-13 21:01:00+00:00,False,False,0.19850185627164074,-0.041198550700825565,False,False
0001628280-26-049382,WKHS,"5.02,9.01",2026-07-23 20:04:09+00:00,5584,ADMINISTRATIVE,False,,NONE,False,,21211000.0,144447205.92853546,,WKHS|2026-07-23 20:04:00+00:00,False,False,0.16363638097589672,-0.06545456972989172,False,False
0001015328-26-000019,WTFC,"2.02,9.01",2026-07-20 20:56:56+00:00,4471,ADMINISTRATIVE,False,,NONE,False,,265635000.0,8537086385.905518,,WTFC|2026-07-20 20:56:00+00:00,False,False,-0.0015003676079501371,-0.039360785786704544,False,False
0001193125-26-294653,WSBC,"2.02,9.01",2026-07-02 20:26:10+00:00,6578,ADMINISTRATIVE,False,,NONE,False,,,2873935351.884096,,WSBC|2026-07-02 20:26:00+00:00,False,False,0.017406721796934255,-0.03456102303176434,False,False
0001193125-26-304049,WS,"7.01,9.01",2026-07-15 11:24:02+00:00,29548,MA_ACTIVITY,False,,NONE,False,,3093300000.0,1759840379.0444374,,WS|2026-07-15 11:24:00+00:00,False,False,0.11741648996701426,-0.02002909800073327,False,True
0000828944-26-000026,WSFS,"2.02,7.01,9.01",2026-07-23 20:09:22+00:00,4473,ADMINISTRATIVE,False,,NONE,False,,,2967483828.420639,,WSFS|2026-07-23 20:09:00+00:00,False,False,0.011850377226978459,-0.021910893458488956,False,False
0001437749-26-024363,WRLD,"2.02,7.01,9.01",2026-07-24 11:35:10+00:00,3703,ADMINISTRATIVE,False,,NONE,False,,585166700.0,688456508.9884644,,WRLD|2026-07-24 11:35:00+00:00,False,False,0.16520176618912652,-0.0031084294037091453,False,False
0001968487-26-000020,WS,"2.02,9.01",2026-07-10 20:30:15+00:00,78740,MA_ACTIVITY,False,,NONE,False,,3093300000.0,1759840379.0444374,,WS|2026-07-10 20:30:00+00:00,False,False,0.13517555585184282,-0.02255406386356207,False,True
0000105770-26-000097,WST,"2.02,7.01,9.01",2026-07-23 11:14:59+00:00,4513,ADMINISTRATIVE,False,,NONE,False,,3074100000.0,19458122583.88748,,WST|2026-07-23 11:14:00+00:00,False,False,-0.010025894085977982,-0.15733163467960654,False,False
0000105770-26-000093,WST,"1.01,9.01",2026-07-14 20:29:25+00:00,5674,ADMINISTRATIVE,True,,NONE,False,,3074100000.0,19458122583.88748,,WST|2026-07-14 20:29:00+00:00,False,False,0.07690376952351086,-0.03552941380809416,False,False
0001193125-26-310361,WSBC,"2.02,9.01",2026-07-21 20:24:18+00:00,137451,EARNINGS,False,345000000.0,HIGH,False,,,2873935351.884096,,WSBC|2026-07-21 20:24:00+00:00,False,False,0.0312728749023492,-0.05204009411761201,False,False
0001174922-26-000047,WYNN,"1.01,7.01,9.01",2026-07-22 20:41:47+00:00,6794,ADMINISTRATIVE,True,,NONE,False,,7137924000.0,12565563612.694405,,WYNN|2026-07-22 20:41:00+00:00,False,False,0.08458562627368127,0.005796406879623683,False,False
0001166928-26-000035,WTBA,"2.02,7.01,9.01",2026-07-23 11:17:41+00:00,3748,ADMINISTRATIVE,False,,NONE,False,,,333055830.51504135,,WTBA|2026-07-23 11:17:00+00:00,False,False,0.06917293707520722,-0.021052611199678495,False,False
0001193125-26-314213,WU,"5.02,9.01",2026-07-23 20:34:53+00:00,4976,ADMINISTRATIVE,False,,NONE,False,,3879600000.0,2616035099.3022404,,WU|2026-07-23 20:34:00+00:00,False,False,0.007812564476180617,-0.07091342516728272,False,False
0001493152-26-035017,XMAX,5.07,2026-07-28 20:30:20+00:00,4581,DILUTION_OFFERING,False,,NONE,False,,16722703.0,79460527.67733288,,XMAX|2026-07-28 20:30:00+00:00,False,False,0.003554583902496411,-0.01658760623327893,True,False
0001493152-26-032173,XMAX,"1.01,5.02,9.01",2026-07-06 20:30:42+00:00,5012,ADMINISTRATIVE,True,,NONE,False,,16722703.0,79460527.67733288,,XMAX|2026-07-06 20:30:00+00:00,False,False,0.006718864937508062,-0.07390815507918591,False,False
0001493152-26-032855,XMAX,"1.01,2.01,9.01",2026-07-10 20:30:33+00:00,4428,ADMINISTRATIVE,True,,NONE,False,,16722703.0,79460527.67733288,,XMAX|2026-07-10 20:30:00+00:00,False,False,0.01748247317763174,-0.036130474207333285,False,False
0001603145-26-000028,XIFR,"2.02,9.01",2026-07-28 11:34:59+00:00,3185,ADMINISTRATIVE,False,,NONE,False,,1188000000.0,901137272.4781265,,XIFR|2026-07-28 11:34:00+00:00,False,False,0.0,-0.11308566714563506,False,False
0001437749-26-024291,WSBF,"2.02,9.01",2026-07-23 20:00:09+00:00,3626,ADMINISTRATIVE,False,,NONE,False,,,287285559.8376608,,WSBF|2026-07-23 20:00:00+00:00,False,False,0.06526210264711785,-0.011819093168398354,False,False
0001493152-26-032343,XMAX,"1.01,3.02,9.01",2026-07-07 20:30:30+00:00,4840,DILUTION_OFFERING,True,8.454,HIGH,False,,16722703.0,79460527.67733288,5.055402825727396e-07,XMAX|2026-07-07 20:30:00+00:00,False,False,0.006730153820950102,-0.07389777031015266,True,False
0001493152-26-034412,XMAX,"1.01,2.01,9.01",2026-07-23 20:30:42+00:00,4990,ADMINISTRATIVE,True,,NONE,False,,16722703.0,79460527.67733288,,XMAX|2026-07-23 20:30:00+00:00,False,False,0.004711420839974778,-0.02237922090759692,False,False
0001867096-26-000055,XERS,"3.02,8.01",2026-07-17 20:20:39+00:00,5274,DILUTION_OFFERING,False,,NONE,False,,291845000.0,1553441112.0600386,,XERS|2026-07-17 20:20:00+00:00,False,False,0.0022521963774337905,-0.08305182221062346,True,False
0001104659-26-086807,XPO,"5.02,8.01,9.01",2026-07-27 11:00:35+00:00,7779,ADMINISTRATIVE,False,,NONE,False,,8157000000.0,14773252952.968643,,XPO|2026-07-27 11:00:00+00:00,False,False,-4.6697848947396814e-05,-0.09375067284114413,False,False
0001104659-26-080771,XRN,"7.01,9.01",2026-07-06 20:30:27+00:00,12640,ADMINISTRATIVE,False,,NONE,False,,148208000.0,2053177000.6244202,,XRN|2026-07-06 20:30:00+00:00,False,False,0.022074517679194994,-0.04867016198463281,False,False
0001104659-26-084665,XRN,"5.02,9.01",2026-07-17 20:40:21+00:00,19147,MA_ACTIVITY,False,,NONE,False,,148208000.0,2053177000.6244202,,XRN|2026-07-17 20:40:00+00:00,False,False,0.00903054817552107,-0.024966863301722153,False,True
0001104659-26-080436,XRN,"1.01,2.01,9.01",2026-07-02 21:26:58+00:00,29712,DEBT_SETTLEMENT,True,217000000.0,HIGH,False,,148208000.0,2053177000.6244202,1.4641584799740905,XRN|2026-07-02 21:26:00+00:00,False,False,0.008661465728898587,-0.06115480602814305,False,False
0001903596-26-000279,XPON,"5.03,9.01",2026-07-16 20:59:40+00:00,6112,ADMINISTRATIVE,False,,NONE,True,reverse_split,9651870.0,49202034.669799805,,XPON|2026-07-16 20:59:00+00:00,False,True,0.08328170980806382,-0.2853457527509634,True,False
0001628280-26-047499,YEXT,5.02,2026-07-07 20:16:11+00:00,6390,ADMINISTRATIVE,False,,NONE,False,,446579000.0,1020400646.2522249,,YEXT|2026-07-07 20:16:00+00:00,False,False,0.1058595322087097,-0.06679767041166507,False,False
0000109380-26-000103,ZION,"2.02,9.01",2026-07-20 20:05:38+00:00,4675,ADMINISTRATIVE,False,,NONE,False,,529000000.0,7604101535.688358,,ZION|2026-07-20 20:05:00+00:00,False,False,0.01195968029979344,-0.02376655284504403,False,False
0001213900-26-078355,YHC,"5.03,7.01,9.01",2026-07-15 20:38:13+00:00,12745,ADMINISTRATIVE,False,,NONE,True,reverse_split,1564823.0,917422641.4356995,,YHC|2026-07-15 20:38:00+00:00,False,True,0.05910165457984062,-0.25295506581987304,True,False
0001493152-26-033519,YYAI,"5.02,9.01",2026-07-16 20:10:18+00:00,5395,ADMINISTRATIVE,False,,NONE,False,,12818182.0,658248469.9107018,,YYAI|2026-07-16 20:10:00+00:00,True,True,0.3250564589210154,-0.9683972898372435,False,False
0001493152-26-034704,YYAI,"1.01,2.01,7.01,9.01",2026-07-27 12:10:32+00:00,15791,ADMINISTRATIVE,False,50000000.0,HIGH,False,,12818182.0,658248469.9107018,3.9007091645289482,YYAI|2026-07-27 12:10:00+00:00,False,True,-0.09981515288051956,-0.9741219954630838,False,False
0001185185-26-002886,ZSQR,"1.01,9.01",2026-07-10 20:00:56+00:00,7820,ADMINISTRATIVE,False,,NONE,False,,1363045.0,485770284.1967211,,ZSQR|2026-07-10 20:00:00+00:00,False,True,0.010344845351840659,-0.5034482452447002,False,False
0001524472-26-000108,XYL,"2.02,9.01",2026-07-28 11:06:22+00:00,36310,EARNINGS,False,9200000000.0,HIGH,False,,9035000000.0,35949177414.98193,1.018262313226342,XYL|2026-07-28 11:06:00+00:00,False,False,0.025897594133927893,-0.06171838713056832,False,False
0001185185-26-002828,ZSQR,"1.01,9.01",2026-07-07 21:08:43+00:00,8836,ADMINISTRATIVE,True,,NONE,True,shelf,1363045.0,485770284.1967211,,ZSQR|2026-07-07 21:08:00+00:00,False,True,0.03290243542190607,-0.4888366877042807,True,False
0001062993-26-003734,ZSTK,"5.02,5.03,5.07,9.01",2026-07-20 20:02:11+00:00,10864,DILUTION_OFFERING,False,,NONE,False,,35676000.0,300163089.20462894,,ZSTK|2026-07-20 20:02:00+00:00,False,True,0.08433734247587221,-0.20481922952162102,True,False
0001185185-26-003094,ZSQR,"1.02,7.01,9.01",2026-07-22 21:30:42+00:00,15273,DILUTION_OFFERING,True,,NONE,True,"atm,shelf,going_concern",1363045.0,485770284.1967211,,ZSQR|2026-07-22 21:30:00+00:00,False,False,0.08910886975623145,-0.1386139128047107,True,False
0001062993-26-003811,ZSTK,2.01,2026-07-23 20:16:26+00:00,4462,ADMINISTRATIVE,False,,NONE,False,,35676000.0,300163089.20462894,,ZSTK|2026-07-23 20:16:00+00:00,False,False,-0.012903213897927035,-0.148387036735382,False,False
0001628280-26-048756,ZWS,"2.02,8.01,9.01",2026-07-20 11:19:39+00:00,9894,EARNINGS,True,,NONE,False,,1695900000.0,7784489786.421089,,ZWS|2026-07-20 11:19:00+00:00,False,False,0.007697044142122245,-0.036432706925397906,False,False
0001628280-26-050151,ZWS,"2.02,9.01",2026-07-28 20:07:42+00:00,37711,DEBT_SETTLEMENT,False,,NONE,False,,1695900000.0,7784489786.421089,,ZWS|2026-07-28 20:07:00+00:00,False,False,0.010360965588257054,-0.09029118749942622,False,False
