ticker,cik,form,accepted,et,items,accession,doc,n_amounts,max_amount,med_amount,doc_chars,revenue,market_cap,mat_rev,mat_cap,ex_n,ex_max,ex_chars,amount,key,up20,dn20,fwd_up,fwd_dn,pre_vol
AA,0001675149,8-K,2026-07-16 20:12:48+00:00,2026-07-16 20:12:48+00:00,"2.02,9.01",0001193125-26-306118,aa-20260716.htm,0,,,4125,12831000000.0,6002680424.637268,,0.6830281990645464,21.0,4099999999.9999995,66073.0,4099999999.9999995,AA|2026-07-16 20:12:00+00:00,False,False,0.002774836122717117,-0.08772672208142263,0.02797924603866187
AA,0001675149,8-K,2026-07-02 20:17:43+00:00,2026-07-02 20:17:43+00:00,"1.01,8.01,9.01",0000950103-26-010155,dp249367_8k-mc.htm,7,3100000000.0,750000000.0,21861,12831000000.0,6002680424.637268,0.24160236926194373,0.5164359553902668,,,,3100000000.0,AA|2026-07-02 20:17:00+00:00,False,False,0.023465666959948006,-0.054552771508358466,0.0328802942843526
ABAT,0001576873,8-K,2026-07-10 20:45:34+00:00,2026-07-10 20:45:34+00:00,"5.02,9.01",0001493152-26-032862,form8-k.htm,1,1000000.0,1000000.0,8876,4290224.0,482811789.93252563,0.23308806253473013,0.0020712004570968595,,,,1000000.0,ABAT|2026-07-10 20:45:00+00:00,False,False,0.05038764274619778,-0.10852712390299724,0.05253255713114286
ABR,0001253986,8-K,2026-07-06 21:24:57+00:00,2026-07-06 21:24:57+00:00,"1.01,2.03,3.02,9.01",0001104659-26-080833,tm2619809d1_8k.htm,7,375000000.0,102700000.0,11513,,2242234457.897133,,0.16724388418849456,,,,375000000.0,ABR|2026-07-06 21:24:00+00:00,False,False,0.01888663742128749,-0.033797230457853766,0.03717962757543923
ABUS,0001447028,8-K,2026-07-16 11:31:17+00:00,2026-07-16 11:31:17+00:00,"1.02,5.02,8.01,9.01",0001171843-26-004708,f8k_071626.htm,5,1300000000.0,230000000.0,14636,14083000.0,906734831.0063624,92.30987715685578,1.4337157408601613,,,,1300000000.0,ABUS|2026-07-16 11:31:00+00:00,False,False,0.009384791569956752,-0.11366007666785605,0.040487931659800254
ABG,0001144980,8-K,2026-07-28 11:04:10+00:00,2026-07-28 11:04:10+00:00,"2.02,9.01",0001144980-26-000089,abg-20260728.htm,0,,,3861,17999000000.0,4705380528.539703,,0.9350997168693438,27.0,4400000000.0,43540.0,4400000000.0,ABG|2026-07-28 11:04:00+00:00,False,False,0.09451060193650274,-0.037808487263131685,0.04476756794496749
ACGL,0000947484,8-K,2026-07-28 20:04:34+00:00,2026-07-28 20:04:34+00:00,"2.02,9.01",0000947484-26-000118,acgl-20260728.htm,0,,,4732,19929000000.0,32335806131.00441,,0.09277640977453543,8.0,3000000000.0,157719.0,3000000000.0,ACGL|2026-07-28 20:04:00+00:00,False,False,0.025128591975878578,-0.03812942967703459,0.013856301682740844
ACI,0001646972,8-K,2026-07-23 11:29:06+00:00,2026-07-23 11:29:06+00:00,"5.02,9.01",0001646972-26-000040,aci-20260723.htm,0,,,3486,83172500000.0,9431610332.008839,,0.0526951371510006,2.0,497000000.0,3990.0,497000000.0,ACI|2026-07-23 11:29:00+00:00,False,False,-0.003199996948242134,-0.13120002746582027,0.02008963319421291
ACU,0000002098,8-K,2026-07-23 12:08:37+00:00,2026-07-23 12:08:37+00:00,"2.02,9.01",0001193125-26-313374,acu-20260723.htm,0,,,3159,196541816.0,145587335.4805603,,0.44646740587322026,7.0,65000000.0,16855.0,65000000.0,ACU|2026-07-23 12:08:00+00:00,True,False,0.23855669473864372,-0.048041274867106964,0.1577121674955741
ACU,0000002098,8-K,2026-07-21 20:15:15+00:00,2026-07-21 20:15:15+00:00,"1.01,1.02,2.03,9.01",0001193125-26-310329,acu-20260721.htm,3,65000000.0,65000000.0,5748,196541816.0,145587335.4805603,0.3307184258437909,0.44646740587322026,,,,65000000.0,ACU|2026-07-21 20:15:00+00:00,True,False,0.2890558296516592,-0.02768234212596521,0.16110542552199214
ACTU,0001652935,8-K,2026-07-17 20:30:34+00:00,2026-07-17 20:30:34+00:00,3.01,0001683168-26-005616,actuate_8k.htm,2,50000000.0,50000000.0,8222,,128412708.71704912,,0.38936956084442126,,,,50000000.0,ACTU|2026-07-17 20:30:00+00:00,False,True,0.0,-0.32679739173186173,0.26192344123014755
ADSK,0000769397,8-K,2026-07-13 20:13:32+00:00,2026-07-13 20:13:32+00:00,8.01,0001213900-26-077574,ea0296272-8k_autodesk.htm,1,2000000000.0,2000000000.0,7476,7206000000.0,61738051300.04883,0.2775464890369137,0.03239493242635629,,,,2000000000.0,ADSK|2026-07-13 20:13:00+00:00,False,False,0.08655823563131326,-0.0018124577167323297,0.026324011575276494
ADTN,0000926282,8-K,2026-07-23 20:30:32+00:00,2026-07-23 20:30:32+00:00,"1.01,1.02,2.03,9.01",0001193125-26-314198,adtn-20260721.htm,3,350000000.0,50000000.0,10701,1083807000.0,812529464.5125217,0.3229357256411889,0.43075360991368233,0.0,,5774.0,350000000.0,ADTN|2026-07-23 20:30:00+00:00,False,False,0.0,-0.19863019898292789,0.11392736094152627
ADTN,0000926282,8-K,2026-07-22 11:02:14+00:00,2026-07-22 11:02:14+00:00,"2.02,7.01,9.01",0001193125-26-311290,adtn-20260721.htm,0,,,4700,1083807000.0,812529464.5125217,,0.37290955372527357,10.0,303000000.0,33095.0,303000000.0,ADTN|2026-07-22 11:02:00+00:00,False,False,0.07801423168102262,-0.14184393462644618,0.04883469341323015
AGEN,0001098972,8-K,2026-07-13 10:30:23+00:00,2026-07-13 10:30:23+00:00,"1.01,3.02,7.01,8.01,9.01",0001193125-26-301414,d111026d8k.htm,0,,,22781,114196000.0,117578560.34327888,,2.8916836454481674,2.0,340000000.0,44780.0,340000000.0,AGEN|2026-07-13 10:30:00+00:00,True,False,0.5130434450895891,-0.190434746120287,0.07173576851857467
AGEN,0001098972,8-K,2026-07-06 20:10:32+00:00,2026-07-06 20:10:32+00:00,1.01,0001193125-26-296186,agen-20260629.htm,1,5090000.0,5090000.0,46202,114196000.0,117578560.34327888,0.044572489404182285,0.04329020516273874,,,,5090000.0,AGEN|2026-07-06 20:10:00+00:00,True,False,1.5892857383607204,-0.07738095195858385,0.060549029371227955
AEHR,0001040470,8-K,2026-07-14 20:50:31+00:00,2026-07-14 20:50:31+00:00,"2.02,9.01",0001654954-26-006655,aehr_8k.htm,0,,,4270,50001000.0,610334045.1786423,,0.24576705360766105,20.0,150000000.0,36572.0,150000000.0,AEHR|2026-07-14 20:50:00+00:00,False,True,0.07933397252864971,-0.24828598288908366,0.08053492516103933
AGNC,0001423689,8-K,2026-07-20 20:06:41+00:00,2026-07-20 20:06:41+00:00,"2.02,9.01",0001423689-26-000124,agnc-20260720.htm,2,97200000000.0,52350000000.0,7945,,10479830041.028381,,9.274959576583154,,,,97200000000.0,AGNC|2026-07-20 20:06:00+00:00,False,False,-0.0022421183305447734,-0.061883372555151084,0.014366829513326669
AHR,0001632970,8-K,2026-07-22 20:16:45+00:00,2026-07-22 20:16:45+00:00,"5.02,7.01,9.01",0001193125-26-312419,ahr-20260720.htm,2,2072534.0,2072534.0,9898,2094506000.0,7639828193.83493,0.0009895096982295588,3.141431900179005,1.0,24000000000.0,6082.0,24000000000.0,AHR|2026-07-22 20:16:00+00:00,False,False,0.023539709236915618,-0.02247598403560791,0.01648134754104227
AGYS,0000078749,8-K,2026-07-27 20:05:18+00:00,2026-07-27 20:05:18+00:00,"2.02,9.01",0001193125-26-318055,agys-20260727.htm,0,,,3769,319312000.0,3062273128.4201813,,0.12180494174026525,15.0,373000000.0,24059.0,373000000.0,AGYS|2026-07-27 20:05:00+00:00,False,False,0.07017542252966491,-0.04967686732419885,0.06389058888031243
AHCO,0001725255,8-K,2026-07-20 20:35:23+00:00,2026-07-20 20:35:23+00:00,"1.01,9.01",0001104659-26-085086,tm2620877d1_8k.htm,4,235000000.0,14100000.0,9729,3244857000.0,1210914988.843999,0.07242229780850126,0.19406812382786917,1.0,235000000.0,9280.0,235000000.0,AHCO|2026-07-20 20:35:00+00:00,False,False,0.009516566054207143,-0.1044750170890194,0.033762045899461704
AHCO,0001725255,8-K,2026-07-07 20:45:49+00:00,2026-07-07 20:45:49+00:00,7.01,0001104659-26-081305,tm2619971d1_8k.htm,1,325000000.0,325000000.0,4209,3244857000.0,1210914988.843999,0.10015849696920388,0.26839208614492543,,,,325000000.0,AHCO|2026-07-07 20:45:00+00:00,False,False,0.0883077931798033,-0.03897389727116474,0.03752819157443581
AIRI,0001009891,8-K,2026-07-09 20:45:15+00:00,2026-07-09 20:45:15+00:00,"1.01,7.01,9.01",0001213900-26-076769,ea0297462-8k_airindus.htm,2,1250000.0,1250000.0,27077,47921000.0,14840776.439402103,0.026084597566828738,0.08422739909222426,0.0,,11774.0,1250000.0,AIRI|2026-07-09 20:45:00+00:00,False,False,0.006802714468455484,-0.11564630815325028,0.10865963864958797
AKR,0000899629,8-K,2026-07-28 20:21:28+00:00,2026-07-28 20:21:28+00:00,"2.02,9.01",0001193125-26-321040,akr-20260728.htm,0,,,4453,410757000.0,2604539900.5694485,,0.7678899446166005,37.0,2000000000.0,277826.0,2000000000.0,AKR|2026-07-28 20:21:00+00:00,False,False,0.0021758548914363463,-0.03611836119406997,0.014392433392490153
AIR,0000001750,8-K,2026-07-24 10:01:20+00:00,2026-07-24 10:01:20+00:00,"5.02,9.01",0001104659-26-086424,tm2621198d1_8k.htm,2,4500000000.0,2257500000.0,9532,3308000000.0,3004920343.048027,1.3603385731559854,1.497543856831641,,,,4500000000.0,AIR|2026-07-24 10:01:00+00:00,False,False,0.08276450831514492,-0.022551161479825166,0.06357720737917749
AIR,0000001750,8-K,2026-07-21 20:36:54+00:00,2026-07-21 20:36:54+00:00,"2.02,9.01",0001104659-26-085429,tm2620584d1_8k.htm,0,,,4557,3308000000.0,3004920343.048027,,0.10150019474081122,7.0,305000000.0,66894.0,305000000.0,AIR|2026-07-21 20:36:00+00:00,False,False,0.05343286315007001,-0.07671640880072295,0.044571074542800584
AIRT,0000353184,8-K,2026-07-10 20:31:19+00:00,2026-07-10 20:31:19+00:00,"1.01,8.01",0000353184-26-000070,airt-20260710.htm,1,8000000.0,8000000.0,9058,327090000.0,59133739.05185509,0.02445810021706564,0.13528655769567866,,,,8000000.0,AIRT|2026-07-10 20:31:00+00:00,False,False,0.08428573608398438,-0.13357142039707726,0.7810515887036823
ALEC,0001653087,8-K,2026-07-08 20:05:33+00:00,2026-07-08 20:05:33+00:00,1.02,0001193125-26-298526,alec-20260706.htm,1,10428827.77,10428827.77,5084,21045000.0,153842738.14952803,0.4955489555713946,0.0677888855557398,,,,10428827.77,ALEC|2026-07-08 20:05:00+00:00,False,True,0.010869554654186597,-0.25543479352400733,0.07477931209404945
ALK,0000766421,8-K,2026-07-21 20:30:28+00:00,2026-07-21 20:30:28+00:00,"2.02,7.01,9.01",0000766421-26-000036,alk-20260721.htm,0,,,4415,14239000000.0,4816517591.054935,,0.20761888254226754,4.0,1000000000.0,31884.0,1000000000.0,ALK|2026-07-21 20:30:00+00:00,False,False,0.12083145415775864,-0.05322060487263547,0.03281993207488303
ALLY,0000040729,8-K,2026-07-21 11:20:11+00:00,2026-07-21 11:20:11+00:00,"2.02,9.01",0001193125-26-309539,d40046d8k.htm,0,,,4261,1244000000.0,12303087374.812225,,1.113541632488739,26.0,13700000000.0,193010.0,13700000000.0,ALLY|2026-07-21 11:20:00+00:00,False,False,0.016003498091676338,-0.061791564576106905,0.017192289518404055
ALKS,0001520262,8-K,2026-07-28 11:05:18+00:00,2026-07-28 11:05:18+00:00,"2.02,9.01",0001193125-26-318844,alks-20260728.htm,0,,,4266,1475899000.0,4958942640.293404,,0.36298060505364105,22.0,1800000000.0,41277.0,1800000000.0,ALKS|2026-07-28 11:05:00+00:00,False,False,0.02747560049383524,-0.06731895752308337,0.025235509206062677
AM,0001623925,8-K,2026-07-27 10:03:13+00:00,2026-07-27 10:03:13+00:00,7.01,0001104659-26-086758,tm2621305d1_8k.htm,1,650000000.0,650000000.0,4187,1188426000.0,8536457913.013458,0.5469419214995296,0.07614399398714346,,,,650000000.0,AM|2026-07-27 10:03:00+00:00,False,False,-0.0013265835484916888,-0.06478002066835553,0.014464828773041304
AMC,0001411579,8-K,2026-07-20 10:59:42+00:00,2026-07-20 10:59:42+00:00,"2.02,9.01",0001411579-26-000055,amc-20260720x8k.htm,0,,,4286,4848900000.0,1333653209.68189,,1.9810997197916298,33.0,2642100000.0,66224.0,2642100000.0,AMC|2026-07-20 10:59:00+00:00,False,False,0.1818181128541314,-0.04545460949259217,0.07827195533716458
AMIX,0001617867,8-K,2026-07-28 15:36:42+00:00,2026-07-28 15:36:42+00:00,8.01,0001437749-26-024597,amix20260728_8k.htm,1,5100000.0,5100000.0,3293,0.0,117712863.27306938,inf,0.04332576626030292,,,,5100000.0,AMIX|2026-07-28 15:36:00+00:00,True,False,1.7052238132115027,-0.014925358528601551,0.3462177588225727
AMIX,0001617867,8-K,2026-07-15 21:02:46+00:00,2026-07-15 21:02:46+00:00,"1.01,3.02,8.01,9.01",0001437749-26-023638,amix20260714c_8k.htm,1,2600000.0,2600000.0,10477,0.0,117712863.27306938,inf,0.022087645544468154,,,,2600000.0,AMIX|2026-07-15 21:02:00+00:00,False,True,0.01771656573613334,-0.5196850208926016,0.3941712372444834
AMKR,0001047127,8-K,2026-07-27 20:08:09+00:00,2026-07-27 20:08:09+00:00,"2.02,9.01",0001047127-26-000043,amkr-20260727.htm,0,,,3465,6707981000.0,7977777513.7117,,0.3133704839102316,7.0,2500000000.0,20065.0,2500000000.0,AMKR|2026-07-27 20:08:00+00:00,False,False,-0.019800060882657733,-0.17999227529284378,0.06101451222173684
ALV,0001034670,8-K,2026-07-17 10:15:35+00:00,2026-07-17 10:15:35+00:00,"2.02,7.01,9.01",0001193125-26-306698,alv-20260717.htm,0,,,5439,10815000000.0,9449591567.691193,,0.2966265769182714,13.0,2803000000.0,79629.0,2803000000.0,ALV|2026-07-17 10:15:00+00:00,False,False,0.02275676904526902,-0.045136432860784725,0.01808674225004746
AMPG,0001518461,8-K,2026-07-22 21:00:13+00:00,2026-07-22 21:00:13+00:00,"8.01,9.01",0001493152-26-034262,form8-k.htm,0,,,4644,25195930.0,56577386.25,,0.38708044771156247,2.0,21900000.0,5410.0,21900000.0,AMPG|2026-07-22 21:00:00+00:00,False,True,0.03726704487356014,-0.2864907221483972,0.11877446178716652
AMPG,0001518461,8-K,2026-07-08 10:15:41+00:00,2026-07-08 10:15:41+00:00,"1.02,8.01",0001493152-26-032398,form8-k.htm,1,10000000.0,10000000.0,4527,25195930.0,56577386.25,0.3968894976291806,0.17674906288199202,,,,10000000.0,AMPG|2026-07-08 10:15:00+00:00,False,False,0.1035825473442844,-0.07009350167516903,0.12557302424587044
ANRO,0001999480,8-K,2026-07-13 11:39:07+00:00,2026-07-13 11:39:07+00:00,"2.02,8.01",0001104659-26-082875,tm2620297d1_8k.htm,1,244200000.0,244200000.0,6380,,301362883.8686743,,0.8103187654204149,,,,244200000.0,ANRO|2026-07-13 11:39:00+00:00,False,False,0.07010390805560518,-0.05415427055090405,0.09104521514673279
ANIK,0000898437,8-K,2026-07-14 21:00:16+00:00,2026-07-14 21:00:16+00:00,"1.01,2.03,9.01",0001171843-26-004635,f8k_071426.htm,1,50000000.0,50000000.0,7904,112819000.0,141008916.3499546,0.44318776092679424,0.35458750619649093,,,,50000000.0,ANIK|2026-07-14 21:00:00+00:00,False,False,0.1740249527376958,-0.06628241194895612,0.10937005135478643
ANGO,0001275187,8-K,2026-07-14 11:30:53+00:00,2026-07-14 11:30:53+00:00,"2.02,7.01,9.01",0001140361-26-028368,ef20077916_8k.htm,0,,,7170,320174000.0,535597972.0,,0.597836468282968,3.0,320200000.0,79254.0,320200000.0,ANGO|2026-07-14 11:30:00+00:00,False,False,0.11363630484212739,-0.09750732333061374,0.037865464033743176
AP,0000006176,8-K,2026-07-09 12:49:05+00:00,2026-07-09 12:49:05+00:00,"2.02,9.01",0001193125-26-299212,ap-20260708.htm,0,,,3672,416280000.0,39211866.83432937,,6.834665667215065,3.0,268000000.0,7950.0,268000000.0,AP|2026-07-09 12:49:00+00:00,False,False,0.051037134736448886,-0.13889535574375433,0.11352361493837418
APLE,0001418121,8-K,2026-07-28 20:15:18+00:00,2026-07-28 20:15:18+00:00,"1.01,2.03,8.01,9.01",0001193125-26-321027,aple-20260723.htm,17,1750000000.0,275000000.0,12271,1412386000.0,2765671509.2308903,1.239038053336694,0.6327577205604797,12.0,1750000000.0,9916.0,1750000000.0,APLE|2026-07-28 20:15:00+00:00,False,False,0.008638692825846395,-0.02347328586912034,0.014625620588902525
ARCC,0001287750,8-K,2026-07-22 21:23:34+00:00,2026-07-22 21:23:34+00:00,"1.01,2.03,9.01",0001104659-26-085912,tm2620889d1_8k.htm,9,708700000.0,139000000.0,12430,,14065026811.266846,,0.05038739061857266,,,,708700000.0,ARCC|2026-07-22 21:23:00+00:00,False,False,0.014584970840983535,-0.017501985240934936,0.011394896155455725
ARES,0001176948,8-K,2026-07-09 19:15:30+00:00,2026-07-09 19:15:30+00:00,"2.02,7.01",0001628280-26-047830,ares-20260710.htm,2,50000000.0,33000000.0,7995,5601482000.0,3030739812.056362,0.008926209171072941,0.016497622066103692,,,,50000000.0,ARES|2026-07-09 19:15:00+00:00,False,False,0.05685478168715852,-0.014296366634106716,0.028270007831877535
ARE,0001035443,8-K,2026-07-09 21:10:11+00:00,2026-07-09 21:10:11+00:00,"1.01,2.03",0001035443-26-000058,are-20260709.htm,2,5000000000.0,3000000000.0,10181,3026556000.0,12776477963.805939,1.6520427839432015,0.3913441571428632,,,,5000000000.0,ARE|2026-07-09 21:10:00+00:00,False,False,0.0203915167481854,-0.037724352656620774,0.025803614870127806
AREC,0001590715,8-K,2026-07-21 13:15:44+00:00,2026-07-21 13:15:44+00:00,8.01,0001654954-26-006764,arec_8k.htm,1,20000000.0,20000000.0,3677,0.0,119298323.27316356,inf,0.1676469496910276,,,,20000000.0,AREC|2026-07-21 13:15:00+00:00,False,False,0.08982041869587176,-0.0239520735814005,0.12027610715837121
ARLP,0001086600,8-K,2026-07-27 12:00:17+00:00,2026-07-27 12:00:17+00:00,"2.02,9.01",0001104659-26-086855,arlp-20260727x8k.htm,0,,,4329,2194811000.0,3177309284.365158,,0.3430575692972827,29.0,1090000000.0,65382.0,1090000000.0,ARLP|2026-07-27 12:00:00+00:00,False,False,0.07435166376751745,-0.005267466228027984,0.026975996386649333
ARRY,0001820721,8-K,2026-07-16 20:46:07+00:00,2026-07-16 20:46:07+00:00,"1.01,3.02,7.01,9.01",0001193125-26-306194,d97599d8k.htm,9,203000000.0,16000000.0,10394,1284141000.0,1322596519.536049,0.15808232896543292,0.15348596265111145,13.0,203000000.0,37450.0,203000000.0,ARRY|2026-07-16 20:46:00+00:00,False,False,0.028409122576258383,-0.10334416125270696,0.04931549441640851
ARCB,0000894405,8-K,2026-07-16 20:10:12+00:00,2026-07-16 20:10:12+00:00,"2.05,2.06,8.01,9.01",0001104659-26-084248,arcb-20260716x8k.htm,14,76500000.0,7900000.0,15335,4010158000.0,1667243783.9513855,0.01907655508835313,0.04588411169162927,0.0,,10568.0,76500000.0,ARCB|2026-07-16 20:10:00+00:00,False,False,0.01904797683884696,-0.1421824959270822,0.054841267846670164
ARMP,0000921114,8-K,2026-07-20 11:13:05+00:00,2026-07-20 11:13:05+00:00,"7.01,9.01",0001104659-26-084861,tm2620782d2_8k.htm,3,28700000.0,2500000.0,5170,,175352440.80823517,,0.16367037645849608,3.0,28700000.0,9520.0,28700000.0,ARMP|2026-07-20 11:13:00+00:00,False,False,0.14822547887292825,-0.0897703197835259,0.15701925076819293
ASB,0000007789,8-K,2026-07-23 20:16:35+00:00,2026-07-23 20:16:35+00:00,"2.02,9.01",0000007789-26-000191,asb-20260723.htm,0,,,4989,,4199272068.987198,,8.549100751325824,35.0,35900000000.0,73079.0,35900000000.0,ASB|2026-07-23 20:16:00+00:00,False,False,0.03574981343212902,-0.009599437834070135,0.014552979408008258
ASPI,0001921865,8-K,2026-07-16 20:15:46+00:00,2026-07-16 20:15:46+00:00,"8.01,9.01",0001193125-26-306136,aspi-20260716.htm,0,,,32271,23849000.0,697699827.1167641,,0.7166405674288954,176.0,500000000.0,274673.0,500000000.0,ASPI|2026-07-16 20:15:00+00:00,False,False,0.12820512507010418,-0.07435902389235316,0.11708883957857175
ASPI,0001921865,8-K,2026-07-16 01:58:49+00:00,2026-07-16 01:58:49+00:00,"1.01,3.02,7.01,9.01",0001477932-26-004337,aspi_8k.htm,2,110700000.0,109950000.0,6537,23849000.0,697699827.1167641,4.641704054677345,0.3150351934417424,3.0,219800000.0,9584.0,219800000.0,ASPI|2026-07-16 01:58:00+00:00,False,False,0.050458665929975055,-0.17201839803936814,0.05855749256813434
AROW,0000717538,8-K,2026-07-23 11:29:51+00:00,2026-07-23 11:29:51+00:00,"2.02,7.01,8.01,9.01",0000717538-26-000110,arow-20260722.htm,0,,,4648,,435441056.2354088,,2.2965220795794195,18.0,1000000000.0,42058.0,1000000000.0,AROW|2026-07-23 11:29:00+00:00,False,False,0.021995732772662535,-0.06777683978669935,0.07655211335376674
ASPS,0001462418,8-K,2026-07-23 11:04:57+00:00,2026-07-23 11:04:57+00:00,"2.02,9.01",0001462418-26-000047,asps-20260723.htm,0,,,3859,170975000.0,132389845.54554844,,0.3678529859999336,17.0,48700000.0,38650.0,48700000.0,ASPS|2026-07-23 11:04:00+00:00,False,True,-0.0023076717670147406,-0.23069227658785307,0.3108775069106019
ASIC,0002040491,8-K,2026-07-10 12:06:20+00:00,2026-07-10 12:06:20+00:00,"2.02,5.02,9.01",0002040491-26-000029,asic-20260706.htm,1,205000000.0,205000000.0,9487,424339000.0,855106174.4663544,0.4831043104687526,0.2397363112574111,,,,205000000.0,ASIC|2026-07-10 12:06:00+00:00,False,False,0.08333333333333326,-0.08333333333333337,0.07299126778053078
ATHR,0002026353,8-K,2026-07-21 12:00:18+00:00,2026-07-21 12:00:18+00:00,"1.01,9.01",0001493152-26-034007,form8-k.htm,3,25000000.0,25000000.0,15571,1380850.0,71397511.85406733,18.104790527573595,0.3501522581220849,,,,25000000.0,ATHR|2026-07-21 12:00:00+00:00,False,True,0.043295404189382714,-0.29318185734354674,0.6056158825432558
ATII,0002028516,8-K,2026-07-14 20:41:56+00:00,2026-07-14 20:41:56+00:00,"3.02,8.01,9.01",0001104659-26-083534,tm264900d12_8k.htm,2,60000000.0,41500000.0,19957,,307144203.38630676,,0.748833927074705,10.0,230000000.0,151077.0,230000000.0,ATII|2026-07-14 20:41:00+00:00,False,False,-0.0009259471023357335,-0.016666694629339007,0.029506324228048577
ATER,0001757715,8-K,2026-07-20 20:42:14+00:00,2026-07-20 20:42:14+00:00,"1.01,1.02,2.01,3.02,3.03,5.01,5.02,5.03,5.07,8.01,9.01",0001437749-26-023879,ater20260718_8k.htm,2,18000000.0,12500000.0,28582,68975000.0,8637115.055225372,0.26096411743385284,2.0840292024488165,,,,18000000.0,ATER|2026-07-20 20:42:00+00:00,False,True,0.0166666501098216,-0.7049166876110757,0.19978399282086245
ASH,0001674862,8-K,2026-07-28 21:10:01+00:00,2026-07-28 21:10:01+00:00,"2.02,7.01,9.01",0001193125-26-321238,ash-20260728.htm,0,,,4226,1824000000.0,2229993732.6650543,,0.8385673791850403,9.0,1870000000.0,77480.0,1870000000.0,ASH|2026-07-28 21:10:00+00:00,False,False,-0.0013334908250398625,-0.0698759569681382,0.029949387605571046
ASTH,0001083446,8-K,2026-07-13 12:05:26+00:00,2026-07-13 12:05:26+00:00,"7.01,9.01",0001104659-26-082892,tm2620233d1_8k.htm,0,,,4165,3181769000.0,1863445463.2954025,,1.7065162692641094,3.0,3180000000.0,10380.0,3180000000.0,ASTH|2026-07-13 12:05:00+00:00,False,False,0.0486781305550128,-0.10197231695155906,0.04912082974251081
AUB,0000883948,8-K,2026-07-27 22:19:42+00:00,2026-07-27 22:19:42+00:00,"1.01,9.01",0001104659-26-087206,tm2621299d2_8k.htm,2,250000000.0,209000000.0,6982,,4811172504.9599495,,0.0519623854148379,,,,250000000.0,AUB|2026-07-27 22:19:00+00:00,False,False,0.01267012972924686,-0.008094730517408832,0.016208461129085406
AUB,0000883948,8-K,2026-07-27 12:50:39+00:00,2026-07-27 12:50:39+00:00,"8.01,9.01",0001104659-26-086873,tm2621266d1_8k.htm,0,,,4425,,4811172504.9599495,,6.339411020610224,43.0,30500000000.0,78168.0,30500000000.0,AUB|2026-07-27 12:50:00+00:00,False,False,0.01481309866441638,-0.00881730568453587,0.017926339667052385
AUB,0000883948,8-K,2026-07-22 11:30:45+00:00,2026-07-22 11:30:45+00:00,"7.01,9.01",0001104659-26-085612,tm2621039d1_8k.htm,0,,,4765,,4811172504.9599495,,6.339411020610224,34.0,30500000000.0,71211.0,30500000000.0,AUB|2026-07-22 11:30:00+00:00,False,False,0.008175623987236147,-0.03270267416418171,0.01748097382431845
AUB,0000883948,8-K,2026-07-21 10:59:37+00:00,2026-07-21 10:59:37+00:00,"2.02,7.01,9.01",0001104659-26-085221,aub-20260721x8k.htm,0,,,5278,,4811172504.9599495,,6.339411020610224,50.0,30500000000.0,181591.0,30500000000.0,AUB|2026-07-21 10:59:00+00:00,False,False,0.008243106367525899,-0.03320772203991251,0.01444019789480264
AVNS,0001606498,8-K,2026-07-14 23:18:06+00:00,2026-07-14 23:18:06+00:00,"8.01,9.01",0001606498-26-000093,avns-20260714.htm,5,86800000.0,21600000.0,22421,701200000.0,542909018.8494291,0.12378779235596121,0.15987945859501956,,,,86800000.0,AVNS|2026-07-14 23:18:00+00:00,False,False,0.0016026008411285098,-0.00040057379406810423,0.003202427372887072
AVNS,0001606498,8-K,2026-07-14 23:18:06+00:00,2026-07-14 23:18:06+00:00,"8.01,9.01",0001606498-26-000093,avns-20260714.htm,5,86800000.0,21600000.0,22421,701200000.0,542909018.8494291,0.12378779235596121,0.15987945859501956,,,,86800000.0,AVNS|2026-07-14 23:18:00+00:00,False,False,0.0016026008411285098,-0.00040057379406810423,0.003202427372887072
AURA,0001501796,8-K,2026-07-08 11:17:42+00:00,2026-07-08 11:17:42+00:00,"5.02,9.01",0001193125-26-297992,aura-20260703.htm,0,,,10401,,336068503.4512596,,7.438959540469337,1.0,2500000000.0,8238.0,2500000000.0,AURA|2026-07-08 11:17:00+00:00,False,False,0.04368418350185532,-0.05689901613507009,0.09754272208895132
AVO,0001802974,8-K,2026-07-09 21:54:02+00:00,2026-07-09 21:54:02+00:00,8.01,0001802974-26-000037,avo-20260709.htm,1,100000000.0,100000000.0,3070,1391200000.0,848841518.1668549,0.0718803910293272,0.11780762116343987,,,,100000000.0,AVO|2026-07-09 21:54:00+00:00,False,False,0.03406146125501275,-0.0410959126599576,0.03073370218681321
AWK,0001410636,8-K/A,2026-07-06 20:21:42+00:00,2026-07-06 20:21:42+00:00,"8.01,9.01",0001410636-26-000113,awk-20260701.htm,4,1600000000.0,105500000.0,9070,5121000000.0,28057124300.14514,0.3124389767623511,0.057026514295754935,,,,1600000000.0,AWK|2026-07-06 20:21:00+00:00,False,False,0.02776957006648706,-0.037421989606620465,0.02034961422523299
AWI,0000007431,8-K,2026-07-28 10:00:37+00:00,2026-07-28 10:00:37+00:00,"2.02,7.01,9.01",0001193125-26-318759,awi-20260728.htm,0,,,4993,1620800000.0,8706171660.694885,,0.2871526197084497,11.0,2500000000.0,63225.0,2500000000.0,AWI|2026-07-28 10:00:00+00:00,False,False,0.10762632962694663,-0.0008516387571182449,0.028560118042565075
AWI,0000007431,8-K,2026-07-21 20:30:14+00:00,2026-07-21 20:30:14+00:00,"8.01,9.01",0001193125-26-310382,awi-20260721.htm,2,2500000000.0,1650000000.0,4382,1620800000.0,8706171660.694885,1.5424481737413622,0.2871526197084497,4.0,2500000000.0,3280.0,2500000000.0,AWI|2026-07-21 20:30:00+00:00,True,False,0.21211539317783146,-0.012002845659457306,0.024211448263666554
AXTA,0001616862,8-K,2026-07-28 10:02:20+00:00,2026-07-28 10:02:20+00:00,"2.02,9.01",0001628280-26-049911,axta-20260728.htm,0,,,3671,5117000000.0,6282816141.069889,,0.21487179788299693,10.0,1350000000.0,37925.0,1350000000.0,AXTA|2026-07-28 10:02:00+00:00,False,False,0.029765339336113916,-0.002575848772904399,0.037362563325659716
AXTI,0001051627,8-K,2026-07-08 13:29:29+00:00,2026-07-08 13:29:29+00:00,2.04,0001437749-26-022984,axti20260629_8k.htm,1,49000000.0,49000000.0,5737,88326000.0,337634532.11786985,0.5547630369313679,0.14512733544356138,,,,49000000.0,AXTI|2026-07-08 13:29:00+00:00,False,False,0.08158312274438306,-0.1248788879868099,0.09124330494109005
AXTI,0001051627,8-K,2026-07-02 21:02:47+00:00,2026-07-02 21:02:47+00:00,"1.01,9.01",0001437749-26-022557,axti20260630_8k.htm,1,22288500.0,22288500.0,5775,88326000.0,337634532.11786985,0.25234359078866925,0.0660136860415065,,,,22288500.0,AXTI|2026-07-02 21:02:00+00:00,False,False,0.09759226470007087,-0.08828250509396796,0.07232558638380106
AXR,0000006207,8-K,2026-07-24 20:32:46+00:00,2026-07-24 20:32:46+00:00,"2.02,9.01",0001104659-26-086664,tm2621237d1_8k.htm,0,,,4145,52847000.0,114130964.20443535,,0.4630382330367298,4.0,52847000.0,2423.0,52847000.0,AXR|2026-07-24 20:32:00+00:00,False,False,0.009566342563375851,-0.06802722577930842,0.24920685563177952
AZTA,0000933974,8-K,2026-07-08 12:03:36+00:00,2026-07-08 12:03:36+00:00,"1.01,2.01,7.01,9.01",0001628280-26-047591,azta-20260701.htm,1,35000000.0,35000000.0,11419,593821000.0,1370607849.7135315,0.05894032039958169,0.025536115240632318,,,,35000000.0,AZTA|2026-07-08 12:03:00+00:00,False,False,0.06494277389334435,-0.0428345474828532,0.043664558055898396
BANR,0000946673,8-K,2026-07-22 20:41:25+00:00,2026-07-22 20:41:25+00:00,"2.02,7.01,8.01,9.01",0000946673-26-000163,banr-20260722.htm,0,,,4356,,2112421445.4861145,,0.771626326499872,34.0,1630000000.0,79191.0,1630000000.0,BANR|2026-07-22 20:41:00+00:00,False,False,0.06677623330856308,0.00014930544474789365,0.030630800013972954
BANF,0000760498,8-K,2026-07-23 20:38:54+00:00,2026-07-23 20:38:54+00:00,"2.02,9.01",0001193125-26-314223,banf-20260723.htm,0,,,3350,,3645703877.848053,,0.013166181787735575,5.0,48000000.0,30613.0,48000000.0,BANF|2026-07-23 20:38:00+00:00,False,False,0.02166639356480804,-0.0353526919016276,0.048852823047006035
BBBY,0001130713,8-K,2026-07-27 21:25:25+00:00,2026-07-27 21:25:25+00:00,"1.01,3.02,9.01",0001140361-26-029774,ef20078728_8k.htm,3,20000000.0,7000000.0,15253,1044616000.0,482784249.4005432,0.019145791372140578,0.041426372183502924,,,,20000000.0,BBBY|2026-07-27 21:25:00+00:00,False,False,0.018867905855434186,-0.06698113326374511,0.04229690108727846
BBBY,0001130713,8-K,2026-07-09 20:06:14+00:00,2026-07-09 20:06:14+00:00,"1.01,2.01,2.03,3.02,9.01",0001140361-26-028107,ef20077593_8k.htm,3,112553000.0,112553000.0,15758,1044616000.0,482784249.4005432,0.10774581281542692,0.2331331234184902,,,,112553000.0,BBBY|2026-07-09 20:06:00+00:00,False,False,0.004512652624472091,-0.11191333751412225,0.03851754535535963
BBWI,0000701985,8-K,2026-07-20 10:45:42+00:00,2026-07-20 10:45:42+00:00,"7.01,9.01",0000701985-26-000021,bbwi-20260720.htm,1,250000000.0,250000000.0,3141,7291000000.0,3261887389.3965454,0.03428884926621863,0.07664274395636031,,,,250000000.0,BBWI|2026-07-20 10:45:00+00:00,False,False,-0.00047654174843836383,-0.08863476560653771,0.029266345415599835
BBIO,0001743881,8-K,2026-07-02 20:23:41+00:00,2026-07-02 20:23:41+00:00,"1.01,3.02,3.03,5.03,7.01,9.01",0001140361-26-027445,ef20077282_8k.htm,3,800000000.0,133900000.0,18563,502076000.0,12150670376.769989,1.593384268517117,0.08229998584373004,2.0,1000000000.0,10998.0,1000000000.0,BBIO|2026-07-02 20:23:00+00:00,True,False,0.20132456724821512,-0.022505143414658257,0.02605912234343498
BBLG,0001419554,8-K,2026-07-23 12:05:26+00:00,2026-07-23 12:05:26+00:00,"7.01,9.01",0001493152-26-034334,form8-k.htm,0,,,4230,,3177610.165758133,,1.8882114819041953,2.0,6000000.0,7247.0,6000000.0,BBLG|2026-07-23 12:05:00+00:00,False,True,-0.013826101009246639,-0.23469562602448724,0.3656125489125738
BBLG,0001419554,8-K,2026-07-09 20:30:35+00:00,2026-07-09 20:30:35+00:00,"1.01,3.02,8.01,9.01",0001493152-26-032694,form8-k.htm,2,6000000.0,4350000.0,15093,,3177610.165758133,,2.832317222856293,4.0,9000000.0,6550.0,9000000.0,BBLG|2026-07-09 20:30:00+00:00,False,True,0.045454500299513256,-0.33325759329277993,0.321932865899955
BCAL,0001795815,8-K,2026-07-27 12:10:37+00:00,2026-07-27 12:10:37+00:00,"2.02,7.01,8.01,9.01",0001493152-26-034705,form8-k.htm,0,,,4914,,601900690.8926868,,1.1958783415457708,48.0,719800000.0,77712.0,719800000.0,BCAL|2026-07-27 12:10:00+00:00,False,False,0.013863269541157575,-0.020794772101799586,0.046596181558723596
BCO,0000078890,8-K,2026-07-24 21:13:19+00:00,2026-07-24 21:13:19+00:00,7.01,0000078890-26-000048,bco-20260724.htm,3,100000000.0,15000000.0,5651,5261200000.0,4655343748.639755,0.019007070630274462,0.021480690878996636,,,,100000000.0,BCO|2026-07-24 21:13:00+00:00,False,False,0.02561342824037105,-0.04791113070738984,0.0318612489377039
BCML,0001730984,8-K,2026-07-23 20:05:54+00:00,2026-07-23 20:05:54+00:00,"2.02,9.01",0001730984-26-000066,bcml-20260723x8k.htm,0,,,3769,,308049025.13414,,6.817096723761923,39.0,2100000000.0,57767.0,2100000000.0,BCML|2026-07-23 20:05:00+00:00,False,False,-0.008435513007767237,-0.07269935714156994,0.08079710799578259
BE,0001664703,8-K,2026-07-28 16:07:21+00:00,2026-07-28 16:07:21+00:00,"2.02,7.01,9.01",0001628280-26-050150,be-20260728.htm,0,,,5127,2001614000.0,25828695285.90538,,0.15099485114636105,16.0,3900000000.0,58334.0,3900000000.0,BE|2026-07-28 16:07:00+00:00,True,False,0.3037225710857374,-0.04922711575776151,0.08622871011223981
BDN,0000790816,8-K,2026-07-23 19:44:59+00:00,2026-07-23 19:44:59+00:00,"2.02,9.01",0000790816-26-000025,bdn-20260722.htm,0,,,4679,484454000.0,639212475.1156619,,0.9386550221683853,22.0,600000000.0,38400.0,600000000.0,BDN|2026-07-23 19:44:00+00:00,False,False,0.05537461888944617,-0.05863186718329727,0.04113390654164708
BDN,0000790816,8-K,2026-07-10 19:17:59+00:00,2026-07-10 19:17:59+00:00,"2.01,9.01",0000790816-26-000022,bdn-20260710.htm,2,151000000.0,148550000.0,4352,484454000.0,639212475.1156619,0.3116910996709698,0.23622818057904363,13.0,151000000.0,12836.0,151000000.0,BDN|2026-07-10 19:17:00+00:00,False,False,0.07312598123290726,-0.00491001786461398,0.033170127689085435
BCPC,0000009326,8-K,2026-07-25 01:52:36+00:00,2026-07-25 01:52:36+00:00,"1.01,2.03,9.01",0001140361-26-029658,ef20078813_8k.htm,2,650000000.0,600000000.0,7704,1037161000.0,5096114543.523544,0.6267107999625902,0.1275481534900074,,,,650000000.0,BCPC|2026-07-25 01:52:00+00:00,False,False,0.03611147213653432,-0.014542373393356622,0.038412918441174906
BEN,0000038777,8-K,2026-07-23 12:48:00+00:00,2026-07-23 12:48:00+00:00,"5.02,9.01",0000038777-26-000194,ben-20260721.htm,1,15000000.0,15000000.0,10017,8770700000.0,11759777310.692644,0.0017102397756165414,0.0012755343578114498,,,,15000000.0,BEN|2026-07-23 12:48:00+00:00,False,False,0.05056965630095478,-0.0026533193344004946,0.022812377739334973
BFC,0001746109,8-K/A,2026-07-22 16:54:07+00:00,2026-07-22 16:54:07+00:00,"2.02,9.01",0001104659-26-085712,tm2621108d1_8ka.htm,0,,,4656,,1220795360.93779,,1.2123243971562068,22.0,1480000000.0,66596.0,1480000000.0,BFC|2026-07-22 16:54:00+00:00,False,False,0.06858886901419137,-0.006981046696828086,0.060645040382617844
BFC,0001746109,8-K,2026-07-21 20:05:55+00:00,2026-07-21 20:05:55+00:00,"2.02,9.01",0001104659-26-085400,tm2620919d1_8k.htm,0,,,4080,,1220795360.93779,,1.2123243971562068,21.0,1480000000.0,66846.0,1480000000.0,BFC|2026-07-21 20:05:00+00:00,False,False,0.04656100829447607,-0.02987826665741644,0.06031170461682578
BHB,0000743367,8-K,2026-07-27 21:05:31+00:00,2026-07-27 21:05:31+00:00,"7.01,9.01",0001104659-26-087138,bhb-20260727x8k.htm,0,,,5752,,489309397.0671959,,0.0100141138293469,2.0,4900000.0,32272.0,4900000.0,BHB|2026-07-27 21:05:00+00:00,False,False,0.01945529167040938,-0.010543446180447447,0.053826635852120545
BHB,0000743367,8-K,2026-07-21 20:17:28+00:00,2026-07-21 20:17:28+00:00,"2.02,7.01,9.01",0001104659-26-085415,bhb-20260721x8k.htm,0,,,3931,,489309397.0671959,,0.8448642157248997,20.0,413400000.0,79007.0,413400000.0,BHB|2026-07-21 20:17:00+00:00,False,False,0.04476464436019034,-0.04424999879778635,0.04792387979846855
BGDE,0001218683,8-K,2026-07-20 12:35:36+00:00,2026-07-20 12:35:36+00:00,"1.01,2.01,7.01,9.01",0001213900-26-079426,ea0298493-8k_bigdigital.htm,2,10000000.0,7450000.0,9090,39754085.0,475291109.69568634,0.25154647629293947,0.02103973711269853,0.0,,6761.0,10000000.0,BGDE|2026-07-20 12:35:00+00:00,False,False,0.13286202541907643,-0.18228274543182688,0.3644946514050715
BGDE,0001218683,8-K,2026-07-06 12:41:41+00:00,2026-07-06 12:41:41+00:00,"1.01,3.02,5.03,7.01,9.01",0001213900-26-075248,ea0296900-8k_bigdigital.htm,1,2000000.0,2000000.0,19943,39754085.0,475291109.69568634,0.05030929525858789,0.004207947422539706,0.0,,23047.0,2000000.0,BGDE|2026-07-06 12:41:00+00:00,False,True,0.020765086555067702,-0.4754097933497108,0.383417810477545
BHR,0001574085,8-K,2026-07-17 00:00:11+00:00,2026-07-17 00:00:11+00:00,"1.01,2.01,9.01",0001574085-26-000116,bhr-20260713.htm,2,437500000.0,313750000.0,5363,704015000.0,170548580.0,0.6214356228205365,2.537107022526954,4.0,432700000.0,18883.0,432700000.0,BHR|2026-07-17 00:00:00+00:00,True,False,0.20049503723460882,-0.017326716312811796,0.04905302933620241
BKU,0001504008,8-K,2026-07-22 10:48:16+00:00,2026-07-22 10:48:16+00:00,"2.02,9.01",0001504008-26-000076,bku-20260722.htm,0,,,3910,21732000.0,3014528079.5587006,,0.05639356990991653,7.0,170000000.0,36309.0,170000000.0,BKU|2026-07-22 10:48:00+00:00,False,False,-0.012868835879577878,-0.07323707748377173,0.01748771158588618
BLFS,0000834365,8-K,2026-07-22 21:17:19+00:00,2026-07-22 21:17:19+00:00,"1.01,7.01,9.01",0001628280-26-049232,blfs-20260721.htm,1,59000000.0,59000000.0,28348,96214000.0,1319311041.95858,0.6132163718377783,1.136957057354101,3.0,1500000000.0,20022.0,1500000000.0,BLFS|2026-07-22 21:17:00+00:00,False,False,0.034999966621398926,-0.0740625262260437,0.040662129087982744
BLNE,0001534708,8-K,2026-07-02 21:25:16+00:00,2026-07-02 21:25:16+00:00,"1.01,3.02,9.01",0001493152-26-031971,form8-k.htm,1,1575098.23,1575098.23,6933,7770000.0,14770111.296791792,0.2027153449163449,0.1066409181589665,,,,1575098.23,BLNE|2026-07-02 21:25:00+00:00,False,True,0.05504581737815473,-0.3027523236788029,0.11990254175647505
BMI,0000009092,8-K,2026-07-22 12:32:50+00:00,2026-07-22 12:32:50+00:00,"2.02,9.01",0001193125-26-311374,bmi-20260722.htm,0,,,3197,916663000.0,5116374301.069336,,0.029317636117562704,3.0,150000000.0,22675.0,150000000.0,BMI|2026-07-22 12:32:00+00:00,False,False,-0.03403877410919587,-0.17409765855278625,0.04028762364046003
BLK,0002012383,8-K,2026-07-15 10:33:30+00:00,2026-07-15 10:33:30+00:00,"2.02,7.01,9.01",0001193125-26-304013,blk-20260715.htm,0,,,3867,24216000000.0,173754364315.78296,,4.99555797299277,17.0,868000000000.0,140820.0,868000000000.0,BLK|2026-07-15 10:33:00+00:00,False,False,0.013522653265058304,-0.051054444070287586,0.017445792575593668
BMRC,0001403475,8-K,2026-07-27 12:33:53+00:00,2026-07-27 12:33:53+00:00,"2.02,7.01,8.01,9.01",0001403475-26-000035,bmrc-20260723.htm,0,,,4483,,417806546.44947433,,5.0645448664742005,17.0,2116000000.0,49999.0,2116000000.0,BMRC|2026-07-27 12:33:00+00:00,False,False,0.029686501353785033,-0.04202802695532826,0.05795006333947108
BMNR,0001829311,8-K,2026-07-13 12:45:24+00:00,2026-07-13 12:45:24+00:00,"5.03,7.01,9.01",0001493152-26-032951,form8-k.htm,0,,,4748,6095000.0,327984436.4029541,,0.7378398885448466,2.0,242000000.0,12421.0,242000000.0,BMNR|2026-07-13 12:45:00+00:00,False,False,0.14691943189164292,-0.030467213878989097,0.048466232535445054
BMNR,0001829311,8-K,2026-07-06 12:45:42+00:00,2026-07-06 12:45:42+00:00,"7.01,9.01",0001493152-26-032090,form8-k.htm,0,,,4135,6095000.0,327984436.4029541,,0.716497412429913,2.0,235000000.0,12080.0,235000000.0,BMNR|2026-07-06 12:45:00+00:00,False,False,0.10609173354952572,-0.027378482404512572,0.04714287092249754
BNAI,0001838163,8-K,2026-07-27 12:45:40+00:00,2026-07-27 12:45:40+00:00,"2.02,9.01",0001493152-26-034718,form8-k.htm,1,5300000.0,5300000.0,4629,275120.0,112426396.61119938,19.264321023553357,0.04714195384495708,3.0,5300000.0,5433.0,5300000.0,BNAI|2026-07-27 12:45:00+00:00,False,False,0.1028668045822363,-0.07504210922530363,0.14381061031519005
BOKF,0000875357,8-K,2026-07-20 20:14:50+00:00,2026-07-20 20:14:50+00:00,"2.02,7.01,9.01",0000875357-26-000045,bokf-20260720.htm,0,,,5316,,7637789488.871613,,6.939180515150606,75.0,53000000000.0,86388.0,53000000000.0,BOKF|2026-07-20 20:14:00+00:00,False,False,0.022602712494957045,-0.02278064298735516,0.02579922607068251
BOH,0000046195,8-K,2026-07-27 13:00:32+00:00,2026-07-27 13:00:32+00:00,"2.02,9.01",0000046195-26-000054,boh-20260727.htm,0,,,3751,121925000.0,2458427332.4239197,,0.08135282152220757,13.0,200000000.0,61608.0,200000000.0,BOH|2026-07-27 13:00:00+00:00,False,False,0.0006534300545188998,-0.06059892920147003,0.02240030047988
BPRN,0001913971,8-K,2026-07-23 20:00:15+00:00,2026-07-23 20:00:15+00:00,"2.02,9.01",0001193125-26-314061,bprn-20260723.htm,0,,,3646,,216810773.19755936,,0.3639118058405051,23.0,78900000.0,71826.0,78900000.0,BPRN|2026-07-23 20:00:00+00:00,False,False,0.12641026423527646,0.012564145601712706,0.12419172307352563
BRLS,0001852973,8-K,2026-07-08 20:15:14+00:00,2026-07-08 20:15:14+00:00,"3.01,9.01",0001213900-26-076374,ea0297400-8k_borealis.htm,3,35000000.0,35000000.0,7771,31475628.0,69918655.63217354,1.1119714593144894,0.5005817071787992,,,,35000000.0,BRLS|2026-07-08 20:15:00+00:00,False,True,0.180839964049901,-0.3143509666442158,0.7300098805170853
BRBS,0000842717,8-K,2026-07-28 21:15:15+00:00,2026-07-28 21:15:15+00:00,"2.02,9.01",0001193125-26-321256,brbs-20260728.htm,0,,,3116,,403511710.9629793,,0.476566094057287,21.0,192300000.0,54453.0,192300000.0,BRBS|2026-07-28 21:15:00+00:00,False,False,0.0056497121870149325,-0.02118645437624711,0.029696273059319787
BPOP,0000763901,8-K,2026-07-23 12:08:30+00:00,2026-07-23 12:08:30+00:00,"5.02,7.01,9.01",0001193125-26-313373,d863137d8k.htm,2,2600000.0,2110000.0,12908,,7628751245.098175,,0.00034081593651000486,0.0,,11743.0,2600000.0,BPOP|2026-07-23 12:08:00+00:00,False,False,-0.0006852165402768673,-0.036546334370336164,0.029207798472639275
BRO,0000079282,8-K,2026-07-27 21:03:54+00:00,2026-07-27 21:03:54+00:00,"2.02,9.01",0001193125-26-318245,bro-20260727.htm,0,,,4570,5902000000.0,29280145313.979584,,0.1229502094814129,8.0,3600000000.0,39463.0,3600000000.0,BRO|2026-07-27 21:03:00+00:00,False,False,0.08042853219168533,-0.0029828752790178603,0.017290808583949435
BRBR,0001772016,8-K,2026-07-08 21:01:14+00:00,2026-07-08 21:01:14+00:00,"5.02,7.01,9.01",0001628280-26-047674,brbr-20260708.htm,2,4750000.0,2875000.0,12880,2316600000.0,4017475494.95842,0.0020504187170853837,0.0011823345297216708,,,,4750000.0,BRBR|2026-07-08 21:01:00+00:00,False,False,-0.028571436766266833,-0.10225568352239389,0.04287473515640135
BSVN,0001746129,8-K,2026-07-16 12:00:35+00:00,2026-07-16 12:00:35+00:00,"2.02,9.01",0001140361-26-028609,ef20078094_8k.htm,0,,,4206,,387584632.92684555,,2.03426537849558,5.0,788450000.0,49843.0,788450000.0,BSVN|2026-07-16 12:00:00+00:00,False,False,0.03882352043600634,-0.06862745098039214,0.0964498835004702
BRT,0000014846,8-K,2026-07-08 20:13:29+00:00,2026-07-08 20:13:29+00:00,"8.01,9.01",0000014846-26-000031,brt-20260708.htm,3,35000000.0,22000000.0,3971,97028000.0,278060174.01108456,0.3607206167291916,0.12587203516101075,,,,35000000.0,BRT|2026-07-08 20:13:00+00:00,False,False,0.01072833560425468,-0.05249345162399355,0.1118736355889693
BSRR,0001130144,8-K,2026-07-27 13:15:18+00:00,2026-07-27 13:15:18+00:00,"2.02,9.01",0001104659-26-086884,bsrr-20260727x8k.htm,0,,,4126,,390992160.4311333,,0.9284073614154634,55.0,363000000.0,93023.0,363000000.0,BSRR|2026-07-27 13:15:00+00:00,False,False,0.02656177656437997,-0.015248375165063499,0.08184099356738617
BRX,0001581068,8-K,2026-07-27 20:03:37+00:00,2026-07-27 20:03:37+00:00,"2.02,9.01",0001581068-26-000027,brx-20260727.htm,0,,,4501,1371597000.0,8074918006.910648,,0.07430416005295783,21.0,600000000.0,239777.0,600000000.0,BRX|2026-07-27 20:03:00+00:00,False,False,0.01815330211291233,-0.025978087758571133,0.011037817993223276
BWB,0001341317,8-K,2026-07-21 20:19:10+00:00,2026-07-21 20:19:10+00:00,"2.02,7.01,8.01,9.01",0001104659-26-085419,bwb-20260721x8k.htm,0,,,5848,,470226173.51400757,,0.4434036464662871,11.0,208500000.0,165384.0,208500000.0,BWB|2026-07-21 20:19:00+00:00,False,False,0.014513552319961098,-0.05471211473304405,0.056605310632803746
BVFL,0001302387,8-K,2026-07-24 18:39:19+00:00,2026-07-24 18:39:19+00:00,"2.02,9.01",0001193125-26-315814,bvfl-20260724.htm,0,,,3176,,167381013.1166458,,0.03943099564943211,4.0,6600000.0,41404.0,6600000.0,BVFL|2026-07-24 18:39:00+00:00,False,False,0.05441677811484502,-0.0080526603231732,0.23248889208077717
BUSE,0000314489,8-K,2026-07-28 21:01:25+00:00,2026-07-28 21:01:25+00:00,"2.02,7.01,9.01",0000314489-26-000049,buse-20260728.htm,0,,,5122,719584000.0,2021796224.9518967,,8.996950224512752,37.0,18190000000.0,111047.0,18190000000.0,BUSE|2026-07-28 21:01:00+00:00,False,False,0.042422212796008774,-0.0011645266031183876,0.0145125731111326
BUSE,0000314489,8-K,2026-07-14 21:06:25+00:00,2026-07-14 21:06:25+00:00,"5.02,8.01,9.01",0000314489-26-000046,buse-20260713.htm,1,2067749.88,2067749.88,8687,719584000.0,2021796224.9518967,0.002873535098056655,0.0010227291229852784,,,,2067749.88,BUSE|2026-07-14 21:06:00+00:00,False,False,0.036205969524440995,-0.021077709329803795,0.012772856601048951
BY,0001702750,8-K,2026-07-23 20:15:18+00:00,2026-07-23 20:15:18+00:00,"2.02,9.01",0001193125-26-314126,by-20260723.htm,0,,,7152,,1226428110.7423515,,8.072222018792095,19.0,9900000000.0,94323.0,9900000000.0,BY|2026-07-23 20:15:00+00:00,False,False,0.029174236772370632,-0.01015887980851593,0.020700170498061585
BYRN,0001354866,8-K,2026-07-08 20:06:35+00:00,2026-07-08 20:06:35+00:00,"1.01,7.01,9.01",0001437749-26-023029,byrn20260707_8k.htm,2,5000000.0,3125000.0,11796,118120000.0,381561417.6558304,0.04232983406705046,0.013104050275098873,,,,5000000.0,BYRN|2026-07-08 20:06:00+00:00,False,True,0.009842557379092787,-0.3100393371888309,0.07456097614964927
BXBL,0001906364,8-K,2026-07-23 17:29:34+00:00,2026-07-23 17:29:34+00:00,"1.01,1.02,2.01,3.01,3.02,3.03,4.01,5.01,5.02,5.03,5.06,7.01,9.01",0001493152-26-034441,form8-k.htm,1,36048176.0,36048176.0,65346,,103112440.53478241,,0.7758520658136687,41.0,80000000.0,291047.0,80000000.0,BXBL|2026-07-23 17:29:00+00:00,False,True,0.05971564957829978,-0.3971563963477619,0.19662581895969214
BW,0001630805,8-K,2026-07-13 10:47:08+00:00,2026-07-13 10:47:08+00:00,"7.01,8.01,9.01",0001104659-26-082840,tm2620294d1_8k.htm,4,61400000.0,55700000.0,7307,587676000.0,396302372.35313034,0.10447933895547887,0.12616628990413123,2.0,50000000.0,5927.0,50000000.0,BW|2026-07-13 10:47:00+00:00,False,True,-0.03147702441614009,-0.2372881721219684,0.05154672791247007
CABO,0001632127,8-K,2026-07-09 01:43:49+00:00,2026-07-09 01:43:49+00:00,"2.02,7.01",0000950157-26-000791,form8-k.htm,9,3058400000.0,352000000.0,19533,1501423000.0,892926711.1853027,2.0370008984809744,3.4251411248972166,,,,3058400000.0,CABO|2026-07-09 01:43:00+00:00,False,False,0.10158568910104337,-0.17306740596431125,0.14675317859243378
CAC,0000750686,8-K,2026-07-28 12:05:37+00:00,2026-07-28 12:05:37+00:00,"2.02,9.01",0000750686-26-000058,cac-20260728.htm,0,,,3658,41739000.0,638063630.1790237,,7.836209060524469,5.0,5000000000.0,49824.0,5000000000.0,CAC|2026-07-28 12:05:00+00:00,False,False,0.06156970664656569,-0.017003772706308262,0.07293598929992068
CALX,0001406666,8-K,2026-07-20 21:06:18+00:00,2026-07-20 21:06:18+00:00,"2.02,9.01",0001406666-26-000028,calx-20260720.htm,0,,,5484,1000010000.0,3769999601.4562035,,0.5305040348618282,34.0,2000000000.0,40295.0,2000000000.0,CALX|2026-07-20 21:06:00+00:00,False,False,0.060560521945147494,-0.03492962474554362,0.03614368695636805
CAKE,0000887596,8-K/A,2026-07-28 21:58:52+00:00,2026-07-28 21:58:52+00:00,"7.01,9.01",0001104659-26-087720,tm2621325d2_8ka.htm,0,,,5112,3751806000.0,2796855552.05468,,0.006185517871057281,6.0,17300000.0,30080.0,17300000.0,CAKE|2026-07-28 21:58:00+00:00,False,False,0.07962553612205747,-0.009045972579280304,0.024041054046781446
CAKE,0000887596,8-K,2026-07-28 20:30:45+00:00,2026-07-28 20:30:45+00:00,"2.02,7.01,8.01,9.01",0001104659-26-087561,tm2621325d1_8k.htm,0,,,5319,3751806000.0,2796855552.05468,,0.36812769942431073,23.0,1029599999.9999999,66910.0,1029599999.9999999,CAKE|2026-07-28 20:30:00+00:00,False,False,0.07962553612205747,-0.009045972579280304,0.024041054046781446
CAG,0000023217,8-K,2026-07-28 17:55:09+00:00,2026-07-28 17:55:09+00:00,"1.01,2.03,8.01,9.01",0000023217-26-000032,tmb-20260728x8k.htm,1,500000000.0,500000000.0,9063,11281600000.0,8500308879.542004,0.04431995461636647,0.05882139191475357,,,,500000000.0,CAG|2026-07-28 17:55:00+00:00,False,False,0.010296000502243885,-0.012870000627804856,0.0255334385032767
CAG,0000023217,8-K,2026-07-15 11:33:06+00:00,2026-07-15 11:33:06+00:00,"2.02,9.01",0000023217-26-000022,tmb-20260715x8k.htm,0,,,4229,11281600000.0,8500308879.542004,,0.15293561897835928,8.0,1300000000.0,87609.0,1300000000.0,CAG|2026-07-15 11:33:00+00:00,False,False,0.06965472734999434,-0.023741002357016483,0.021660811492272766
CARE,0001829576,8-K,2026-07-23 12:22:37+00:00,2026-07-23 12:22:37+00:00,"2.02,9.01",0001829576-26-000070,care-20260723.htm,0,,,11988,20315000.0,393775035.60528183,,1.2712842479475996,35.0,500600000.0,61198.0,500600000.0,CARE|2026-07-23 12:22:00+00:00,False,False,0.07527536907896071,-0.04069767170398131,0.033512584647824445
CBOE,0001374310,8-K,2026-07-28 21:26:56+00:00,2026-07-28 21:26:56+00:00,"1.01,2.03,9.01",0001104659-26-087625,tm2621346d1_8k.htm,4,600000000.0,300000000.0,9418,4714200000.0,24814008342.5,0.12727504136438844,0.024179890315115058,,,,600000000.0,CBOE|2026-07-28 21:26:00+00:00,False,False,0.040934254752727384,-0.007094864875929141,0.025019765907802388
CBIO,0001253689,8-K,2026-07-15 20:58:01+00:00,2026-07-15 20:58:01+00:00,"8.01,9.01",0001628280-26-048347,cbio-20260714.htm,2,133500000.0,124700000.0,11724,10844000.0,177685867.45004082,12.310955367023238,0.7513259321962431,,,,133500000.0,CBIO|2026-07-15 20:58:00+00:00,False,False,0.128888932485429,-0.08825399005223833,0.10403808215762497
CBIO,0001253689,8-K,2026-07-14 20:05:25+00:00,2026-07-14 20:05:25+00:00,2.02,0001628280-26-048151,cbio-20260714.htm,1,171600000.0,171600000.0,6227,10844000.0,177685867.45004082,15.824419033566949,0.9657492881264068,,,,171600000.0,CBIO|2026-07-14 20:05:00+00:00,False,False,0.13755601768794334,-0.07101725198656217,0.1127769133204328
CBRL,0001067294,8-K,2026-07-27 13:49:01+00:00,2026-07-27 13:49:01+00:00,"5.02,7.01,9.01",0001104659-26-086902,tm2621310d1_8k.htm,1,1000000.0,1000000.0,13972,3483684000.0,628645221.4262009,0.00028705244218476763,0.0015907223437272146,0.0,,10692.0,1000000.0,CBRL|2026-07-27 13:49:00+00:00,False,False,0.0755572365652073,-0.051756666695249254,0.05427929458408615
CBRL,0001067294,8-K,2026-07-20 20:12:11+00:00,2026-07-20 20:12:11+00:00,"2.03,2.05,2.06,7.01,8.01,9.01",0001104659-26-085071,tm2620848d1_8k.htm,10,77000000.0,19000000.0,13786,3483684000.0,628645221.4262009,0.02210303804822711,5.249383734299808,5.0,3300000000.0,11908.0,3300000000.0,CBRL|2026-07-20 20:12:00+00:00,False,False,0.014467664384119283,-0.08644221899999671,0.04310702538975106
CBSH,0000022356,8-K/A,2026-07-17 21:17:12+00:00,2026-07-17 21:17:12+00:00,"2.02,9.01",0000022356-26-000179,cbsh-20260716.htm,1,3100000000.0,3100000000.0,5348,,6688466797.306976,,1.3007465333464676,37.0,8700000000.0,47645.0,8700000000.0,CBSH|2026-07-17 21:17:00+00:00,False,False,0.007522605088447154,-0.022735157664268923,0.021067553986677992
CBSH,0000022356,8-K,2026-07-16 13:22:11+00:00,2026-07-16 13:22:11+00:00,"2.02,9.01",0000022356-26-000176,cbsh-20260716.htm,0,,,4021,,6688466797.306976,,1.3007465333464676,37.0,8700000000.0,47653.0,8700000000.0,CBSH|2026-07-16 13:22:00+00:00,False,False,0.02983048002598654,-0.020167787196272546,0.011354211447718206
CCBG,0000726601,8-K,2026-07-21 15:43:24+00:00,2026-07-21 15:43:24+00:00,"2.02,9.01",0000726601-26-000020,ccbg-20260721.htm,0,,,4796,,688292419.879715,,6.537918869986123,31.0,4500000000.0,43466.0,4500000000.0,CCBG|2026-07-21 15:43:00+00:00,False,False,0.042349689653840006,-0.03346994723672314,0.09396887679287957
CBU,0000723188,8-K,2026-07-28 13:20:29+00:00,2026-07-28 13:20:29+00:00,"2.02,9.01",0001104659-26-087355,tm2621422d1_8k.htm,0,,,4213,818007000.0,2958410664.212799,,6.76038666366888,38.0,20000000000.0,67568.0,20000000000.0,CBU|2026-07-28 13:20:00+00:00,False,False,0.0157440764594885,-0.030101365923201673,0.02639660095742533
CCK,0001219601,8-K,2026-07-20 20:22:23+00:00,2026-07-20 20:22:23+00:00,"2.02,9.01",0001628280-26-048820,cck-20260720.htm,0,,,3996,12365000000.0,11503727289.324936,,0.043464173604322386,6.0,500000000.0,26536.0,500000000.0,CCK|2026-07-20 20:22:00+00:00,False,False,0.014962746243779801,-0.05472425301061079,0.02185542085891067
CDNA,0001217234,8-K,2026-07-07 21:12:41+00:00,2026-07-07 21:12:41+00:00,"2.01,7.01,9.01",0001217234-26-000038,cdna-20260630.htm,3,171700000.0,161800000.0,8744,379805000.0,770193951.7731285,0.45207409065178183,0.22293085995380116,,,,171700000.0,CDNA|2026-07-07 21:12:00+00:00,True,False,0.3812744402383337,-0.0274119064998557,0.043353237487496823
CCLD,0001582982,8-K/A,2026-07-24 21:00:46+00:00,2026-07-24 21:00:46+00:00,"1.01,9.01",0001493152-26-034606,form8-ka.htm,2,40000000.0,25000000.0,8364,120499000.0,127812556.97277117,0.331952962265247,0.31295829570580835,,,,40000000.0,CCLD|2026-07-24 21:00:00+00:00,False,False,0.0933333502875433,-0.015555593702528236,0.06968042949360799
CDNS,0000813672,8-K,2026-07-27 20:03:05+00:00,2026-07-27 20:03:05+00:00,"2.02,9.01",0000813672-26-000089,cdns-20260727.htm,0,,,3701,5296759000.0,86480977384.06372,,0.09366221618920588,21.0,8100000000.0,54729.0,8100000000.0,CDNS|2026-07-27 20:03:00+00:00,False,False,0.03732020910921818,-0.035073354478629026,0.03468296449862508
CCRN,0001141103,8-K,2026-07-06 10:17:20+00:00,2026-07-06 10:17:20+00:00,8.01,0000950103-26-010220,dp249689_8k.htm,4,106200000.0,106200000.0,31244,1054293000.0,420991648.2477093,0.10073101120845913,0.25226153640347865,,,,106200000.0,CCRN|2026-07-06 10:17:00+00:00,False,False,0.0030257156615032255,-0.0015128939001275432,0.004709109782686955
CDP,0000860546,8-K,2026-07-27 20:22:24+00:00,2026-07-27 20:22:24+00:00,"2.02,9.01",0000860546-26-000034,cdp-20260727.htm,0,,,4289,42074000.0,3167616653.493145,,0.1089146944658045,29.0,345000000.0,149847.0,345000000.0,CDP|2026-07-27 20:22:00+00:00,False,False,0.0010293596216950363,-0.039114782138185866,0.01631093022901572
CCS,0001576940,8-K,2026-07-22 20:17:46+00:00,2026-07-22 20:17:46+00:00,"2.02,9.01",0001576940-26-000055,ccs-20260722x8k.htm,0,,,4664,4117816000.0,1772476557.5502014,,2.1438929523852805,23.0,3800000000.0,43524.0,3800000000.0,CCS|2026-07-22 20:17:00+00:00,False,False,0.09742498470904448,0.018822465458064652,0.04908006143801247
CDZI,0000727273,8-K,2026-07-28 20:41:58+00:00,2026-07-28 20:41:58+00:00,"1.01,9.01",0001213900-26-082311,ea0299424-8k_cadiz.htm,7,403300000.0,218900000.0,13117,16313000.0,397792258.57805634,24.722613866241648,1.0138457732727921,,,,403300000.0,CDZI|2026-07-28 20:41:00+00:00,False,False,0.012158043257392004,-0.12917931831127172,0.05831252875791561
CDZI,0000727273,8-K,2026-07-15 13:00:13+00:00,2026-07-15 13:00:13+00:00,8.01,0001213900-26-078146,ea0298080-8k_cadiz.htm,1,2500000.0,2500000.0,5357,16313000.0,397792258.57805634,0.1532520076012996,0.006284687411807538,,,,2500000.0,CDZI|2026-07-15 13:00:00+00:00,False,True,-0.0036297313723278046,-0.20987656864700466,0.08407819774667852
CETX,0001435064,8-K,2026-07-06 20:51:34+00:00,2026-07-06 20:51:34+00:00,"2.01,3.02,8.01,9.01",0001493152-26-032187,form8-k.htm,2,3500000.0,2625000.0,7698,76488088.0,278230967.0,0.04575875919398063,0.1365771769035328,5.0,38000000.0,6900.0,38000000.0,CETX|2026-07-06 20:51:00+00:00,True,False,0.24031013267901913,-0.07751930820906616,0.19893897128394877
CFBK,0001070680,8-K,2026-07-28 13:03:46+00:00,2026-07-28 13:03:46+00:00,"2.02,9.01",0001193125-26-318995,cfbk-20260728.htm,0,,,3569,,59112438.0,,3.286956291669107,12.0,194300000.0,54964.0,194300000.0,CFBK|2026-07-28 13:03:00+00:00,False,False,0.03690706110827935,-0.020488339050025894,0.08859543749076085
CFFI,0000913341,8-K,2026-07-23 17:17:53+00:00,2026-07-23 17:17:53+00:00,"7.01,9.01",0000913341-26-000040,cffi-20260723x8k.htm,0,,,4701,140841000.0,224187589.1007614,,0.0046938146942962335,1.0,1052295.0,42394.0,1052295.0,CFFI|2026-07-23 17:17:00+00:00,False,False,0.079883173560785,-0.009397991920825577,0.3004727562786446
CFFI,0000913341,8-K,2026-07-23 15:36:41+00:00,2026-07-23 15:36:41+00:00,"2.02,9.01",0000913341-26-000038,cffi-20260723x8k.htm,0,,,3963,140841000.0,224187589.1007614,,1.8435454061386143,21.0,413300000.0,76940.0,413300000.0,CFFI|2026-07-23 15:36:00+00:00,False,False,0.079883173560785,-0.009397991920825577,0.3004727562786446
CHE,0000019584,8-K,2026-07-28 20:30:32+00:00,2026-07-28 20:30:32+00:00,"2.02,9.01",0000019584-26-000018,che-20260728x8k.htm,0,,,3029,2529978000.0,6153351130.108337,,0.10942005189750088,19.0,673300000.0,62250.0,673300000.0,CHE|2026-07-28 20:30:00+00:00,False,False,0.05324656029784047,0.0008782565378373519,0.03566320540225856
CHTR,0001091667,8-K,2026-07-24 11:00:48+00:00,2026-07-24 11:00:48+00:00,"2.02,9.01",0001091667-26-000051,chtr-20260724.htm,0,,,9340,54774000000.0,74930511374.29468,,1.2518265027105981,28.0,93800000000.0,50922.0,93800000000.0,CHTR|2026-07-24 11:00:00+00:00,True,False,0.2729952169946006,-0.005851715919308997,0.03147010033493083
CHTR,0001091667,8-K,2026-07-23 20:46:53+00:00,2026-07-23 20:46:53+00:00,"7.01,8.01,9.01",0001104659-26-086302,tm2621145d1_8k.htm,2,1750000000.0,1750000000.0,12552,54774000000.0,74930511374.29468,0.03194946507467047,0.1681557988715729,61.0,12600000000.0,178039.0,12600000000.0,CHTR|2026-07-23 20:46:00+00:00,True,False,0.2729952169946006,-0.005851715919308997,0.03147010033493083
CION,0001534254,8-K,2026-07-16 20:08:16+00:00,2026-07-16 20:08:16+00:00,"1.01,2.03,8.01,9.01",0001104659-26-084247,tm2620585d1_8k.htm,11,493100000.0,25000000.0,9726,,496387209.1513233,,0.9933777319585985,,,,493100000.0,CION|2026-07-16 20:08:00+00:00,False,False,-0.014732658522177422,-0.09194796603037814,0.0278448268083903
CLF,0000764065,8-K,2026-07-24 20:37:55+00:00,2026-07-24 20:37:55+00:00,5.02,0000764065-26-000102,clf-20260721.htm,1,1000000.0,1000000.0,5749,18610000000.0,6623969915.4801445,5.373455131649651e-05,0.00015096686922792495,,,,1000000.0,CLF|2026-07-24 20:37:00+00:00,False,False,0.025503942939283153,-0.08679550593816254,0.11181415714816677
CLF,0000764065,8-K,2026-07-23 10:27:24+00:00,2026-07-23 10:27:24+00:00,"2.02,9.01",0000764065-26-000097,clf-20260723.htm,0,,,3678,18610000000.0,6623969915.4801445,,0.7850277199852097,6.0,5200000000.0,26179.0,5200000000.0,CLF|2026-07-23 10:27:00+00:00,False,False,0.13271885066867073,-0.012903256995442591,0.0330591325401216
CIVB,0000944745,8-K,2026-07-24 11:00:18+00:00,2026-07-24 11:00:18+00:00,"7.01,9.01",0001193125-26-315066,civb-20260724.htm,1,4300000000.0,4300000000.0,4700,19023000.0,415999431.3414688,226.0421594911423,3.605774159745763,9.0,1500000000.0,20081.0,1500000000.0,CIVB|2026-07-24 11:00:00+00:00,False,False,0.02564546119763378,-0.019060795210046333,0.054956879326836
CLIR,0001434524,8-K,2026-07-23 12:45:31+00:00,2026-07-23 12:45:31+00:00,"1.01,3.02,7.01,9.01",0001104659-26-086099,tm2621046d1_8k.htm,0,,,9285,5234000.0,304050695.5988045,,0.005821397634082438,2.0,1770000.0,4865.0,1770000.0,CLIR|2026-07-23 12:45:00+00:00,True,False,0.26249996926635544,0.015624984866008385,0.4317986653823865
CLRO,0000840715,8-K,2026-07-06 20:30:22+00:00,2026-07-06 20:30:22+00:00,"1.01,8.01,9.01",0001753926-26-001137,clro-20260706.htm,2,15000000.0,12500000.0,8416,0.0,10370809.053078175,inf,1.4463673878507897,2.0,15000000.0,14329.0,15000000.0,CLRO|2026-07-06 20:30:00+00:00,True,True,0.6224188668848833,-0.20058996524574513,0.4460828103471758
CLVT,0001764046,8-K,2026-07-06 21:00:42+00:00,2026-07-06 21:00:42+00:00,"1.01,5.02,9.01",0000950103-26-010269,dp249688_8k.htm,5,600000000.0,75000000.0,13943,2455200000.0,2242264953.2973003,0.24437927663734116,0.2675865754034494,,,,600000000.0,CLVT|2026-07-06 21:00:00+00:00,False,False,0.007843129921766057,-0.18039217519558504,0.08116669353421863
CLVT,0001764046,8-K,2026-07-06 10:01:11+00:00,2026-07-06 10:01:11+00:00,"7.01,9.01",0001764046-26-000085,clvt-20260706.htm,0,,,7067,2455200000.0,2242264953.2973003,,0.2675865754034494,6.0,600000000.0,40297.0,600000000.0,CLVT|2026-07-06 10:01:00+00:00,False,False,-0.0038461503192516178,-0.19615384968074834,0.05781016823056275
CLSK,0000827876,8-K,2026-07-14 10:05:25+00:00,2026-07-14 10:05:25+00:00,"7.01,8.01,9.01",0001193125-26-302448,clsk-20260710.htm,0,,,5268,766314000.0,4972365177.694721,,2.332893821241418,5.0,11600000000.0,8907.0,11600000000.0,CLSK|2026-07-14 10:05:00+00:00,False,False,-0.01589408733307074,-0.1549668936074644,0.04947617715120559
CMT,0001026655,8-K,2026-07-07 21:22:24+00:00,2026-07-07 21:22:24+00:00,"1.01,7.01,9.01",0001026655-26-000043,cmt-20260702.htm,4,50000000.0,14145000.0,5829,273798000.0,158645113.01839066,0.18261638141987888,0.31516886369013986,,,,50000000.0,CMT|2026-07-07 21:22:00+00:00,False,False,0.08520560474270855,-0.027342113335803164,0.12341446808670423
CNP,0001130310,8-K,2026-07-28 10:15:27+00:00,2026-07-28 10:15:27+00:00,"2.02,7.01,9.01",0001104659-26-087279,tm2621002d1_8k.htm,0,,,5156,9337000000.0,25879563365.4429,,2.5773232360274214,6.0,66700000000.0,87328.0,66700000000.0,CNP|2026-07-28 10:15:00+00:00,False,False,0.019369296533763514,-0.05382889914885858,0.011297791972905187
CNTN,0001861657,8-K,2026-07-23 12:40:28+00:00,2026-07-23 12:40:28+00:00,"1.01,2.01,8.01,9.01",0001493152-26-034340,form8-k.htm,1,3500000.0,3500000.0,7717,,19421701.95523119,,0.18021077699924662,2.0,3500000.0,17524.0,3500000.0,CNTN|2026-07-23 12:40:00+00:00,False,False,0.0047393322087359024,-0.12796202613316343,0.08543725809194525
COCO,0001482981,8-K,2026-07-22 20:38:14+00:00,2026-07-22 20:38:14+00:00,"1.01,2.01,3.02,7.01,9.01",0001482981-26-000167,coco-20260722.htm,3,175000000.0,140000210.59,15967,609780000.0,2253883593.387993,0.2869887500409984,0.07764376142289739,,,,175000000.0,COCO|2026-07-22 20:38:00+00:00,False,False,-0.005250633581221131,-0.18014747365359873,0.037088680329216986
COLB,0000887343,8-K,2026-07-23 20:31:08+00:00,2026-07-23 20:31:08+00:00,"2.02,7.01,9.01",0000887343-26-000165,colb-20260723.htm,0,,,4423,177000000.0,5541442154.67362,,0.6135586919611639,16.0,3400000000.0,82236.0,3400000000.0,COLB|2026-07-23 20:31:00+00:00,False,False,0.010217104021144063,-0.015964240257723472,0.01766796187938258
COFS,0000803164,8-K,2026-07-24 11:00:15+00:00,2026-07-24 11:00:15+00:00,"2.02,9.01",0001193125-26-315065,cofs-20260724.htm,0,,,2946,227624000.0,435585153.43666077,,9.183049441517863,17.0,4000000000.0,60118.0,4000000000.0,COFS|2026-07-24 11:00:00+00:00,False,False,0.12290327010616187,0.0006451760568926268,0.07716385576004857
COUR,0001651562,8-K,2026-07-06 20:34:11+00:00,2026-07-06 20:34:11+00:00,2.05,0001651562-26-000055,cour-20260706.htm,2,11000000.0,9500000.0,7698,757500000.0,1710664968.776703,0.014521452145214522,0.0064302480034217945,,,,11000000.0,COUR|2026-07-06 20:34:00+00:00,False,False,0.002514646454633951,-0.06370496307130125,0.027736509864758306
CPHI,0001106644,8-K,2026-07-22 21:26:11+00:00,2026-07-22 21:26:11+00:00,"1.01,8.01,9.01",0001213900-26-080475,ea0298921-8k_china.htm,0,,,6967,4144268.0,4893003.0,,1.0218673481295637,1.0,5000000.0,4545.0,5000000.0,CPHI|2026-07-22 21:26:00+00:00,True,True,0.32947972656559,-0.32369945422818114,1.214836270895074
COTY,0001024305,8-K,2026-07-07 20:17:56+00:00,2026-07-07 20:17:56+00:00,"8.01,9.01",0001024305-26-000038,coty-20260707.htm,4,400000000.0,200000000.0,5093,5892900000.0,3096647126.7557344,0.06787829421846629,0.1291719668488893,,,,400000000.0,COTY|2026-07-07 20:17:00+00:00,False,False,0.04017853294024065,-0.07142860944173757,0.05014665033138826
CPIX,0001087294,8-K,2026-07-13 21:28:01+00:00,2026-07-13 21:28:01+00:00,8.01,0001087294-26-000055,cpix-20260713.htm,5,100000000.0,10000000.0,6057,44521431.0,41289425.97733092,2.246109295094311,2.421927591216765,,,,100000000.0,CPIX|2026-07-13 21:28:00+00:00,True,False,0.2056632051558107,-0.14307004958111524,0.2097536730307481
CPK,0000019745,8-K,2026-07-13 15:45:27+00:00,2026-07-13 15:45:27+00:00,"8.01,9.01",0001628280-26-047964,cpk-20260713.htm,1,1200000000.0,1200000000.0,3333,930000000.0,2996741258379.1807,1.2903225806451613,0.00040043497136921084,,,,1200000000.0,CPK|2026-07-13 15:45:00+00:00,False,False,0.07775314765806729,-0.010140024235165912,0.04135837736631417
CPSS,0000889609,8-K,2026-07-24 20:33:52+00:00,2026-07-24 20:33:52+00:00,"1.01,2.03,9.01",0001683168-26-005764,cps_8k.htm,8,734510000.0,215205000.0,8589,434470000.0,188461087.106575,1.6905885331553387,3.897409334079844,2.0,734510000.0,2905.0,734510000.0,CPSS|2026-07-24 20:33:00+00:00,False,False,0.037196795818680295,-0.011859801746781806,0.17986298649593546
CPSS,0000889609,8-K,2026-07-14 19:10:35+00:00,2026-07-14 19:10:35+00:00,"1.01,2.03,9.01",0001683168-26-005511,cps_8k.htm,2,508000000.0,421500000.0,6634,434470000.0,188461087.106575,1.1692406840518332,2.6955166596949813,2.0,508000000.0,2704.0,508000000.0,CPSS|2026-07-14 19:10:00+00:00,False,False,0.024261656858306946,-0.07382908304411251,0.18115401201212905
CRNX,0001658247,8-K,2026-07-06 21:17:19+00:00,2026-07-06 21:17:19+00:00,"1.01,8.01,9.01",0001140361-26-027642,ef20077399_form8k.htm,3,5000000000.0,4500000000.0,25755,7696000.0,4175763588.3301163,649.6881496881497,1.1973857940553323,3.0,5000000000.0,29020.0,5000000000.0,CRNX|2026-07-06 21:17:00+00:00,False,False,0.0023935964037067325,-0.0013763133666389038,0.04703471152882575
CRC,0001609253,8-K,2026-07-14 13:00:34+00:00,2026-07-14 13:00:34+00:00,2.02,0001609253-26-000122,crc-20260714.htm,3,190000000.0,164000000.0,6964,2910000000.0,3742760358.369438,0.06529209621993128,0.05076467147439141,,,,190000000.0,CRC|2026-07-14 13:00:00+00:00,False,False,0.0037188688635010347,-0.05336554475694033,0.02780339319003074
CTBI,0000350852,8-K,2026-07-15 12:19:57+00:00,2026-07-15 12:19:57+00:00,"2.02,7.01,9.01",0000350852-26-000061,ctbi-20260715.htm,0,,,3772,,927080821.2788963,,6.471927648900206,29.0,6000000000.0,38515.0,6000000000.0,CTBI|2026-07-15 12:19:00+00:00,False,False,0.07568588506289475,-0.015002035983232465,0.05102619942944492
CSGP,0001057352,8-K,2026-07-13 21:06:31+00:00,2026-07-13 21:06:31+00:00,"5.02,7.01,9.01",0001057352-26-000054,csgp-20260707.htm,1,2500000.0,2500000.0,8803,3247000000.0,31345889379.36519,0.000769941484447182,7.975527412043173e-05,,,,2500000.0,CSGP|2026-07-13 21:06:00+00:00,False,False,0.12745451493696724,-0.029818170720880666,0.032517678770830734
CTAS,0000723254,8-K,2026-07-15 12:31:16+00:00,2026-07-15 12:31:16+00:00,"2.02,9.01",0000723254-26-000025,ctas-20260715.htm,0,,,2918,11264761000.0,76772607467.0405,,0.15956211993006866,32.0,12250000000.0,27642.0,12250000000.0,CTAS|2026-07-15 12:31:00+00:00,False,False,0.1216472489622229,-0.0052146333557322455,0.019665952383426333
CTO,0000023795,8-K,2026-07-28 20:10:41+00:00,2026-07-28 20:10:41+00:00,"2.02,7.01,9.01",0001104659-26-087536,cto-20260728x8k.htm,0,,,6160,149545000.0,531974688.934536,,3.1956407614144955,40.0,1700000000.0,139101.0,1700000000.0,CTO|2026-07-28 20:10:00+00:00,False,False,0.019299747961178726,-0.03590669298716387,0.01807346381180342
CTGO,0001502377,8-K,2026-07-17 20:30:21+00:00,2026-07-17 20:30:21+00:00,"7.01,9.01",0001193125-26-307893,ctgo-20260715.htm,0,,,6198,,288864841.1339302,,0.3531063164336722,1.0,102000000.0,38248.0,102000000.0,CTGO|2026-07-17 20:30:00+00:00,False,False,0.07102812156929761,-0.05358253567336302,0.06319556887803511
CTGO,0001502377,8-K,2026-07-08 20:30:16+00:00,2026-07-08 20:30:16+00:00,"1.01,2.03,7.01,9.01",0001193125-26-298578,ctgo-20260701.htm,5,33000000.0,15500000.0,7677,,288864841.1339302,,0.11424027884618805,0.0,,10229.0,33000000.0,CTGO|2026-07-08 20:30:00+00:00,False,False,0.07407399994301511,-0.05351855179028209,0.06426061802447527
CTS,0000026058,8-K,2026-07-28 12:05:20+00:00,2026-07-28 12:05:20+00:00,"7.01,9.01",0001193125-26-318919,cts-20260728.htm,0,,,3933,541318000.0,1169338135.8166656,,0.48232413082645464,4.0,564000000.0,31246.0,564000000.0,CTS|2026-07-28 12:05:00+00:00,False,False,0.03211720577169541,-0.04583721008241026,0.06409734358157304
CTS,0000026058,8-K,2026-07-28 12:00:18+00:00,2026-07-28 12:00:18+00:00,"2.02,7.01,9.01",0001193125-26-318911,cts-20260728.htm,0,,,5158,541318000.0,1169338135.8166656,,0.5002830080380779,9.0,585000000.0,75318.0,585000000.0,CTS|2026-07-28 12:00:00+00:00,False,False,0.03211720577169541,-0.04583721008241026,0.06409734358157304
CUE,0001645460,8-K,2026-07-10 21:29:46+00:00,2026-07-10 21:29:46+00:00,"1.01,3.02,5.02,8.01,9.01",0001193125-26-301052,d123955d8k.htm,0,,,16191,27466000.0,1650649982.7427368,,0.030291097763148728,1.0,50000000.0,6548.0,50000000.0,CUE|2026-07-10 21:29:00+00:00,False,True,0.02304920493590701,-0.28630930405871735,0.2800833680549102
CURB,0002027317,8-K,2026-07-28 10:45:17+00:00,2026-07-28 10:45:17+00:00,"2.02,9.01",0001193125-26-318826,curb-20260728.htm,0,,,3801,182893000.0,2470439417.2765656,,0.3444326519603706,15.0,850900000.0,63223.0,850900000.0,CURB|2026-07-28 10:45:00+00:00,False,False,0.04213942069154841,-0.011345231025668201,0.014940801250555608
CVBF,0000354647,8-K,2026-07-23 10:10:22+00:00,2026-07-23 10:10:22+00:00,"2.02,7.01,9.01",0001193125-26-313203,cvbf-20260722.htm,0,,,4900,,2559272771.3714066,,4.907644132543803,91.0,12560000000.0,136386.0,12560000000.0,CVBF|2026-07-23 10:10:00+00:00,False,False,0.05308923694096901,-0.00961102920617718,0.020956657556474623
CVEO,0001590584,8-K,2026-07-07 22:10:07+00:00,2026-07-07 22:10:07+00:00,"1.01,2.03,3.02,9.01",0001193125-26-297738,d153591d8k.htm,2,100000000.0,57500000.0,13440,638849000.0,292079670.37574387,0.15653151214136674,0.34237233927084243,,,,100000000.0,CVEO|2026-07-07 22:10:00+00:00,False,False,0.1279657731996584,-0.03796269344412728,0.08543831560822787
CXW,0001070985,8-K,2026-07-13 11:00:07+00:00,2026-07-13 11:00:07+00:00,"8.01,9.01",0001193125-26-301454,d98053d8k.htm,2,250000000.0,244234000.0,6010,2211182000.0,1961338214.6878967,0.11306170184091585,0.12746399276158596,2.0,250000000.0,4128.0,250000000.0,CXW|2026-07-13 11:00:00+00:00,False,False,0.01721807355819327,-0.06457130742093098,0.04757329529183617
CWCO,0000928340,8-K,2026-07-22 20:12:33+00:00,2026-07-22 20:12:33+00:00,"8.01,9.01",0001104659-26-085807,tm2621129d1_8k.htm,2,10100000.0,8050000.0,3946,132073368.0,550430264.4321327,0.07647264662774406,0.018349281739476947,6.0,10100000.0,8099.0,10100000.0,CWCO|2026-07-22 20:12:00+00:00,False,False,0.04436864089623782,-0.005972670362366261,0.04081950341320088
CZNC,0000810958,8-K,2026-07-23 20:10:03+00:00,2026-07-23 20:10:03+00:00,"2.02,9.01",0001104659-26-086259,cznc-20260723x8k.htm,0,,,4220,,295714805.2941265,,1.0689353199127036,35.0,316100000.0,96375.0,316100000.0,CZNC|2026-07-23 20:10:00+00:00,False,False,0.08439354442565228,0.0033927024582229848,0.08952544346794922
CZR,0001590895,8-K,2026-07-28 20:11:18+00:00,2026-07-28 20:11:18+00:00,"2.02,9.01",0001590895-26-000027,czr-20260728.htm,0,,,3844,11486000000.0,4702688823.737961,,2.509202807644138,4.0,11800000000.0,16712.0,11800000000.0,CZR|2026-07-28 20:11:00+00:00,False,False,0.0006697438046303628,-0.007870080560885673,0.00698406415504862
DAIO,0000351998,8-K,2026-07-13 17:20:28+00:00,2026-07-13 17:20:28+00:00,"1.02,2.04,3.02,5.02,5.07,9.01",0001654954-26-006627,daio_8k.htm,1,6825400.0,6825400.0,10909,21500000.0,29195630.94519496,0.31746046511627907,0.23378155494609476,0.0,,62315.0,6825400.0,DAIO|2026-07-13 17:20:00+00:00,False,False,0.02589932519650162,-0.16834527072893513,0.19970573769544092
DARE,0001401914,8-K,2026-07-17 20:07:20+00:00,2026-07-17 20:07:20+00:00,3.01,0001401914-26-000040,dare-20260713.htm,2,35000000.0,18750000.0,4314,1030193.0,26150234.65130329,33.974216481766035,1.3384201123509096,,,,35000000.0,DARE|2026-07-17 20:07:00+00:00,False,True,-0.010257774719028667,-0.3969588113482324,0.12251104034252765
DARE,0001401914,8-K,2026-07-17 20:07:20+00:00,2026-07-17 20:07:20+00:00,3.01,0001401914-26-000040,dare-20260713.htm,2,35000000.0,18750000.0,4314,1030193.0,26150234.65130329,33.974216481766035,1.3384201123509096,,,,35000000.0,DARE|2026-07-17 20:07:00+00:00,False,True,-0.010257774719028667,-0.3969588113482324,0.12251104034252765
CZWI,0001367859,8-K,2026-07-27 12:54:38+00:00,2026-07-27 12:54:38+00:00,"2.02,8.01,9.01",0001367859-26-000041,czwi-20260727.htm,0,,,4518,,161576606.4734745,,0.03403958110051604,6.0,5500000.0,82112.0,5500000.0,CZWI|2026-07-27 12:54:00+00:00,False,False,-0.017174817954267563,-0.11893518028661498,0.09440366853756663
DBGI,0001668010,8-K,2026-07-27 20:40:41+00:00,2026-07-27 20:40:41+00:00,"7.01,9.01",0001493152-26-034823,form8-k.htm,2,165000000.0,102500000.0,6545,7380921.0,35750915.3313303,22.354933754202218,1.1188524721476436,1.0,40000000.0,8230.0,40000000.0,DBGI|2026-07-27 20:40:00+00:00,True,False,0.40226994550098083,-0.015775662364851506,23.676018889760268
DBGI,0001668010,8-K,2026-07-24 16:34:15+00:00,2026-07-24 16:34:15+00:00,"1.01,9.01",0001493152-26-034517,form8-k.htm,7,100000000.0,3529412.0,11556,7380921.0,35750915.3313303,13.548444699516496,2.7971311803691092,,,,100000000.0,DBGI|2026-07-24 16:34:00+00:00,False,True,0.0332779963644505,-0.459401849554271,24.003805853295155
DECK,0000910521,8-K,2026-07-23 20:07:23+00:00,2026-07-23 20:07:23+00:00,2.02,0000910521-26-000015,deck-20260723.htm,0,,,3832,5472296000.0,15109366570.24324,,0.06750779360987992,5.0,1020000000.0,14550.0,1020000000.0,DECK|2026-07-23 20:07:00+00:00,False,False,0.08324723800866352,-0.05184875706351366,0.024062498761936946
DGX,0001022079,8-K,2026-07-23 10:46:37+00:00,2026-07-23 10:46:37+00:00,"2.02,9.01",0001022079-26-000067,dgx-20260723.htm,0,,,3070,11035000000.0,20439088409.476776,,0.5895566259409546,8.0,12050000000.0,25564.0,12050000000.0,DGX|2026-07-23 10:46:00+00:00,False,False,0.052740019541417604,-0.03551076671098252,0.021102524797312762
DCOM,0000846617,8-K,2026-07-23 11:00:22+00:00,2026-07-23 11:00:22+00:00,"2.02,9.01",0000846617-26-000038,dcom-20260723x8k.htm,0,,,5025,19907000.0,1156091528.01725,,0.10898791051267002,6.0,126000000.0,71156.0,126000000.0,DCOM|2026-07-23 11:00:00+00:00,False,False,0.06782290601713914,-0.028993080911573377,0.030739435962787207
DGXX,0001854368,8-K,2026-07-07 12:00:46+00:00,2026-07-07 12:00:46+00:00,"7.01,9.01",0001213900-26-075755,ea0297203-8k_digi.htm,0,,,4124,34188226.0,37633223.527765274,,5.314453061732614,4.0,200000000.0,10178.0,200000000.0,DGXX|2026-07-07 12:00:00+00:00,False,False,0.010638338885950116,-0.09999995941811257,0.05180233905105932
DHR,0000313616,8-K,2026-07-20 21:55:01+00:00,2026-07-20 21:55:01+00:00,"2.02,9.01",0000313616-26-000163,dhr-20260721.htm,0,,,5201,24568000000.0,147578237069.43207,,0.0426892211555285,11.0,6300000000.0,35814.0,6300000000.0,DHR|2026-07-20 21:55:00+00:00,False,False,0.1537891746697695,-0.011283288194577135,0.017976514065912698
DIOD,0000029002,8-K,2026-07-14 12:15:14+00:00,2026-07-14 12:15:14+00:00,"1.01,7.01,9.01",0001193125-26-302584,diod-20260710.htm,2,250000000.0,150000000.0,9786,1482073000.0,2478184367.946396,0.1686826492352266,0.10088030706414641,1.0,250000000.0,6591.0,250000000.0,DIOD|2026-07-14 12:15:00+00:00,False,False,-0.009518530483919374,-0.1740531727615242,0.07002097776223083
DINO,0001915657,8-K,2026-07-28 06:32:47+00:00,2026-07-28 06:32:47+00:00,"2.02,7.01,9.01",0001915657-26-000046,dino-20260728.htm,0,,,5184,26869000000.0,10261368375.687721,,0.08692797757006923,3.0,892000000.0,94035.0,892000000.0,DINO|2026-07-28 06:32:00+00:00,False,False,0.022796335339872797,-0.04222752142495756,0.02594856984146548
DOCN,0001582961,8-K,2026-07-24 20:16:03+00:00,2026-07-24 20:16:03+00:00,8.01,0001104659-26-086652,tm2621138d1_8k.htm,2,1474000000.0,972914000.0,4538,901427000.0,3676094266.4785385,1.6351851009565943,0.40096904299790903,,,,1474000000.0,DOCN|2026-07-24 20:16:00+00:00,False,False,-0.01616277039534819,-0.14482070493494703,0.04756778113209639
DLR,0001297996,8-K,2026-07-23 20:18:24+00:00,2026-07-23 20:18:24+00:00,"2.02,7.01,9.01",0001104659-26-086270,dlr-20260723x8k.htm,0,,,6869,6112692000.0,59363237883.45734,,0.11707582415979952,87.0,6950000000.0,239074.0,6950000000.0,DLR|2026-07-23 20:18:00+00:00,False,False,0.08623037288326252,-0.02722511491226276,0.015385216649348913
DMAA,0002028614,8-K,2026-07-20 21:00:13+00:00,2026-07-20 21:00:13+00:00,"1.01,9.01",0001213900-26-079678,ea0298461-8k425_drugs.htm,2,30000000.0,22500000.0,18555,,344556221.08995724,,0.08706851934090476,,,,30000000.0,DMAA|2026-07-20 21:00:00+00:00,False,False,0.0009346008467381317,-0.0032710138351407236,0.01267396397345325
DMC,0001047340,8-K,2026-07-21 20:25:13+00:00,2026-07-21 20:25:13+00:00,"1.01,2.03,9.01",0001047340-26-000033,fdp-20260715.htm,4,900000000.0,825000000.0,5722,4322300000.0,1587011103.0447388,0.20822247414570946,0.5671037828741823,,,,900000000.0,DMC|2026-07-21 20:25:00+00:00,False,False,0.045993019502938326,-0.01986068247457673,0.03268041475986867
DNLI,0001714899,8-K,2026-07-28 01:01:17+00:00,2026-07-28 01:01:17+00:00,"2.01,9.01",0001714899-26-000086,dnli-20260727.htm,1,195000000.0,195000000.0,3758,0.0,2245820539.881998,inf,0.08682795287385067,,,,195000000.0,DNLI|2026-07-28 01:01:00+00:00,False,False,0.013776757987869814,-0.03762214405172071,0.038340682566009754
DOW,0001751788,8-K/A,2026-07-06 20:15:19+00:00,2026-07-06 20:15:19+00:00,5.02,0001193125-26-296205,d26391d8ka.htm,4,14025000.0,4834800.0,6302,39968000000.0,16596418874.336243,0.00035090572457966373,0.0008450618236496466,,,,14025000.0,DOW|2026-07-06 20:15:00+00:00,False,False,0.07747746373082065,-0.006846866092166337,0.023052027736751125
DPZ,0001286681,8-K,2026-07-20 10:05:16+00:00,2026-07-20 10:05:16+00:00,"2.02,9.01",0001286681-26-000034,dpz-20260720.htm,0,,,3598,4939994000.0,14082771634.217651,,0.08734076160202757,10.0,1230000000.0,44229.0,1230000000.0,DPZ|2026-07-20 10:05:00+00:00,False,False,-0.004342825753348212,-0.09805716378348217,0.0392684463321484
DRIO,0001533998,8-K,2026-07-22 21:19:14+00:00,2026-07-22 21:19:14+00:00,"1.01,8.01,9.01",0001104659-26-085900,tm2621105d1_8k.htm,1,23500000.0,23500000.0,9358,22359000.0,568711925.0,1.0510309047810724,0.041321447585260324,1.0,23500000.0,6900.0,23500000.0,DRIO|2026-07-22 21:19:00+00:00,False,False,0.052726116310320315,-0.12144697780107339,0.48544453109113783
DUOT,0001396536,8-K,2026-07-20 20:30:13+00:00,2026-07-20 20:30:13+00:00,"1.01,9.01",0001079973-26-000961,duot_8k.htm,3,15000000.0,15000000.0,4741,27023651.0,172593133.66537094,0.5550693353758898,0.08690959878556048,,,,15000000.0,DUOT|2026-07-20 20:30:00+00:00,False,False,0.039238992829185415,-0.11296074036879644,0.07955953282658108
DSGR,0000703604,8-K,2026-07-16 21:27:47+00:00,2026-07-16 21:27:47+00:00,"1.01,2.03,7.01,9.01",0001193125-26-306263,d131211d8k.htm,6,125000000.0,22234650.0,36440,1980023000.0,1401209847.8145847,0.0631305797962953,0.08920862224523891,0.0,,11854.0,125000000.0,DSGR|2026-07-16 21:27:00+00:00,False,False,0.007699105707239529,0.0,0.3424711440777246
DYN,0001818794,8-K,2026-07-22 21:19:38+00:00,2026-07-22 21:19:38+00:00,"1.01,8.01,9.01",0001193125-26-312571,d112911d8k.htm,0,,,11868,,2345929040.038414,,0.1599153229263307,2.0,375150000.0,6556.0,375150000.0,DYN|2026-07-22 21:19:00+00:00,False,False,0.15940771173647494,0.000871100111550005,0.0675430999657675
DXPE,0001020710,8-K,2026-07-09 23:15:45+00:00,2026-07-09 23:15:45+00:00,"1.01,2.03,8.01,9.01",0001628280-26-047831,dxpe-20260702.htm,5,225000000.0,50000000.0,9039,2016365000.0,1877797174.5472717,0.11158693986455825,0.11982124749668263,,,,225000000.0,DXPE|2026-07-09 23:15:00+00:00,False,False,0.09808628995268198,-0.09451726742693012,0.10007564552680369
ECPG,0001084961,8-K,2026-07-22 20:20:29+00:00,2026-07-22 20:20:29+00:00,"7.01,8.01,9.01",0001084961-26-000052,ecpg-20260722.htm,1,332500000.0,332500000.0,10512,88388000.0,1002392863.4818611,3.761822871883061,0.3317062721746091,,,,332500000.0,ECPG|2026-07-22 20:20:00+00:00,False,False,0.12726172728796303,-0.048188556171035346,0.051884563506669
EFSC,0001025835,8-K,2026-07-22 20:05:24+00:00,2026-07-22 20:05:24+00:00,"2.02,8.01,9.01",0001025835-26-000141,efsc-20260720.htm,0,,,5358,,1995498096.4195404,,8.719627461043572,22.0,17400000000.0,74397.0,17400000000.0,EFSC|2026-07-22 20:05:00+00:00,False,False,0.10927651979068931,0.00016598301541770333,0.03915289417048334
EFOR,0000890564,8-K,2026-07-09 21:06:04+00:00,2026-07-09 21:06:04+00:00,"1.01,2.03,7.01,9.01",0000890564-26-000045,asgn-20260709.htm,3,600000000.0,500000000.0,7328,3980400000.0,1949100000.0,0.1507386192342478,0.3078343851008158,5.0,600000000.0,4405.0,600000000.0,EFOR|2026-07-09 21:06:00+00:00,False,False,0.003925014028204332,-0.11908971170896732,0.05917753831778637
EDUC,0000031667,8-K,2026-07-09 20:00:30+00:00,2026-07-09 20:00:30+00:00,"2.02,7.01,9.01",0001185185-26-002865,educ8k070826.htm,0,,,4740,22913600.0,11329825.770206809,,0.6272294158915634,4.0,7106400.0,7394.0,7106400.0,EDUC|2026-07-09 20:00:00+00:00,False,False,0.03773581227671219,-0.13207549291728138,0.21060730949407355
EFSI,0000880641,8-K,2026-07-23 20:01:23+00:00,2026-07-23 20:01:23+00:00,"2.02,7.01,9.01",0000880641-26-000020,efsi-20260723.htm,0,,,5969,,190645224.23780823,,0.7957188574038,6.0,151700000.0,98839.0,151700000.0,EFSI|2026-07-23 20:01:00+00:00,False,False,0.03746961004139737,-0.0431872938462341,0.08279999615347595
ELS,0000895417,8-K,2026-07-23 13:16:24+00:00,2026-07-23 13:16:24+00:00,"2.02,9.01",0001628280-26-049302,els-20260722.htm,0,,,7791,1531382000.0,12197126535.930279,,0.0018446967762218037,7.0,22500000.0,55879.0,22500000.0,ELS|2026-07-23 13:16:00+00:00,False,False,0.02777353469750432,-0.009308723053788381,0.013121395161167202
EMPD,0001829794,8-K,2026-07-23 12:31:13+00:00,2026-07-23 12:31:13+00:00,"7.01,8.01,9.01",0001683168-26-005723,empery_8k.htm,3,70000000.0,20000000.0,7859,974977.0,302698512.0896387,71.79656545744156,0.23125320146691294,3.0,70000000.0,7955.0,70000000.0,EMPD|2026-07-23 12:31:00+00:00,False,False,0.04480712997506009,-0.1513055999927555,0.07222501486206012
EMPD,0001829794,8-K,2026-07-10 12:00:37+00:00,2026-07-10 12:00:37+00:00,8.01,0001683168-26-005429,empery_8k.htm,4,87100000.0,59450000.0,3861,974977.0,302698512.0896387,89.33544073347372,0.2877450549681159,,,,87100000.0,EMPD|2026-07-10 12:00:00+00:00,False,False,0.032637076368149165,-0.18276757786140896,0.07051234954615321
ENS,0001289308,8-K,2026-07-23 20:22:37+00:00,2026-07-23 20:22:37+00:00,"7.01,8.01,9.01",0001289308-26-000014,ens-20260723.htm,3,500000000.0,200000000.0,8966,3751376000.0,4690859396.460007,0.1332844268343136,0.10659027648053764,,,,500000000.0,ENS|2026-07-23 20:22:00+00:00,False,False,0.0019650294112445454,-0.11502998786031748,0.04703240361948932
EPR,0001045450,8-K,2026-07-20 12:44:42+00:00,2026-07-20 12:44:42+00:00,"1.01,2.03,3.03,7.01,9.01",0001045450-26-000033,epr-20260717.htm,16,2600000000.0,800000000.0,14584,718357000.0,3996884323.580757,3.6193703130894526,0.6505066920902763,,,,2600000000.0,EPR|2026-07-20 12:44:00+00:00,False,False,0.03759030261671681,-0.012048192771084376,0.017919862025403577
EPAC,0000006955,8-K,2026-07-08 21:49:10+00:00,2026-07-08 21:49:10+00:00,"1.01,2.03,7.01,9.01",0001140361-26-027991,ef20077568_8k.htm,6,625000000.0,425700000.0,19588,616899000.0,2212509219.2505493,1.0131318092588901,0.2824846986227286,5.0,625000000.0,9208.0,625000000.0,EPAC|2026-07-08 21:49:00+00:00,False,False,-0.012665827054740952,-0.11204328292736665,0.04496998817234061
EOSE,0001805077,8-K,2026-07-15 12:18:57+00:00,2026-07-15 12:18:57+00:00,"2.02,7.01,8.01,9.01",0001628280-26-048253,eose-20260715.htm,3,364000000.0,69000000.0,6386,114203000.0,3731497692.9463444,3.1873068133061304,0.09754796329850873,,,,364000000.0,EOSE|2026-07-15 12:18:00+00:00,False,False,0.012903213236342914,-0.19731182801212133,0.05897142552612039
ENVX,0001828318,8-K,2026-07-09 11:35:21+00:00,2026-07-09 11:35:21+00:00,"5.02,9.01",0001828318-26-000050,envx-20260709.htm,1,4000000.0,4000000.0,7423,31821000.0,2422112100.1624374,0.12570315200653656,0.001651451227105361,,,,4000000.0,ENVX|2026-07-09 11:35:00+00:00,False,False,0.006735461715204449,-0.12044998860097444,0.04535411929837067
ELME,0000104894,8-K,2026-07-24 20:16:01+00:00,2026-07-24 20:16:01+00:00,"1.01,8.01,9.01",0000104894-26-000091,elme-20260723.htm,9,520000000.0,418000000.0,26453,241935000.0,1450249602.9615555,2.1493376320085975,0.3585589673240439,,,,520000000.0,ELME|2026-07-24 20:16:00+00:00,False,False,0.012345667202249944,-0.018518500803374915,0.04868199739832323
ERAS,0001761918,8-K,2026-07-14 21:03:03+00:00,2026-07-14 21:03:03+00:00,"8.01,9.01",0001193125-26-303357,d371010d8k.htm,2,593500000.0,554750000.0,8031,,675134963.2834711,,0.7405926624926746,1.0,500000000.0,11198.0,500000000.0,ERAS|2026-07-14 21:03:00+00:00,False,False,0.091736191460978,-0.08364926456453736,0.05107061775730845
EPRT,0001728951,8-K,2026-07-24 20:38:30+00:00,2026-07-24 20:38:30+00:00,"8.01,9.01",0001628280-26-049625,eprt-20260724.htm,1,279900000.0,279900000.0,12694,561219000.0,6267154938.894642,0.49873578763370446,0.04466141378808274,,,,279900000.0,EPRT|2026-07-24 20:38:00+00:00,False,False,0.009648227459954306,-0.03485841276067836,0.01590772799729703
EPRT,0001728951,8-K,2026-07-22 20:16:42+00:00,2026-07-22 20:16:42+00:00,"2.02,7.01,9.01",0001728951-26-000049,eprt-20260722.htm,0,,,4482,561219000.0,6267154938.894642,,0.2393430535267028,37.0,1500000000.0,93692.0,1500000000.0,EPRT|2026-07-22 20:16:00+00:00,False,False,-0.001422236978903424,-0.0454337938716286,0.014443044174930298
ESI,0001590714,8-K,2026-07-27 20:18:54+00:00,2026-07-27 20:18:54+00:00,2.02,0001590714-26-000063,esi-20260727.htm,0,,,4312,2551200000.0,6132230932.587219,,0.1594851874874479,12.0,978000000.0,49651.0,978000000.0,ESI|2026-07-27 20:18:00+00:00,False,False,-0.011969791330204704,-0.11267243811266692,0.0257533327453965
ESI,0001590714,8-K,2026-07-20 12:25:44+00:00,2026-07-20 12:25:44+00:00,"7.01,9.01",0001104659-26-084905,tm2620849d1_8k.htm,1,61000000.0,61000000.0,21519,2551200000.0,6132230932.587219,0.023910316713703354,0.009947440119360246,1.0,61000000.0,38114.0,61000000.0,ESI|2026-07-20 12:25:00+00:00,False,False,0.036656204416276816,-0.039820632764951513,0.0274864127817367
ESI,0001590714,8-K,2026-07-06 21:18:48+00:00,2026-07-06 21:18:48+00:00,"1.01,5.02,9.01",0001104659-26-080825,tm2619788d2_8k.htm,4,513000000.0,385000000.0,39838,2551200000.0,6132230932.587219,0.2010818438381938,0.08365634067593125,,,,513000000.0,ESI|2026-07-06 21:18:00+00:00,False,False,-0.00011869961042965116,-0.09762463051348369,0.04280861396345384
ESI,0001590714,8-K,2026-07-06 13:13:10+00:00,2026-07-06 13:13:10+00:00,"7.01,9.01",0001104659-26-080612,tm2619788d4_8k.htm,0,,,18180,2551200000.0,6132230932.587219,,2.364555438208583,5.0,14500000000.0,65966.0,14500000000.0,ESI|2026-07-06 13:13:00+00:00,False,False,-0.004175160630948027,-0.1426314488591679,0.030349058416280435
ESI,0001590714,8-K,2026-07-06 13:13:10+00:00,2026-07-06 13:13:10+00:00,"7.01,9.01",0001104659-26-080612,tm2619788d4_8k.htm,0,,,18180,2551200000.0,6132230932.587219,,2.364555438208583,5.0,14500000000.0,65966.0,14500000000.0,ESI|2026-07-06 13:13:00+00:00,False,False,-0.004175160630948027,-0.1426314488591679,0.030349058416280435
EQT,0000033213,8-K,2026-07-21 20:31:38+00:00,2026-07-21 20:31:38+00:00,"2.02,9.01",0000033213-26-000041,eqt-20260721.htm,0,,,3772,8644211000.0,33486898524.77646,,0.10750473046455507,23.0,3600000000.0,56390.0,3600000000.0,EQT|2026-07-21 20:31:00+00:00,False,False,0.05582737080202338,-0.022344455185758005,0.015245461089176297
EQT,0000033213,8-K,2026-07-14 20:15:32+00:00,2026-07-14 20:15:32+00:00,2.02,0000033213-26-000035,eqt-20260714.htm,1,45000000.0,45000000.0,4256,8644211000.0,33486898524.77646,0.005205796110252283,0.0013438091308069385,,,,45000000.0,EQT|2026-07-14 20:15:00+00:00,False,False,0.007782865394096117,-0.03093193410858497,0.016690036314831215
EQBK,0001227500,8-K,2026-07-14 20:10:21+00:00,2026-07-14 20:10:21+00:00,"2.02,7.01,9.01",0001193125-26-303176,eqbk-20260714.htm,0,,,4741,,790437841.207077,,0.09349248751444815,19.0,73900000.0,106695.0,73900000.0,EQBK|2026-07-14 20:10:00+00:00,False,False,0.03480691749044351,-0.03660735686358185,0.04624349182694972
EQH,0001333986,8-K,2026-07-21 21:01:33+00:00,2026-07-21 21:01:33+00:00,8.01,0000950142-26-002136,eh260809034_8k.htm,5,10900000000.0,6270000000.0,36545,11665000000.0,13545039448.605103,0.9344192027432491,0.8047226470885255,,,,10900000000.0,EQH|2026-07-21 21:01:00+00:00,False,False,0.021377123704237944,-0.03186028783438588,0.018573678624232832
ETSY,0001370637,8-K,2026-07-16 12:30:37+00:00,2026-07-16 12:30:37+00:00,"1.01,9.01",0001370637-26-000066,etsy-20260712.htm,5,158000000.0,90000000.0,8517,2883501000.0,7322140731.630188,0.054794501545170265,0.02157838886071549,,,,158000000.0,ETSY|2026-07-16 12:30:00+00:00,False,False,0.026828136200635733,-0.038461514078017456,0.02414457946359167
EU,0001500881,8-K,2026-07-09 20:05:13+00:00,2026-07-09 20:05:13+00:00,"5.02,9.01",0001193125-26-299677,d81173d8k.htm,1,1800000.0,1800000.0,6271,43155000.0,578122094.0015473,0.04171011470281543,0.003113529163954046,,,,1800000.0,EU|2026-07-09 20:05:00+00:00,False,False,0.007407400212333881,-0.14074078064069429,0.07886207205348979
ET,0001276187,8-K,2026-07-20 22:02:28+00:00,2026-07-20 22:02:28+00:00,"1.01,2.03,9.01",0001193125-26-309155,d99342d8k.htm,2,1100000000.0,875000000.0,7011,85536000000.0,57566070846.2269,0.01286008230452675,0.01910847802933033,,,,1100000000.0,ET|2026-07-20 22:02:00+00:00,False,False,0.00943547633480879,-0.010795346758062596,0.011009655376298132
ET,0001276187,8-K,2026-07-08 14:47:04+00:00,2026-07-08 14:47:04+00:00,"1.01,8.01,9.01",0001193125-26-298149,d86030d8k.htm,3,1732500000.0,1100000000.0,8082,85536000000.0,57566070846.2269,0.02025462962962963,0.030095852896195274,3.0,1732500000.0,6567.0,1732500000.0,ET|2026-07-08 14:47:00+00:00,False,False,0.012543903470742856,-0.021575529282059858,0.014684595717269313
EW,0001099800,8-K,2026-07-23 20:29:00+00:00,2026-07-23 20:29:00+00:00,"2.02,9.01",0001099800-26-000038,ew-20260723.htm,0,,,4157,6067600000.0,48547300433.34961,,0.1359498868337924,11.0,6600000000.0,38147.0,6600000000.0,EW|2026-07-23 20:29:00+00:00,False,False,-0.00336890316101357,-0.08896602208290971,0.01777618485847831
EWTX,0001710072,8-K/A,2026-07-16 12:01:18+00:00,2026-07-16 12:01:18+00:00,9.01,0001104659-26-084088,tm2620181d2_8ka.htm,0,,,4469,,1720295403.6027603,,1.5404331107612035,9.0,2650000000.0,27213.0,2650000000.0,EWTX|2026-07-16 12:01:00+00:00,False,False,0.043456834093501984,-0.07891177394075821,0.053686022360060544
EWTX,0001710072,8-K,2026-07-13 12:37:12+00:00,2026-07-13 12:37:12+00:00,"2.01,7.01,9.01",0001104659-26-082902,tm2620181d1_8k.htm,3,2650000000.0,1550000000.0,5101,,1720295403.6027603,,1.5404331107612035,5.0,2650000000.0,12484.0,2650000000.0,EWTX|2026-07-13 12:37:00+00:00,False,False,-0.002244886704043214,-0.16017507273145182,0.046662277601594304
EVI,0000065312,8-K,2026-07-23 19:45:19+00:00,2026-07-23 19:45:19+00:00,"1.01,3.02,8.01,9.01",0001437749-26-024286,evi20260708_8k.htm,5,22600000.0,6624778.0,26819,389830000.0,299702118.4697628,0.05797398866172434,0.07540820904233993,,,,22600000.0,EVI|2026-07-23 19:45:00+00:00,False,False,0.12090582974780606,-0.04181187216165594,0.1908391200332091
EXR,0001289490,8-K,2026-07-28 20:46:03+00:00,2026-07-28 20:46:03+00:00,"2.02,9.01",0001289490-26-000048,exr-20260728.htm,0,,,3778,129476000.0,31893226422.916092,,0.031354620154750934,37.0,1000000000.0,39079.0,1000000000.0,EXR|2026-07-28 20:46:00+00:00,False,False,-0.004374416558782013,-0.03310680767856666,0.015862344125691864
EXR,0001289490,8-K,2026-07-06 20:02:17+00:00,2026-07-06 20:02:17+00:00,"1.01,2.03,9.01",0001193125-26-296159,d152545d8k.htm,1,550000000.0,550000000.0,11281,129476000.0,31893226422.916092,4.247891501127622,0.017245041085113016,,,,550000000.0,EXR|2026-07-06 20:02:00+00:00,False,False,0.01579427953752921,-0.03325297518136561,0.016480352942945965
FATN,0001993400,8-K,2026-07-21 14:37:34+00:00,2026-07-21 14:37:34+00:00,"8.01,9.01",0001493152-26-034029,form8-k.htm,1,7000000.0,7000000.0,4171,19208294.0,88155575.02128601,0.36442590893288074,0.07940507447554829,2.0,7000000.0,4328.0,7000000.0,FATN|2026-07-21 14:37:00+00:00,False,False,0.1804347697638382,-0.03467394029936455,0.2934175855067781
FAF,0001472787,8-K,2026-07-22 20:15:15+00:00,2026-07-22 20:15:15+00:00,"2.02,9.01",0001193125-26-312415,faf-20260722.htm,0,,,3757,7452200000.0,6084586046.600342,,1.2326228838838587,24.0,7500000000.0,49488.0,7500000000.0,FAF|2026-07-22 20:15:00+00:00,False,False,0.10838060325368382,-0.047182820034371464,0.020037564782136263
FBLA,0002013639,8-K,2026-07-28 20:20:44+00:00,2026-07-28 20:20:44+00:00,"2.02,9.01",0001193125-26-321038,ck0002013639-20260728.htm,0,,,3525,66465000.0,241025617.4325943,,0.1850425713045748,13.0,44600000.0,46119.0,44600000.0,FBLA|2026-07-28 20:20:00+00:00,False,False,0.03496766803090279,-0.009067318228836552,0.052881453173222265
FANG,0001539838,8-K,2026-07-13 20:03:27+00:00,2026-07-13 20:03:27+00:00,2.02,0001539838-26-000134,fang-20260713.htm,2,113000000.0,88500000.0,9665,15026000000.0,41150450191.11694,0.007520298149873553,0.002746020990662043,,,,113000000.0,FANG|2026-07-13 20:03:00+00:00,False,False,0.023066790445801955,-0.03187147210941743,0.022708274788284313
EYPT,0001314102,8-K,2026-07-17 20:05:14+00:00,2026-07-17 20:05:14+00:00,"1.01,9.01",0001193125-26-307792,eypt-20260713.htm,2,4678981.86,4668222.52,7601,31371000.0,808518663.6975288,0.14914991106435882,0.0057871043305321055,,,,4678981.86,EYPT|2026-07-17 20:05:00+00:00,False,False,0.02053655182275138,-0.1074930183275562,0.06323703221860717
FCAP,0001070296,8-K,2026-07-24 20:45:29+00:00,2026-07-24 20:45:29+00:00,"2.02,9.01",0001104659-26-086673,fcap-20260724x8k.htm,0,,,3151,7170000.0,134204720.0,,0.025334429370293385,2.0,3400000.0,39197.0,3400000.0,FCAP|2026-07-24 20:45:00+00:00,False,False,0.0811266027982529,0.013030711151949426,0.1862194224531782
FCF,0000712537,8-K,2026-07-28 21:02:27+00:00,2026-07-28 21:02:27+00:00,"2.02,7.01,9.01",0000712537-26-000026,fcf-20260728.htm,1,75000000.0,75000000.0,4429,,1631850694.54945,,0.0459600870658742,22.0,75000000.0,50435.0,75000000.0,FCF|2026-07-28 21:02:00+00:00,False,False,0.022072281007415206,-0.019670644701270446,0.014346117257552197
FCCO,0000932781,8-K,2026-07-27 20:28:50+00:00,2026-07-27 20:28:50+00:00,"7.01,9.01",0001552781-26-000396,e26312_fcco-8k.htm,0,,,3973,922000.0,205209637.66376495,,1.233372871184068,8.0,253100000.0,26659.0,253100000.0,FCCO|2026-07-27 20:28:00+00:00,False,False,0.05164806038133718,-0.03663916858907723,0.12134559260101216
FCCO,0000932781,8-K,2026-07-22 20:06:31+00:00,2026-07-22 20:06:31+00:00,"2.02,5.02,9.01",0001552781-26-000389,e26306_fcco-8k.htm,0,,,14566,922000.0,205209637.66376495,,0.9536589130411777,27.0,195700000.0,69501.0,195700000.0,FCCO|2026-07-22 20:06:00+00:00,False,False,0.10429542448526341,0.0026266712876843457,0.13000396758047547
FCEL,0000886128,8-K,2026-07-09 12:15:34+00:00,2026-07-09 12:15:34+00:00,"1.01,7.01,9.01",0001104659-26-082100,tm2620028d1_8k.htm,1,245400000.0,245400000.0,7567,158162000.0,260301550.11172104,1.5515737029122039,0.8643820980068322,2.0,225000000.0,12073.0,225000000.0,FCEL|2026-07-09 12:15:00+00:00,False,True,0.014049592639210795,-0.2177686070917112,0.15279246244256736
FCPT,0001650132,8-K,2026-07-28 20:32:03+00:00,2026-07-28 20:32:03+00:00,"7.01,9.01",0001193125-26-321084,fcpt-20260728.htm,0,,,3875,31484000.0,2492518548.079956,,0.4613807190666129,8.0,1150000000.0,6515.0,1150000000.0,FCPT|2026-07-28 20:32:00+00:00,False,False,0.012421129150351096,-0.03649920877655888,0.0156790310119092
FCPT,0001650132,8-K,2026-07-16 20:51:56+00:00,2026-07-16 20:51:56+00:00,"7.01,8.01,9.01",0001193125-26-306204,fcpt-20260716.htm,2,268000000.0,142685000.0,4314,31484000.0,2492518548.079956,8.512260195654935,0.14615738778779744,4.0,364300000.0,4232.0,364300000.0,FCPT|2026-07-16 20:51:00+00:00,False,False,0.010914599881754361,-0.030861863163060277,0.016217961669988554
FELE,0000038725,8-K,2026-07-28 12:00:12+00:00,2026-07-28 12:00:12+00:00,"2.02,9.01",0000038725-26-000051,fele-20260728.htm,0,,,3341,2131250000.0,4415989269.308044,,0.5185701006829728,4.0,2290000000.0,18278.0,2290000000.0,FELE|2026-07-28 12:00:00+00:00,False,False,0.03489409928970488,-0.08658745531510603,0.032963632364241185
FBNC,0000811589,8-K,2026-07-14 12:45:27+00:00,2026-07-14 12:45:27+00:00,"1.01,8.01,9.01",0000811589-26-000149,fbnc-20260714.htm,1,6400000.0,6400000.0,17955,67623000.0,2017975808.1400452,0.0946423554116203,0.0031714949080082567,,,,6400000.0,FBNC|2026-07-14 12:45:00+00:00,False,False,0.013944996499536177,-0.07764989060251348,0.04138273771438084
FCFS,0000840489,8-K,2026-07-23 19:26:57+00:00,2026-07-23 19:26:57+00:00,"2.02,8.01,9.01",0000840489-26-000082,fcfs-20260723.htm,2,150000000.0,150000000.0,5322,1668410000.0,6804637349.703857,0.08990595836754754,0.022043790475700827,,,,150000000.0,FCFS|2026-07-23 19:26:00+00:00,False,False,0.10180261038653371,-0.012712318486872598,0.05414283539336969
FEIM,0000039020,8-K,2026-07-15 20:10:31+00:00,2026-07-15 20:10:31+00:00,"2.02,9.01",0001185185-26-002982,feim8k071526.htm,0,,,4254,63227000.0,348438961.90382767,,0.4304914673732766,11.0,150000000.0,34446.0,150000000.0,FEIM|2026-07-15 20:10:00+00:00,True,False,0.5049532596195969,-0.07887852748977808,0.11699776988489975
FFIN,0000036029,8-K,2026-07-17 20:27:53+00:00,2026-07-17 20:27:53+00:00,"2.02,9.01",0001193125-26-307884,ffin-20260716.htm,0,,,3047,,4393288672.579582,,3.029621086152038,8.0,13310000000.0,62582.0,13310000000.0,FFIN|2026-07-17 20:27:00+00:00,False,False,-0.0007078574772063639,-0.03878819206460882,0.026573425350608096
FFIV,0001048695,8-K,2026-07-27 20:06:52+00:00,2026-07-27 20:06:52+00:00,"2.02,9.01",0001048695-26-000063,ffiv-20260727.htm,0,,,3082,3088072000.0,15371712977.21466,,0.057898557000071384,11.0,890000000.0,29895.0,890000000.0,FFIV|2026-07-27 20:06:00+00:00,False,False,0.05010284840031165,-0.06868194174805409,0.028807630511220247
FG,0001934850,8-K,2026-07-08 20:10:34+00:00,2026-07-08 20:10:34+00:00,"2.02,7.01",0001934850-26-000077,fg-20260708.htm,4,66000000.0,60500000.0,9713,5731000000.0,3916933670.7257767,0.011516314779270634,0.016849915150023646,,,,66000000.0,FG|2026-07-08 20:10:00+00:00,False,False,0.16952108950204936,-0.014397115176921438,0.02859683017322648
FHB,0000036377,8-K,2026-07-24 12:03:08+00:00,2026-07-24 12:03:08+00:00,"2.02,9.01",0001104659-26-086492,fhb-20260724x8k.htm,0,,,4549,880788000.0,3048389612.1400757,,0.05553752031097675,7.0,169300000.0,98863.0,169300000.0,FHB|2026-07-24 12:03:00+00:00,False,False,0.010116832336175552,-0.03715334031197337,0.013138298907414487
FHB,0000036377,8-K,2026-07-15 20:23:11+00:00,2026-07-15 20:23:11+00:00,"1.01,9.01",0001104659-26-083898,tm2620283d5_8k.htm,1,80000000.0,80000000.0,30456,880788000.0,3048389612.1400757,0.09082775877963824,0.026243364588766332,,,,80000000.0,FHB|2026-07-15 20:23:00+00:00,False,False,0.033633817899527685,-0.004854347742986209,0.03810958021247363
FFBC,0000708955,8-K,2026-07-21 20:30:48+00:00,2026-07-21 20:30:48+00:00,"1.01,2.02,7.01,9.01",0001104659-26-085424,tm2620858d1_8k.htm,1,9000000.0,9000000.0,32408,,2257878275.174553,,9.920818250606665,48.0,22400000000.0,192052.0,22400000000.0,FFBC|2026-07-21 20:30:00+00:00,False,False,0.009456255714577644,-0.02098106032125302,0.0288393866840716
FIX,0001035983,8-K,2026-07-23 20:05:14+00:00,2026-07-23 20:05:14+00:00,"2.02,8.01,9.01",0001104659-26-086255,fix-20260723x8k.htm,0,,,6298,1831286000.0,29593377342.19629,,0.47510629954196804,14.0,14060000000.0,25237.0,14060000000.0,FIX|2026-07-23 20:05:00+00:00,False,False,0.012079412655255028,-0.18418299482083833,0.039576243163257196
FLG,0000910073,8-K,2026-07-24 10:08:02+00:00,2026-07-24 10:08:02+00:00,"2.02,7.01,8.01,9.01",0000910073-26-000065,nycb-20260724.htm,1,250000000.0,250000000.0,5889,,4791571187.539699,,0.05217495268569016,,,,250000000.0,FLG|2026-07-24 10:08:00+00:00,False,False,-0.014393422614853324,-0.0657984940443399,0.016561508113725427
FMCB,0001085913,8-K,2026-07-23 18:45:33+00:00,2026-07-23 18:45:33+00:00,"7.01,9.01",0001140361-26-029401,ef20078645_8k.htm,0,,,4159,,726143342.75,,0.10645281096602052,3.0,77300000.0,12652.0,77300000.0,FMCB|2026-07-23 18:45:00+00:00,False,False,0.019926199261992572,0.0036900369003689537,0.17942949903143743
FNB,0000037808,8-K,2026-07-17 11:34:22+00:00,2026-07-17 11:34:22+00:00,"2.02,9.01",0000037808-26-000023,fnb-20260716.htm,0,,,3328,,5563132949.658573,,6.381296352476844,29.0,35500000000.0,58314.0,35500000000.0,FNB|2026-07-17 11:34:00+00:00,False,False,-0.00013018529210062635,-0.03657432150226081,0.011412578809979338
FMBH,0000700565,8-K,2026-07-15 13:00:31+00:00,2026-07-15 13:00:31+00:00,"1.01,2.03,9.01",0001171843-26-004658,f8k_071526.htm,2,19709626.03,18511450.29,4985,,876863812.1502457,,0.02247740841496019,,,,19709626.03,FMBH|2026-07-15 13:00:00+00:00,False,False,0.11340639457095936,0.002921218401192416,0.04659405282645745
FRAF,0000723646,8-K,2026-07-24 11:45:27+00:00,2026-07-24 11:45:27+00:00,"2.02,9.01",0000723646-26-000063,fraf-20260724x8k.htm,0,,,3192,,204717248.1807518,,0.14214728000987306,14.0,29100000.0,40055.0,29100000.0,FRAF|2026-07-24 11:45:00+00:00,False,False,0.04457367922880029,-0.03423770986072161,0.10349089047779744
FR,0000921825,8-K,2026-07-22 20:55:14+00:00,2026-07-22 20:55:14+00:00,"2.02,9.01",0000921825-26-000060,fr-20260722.htm,0,,,4938,727076000.0,7106176107.559204,,0.01843466838102261,5.0,131000000.0,29519.0,131000000.0,FR|2026-07-22 20:55:00+00:00,False,False,0.0008160888480650552,-0.042065423632071997,0.01688432918270071
FNLC,0000765207,8-K,2026-07-22 20:17:04+00:00,2026-07-22 20:17:04+00:00,2.02,0000765207-26-000098,fnlc-20260722.htm,0,,,3425,,277462053.0,,0.09875224270758207,3.0,27400000.0,38386.0,27400000.0,FNLC|2026-07-22 20:17:00+00:00,False,False,0.05847606339472455,-0.023626675210867365,0.1445517166522535
FRNM,0002017526,8-K,2026-07-27 12:10:47+00:00,2026-07-27 12:10:47+00:00,"7.01,8.01,9.01",0001140361-26-029689,ef20078829_8k.htm,1,100000000.0,100000000.0,10341,,94370138.85974884,,1.05965723064812,1.0,100000000.0,11832.0,100000000.0,FRNM|2026-07-27 12:10:00+00:00,False,False,-0.0008467594010602708,-0.15580017673256008,0.1723132857138441
FRNM,0002017526,8-K,2026-07-24 01:30:39+00:00,2026-07-24 01:30:39+00:00,"1.01,2.01,3.02,3.03,4.01,5.01,5.02,5.03,5.05,5.06,7.01,8.01,9.01",0001140361-26-029471,ef20078324_8k.htm,3,310300000.0,240000000.0,69153,,94370138.85974884,,3.2849374150091726,14.0,310000000.0,55339.0,310000000.0,FRNM|2026-07-24 01:30:00+00:00,False,False,0.002003339965645834,-0.1847914439736983,0.17667349070816263
FSBC,0001275168,8-K,2026-07-23 20:11:16+00:00,2026-07-23 20:11:16+00:00,"1.01,8.01,9.01",0001552781-26-000394,e26308_fsbc-8k.htm,1,112900000.0,112900000.0,10456,,761984766.7194939,,0.1490843452016398,1.0,113600000.0,12882.0,113600000.0,FSBC|2026-07-23 20:11:00+00:00,False,False,0.009825467329332316,-0.04400542662327789,0.05784689804299315
FRME,0000712534,8-K,2026-07-22 20:12:30+00:00,2026-07-22 20:12:30+00:00,"2.02,9.01",0000712534-26-000056,frme-20260722.htm,0,,,4820,,2151684300.9577675,,1.5336822407130493,25.0,3300000000.0,55464.0,3300000000.0,FRME|2026-07-22 20:12:00+00:00,False,False,0.048944359419162975,-0.028430934851597423,0.027539342004783543
FRHC,0000924805,8-K,2026-07-10 20:10:57+00:00,2026-07-10 20:10:57+00:00,"3.02,7.01,9.01",0000924805-26-000026,frhc-20260710.htm,0,,,4936,2191291000.0,10211548753.458252,,0.029378501463688526,1.0,300000000.0,1087.0,300000000.0,FRHC|2026-07-10 20:10:00+00:00,False,False,0.044481546302977515,-0.15093996549977484,0.08590655008053467
FRST,0001325670,8-K,2026-07-23 20:35:43+00:00,2026-07-23 20:35:43+00:00,"2.02,7.01,8.01,9.01",0001104659-26-086283,tm2621139d1_8k.htm,0,,,5332,,264667801.25962257,,1.590673281737907,18.0,421000000.0,110675.0,421000000.0,FRST|2026-07-23 20:35:00+00:00,False,False,0.050563598499232976,-0.0698872827572854,0.0431428390029887
FRMM,0001690080,8-K,2026-07-16 12:00:14+00:00,2026-07-16 12:00:14+00:00,"1.01,7.01,9.01",0001213900-26-078494,ea0298168-8k_forum.htm,1,11650000.0,11650000.0,6910,6547000.0,103391246.02830505,1.779440965327631,0.1160639847276316,2.0,12000000.0,7597.0,12000000.0,FRMM|2026-07-16 12:00:00+00:00,False,False,0.10256848655155948,-0.125,0.12730396875425454
FTRE,0001965040,8-K,2026-07-14 20:05:39+00:00,2026-07-14 20:05:39+00:00,5.02,0001628280-26-048152,ftre-20260708.htm,1,1017500.0,1017500.0,10036,2723400000.0,949768003.4637451,0.0003736138650216641,0.001071314253890677,,,,1017500.0,FTRE|2026-07-14 20:05:00+00:00,False,False,0.107940494083123,-0.043502148392985274,0.04358407501192556
FUL,0000039368,8-K,2026-07-20 19:15:37+00:00,2026-07-20 19:15:37+00:00,"1.01,1.02,2.03,9.01",0001437749-26-023846,ful20260717_8k.htm,5,2086713188.0,700000000.0,8932,3473589000.0,3287522607.393524,0.6007369288652169,0.6347372891997928,,,,2086713188.0,FUL|2026-07-20 19:15:00+00:00,False,False,0.04343541389088168,-0.02095650985617159,0.023826945508700553
FTHM,0001753162,8-K,2026-07-06 20:05:44+00:00,2026-07-06 20:05:44+00:00,"1.01,9.01",0001628280-26-047229,fthm-20260630.htm,3,3000000.0,1015000.0,6437,420477000.0,35183902.5,0.007134754100699919,0.08526626629891326,,,,3000000.0,FTHM|2026-07-06 20:05:00+00:00,False,True,0.014679772720145756,-0.21458124594732453,0.1202836766004434
FSUN,0001709442,8-K,2026-07-27 21:16:18+00:00,2026-07-27 21:16:18+00:00,"2.02,7.01,8.01,9.01",0001709442-26-000043,fcb-20260727.htm,1,150000000.0,150000000.0,4728,,944721558.7743759,,0.15877694184792485,,,,150000000.0,FSUN|2026-07-27 21:16:00+00:00,False,False,0.07916549066710843,0.0,0.057606309561572776
FSUN,0001709442,8-K,2026-07-09 20:30:14+00:00,2026-07-09 20:30:14+00:00,"2.02,7.01",0001709442-26-000041,fcb-20260709.htm,8,43000000.0,31800000.0,8861,,944721558.7743759,,0.04551605666307179,,,,43000000.0,FSUN|2026-07-09 20:30:00+00:00,False,False,0.11806536936874212,-0.06730497050457884,0.04848164712174898
FUNC,0000763907,8-K,2026-07-20 20:21:35+00:00,2026-07-20 20:21:35+00:00,"2.02,7.01,9.01",0001104659-26-085078,tm2620844d1_8k.htm,0,,,4719,18426000.0,227441280.19299698,,7.034782774007903,41.0,1600000000.0,129294.0,1600000000.0,FUNC|2026-07-20 20:21:00+00:00,False,False,0.021510173907625108,-0.03898726499717464,0.1560133911782363
FUN,0001999001,8-K,2026-07-02 20:46:54+00:00,2026-07-02 20:46:54+00:00,"5.02,7.01,9.01",0001999001-26-000087,fun-20260701.htm,1,1560000.0,1560000.0,9141,3100289000.0,2286887986.232998,0.0005031788971931327,0.0006821497202272943,,,,1560000.0,FUN|2026-07-02 20:46:00+00:00,False,False,0.002442131514923007,-0.11747501433649365,0.040621733246172784
FUBO,0001484769,8-K,2026-07-09 20:33:34+00:00,2026-07-09 20:33:34+00:00,"5.02,7.01,9.01",0001493152-26-032696,form8-k.htm,4,8000000.0,2537500.0,11883,402347000.0,15162938047.030823,0.019883334534618127,0.0005276022348166584,0.0,,8973.0,8000000.0,FUBO|2026-07-09 20:33:00+00:00,False,False,0.05714285177382483,-0.1103448204583537,0.044571268505697884
GBCI,0000868671,8-K,2026-07-23 20:38:33+00:00,2026-07-23 20:38:33+00:00,"2.02,9.01",0000868671-26-000062,gbci-20260723.htm,0,,,3675,101072000.0,5616965837.666565,,0.5054330188305712,53.0,2839000000.0,83714.0,2839000000.0,GBCI|2026-07-23 20:38:00+00:00,False,False,0.009546530506957085,-0.034805092332670706,0.019515741208526147
GBDC,0001476765,8-K,2026-07-09 20:05:57+00:00,2026-07-09 20:05:57+00:00,"1.01,2.03,9.01",0001104659-26-082256,tm2620117d1_8k.htm,1,200000000.0,200000000.0,5503,,3753243742.0858154,,0.05328723998320787,,,,200000000.0,GBDC|2026-07-09 20:05:00+00:00,False,False,0.04435795158778233,-0.005447521122215582,0.015755194124973452
GAP,0000039911,8-K,2026-07-20 21:58:47+00:00,2026-07-20 21:58:47+00:00,"1.01,2.03,9.01",0001628280-26-048865,gap-20260717.htm,7,2200000000.0,300000000.0,10012,15366000000.0,8556348833.399403,0.14317323961994013,0.25711901686527533,,,,2200000000.0,GAP|2026-07-20 21:58:00+00:00,False,False,0.0037697337956859034,-0.06107062702347199,0.023332736674962273
GBTG,0001820872,8-K,2026-07-24 20:09:12+00:00,2026-07-24 20:09:12+00:00,8.01,0001140361-26-029601,ef20078725_8k.htm,15,1534000000.0,122000000.0,34539,2718000000.0,3755486289.252056,0.5643855776306107,0.4084690721385943,,,,1534000000.0,GBTG|2026-07-24 20:09:00+00:00,False,False,0.002123089588893512,-0.0010615954141022232,0.006400470847714982
FWDI,0000038264,8-K,2026-07-17 21:52:25+00:00,2026-07-17 21:52:25+00:00,5.02,0001683168-26-005625,forward_8k.htm,2,3700000.0,2500000.0,7181,18187525.0,18796899.41902256,0.20343614647952374,0.19684097454155555,,,,3700000.0,FWDI|2026-07-17 21:52:00+00:00,False,False,0.07701556646587471,-0.07821907814471218,0.060891340136891244
GCBC,0001070524,8-K,2026-07-23 19:41:43+00:00,2026-07-23 19:41:43+00:00,"2.02,9.01",0001140361-26-029411,ef20078633_8k.htm,0,,,3348,,391617044.0,,2.8088665109274458,14.0,1100000000.0,33843.0,1100000000.0,GCBC|2026-07-23 19:41:00+00:00,False,False,0.04220186654182778,-0.00611623113985138,0.11796681962613373
GECC,0001675033,8-K,2026-07-20 20:28:00+00:00,2026-07-20 20:28:00+00:00,"8.01,9.01",0000950103-26-010841,dp250280_8k.htm,1,6500000.0,6500000.0,4598,,90927452.6245451,,0.07148556142708193,0.0,,3863.0,6500000.0,GECC|2026-07-20 20:28:00+00:00,False,False,0.015065899165373375,-0.05649712187014999,0.14653656630023754
GEVO,0001392380,8-K,2026-07-15 12:35:53+00:00,2026-07-15 12:35:53+00:00,"7.01,9.01",0001104659-26-083740,tm2620388d2_8k.htm,0,,,3838,160580000.0,522372440.037215,,0.1340040067868302,1.0,70000000.0,11662.0,70000000.0,GEVO|2026-07-15 12:35:00+00:00,False,False,0.11618467974637325,-0.04236428130398695,0.06501355493731206
GLW,0000024741,8-K,2026-07-28 11:03:07+00:00,2026-07-28 11:03:07+00:00,2.02,0000024741-26-000253,glw-20260728.htm,0,,,3777,15629000000.0,73532147015.20859,,0.06446160206663937,5.0,4740000000.0,50773.0,4740000000.0,GLW|2026-07-28 11:03:00+00:00,False,False,0.07792004394531249,-0.08399999999999996,0.04050875680674594
GNSS,0000924383,8-K,2026-07-15 12:07:08+00:00,2026-07-15 12:07:08+00:00,"1.01,2.03,3.02,7.01,9.01",0001193125-26-304084,gnss-20260713.htm,3,15206812.5,4000000.0,7758,40757000.0,108370813.90626907,0.3731092205019997,0.14032202907650498,0.0,,6299.0,15206812.5,GNSS|2026-07-15 12:07:00+00:00,False,False,-0.019021785432482563,-0.1358695627526435,0.1340045960724111
GOVX,0000832489,8-K,2026-07-10 20:04:50+00:00,2026-07-10 20:04:50+00:00,3.01,0001437749-26-023320,govx20260709_8k.htm,1,2500000.0,2500000.0,6727,2489145.0,359472235.6119585,1.004360935180554,0.006954640031500761,,,,2500000.0,GOVX|2026-07-10 20:04:00+00:00,False,True,0.0,-0.454017052634775,0.17520500110224158
GRC,0000042682,8-K,2026-07-24 13:39:02+00:00,2026-07-24 13:39:02+00:00,"2.02,9.01",0001193125-26-315278,grc-20260724.htm,0,,,3253,682389000.0,1225389043.909958,,0.30259777647175257,7.0,370800000.0,22328.0,370800000.0,GRC|2026-07-24 13:39:00+00:00,False,False,0.10792021450936229,-0.025404480339649038,0.0651932943770543
GRDX,0001604191,8-K,2026-07-23 20:01:55+00:00,2026-07-23 20:01:55+00:00,"1.01,9.01",0001104659-26-086250,tm2620841d1_8k.htm,1,2000000.0,2000000.0,10366,36251.0,18348056.195504665,55.170891837466556,0.10900337227493377,,,,2000000.0,GRDX|2026-07-23 20:01:00+00:00,False,True,-0.07163746155326212,-0.22514618823076682,0.2856918158231768
GRDX,0001604191,8-K/A,2026-07-07 20:58:41+00:00,2026-07-07 20:58:41+00:00,"1.01,3.02",0001104659-26-081319,tm2619979d1_8ka.htm,1,8500000.0,8500000.0,7658,36251.0,18348056.195504665,234.47629030923284,0.4632643321684685,,,,8500000.0,GRDX|2026-07-07 20:58:00+00:00,False,True,0.039351757569817236,-0.38657407637363594,0.2790766514503909
GRDX,0001604191,8-K,2026-07-06 21:23:34+00:00,2026-07-06 21:23:34+00:00,"1.01,3.02,9.01",0001104659-26-080831,tm2619855d1_8k.htm,1,8500000.0,8500000.0,7222,36251.0,18348056.195504665,234.47629030923284,0.4632643321684685,,,,8500000.0,GRDX|2026-07-06 21:23:00+00:00,False,True,0.027839645071712438,-0.4097995032397317,0.29063990118553584
GT,0000042582,8-K,2026-07-21 20:29:26+00:00,2026-07-21 20:29:26+00:00,2.05,0001628280-26-049010,gt-20260716.htm,14,565000000.0,207500000.0,5704,18280000000.0,2008046157.7840967,0.03090809628008753,0.28136803420071,,,,565000000.0,GT|2026-07-21 20:29:00+00:00,False,False,0.030695758113842952,-0.06357436356875601,0.053141693267011396
GSHD,0001726978,8-K,2026-07-13 23:56:13+00:00,2026-07-13 23:56:13+00:00,"1.01,9.01",0001726978-26-000051,gshd-20260708.htm,1,50000000.0,50000000.0,8933,365304000.0,749036937.6581573,0.13687230361561878,0.06675238227412866,,,,50000000.0,GSHD|2026-07-13 23:56:00+00:00,False,False,0.07701589784072627,-0.10531686765948622,0.05975392864735845
GS,0000886982,8-K,2026-07-21 20:35:18+00:00,2026-07-21 20:35:18+00:00,9.01,0001193125-26-310408,d102046d8k.htm,3,3500000000.0,3500000000.0,6281,,229489840763.99683,,0.015251219785364426,,,,3500000000.0,GS|2026-07-21 20:35:00+00:00,False,False,0.018667528126184996,-0.03181212691545987,0.02039874251130524
GTY,0001052752,8-K,2026-07-22 20:45:22+00:00,2026-07-22 20:45:22+00:00,"7.01,9.01",0001193125-26-312478,gty-20260722.htm,0,,,4150,221727000.0,1557993903.9090443,,0.15019314222789212,12.0,234000000.0,31338.0,234000000.0,GTY|2026-07-22 20:45:00+00:00,False,False,0.011476304017852268,-0.04335513047042594,0.019833751702442195
GTY,0001052752,8-K,2026-07-22 20:40:14+00:00,2026-07-22 20:40:14+00:00,"2.02,9.01",0001193125-26-312471,gty-20260722.htm,0,,,3763,221727000.0,1557993903.9090443,,0.6418510351619322,20.0,1000000000.0,31778.0,1000000000.0,GTY|2026-07-22 20:40:00+00:00,False,False,0.011476304017852268,-0.04335513047042594,0.019833751702442195
GWRE,0001528396,8-K,2026-07-22 20:17:24+00:00,2026-07-22 20:17:24+00:00,"5.02,9.01",0001528396-26-000032,gwre-20260717.htm,2,13400000.0,12350000.0,5218,1202459000.0,18054041004.02011,0.011143831099438733,0.0007422161053592494,,,,13400000.0,GWRE|2026-07-22 20:17:00+00:00,True,False,0.20817521366759806,-0.04266424248688416,0.036628320175799034
GVA,0000861459,8-K,2026-07-10 16:16:57+00:00,2026-07-10 16:16:57+00:00,7.01,0000861459-26-000025,gva-20260710.htm,1,273300000.0,273300000.0,6799,4424379000.0,4502092546.557526,0.0617713807971695,0.06070510483152457,,,,273300000.0,GVA|2026-07-10 16:16:00+00:00,False,False,0.033531792523624926,-0.04225923777196283,0.04263572681268966
GYRE,0001124105,8-K/A,2026-07-15 21:09:08+00:00,2026-07-15 21:09:08+00:00,"2.02,9.01",0001140361-26-028564,ef20077460_8ka.htm,0,,,5873,116588000.0,726201200.1059446,,0.41310865357456494,5.0,300000000.0,185773.0,300000000.0,GYRE|2026-07-15 21:09:00+00:00,False,False,0.006106864227211517,-0.14198477528157782,0.08020254909581619
HASI,0001561894,8-K,2026-07-20 12:00:48+00:00,2026-07-20 12:00:48+00:00,"1.01,1.02,2.03,8.01,9.01",0001104659-26-084887,tm2620682d1_8k.htm,5,2250000000.0,400000000.0,14550,400502000.0,3497873241.764076,5.617949473410869,0.6432480094290842,,,,2250000000.0,HASI|2026-07-20 12:00:00+00:00,False,False,0.0063756836560375785,-0.02849737092239979,0.02410110122098968
HBAN,0000049196,8-K,2026-07-23 10:16:20+00:00,2026-07-23 10:16:20+00:00,"2.02,9.01",0000049196-26-000060,hban-20260723.htm,0,,,12411,1562000000.0,25656089396.717323,,1.730583305719263,50.0,44400000000.0,120682.0,44400000000.0,HBAN|2026-07-23 10:16:00+00:00,False,False,0.010592583127746025,-0.03206409739764038,0.014658548943869741
HBT,0000775215,8-K,2026-07-27 11:02:23+00:00,2026-07-27 11:02:23+00:00,"2.02,7.01,8.01,9.01",0000775215-26-000063,hbt-20260724.htm,0,,,5283,,781716662.2683563,,4.285440187854119,37.0,3350000000.0,110524.0,3350000000.0,HBT|2026-07-27 11:02:00+00:00,False,False,0.09118516710069446,-0.010814864547164404,0.04540262232893773
HCA,0000860730,8-K,2026-07-24 11:45:42+00:00,2026-07-24 11:45:42+00:00,"2.02,7.01,8.01,9.01",0001193125-26-315151,hca-20260724.htm,0,,,3704,75600000000.0,109602553971.81702,,0.7299099984528741,18.0,80000000000.0,47167.0,80000000000.0,HCA|2026-07-24 11:45:00+00:00,False,False,0.0855427931774484,-0.029957960581833643,0.018128557007827256
HCA,0000860730,8-K,2026-07-14 11:40:57+00:00,2026-07-14 11:40:57+00:00,"2.02,7.01,9.01",0001193125-26-302539,hca-20260714.htm,0,,,3419,75600000000.0,109602553971.81702,,0.7299099984528741,6.0,80000000000.0,23965.0,80000000000.0,HCA|2026-07-14 11:40:00+00:00,False,False,0.07873128014712494,-0.009865567244466633,0.027763811791171124
HCSG,0000731012,8-K,2026-07-22 11:04:17+00:00,2026-07-22 11:04:17+00:00,"2.02,9.01",0000731012-26-000040,hcsg-20260722.htm,0,,,3780,1837173000.0,1199878831.15139,,0.3923729528157653,17.0,470800000.0,13772.0,470800000.0,HCSG|2026-07-22 11:04:00+00:00,False,False,0.01882549629118846,-0.12993653801735805,0.03136520801601857
HHH,0001981792,8-K/A,2026-07-15 20:33:55+00:00,2026-07-15 20:33:55+00:00,9.01,0001104659-26-083909,tm2620400d1_8ka.htm,2,2100000000.0,1550000000.0,8393,1474892000.0,4797835532.294083,1.4238330670991504,0.43769737121353264,34.0,2100000000.0,252114.0,2100000000.0,HHH|2026-07-15 20:33:00+00:00,False,False,0.016237345927671898,-0.08636625962324629,0.025108613603431036
HGV,0001674168,8-K,2026-07-17 20:20:51+00:00,2026-07-17 20:20:51+00:00,"1.01,2.03,9.01",0001140361-26-028827,ef20078182_8k.htm,2,850000000.0,849500000.0,7770,4513000000.0,4109786825.3960686,0.18834478174163527,0.20682337943844173,,,,850000000.0,HGV|2026-07-17 20:20:00+00:00,False,False,0.0312000274658204,-0.04500000000000004,0.02424548269145459
HEI,0000046619,8-K,2026-07-16 21:12:32+00:00,2026-07-16 21:12:32+00:00,"1.01,2.03,7.01,8.01,9.01",0001213900-26-078776,ea0298133-8k_heico.htm,2,650000000.0,600000000.0,10840,4485044000.0,788254410.4121819,0.14492611443722736,2.7909770892998997,4.0,2200000000.0,5632.0,2200000000.0,HEI|2026-07-16 21:12:00+00:00,False,False,0.034327053435489585,-0.01639581227756659,0.023268095285770226
HLMN,0001822492,8-K,2026-07-22 20:33:41+00:00,2026-07-22 20:33:41+00:00,"1.01,9.01",0001822492-26-000122,hlmn-20260722.htm,4,735000000.0,350000000.0,8989,1552224000.0,1847926829.143381,0.4735141319809512,0.3977430212108096,,,,735000000.0,HLMN|2026-07-22 20:33:00+00:00,False,False,0.03767216567149534,-0.03191484917502996,0.03636131154374842
HLLY,0001822928,8-K,2026-07-14 12:38:18+00:00,2026-07-14 12:38:18+00:00,"8.01,9.01",0001822928-26-000063,hlly-20260714.htm,1,15000000.0,15000000.0,3189,613514000.0,345834013.2799082,0.02444931981992261,0.043373408698985975,,,,15000000.0,HLLY|2026-07-14 12:38:00+00:00,False,False,0.1007751930820906,-0.023255792462719804,0.04636200841076209
HMN,0000850141,8-K,2026-07-21 20:17:37+00:00,2026-07-21 20:17:37+00:00,"1.01,2.03,9.01",0000850141-26-000028,hmn-20260721.htm,3,125000000.0,10000000.0,6360,1701400000.0,1804041741.0861053,0.07346890795815211,0.13303461584847276,2.0,240000000.0,25770.0,240000000.0,HMN|2026-07-21 20:17:00+00:00,False,False,0.02840033362388228,-0.02724111076382163,0.03582904486268296
HMN,0000850141,8-K,2026-07-21 20:16:29+00:00,2026-07-21 20:16:29+00:00,"1.01,2.03,9.01",0000850141-26-000027,hmn-20260721.htm,1,115000000.0,115000000.0,5390,1701400000.0,1804041741.0861053,0.06759139532149994,0.13303461584847276,2.0,240000000.0,25770.0,240000000.0,HMN|2026-07-21 20:16:00+00:00,False,False,0.02840033362388228,-0.02724111076382163,0.03582904486268296
HFFG,0001680873,8-K,2026-07-23 12:42:26+00:00,2026-07-23 12:42:26+00:00,"1.01,3.02,8.01,9.01",0001680873-26-000051,hffg-20260717.htm,3,47921740.0,38365392.0,7597,1228282000.0,130928870.93563843,0.039015258710947485,0.3660135435182757,,,,47921740.0,HFFG|2026-07-23 12:42:00+00:00,False,False,0.030120525621057048,-0.12048188704574891,0.19063575318799927
HELE,0000916789,8-K,2026-07-08 10:50:52+00:00,2026-07-08 10:50:52+00:00,"2.02,9.01",0000916789-26-000094,hele-20260708.htm,0,,,12457,1786290000.0,485908089.6847973,,3.768202338816272,25.0,1831000000.0,44725.0,1831000000.0,HELE|2026-07-08 10:50:00+00:00,False,False,0.08713386879124241,-0.06807558701891159,0.0659667098875853
HNVR,0001828588,8-K,2026-07-23 20:00:11+00:00,2026-07-23 20:00:11+00:00,"2.02,9.01",0001104659-26-086247,hnvr-20260723x8k.htm,0,,,4294,,145530463.53047562,,0.01480002844592713,6.0,2153855.0,88897.0,2153855.0,HNVR|2026-07-23 20:00:00+00:00,False,False,0.07741422886677074,-0.008379851913327241,0.08291745296762755
HOPE,0001128361,8-K,2026-07-27 12:05:21+00:00,2026-07-27 12:05:21+00:00,"2.02,7.01,8.01,9.01",0001128361-26-000033,hope-20260727.htm,0,,,4966,,1348451123.3560371,,0.2479140654115747,19.0,334300000.0,60001.0,334300000.0,HOPE|2026-07-27 12:05:00+00:00,False,False,0.038700306568521636,-0.0032858763999061846,0.01832380665060514
HSCS,0001468492,8-K/A,2026-07-27 20:30:54+00:00,2026-07-27 20:30:54+00:00,9.01,0001213900-26-081833,ea0299145-8ka1_heartsciences.htm,0,,,11039,4319.0,7042914.147254944,,2.584157582993349,1.0,18200000.0,214587.0,18200000.0,HSCS|2026-07-27 20:30:00+00:00,False,True,0.03571422663096557,-0.2448979641486584,0.3208241775235235
HTB,0001538263,8-K,2026-07-23 12:05:34+00:00,2026-07-23 12:05:34+00:00,"2.02,7.01,9.01",0001538263-26-000095,htbi-20260723.htm,0,,,3788,,700737773.7425919,,0.19208326572879145,28.0,134600000.0,55001.0,134600000.0,HTB|2026-07-23 12:05:00+00:00,False,False,0.08873512732142785,-0.010488777411485684,0.06582162846962906
HTH,0001265131,8-K,2026-07-23 20:46:22+00:00,2026-07-23 20:46:22+00:00,"7.01,9.01",0001104659-26-086298,hth-20260723x8k.htm,0,,,4940,,2053227335.4233055,,4.62686222616524,7.0,9500000000.0,25922.0,9500000000.0,HTH|2026-07-23 20:46:00+00:00,False,False,0.031977487723730436,-0.01637245810054233,0.025170448200773667
HTH,0001265131,8-K,2026-07-23 20:45:19+00:00,2026-07-23 20:45:19+00:00,"2.02,8.01,9.01",0001104659-26-086295,hth-20260723x8k.htm,2,200000000.0,137500000.0,8204,,2053227335.4233055,,3.993712658374207,17.0,8199999999.999999,57409.0,8199999999.999999,HTH|2026-07-23 20:45:00+00:00,False,False,0.031977487723730436,-0.01637245810054233,0.025170448200773667
HRMY,0001802665,8-K,2026-07-16 12:35:13+00:00,2026-07-16 12:35:13+00:00,"2.02,5.02,7.01,9.01",0001104659-26-084095,hrmy-20260716x8k.htm,0,,,9298,868453000.0,1662692146.9530544,,0.6254916172580949,8.0,1040000000.0,7476.0,1040000000.0,HRMY|2026-07-16 12:35:00+00:00,False,False,0.10724978735177615,-0.03385263726652832,0.03549380908650656
HTGC,0001280784,8-K,2026-07-24 20:16:12+00:00,2026-07-24 20:16:12+00:00,"1.01,2.03,8.01,9.01",0001280784-26-000035,htgc-20260721.htm,1,325000000.0,325000000.0,10063,,3188408098.042454,,0.10193174462188077,,,,325000000.0,HTGC|2026-07-24 20:16:00+00:00,False,False,0.02972803634120358,-0.008222650916543728,0.013960205853375441
HTGC,0001280784,8-K,2026-07-21 12:44:20+00:00,2026-07-21 12:44:20+00:00,"2.02,8.01",0001280784-26-000032,htgc-20260721.htm,4,4600000000.0,750000000.0,7350,,3188408098.042454,,1.4427262315712357,,,,4600000000.0,HTGC|2026-07-21 12:44:00+00:00,False,False,0.01329623695568749,-0.03525044478261119,0.012636470547688506
HWC,0000750577,8-K,2026-07-21 20:00:58+00:00,2026-07-21 20:00:58+00:00,"2.02,7.01,9.01",0001193125-26-310272,hwc-20260721.htm,0,,,5251,,4772552927.57325,,0.3142971953928064,36.0,1500000000.0,147252.0,1500000000.0,HWC|2026-07-21 20:00:00+00:00,False,False,0.012641646668466455,-0.02586994035589585,0.021476290451034333
HTZ,0001657853,8-K,2026-07-23 20:03:48+00:00,2026-07-23 20:03:48+00:00,8.01,0000950103-26-011085,dp250548_8k.htm,2,350000000.0,190000000.0,4849,8504000000.0,1637843178.482224,0.041157102539981186,0.21369567282036256,,,,350000000.0,HTZ|2026-07-23 20:03:00+00:00,False,False,0.06842105098048079,-0.17894738823423118,0.07388854597602164
HYLN,0001759631,8-K,2026-07-23 22:18:30+00:00,2026-07-23 22:18:30+00:00,8.01,0001628280-26-049453,hyln-20260721.htm,2,42000000.0,42000000.0,3890,3475000.0,385960607.5654707,12.086330935251798,0.10881939549459207,,,,42000000.0,HYLN|2026-07-23 22:18:00+00:00,False,True,-0.02933988251852082,-0.21515894415898984,0.11500872358651976
HUT,0001964789,8-K,2026-07-20 11:20:47+00:00,2026-07-20 11:20:47+00:00,"8.01,9.01",0001104659-26-084862,tm2620835d1_8k.htm,0,,,3606,235118000.0,5076948680.489136,,9.887828922305259,11.0,50200000000.0,14089.0,50200000000.0,HUT|2026-07-20 11:20:00+00:00,False,False,0.10746032814505524,-0.04232706552689747,0.11728690140097295
HZO,0001057060,8-K,2026-07-23 12:00:14+00:00,2026-07-23 12:00:14+00:00,"2.02,9.01",0001193125-26-313363,hzo-20260723.htm,0,,,4057,2309288000.0,547750137.5852394,,2.720218394775173,15.0,1490000000.0,29778.0,1490000000.0,HZO|2026-07-23 12:00:00+00:00,False,False,0.1613106766274255,-0.03544423466013047,0.05387506119474199
HYMC,0001718405,8-K,2026-07-15 11:05:31+00:00,2026-07-15 11:05:31+00:00,"5.02,7.01,9.01",0001493152-26-033283,form8-k.htm,2,1000000000.0,650000000.0,10954,,313692402.9236069,,3.187836207316531,2.0,1000000000.0,9821.0,1000000000.0,HYMC|2026-07-15 11:05:00+00:00,False,False,0.0015978017034916636,-0.17744811302231023,0.055312436261712124
IBCP,0000039311,8-K,2026-07-23 10:01:02+00:00,2026-07-23 10:01:02+00:00,"2.02,9.01",0000039311-26-000056,ibcp-20260723.htm,0,,,3379,32075000.0,631225855.3199387,,1.8693784325452156,10.0,1180000000.0,43605.0,1180000000.0,IBCP|2026-07-23 10:01:00+00:00,False,False,0.06370814543292047,-0.03934113021598584,0.04030366867502441
IE,0001879016,8-K,2026-07-08 01:30:24+00:00,2026-07-08 01:30:24+00:00,"1.01,9.01",0001104659-26-081472,tm2619969d1_8k.htm,2,66000000.0,34000000.0,10748,3244000.0,1783735479.7226028,20.34525277435265,0.037001001970462556,,,,66000000.0,IE|2026-07-08 01:30:00+00:00,False,False,0.0436233532575645,-0.07017625119865734,0.03952443679621021
HURA,0001498382,8-K,2026-07-07 21:30:14+00:00,2026-07-07 21:30:14+00:00,"2.03,9.01",0001193125-26-297668,hura-20260630.htm,2,50000000.0,25950000.0,6780,0.0,126118252.56543064,inf,0.3964533204585895,,,,50000000.0,HURA|2026-07-07 21:30:00+00:00,False,False,0.16331097390100502,-0.05592841425822115,0.10416240147964645
IKT,0001750149,8-K,2026-07-14 12:11:11+00:00,2026-07-14 12:11:11+00:00,"8.01,9.01",0001193125-26-302580,d157026d8k.htm,0,,,3406,0.0,126678283.05323005,,0.39470064477421174,1.0,50000000.0,4993.0,50000000.0,IKT|2026-07-14 12:11:00+00:00,False,False,0.0975348185368552,-0.10000006653541449,0.063047648009942
IEP,0000813762,8-K,2026-07-21 12:29:38+00:00,2026-07-21 12:29:38+00:00,"1.01,7.01,9.01",0001104659-26-085237,tm2620847d1_8k.htm,2,700000000.0,360500000.0,8075,9658000000.0,4621764489.536558,0.0724787740733071,0.15145730631337118,2.0,700000000.0,7977.0,700000000.0,IEP|2026-07-21 12:29:00+00:00,False,False,0.040397327236217695,-0.0013245335932716706,0.02015974674822048
IIPR,0001677576,8-K,2026-07-21 12:30:37+00:00,2026-07-21 12:30:37+00:00,"8.01,9.01",0001104659-26-085238,tm2620890d1_8k.htm,1,1600000.0,1600000.0,6916,265955000.0,1485203047.0,0.006016055347709199,0.0010772937769228802,,,,1600000.0,IIPR|2026-07-21 12:30:00+00:00,False,False,-0.00046668917029502044,-0.06642813532751557,0.03172820105533851
INBX,0002007919,8-K,2026-07-16 20:06:13+00:00,2026-07-16 20:06:13+00:00,"1.01,2.03,3.02,7.01,9.01",0002007919-26-000037,inhibrx-20260715.htm,6,500000000.0,225000000.0,11739,1300000.0,1173174215.8458023,384.61538461538464,0.4261941604636478,,,,500000000.0,INBX|2026-07-16 20:06:00+00:00,False,False,0.05583752100658024,-0.10584913497294901,0.09458232503681621
INCY,0000879169,8-K,2026-07-06 20:06:20+00:00,2026-07-06 20:06:20+00:00,"8.01,9.01",0000879169-26-000048,incy-20260706.htm,0,,,3149,5141242000.0,16826945057.0887,,0.07428561725013844,2.0,1250000000.0,7419.0,1250000000.0,INCY|2026-07-06 20:06:00+00:00,False,False,0.012252211829852477,-0.04015996996278848,0.02106746327610928
IMMR,0001058811,8-K,2026-07-27 12:38:52+00:00,2026-07-27 12:38:52+00:00,"2.02,9.01",0001193125-26-316971,immr-20260727.htm,0,,,4065,1730694000.0,249452520.22087097,,6.8149241326356655,5.0,1700000000.0,28247.0,1700000000.0,IMMR|2026-07-27 12:38:00+00:00,False,False,0.16497834565795255,0.0,0.038643930385751854
INTA,0001565687,8-K,2026-07-13 20:30:28+00:00,2026-07-13 20:30:28+00:00,"1.01,1.02,2.03",0001140361-26-028323,ef20077842_8k.htm,3,150000000.0,75000000.0,7818,504120000.0,3456432075.230522,0.297548202808855,0.043397352164079764,,,,150000000.0,INTA|2026-07-13 20:30:00+00:00,False,False,0.1182695666486957,-0.045116975076839316,0.053944434340420365
IPW,0001830072,8-K,2026-07-21 14:30:14+00:00,2026-07-21 14:30:14+00:00,"1.01,8.01,9.01",0001683168-26-005670,ipower_8k.htm,2,30000000.0,17592012.0,6420,66142779.0,1884582175.045555,0.45356425075517315,0.015918647855870133,0.0,,5366.0,30000000.0,IPW|2026-07-21 14:30:00+00:00,True,True,0.3715591788536652,-0.466615893814152,0.279086346240862
IPW,0001830072,8-K,2026-07-06 12:45:17+00:00,2026-07-06 12:45:17+00:00,"1.01,8.01,9.01",0001683168-26-005288,ipower_8k.htm,12,30000000.0,2000000.0,8561,66142779.0,1884582175.045555,0.45356425075517315,0.0010612431903913424,1.0,2000000.0,3776.0,2000000.0,IPW|2026-07-06 12:45:00+00:00,False,True,0.10985060528427715,-0.5412124114089054,0.28812179118599973
IPW,0001830072,8-K,2026-07-02 20:30:15+00:00,2026-07-02 20:30:15+00:00,"1.01,9.01",0001683168-26-005251,ipower_8k.htm,1,2007366.86,2007366.86,4758,66142779.0,1884582175.045555,0.030348994861555487,0.0010651522053961254,,,,2007366.86,IPW|2026-07-02 20:30:00+00:00,False,True,0.10985060528427715,-0.5412124114089054,0.28812179118599973
IRDM,0001418819,8-K,2026-07-07 21:11:18+00:00,2026-07-07 21:11:18+00:00,"1.01,2.03,5.02,7.01,9.01",0001104659-26-081335,tm2619278d14_8k.htm,4,366700000.0,179180000.0,20471,871659000.0,2040570594.5649033,0.4206920366794813,0.17970463799523137,0.0,,6701.0,366700000.0,IRDM|2026-07-07 21:11:00+00:00,False,False,0.0042541136745708474,-0.06021753111279127,0.025288255349780617
ISRG,0001035267,8-K,2026-07-16 20:05:17+00:00,2026-07-16 20:05:17+00:00,"2.02,9.01",0001035267-26-000047,isrg-20260716.htm,0,,,3597,10064700000.0,156155945527.5393,,0.05526526685132224,11.0,8630000000.0,34907.0,8630000000.0,ISRG|2026-07-16 20:05:00+00:00,False,False,0.005821519171376632,-0.06280388514839597,0.03527987612115861
ISSC,0000836690,8-K,2026-07-21 20:15:29+00:00,2026-07-21 20:15:29+00:00,"1.01,2.01,2.03,8.01,9.01",0001104659-26-085413,tm2620924d1_8k.htm,2,24500000.0,24500000.0,9590,84296889.0,163941919.26230526,0.29063943273161597,0.14944316932632873,2.0,24500000.0,8528.0,24500000.0,ISSC|2026-07-21 20:15:00+00:00,False,False,0.007638654513542509,-0.11857061307348993,0.056879392095420284
IVF,0001417926,8-K,2026-07-24 21:14:27+00:00,2026-07-24 21:14:27+00:00,"1.01,3.02,5.03,5.07,9.01",0001493152-26-034616,form8-k.htm,2,50000000.0,32500000.0,20725,6841250.0,121210991.67931366,7.308605883427736,0.41250384397715634,,,,50000000.0,IVF|2026-07-24 21:14:00+00:00,False,False,0.02989696460326874,-0.09999002318031214,0.2289965457036405
JBLU,0001158463,8-K,2026-07-28 07:03:38+00:00,2026-07-28 07:03:38+00:00,"2.02,7.01,9.01",0001158463-26-000076,jblu-20260727.htm,0,,,4319,9062000000.0,1647609637.909546,,1.6387376826866016,4.0,2700000000.0,45825.0,2700000000.0,JBLU|2026-07-28 07:03:00+00:00,False,False,0.09971967274177729,-0.06435136176594669,0.0559538900267373
JBLU,0001158463,8-K,2026-07-28 07:03:38+00:00,2026-07-28 07:03:38+00:00,"2.02,7.01,9.01",0001158463-26-000076,jblu-20260727.htm,0,,,4319,9062000000.0,1647609637.909546,,1.6387376826866016,4.0,2700000000.0,45825.0,2700000000.0,JBLU|2026-07-28 07:03:00+00:00,False,False,0.09971967274177729,-0.06435136176594669,0.0559538900267373
JMSB,0001710482,8-K,2026-07-28 13:00:15+00:00,2026-07-28 13:00:15+00:00,"7.01,9.01",0001104659-26-087344,jmsb-20260728x8k.htm,0,,,3603,,265894918.14822006,,4.136972634380389,1.0,1100000000.0,28252.0,1100000000.0,JMSB|2026-07-28 13:00:00+00:00,False,False,0.01536494262324184,-0.007400805661446963,0.17842404016379249
JMSB,0001710482,8-K,2026-07-22 12:40:12+00:00,2026-07-22 12:40:12+00:00,"2.02,9.01",0001104659-26-085643,jmsb-20260722x8k.htm,0,,,3439,,265894918.14822006,,0.15043536852292325,37.0,40000000.0,91356.0,40000000.0,JMSB|2026-07-22 12:40:00+00:00,False,False,0.03931854739523999,-0.05422886451008224,0.15329717394880613
JFB,0002024306,8-K,2026-07-16 20:55:26+00:00,2026-07-16 20:55:26+00:00,"1.01,9.01",0001493152-26-033558,form8-k.htm,2,110000000.0,85000000.0,18737,30541443.0,78681815.05088806,3.6016634839421307,1.3980358730776186,,,,110000000.0,JFB|2026-07-16 20:55:00+00:00,False,True,-0.008988755857864406,-0.2651460096871884,0.14955637769276706
JXN,0001822993,8-K,2026-07-22 20:37:04+00:00,2026-07-22 20:37:04+00:00,"5.02,7.01,9.01",0001104659-26-085839,tm2621047d1_8k.htm,3,7850000.0,1900000.0,10918,6683000000.0,6807733258.388435,0.0011746221756696095,0.0011531004083227398,0.0,,8657.0,7850000.0,JXN|2026-07-22 20:37:00+00:00,False,False,0.010745312530201723,-0.05295851033516086,0.023880683871384156
JTAI,0001861622,8-K,2026-07-17 21:07:10+00:00,2026-07-17 21:07:10+00:00,"1.01,2.01,8.01,9.01",0001493152-26-033784,form8-k.htm,5,20000000.0,16175595.0,15607,9177767.0,131711702.5392456,2.1791793145326093,2.2777019370060168,6.0,300000000.0,41026.0,300000000.0,JTAI|2026-07-17 21:07:00+00:00,True,False,0.3578844055248358,-0.03242316675470269,0.29854238864284693
KALU,0000811596,8-K,2026-07-22 20:40:15+00:00,2026-07-22 20:40:15+00:00,"2.02,9.01",0001193125-26-312472,kalu-20260722.htm,0,,,3842,3373000000.0,1263013019.9828796,,1.029284717918127,13.0,1300000000.0,33724.0,1300000000.0,KALU|2026-07-22 20:40:00+00:00,False,False,0.06626262703807462,-0.1383568489026601,0.07018047201780167
KMT,0000055242,8-K,2026-07-28 20:19:26+00:00,2026-07-28 20:19:26+00:00,"5.02,9.01",0001628280-26-050182,kmt-20260722.htm,0,,,5157,1966845000.0,1740894084.3000698,,1.148834968213534,1.0,2000000000.0,3938.0,2000000000.0,KMT|2026-07-28 20:19:00+00:00,False,False,0.00255319581809621,-0.05134463479332885,0.029328416893036984
KMTS,0001877184,8-K,2026-07-14 20:08:33+00:00,2026-07-14 20:08:33+00:00,"1.01,1.02,2.02,2.03,9.01",0001193125-26-303169,ck0001877184-20260710.htm,8,200000000.0,50000000.0,9608,95126000.0,1261530803.1115074,2.1024746126190528,0.20784272516635807,11.0,262200000.0,26028.0,262200000.0,KMTS|2026-07-14 20:08:00+00:00,False,False,0.10041493933563017,-0.15352700018147514,0.08712434677815606
KPTI,0001503802,8-K,2026-07-17 21:01:30+00:00,2026-07-17 21:01:30+00:00,5.02,0001193125-26-307964,d116036d8k.htm,1,1725000.0,1725000.0,4861,146067000.0,48992721.52695751,0.011809648996693298,0.03520931163317483,,,,1725000.0,KPTI|2026-07-17 21:01:00+00:00,False,True,-0.005291025581380615,-0.3137565857772542,0.08026609480460863
KRP,0001657788,8-K,2026-07-17 12:17:54+00:00,2026-07-17 12:17:54+00:00,"1.01,3.02,7.01,8.01,9.01",0001104659-26-084429,tm2620717d1_8k.htm,1,75000000.0,75000000.0,17479,333830000.0,531421327.12311554,0.22466524877931882,0.4053281059796417,4.0,215400000.0,7780.0,215400000.0,KRP|2026-07-17 12:17:00+00:00,False,False,0.009186374371741968,-0.035433068895210806,0.018376360570547104
KSCP,0001600983,8-K,2026-07-20 11:01:12+00:00,2026-07-20 11:01:12+00:00,"2.02,9.01",0001104659-26-084853,kscp-20260720x8k.htm,0,,,4261,11335000.0,1959814714.0,,0.004592270858927739,2.0,9000000.0,4172.0,9000000.0,KSCP|2026-07-20 11:01:00+00:00,True,False,0.528909048755549,-0.0986780407621276,0.09716171140580382
KUST,0001342958,8-K,2026-07-27 12:45:40+00:00,2026-07-27 12:45:40+00:00,"1.01,8.01,9.01",0001493152-26-034719,form8-k.htm,0,,,6561,13754155.0,4329736426.145824,,0.0014088617411360535,5.0,6100000.0,7933.0,6100000.0,KUST|2026-07-27 12:45:00+00:00,False,True,0.002801972113007034,-0.2626456164962735,0.2810710368234856
LASE,0001807887,8-K,2026-07-20 18:33:50+00:00,2026-07-20 18:33:50+00:00,"1.01,3.02,7.01,9.01",0001493152-26-033889,form8-k.htm,2,2500000.0,2482678.85,8900,8342008.0,65670288.63852024,0.2996880367412738,0.03806896622247483,2.0,2500000.0,5209.0,2500000.0,LASE|2026-07-20 18:33:00+00:00,False,False,0.1818181128541314,-0.07272731016490008,0.1704250663983444
LAND,0001495240,8-K,2026-07-15 20:30:22+00:00,2026-07-15 20:30:22+00:00,"8.01,9.01",0001193125-26-304837,d97504d8k.htm,2,35000000.0,27500000.0,4870,12164000.0,329642221.95698357,2.8773429792831307,0.0606718395515787,1.0,20000000.0,4375.0,20000000.0,LAND|2026-07-15 20:30:00+00:00,False,False,0.0227014528648386,-0.03632243283280767,0.018866040347522043
KULR,0001662684,8-K,2026-07-24 12:30:32+00:00,2026-07-24 12:30:32+00:00,2.01,0001104659-26-086506,tm2621256d1_8k.htm,2,21500000.0,20750000.0,6908,16170404.0,124147799.07591677,1.329589539012136,0.17318067786971142,,,,21500000.0,KULR|2026-07-24 12:30:00+00:00,False,False,-0.012433422777705982,-0.1651865517356449,0.06340198320271433
LCID,0001811210,8-K,2026-07-06 20:08:39+00:00,2026-07-06 20:08:39+00:00,"2.03,9.01",0001628280-26-047248,lcid-20260706.htm,1,800000000.0,800000000.0,3245,1353790000.0,55642884713.51207,0.5909336012232326,0.014377399808060843,,,,800000000.0,LCID|2026-07-06 20:08:00+00:00,False,False,-0.009961694447576663,-0.13333331384573588,0.05771853145925586
KYTX,0001994702,8-K,2026-07-09 10:00:22+00:00,2026-07-09 10:00:22+00:00,"1.01,9.01",0001193125-26-298979,kytx-20260708.htm,13,150000000.0,20000000.0,7071,,301422289.916698,,0.49764070215727735,,,,150000000.0,KYTX|2026-07-09 10:00:00+00:00,False,True,0.021042088955839366,-0.26252500289542413,0.059082035497466705
LEDS,0001333822,8-K,2026-07-15 10:04:02+00:00,2026-07-15 10:04:02+00:00,3.01,0001193125-26-303973,leds-20260715.htm,2,3100000.0,2800000.0,3829,43009000.0,19487094.169020653,0.07207793717593992,0.1590796438459349,,,,3100000.0,LEDS|2026-07-15 10:04:00+00:00,True,False,0.5210082821401252,-0.1197479294649687,0.4739084172931701
LEDS,0001333822,8-K/A,2026-07-15 10:01:19+00:00,2026-07-15 10:01:19+00:00,"2.02,9.01",0001193125-26-303965,leds-20260714.htm,0,,,4525,43009000.0,19487094.169020653,,0.4669757287090347,2.0,9100000.0,9056.0,9100000.0,LEDS|2026-07-15 10:01:00+00:00,True,False,0.5210082821401252,-0.1197479294649687,0.4739084172931701
LHX,0000202058,8-K,2026-07-24 20:06:26+00:00,2026-07-24 20:06:26+00:00,"5.02,9.01",0000202058-26-000047,hrs-20260723.htm,3,10000000.0,10000000.0,6970,21325000000.0,53189181722.13043,0.0004689331770222743,0.00018800815647515966,,,,10000000.0,LHX|2026-07-24 20:06:00+00:00,False,False,0.022577571949732533,-0.12540141015110784,0.024650696212905707
LFWD,0001607962,8-K,2026-07-07 20:30:21+00:00,2026-07-07 20:30:21+00:00,"1.01,2.03,3.02,9.01",0001178913-26-003429,zk2635657.htm,2,5580000.0,5580000.0,12706,1400000.0,104781236.90564919,3.9857142857142858,0.05325380921991349,,,,5580000.0,LFWD|2026-07-07 20:30:00+00:00,False,False,0.04378696969358398,-0.19763309315411925,0.41290756710839516
LINC,0001286613,8-K,2026-07-10 16:55:28+00:00,2026-07-10 16:55:28+00:00,"1.01,2.01,2.03,9.01",0001140361-26-028230,ef20077785_8k.htm,3,18800000.0,15040000.0,7205,518241000.0,562807584.8770714,0.03627655858953653,0.033403956352340745,,,,18800000.0,LINC|2026-07-10 16:55:00+00:00,False,True,0.025614983244822254,-0.26465695309890713,0.058963704533920074
LHAI,0002017758,8-K,2026-07-02 21:00:25+00:00,2026-07-02 21:00:25+00:00,"2.01,3.01,7.01,9.01",0001213900-26-075071,ea0296675-8k_linkhome.htm,0,,,10523,20994347.0,81518098.34003448,,0.34348200669750995,1.0,28000000.0,5260.0,28000000.0,LHAI|2026-07-02 21:00:00+00:00,False,True,0.1589047752920787,-0.36204145618611905,0.3078511425183395
LMB,0001606163,8-K,2026-07-24 20:05:24+00:00,2026-07-24 20:05:24+00:00,"1.01,2.03,9.01",0001628280-26-049590,lmb-20260724.htm,2,125000000.0,112500000.0,6953,646804000.0,1098501425.7504425,0.1932579266671202,0.11379138621928152,,,,125000000.0,LMB|2026-07-24 20:05:00+00:00,False,False,0.021212577777903086,-0.08840836337009372,0.07915616142302621
LMT,0000936468,8-K,2026-07-23 10:30:57+00:00,2026-07-23 10:30:57+00:00,"2.02,9.01",0001628280-26-049277,lmt-20260723.htm,0,,,3384,75048000000.0,116594784471.93457,,0.5574863429302542,8.0,65000000000.0,37829.0,65000000000.0,LMT|2026-07-23 10:30:00+00:00,False,False,0.07080977824300505,-0.003566918967527255,0.024330232312487796
LOGC,0002064307,8-K/A,2026-07-21 21:18:29+00:00,2026-07-21 21:18:29+00:00,9.01,0001185185-26-003067,context8ka2072126.htm,0,,,5474,0.0,200116747.5,,4.534852836342446,38.0,907500000.0,114108.0,907500000.0,LOGC|2026-07-21 21:18:00+00:00,False,False,0.043010710787809936,-0.005376364484882101,0.12613592087605469
LPTH,0000889971,8-K,2026-07-23 12:35:09+00:00,2026-07-23 12:35:09+00:00,"1.01,7.01,9.01",0001437749-26-024234,lpth20260722_8k.htm,3,4500000.0,2000000.0,8766,37202630.0,381036904.96176624,0.12095919025079678,0.011809879676750828,,,,4500000.0,LPTH|2026-07-23 12:35:00+00:00,False,True,0.05636441267607717,-0.236078419456203,0.07163157136433367
LPSN,0001102993,8-K,2026-07-23 12:02:57+00:00,2026-07-23 12:02:57+00:00,"7.01,9.01",0001193125-26-313370,d861476d8k.htm,0,,,14012,243742000.0,568154758.2178488,,0.07779570506219768,1.0,44200000.0,61398.0,44200000.0,LPSN|2026-07-23 12:02:00+00:00,True,False,0.27364862579076843,-0.033783831676485354,0.10813936308376809
LSCC,0000855658,8-K,2026-07-27 20:24:29+00:00,2026-07-27 20:24:29+00:00,"2.01,2.03,3.02,5.02,7.01,9.01",0001437749-26-024519,lscc20260723_8k.htm,3,1000000000.0,950000000.0,13744,523262000.0,10113844557.245079,1.9110885177979673,0.09887436912243697,,,,1000000000.0,LSCC|2026-07-27 20:24:00+00:00,False,False,0.03806586475171314,-0.035065126537145774,0.05200984294718598
LPG,0001596993,8-K,2026-07-15 23:16:24+00:00,2026-07-15 23:16:24+00:00,"7.01,8.01,9.01",0001596993-26-000031,lpg-20260716x8k.htm,1,81800000.0,81800000.0,4869,481511242.0,1222710135.6537628,0.1698818072455305,0.06690056589435475,2.0,81800000.0,4558.0,81800000.0,LPG|2026-07-15 23:16:00+00:00,False,False,0.0853948638060551,-0.0482874060367674,0.03322385988652774
LUCY,0001808377,8-K,2026-07-09 20:30:29+00:00,2026-07-09 20:30:29+00:00,"1.01,3.02,8.01,9.01",0001829126-26-007468,innovativeeyewear_8k.htm,1,3000000.0,3000000.0,10728,2661669.0,7227871.35632062,1.127112349431879,1.003061571324181,3.0,7250000.0,6306.0,7250000.0,LUCY|2026-07-09 20:30:00+00:00,False,True,0.06250004656612851,-0.2885714161031101,0.23622957953716087
LSTA,0000320017,8-K,2026-07-24 16:15:36+00:00,2026-07-24 16:15:36+00:00,"1.02,8.01",0001140361-26-029541,ef20078724_8k.htm,1,2000000.0,2000000.0,6778,170000.0,20488917.568470955,11.764705882352942,0.09761374622726132,,,,2000000.0,LSTA|2026-07-24 16:15:00+00:00,False,True,-0.0010090687474922921,-0.48789102466519607,0.35101565942483
LSTR,0000853816,8-K,2026-07-28 20:22:30+00:00,2026-07-28 20:22:30+00:00,"2.02,7.01,9.01",0001193125-26-321050,d123956d8k.htm,0,,,4615,4743760000.0,4507732026.33252,,0.0796853046946192,27.0,359200000.0,54601.0,359200000.0,LSTR|2026-07-28 20:22:00+00:00,False,False,0.0013332704453070665,-0.04089684193603893,0.04947902474674359
LWAY,0000814586,8-K,2026-07-07 20:05:31+00:00,2026-07-07 20:05:31+00:00,"1.01,2.03,9.01",0001683168-26-005332,lifeway_8k.htm,1,22000000.0,22000000.0,5956,212496000.0,368024989.5616913,0.10353136059031699,0.05977854934851424,,,,22000000.0,LWAY|2026-07-07 20:05:00+00:00,False,False,0.1301867664960099,0.0031120384630172193,0.09568295124167947
LWLG,0001325964,8-K,2026-07-20 13:00:14+00:00,2026-07-20 13:00:14+00:00,"5.02,7.01,9.01",0001079973-26-000955,lwlg_8k.htm,1,2400000.0,2400000.0,9599,236855.0,697681507.2578974,10.132781659665197,0.003439965048568848,0.0,,5237.0,2400000.0,LWLG|2026-07-20 13:00:00+00:00,False,False,0.16377952401137952,-0.06456690607396687,0.0769515579028583
LXFR,0001096056,8-K,2026-07-27 12:31:57+00:00,2026-07-27 12:31:57+00:00,"1.01,8.01,9.01",0002077096-26-000223,ea0299296-8k_luxfer.htm,2,32250000.0,25125000.0,29349,384600000.0,375971637.5452423,0.08385335413416536,4.2556401606423435,4.0,1600000000.0,22211.0,1600000000.0,LXFR|2026-07-27 12:31:00+00:00,False,False,-0.004022971055106961,-0.025287387569194797,0.05308981858902694
LXP,0000910108,8-K,2026-07-20 10:53:56+00:00,2026-07-20 10:53:56+00:00,"1.01,5.03,7.01,9.01",0001104659-26-084849,tm2620850d1_8k.htm,4,288654765.0,81184152.5,31259,4088000.0,14079422430.666084,70.6102654109589,0.36933333207433233,2.0,5200000000.0,16578.0,5200000000.0,LXP|2026-07-20 10:53:00+00:00,False,False,-0.0053563029992770295,-0.017529651361068654,0.01706191680358875
MANH,0001056696,8-K,2026-07-28 20:02:18+00:00,2026-07-28 20:02:18+00:00,"2.02,9.01",0001193125-26-320952,manh-20260728.htm,0,,,7235,1081392000.0,12094928430.229706,,0.0479539836341954,20.0,580000000.0,36549.0,580000000.0,MANH|2026-07-28 20:02:00+00:00,False,False,0.10027891478270212,-0.039098280173873956,0.03805474722607694
MARA,0001507605,8-K,2026-07-09 12:09:02+00:00,2026-07-09 12:09:02+00:00,"1.01,2.01,7.01,9.01",0000950142-26-002012,eh260804074_8k.htm,1,600000000.0,600000000.0,10766,58704000.0,7679591682.817841,10.220768601798856,0.07812915383801297,0.0,,9311.0,600000000.0,MARA|2026-07-09 12:09:00+00:00,False,False,0.12052878943352563,-0.0723172143335622,0.044223542669899155
MBIN,0001629019,8-K,2026-07-28 20:05:36+00:00,2026-07-28 20:05:36+00:00,"2.02,9.01",0001104659-26-087529,tm2621390d1_8k.htm,0,,,4198,,1434838292.6646957,,3.833184567290666,19.0,5500000000.0,83676.0,5500000000.0,MBIN|2026-07-28 20:05:00+00:00,False,False,0.10598990581510637,0.0,0.0621465653076016
MAN,0000871763,8-K,2026-07-16 11:30:19+00:00,2026-07-16 11:30:19+00:00,"2.02,9.01",0001193125-26-305399,man-20260716.htm,0,,,3922,17957100000.0,1395213213.3661652,,3.5120080236181255,21.0,4900000000.0,43050.0,4900000000.0,MAN|2026-07-16 11:30:00+00:00,False,False,0.18259028805581812,-0.006794048942486475,0.04301278897347695
MASS,0001555279,8-K,2026-07-08 20:30:11+00:00,2026-07-08 20:30:11+00:00,8.01,0001104659-26-081806,mass-20260708x8k.htm,1,37000000.0,37000000.0,4329,56197000.0,275333879.8696804,0.6583981351317686,0.13438229983724723,,,,37000000.0,MASS|2026-07-08 20:30:00+00:00,False,False,0.09999993360495352,-0.12088606483259001,0.052658004120649714
MBLY,0001910139,8-K,2026-07-23 10:41:04+00:00,2026-07-23 10:41:04+00:00,"2.02,9.01",0001104659-26-086062,tm2612233d1_8k.htm,0,,,4019,1894000000.0,3283290216.400137,,0.6152365057191829,8.0,2020000000.0,38174.0,2020000000.0,MBLY|2026-07-23 10:41:00+00:00,False,False,0.0703030210552793,-0.13939395095362805,0.03200560637686002
MATX,0000003453,8-K,2026-07-15 21:20:31+00:00,2026-07-15 21:20:31+00:00,"2.02,9.01",0001104659-26-083946,matx-20260715x8k.htm,0,,,4276,3344500000.0,3903740286.8460846,,0.040986333168507846,2.0,160000000.0,13708.0,160000000.0,MATX|2026-07-15 21:20:00+00:00,False,False,0.07271036237033757,-0.10041843556769003,0.04633134822767379
MCBS,0001747068,8-K,2026-07-24 20:00:31+00:00,2026-07-24 20:00:31+00:00,"2.02,9.01",0001104659-26-086635,mcbs-20260724x8k.htm,0,,,4292,,652489390.816246,,6.130367874634883,17.0,4000000000.0,81449.0,4000000000.0,MCBS|2026-07-24 20:00:00+00:00,False,False,0.013445365041409696,-0.07259667933281477,0.08497386221940903
MCRB,0001609809,8-K,2026-07-08 12:00:09+00:00,2026-07-08 12:00:09+00:00,"7.01,8.01,9.01",0001193125-26-298005,d130829d8k.htm,0,,,11755,789000.0,138147112.2622776,,0.18096650440681336,1.0,25000000.0,70054.0,25000000.0,MCRB|2026-07-08 12:00:00+00:00,False,True,0.024020295540180037,-0.4197218405649418,0.15400081256645984
MCB,0001476034,8-K,2026-07-21 20:20:28+00:00,2026-07-21 20:20:28+00:00,"2.02,7.01,9.01",0001104659-26-085420,mcb-20260721x8k.htm,0,,,4379,11053000.0,738876141.50177,,4.195561104056266,9.0,3100000000.0,95593.0,3100000000.0,MCB|2026-07-21 20:20:00+00:00,False,False,0.07181937226052382,-0.014021925898506482,0.05235355356877986
MDAI,0001833498,8-K,2026-07-08 20:01:28+00:00,2026-07-08 20:01:28+00:00,"5.02,7.01,9.01",0001213900-26-076349,ea0297412-8k_spectral.htm,1,2200000.0,2200000.0,7358,19650000.0,51858118.2495594,0.11195928753180662,0.04242344447233566,0.0,,33235.0,2200000.0,MDAI|2026-07-08 20:01:00+00:00,False,False,0.011494241848790887,-0.13793103920766103,0.08528085235620406
MGNX,0001125345,8-K,2026-07-07 20:30:13+00:00,2026-07-07 20:30:13+00:00,"2.01,7.01,9.01",0001125345-26-000045,mgnx-20260630.htm,1,122500000.0,122500000.0,5546,149500000.0,85959756.98416483,0.8193979933110368,1.4250854620559998,,,,122500000.0,MGNX|2026-07-07 20:30:00+00:00,False,False,0.01918979775902807,-0.14605542311773623,0.06778935450342065
METC,0001687187,8-K/A,2026-07-24 20:31:22+00:00,2026-07-24 20:31:22+00:00,9.01,0001213900-26-081413,ea0299066-8ka1_ramaco.htm,0,,,5872,536618000.0,389437421.77989006,,1.4122936555153651,2.0,550000000.0,16321.0,550000000.0,METC|2026-07-24 20:31:00+00:00,False,False,0.01636535942813655,-0.12654613651207824,0.051531208997952466
MGTX,0001735438,8-K,2026-07-07 11:42:01+00:00,2026-07-07 11:42:01+00:00,"1.01,1.02,2.03,3.02,7.01,9.01",0001104659-26-080949,mgtx-20260630x8k.htm,11,375000000.0,50000000.0,18390,81391000.0,718395994.1606216,4.607389023356391,0.5567959777773573,11.0,400000000.0,11146.0,400000000.0,MGTX|2026-07-07 11:42:00+00:00,False,False,0.14126398506680715,-0.0951672677414801,0.05109804895372862
MIDD,0000769520,8-K/A,2026-07-09 20:29:25+00:00,2026-07-09 20:29:25+00:00,9.01,0000769520-26-000041,midd-20260705.htm,0,,,5324,3201202000.0,5065384545.044968,,0.007955960626804147,2.0,40300000.0,17549.0,40300000.0,MIDD|2026-07-09 20:29:00+00:00,False,False,0.03890379856433701,-0.04088281375948566,0.03901457052007454
MNKD,0000899460,8-K,2026-07-24 20:01:26+00:00,2026-07-24 20:01:26+00:00,"3.02,8.01,9.01",0001193125-26-316041,d63182d8k.htm,0,,,6622,348966000.0,1684487488.9225674,,0.029682618795810127,1.0,50000000.0,5316.0,50000000.0,MNKD|2026-07-24 20:01:00+00:00,False,False,0.003554583902496411,-0.09478670067201278,0.04541651459626691
MOD,0000067347,8-K,2026-07-24 20:05:16+00:00,2026-07-24 20:05:16+00:00,"7.01,9.01",0001104659-26-086644,mod-20260724x8k.htm,0,,,8070,3181100000.0,7999510579.225067,,0.00048752982590314953,2.0,3900000.0,17931.0,3900000.0,MOD|2026-07-24 20:05:00+00:00,False,True,0.004693521597521233,-0.3072445713146562,0.04418854508781563
MLM,0000916076,8-K,2026-07-15 20:09:13+00:00,2026-07-15 20:09:13+00:00,"1.01,2.03,9.01",0000950157-26-000802,form8-k.htm,3,1500000000.0,800000000.0,8353,6150000000.0,36973608966.98547,0.24390243902439024,0.04056947757897754,,,,1500000000.0,MLM|2026-07-15 20:09:00+00:00,False,False,0.02080675628021056,-0.057480479383096306,0.021637245368257466
MRSH,0000062709,8-K,2026-07-21 11:02:42+00:00,2026-07-21 11:02:42+00:00,"2.02,9.01",0000062709-26-000193,mmc-20260721.htm,0,,,3956,26981000000.0,101776011482.30452,,0.2652884467249378,18.0,27000000000.0,40951.0,27000000000.0,MRSH|2026-07-21 11:02:00+00:00,False,False,0.012992248224249714,-0.06461290089986393,0.01643498555193303
MSA,0000066570,8-K,2026-07-21 20:34:13+00:00,2026-07-21 20:34:13+00:00,5.02,0000066570-26-000022,msa-20260721.htm,0,,,3518,1874814000.0,6525957686.182251,,0.2911450075784231,1.0,1900000000.0,3095.0,1900000000.0,MSA|2026-07-21 20:34:00+00:00,False,False,0.06731367584219283,-0.00011756514859251332,0.03015535307880466
MSS,0001892292,8-K,2026-07-28 10:03:31+00:00,2026-07-28 10:03:31+00:00,"1.01,9.01",0001213900-26-081956,ea0298995-8k_maison.htm,1,2000000.0,2000000.0,6202,124217480.0,802721896.0,0.016100793543710596,0.0024915229171723003,,,,2000000.0,MSS|2026-07-28 10:03:00+00:00,True,False,1.0388889852865266,-0.13538884150687436,0.37772574308084184
MSB,0000065172,8-K,2026-07-14 20:45:14+00:00,2026-07-14 20:45:14+00:00,"2.02,9.01",0001104659-26-083538,msb-20260714x8k.htm,0,,,4065,98595651.0,454345960.31368256,,0.005331463711766278,2.0,2422329.0,4881.0,2422329.0,MSB|2026-07-14 20:45:00+00:00,False,False,0.016989344695735653,-0.1465823454269488,0.1565992864055594
MTDR,0001520006,8-K,2026-07-24 11:00:26+00:00,2026-07-24 11:00:26+00:00,"1.01,7.01,9.01",0001104659-26-086469,tm2621144d1_8k.htm,2,1275000000.0,669375000.0,15500,3656514000.0,5401812937.984634,0.34869277131169196,0.2360318683074743,3.0,1275000000.0,16758.0,1275000000.0,MTDR|2026-07-24 11:00:00+00:00,False,False,0.010221843965119382,-0.12372222352199058,0.02319216381955335
MTZ,0000015615,8-K,2026-07-20 21:16:34+00:00,2026-07-20 21:16:34+00:00,2.03,0001193125-26-309077,d123535d8k.htm,2,580000000.0,342500000.0,5515,14299171000.0,16719017678.812744,0.04056179200878149,0.034691033357480555,,,,580000000.0,MTZ|2026-07-20 21:16:00+00:00,False,False,0.05257187766590343,-0.08183911202967853,0.04373922861943789
MTZ,0000015615,8-K,2026-07-07 20:37:09+00:00,2026-07-07 20:37:09+00:00,"1.01,2.03,3.02,5.02,9.01",0001193125-26-297552,d77261d8k.htm,1,475000000.0,475000000.0,15735,14299171000.0,16719017678.812744,0.033218708972708975,0.028410760077247004,,,,475000000.0,MTZ|2026-07-07 20:37:00+00:00,False,False,0.09090744686447816,-0.03606737952441075,0.04400782987834069
MYFW,0001327607,8-K,2026-07-24 20:15:22+00:00,2026-07-24 20:15:22+00:00,"7.01,9.01",0001628280-26-049602,myfw-20260724.htm,0,,,3663,96914000.0,221277088.38851166,,0.12699010188828436,5.0,28100000.0,72728.0,28100000.0,MYFW|2026-07-24 20:15:00+00:00,False,False,-0.0074580412940382645,-0.07986325887047507,0.08918145932146618
MYFW,0001327607,8-K,2026-07-23 20:15:31+00:00,2026-07-23 20:15:31+00:00,"2.02,7.01,9.01",0001628280-26-049397,myfw-20260723.htm,0,,,4701,96914000.0,221277088.38851166,,0.12699010188828436,3.0,28100000.0,27100.0,28100000.0,MYFW|2026-07-23 20:15:00+00:00,False,False,0.02412693084232398,-0.059999980623759885,0.0777503355383772
NBBK,0001979330,8-K,2026-07-22 20:30:37+00:00,2026-07-22 20:30:37+00:00,"2.02,7.01,8.01,9.01",0001104659-26-085826,nbbk-20260722x8k.htm,0,,,4965,,721655234.9436836,,3.7275417259460766,60.0,2690000000.0,111308.0,2690000000.0,NBBK|2026-07-22 20:30:00+00:00,False,False,0.03674827739661968,-0.021158145448879395,0.041619726936597184
NBHC,0001475841,8-K,2026-07-27 20:53:14+00:00,2026-07-27 20:53:14+00:00,"7.01,9.01",0001104659-26-087128,nbhc-20260727x8k.htm,0,,,4640,47150000.0,1375349293.353012,,7.561715449495362,39.0,10400000000.0,48771.0,10400000000.0,NBHC|2026-07-27 20:53:00+00:00,False,False,0.006757565171632507,-0.015495768410591748,0.03681741566530017
NBHC,0001475841,8-K,2026-07-21 20:11:19+00:00,2026-07-21 20:11:19+00:00,"2.02,7.01,9.01",0001104659-26-085408,nbhc-20260721x8k.htm,0,,,5132,47150000.0,1375349293.353012,,7.416297844697374,50.0,10200000000.0,84077.0,10200000000.0,NBHC|2026-07-21 20:11:00+00:00,False,False,0.012160469607930269,-0.04239113328896793,0.021727711047566333
NBTB,0000790359,8-K,2026-07-27 20:30:40+00:00,2026-07-27 20:30:40+00:00,"2.02,9.01",0001140361-26-029754,ef20078819_8k.htm,0,,,3457,182952000.0,2091047924.355297,,5.676579604773863,16.0,11870000000.0,84467.0,11870000000.0,NBTB|2026-07-27 20:30:00+00:00,False,False,0.043078690785369744,-0.016341190382755943,0.030616781914598483
NCDL,0001737924,8-K,2026-07-10 20:30:54+00:00,2026-07-10 20:30:54+00:00,"1.01,2.03,9.01",0001737924-26-000079,ncdlc-20260708.htm,3,400000000.0,300000000.0,9971,,720063403.932066,,0.5555066370762787,,,,400000000.0,NCDL|2026-07-10 20:30:00+00:00,False,False,0.040181253738324596,-0.05200944596029489,0.049039863580211986
NBR,0001163739,8-K,2026-07-28 20:31:48+00:00,2026-07-28 20:31:48+00:00,"2.02,9.01",0001104659-26-087564,tm2621313d2_8k.htm,0,,,4211,3184693000.0,688700265.75,,1.4520104749937799,11.0,1000000000.0,83354.0,1000000000.0,NBR|2026-07-28 20:31:00+00:00,False,False,0.01211164080055438,-0.05468560481434037,0.058846849793149594
NDRA,0001681682,8-K,2026-07-09 10:08:49+00:00,2026-07-09 10:08:49+00:00,8.01,0001213900-26-076526,ea0297455-8k_endra.htm,1,2500000.0,2500000.0,4907,,4712246.472291946,,0.5305325208899881,,,,2500000.0,NDRA|2026-07-09 10:08:00+00:00,True,False,0.3234381458731843,-0.10901467148968624,0.3279074075164337
NECB,0001847398,8-K,2026-07-27 21:06:30+00:00,2026-07-27 21:06:30+00:00,"2.02,9.01",0001104659-26-087139,tm2621324d1_8k.htm,0,,,3764,,282339342.2290802,,6.729490778718351,20.0,1900000000.0,56699.0,1900000000.0,NECB|2026-07-27 21:06:00+00:00,False,False,0.033632272452633005,-0.004110635628203019,0.11179857919826147
NDLS,0001275158,8-K,2026-07-24 11:55:26+00:00,2026-07-24 11:55:26+00:00,"2.02,9.01",0001275158-26-000047,ndls-20260724.htm,0,,,3646,495089000.0,278649252.0,,1.7943705084842647,5.0,500000000.0,32092.0,500000000.0,NDLS|2026-07-24 11:55:00+00:00,False,False,0.10930379726807371,-0.07807415863370304,0.24453167091083236
NDAQ,0001120193,8-K,2026-07-23 11:24:25+00:00,2026-07-23 11:24:25+00:00,"2.02,7.01,8.01,9.01",0001120193-26-000011,ndaq-20260723.htm,0,,,5315,8262000000.0,51423531164.0157,,2.1196521812619937,20.0,109000000000.0,44232.0,109000000000.0,NDAQ|2026-07-23 11:24:00+00:00,False,False,0.034198962901345276,-0.037057804751587264,0.01886237165972122
NFLX,0001065280,8-K,2026-07-16 20:03:19+00:00,2026-07-16 20:03:19+00:00,"2.02,9.01",0001065280-26-000211,nflx-20260716.htm,0,,,4353,45183036000.0,39894399892.66423,,0.07519852430595501,32.0,3000000000.0,41448.0,3000000000.0,NFLX|2026-07-16 20:03:00+00:00,False,False,0.05463808026589101,-0.007586911139592867,0.019355613669219295
NEO,0001077183,8-K/A,2026-07-22 11:00:11+00:00,2026-07-22 11:00:11+00:00,"7.01,8.01,9.01",0001077183-26-000049,neo-20260720.htm,2,11200000.0,10506630.0,6310,727332000.0,1349916575.2611332,0.015398745002282313,0.008296809006759123,,,,11200000.0,NEO|2026-07-22 11:00:00+00:00,False,False,0.12508734516871334,-0.0880503278780187,0.03674170149439245
NEO,0001077183,8-K,2026-07-20 21:27:16+00:00,2026-07-20 21:27:16+00:00,"7.01,8.01,9.01",0001077183-26-000045,neo-20260720.htm,2,11200000.0,10506630.0,4751,727332000.0,1349916575.2611332,0.015398745002282313,0.008296809006759123,,,,11200000.0,NEO|2026-07-20 21:27:00+00:00,False,False,0.030239053686833106,-0.08227848483285649,0.03656381193669862
NG,0001173420,8-K,2026-07-22 20:30:29+00:00,2026-07-22 20:30:29+00:00,"1.01,8.01,9.01",0001104659-26-085824,tm2619701d2_8k.htm,2,100000000.0,62500000.0,54715,0.0,4044854089.9666405,inf,0.02472277065520174,0.0,,72508.0,100000000.0,NG|2026-07-22 20:30:00+00:00,False,False,0.018914514703681773,-0.06907896078359399,0.06184460058909096
NG,0001173420,8-K,2026-07-22 11:00:43+00:00,2026-07-22 11:00:43+00:00,"7.01,9.01",0001104659-26-085598,tm2619701d4_8k.htm,0,,,16934,0.0,4044854089.9666405,,1.038356367518473,1.0,4200000000.0,32116.0,4200000000.0,NG|2026-07-22 11:00:00+00:00,False,False,0.08835138143912569,-0.050674577864180614,0.039723324919871794
NLY,0001043219,8-K,2026-07-21 20:15:50+00:00,2026-07-21 20:15:50+00:00,"2.02,9.01",0001043219-26-000052,nly-20260721.htm,0,,,4694,,13412969901.137833,,7.082696874757102,31.0,95000000000.0,56125.0,95000000000.0,NLY|2026-07-21 20:15:00+00:00,False,False,0.0013187115009014594,-0.031868148636031934,0.011029116940419125
NKSH,0000796534,8-K,2026-07-23 20:30:14+00:00,2026-07-23 20:30:14+00:00,2.02,0001193125-26-314195,nksh-20260723.htm,0,,,3169,8176000.0,190980030.0,,0.6667189234392726,2.0,127330000.0,56606.0,127330000.0,NKSH|2026-07-23 20:30:00+00:00,False,False,0.13860563936069492,0.007715590306779818,0.13316568396941603
NNDM,0001643303,8-K,2026-07-21 20:05:15+00:00,2026-07-21 20:05:15+00:00,"8.01,9.01",0001193125-26-310285,nndm-20260717.htm,0,,,3946,102437000.0,343084968.15232456,,0.07286824641323364,2.0,25000000.0,2241.0,25000000.0,NNDM|2026-07-21 20:05:00+00:00,False,False,0.01677850738129516,-0.03355701476259032,0.05957884732384955
NOVT,0001076930,8-K,2026-07-27 12:15:15+00:00,2026-07-27 12:15:15+00:00,"2.01,2.03,7.01,9.01",0001193125-26-316947,novt-20260722.htm,4,1200000000.0,735350000.0,7112,980600000.0,4628007408.584381,1.223740566999796,3.025059980248029,3.0,14000000000.0,9168.0,14000000000.0,NOVT|2026-07-27 12:15:00+00:00,False,False,0.00864579942491317,-0.056284692552354576,0.05108368014626971
NRIM,0001163370,8-K,2026-07-23 12:35:37+00:00,2026-07-23 12:35:37+00:00,"1.01,7.01,9.01",0001163370-26-000027,nrim-20260722.htm,2,102542499.0,54617415.0,28487,255581000.0,124536136.63653946,0.40121331006608474,0.8233955361829779,,,,102542499.0,NRIM|2026-07-23 12:35:00+00:00,False,False,0.02305422301471105,-0.026558509940726505,0.07438132648650952
NSLR,0001509470,8-K,2026-07-08 21:28:42+00:00,2026-07-08 21:28:42+00:00,"2.02,8.01,9.01",0001493152-26-032550,form8-k.htm,13,20000000.0,5200000.0,10993,,234342339.6938486,,0.08534522624519564,7.0,20000000.0,10850.0,20000000.0,NSLR|2026-07-08 21:28:00+00:00,False,False,0.014680490277545477,-0.1252158738185103,0.07651379257650782
NTRP,0000788611,8-K,2026-07-15 15:10:52+00:00,2026-07-15 15:10:52+00:00,"1.01,2.03,9.01",0001493152-26-033303,form8-k.htm,1,3000000.0,3000000.0,4152,3715528.0,29189363.384493113,0.807422256002377,0.10277716442400227,,,,3000000.0,NTRP|2026-07-15 15:10:00+00:00,False,False,0.01487493847089949,-0.19904477183526925,0.25611369712306425
NUE,0000073309,8-K,2026-07-27 20:43:41+00:00,2026-07-27 20:43:41+00:00,"2.02,7.01,9.01",0001193125-26-318190,d468854d8k.htm,0,,,4478,32494000000.0,37329136009.17424,,0.06027463371900775,9.0,2250000000.0,63492.0,2250000000.0,NUE|2026-07-27 20:43:00+00:00,False,False,0.05600512723962425,-0.01460696384406912,0.02235349398929001
NVA,0001852551,8-K,2026-07-24 10:45:37+00:00,2026-07-24 10:45:37+00:00,"7.01,9.01",0001493152-26-034464,form8-k.htm,0,,,4107,,3268221672.224572,,0.013279393001044214,2.0,43400000.0,7081.0,43400000.0,NVA|2026-07-24 10:45:00+00:00,False,False,-0.005530629731574699,-0.16326534187034014,0.12192216467371703
NVA,0001852551,8-K,2026-07-13 10:45:43+00:00,2026-07-13 10:45:43+00:00,"7.01,9.01",0001493152-26-032920,form8-k.htm,0,,,4102,,3268221672.224572,,0.013279393001044214,1.0,43400000.0,9311.0,43400000.0,NVA|2026-07-13 10:45:00+00:00,False,False,0.15387225351222256,-0.0859521671876392,0.11210382635363357
NUVB,0001811063,8-K,2026-07-06 21:15:46+00:00,2026-07-06 21:15:46+00:00,"2.03,8.01,9.01",0001193125-26-296398,d136399d8k.htm,0,,,12867,62902000.0,1800354596.060009,,0.15969076349135897,1.0,287500000.0,4582.0,287500000.0,NUVB|2026-07-06 21:15:00+00:00,False,False,0.10378191003101822,-0.03604217941340049,0.04452297806364855
NVEC,0000724910,8-K,2026-07-22 20:05:03+00:00,2026-07-22 20:05:03+00:00,"2.02,8.01",0001376474-26-000513,nvec-20260722_8k.htm,0,,,4254,26331218.0,284376993.56855774,,0.03774825405280918,2.0,10734735.0,7037.0,10734735.0,NVEC|2026-07-22 20:05:00+00:00,True,False,0.23875936723772306,-0.011194725482870038,0.10741199169365194
NVVE,0001836875,8-K,2026-07-23 16:39:39+00:00,2026-07-23 16:39:39+00:00,"3.01,9.01",0001836875-26-000065,nvve-20260722.htm,1,2500000.0,2500000.0,7457,4793942.0,2608371175.647354,0.5214914990627755,0.000958452548218925,,,,2500000.0,NVVE|2026-07-23 16:39:00+00:00,False,True,-0.0997109898284847,-0.8612716809308963,0.35186202558708957
NVVE,0001836875,8-K,2026-07-02 20:31:07+00:00,2026-07-02 20:31:07+00:00,"1.01,9.01",0001836875-26-000053,nvve-20260622.htm,1,1440000.0,1440000.0,6929,4793942.0,2608371175.647354,0.30037910346015867,0.0005520686677741008,,,,1440000.0,NVVE|2026-07-02 20:31:00+00:00,True,True,2.4723618543998054,-0.3650083542352287,0.15870009513603986
NWFL,0001013272,8-K,2026-07-22 12:12:53+00:00,2026-07-22 12:12:53+00:00,"2.02,7.01,9.01",0001013272-26-000012,nwfl-20260722x8k.htm,0,,,4512,7999000.0,246080044.9235916,,0.05526656988470085,5.0,13600000.0,87833.0,13600000.0,NWFL|2026-07-22 12:12:00+00:00,False,False,0.13962735741876853,-0.019459108130815972,0.14373653171665857
NWBI,0001471265,8-K,2026-07-24 20:05:33+00:00,2026-07-24 20:05:33+00:00,"5.02,9.01",0001471265-26-000028,nwbi-20260722.htm,4,5000000.0,3500000.0,7863,,1713601174.7627363,,0.0029178317998599036,,,,5000000.0,NWBI|2026-07-24 20:05:00+00:00,False,False,0.040914961994358956,-0.008376295786504784,0.01461046637538542
OBT,0001754226,8-K,2026-07-28 20:45:05+00:00,2026-07-28 20:45:05+00:00,"2.02,9.01",0000943374-26-000324,obt-20260728.htm,0,,,3930,,335409096.2975464,,8.348014502016005,32.0,2800000000.0,58351.0,2800000000.0,OBT|2026-07-28 20:45:00+00:00,False,False,0.009731854029368492,-0.026037693023775454,0.09134244414647476
NVR,0000906163,8-K,2026-07-23 17:54:44+00:00,2026-07-23 17:54:44+00:00,"2.02,9.01",0000906163-26-000086,nvr-20260723.htm,0,,,3237,10323959000.0,21045140539.462402,,0.23758453837000248,13.0,5000000000.0,13354.0,5000000000.0,NVR|2026-07-23 17:54:00+00:00,False,False,0.08595313787825276,-0.0015302690854193113,0.042265129325244045
NXPL,0001058307,8-K,2026-07-15 22:20:43+00:00,2026-07-15 22:20:43+00:00,"1.01,8.01,9.01",0001437749-26-023651,nxpl20260714_8k.htm,1,1500000.0,1500000.0,6077,54322000.0,210300723.00411797,0.027613121755458193,0.0071326430959090335,,,,1500000.0,NXPL|2026-07-15 22:20:00+00:00,False,False,0.024806252555144903,-0.11162787774929894,0.47722000489518607
OCGN,0001372299,8-K,2026-07-13 12:30:43+00:00,2026-07-13 12:30:43+00:00,"8.01,9.01",0001104659-26-082897,tm2620295d1_8k.htm,0,,,3534,4413000.0,470610629.1414528,,0.5418492150617233,3.0,255000000.0,7182.0,255000000.0,OCGN|2026-07-13 12:30:00+00:00,False,False,0.02068963476083585,-0.07586207633636488,0.0706068270783316
OII,0000073756,8-K,2026-07-07 21:06:21+00:00,2026-07-07 21:06:21+00:00,"1.01,2.03,7.01,9.01",0000073756-26-000127,oii-20260706.htm,4,500000000.0,280000000.0,11039,2643062000.0,2259681213.3476715,0.18917452560704215,0.2212701495443511,,,,500000000.0,OII|2026-07-07 21:06:00+00:00,False,False,0.09037112286890059,-0.003575402704291575,0.02893634141682057
OMER,0001285819,8-K,2026-07-20 21:05:11+00:00,2026-07-20 21:05:11+00:00,8.01,0001437749-26-023886,omer20260716_8k.htm,5,40300000.0,29000000.0,3930,,449168445.10969067,,0.08972135161934273,,,,40300000.0,OMER|2026-07-20 21:05:00+00:00,False,False,0.18154158460247305,-0.05258614527826255,0.08464200043702232
OMER,0001285819,8-K,2026-07-06 12:30:27+00:00,2026-07-06 12:30:27+00:00,8.01,0001552781-26-000377,e26295_omer-8k.htm,6,40300000.0,23500000.0,5025,,449168445.10969067,,0.08972135161934273,,,,40300000.0,OMER|2026-07-06 12:30:00+00:00,False,False,0.12119629790224673,0.0,0.05139111935339279
OI,0000812074,8-K,2026-07-28 20:30:26+00:00,2026-07-28 20:30:26+00:00,"2.02,9.01",0001104659-26-087559,tm2621494d1_8k.htm,0,,,4082,6426000000.0,2299309855.714159,,2.78344390343692,4.0,6400000000.0,58869.0,6400000000.0,OI|2026-07-28 20:30:00+00:00,False,False,0.015404349954648344,-0.07702181098468774,0.03292586735067422
ONDS,0001646188,8-K,2026-07-06 11:54:51+00:00,2026-07-06 11:54:51+00:00,"1.01,2.01,3.02,7.01,8.01,9.01",0001213900-26-075227,ea0296702-8k_ondas.htm,2,200000000.0,106000000.0,11692,50731000.0,1314988908.0,3.942362657940904,1.1406940323788648,18.0,1500000000.0,47736.0,1500000000.0,ONDS|2026-07-06 11:54:00+00:00,False,False,0.038359783604231756,-0.04497356549752629,0.05653440026997365
OPBK,0001722010,8-K,2026-07-23 20:28:43+00:00,2026-07-23 20:28:43+00:00,"2.02,7.01,8.01",0001722010-26-000018,opbk-20260723.htm,0,,,5496,3204000.0,199467221.9215889,,0.040106840226334636,9.0,8000000.0,51989.0,8000000.0,OPBK|2026-07-23 20:28:00+00:00,False,False,0.11999994913736978,-0.007333310445149732,0.09466248631550693
OPTU,0001702780,8-K,2026-07-06 20:45:29+00:00,2026-07-06 20:45:29+00:00,"1.01,2.03,9.01",0001104659-26-080797,tm2619807d1_8k.htm,1,250000000.0,250000000.0,5451,8590467000.0,979478869.415431,0.029102026700061824,0.2552377675581752,,,,250000000.0,OPTU|2026-07-06 20:45:00+00:00,False,False,0.14728687041783495,-0.18992248993282146,0.1104168696626167
OPK,0000944809,8-K,2026-07-27 20:08:03+00:00,2026-07-27 20:08:03+00:00,"2.02,9.01",0001193125-26-318069,opk-20260727.htm,0,,,3795,606879000.0,1206549810.459795,,0.22792262500559535,25.0,275000000.0,24855.0,275000000.0,OPK|2026-07-27 20:08:00+00:00,True,False,0.20147230381404313,-0.09021466364461173,0.06296887116338055
OSK,0000775158,8-K,2026-07-28 11:59:51+00:00,2026-07-28 11:59:51+00:00,"2.02,9.01",0001193125-26-318909,osk-20260728.htm,0,,,3231,10422300000.0,8953643398.07309,,1.2508874323060877,7.0,11200000000.0,35003.0,11200000000.0,OSK|2026-07-28 11:59:00+00:00,False,False,-0.009055558135486641,-0.13813603175765388,0.026298613271923524
OPXS,0001397016,8-K,2026-07-20 21:02:16+00:00,2026-07-20 21:02:16+00:00,"1.01,2.03,9.01",0001493152-26-033931,form8-k.htm,1,2100000.0,2100000.0,6283,41337000.0,109511789.37493515,0.050801944988751,0.01917601759578813,,,,2100000.0,OPXS|2026-07-20 21:02:00+00:00,False,False,0.09361148577832101,-0.10522693744999079,0.24941469219609289
OSBC,0000357173,8-K,2026-07-22 20:05:10+00:00,2026-07-22 20:05:10+00:00,"2.02,9.01",0000357173-26-000042,osbc-20260722x8k.htm,0,,,3773,,947707434.0,,0.08789632434180104,20.0,83300000.0,93076.0,83300000.0,OSBC|2026-07-22 20:05:00+00:00,False,False,0.11538464407805549,-0.017818333043625234,0.028611258238712634
ORRF,0000826154,8-K,2026-07-22 12:00:19+00:00,2026-07-22 12:00:19+00:00,"2.02,7.01,9.01",0001628280-26-049110,orrf-20260721.htm,0,,,3786,37144000.0,654316086.7717896,,8.558554669852022,44.0,5600000000.0,69355.0,5600000000.0,ORRF|2026-07-22 12:00:00+00:00,False,False,0.06650425317844211,-0.016321514772171475,0.07113614956978703
OVBC,0000894671,8-K,2026-07-27 14:21:37+00:00,2026-07-27 14:21:37+00:00,2.02,0000894671-26-000044,ovbc-20260714.htm,38,1661000000.0,4954000.0,30079,,167381859.77926636,,9.923417042864932,,,,1661000000.0,OVBC|2026-07-27 14:21:00+00:00,False,False,0.013833531804914312,-0.034466615899443,0.12371290676066428
OVV,0001792580,8-K,2026-07-23 21:03:26+00:00,2026-07-23 21:03:26+00:00,"2.02,8.01,9.01",0001193125-26-314272,ovv-20260723.htm,0,,,4374,8663000000.0,9366439660.692955,,0.4697622746095261,27.0,4400000000.0,172427.0,4400000000.0,OVV|2026-07-23 21:03:00+00:00,False,False,0.04648524220701056,-0.05053454262652213,0.021708091003265487
PBH,0001295947,8-K,2026-07-15 20:03:15+00:00,2026-07-15 20:03:15+00:00,"1.01,2.03,9.01",0001104659-26-083872,tm2620415d1_8k.htm,1,400000000.0,400000000.0,7528,1088705000.0,2966138108.6984596,0.36740898590527277,0.1348554872839417,,,,400000000.0,PBH|2026-07-15 20:03:00+00:00,False,False,0.042449937786584124,-0.024661435023222822,0.03807833063668197
PBH,0001295947,8-K,2026-07-06 12:05:15+00:00,2026-07-06 12:05:15+00:00,"1.01,2.03,7.01,9.01",0001295947-26-000029,pbh-20260630.htm,3,400000000.0,95000000.0,6199,1088705000.0,2966138108.6984596,0.36740898590527277,0.1348554872839417,,,,400000000.0,PBH|2026-07-06 12:05:00+00:00,False,False,0.024771598389911276,-0.04629439145780456,0.04569086139323387
PAYC,0001590955,8-K,2026-07-09 20:10:15+00:00,2026-07-09 20:10:15+00:00,"5.02,7.01,9.01",0001193125-26-299695,payc-20260708.htm,0,,,6547,2051700000.0,11589250149.206741,,0.1725737191147691,2.0,2000000000.0,4179.0,2000000000.0,PAYC|2026-07-09 20:10:00+00:00,False,False,0.07834158548766479,-0.02794397843341534,0.036421614055599766
PD,0001568100,8-K,2026-07-14 20:09:35+00:00,2026-07-14 20:09:35+00:00,"5.02,7.01,9.01",0001568100-26-000040,pd-20260711.htm,0,,,6079,492546000.0,1085388162.9336119,,1.3819940655569394,1.0,1500000000.0,4369.0,1500000000.0,PD|2026-07-14 20:09:00+00:00,False,False,0.01171163570260969,-0.15855857372941806,0.04503001433103793
PDYN,0001826681,8-K,2026-07-08 11:04:42+00:00,2026-07-08 11:04:42+00:00,"2.02,7.01,8.01",0001193125-26-297985,pdyn-20260708.htm,3,44000000.0,24000000.0,8874,5246000.0,347756163.85977745,8.387342737323674,0.0690138737833481,14.0,24000000.0,9768.0,24000000.0,PDYN|2026-07-08 11:04:00+00:00,False,False,-0.0015476122704146666,-0.13775508962835414,0.055231366307152564
PEBO,0000318300,8-K,2026-07-27 17:35:38+00:00,2026-07-27 17:35:38+00:00,"2.02,9.01",0000318300-26-000187,pebo-20260727.htm,38,9649630.0,9236452.0,12650,86722000.0,1055857854.4073582,0.11127084246212034,9.470971834189644,12.0,10000000000.0,35349.0,10000000000.0,PEBO|2026-07-27 17:35:00+00:00,False,False,0.042395889416843024,-0.0034508107148518707,0.030762094753155188
PEBK,0001093672,8-K,2026-07-20 13:30:27+00:00,2026-07-20 13:30:27+00:00,"2.02,9.01",0001654954-26-006729,pebk_8k.htm,0,,,5050,,161053509.5,,0.4669255592968001,16.0,75200000.0,35251.0,75200000.0,PEBK|2026-07-20 13:30:00+00:00,False,False,0.029078389167118468,-0.02532595801327986,0.13487201548559818
PCYO,0000276720,8-K,2026-07-09 15:00:20+00:00,2026-07-09 15:00:20+00:00,"2.02,5.02,7.01,9.01",0001104659-26-082168,pcyo-20260707x8k.htm,0,,,6446,26087000.0,267465520.2847433,,8.599239249797224,28.0,2300000000.0,51839.0,2300000000.0,PCYO|2026-07-09 15:00:00+00:00,False,False,0.0314111616826267,-0.02672291124533588,0.12521057576954028
PECO,0001476204,8-K,2026-07-23 20:24:58+00:00,2026-07-23 20:24:58+00:00,"2.02,7.01,9.01",0001476204-26-000030,cik0001476204-20260723.htm,0,,,4556,12751000.0,4274167846.6796875,,0.23396367102822893,22.0,1000000000.0,41453.0,1000000000.0,PECO|2026-07-23 20:24:00+00:00,False,False,-0.00385920935050299,-0.04494891206650686,0.018488037838575548
PENG,0001616533,8-K,2026-07-17 21:12:42+00:00,2026-07-17 21:12:42+00:00,"1.01,2.03,3.02,8.01,9.01",0001193125-26-307989,d103073d8k.htm,3,100000000.0,100000000.0,22695,1368794000.0,1418498139.988449,0.07305701223120499,0.4582311260593496,1.0,650000000.0,30711.0,650000000.0,PENG|2026-07-17 21:12:00+00:00,False,False,0.04293962445042321,-0.11727766568489362,0.11575966509684328
PENG,0001616533,8-K,2026-07-07 20:09:58+00:00,2026-07-07 20:09:58+00:00,"2.02,9.01",0001616533-26-000041,peng-20260707.htm,0,,,4059,1368794000.0,1418498139.988449,,0.3376810913575823,1.0,479000000.0,40757.0,479000000.0,PENG|2026-07-07 20:09:00+00:00,True,False,0.3214705972110523,-0.062351451200597374,0.07302814796371113
PDM,0001042776,8-K,2026-07-28 20:18:26+00:00,2026-07-28 20:18:26+00:00,"2.02,9.01",0001042776-26-000064,pdm-20260728.htm,0,,,3766,564994000.0,1039609507.9445553,,0.5771397774018813,25.0,600000000.0,108349.0,600000000.0,PDM|2026-07-28 20:18:00+00:00,False,False,0.0379292548660608,-0.021527425492911756,0.020399857290053093
PETS,0001040130,8-K,2026-07-23 13:26:31+00:00,2026-07-23 13:26:31+00:00,"1.01,7.01,9.01",0001040130-26-000029,pets-20260723.htm,3,37000000.0,1700000.0,9486,179021000.0,71242747.21461987,0.20667966327972695,0.5193511121705755,,,,37000000.0,PETS|2026-07-23 13:26:00+00:00,False,False,0.012169919580959032,-0.07966976550856708,0.08622555047617707
PGC,0001050743,8-K,2026-07-27 20:52:34+00:00,2026-07-27 20:52:34+00:00,"2.02,7.01,9.01",0001193125-26-318213,pgc-20260727.htm,0,,,4329,282995000.0,450036010.5,,1.5905393864031687,28.0,715800000.0,115156.0,715800000.0,PGC|2026-07-27 20:52:00+00:00,False,False,0.05883645011241079,0.009695870787850946,0.05527236804157315
PESI,0000891532,8-K,2026-07-28 13:15:10+00:00,2026-07-28 13:15:10+00:00,"2.02,5.07,9.01",0001493152-26-034944,form8-k.htm,5,21000000.0,15700000.0,21069,61674000.0,252857043.93959522,0.3405000486428641,0.08305087994707662,,,,21000000.0,PESI|2026-07-28 13:15:00+00:00,False,False,0.12158646759717917,-0.05331597455934267,0.09802249082675304
PFSA,0001859807,8-K,2026-07-27 10:08:35+00:00,2026-07-27 10:08:35+00:00,"5.02,7.01,8.01,9.01",0001213900-26-081560,ea0298832-8k_profusa.htm,0,,,10977,100000.0,4622946320.625,,0.024010661665003572,2.0,111000000.0,7659.0,111000000.0,PFSA|2026-07-27 10:08:00+00:00,False,True,0.045454500299513256,-0.3431060864196873,0.3977724347975154
PHUN,0001665300,8-K,2026-07-16 20:05:16+00:00,2026-07-16 20:05:16+00:00,"7.01,9.01",0001193125-26-306095,phun-20260716.htm,0,,,4022,2553000.0,49456903.9125669,,1.979501186994518,6.0,97900000.0,17713.0,97900000.0,PHUN|2026-07-16 20:05:00+00:00,False,False,0.08252431117282732,-0.004854364437391179,0.09019344843441156
PJT,0001626115,8-K,2026-07-28 10:50:14+00:00,2026-07-28 10:50:14+00:00,"2.02,9.01",0001193125-26-318829,pjt-20260728.htm,0,,,4078,1696656000.0,1928242062.75,,0.46882080702603424,7.0,904000000.0,28687.0,904000000.0,PJT|2026-07-28 10:50:00+00:00,False,False,0.031200594305431206,-0.08615013018505213,0.043293963345699585
PINE,0001786117,8-K,2026-07-23 20:10:29+00:00,2026-07-23 20:10:29+00:00,"2.02,7.01,9.01",0001104659-26-086260,pine-20260723x8k.htm,0,,,5763,60532000.0,194250370.5806446,,1.2869988317278935,15.0,250000000.0,80187.0,250000000.0,PINE|2026-07-23 20:10:00+00:00,False,False,0.02014676565382212,-0.06530994867850881,0.050393287120283785
PKG,0000075677,8-K,2026-07-22 22:04:21+00:00,2026-07-22 22:04:21+00:00,"2.02,9.01",0001193125-26-312651,pkg-20260722.htm,0,,,3607,8989300000.0,17650238402.792145,,0.00037959827210833064,3.0,6700000.0,33786.0,6700000.0,PKG|2026-07-22 22:04:00+00:00,False,False,0.11979932235975155,-0.021503986352124693,0.023328652446354545
PHM,0000822416,8-K,2026-07-22 11:31:32+00:00,2026-07-22 11:31:32+00:00,"2.02,9.01",0000822416-26-000034,phm-20260722.htm,0,,,3814,17311953000.0,23772384269.78691,,0.286046192204723,32.0,6800000000.0,20394.0,6800000000.0,PHM|2026-07-22 11:31:00+00:00,False,False,0.06135213982608434,-0.04642434508548321,0.020621449669292545
PLPC,0000080035,8-K,2026-07-27 20:23:19+00:00,2026-07-27 20:23:19+00:00,"8.01,9.01",0000080035-26-000024,plpc-20260727.htm,1,16700000.0,16700000.0,3400,669338000.0,1120059509.149292,0.024950025248827945,0.014909922074304775,,,,16700000.0,PLPC|2026-07-27 20:23:00+00:00,True,False,0.20811156483363824,-0.08081847190588243,0.11181831875273834
PLCE,0001041859,8-K,2026-07-07 20:30:29+00:00,2026-07-07 20:30:29+00:00,"1.01,2.03,5.02,9.01",0001104659-26-081293,tm2619819d1_8k.htm,5,350000000.0,40000000.0,17683,1208830000.0,165815810.14281893,0.28953616306676705,2.1107758041802,,,,350000000.0,PLCE|2026-07-07 20:30:00+00:00,False,True,-0.006277628726474749,-0.27507885111429475,0.08459850412589355
PLAG,0001117057,8-K,2026-07-14 00:33:20+00:00,2026-07-14 00:33:20+00:00,"1.01,9.01",0001213900-26-077736,ea0297814-8k_planet.htm,4,75000000.0,17861430.0,9688,3040616.0,12453441.217813492,24.666054510007182,6.022431767110239,,,,75000000.0,PLAG|2026-07-14 00:33:00+00:00,False,True,0.01604276540816718,-0.7366844976989101,0.41322996626559366
PMTS,0001641614,8-K,2026-07-06 20:06:11+00:00,2026-07-06 20:06:11+00:00,8.01,0001641614-26-000108,pmts-20260702.htm,2,265000000.0,145750000.0,3089,543534000.0,183438601.51988983,0.48754999687232076,1.4446250560368923,,,,265000000.0,PMTS|2026-07-06 20:06:00+00:00,False,False,0.060166917357471705,-0.09823182416719312,0.0916871654325199
PLUR,0001158780,8-K,2026-07-13 20:05:19+00:00,2026-07-13 20:05:19+00:00,3.01,0001213900-26-077548,ea0297769-8k_pluri.htm,3,35000000.0,35000000.0,7849,1336000.0,24794081.608875275,26.197604790419163,1.4116272000763046,,,,35000000.0,PLUR|2026-07-13 20:05:00+00:00,False,False,0.13519774868203016,-0.11858758407622494,0.42846668313073416
PLUG,0001093691,8-K,2026-07-13 11:15:41+00:00,2026-07-13 11:15:41+00:00,"1.01,2.02,7.01,9.01",0001104659-26-082854,tm2620282d1_8k.htm,8,162000000.0,91250000.0,14230,709919000.0,2910198647.813161,0.22819504760402243,0.05635354140626659,8.0,164000000.0,10116.0,164000000.0,PLUG|2026-07-13 11:15:00+00:00,False,False,0.04888884226481127,-0.053333282470703125,0.054800192687429125
POLA,0001622345,8-K,2026-07-27 22:30:32+00:00,2026-07-27 22:30:32+00:00,"1.01,3.02,7.01,9.01",0001493152-26-034878,form8-k.htm,3,25000000.0,25000000.0,30130,6304000.0,7936441.335566521,3.965736040609137,3.1500264341354756,2.0,25000000.0,6172.0,25000000.0,POLA|2026-07-27 22:30:00+00:00,True,False,0.3641617740326615,-0.16763003390505093,0.2927511767979035
PRGO,0001585364,8-K/A,2026-07-06 20:48:51+00:00,2026-07-06 20:48:51+00:00,"5.02,9.01",0001585364-26-000110,prgo-20260607.htm,2,2500000.0,1885000.0,6893,4253100000.0,2839709196.9861145,0.0005878065411111895,0.0008803718361913044,,,,2500000.0,PRGO|2026-07-06 20:48:00+00:00,False,False,0.016657930228850093,-0.10789470029779735,0.0347791517268955
PNR,0000077360,8-K,2026-07-14 21:20:51+00:00,2026-07-14 21:20:51+00:00,"2.02,5.02,9.01",0000077360-26-000039,pnr-20260710.htm,1,1000000.0,1000000.0,7819,4176000000.0,17313311403.395386,0.00023946360153256704,5.775902579814314e-05,,,,1000000.0,PNR|2026-07-14 21:20:00+00:00,False,False,0.14307697002704334,0.0,0.019895746283596628
POOL,0000945841,8-K,2026-07-23 13:29:29+00:00,2026-07-23 13:29:29+00:00,"2.02,7.01,9.01",0001193125-26-313430,pool-20260723.htm,0,,,4181,5289396000.0,11105465864.057373,,0.16208234954155912,11.0,1800000000.0,30473.0,1800000000.0,POOL|2026-07-23 13:29:00+00:00,False,False,0.018498648242807114,-0.10867014000891984,0.039945049053178354
PRGS,0000876167,8-K,2026-07-22 20:21:29+00:00,2026-07-22 20:21:29+00:00,"1.01,2.02,7.01,9.01",0001552781-26-000390,e26303_prgs-8k.htm,2,400000000.0,212500000.0,13099,977831000.0,1837731430.1561127,0.4090686427409235,0.21765966094731296,1.0,400000000.0,17237.0,400000000.0,PRGS|2026-07-22 20:21:00+00:00,False,False,0.13253015539146218,-0.03404922018516365,0.051208830632464813
PRK,0000805676,8-K,2026-07-27 20:15:15+00:00,2026-07-27 20:15:15+00:00,"2.02,7.01,8.01,9.01",0000805676-26-000057,prk-20260727.htm,186,10670000000.0,15100000.0,46993,664421000.0,2485433715.4582825,16.05909506171539,4.293013301315335,,,,10670000000.0,PRK|2026-07-27 20:15:00+00:00,False,False,0.08295401825204363,-0.00503285347772664,0.049914021314242406
PSIX,0001137091,8-K,2026-07-27 20:08:11+00:00,2026-07-27 20:08:11+00:00,"5.02,5.07,7.01,9.01",0001193125-26-318071,d138423d8k.htm,1,1129326.0,1129326.0,16776,722405000.0,2027778010.5815125,0.0015632865221032522,0.000556927826471567,0.0,,8175.0,1129326.0,PSIX|2026-07-27 20:08:00+00:00,False,False,-0.02218428789950655,-0.13686001453751218,0.08435091902495188
PSTL,0001759774,8-K,2026-07-07 21:13:02+00:00,2026-07-07 21:13:02+00:00,"1.01,2.03,8.01,9.01",0001628280-26-047540,pstl-20260702.htm,9,340000000.0,150000000.0,10272,95823000.0,364032861.1742649,3.5482086764138048,0.9339816161191002,,,,340000000.0,PSTL|2026-07-07 21:13:00+00:00,False,False,0.004049424064987539,-0.04458858443728775,0.023585845969362144
PSBD,0001794776,8-K,2026-07-15 20:52:32+00:00,2026-07-15 20:52:32+00:00,"1.01,9.01",0001213900-26-078363,ea0298073-8k_palmer.htm,3,300000000.0,228000000.0,9597,,394503980.38150406,,0.7604486010759277,,,,300000000.0,PSBD|2026-07-15 20:52:00+00:00,False,False,0.0019568985877502776,-0.08317028955585748,0.04033184270025652
PVH,0000078239,8-K,2026-07-14 20:23:20+00:00,2026-07-14 20:23:20+00:00,"5.02,8.01,9.01",0001213900-26-077971,ea0297969-8k_pvh.htm,2,1150000.0,1150000.0,15052,8950200000.0,4051204564.0599365,0.0001284887488547742,0.00028386618888667553,0.0,,6002.0,1150000.0,PVH|2026-07-14 20:23:00+00:00,False,False,0.06920303878615108,-0.010167288178326794,0.03003059637659043
QCRH,0000906465,8-K,2026-07-22 20:05:52+00:00,2026-07-22 20:05:52+00:00,"2.02,9.01",0001104659-26-085796,qcrh-20260722x8k.htm,0,,,3781,,1256924573.0922241,,0.3529249164957266,23.0,443600000.0,95940.0,443600000.0,QCRH|2026-07-22 20:05:00+00:00,False,False,0.11017668943086045,-0.0020757897568274286,0.06350390320825867
QCRH,0000906465,8-K,2026-07-22 20:05:52+00:00,2026-07-22 20:05:52+00:00,"2.02,9.01",0001104659-26-085796,qcrh-20260722x8k.htm,0,,,3781,,1256924573.0922241,,0.3529249164957266,23.0,443600000.0,95940.0,443600000.0,QCRH|2026-07-22 20:05:00+00:00,False,False,0.11017668943086045,-0.0020757897568274286,0.06350390320825867
QCRH,0000906465,8-K,2026-07-22 20:05:44+00:00,2026-07-22 20:05:44+00:00,"7.01,9.01",0001104659-26-085795,qcrh-20260722x8k.htm,0,,,3791,,1256924573.0922241,,0.739901200047398,3.0,930000000.0,26121.0,930000000.0,QCRH|2026-07-22 20:05:00+00:00,False,False,0.11017668943086045,-0.0020757897568274286,0.06350390320825867
QCRH,0000906465,8-K,2026-07-22 20:05:44+00:00,2026-07-22 20:05:44+00:00,"7.01,9.01",0001104659-26-085795,qcrh-20260722x8k.htm,0,,,3791,,1256924573.0922241,,0.739901200047398,3.0,930000000.0,26121.0,930000000.0,QCRH|2026-07-22 20:05:00+00:00,False,False,0.11017668943086045,-0.0020757897568274286,0.06350390320825867
QXO,0001236275,8-K,2026-07-09 10:03:01+00:00,2026-07-09 10:03:01+00:00,"7.01,9.01",0001104659-26-082040,tm2620075d1_8k.htm,0,,,4406,6842200000.0,11106949103.275116,,4.501686244808347,6.0,50000000000.0,41140.0,50000000000.0,QXO|2026-07-09 10:03:00+00:00,False,False,0.01896423555126847,-0.06363620456239061,0.03445184151864094
QUBT,0001758009,8-K,2026-07-22 21:00:36+00:00,2026-07-22 21:00:36+00:00,"5.02,8.01,9.01",0001213900-26-080443,ea0298923-8k_quantum.htm,1,2000000000.0,2000000000.0,5817,682000.0,1909005185.6903448,2932.551319648094,1.04766609069045,1.0,2000000000.0,8212.0,2000000000.0,QUBT|2026-07-22 21:00:00+00:00,False,False,0.03811946570486535,-0.0584498150998759,0.03404169793149037
RBBN,0001708055,8-K,2026-07-28 20:09:55+00:00,2026-07-28 20:09:55+00:00,"2.02,9.01",0001104659-26-087534,tm2621444d1_8k.htm,0,,,4013,844556000.0,674681826.9372954,,1.2450313117416592,6.0,840000000.0,50321.0,840000000.0,RBBN|2026-07-28 20:09:00+00:00,False,False,0.01528388053000973,-0.09170307495422159,0.06207780874516962
RELL,0000355948,8-K,2026-07-22 20:25:43+00:00,2026-07-22 20:25:43+00:00,"2.02,9.01",0001193125-26-312436,rell-20260722.htm,0,,,3645,208909000.0,104506193.21470642,,2.187430170098577,6.0,228600000.0,45321.0,228600000.0,RELL|2026-07-22 20:25:00+00:00,False,True,0.045151407565034996,-0.25191538705099925,0.09610437872106158
REFI,0001867949,8-K,2026-07-13 20:30:15+00:00,2026-07-13 20:30:15+00:00,"1.01,3.02,7.01,9.01",0001213900-26-077585,ea0297476-8k425_chicago.htm,2,62500000.0,50750000.0,13078,,271019670.2646017,,0.23061056763510948,1.0,62500000.0,10023.0,62500000.0,REFI|2026-07-13 20:30:00+00:00,False,False,0.00645825764262975,-0.09749942335418615,0.03220196911751582
RGA,0000898174,8-K,2026-07-09 21:07:31+00:00,2026-07-09 21:07:31+00:00,"5.02,9.01",0001193125-26-299825,d138283d8k.htm,1,1000000.0,1000000.0,4748,23698000000.0,12408441175.803818,4.219765381044814e-05,8.059030025060502e-05,,,,1000000.0,RGA|2026-07-09 21:07:00+00:00,False,False,0.0631834638271882,-0.009894110202835149,0.025359852812523072
REXR,0001571283,8-K,2026-07-23 21:06:48+00:00,2026-07-23 21:06:48+00:00,"2.02,7.01,9.01",0001571283-26-000037,rexr-20260723.htm,0,,,5617,589000.0,9689352828.82042,,0.20641213457013513,20.0,2000000000.0,167314.0,2000000000.0,REXR|2026-07-23 21:06:00+00:00,False,False,0.0684082151296046,-0.006329130180213416,0.016340787684502478
RGEN,0000730272,8-K,2026-07-28 11:13:43+00:00,2026-07-28 11:13:43+00:00,"2.02,9.01",0001193125-26-318853,rgen-20260728.htm,0,,,3744,738256000.0,8385760401.7323,,0.096592313779043,5.0,810000000.0,39249.0,810000000.0,RGEN|2026-07-28 11:13:00+00:00,False,False,0.10236222880560164,0.0008590578281904016,0.05611333662688129
RGEN,0000730272,8-K,2026-07-22 12:56:58+00:00,2026-07-22 12:56:58+00:00,"1.01,2.02,7.01,8.01,9.01",0001193125-26-311402,d141685d8k.htm,1,59000000.0,59000000.0,29836,738256000.0,8385760401.7323,0.07991807719815348,0.06725687033503736,2.0,564000000.0,50313.0,564000000.0,RGEN|2026-07-22 12:56:00+00:00,False,False,0.14972557078769966,-0.02922847684382479,0.07000293412859358
RGP,0001084765,8-K,2026-07-16 20:02:46+00:00,2026-07-16 20:02:46+00:00,"1.01,1.02,2.03,5.02,9.01",0001084765-26-000041,rgp-20260710.htm,4,30000000.0,17500000.0,8876,452006000.0,175634006.08247757,0.06637080038760547,0.17080974618270695,,,,30000000.0,RGP|2026-07-16 20:02:00+00:00,False,True,0.014957302185677035,-0.22435892145544156,0.051272361701331065
RES,0000742278,8-K,2026-07-07 20:27:42+00:00,2026-07-07 20:27:42+00:00,"1.01,2.03,9.01",0001104659-26-081292,res-20260630x8k.htm,0,,,6406,1626566000.0,955271090.8882675,,0.5234116312837128,10.0,500000000.0,536788.0,500000000.0,RES|2026-07-07 20:27:00+00:00,False,False,0.05525845550833175,-0.02317292537379656,0.03668082411916979
RGLD,0000085535,8-K,2026-07-21 13:05:12+00:00,2026-07-21 13:05:12+00:00,"2.02,9.01",0000085535-26-000032,rgld-20260721.htm,0,,,3227,1030471000.0,11888429620.189484,,0.08411539891709108,5.0,1000000000.0,9078.0,1000000000.0,RGLD|2026-07-21 13:05:00+00:00,False,False,0.06842935771842273,-0.006911033111092979,0.026766924240781576
RHI,0000315213,8-K,2026-07-23 20:01:20+00:00,2026-07-23 20:01:20+00:00,"2.02,9.01",0000315213-26-000040,rhi-20260723.htm,0,,,3916,5378506000.0,2793756317.269272,,0.0009741901908825923,10.0,2721650.0,40512.0,2721650.0,RHI|2026-07-23 20:01:00+00:00,False,False,0.09234832522107927,-0.08258573990069462,0.03216211450297596
RLI,0000084246,8-K,2026-07-28 10:56:25+00:00,2026-07-28 10:56:25+00:00,"7.01,9.01",0000084246-26-000016,rli-20260723x8k.htm,0,,,4079,1882448000.0,5835762748.439674,,0.8396503098605453,11.0,4900000000.0,55720.0,4900000000.0,RLI|2026-07-28 10:56:00+00:00,False,False,0.03025864280900814,-0.022020389068560742,0.03010664148839846
RLI,0000084246,8-K,2026-07-22 20:16:00+00:00,2026-07-22 20:16:00+00:00,"2.02,9.01",0001104659-26-085815,rli-20260722x8k.htm,0,,,3818,1882448000.0,5835762748.439674,,0.22276436792218549,8.0,1300000000.0,33952.0,1300000000.0,RLI|2026-07-22 20:16:00+00:00,False,False,0.15822729137406233,-0.013070216845713856,0.020073601044097132
RMBS,0000917273,8-K,2026-07-27 20:06:16+00:00,2026-07-27 20:06:16+00:00,"2.02,9.01",0001193125-26-318063,rmbs-20260727.htm,0,,,3802,707630000.0,10072822911.957787,,0.021443839714840925,26.0,216000000.0,24876.0,216000000.0,RMBS|2026-07-27 20:06:00+00:00,False,False,-0.005729716532939189,-0.10545942976668077,0.04934190548572462
ROL,0000084839,8-K,2026-07-22 20:06:26+00:00,2026-07-22 20:06:26+00:00,"2.02,9.01",0000084839-26-000038,rol-20260722.htm,0,,,3695,3761050000.0,27624480171.0,,0.039819753826708125,29.0,1100000000.0,35806.0,1100000000.0,ROL|2026-07-22 20:06:00+00:00,False,False,0.06541932411421181,-0.023354592913693684,0.016123384653208322
ROCK,0000912562,8-K,2026-07-16 11:44:44+00:00,2026-07-16 11:44:44+00:00,"8.01,9.01",0000912562-26-000141,rock-20260716.htm,1,5000000.0,5000000.0,3748,1135501000.0,1841222903.7176056,0.004403342665484223,0.0027155864669641686,,,,5000000.0,ROCK|2026-07-16 11:44:00+00:00,False,False,0.08441699278279846,-0.03810180045348155,0.05054341540350074
RWAY,0001653384,8-K,2026-07-15 20:49:20+00:00,2026-07-15 20:49:20+00:00,"1.01,2.03,9.01",0001193125-26-304889,rway-20260713.htm,2,550000000.0,487500000.0,5747,,358906817.5937805,,1.532431185585623,,,,550000000.0,RWAY|2026-07-15 20:49:00+00:00,False,False,0.022007042918619657,-0.058098579873122724,0.037513282962292185
RWAY,0001653384,8-K,2026-07-14 12:30:16+00:00,2026-07-14 12:30:16+00:00,7.01,0001193125-26-302607,rway-20260714.htm,0,,,4421,,358906817.5937805,,0.8489668768144352,23.0,304700000.0,23874.0,304700000.0,RWAY|2026-07-14 12:30:00+00:00,False,False,0.07633851525628876,-0.004599833602693004,0.03788286914989894
RRC,0000315852,8-K,2026-07-22 15:00:17+00:00,2026-07-22 15:00:17+00:00,"2.02,9.01",0000315852-26-000018,rrc-20260721.htm,0,,,3105,2988164000.0,8503421987.625378,,0.10360534867986995,10.0,881000000.0,74856.0,881000000.0,RRC|2026-07-22 15:00:00+00:00,False,False,0.03244909250881123,-0.027041025038480937,0.028201562701324602
RRC,0000315852,8-K,2026-07-10 11:00:14+00:00,2026-07-10 11:00:14+00:00,2.02,0000315852-26-000015,rrc-20260710.htm,1,73500000.0,73500000.0,4143,2988164000.0,8503421987.625378,0.024597043535763096,0.008643579032883588,,,,73500000.0,RRC|2026-07-10 11:00:00+00:00,False,False,0.011796990292877618,-0.043347100081851164,0.017252451168014316
RTB,0001419275,8-K/A,2026-07-27 21:30:53+00:00,2026-07-27 21:30:53+00:00,9.01,0001185185-26-003142,rtb8ka2072326.htm,0,,,6680,11131000.0,84884345.30977249,,0.23561470524409472,3.0,20000000.0,239678.0,20000000.0,RTB|2026-07-27 21:30:00+00:00,False,False,0.1428571428571428,-0.1116400037493025,0.3520890420282832
RXT,0001810019,8-K,2026-07-09 12:13:03+00:00,2026-07-09 12:13:03+00:00,"1.01,2.02,2.03,8.01,9.01",0001810019-26-000078,rxt-20260702.htm,6,649000000.0,325000000.0,18298,2685700000.0,375796275.44496715,0.2416502215437316,1.7269995537649805,7.0,649000000.0,21623.0,649000000.0,RXT|2026-07-09 12:13:00+00:00,False,True,-0.08641744968476761,-0.3302180467858947,0.10204437495253647
SAFT,0001172052,8-K,2026-07-24 12:00:31+00:00,2026-07-24 12:00:31+00:00,"1.01,9.01",0001104659-26-086488,tm2621207d1_8k.htm,2,111755169.0,78999343.5,30706,1263732000.0,1018463508.8319321,0.0884326494858087,0.1097291832558352,,,,111755169.0,SAFT|2026-07-24 12:00:00+00:00,False,False,0.00339310197715581,-0.00193896824700035,0.05274406319449835
SAFT,0001172052,8-K,2026-07-23 21:07:20+00:00,2026-07-23 21:07:20+00:00,"7.01,9.01",0001104659-26-086331,tm2621207d3_8k.htm,0,,,14101,1263732000.0,1018463508.8319321,,1.512081666790609,2.0,1540000000.0,13893.0,1540000000.0,SAFT|2026-07-23 21:07:00+00:00,False,False,0.00339310197715581,-0.00193896824700035,0.05274406319449835
RWT,0000930236,8-K,2026-07-07 13:31:50+00:00,2026-07-07 13:31:50+00:00,"2.02,7.01,9.01",0001104659-26-081027,tm2619917d1_8k.htm,0,,,4795,,678423186.0,,5.159021790861965,1.0,3500000000.0,7851.0,3500000000.0,RWT|2026-07-07 13:31:00+00:00,False,False,0.11542606709669445,-0.018338734401201595,0.04090500918726981
RXST,0001111485,8-K,2026-07-15 20:23:33+00:00,2026-07-15 20:23:33+00:00,"5.02,7.01,9.01",0001193125-26-304812,d140030d8k.htm,5,14000000.0,2500000.0,26115,134479000.0,344921580.576561,0.10410547371708594,0.040588936118749086,0.0,,6292.0,14000000.0,RXST|2026-07-15 20:23:00+00:00,False,False,0.11781338741263125,-0.04618282629347592,0.060330525837106776
RXST,0001111485,8-K,2026-07-06 20:15:17+00:00,2026-07-06 20:15:17+00:00,"1.01,7.01,9.01",0001193125-26-296201,rxst-20260630.htm,4,70000000.0,50000000.0,12679,134479000.0,344921580.576561,0.5205273685854297,0.4058893611874909,2.0,140000000.0,6338.0,140000000.0,RXST|2026-07-06 20:15:00+00:00,False,False,0.027003521949297005,-0.1628919825892956,0.05812044526136033
RXST,0001111485,8-K,2026-07-06 20:15:17+00:00,2026-07-06 20:15:17+00:00,"1.01,7.01,9.01",0001193125-26-296201,rxst-20260630.htm,4,70000000.0,50000000.0,12679,134479000.0,344921580.576561,0.5205273685854297,0.4058893611874909,2.0,140000000.0,6338.0,140000000.0,RXST|2026-07-06 20:15:00+00:00,False,False,0.027003521949297005,-0.1628919825892956,0.05812044526136033
RXST,0001111485,8-K,2026-07-06 20:15:17+00:00,2026-07-06 20:15:17+00:00,"2.02,9.01",0001193125-26-296200,rxst-20260706.htm,0,,,3652,134479000.0,344921580.576561,,0.6059348320584685,9.0,209000000.0,10774.0,209000000.0,RXST|2026-07-06 20:15:00+00:00,False,False,0.027003521949297005,-0.1628919825892956,0.05812044526136033
RXST,0001111485,8-K,2026-07-06 20:15:17+00:00,2026-07-06 20:15:17+00:00,"2.02,9.01",0001193125-26-296200,rxst-20260706.htm,0,,,3652,134479000.0,344921580.576561,,0.6059348320584685,9.0,209000000.0,10774.0,209000000.0,RXST|2026-07-06 20:15:00+00:00,False,False,0.027003521949297005,-0.1628919825892956,0.05812044526136033
SAR,0001377936,8-K,2026-07-07 20:05:37+00:00,2026-07-07 20:05:37+00:00,"2.02,9.01",0001213900-26-075941,ea0297275-8k_saratoga.htm,0,,,5007,,371518075.4454651,,6.998313599903573,63.0,2600000000.0,44236.0,2600000000.0,SAR|2026-07-07 20:05:00+00:00,False,False,0.018283326218312856,-0.11934993995581422,0.037069765309826905
SBFM,0001402328,8-K,2026-07-10 20:54:05+00:00,2026-07-10 20:54:05+00:00,"1.01,9.01",0001683168-26-005458,sunshine_8k.htm,2,1500000.0,1279282.5,4315,36305891.0,78362257.47591019,0.04131560908393627,0.01914186814310606,,,,1500000.0,SBFM|2026-07-10 20:54:00+00:00,False,True,0.0,-0.4634146100350033,0.19163753561981098
SBSI,0000705432,8-K,2026-07-23 21:51:02+00:00,2026-07-23 21:51:02+00:00,"2.02,9.01",0000705432-26-000103,sbsi-20260724.htm,0,,,3999,,836828595.3802795,,0.0684728035302871,17.0,57300000.0,67330.0,57300000.0,SBSI|2026-07-23 21:51:00+00:00,False,False,0.008985547051913567,-0.0823188450025476,0.03538480066345385
SDOT,0001701756,8-K,2026-07-17 12:30:41+00:00,2026-07-17 12:30:41+00:00,"1.01,2.01,2.03,3.02,3.03,5.03,8.01,9.01",0001731122-26-000952,e7788_8k.htm,11,100000000.0,4000000.0,31318,246900000.0,974597118.5035858,0.4050222762251924,0.10260650078007805,,,,100000000.0,SDOT|2026-07-17 12:30:00+00:00,True,False,0.5468409071831828,-0.15468414058364033,0.29763975254666575
SDOT,0001701756,8-K,2026-07-16 12:31:01+00:00,2026-07-16 12:31:01+00:00,"1.01,1.02,9.01",0001731122-26-000944,e7784_8k.htm,1,10000000.0,10000000.0,9256,246900000.0,974597118.5035858,0.04050222762251924,0.010260650078007805,,,,10000000.0,SDOT|2026-07-16 12:31:00+00:00,True,False,1.4790503321610422,-0.07751394415730617,0.28514701965939987
SDOT,0001701756,8-K,2026-07-08 20:30:55+00:00,2026-07-08 20:30:55+00:00,"1.01,3.02,9.01",0001731122-26-000925,e7766_8-k.htm,2,1876500.0,1679706.25,9592,246900000.0,974597118.5035858,0.007600243013365735,0.0019254109871381646,,,,1876500.0,SDOT|2026-07-08 20:30:00+00:00,True,True,0.3476784096413199,-0.3578708804887305,0.6631372587111029
SCLX,0001820190,8-K,2026-07-22 21:30:55+00:00,2026-07-22 21:30:55+00:00,"1.01,2.01,9.01",0001193125-26-312591,sclx-20260718.htm,5,11999762.28,1999960.07,5732,30253000.0,73389967.8279295,0.39664701946914355,0.1635068475317322,,,,11999762.28,SCLX|2026-07-22 21:30:00+00:00,False,False,0.058404536827078024,-0.05128207044053168,0.2533324517845488
SCLX,0001820190,8-K,2026-07-06 10:15:40+00:00,2026-07-06 10:15:40+00:00,"1.01,3.02,7.01,9.01",0001193125-26-295493,sclx-20260703.htm,1,100000000.0,100000000.0,8096,30253000.0,73389967.8279295,3.305457310018841,1.3625840555545756,2.0,100000000.0,12861.0,100000000.0,SCLX|2026-07-06 10:15:00+00:00,True,False,0.3578776573660447,-0.13281250048506388,0.28166435051957384
SF,0000720672,8-K,2026-07-22 11:00:18+00:00,2026-07-22 11:00:18+00:00,"2.02,9.01",0001193125-26-311288,d137168d8k.htm,0,,,5420,3771017000.0,1775795170.3332329,,1.520445626335011,30.0,2700000000.0,151397.0,2700000000.0,SF|2026-07-22 11:00:00+00:00,False,False,0.08039267864934452,-0.017535355914211403,0.019395054270238028
SEIC,0000350894,8-K,2026-07-22 20:03:39+00:00,2026-07-22 20:03:39+00:00,"2.02,7.01,9.01",0000350894-26-000044,seic-20260722.htm,0,,,4715,2297381000.0,10042479997.179031,,1.692808948066151,12.0,17000000000.0,36544.0,17000000000.0,SEIC|2026-07-22 20:03:00+00:00,False,False,0.02136185638524024,-0.06731194104440319,0.019050326556591807
SER,0001708599,8-K,2026-07-22 21:03:59+00:00,2026-07-22 21:03:59+00:00,5.02,0001708599-26-000043,ser-20260723xappointmentof.htm,1,400000000.0,400000000.0,4831,130000.0,42232421.3869133,3076.923076923077,9.471396307954754,,,,400000000.0,SER|2026-07-22 21:03:00+00:00,False,False,0.00896860123562826,-0.11210762235951421,0.36413775648907676
SFNC,0000090498,8-K,2026-07-16 20:30:53+00:00,2026-07-16 20:30:53+00:00,"2.02,7.01,9.01",0001193125-26-306164,d123214d8k.htm,0,,,4607,,2516349345.231552,,0.00564309563253163,15.0,14200000.0,234190.0,14200000.0,SFNC|2026-07-16 20:30:00+00:00,False,False,0.023053531619053658,-0.025880788137369937,0.022477849530320972
SGI,0001206264,8-K,2026-07-27 20:05:53+00:00,2026-07-27 20:05:53+00:00,"1.01,2.03,7.01,9.01",0001206264-26-000092,sgi-20260727.htm,4,1700000000.0,950000000.0,8433,7476500000.0,16681906892.580414,0.22737912124657259,0.10190681502701028,,,,1700000000.0,SGI|2026-07-27 20:05:00+00:00,False,False,0.004363339789988707,-0.09640032789545627,0.028869840193534075
SFST,0001090009,8-K,2026-07-21 12:30:36+00:00,2026-07-21 12:30:36+00:00,"2.02,7.01,9.01",0001206774-26-000359,sfst4665911-8k.htm,0,,,5234,6282000.0,348007623.5896683,,0.18735221753899436,8.0,65200000.0,33091.0,65200000.0,SFST|2026-07-21 12:30:00+00:00,False,False,0.04183890736272522,-0.03869687622540918,0.06547375247431465
SGRY,0001638833,8-K,2026-07-24 13:01:47+00:00,2026-07-24 13:01:47+00:00,"1.01,7.01,9.01",0001638833-26-000069,sgry-20260721.htm,2,1150000000.0,972500000.0,6342,3308700000.0,2935995440.0919914,0.34756853144739625,0.39168998163156815,,,,1150000000.0,SGRY|2026-07-24 13:01:00+00:00,False,False,0.023743461317229153,-0.06506323128263458,0.047487966701586254
SIDU,0001879726,8-K,2026-07-21 20:05:32+00:00,2026-07-21 20:05:32+00:00,"7.01,9.01",0001493152-26-034080,form8-k.htm,0,,,4711,1776864.0,953626456.0,,0.17826686637141703,1.0,170000000.0,31823.0,170000000.0,SIDU|2026-07-21 20:05:00+00:00,False,False,0.04232319812621754,-0.12008531147623602,0.07367200854935117
SILO,0001514183,8-K,2026-07-10 22:29:27+00:00,2026-07-10 22:29:27+00:00,"1.01,3.02,8.01,9.01",0001213900-26-077296,ea0297602-8k_silo.htm,1,3500000.0,3500000.0,10979,72102.0,65572866.90343857,48.54234279215556,0.17842745868087803,5.0,11700000.0,6253.0,11700000.0,SILO|2026-07-10 22:29:00+00:00,False,True,0.0053013375636945526,-0.262406698192033,0.28229157211280037
SKYQ,0001812447,8-K,2026-07-02 18:25:17+00:00,2026-07-02 18:25:17+00:00,"1.01,1.02,2.03,9.01",0001096906-26-001038,skyq-20260629_8k.htm,6,4224000.0,3308926.0,8716,,73722660.23694444,,0.05729581632599902,,,,4224000.0,SKYQ|2026-07-02 18:25:00+00:00,True,False,0.30599970730787684,-0.1768244452083082,0.19848580229966456
SKIL,0001774675,8-K,2026-07-10 20:22:04+00:00,2026-07-10 20:22:04+00:00,"2.01,7.01,9.01",0001437749-26-023329,skil20260624_8k.htm,4,10000000.0,3700000.0,12524,512674000.0,68108354.05508614,0.019505572742132427,0.14682486662226465,,,,10000000.0,SKIL|2026-07-10 20:22:00+00:00,False,False,0.0768156707340788,-0.15363127487078776,0.20263343640154372
SKYW,0000793733,8-K,2026-07-23 20:03:11+00:00,2026-07-23 20:03:11+00:00,"2.02,8.01,9.01",0001104659-26-086251,skyw-20260723x8k.htm,5,313000000.0,250000000.0,7050,4058202000.0,4052765464.882187,0.07712775263528035,0.2714196045963338,11.0,1100000000.0,23542.0,1100000000.0,SKYW|2026-07-23 20:03:00+00:00,False,False,0.1414443706561188,-0.015732663456595075,0.03422014669313147
SLDE,0001886428,8-K,2026-07-28 20:28:08+00:00,2026-07-28 20:28:08+00:00,"2.02,9.01",0001193125-26-321067,slde-20260728.htm,0,,,3645,1155901000.0,2119651566.7724457,,0.20541111889581717,12.0,435400000.0,21753.0,435400000.0,SLDE|2026-07-28 20:28:00+00:00,False,False,0.06976744186046502,-0.04372095507244733,0.030535277546893166
SKWD,0001519449,8-K,2026-07-15 21:26:53+00:00,2026-07-15 21:26:53+00:00,"8.01,9.01",0001519449-26-000044,skwd-20260715.htm,2,100000000.0,75000000.0,3618,12381000.0,1847810955.1289062,8.0768920119538,0.054118090231272516,,,,100000000.0,SKWD|2026-07-15 21:26:00+00:00,False,False,0.09982803358297998,-0.023731746034453383,0.04275296006914559
SLM,0001032033,8-K,2026-07-23 20:32:16+00:00,2026-07-23 20:32:16+00:00,"2.02,9.01",0001032033-26-000041,slm-20260723.htm,0,,,4534,,5553107127.603098,,0.14046190395334107,8.0,780000000.0,20533.0,780000000.0,SLM|2026-07-23 20:32:00+00:00,False,False,0.11206520396754716,-0.006440597680651083,0.021770899499202308
SMBC,0000916907,8-K,2026-07-27 20:17:06+00:00,2026-07-27 20:17:06+00:00,"7.01,9.01",0001104659-26-087102,smbc-20260727x8k.htm,0,,,3764,,654181230.4746284,,1.3008627584477983,3.0,851000000.0,23905.0,851000000.0,SMBC|2026-07-27 20:17:00+00:00,False,False,0.01625699690751703,-0.019840038596218856,0.057916041351343914
SMBC,0000916907,8-K,2026-07-22 21:07:03+00:00,2026-07-22 21:07:03+00:00,"2.02,8.01,9.01",0001104659-26-085879,smbc-20260721x8k.htm,0,,,4639,,654181230.4746284,,0.6891056774480229,10.0,450800000.0,53160.0,450800000.0,SMBC|2026-07-22 21:07:00+00:00,False,False,0.03791347374651366,-0.014773137468646835,0.056991552862715705
SLS,0001390478,8-K,2026-07-27 20:35:10+00:00,2026-07-27 20:35:10+00:00,"2.02,8.01,9.01",0001104659-26-087110,tm2621415d1_8k.htm,4,191500000.0,75650000.0,4868,,167422979.2246822,,1.1438095349086241,,,,191500000.0,SLS|2026-07-27 20:35:00+00:00,False,False,0.025886816509043786,-0.11888788959834862,0.07506827774646883
SM,0000893538,8-K,2026-07-16 20:15:15+00:00,2026-07-16 20:15:15+00:00,2.02,0000893538-26-000104,sm-20260716.htm,1,220000000.0,220000000.0,6757,3154000000.0,2365752734.989708,0.06975269499048826,0.09299365768289267,,,,220000000.0,SM|2026-07-16 20:15:00+00:00,False,False,0.09815030054522977,-0.0231213656861482,0.031447453780642384
SMBK,0001038773,8-K,2026-07-20 21:00:11+00:00,2026-07-20 21:00:11+00:00,"2.02,7.01,9.01",0001104659-26-085102,smbk-20260720x8k.htm,0,,,5724,,600306482.5712814,,3.1650499455907353,8.0,1900000000.0,131810.0,1900000000.0,SMBK|2026-07-20 21:00:00+00:00,False,False,0.11772021357877271,-0.020414520421794036,0.06526978661558078
SMTC,0000088941,8-K,2026-07-06 21:02:13+00:00,2026-07-06 21:02:13+00:00,"1.01,2.03,9.01",0000088941-26-000022,smtc-20260706.htm,3,360000000.0,332000000.0,10744,1049975000.0,5429448402.67868,0.34286530631681705,0.06630507803009784,,,,360000000.0,SMTC|2026-07-06 21:02:00+00:00,False,False,0.06488549618320616,-0.06106870229007633,0.04141461198195404
SNX,0001177394,8-K,2026-07-16 20:03:35+00:00,2026-07-16 20:03:35+00:00,"5.02,9.01",0001628280-26-048449,snx-20260710.htm,1,1500000.0,1500000.0,5831,62508086000.0,12461620920.040054,2.399689537766362e-05,0.00012036957388005498,,,,1500000.0,SNX|2026-07-16 20:03:00+00:00,False,False,0.05840142626961309,-0.023239893919147603,0.03665665740139698
SONM,0001178697,8-K/A,2026-07-09 20:05:15+00:00,2026-07-09 20:05:15+00:00,"3.02,3.03,5.03,8.01",0001493152-26-032680,form8-ka.htm,3,3100000.0,2500000.0,9378,50919000.0,197256621.56994343,0.06088100708969147,0.01571556876178577,,,,3100000.0,SONM|2026-07-09 20:05:00+00:00,False,True,0.06341469144622747,-0.3121951222348823,0.5281615240145918
SOC,0001831481,8-K,2026-07-02 20:51:49+00:00,2026-07-02 20:51:49+00:00,"1.01,2.03,7.01,9.01",0001831481-26-000092,socc-20260630.htm,15,675000000.0,100000000.0,27113,0.0,531368730.1836014,inf,1.2703043322981584,,,,675000000.0,SOC|2026-07-02 20:51:00+00:00,False,False,0.06775699711145888,-0.14602808593006245,0.09849160429822906
SON,0000091767,8-K,2026-07-22 20:44:59+00:00,2026-07-22 20:44:59+00:00,"2.02,9.01",0000091767-26-000034,son-20260722.htm,0,,,3006,7518753000.0,3961023836.470093,,1.9565648478668314,16.0,7750000000.0,64426.0,7750000000.0,SON|2026-07-22 20:44:00+00:00,False,False,0.0520201160959195,-0.041789490617842096,0.023011687278090474
SOTK,0000806172,8-K,2026-07-08 11:10:15+00:00,2026-07-08 11:10:15+00:00,"2.02,7.01,9.01",0001171520-26-000166,eps12668.htm,0,,,3484,20909315.0,64870167.857530594,,0.2566665163649202,8.0,16649999.999999998,21850.0,16649999.999999998,SOTK|2026-07-08 11:10:00+00:00,False,False,0.07005418784158413,-0.12115733288863029,0.25196849979624303
SNWV,0001417663,8-K,2026-07-13 20:38:21+00:00,2026-07-13 20:38:21+00:00,"2.02,9.01",0001628280-26-048043,snwv-20260713.htm,0,,,3678,44051000.0,247958069.27580833,,0.04073269335213924,7.0,10100000.0,5331.0,10100000.0,SNWV|2026-07-13 20:38:00+00:00,False,True,-0.015046119689941406,-0.5561538476210375,0.18645705799519946
SPFI,0001163668,8-K,2026-07-17 11:30:40+00:00,2026-07-17 11:30:40+00:00,"2.02,7.01,8.01,9.01",0001140361-26-028765,ef20078138_8k.htm,0,,,5122,,586794364.2299042,,1.1366844002930327,48.0,667000000.0,88770.0,667000000.0,SPFI|2026-07-17 11:30:00+00:00,False,False,0.04334289565442484,-0.04356529953427457,0.06677305758258459
SPRO,0001701108,8-K,2026-07-14 10:30:09+00:00,2026-07-14 10:30:09+00:00,"1.01,2.03,7.01,8.01,9.01",0001193125-26-302473,d320658d8k.htm,4,105000000.0,54075000.0,23343,12586000.0,133935041.94018841,8.342602892102336,0.7839621243176227,1.0,105000000.0,41351.0,105000000.0,SPRO|2026-07-14 10:30:00+00:00,False,True,0.039999961853027344,-0.3866666687859429,0.061458462217702334
SOUN,0001840856,8-K,2026-07-13 21:20:16+00:00,2026-07-13 21:20:16+00:00,9.01,0001213900-26-077663,ea0297736-8k_sound.htm,0,,,4332,168920000.0,69844000.0,,3.789874577630147,14.0,264700000.0,87331.0,264700000.0,SOUN|2026-07-13 21:20:00+00:00,False,False,0.06366457201385001,-0.03105594477100304,0.03593560160041118
SOUN,0001840856,8-K,2026-07-02 21:14:19+00:00,2026-07-02 21:14:19+00:00,"1.01,9.01",0001213900-26-075086,ea0296856-8k425_sound.htm,7,74000000.0,7500000.0,31338,168920000.0,69844000.0,0.43807719630594366,1.0595040375694404,,,,74000000.0,SOUN|2026-07-02 21:14:00+00:00,False,False,0.06536437701961662,-0.026296045862920114,0.044372066814473476
SRXH,0001471727,8-K,2026-07-28 13:57:16+00:00,2026-07-28 13:57:16+00:00,3.02,0001493152-26-034950,form8-k.htm,2,4528000.0,4000000.0,5949,6534000.0,419032267.54945374,0.6929905111723293,0.010805850409755402,,,,4528000.0,SRXH|2026-07-28 13:57:00+00:00,False,False,0.11564622705849703,-0.027210938968575293,0.12266787527444352
SRXH,0001471727,8-K,2026-07-21 20:07:22+00:00,2026-07-21 20:07:22+00:00,"1.01,9.01",0001493152-26-034081,form8-k.htm,1,20000000.0,20000000.0,4926,6534000.0,419032267.54945374,3.0609121518212428,0.04772902124450266,,,,20000000.0,SRXH|2026-07-21 20:07:00+00:00,False,False,0.06185560928849254,-0.1597938416728627,0.11033574096622345
SRXH,0001471727,8-K,2026-07-15 19:45:14+00:00,2026-07-15 19:45:14+00:00,"7.01,9.01",0001493152-26-033350,form8-k.htm,0,,,6887,6534000.0,419032267.54945374,,0.13125480842238232,2.0,55000000.0,32839.0,55000000.0,SRXH|2026-07-15 19:45:00+00:00,False,False,0.14897780948215056,-0.1066666709052192,0.17554860362772115
SRXH,0001471727,8-K,2026-07-10 20:50:56+00:00,2026-07-10 20:50:56+00:00,"7.01,9.01",0001493152-26-032864,form8-k.htm,1,20000000.0,20000000.0,9820,6534000.0,419032267.54945374,3.0609121518212428,0.04772902124450266,4.0,20000000.0,13404.0,20000000.0,SRXH|2026-07-10 20:50:00+00:00,True,False,0.31460679641028344,-0.08110808952990656,0.4370369142443703
SSII,0001676163,8-K,2026-07-14 12:35:22+00:00,2026-07-14 12:35:22+00:00,"5.02,9.01",0001213900-26-077784,ea0297601-8k_ssinnova.htm,0,,,6876,42484747.0,1521604928.4468412,,0.06572008156024686,1.0,100000000.0,6479.0,100000000.0,SSII|2026-07-14 12:35:00+00:00,False,False,0.12059462881610683,-0.09189193194760592,0.2834236181231016
SRPT,0000873303,8-K,2026-07-27 13:08:03+00:00,2026-07-27 13:08:03+00:00,"5.02,7.01,9.01",0001193125-26-316995,d101719d8k.htm,6,35000000.0,9000000.0,12185,1864296000.0,2271837433.5,0.01877384278033102,0.01540603191227415,0.0,,10022.0,35000000.0,SRPT|2026-07-27 13:08:00+00:00,False,False,0.00330630023558931,-0.0958821908676355,0.027931121512115357
SSD,0000920371,8-K,2026-07-27 20:20:03+00:00,2026-07-27 20:20:03+00:00,"2.02,7.01,9.01",0001628280-26-049817,ssd-20260727.htm,0,,,5167,2332808000.0,7216023274.818817,,0.12472243585198214,11.0,900000000.0,23026.0,900000000.0,SSD|2026-07-27 20:20:00+00:00,False,False,0.037110466358880156,-0.07142153502524473,0.035948429915375835
SSB,0000764038,8-K,2026-07-23 20:25:00+00:00,2026-07-23 20:25:00+00:00,"2.02,7.01,8.01,9.01",0001104659-26-086278,ssb-20260723x8k.htm,0,,,7333,,9080470526.906128,,0.05219993816350175,29.0,474000000.0,110918.0,474000000.0,SSB|2026-07-23 20:25:00+00:00,False,False,0.030215841974857716,-0.0044124612419439435,0.01504070466922846
STAG,0001479094,8-K,2026-07-22 20:15:20+00:00,2026-07-22 20:15:20+00:00,"1.01,2.03,9.01",0001104659-26-085810,tm2620892d1_8k.htm,9,1000000000.0,200000000.0,8803,845184000.0,7212093372.74358,1.183174314705437,0.1386559974083622,,,,1000000000.0,STAG|2026-07-22 20:15:00+00:00,False,False,0.0018159991361974548,-0.061743324071839356,0.011083220528184586
STBA,0000719220,8-K,2026-07-23 11:20:09+00:00,2026-07-23 11:20:09+00:00,"2.02,7.01,8.01,9.01",0000719220-26-000087,stba-20260722.htm,2,100000000.0,100000000.0,7247,,1378538873.0556793,,0.10605431798664626,16.0,146200000.0,44242.0,146200000.0,STBA|2026-07-23 11:20:00+00:00,False,False,0.0490196078431373,-0.03519604252833941,0.026619293868234493
STC,0000094344,8-K,2026-07-22 20:30:31+00:00,2026-07-22 20:30:31+00:00,"2.02,9.01",0001104659-26-085825,tm2620702d2_8k.htm,0,,,3713,2921636000.0,2075810478.1310577,,0.4331802009254664,17.0,899200000.0,45756.0,899200000.0,STC|2026-07-22 20:30:00+00:00,False,False,0.0952602502857478,-0.025557586331754867,0.03654243860745574
STLD,0001022671,8-K,2026-07-21 13:42:18+00:00,2026-07-21 13:42:18+00:00,"2.02,9.01",0001104659-26-085277,tm2620920d1_8k.htm,0,,,4147,18176581000.0,22319159065.407593,,0.2733077882604625,11.0,6100000000.0,42395.0,6100000000.0,STLD|2026-07-21 13:42:00+00:00,False,False,0.11802816767203028,-0.007164255902028405,0.03202050961892467
STRL,0000874238,8-K,2026-07-08 13:07:06+00:00,2026-07-08 13:07:06+00:00,"1.01,2.03,7.01,9.01",0000874238-26-000093,strl-20260702.htm,7,1500000000.0,500000000.0,9361,2490049000.0,11530028506.796417,0.6023977841399908,0.13009508164839484,5.0,1500000000.0,4189.0,1500000000.0,STRL|2026-07-08 13:07:00+00:00,False,False,0.05416873566012237,-0.048513237183417046,0.05787091855138803
STXS,0001289340,8-K,2026-07-15 21:37:16+00:00,2026-07-15 21:37:16+00:00,"8.01,9.01",0001493152-26-033405,form8-k.htm,0,,,9907,32377000.0,264709012.3963337,,0.0944433276890812,2.0,25000000.0,16386.0,25000000.0,STXS|2026-07-15 21:37:00+00:00,False,False,0.14634147050620405,-0.10975606653535719,0.05741878420352232
STXS,0001289340,8-K,2026-07-09 12:13:39+00:00,2026-07-09 12:13:39+00:00,"3.02,7.01,8.01,9.01",0001493152-26-032598,form8-k.htm,2,25000000.0,22500000.0,11807,32377000.0,264709012.3963337,0.772153071624919,0.0944433276890812,0.0,,6859.0,25000000.0,STXS|2026-07-09 12:13:00+00:00,False,False,0.016666717440995127,-0.1888888462090187,0.062191930550463785
STWD,0001465128,8-K,2026-07-10 16:37:34+00:00,2026-07-10 16:37:34+00:00,"1.01,2.03,9.01",0001104659-26-082685,tm2618357d5_8k.htm,2,500000000.0,500000000.0,12310,1844289000.0,6652553733.315067,0.27110718547906537,0.07515910732085775,,,,500000000.0,STWD|2026-07-10 16:37:00+00:00,False,False,0.03475374797751307,-0.01239044561866054,0.0109307685595949
SXT,0000310142,8-K,2026-07-24 11:10:26+00:00,2026-07-24 11:10:26+00:00,"2.02,7.01,9.01",0001140361-26-029501,ef20078569_8k.htm,0,,,4708,1612111000.0,4111146716.1029053,,0.18581190425724495,18.0,763900000.0,51842.0,763900000.0,SXT|2026-07-24 11:10:00+00:00,False,False,0.08923524803015126,-0.03295930063758401,0.03779474454010433
SWKS,0000004127,8-K,2026-07-28 20:04:34+00:00,2026-07-28 20:04:34+00:00,"2.02,8.01,9.01",0000004127-26-000047,swks-20260727.htm,2,2000000000.0,2000000000.0,4808,4086900000.0,11687186387.244507,0.4893684699894786,0.1711275865492157,6.0,2000000000.0,40474.0,2000000000.0,SWKS|2026-07-28 20:04:00+00:00,False,False,0.060927155831263624,-0.048013269083054144,0.029378349074515014
SWKS,0000004127,8-K,2026-07-28 20:04:34+00:00,2026-07-28 20:04:34+00:00,"2.02,8.01,9.01",0000004127-26-000047,swks-20260727.htm,2,2000000000.0,2000000000.0,4808,4086900000.0,11687186387.244507,0.4893684699894786,0.1711275865492157,6.0,2000000000.0,40474.0,2000000000.0,SWKS|2026-07-28 20:04:00+00:00,False,False,0.060927155831263624,-0.048013269083054144,0.029378349074515014
TALO,0001724965,8-K,2026-07-13 21:15:07+00:00,2026-07-13 21:15:07+00:00,"1.01,2.03,8.01,9.01",0001193125-26-302134,d122284d8k.htm,2,800000000.0,487500000.0,14494,1780070000.0,1659251171.0,0.4494205284061863,0.48214520741778644,,,,800000000.0,TALO|2026-07-13 21:15:00+00:00,False,False,0.041029217516861616,-0.050764985403411234,0.03386028422352161
TARS,0001819790,8-K,2026-07-08 20:13:40+00:00,2026-07-08 20:13:40+00:00,"1.01,3.02,8.01,9.01",0001819790-26-000046,tars-20260706.htm,2,490000000.0,263750000.0,6074,451360000.0,2850296295.4100494,1.08560794044665,0.17191195202725673,,,,490000000.0,TARS|2026-07-08 20:13:00+00:00,False,False,0.017574578639266036,-0.19615157139464168,0.050036843512432295
TCBX,0001781730,8-K,2026-07-13 12:05:42+00:00,2026-07-13 12:05:42+00:00,"8.01,9.01",0001193125-26-301488,tcbx-20260713.htm,0,,,3550,,508012011.6004715,,0.05413257830924578,2.0,27500000.0,7007.0,27500000.0,TCBX|2026-07-13 12:05:00+00:00,False,False,0.10630315279293945,-0.008003994459433672,0.07775384166196675
TCBX,0001781730,8-K,2026-07-02 20:20:20+00:00,2026-07-02 20:20:20+00:00,"8.01,9.01",0001193125-26-294606,tcbx-20260702.htm,1,30000000.0,30000000.0,3547,,508012011.6004715,,0.05905372179190449,1.0,30000000.0,6360.0,30000000.0,TCBX|2026-07-02 20:20:00+00:00,False,False,0.06901649637965757,-0.04461428116603927,0.04732698451612845
TCBK,0000356171,8-K,2026-07-15 20:16:09+00:00,2026-07-15 20:16:09+00:00,"1.01,5.02,9.01",0001104659-26-083891,tm2620289d8_8k.htm,2,80000000.0,41250000.0,31228,53445000.0,1454735057.616211,1.4968659369445223,0.05499283156830723,,,,80000000.0,TCBK|2026-07-15 20:16:00+00:00,False,False,0.03332213367536996,-0.023107853983714066,0.04292842737569986
TCMD,0001027838,8-K,2026-07-13 13:23:16+00:00,2026-07-13 13:23:16+00:00,"7.01,8.01,9.01",0001104659-26-082947,tm2620304d1_8k.htm,1,3000000.0,3000000.0,8585,329522000.0,338394767.90302277,0.009104096236366616,0.008865385297150164,1.0,3000000.0,5584.0,3000000.0,TCMD|2026-07-13 13:23:00+00:00,False,False,0.02092476735721105,-0.09348628514586066,0.05533158535348984
THRM,0000903129,8-K,2026-07-23 10:10:23+00:00,2026-07-23 10:10:23+00:00,"2.01,7.01,8.01,9.01",0001193125-26-313204,thrm-20260723.htm,2,400000000.0,255050000.0,18027,1498602000.0,1041641693.9786911,0.26691543184915006,2.1120506338382086,12.0,2200000000.0,51281.0,2200000000.0,THRM|2026-07-23 10:10:00+00:00,True,False,0.2558441162109375,-0.01532467928799719,0.047893626533748075
THFF,0000714562,8-K,2026-07-28 13:01:57+00:00,2026-07-28 13:01:57+00:00,"2.02,9.01",0000714562-26-000050,thff-20260728x8k.htm,0,,,4144,,642186436.2756157,,6.92945186729253,25.0,4450000000.0,27904.0,4450000000.0,THFF|2026-07-28 13:01:00+00:00,False,False,0.020393994135032845,-0.007421194917285101,0.053259499835083914
THG,0000944695,8-K,2026-07-28 20:52:25+00:00,2026-07-28 20:52:25+00:00,"2.02,9.01",0000944695-26-000012,thg-20260728.htm,0,,,4311,6594400000.0,6218501261.881195,,1.8010770647671819,11.0,11200000000.0,169099.0,11200000000.0,THG|2026-07-28 20:52:00+00:00,False,False,0.037570593948904385,-0.01597244584775992,0.024216164550639727
TKR,0000098362,8-K,2026-07-06 20:15:33+00:00,2026-07-06 20:15:33+00:00,"1.01,2.03,9.01",0001206774-26-000349,tkr4658521-8k.htm,1,1200000000.0,1200000000.0,6874,4581800000.0,6013367039.583191,0.2619058012134969,0.19955542246148616,,,,1200000000.0,TKR|2026-07-06 20:15:00+00:00,False,False,-0.005304737509323032,-0.05957285829264092,0.018407727993762037
TH,0001712189,8-K,2026-07-27 20:15:52+00:00,2026-07-27 20:15:52+00:00,"1.01,2.03,8.01,9.01",0001104659-26-087099,tm2621294d1_8k.htm,6,850000000.0,82850000.0,11535,274828000.0,767298954.6393886,3.092843523949525,0.8601601709599404,5.0,660000000.0,8498.0,660000000.0,TH|2026-07-27 20:15:00+00:00,False,False,-0.003602848724429508,-0.11790283351113773,0.0380838588022034
TMO,0000097745,8-K,2026-07-23 10:04:03+00:00,2026-07-23 10:04:03+00:00,"2.02,9.01",0000097745-26-000138,tmo-20260723.htm,0,,,5221,44556000000.0,218188694514.636,,0.20624349992149305,4.0,45000000000.0,32177.0,45000000000.0,TMO|2026-07-23 10:04:00+00:00,False,False,0.016511222035567874,-0.03987914828232941,0.035445070025652524
TMQ,0001543418,8-K,2026-07-08 11:00:18+00:00,2026-07-08 11:00:18+00:00,"2.02,9.01",0001279569-26-000637,form8k.htm,0,,,3924,,708182167.6980257,,0.05478816294700126,14.0,38800000.0,19660.0,38800000.0,TMQ|2026-07-08 11:00:00+00:00,False,False,0.07619047691131842,-0.03809527629987697,0.04786506613046826
THC,0000070318,8-K,2026-07-23 20:07:58+00:00,2026-07-23 20:07:58+00:00,"2.02,9.01",0000070318-26-000032,thc-20260723.htm,0,,,3696,21310000000.0,17593335061.401367,,0.2745357820528699,10.0,4830000000.0,45202.0,4830000000.0,THC|2026-07-23 20:07:00+00:00,False,False,0.09236075744306183,-0.04617003571573153,0.029102103691695094
TOP,0001848275,8-K,2026-07-13 10:08:09+00:00,2026-07-13 10:08:09+00:00,"3.02,7.01,9.01",0001213900-26-077316,ea0297568-8k_top.htm,1,80000000.0,80000000.0,7544,4723765.0,45935149.35328364,16.935643496236583,1.7415857165223574,3.0,80000000.0,7011.0,80000000.0,TOP|2026-07-13 10:08:00+00:00,True,True,0.4187192881925135,-0.20689653349951387,0.2036271130990139
TOI,0001799191,8-K,2026-07-07 21:00:11+00:00,2026-07-07 21:00:11+00:00,"1.01,2.03,3.02,7.01,9.01",0001079973-26-000934,toi_8k.htm,3,700000000.0,86000000.0,10546,502729000.0,396460190.67845726,1.392400279275713,0.2169196353682555,5.0,86000000.0,5073.0,86000000.0,TOI|2026-07-07 21:00:00+00:00,False,False,0.15624992756380274,-0.043402776053106384,0.05676374590747553
TREX,0001069878,8-K,2026-07-14 14:00:14+00:00,2026-07-14 14:00:14+00:00,7.01,0001193125-26-302685,trex-20260714.htm,2,350000000.0,347500000.0,3029,1174267000.0,5467878156.789246,0.298058278057716,0.06401020468340521,,,,350000000.0,TREX|2026-07-14 14:00:00+00:00,False,False,0.010869565217391353,-0.06478259874426795,0.048513707947945246
TREX,0001069878,8-K,2026-07-13 20:07:16+00:00,2026-07-13 20:07:16+00:00,"8.01,9.01",0001193125-26-302012,trex-20260713.htm,0,,,5928,1174267000.0,5467878156.789246,,0.07644647302189536,4.0,418000000.0,18143.0,418000000.0,TREX|2026-07-13 20:07:00+00:00,False,False,-0.0008191872624896401,-0.11898425466771123,0.03187238356098554
TRAK,0000050471,8-K,2026-07-08 21:15:56+00:00,2026-07-08 21:15:56+00:00,"1.01,2.03,8.01,9.01",0001437749-26-023059,trak20260708_8k.htm,2,3300000.0,2935942.5,7672,22606066.0,239884805.26757336,0.1459785174474851,0.013756602867443395,,,,3300000.0,TRAK|2026-07-08 21:15:00+00:00,False,False,0.017777760823567634,-0.1366666687859429,0.10980956384024862
TRNR,0001785056,8-K,2026-07-24 20:30:38+00:00,2026-07-24 20:30:38+00:00,"1.01,2.03,3.02",0001193125-26-316159,trnr-20260721.htm,2,20000000.0,11000000.0,10626,11530000.0,270186858.90774536,1.7346053772766696,0.07402284508155503,,,,20000000.0,TRNR|2026-07-24 20:30:00+00:00,False,False,0.05628047674672265,-0.06962291987017999,0.36649326572599655
TRNR,0001785056,8-K,2026-07-09 21:15:45+00:00,2026-07-09 21:15:45+00:00,"1.01,8.01,9.01",0001193125-26-299839,trnr-20260707.htm,10,10500000.0,2500000.0,12663,11530000.0,270186858.90774536,0.9106678230702515,0.18505711270388756,8.0,50000000.0,12010.0,50000000.0,TRNR|2026-07-09 21:15:00+00:00,True,False,0.5765725483696496,-0.02822577931630399,0.3569743708171787
TRNR,0001785056,8-K,2026-07-07 20:30:06+00:00,2026-07-07 20:30:06+00:00,"1.01,3.02,9.01",0001193125-26-297535,trnr-20260630.htm,3,9034431.0,7968977.74,6612,11530000.0,270186858.90774536,0.7835586296617519,0.03343771431564991,,,,9034431.0,TRNR|2026-07-07 20:30:00+00:00,False,True,0.19568806508666836,-0.2752293885678947,0.3915263227568159
TRMK,0000036146,8-K,2026-07-28 20:40:22+00:00,2026-07-28 20:40:22+00:00,"2.02,9.01",0001193125-26-321132,trmk-20260728.htm,0,,,3352,,2290911491.40604,,6.067453959763813,37.0,13900000000.0,143530.0,13900000000.0,TRMK|2026-07-28 20:40:00+00:00,False,False,0.010172714385211945,-0.012821861282784397,0.0214899105117097
TRIN,0001786108,8-K,2026-07-14 20:30:15+00:00,2026-07-14 20:30:15+00:00,"3.01,7.01,9.01",0001193125-26-303247,trin-20260714.htm,0,,,5225,,1061040685.1290894,,5.372084294115942,1.0,5700000000.0,3210.0,5700000000.0,TRIN|2026-07-14 20:30:00+00:00,False,False,0.029448419344260346,-0.01194868539318783,0.014897700409241276
TRIN,0001786108,8-K,2026-07-09 20:30:15+00:00,2026-07-09 20:30:15+00:00,"7.01,9.01",0001193125-26-299742,trin-20260709.htm,0,,,4148,,1061040685.1290894,,1.0367180216714977,35.0,1100000000.0,5518.0,1100000000.0,TRIN|2026-07-09 20:30:00+00:00,False,False,0.018130294716168782,-0.014736510857352725,0.015179105665917713
TTC,0000737758,8-K,2026-07-22 21:22:08+00:00,2026-07-22 21:22:08+00:00,"5.02,7.01,9.01",0000737758-26-000025,ttc-20260721.htm,1,1000000.0,1000000.0,8782,4510400000.0,6887537355.5535965,0.00022170982617949626,0.0001451897751514443,,,,1000000.0,TTC|2026-07-22 21:22:00+00:00,False,False,0.028413303546462654,-0.03564965872728998,0.023866129400477366
TRST,0000357301,8-K,2026-07-21 20:00:34+00:00,2026-07-21 20:00:34+00:00,"2.02,9.01",0001140361-26-029118,ef20078312_8k.htm,0,,,3479,,709740705.8643646,,0.20007306728598004,8.0,142000000.0,93203.0,142000000.0,TRST|2026-07-21 20:00:00+00:00,False,False,0.06280404920237492,-0.04703551146880547,0.051233020696341704
TSCO,0000916365,8-K,2026-07-23 11:03:12+00:00,2026-07-23 11:03:12+00:00,"2.02,9.01",0000916365-26-000052,tsco-20260723.htm,0,,,3531,15524046000.0,29825679284.40634,,0.15221782400019412,10.0,4540000000.0,25666.0,4540000000.0,TSCO|2026-07-23 11:03:00+00:00,False,False,0.07213773203366847,-0.04169425074490418,0.020550626590533957
TRV,0000086312,8-K,2026-07-24 21:07:46+00:00,2026-07-24 21:07:46+00:00,"8.01,9.01",0001193125-26-316247,d659242d8k.htm,1,750000000.0,750000000.0,5043,48828000000.0,64701774190.43158,0.015360039321700663,0.011591645041951782,,,,750000000.0,TRV|2026-07-24 21:07:00+00:00,False,False,0.024922898005703686,-0.049614364506346376,0.014204241982549196
TXT,0000217346,8-K,2026-07-28 10:34:22+00:00,2026-07-28 10:34:22+00:00,"2.02,9.01",0000217346-26-000034,txt-20260728.htm,0,,,3555,14799000000.0,15361451336.204102,,0.5207841254651167,31.0,8000000000.0,31794.0,8000000000.0,TXT|2026-07-28 10:34:00+00:00,False,False,0.005052713970197242,-0.06711336279555624,0.01828916834982026
TVRD,0001346830,8-K,2026-07-17 20:07:52+00:00,2026-07-17 20:07:52+00:00,"8.01,9.01",0001104659-26-084627,tm2620743d1_8k.htm,3,62208945.0,12500000.0,6304,7137000.0,36947086.55658102,8.71639974779319,1.683730729478028,,,,62208945.0,TVRD|2026-07-17 20:07:00+00:00,False,True,-0.00022146895621510954,-0.2818046883680597,0.1651019837612778
TWIN,0000100378,8-K,2026-07-06 20:31:22+00:00,2026-07-06 20:31:22+00:00,"1.01,2.03,9.01",0001437749-26-022794,twin20260702_8k.htm,4,60000000.0,17500000.0,10818,340738000.0,234560672.82112885,0.17608837288473841,0.2557973563017308,,,,60000000.0,TWIN|2026-07-06 20:31:00+00:00,False,False,0.05815478246176742,-0.07958030325257559,0.1340299640995598
TXNM,0001108426,8-K,2026-07-21 20:20:34+00:00,2026-07-21 20:20:34+00:00,"1.01,2.03,9.01",0001108426-26-000044,pnm-20260721.htm,1,195000000.0,195000000.0,5453,2136924000.0,6007655415.914883,0.09125266036602143,0.032458586004021704,,,,195000000.0,TXNM|2026-07-21 20:20:00+00:00,False,False,0.008179052395711928,-0.0033577217780883517,0.008742267434334084
TXNM,0001108426,8-K,2026-07-17 21:45:04+00:00,2026-07-17 21:45:04+00:00,"1.01,2.03,7.01",0001108426-26-000042,pnm-20260717.htm,6,400000000.0,375000000.0,15459,2136924000.0,6007655415.914883,0.1871849443405568,0.06658171488004452,1.0,400000000.0,8638.0,400000000.0,TXNM|2026-07-17 21:45:00+00:00,False,False,0.017729888395734417,0.00034765267144187817,0.008708391117536986
TZOO,0001133311,8-K,2026-07-28 18:23:40+00:00,2026-07-28 18:23:40+00:00,"2.02,7.01,9.01",0001133311-26-000015,tzoo-20260728.htm,0,,,4656,91719000.0,84772846.77610731,,0.2819298974720295,11.0,23900000.0,18351.0,23900000.0,TZOO|2026-07-28 18:23:00+00:00,False,False,0.03306878331907548,-0.06415345729964217,0.18514594079780824
UCB,0000857855,8-K,2026-07-21 11:35:58+00:00,2026-07-21 11:35:58+00:00,"2.02,7.01,9.01",0001104659-26-085229,tm2620881d1_8k.htm,0,,,5208,1063152000.0,3550698410.193405,,0.5351059933858218,26.0,1900000000.0,123987.0,1900000000.0,UCB|2026-07-21 11:35:00+00:00,False,True,-0.0027920837066993665,-0.24584668335412607,0.014501836252693773
UAL,0000100517,8-K,2026-07-15 20:00:02+00:00,2026-07-15 20:00:02+00:00,"2.02,7.01,9.01",0000100517-26-000135,ual-20260715.htm,0,,,6094,59070000000.0,36200381831.18301,,0.7320364775040273,11.0,26500000000.0,73654.0,26500000000.0,UAL|2026-07-15 20:00:00+00:00,False,False,0.03772945640628933,-0.030931333958267748,0.031973118755965785
U,0001810806,8-K,2026-07-27 20:54:39+00:00,2026-07-27 20:54:39+00:00,5.02,0001810806-26-000037,unity-20260727.htm,1,1200000.0,1200000.0,4456,1849648000.0,15755692430.34668,0.000648772090689688,7.616294906142668e-05,,,,1200000.0,U|2026-07-27 20:54:00+00:00,False,False,0.09102811709096748,-0.026522637492102707,0.03530401971445433
UCTT,0001275014,8-K,2026-07-08 20:09:13+00:00,2026-07-08 20:09:13+00:00,"5.02,9.01",0001628280-26-047655,uctt-20260702.htm,1,2000000.0,2000000.0,6999,2054000000.0,1354877725.7858276,0.0009737098344693282,0.0014761479666661448,,,,2000000.0,UCTT|2026-07-08 20:09:00+00:00,False,True,-0.017791032327265532,-0.20304364136303665,0.08847891078250258
UBSI,0000729986,8-K,2026-07-23 12:00:07+00:00,2026-07-23 12:00:07+00:00,"2.02,9.01",0001193125-26-313364,d139267d8k.htm,0,,,3571,,5069554348.221909,,0.22881695713684527,27.0,1160000000.0,113161.0,1160000000.0,UBSI|2026-07-23 12:00:00+00:00,False,False,0.05256408385845868,-0.01207262042563384,0.02180720393798264
UDR,0000074208,8-K,2026-07-27 20:19:30+00:00,2026-07-27 20:19:30+00:00,"2.02,9.01",0000074208-26-000070,udr-20260727x8k.htm,0,,,4538,11361000.0,12008022866.715263,,0.7494989058479289,17.0,9000000000.0,147327.0,9000000000.0,UDR|2026-07-27 20:19:00+00:00,False,False,0.017144271687646206,-0.026356257567410224,0.010907610777430457
UHT,0000798783,8-K,2026-07-27 20:25:15+00:00,2026-07-27 20:25:15+00:00,"2.02,9.01",0001193125-26-318144,uht-20260727.htm,0,,,3322,99190000.0,505157071.18297577,,0.9403015954773156,8.0,475000000.0,25822.0,475000000.0,UHT|2026-07-27 20:25:00+00:00,False,False,0.01951817899311048,-0.034066530087519364,0.05312016987066543
UMH,0000752642,8-K,2026-07-06 20:05:39+00:00,2026-07-06 20:05:39+00:00,"7.01,9.01",0001493152-26-032153,form8-k.htm,0,,,4382,261754000.0,1207690104.058484,,0.28152917611680206,4.0,340000000.0,5975.0,340000000.0,UMH|2026-07-06 20:05:00+00:00,False,False,0.0386598172533934,-0.0241623704213495,0.013112188361239504
UMBF,0000101382,8-K,2026-07-28 20:05:28+00:00,2026-07-28 20:05:28+00:00,"2.02,8.01,9.01",0001193125-26-320980,umbf-20260728.htm,0,,,5746,,8623171897.178535,,4.487907751515713,50.0,38700000000.0,143215.0,38700000000.0,UMBF|2026-07-28 20:05:00+00:00,False,False,0.025013588163718792,-0.014147124252338106,0.02015743752607557
UNFI,0001020859,8-K,2026-07-09 11:01:43+00:00,2026-07-09 11:01:43+00:00,"5.02,7.01,9.01",0001020859-26-000020,unfi-20260707.htm,3,2625000.0,2000000.0,10412,31784000000.0,2050051107.5258904,8.258872388623206e-05,0.0012804558824721147,,,,2625000.0,UNFI|2026-07-09 11:01:00+00:00,False,False,0.10649646864813711,0.0004346980763594299,0.03567052377047183
UNTY,0000920427,8-K,2026-07-14 10:00:30+00:00,2026-07-14 10:00:30+00:00,"2.02,9.01",0001193125-26-302425,unty-20260714.htm,0,,,3051,,460415740.57632446,,6.9502402241817505,13.0,3200000000.0,103174.0,3200000000.0,UNTY|2026-07-14 10:00:00+00:00,False,False,0.05782068563449405,-0.04102636404922122,0.07544797739101164
UNM,0000005513,8-K,2026-07-06 10:55:28+00:00,2026-07-06 10:55:28+00:00,"1.01,7.01,9.01",0000005513-26-000069,unm-20260702.htm,0,,,14882,13075500000.0,12957431611.052856,,0.2932679958548692,2.0,3800000000.0,19385.0,3800000000.0,UNM|2026-07-06 10:55:00+00:00,False,False,-0.005326642843227147,-0.07044239458658819,0.0166215496293101
UPBD,0000933036,8-K,2026-07-21 21:42:34+00:00,2026-07-21 21:42:34+00:00,8.01,0001193125-26-310605,upbd-20260721.htm,1,13000000.0,13000000.0,5872,4695061000.0,1302072233.1587467,0.0027688671137606094,0.009984085113667468,,,,13000000.0,UPBD|2026-07-21 21:42:00+00:00,False,False,0.00771675310918174,-0.12256017606827319,0.036916677081383
USAR,0001970622,8-K,2026-07-20 13:00:39+00:00,2026-07-20 13:00:39+00:00,"5.02,7.01,9.01",0001213900-26-079438,ea0298490-8k_usarare.htm,6,6500000.0,4000000.0,27372,1643000.0,1894956916.4809685,3.956177723676202,0.0034301571415517092,0.0,,45892.0,6500000.0,USAR|2026-07-20 13:00:00+00:00,False,False,0.036546999468358043,-0.06647765045895049,0.10154516263006123
USAR,0001970622,8-K,2026-07-16 21:00:39+00:00,2026-07-16 21:00:39+00:00,"1.01,8.01,9.01",0001213900-26-078760,ea0296752-8k_usarare.htm,0,,,17407,1643000.0,1894956916.4809685,,1.6359210982785075,27.0,3100000000.0,91368.0,3100000000.0,USAR|2026-07-16 21:00:00+00:00,False,False,0.048265581588860185,-0.041354727161671545,0.09867796576151955
URI,0001067701,8-K,2026-07-22 20:23:15+00:00,2026-07-22 20:23:15+00:00,"2.02,7.01,9.01",0001067701-26-000028,uri-20260722.htm,0,,,6354,3695000000.0,63078203497.97388,,0.2821893936876587,48.0,17800000000.0,50299.0,17800000000.0,URI|2026-07-22 20:23:00+00:00,False,False,0.05836102613969807,-0.04493453117793855,0.025847113551282302
USPH,0000885978,8-K,2026-07-06 20:22:02+00:00,2026-07-06 20:22:02+00:00,"8.01,9.01",0000885978-26-000039,form8-k.htm,1,12000000.0,12000000.0,4377,780990000.0,1179231432.5205688,0.015365113509776053,0.010176119520788545,1.0,12000000.0,2662.0,12000000.0,USPH|2026-07-06 20:22:00+00:00,False,False,0.025026700838294058,-0.08899894830350119,0.0709575312834351
UTMD,0000706698,8-K,2026-07-23 19:13:28+00:00,2026-07-23 19:13:28+00:00,"2.02,9.01",0001096906-26-001112,utmd-20260723_8k.htm,0,,,4250,38520000.0,184008505.0915451,,0.47552149807677824,5.0,87500000.0,33766.0,87500000.0,UTMD|2026-07-23 19:13:00+00:00,False,False,0.1395270768986192,-0.007596866104954025,0.16858373956487835
VAC,0001524358,8-K,2026-07-21 12:00:10+00:00,2026-07-21 12:00:10+00:00,"5.02,9.01",0001524358-26-000029,vac-20260721.htm,1,1425000.0,1425000.0,4482,4672000000.0,2302450315.139534,0.0003050085616438356,0.000618905863301394,,,,1425000.0,VAC|2026-07-21 12:00:00+00:00,False,False,0.07212243849123245,-0.058644009681620535,0.039277171167598886
UTL,0000755001,8-K,2026-07-07 20:30:16+00:00,2026-07-07 20:30:16+00:00,"1.01,2.03,7.01,8.01,9.01",0000755001-26-000026,utl-20260630.htm,8,86000000.0,42400000.0,22960,536000000.0,796200236.4280434,0.16044776119402984,0.0700828729344932,4.0,55800000.0,6527.0,55800000.0,UTL|2026-07-07 20:30:00+00:00,False,False,0.0850861820128892,-0.012980886248793566,0.04012556549803726
VC,0001111335,8-K,2026-07-23 11:03:31+00:00,2026-07-23 11:03:31+00:00,"1.01,2.02,7.01,9.01",0001111335-26-000045,vc-20260723.htm,1,800000000.0,800000000.0,6689,3768000000.0,3163782502.3414536,0.21231422505307856,0.2528618827014612,,,,800000000.0,VC|2026-07-23 11:03:00+00:00,False,False,0.0979411019667269,-0.040769336511145116,0.043826741381043845
VANI,0001266806,8-K,2026-07-07 11:46:22+00:00,2026-07-07 11:46:22+00:00,"1.01,8.01,9.01",0001753926-26-001144,vani-20260701.htm,2,15000000.0,12500000.0,21189,0.0,89458292.96500611,inf,0.16767590239920666,0.0,,6053.0,15000000.0,VANI|2026-07-07 11:46:00+00:00,True,False,0.24864654885980797,-0.05263161668675442,0.1361255407410035
UUUU,0001385849,8-K,2026-07-28 20:49:28+00:00,2026-07-28 20:49:28+00:00,"7.01,8.01,9.01",0001062993-26-003884,form8k.htm,1,725000000.0,725000000.0,5632,65922000.0,5033326531.263603,10.997845939140197,0.14403992975555882,,,,725000000.0,UUUU|2026-07-28 20:49:00+00:00,False,False,0.006116264776327762,-0.06596768323046376,0.04230949028886421
UVE,0000891166,8-K,2026-07-23 20:15:24+00:00,2026-07-23 20:15:24+00:00,"2.02,9.01",0000891166-26-000085,uve-20260723.htm,0,,,3557,1603915000.0,907609762.2946548,,0.6845453032911466,9.0,621300000.0,28593.0,621300000.0,UVE|2026-07-23 20:15:00+00:00,False,False,0.13413715067517074,-0.008540571234845529,0.057218278901970114
VABK,0001572334,8-K,2026-07-23 20:30:15+00:00,2026-07-23 20:30:15+00:00,"2.02,8.01,9.01",0001193125-26-314197,vabk-20260722.htm,0,,,4010,,210287181.0,,6.65756226005997,13.0,1400000000.0,52379.0,1400000000.0,VABK|2026-07-23 20:30:00+00:00,False,False,0.07286995765001647,-0.0024662959510665106,0.19742778422846569
VELO,0001825079,8-K,2026-07-14 20:03:09+00:00,2026-07-14 20:03:09+00:00,"1.01,9.01",0001193125-26-303150,velo-20260713.htm,2,10000000.0,7500000.0,5299,45973000.0,287333238.4935837,0.21751897853087682,0.03480279571005255,,,,10000000.0,VELO|2026-07-14 20:03:00+00:00,False,True,0.029879722316096924,-0.2417539554353958,0.07010633814085343
VENU,0001770501,8-K,2026-07-23 10:02:21+00:00,2026-07-23 10:02:21+00:00,"1.01,2.03,8.01,9.01",0001493152-26-034288,form8-k.htm,1,20000000.0,20000000.0,16293,17897046.0,489781441.27248573,1.1175028549404187,0.040834540296256695,1.0,20000000.0,6686.0,20000000.0,VENU|2026-07-23 10:02:00+00:00,False,False,0.06122443021609958,-0.15510208450819352,0.08637674351089852
VEEE,0001855509,8-K,2026-07-13 13:26:20+00:00,2026-07-13 13:26:20+00:00,"1.01,5.02,7.01,9.01",0001731122-26-000931,e7774_8k.htm,2,1500000.0,1500000.0,22532,14819130.0,197844351.25276947,0.1012205169939126,0.0075817176002340005,0.0,,61276.0,1500000.0,VEEE|2026-07-13 13:26:00+00:00,True,True,2.6007380242613336,-0.25756455512853316,0.39421961989898774
VIVK,0001450704,8-K,2026-07-27 21:26:53+00:00,2026-07-27 21:26:53+00:00,"3.02,7.01,9.01",0001829126-26-007892,vivakorinc_8k.htm,5,5940000.0,4400000.0,10486,104418809.0,30195310527.922485,0.05688630292651586,0.03311772531947538,1.0,1000000000.0,14550.0,1000000000.0,VIVK|2026-07-27 21:26:00+00:00,True,False,0.4040403760655684,-0.08080806317177147,0.2781863283441206
VIVK,0001450704,8-K,2026-07-21 21:28:53+00:00,2026-07-21 21:28:53+00:00,"1.01,3.02,7.01,9.01",0001829126-26-007719,vivakorinc_8k.htm,10,100000000.0,6000000.0,13135,104418809.0,30195310527.922485,0.9576818674497618,0.023480467251508045,2.0,709000000.0,7829.0,709000000.0,VIVK|2026-07-21 21:28:00+00:00,True,True,0.8755981996544642,-0.30622004438692485,1.9072729959717
VIVK,0001450704,8-K,2026-07-21 21:28:53+00:00,2026-07-21 21:28:53+00:00,"1.01,3.02,7.01,9.01",0001829126-26-007719,vivakorinc_8k.htm,10,100000000.0,6000000.0,13135,104418809.0,30195310527.922485,0.9576818674497618,0.023480467251508045,2.0,709000000.0,7829.0,709000000.0,VIVK|2026-07-21 21:28:00+00:00,True,True,0.8755981996544642,-0.30622004438692485,1.9072729959717
VMI,0000102729,8-K,2026-07-21 11:10:09+00:00,2026-07-21 11:10:09+00:00,"2.02,9.01",0001104659-26-085223,vmi-20260721x8k.htm,0,,,3913,4104102000.0,8118442341.251587,,0.1379574988552957,7.0,1120000000.0,51891.0,1120000000.0,VMI|2026-07-21 11:10:00+00:00,False,False,-0.01925528249274333,-0.13205327604639494,0.04160576175819084
VICR,0000751978,8-K,2026-07-21 11:20:05+00:00,2026-07-21 11:20:05+00:00,"2.02,9.01",0001193125-26-309538,d115827d8k.htm,0,,,3897,407701000.0,290023701.75,,1.3936791978071497,9.0,404200000.0,16252.0,404200000.0,VICR|2026-07-21 11:20:00+00:00,False,False,0.03754914601469039,-0.12532577518721455,0.1123306134341472
VOYA,0001535929,8-K,2026-07-08 21:15:26+00:00,2026-07-08 21:15:26+00:00,7.01,0001535929-26-000138,voya-20260708.htm,2,19000000.0,14000000.0,6713,2255000000.0,7063567354.850616,0.008425720620842573,0.0026898589686346697,,,,19000000.0,VOYA|2026-07-08 21:15:00+00:00,False,False,0.07840078071758128,-0.0033229458430258374,0.020406975951817792
VISN,0001517228,8-K,2026-07-08 21:08:32+00:00,2026-07-08 21:08:32+00:00,"2.01,9.01",0001193125-26-298682,visn-20260701.htm,0,,,4776,1931600000.0,3464662133.534816,,0.5328080859984525,1.0,1846000000.0,26536.0,1846000000.0,VISN|2026-07-08 21:08:00+00:00,False,False,0.00833329675058958,-0.053571442087220644,0.02443464731429443
VST,0001692819,8-K,2026-07-16 13:02:23+00:00,2026-07-16 13:02:23+00:00,"1.01,2.03,9.01",0001140361-26-028619,ef20077984_8k.htm,2,1250000000.0,1175000000.0,6271,17586000000.0,64277605940.834656,0.07107926759922666,0.01944689727788839,,,,1250000000.0,VST|2026-07-16 13:02:00+00:00,False,False,0.002972809630351181,-0.06299814250067703,0.041346284515477984
VWAV,0002038439,8-K,2026-07-21 10:09:00+00:00,2026-07-21 10:09:00+00:00,"1.01,2.03,3.02,9.01",0001731122-26-000960,e7792_8-k.htm,8,15000000.0,5500000.0,15809,,134465324.50361443,,0.11155292307048871,,,,15000000.0,VWAV|2026-07-21 10:09:00+00:00,False,True,0.0038860376455533974,-0.4119170874044388,0.10262580884747705
WCN,0001318220,8-K,2026-07-28 12:40:03+00:00,2026-07-28 12:40:03+00:00,"1.01,7.01,9.01",0001104659-26-087330,tm2621340d6_8k.htm,2,400000000.0,350000000.0,9500,9466915000.0,44896283045.22435,0.04225241274480652,0.01559149115517837,4.0,700000000.0,13115.0,700000000.0,WCN|2026-07-28 12:40:00+00:00,False,False,0.019866740146138095,-0.03377351174424792,0.01757334652939843
WCN,0001318220,8-K,2026-07-22 20:09:41+00:00,2026-07-22 20:09:41+00:00,"2.02,7.01,9.01",0001104659-26-085802,wcn-20260722x8k.htm,0,,,6019,9466915000.0,44896283045.22435,,0.22384926587077514,30.0,10050000000.0,42925.0,10050000000.0,WCN|2026-07-22 20:09:00+00:00,False,False,0.023004938994806157,-0.022565460126951598,0.01477072490352439
WERN,0000793074,8-K,2026-07-28 20:08:39+00:00,2026-07-28 20:08:39+00:00,"2.02,9.01",0000793074-26-000129,wern-20260728.htm,0,,,5310,2899510000.0,1608837187.6124725,,1.8647008057117478,54.0,3000000000.0,46745.0,3000000000.0,WERN|2026-07-28 20:08:00+00:00,False,False,-0.0009312185250676119,-0.04908866438600168,0.02938094948322055
WFRD,0001603923,8-K,2026-07-21 20:30:11+00:00,2026-07-21 20:30:11+00:00,"2.02,9.01",0001603923-26-000082,wfrd-20260721.htm,0,,,4551,4918000000.0,4527760088.370789,,0.24405003322462016,37.0,1105000000.0,42612.0,1105000000.0,WFRD|2026-07-21 20:30:00+00:00,False,False,0.01866667005750866,-0.07744445800781252,0.029355346907423644
WINA,0000908315,8-K,2026-07-15 15:29:55+00:00,2026-07-15 15:29:55+00:00,"2.02,7.01,8.01,9.01",0000908315-26-000027,wina-20260715x8k.htm,0,,,4977,86055700.0,1477932757.0,,0.026645190597125386,4.0,39379800.0,13551.0,39379800.0,WINA|2026-07-15 15:29:00+00:00,False,False,0.09408441820573454,-0.10766882432340708,0.11372407297296945
WLFC,0001018164,8-K,2026-07-14 21:19:23+00:00,2026-07-14 21:19:23+00:00,"1.01,7.01,9.01",0001018164-26-000058,wlfc-20260710.htm,3,379300000.0,10000000.0,15473,730241000.0,887363650.5349121,0.5194175621472911,0.4274459515795514,,,,379300000.0,WLFC|2026-07-14 21:19:00+00:00,False,True,0.011468961225221452,-0.7093234250897061,0.06845181707192471
WNC,0000879526,8-K,2026-07-20 20:30:28+00:00,2026-07-20 20:30:28+00:00,"1.01,2.03,3.02,8.01,9.01",0001193125-26-308984,d156940d8k.htm,0,,,11094,1542754000.0,364350169.08330727,,0.3567996148514919,1.0,130000000.0,9315.0,130000000.0,WNC|2026-07-20 20:30:00+00:00,False,False,0.0401486966179021,-0.046096646420172416,0.07554680721834033
WNC,0000879526,8-K,2026-07-14 20:04:36+00:00,2026-07-14 20:04:36+00:00,"1.01,2.02,7.01,8.01,9.01",0001193125-26-303153,d32775d8k.htm,0,,,11654,1542754000.0,364350169.08330727,,0.27446124219345536,1.0,100000000.0,24740.0,100000000.0,WNC|2026-07-14 20:04:00+00:00,False,False,0.15899586632055596,-0.037656888405658395,0.04594429884043459
WNEB,0001157647,8-K,2026-07-28 20:33:39+00:00,2026-07-28 20:33:39+00:00,"2.02,7.01,9.01",0001999371-26-016255,wneb-8k_072826.htm,0,,,5021,,232993651.0748806,,0.46610712137000515,41.0,108600000.0,117912.0,108600000.0,WNEB|2026-07-28 20:33:00+00:00,False,False,0.02547309951237664,-0.07132456758087524,0.14821640189671245
WRB,0000011544,8-K,2026-07-20 20:13:03+00:00,2026-07-20 20:13:03+00:00,"2.02,9.01",0000011544-26-000033,wrb-20260720.htm,0,,,4794,14707856000.0,28545574906.23678,,0.143629967638319,16.0,4099999999.9999995,25962.0,4099999999.9999995,WRB|2026-07-20 20:13:00+00:00,False,False,0.05579453813733504,-0.0048578221886290684,0.024642391631344546
WRAP,0001702924,8-K,2026-07-13 21:09:50+00:00,2026-07-13 21:09:50+00:00,"1.01,8.01,9.01",0001493152-26-033073,form8-k.htm,4,18500000.0,2750000.0,15209,4672000.0,113838364.00466394,3.9597602739726026,0.16251111970690352,0.0,,15957.0,18500000.0,WRAP|2026-07-13 21:09:00+00:00,False,False,0.1208531408146527,-0.12796202613316343,0.13902509476001748
WPC,0001025378,8-K,2026-07-02 20:15:30+00:00,2026-07-02 20:15:30+00:00,"1.01,9.01",0001104659-26-080334,tm2619605d1_8k.htm,4,2000000000.0,350000000.0,7477,1716485000.0,14869513134.954285,1.1651718482829736,0.1345033950908944,,,,2000000000.0,WPC|2026-07-02 20:15:00+00:00,False,False,0.017297085037009774,-0.011250218603448547,0.012833099276450903
WS,0001968487,8-K/A,2026-07-10 20:30:15+00:00,2026-07-10 20:30:15+00:00,"2.02,9.01",0001968487-26-000020,ws-20260710.htm,0,,,5668,3093300000.0,1759840379.0444374,,0.0978497834522365,17.0,172200000.0,73071.0,172200000.0,WS|2026-07-10 20:30:00+00:00,False,False,0.13517555585184282,-0.02255406386356207,0.057850631584287285
WSBC,0000203596,8-K,2026-07-21 20:24:18+00:00,2026-07-21 20:24:18+00:00,"2.02,9.01",0001193125-26-310361,wsbc-20260721.htm,0,,,4767,,2873935351.884096,,0.10128968273735194,21.0,291100000.0,132682.0,291100000.0,WSBC|2026-07-21 20:24:00+00:00,False,False,0.0312728749023492,-0.05204009411761201,0.02825824511208644
WYNN,0001174922,8-K,2026-07-22 20:41:47+00:00,2026-07-22 20:41:47+00:00,"1.01,7.01,9.01",0001174922-26-000047,wynn-20260721.htm,2,80800000.0,41000000.0,6794,7137924000.0,12565563612.694405,0.011319817919047612,0.006430272647569228,,,,80800000.0,WYNN|2026-07-22 20:41:00+00:00,False,False,0.08458562627368127,0.005796406879623683,0.02096494575984688
XMAX,0001473334,8-K,2026-07-23 20:30:42+00:00,2026-07-23 20:30:42+00:00,"1.01,2.01,9.01",0001493152-26-034412,form8-k.htm,2,8320000.0,8160000.0,4990,16722703.0,79460527.67733288,0.4975272239182864,0.10470607537097171,,,,8320000.0,XMAX|2026-07-23 20:30:00+00:00,False,False,0.004711420839974778,-0.02237922090759692,0.02609829789026954
XMAX,0001473334,8-K,2026-07-10 20:30:33+00:00,2026-07-10 20:30:33+00:00,"1.01,2.01,9.01",0001493152-26-032855,form8-k.htm,1,8770000.0,8770000.0,4428,16722703.0,79460527.67733288,0.5244367492504053,0.11036926454368051,,,,8770000.0,XMAX|2026-07-10 20:30:00+00:00,False,False,0.01748247317763174,-0.036130474207333285,0.03091136922359719
XERS,0001867096,8-K,2026-07-17 20:20:39+00:00,2026-07-17 20:20:39+00:00,"3.02,8.01",0001867096-26-000055,xers-20260715.htm,3,23000000.0,23000000.0,5274,291845000.0,1553441112.0600386,0.0788089568092652,0.014805839642997087,,,,23000000.0,XERS|2026-07-17 20:20:00+00:00,False,False,0.0022521963774337905,-0.08305182221062346,0.03003311436480826
XRN,0001533615,8-K,2026-07-02 21:26:58+00:00,2026-07-02 21:26:58+00:00,"1.01,2.01,9.01",0001104659-26-080436,tm2619294d1_8k.htm,2,217000000.0,217000000.0,7290,148208000.0,2053177000.6244202,1.4641584799740905,0.1056898649916715,1.0,217000000.0,22421.0,217000000.0,XRN|2026-07-02 21:26:00+00:00,False,False,0.008661465728898587,-0.06115480602814305,0.07086623553559396
XYL,0001524472,8-K,2026-07-28 11:06:22+00:00,2026-07-28 11:06:22+00:00,"2.02,9.01",0001524472-26-000108,xyl-20260728.htm,0,,,3084,9035000000.0,35949177414.98193,,0.2559168432089317,25.0,9200000000.0,33225.0,9200000000.0,XYL|2026-07-28 11:06:00+00:00,False,False,0.025897594133927893,-0.06171838713056832,0.016343052116534303
YYAI,0001674440,8-K,2026-07-27 12:10:32+00:00,2026-07-27 12:10:32+00:00,"1.01,2.01,7.01,9.01",0001493152-26-034704,form8-k.htm,7,50000000.0,30000000.0,9015,12818182.0,658248469.9107018,3.9007091645289482,0.15191831743044695,8.0,100000000.0,6775.0,100000000.0,YYAI|2026-07-27 12:10:00+00:00,False,True,-0.09981515288051956,-0.9741219954630838,0.5881119495759373
ZSQR,0001759186,8-K,2026-07-22 21:30:42+00:00,2026-07-22 21:30:42+00:00,"1.02,7.01,9.01",0001185185-26-003094,zsqr8k072126.htm,1,50000000.0,50000000.0,5878,1363045.0,485770284.1967211,36.6825746765514,0.10292930964824443,1.0,50000000.0,9394.0,50000000.0,ZSQR|2026-07-22 21:30:00+00:00,False,False,0.08910886975623145,-0.1386139128047107,0.1930701709057052
ZWS,0001439288,8-K,2026-07-28 20:07:42+00:00,2026-07-28 20:07:42+00:00,"2.02,9.01",0001628280-26-050151,zws-20260728.htm,0,,,3918,1695900000.0,7784489786.421089,,0.012846057062652386,4.0,100000000.0,33792.0,100000000.0,ZWS|2026-07-28 20:07:00+00:00,False,False,0.010360965588257054,-0.09029118749942622,0.020608036643872386
ZWS,0001439288,8-K,2026-07-20 11:19:39+00:00,2026-07-20 11:19:39+00:00,"2.02,8.01,9.01",0001628280-26-048756,zws-20260720.htm,0,,,5114,1695900000.0,7784489786.421089,,0.004753041113181383,1.0,37000000.0,4779.0,37000000.0,ZWS|2026-07-20 11:19:00+00:00,False,False,0.007697044142122245,-0.036432706925397906,0.021951049342086255
