source,ticker,date,open,d0,pk_d0,d1,pk_d1,d5,pk_d5,d10,pk_d10
fda_510k,ABT,2026-07-02,95.0,0.006631550035978595,0.009684191252055996,0.008842066714638053,0.03305262515419405,-0.03042104620682562,0.03305262515419405,0.07010530170641438,0.0785263061523438
trial_update,ABEO,2026-07-14,7.090000152587891,0.028208717201809286,0.036671332362352205,-0.00987308464807668,0.03808180184988608,-0.09449930350839153,0.03808180184988608,-0.12129761847755383,0.03808180184988608
trial_update,ACAD,2026-07-24,25.219999313354492,0.006740685207073938,0.022204654581195138,0.031324382911819715,0.03409994582736475,0.04440923353397297,0.05233947811703099,0.04440923353397297,0.05233947811703099
trial_update,AKBA,2026-07-09,1.4299999475479126,-0.020979001741372683,0.006293750540297349,-0.03496500290228777,0.006293750540297349,-0.06293700522411805,0.006293750540297349,-0.1468530955527514,0.006293750540297349
fda_pma,A,2026-07-01,134.11000061035156,-0.02550144026083412,0.002758892815625913,-0.026172503846555117,0.002758892815625913,0.001342127171441998,0.016628109144657843,-0.019759852989515436,0.020878406077210032
fda_510k,ALGN,2026-07-02,183.72000122070312,0.025419105910712725,0.026562186209383665,0.00816459824751492,0.039462224862989004,-0.017036821587282813,0.039462224862989004,-0.04719136790408596,0.039462224862989004
trial_results,ALGS,2026-07-09,6.840000152587891,-0.03216378101184281,0.0014619520207019843,-0.0701754398195269,0.0014619520207019843,-0.16081876563314768,0.0014619520207019843,-0.40350879639053794,0.0014619520207019843
trial_update,ALGS,2026-07-09,6.840000152587891,-0.03216378101184281,0.0014619520207019843,-0.0701754398195269,0.0014619520207019843,-0.16081876563314768,0.0014619520207019843,-0.40350879639053794,0.0014619520207019843
trial_update,ACOG,2026-07-20,8.430000305175781,-0.06405698922200997,0.001186153599707529,-0.06287072249368064,0.02609718925151383,-0.0023725334566586653,0.09964414260722565,0.043890850790587965,0.09964414260722565
fda_drug,AMRX,2026-07-09,16.90999984741211,0.00591368316807106,0.014488518122067973,0.015966910715554672,0.02572439206786603,0.0555884413092691,0.08752214994625351,0.05972798568868143,0.08752214994625351
trial_update,AQST,2026-07-15,3.9200000762939453,0.005102035851341613,0.04081628681073313,0.05102035851341635,0.06122443021609958,-0.03826532970612717,0.06632646606744141,-0.08163269526359607,0.06632646606744141
fda_pma,AORT,2026-07-15,24.450000762939453,0.05235168668121504,0.06584861565498668,0.02494882143020405,0.06584861565498668,0.02249485561956366,0.06584861565498668,0.12678929968869257,0.1464212602043149
fda_pma,ALC,2026-07-02,68.63999938964844,-0.0045162814882032665,0.002913708479320709,-0.025786664609634857,0.005244764183460315,0.005244764183460315,0.007138663579933313,0.020396292807806082,0.04152095716001569
fda_pma,ALC,2026-07-08,66.37999725341797,0.011449264351865107,0.012051869310925944,0.021542638812057868,0.025158268566422004,0.06387474643870594,0.06447735139776656,0.012503794296435444,0.07698103075905816
fda_pma,ALC,2026-07-06,68.80000305175781,-0.028052328772774193,0.0029069322582984114,-0.03255821793320157,0.0029069322582984114,-0.028197708653396436,0.004796427136956716,-0.02107564699591491,0.03909876006819446
fda_pma,ALC,2026-07-02,68.63999938964844,-0.0045162814882032665,0.002913708479320709,-0.025786664609634857,0.005244764183460315,0.005244764183460315,0.007138663579933313,0.020396292807806082,0.04152095716001569
fda_pma,ALC,2026-07-06,68.80000305175781,-0.028052328772774193,0.0029069322582984114,-0.03255821793320157,0.0029069322582984114,-0.028197708653396436,0.004796427136956716,-0.02107564699591491,0.03909876006819446
fda_pma,ALC,2026-07-02,68.63999938964844,-0.0045162814882032665,0.002913708479320709,-0.025786664609634857,0.005244764183460315,0.005244764183460315,0.007138663579933313,0.020396292807806082,0.04152095716001569
trial_update,ARWR,2026-07-14,71.91000366210938,-0.001251619561974504,0.010568689586041513,-0.0074399059221752495,0.015157784485901216,0.23348619706690066,0.3279097900266812,0.19899870435042044,0.3279097900266812
trial_update,ALNY,2026-07-15,279.6499938964844,0.012515644828855477,0.024852538382689415,-0.04355441781375402,0.024852538382689415,-0.0390130659761353,0.024852538382689415,0.024924017067145643,0.039156132472810024
trial_update,ALNY,2026-07-23,268.739990234375,0.011274834000903011,0.02545209714387986,0.035945538487534456,0.059313846173413065,0.06653272878077754,0.081342623589723,0.06653272878077754,0.081342623589723
trial_update,ALNY,2026-07-15,279.6499938964844,0.012515644828855477,0.024852538382689415,-0.04355441781375402,0.024852538382689415,-0.0390130659761353,0.024852538382689415,0.024924017067145643,0.039156132472810024
trial_update,ALNY,2026-07-23,268.739990234375,0.011274834000903011,0.02545209714387986,0.035945538487534456,0.059313846173413065,0.06653272878077754,0.081342623589723,0.06653272878077754,0.081342623589723
trial_update,ALNY,2026-07-23,268.739990234375,0.011274834000903011,0.02545209714387986,0.035945538487534456,0.059313846173413065,0.06653272878077754,0.081342623589723,0.06653272878077754,0.081342623589723
trial_update,ALNY,2026-07-15,279.6499938964844,0.012515644828855477,0.024852538382689415,-0.04355441781375402,0.024852538382689415,-0.0390130659761353,0.024852538382689415,0.024924017067145643,0.039156132472810024
trial_update,ASND,2026-07-02,274.260009765625,-0.023116736352881362,0.001093808000754981,-0.02658064714265751,0.001093808000754981,-0.032961453449400824,0.02876826314416725,-0.0820389938657734,0.02876826314416725
trial_update,ASND,2026-07-08,277.55999755859375,-0.00767403408829781,0.01653695193206528,-0.025616030458645467,0.01653695193206528,-0.0639862009001344,0.01653695193206528,-0.08971031170018628,0.01653695193206528
trial_update,AVBP,2026-07-02,34.79999923706055,-0.008907976016953922,0.02298848432756806,-0.01781606165164773,0.02298848432756806,-0.03333332967940872,0.02298848432756806,-0.1890804617230747,0.02298848432756806
trial_update,AVIR,2026-07-27,4.829999923706055,-0.06625252585484165,0.01863357225869966,-0.04347826945426525,0.01863357225869966,-0.04347826945426525,0.01863357225869966,-0.04347826945426525,0.01863357225869966
trial_update,AVIR,2026-07-16,4.650000095367432,0.04731178186659091,0.05268814635147279,0.026881719878786958,0.06881713726049576,0.017204284315123886,0.06881713726049576,-0.00645165789098312,0.06881713726049576
trial_update,BDTX,2026-07-22,1.809999942779541,0.016574636214070848,0.02209949299826519,-0.027624283920971493,0.02209949299826519,-0.08287291762440252,0.02209949299826519,-0.08287291762440252,0.02209949299826519
trial_update,BDTX,2026-07-23,1.8300000429153442,-0.038251393885527674,0.0,-0.05464482049003094,0.00819671330225158,-0.09289621437555862,0.00819671330225158,-0.09289621437555862,0.00819671330225158
trial_update,AXSM,2026-07-24,240.42999267578125,-0.008567972471602792,0.021066433455481537,-0.025911890851072705,0.021066433455481537,-0.05411136257188953,0.021066433455481537,-0.05411136257188953,0.021066433455481537
trial_update,AXSM,2026-07-24,240.42999267578125,-0.008567972471602792,0.021066433455481537,-0.025911890851072705,0.021066433455481537,-0.05411136257188953,0.021066433455481537,-0.05411136257188953,0.021066433455481537
trial_update,AXSM,2026-07-28,233.9600067138672,-0.027953532044988738,0.008334744795194915,-0.027953532044988738,0.008334744795194915,-0.027953532044988738,0.008334744795194915,-0.027953532044988738,0.008334744795194915
trial_update,AXSM,2026-07-24,240.42999267578125,-0.008567972471602792,0.021066433455481537,-0.025911890851072705,0.021066433455481537,-0.05411136257188953,0.021066433455481537,-0.05411136257188953,0.021066433455481537
trial_update,BCAX,2026-07-17,27.770000457763672,-0.02232628120321345,0.010802997195366482,0.013683801026382891,0.01962549756248122,0.0014403675736176513,0.04141158082727969,-0.06769899305455873,0.04141158082727969
trial_update,BDX,2026-07-08,149.82000732421875,0.006874908082656228,0.012681843569615436,0.01415028042683053,0.020557912306067072,0.06748087610010556,0.06921635702998108,0.02102518850948676,0.08890663071858285
trial_update,BDX,2026-07-08,149.82000732421875,0.006874908082656228,0.012681843569615436,0.01415028042683053,0.020557912306067072,0.06748087610010556,0.06921635702998108,0.02102518850948676,0.08890663071858285
trial_update,BDX,2026-07-08,149.82000732421875,0.006874908082656228,0.012681843569615436,0.01415028042683053,0.020557912306067072,0.06748087610010556,0.06921635702998108,0.02102518850948676,0.08890663071858285
trial_update,BJDX,2026-07-02,1.2400000095367432,-0.06451616314521791,0.6854837887865206,0.1693548681708701,0.6854837887865206,-0.016129016752173708,0.6854837887865206,-0.024193525128260562,0.6854837887865206
trial_update,BIIB,2026-07-10,199.3300018310547,0.04866300536365609,0.057893910500807166,-0.03702405465820213,0.057893910500807166,0.0031103953819906494,0.0825765880894791,0.004063600818507318,0.0825765880894791
trial_update,BIIB,2026-07-09,197.6300048828125,0.007691084228698797,0.011890860631815547,0.057683517759584024,0.06699382637887319,0.0423012720933178,0.0918888223176868,0.023073407103833654,0.0918888223176868
trial_update,BIIB,2026-07-27,201.00999450683594,0.022884464599889354,0.033381458122665686,0.04089349507655249,0.0874583469055159,0.04089349507655249,0.0874583469055159,0.04089349507655249,0.0874583469055159
trial_results,BLCO,2026-07-06,17.299999237060547,-0.011560628000628848,0.009248546501051447,-0.0369941860042059,0.009248546501051447,-0.07745660450914882,0.009248546501051447,-0.07572251582162304,0.009248546501051447
trial_update,BLCO,2026-07-21,16.010000228881836,-0.003747683870013896,0.00780762012573244,-0.0018738717187141152,0.00780762012573244,0.011867615948865318,0.05621484107830832,0.011867615948865318,0.05621484107830832
trial_update,BLCO,2026-07-22,15.760000228881836,0.013959347091335728,0.021573613429573646,0.026015218366605142,0.03362948470484328,0.027918815207329084,0.07296951788254291,0.027918815207329084,0.07296951788254291
fda_drug,CELC,2026-07-14,94.80999755859375,-0.03480640762936249,0.0336462664650401,-0.06876908354561417,0.0336462664650401,-0.049256389507437714,0.0336462664650401,-0.12182254740830722,0.0336462664650401
trial_results,CING,2026-07-02,5.389999866485596,-0.016697528382206506,0.048237520467947936,-0.055658575385700626,0.048237520467947936,-0.13172542778000274,0.048237520467947936,-0.15398885793428296,0.048237520467947936
fda_pma,CAI,2026-07-02,18.030000686645508,-0.012201952985286146,0.019412005590234482,-0.031059420519367942,0.019412005590234482,-0.05379928917149668,0.042706518086012224,-0.13699390865016958,0.042706518086012224
trial_update,CHRS,2026-07-14,1.4800000190734863,-0.027027000903735332,0.0,-0.060810832580220575,0.0,-0.033783831676485354,0.0033783751129670136,-0.047297332128352965,0.010135125338900819
trial_update,CHRS,2026-07-15,1.4600000381469727,-0.04794524015282309,0.0,-0.04109593179530491,0.0,-0.02054800672275059,0.017123270893795395,-0.03424662343778684,0.023972579251313464
trial_update,CHRS,2026-07-15,1.4600000381469727,-0.04794524015282309,0.0,-0.04109593179530491,0.0,-0.02054800672275059,0.017123270893795395,-0.03424662343778684,0.023972579251313464
trial_update,CHRS,2026-07-15,1.4600000381469727,-0.04794524015282309,0.0,-0.04109593179530491,0.0,-0.02054800672275059,0.017123270893795395,-0.03424662343778684,0.023972579251313464
trial_update,CGON,2026-07-10,74.75,-0.030100334448160515,0.0,-0.03986626564459661,0.0,-0.06100331182065222,0.0005351293047135552,-0.016454894407138432,0.0005351293047135552
fda_drug,ABBV,2026-07-23,258.5400085449219,0.0031715664096072516,0.006497998840629515,-0.006304652390112686,0.01376961955957845,0.018410996715116923,0.03454008037688161,0.018410996715116923,0.03454008037688161
fda_drug,ABBV,2026-07-23,258.5400085449219,0.0031715664096072516,0.006497998840629515,-0.006304652390112686,0.01376961955957845,0.018410996715116923,0.03454008037688161,0.018410996715116923,0.03454008037688161
fda_drug,ABBV,2026-07-23,258.5400085449219,0.0031715664096072516,0.006497998840629515,-0.006304652390112686,0.01376961955957845,0.018410996715116923,0.03454008037688161,0.018410996715116923,0.03454008037688161
fda_drug,ABBV,2026-07-23,258.5400085449219,0.0031715664096072516,0.006497998840629515,-0.006304652390112686,0.01376961955957845,0.018410996715116923,0.03454008037688161,0.018410996715116923,0.03454008037688161
trial_results,ABBV,2026-07-02,259.9200134277344,-0.01985233400402653,0.003847337443594112,-0.020275543471050317,0.003847337443594112,-0.045860313988666745,0.003847337443594112,-0.025161619756303155,0.0040011464051146195
trial_update,ABBV,2026-07-10,248.3699951171875,-0.0014896932981495192,0.0055160059705687825,-0.014454227195184188,0.0055160059705687825,0.020171558014731694,0.05069048832549328,0.03438421996542895,0.0552804737136221
trial_update,ABBV,2026-07-28,264.2099914550781,-0.0034442439405781844,0.01233870735800413,-0.0034442439405781844,0.01233870735800413,-0.0034442439405781844,0.01233870735800413,-0.0034442439405781844,0.01233870735800413
trial_update,ABBV,2026-07-21,257.80999755859375,-0.01749348182593624,0.0,-0.003452093166623982,0.0022109589605392443,0.021294714271611115,0.03746946880876445,0.021294714271611115,0.03746946880876445
trial_update,ABBV,2026-07-13,245.99000549316406,-0.004918926325650275,0.0017480087246601883,-0.007642606776008809,0.0071547398981006705,0.04109923323950859,0.060856073936427,0.0699622193160423,0.08508478989871793
trial_update,ABBV,2026-07-08,251.1999969482422,-0.005135323653680635,0.014570078449736235,-0.012420362878548752,0.014570078449736235,0.012699054459238468,0.014570078449736235,0.02277076651665233,0.03885348178904202
trial_update,ABBV,2026-07-21,257.80999755859375,-0.01749348182593624,0.0,-0.003452093166623982,0.0022109589605392443,0.021294714271611115,0.03746946880876445,0.021294714271611115,0.03746946880876445
trial_update,ABBV,2026-07-15,244.75,0.03938712723043292,0.03999997256846921,0.03979573235204925,0.06623081289102406,0.049724263238955624,0.06623081289102406,0.07579157423072003,0.0928294227607891
trial_update,ABBV,2026-07-13,245.99000549316406,-0.004918926325650275,0.0017480087246601883,-0.007642606776008809,0.0071547398981006705,0.04109923323950859,0.060856073936427,0.0699622193160423,0.08508478989871793
trial_update,ABBV,2026-07-28,264.2099914550781,-0.0034442439405781844,0.01233870735800413,-0.0034442439405781844,0.01233870735800413,-0.0034442439405781844,0.01233870735800413,-0.0034442439405781844,0.01233870735800413
trial_update,ABBV,2026-07-24,259.0,-0.008069483930079668,0.011969135534809272,0.01621626334761106,0.030579202423684837,0.016602269470921804,0.032702707415842136,0.016602269470921804,0.032702707415842136
trial_update,ABBV,2026-07-16,257.0,-0.009766515590801328,0.015408527062560795,-0.014085584113570082,0.015408527062560795,0.009182822379620648,0.015408527062560795,0.024513571178866655,0.04073930436071249
trial_update,ABBV,2026-07-14,243.32000732421875,0.003246725556276031,0.018206446418022493,0.04549560961782784,0.04611205665041629,0.04101592728558878,0.07249705572856757,0.08211400570166472,0.09925198573705862
trial_update,ABBV,2026-07-24,259.0,-0.008069483930079668,0.011969135534809272,0.01621626334761106,0.030579202423684837,0.016602269470921804,0.032702707415842136,0.016602269470921804,0.032702707415842136
trial_update,ABBV,2026-07-24,259.0,-0.008069483930079668,0.011969135534809272,0.01621626334761106,0.030579202423684837,0.016602269470921804,0.032702707415842136,0.016602269470921804,0.032702707415842136
trial_update,ABBV,2026-07-21,257.80999755859375,-0.01749348182593624,0.0,-0.003452093166623982,0.0022109589605392443,0.021294714271611115,0.03746946880876445,0.021294714271611115,0.03746946880876445
trial_update,ABBV,2026-07-02,259.9200134277344,-0.01985233400402653,0.003847337443594112,-0.020275543471050317,0.003847337443594112,-0.045860313988666745,0.003847337443594112,-0.025161619756303155,0.0040011464051146195
trial_update,ABBV,2026-07-01,252.3000030517578,0.03476022261744416,0.03701946683989399,0.009750263279122873,0.03701946683989399,-0.016726124334756398,0.03701946683989399,0.00868015225888441,0.03701946683989399
trial_update,ABBV,2026-07-27,262.8299865722656,0.0014078516671227614,0.015561492464423177,0.0017882328680707271,0.01765405351554783,0.0017882328680707271,0.01765405351554783,0.0017882328680707271,0.01765405351554783
trial_update,ABBV,2026-07-13,245.99000549316406,-0.004918926325650275,0.0017480087246601883,-0.007642606776008809,0.0071547398981006705,0.04109923323950859,0.060856073936427,0.0699622193160423,0.08508478989871793
trial_update,ABBV,2026-07-27,262.8299865722656,0.0014078516671227614,0.015561492464423177,0.0017882328680707271,0.01765405351554783,0.0017882328680707271,0.01765405351554783,0.0017882328680707271,0.01765405351554783
trial_update,ABBV,2026-07-20,253.6999969482422,0.009460028317473945,0.013243991528455012,-0.0015766413137402457,0.016200239100476077,0.03744586272394468,0.05210885549277022,0.03783993283486353,0.05427672226291036
trial_update,ABBV,2026-07-09,251.00999450683594,-0.011672812795912257,0.00258957479581845,-0.011991532499531443,0.00258957479581845,0.013864033554382482,0.03963984369543194,0.03326557120218232,0.03963984369543194
trial_update,ABBV,2026-07-07,253.25,-0.0020137986449593193,0.01014810394558241,-0.013188534404306562,0.01014810394558241,-0.036090816938394665,0.01014810394558241,0.00019744541661514958,0.030444191332983817
trial_update,ABBV,2026-07-27,262.8299865722656,0.0014078516671227614,0.015561492464423177,0.0017882328680707271,0.01765405351554783,0.0017882328680707271,0.01765405351554783,0.0017882328680707271,0.01765405351554783
trial_update,ABBV,2026-07-28,264.2099914550781,-0.0034442439405781844,0.01233870735800413,-0.0034442439405781844,0.01233870735800413,-0.0034442439405781844,0.01233870735800413,-0.0034442439405781844,0.01233870735800413
trial_update,ABBV,2026-07-08,251.1999969482422,-0.005135323653680635,0.014570078449736235,-0.012420362878548752,0.014570078449736235,0.012699054459238468,0.014570078449736235,0.02277076651665233,0.03885348178904202
trial_update,ABBV,2026-07-20,253.6999969482422,0.009460028317473945,0.013243991528455012,-0.0015766413137402457,0.016200239100476077,0.03744586272394468,0.05210885549277022,0.03783993283486353,0.05427672226291036
trial_update,ABBV,2026-07-17,253.10000610351562,0.0011062772522507647,0.012050524375417648,0.011853022234906696,0.01564595558902715,0.015053328592317339,0.03555906670472009,0.040300203253576417,0.056775957213174966
trial_update,ABBV,2026-07-06,257.2099914550781,-0.009952947566738923,0.01220798084348873,-0.017378741535764797,0.01220798084348873,-0.04832624349257508,0.01220798084348873,-0.004315483023358158,0.014579526941335574
trial_update,ABBV,2026-07-27,262.8299865722656,0.0014078516671227614,0.015561492464423177,0.0017882328680707271,0.01765405351554783,0.0017882328680707271,0.01765405351554783,0.0017882328680707271,0.01765405351554783
trial_update,BNTX,2026-07-21,92.33000183105469,-0.0054153578477654785,0.008881183565063289,-0.0029243395116030912,0.008881183565063289,0.006714990846875102,0.02214879376572787,0.006714990846875102,0.02214879376572787
trial_update,BNTX,2026-07-21,92.33000183105469,-0.0054153578477654785,0.008881183565063289,-0.0029243395116030912,0.008881183565063289,0.006714990846875102,0.02214879376572787,0.006714990846875102,0.02214879376572787
trial_update,BNTX,2026-07-28,92.30000305175781,0.007042187161357738,0.02248100627990901,0.007042187161357738,0.02248100627990901,0.007042187161357738,0.02248100627990901,0.007042187161357738,0.02248100627990901
trial_update,BNTX,2026-07-17,91.79000091552734,0.004030970071811302,0.012092827097507808,0.005883003705646539,0.022987259933610282,-0.007626152856027524,0.022987259933610282,0.01263749886855714,0.028162098907173805
trial_update,BNTX,2026-07-22,90.79000091552734,0.01398828758959958,0.01773323707584873,-0.01608105595054532,0.01773323707584873,0.023791122490730565,0.039486717130977844,0.023791122490730565,0.039486717130977844
trial_update,BNTX,2026-07-14,90.08999633789062,0.021090038884592488,0.023754102631069918,0.01631703053011302,0.029603813460999717,0.019314081073308342,0.0422911015968801,0.031746039811400006,0.047563590146436185
trial_update,BNTX,2026-07-01,94.48999786376953,0.03233146760761185,0.04571912152069846,-0.0059265273706654575,0.04571912152069846,-0.03174939218778727,0.04571912152069846,-0.031855165360206494,0.04571912152069846
trial_update,BNTX,2026-07-22,90.79000091552734,0.01398828758959958,0.01773323707584873,-0.01608105595054532,0.01773323707584873,0.023791122490730565,0.039486717130977844,0.023791122490730565,0.039486717130977844
trial_update,BNTX,2026-07-17,91.79000091552734,0.004030970071811302,0.012092827097507808,0.005883003705646539,0.022987259933610282,-0.007626152856027524,0.022987259933610282,0.01263749886855714,0.028162098907173805
trial_results,BMRN,2026-07-21,59.5,-0.01848736931295958,0.008067219197249287,-0.010588253245634172,0.008067219197249287,0.031428553477054866,0.05966385272370678,0.031428553477054866,0.05966385272370678
trial_update,BMRN,2026-07-24,59.88999938964844,0.006344983669859916,0.01836704458221261,0.036400072255679206,0.05276339755579107,0.024711964557009747,0.05276339755579107,0.024711964557009747,0.05276339755579107
fda_drug,AMGN,2026-07-16,373.9700012207031,-0.020536387011558244,0.012220251114531733,-0.026205277859132736,0.012220251114531733,0.005535222925533878,0.014546627867607409,0.03655377004335403,0.06425648768847436
fda_drug,AMGN,2026-07-15,358.25,0.03720861569369327,0.03877184828593849,0.02244245232357822,0.0566364509279047,0.036985345429169536,0.0566364509279047,0.08203772407100485,0.11095603628750883
trial_results,AMGN,2026-07-22,359.9800109863281,0.032001746380605045,0.032946233095184185,0.0446135815002342,0.0539751988521362,0.076837609917068,0.1056169449784139,0.076837609917068,0.1056169449784139
trial_results,AMGN,2026-07-24,378.54998779296875,-0.006049341173393841,0.009853417267492004,0.0384361875042627,0.051380300711219684,0.024012751680341227,0.051380300711219684,0.024012751680341227,0.051380300711219684
trial_results,AMGN,2026-07-01,364.739990234375,0.025799210160812658,0.028540889238441114,0.004660887899730515,0.028540889238441114,-0.0037011998192740814,0.028815073880084974,0.004249652771967316,0.03783522147291629
trial_results,AMGN,2026-07-23,372.7300109863281,0.008880416014355186,0.01792179990579368,0.009470658855603498,0.02562173023765202,0.04000215497178283,0.06779703342588861,0.04000215497178283,0.06779703342588861
trial_results,AMGN,2026-07-13,358.17999267578125,-0.00818022428861187,0.001898466384739672,0.0003909058331021953,0.004802058339032023,0.022502645941727684,0.056842973603972835,0.09749292015688726,0.11117317588496123
trial_results,AMGN,2026-07-23,372.7300109863281,0.008880416014355186,0.01792179990579368,0.009470658855603498,0.02562173023765202,0.04000215497178283,0.06779703342588861,0.04000215497178283,0.06779703342588861
trial_update,AMGN,2026-07-17,367.95001220703125,-0.010273131278414005,0.006359549559068922,-0.004647430128889574,0.006359549559068922,0.022584582913175888,0.03894547111525215,0.053512710390474005,0.08166866910187998
trial_update,AMGN,2026-07-16,373.9700012207031,-0.020536387011558244,0.012220251114531733,-0.026205277859132736,0.012220251114531733,0.005535222925533878,0.014546627867607409,0.03655377004335403,0.06425648768847436
trial_update,AMGN,2026-07-20,365.0899963378906,0.0031498915555605578,0.010463193630436685,0.0026294652406462227,0.016187799505302358,0.07672083608585578,0.09014216766337024,0.061765642818864874,0.09014216766337024
trial_update,AMGN,2026-07-07,366.19000244140625,0.0049154476664248214,0.014282233134327527,-0.0070182345424080195,0.014282233134327527,-0.02149156193429058,0.014282233134327527,-0.0003823551913051393,0.03372567798459136
trial_update,AMGN,2026-07-22,359.9800109863281,0.032001746380605045,0.032946233095184185,0.0446135815002342,0.0539751988521362,0.076837609917068,0.1056169449784139,0.076837609917068,0.1056169449784139
trial_update,AMGN,2026-07-20,365.0899963378906,0.0031498915555605578,0.010463193630436685,0.0026294652406462227,0.016187799505302358,0.07672083608585578,0.09014216766337024,0.061765642818864874,0.09014216766337024
trial_update,AMGN,2026-07-16,373.9700012207031,-0.020536387011558244,0.012220251114531733,-0.026205277859132736,0.012220251114531733,0.005535222925533878,0.014546627867607409,0.03655377004335403,0.06425648768847436
trial_update,AMGN,2026-07-23,372.7300109863281,0.008880416014355186,0.01792179990579368,0.009470658855603498,0.02562173023765202,0.04000215497178283,0.06779703342588861,0.04000215497178283,0.06779703342588861
trial_update,AMGN,2026-07-23,372.7300109863281,0.008880416014355186,0.01792179990579368,0.009470658855603498,0.02562173023765202,0.04000215497178283,0.06779703342588861,0.04000215497178283,0.06779703342588861
trial_update,AMGN,2026-07-21,369.2300109863281,-0.008612580501960121,0.004793730089663217,0.0061478995372235,0.007068724843331209,0.049860528977399676,0.07791888025791383,0.049860528977399676,0.07791888025791383
trial_update,AMGN,2026-07-09,363.0799865722656,0.0008538836830385144,0.0050126897420068595,-0.007243512345759484,0.0050126897420068595,0.008841087615324428,0.04258020971800147,0.03569467459500619,0.04497636249249304
trial_update,AMGN,2026-07-02,371.70001220703125,-0.014151223010171021,0.006133975529780011,-0.009685246126681535,0.009550679785803817,-0.030266342831686277,0.009550679785803817,-0.02025826885123372,0.018401926589340256
trial_update,AMGN,2026-07-24,378.54998779296875,-0.006049341173393841,0.009853417267492004,0.0384361875042627,0.051380300711219684,0.024012751680341227,0.051380300711219684,0.024012751680341227,0.051380300711219684
trial_update,AMGN,2026-07-27,383.25,0.025701255325546235,0.03848662752772336,0.011454702279028117,0.03848662752772336,0.011454702279028117,0.03848662752772336,0.011454702279028117,0.03848662752772336
trial_update,AMGN,2026-07-23,372.7300109863281,0.008880416014355186,0.01792179990579368,0.009470658855603498,0.02562173023765202,0.04000215497178283,0.06779703342588861,0.04000215497178283,0.06779703342588861
trial_update,AMGN,2026-07-22,359.9800109863281,0.032001746380605045,0.032946233095184185,0.0446135815002342,0.0539751988521362,0.076837609917068,0.1056169449784139,0.076837609917068,0.1056169449784139
trial_update,AMGN,2026-07-23,372.7300109863281,0.008880416014355186,0.01792179990579368,0.009470658855603498,0.02562173023765202,0.04000215497178283,0.06779703342588861,0.04000215497178283,0.06779703342588861
trial_update,AMGN,2026-07-16,373.9700012207031,-0.020536387011558244,0.012220251114531733,-0.026205277859132736,0.012220251114531733,0.005535222925533878,0.014546627867607409,0.03655377004335403,0.06425648768847436
trial_update,AMGN,2026-07-01,364.739990234375,0.025799210160812658,0.028540889238441114,0.004660887899730515,0.028540889238441114,-0.0037011998192740814,0.028815073880084974,0.004249652771967316,0.03783522147291629
trial_update,AMGN,2026-07-09,363.0799865722656,0.0008538836830385144,0.0050126897420068595,-0.007243512345759484,0.0050126897420068595,0.008841087615324428,0.04258020971800147,0.03569467459500619,0.04497636249249304
trial_update,AMGN,2026-07-02,371.70001220703125,-0.014151223010171021,0.006133975529780011,-0.009685246126681535,0.009550679785803817,-0.030266342831686277,0.009550679785803817,-0.02025826885123372,0.018401926589340256
trial_update,AMGN,2026-07-27,383.25,0.025701255325546235,0.03848662752772336,0.011454702279028117,0.03848662752772336,0.011454702279028117,0.03848662752772336,0.011454702279028117,0.03848662752772336
trial_update,AMGN,2026-07-23,372.7300109863281,0.008880416014355186,0.01792179990579368,0.009470658855603498,0.02562173023765202,0.04000215497178283,0.06779703342588861,0.04000215497178283,0.06779703342588861
trial_update,AMGN,2026-07-23,372.7300109863281,0.008880416014355186,0.01792179990579368,0.009470658855603498,0.02562173023765202,0.04000215497178283,0.06779703342588861,0.04000215497178283,0.06779703342588861
trial_update,AMGN,2026-07-16,373.9700012207031,-0.020536387011558244,0.012220251114531733,-0.026205277859132736,0.012220251114531733,0.005535222925533878,0.014546627867607409,0.03655377004335403,0.06425648768847436
trial_update,AMGN,2026-07-24,378.54998779296875,-0.006049341173393841,0.009853417267492004,0.0384361875042627,0.051380300711219684,0.024012751680341227,0.051380300711219684,0.024012751680341227,0.051380300711219684
trial_results,CL,2026-07-21,91.3499984741211,0.00306512078789134,0.009852233616991946,-0.013902536007443844,0.009852233616991946,0.02342637575691575,0.044991797252365684,0.02342637575691575,0.044991797252365684
trial_update,CL,2026-07-17,92.08999633789062,-0.0017373877628118484,0.001520328207303523,-0.017265679238999132,0.001520328207303523,-0.0011944074854064457,0.007818452050549984,0.015202536448607473,0.03659466696270708
trial_update,CRDL,2026-07-23,1.2300000190734863,-0.040650464024575284,0.016260146842582035,-0.06097564757780294,0.016260146842582035,-0.06504068428844845,0.016260146842582035,-0.06504068428844845,0.016260146842582035
trial_update,COGT,2026-07-13,37.459999084472656,0.02802987887673969,0.031366771643825064,0.049119065604851464,0.057394596327422054,0.05819541800467909,0.06380137341324987,0.08569138181861868,0.09903895288696019
trial_update,CLYM,2026-07-16,12.199999809265137,0.04098360719811489,0.10901638889338372,0.00163938180953771,0.10901638889338372,0.05245904535479684,0.10901638889338372,-0.007377061802865015,0.1815573923948537
trial_update,CRNX,2026-07-01,40.0,0.05574998855590829,0.06049995422363286,0.05074996948242183,0.10275001525878902,1.0895000457763673,1.094000053405762,1.0965000152587892,1.1
trial_update,CRNX,2026-07-24,83.80000305175781,0.0005966040637541692,0.0023865983407980185,0.0007159612936611381,0.0023865983407980185,0.0009545847105847383,0.0023865983407980185,0.0009545847105847383,0.0023865983407980185
trial_update,CRNX,2026-07-24,83.80000305175781,0.0005966040637541692,0.0023865983407980185,0.0007159612936611381,0.0023865983407980185,0.0009545847105847383,0.0023865983407980185,0.0009545847105847383,0.0023865983407980185
trial_update,CRMD,2026-07-01,8.550000190734863,0.02339179003549785,0.03391812343668521,0.028070148042597554,0.03976609883077309,-0.017543926182263303,0.05029232069110723,-0.015204691408286952,0.05029232069110723
trial_update,CRSP,2026-07-22,47.0,0.01127656977227387,0.028723371789810548,-0.009787214563248048,0.028723371789810548,0.013617008290392363,0.028723371789810548,0.013617008290392363,0.028723371789810548
trial_update,CRSP,2026-07-22,47.0,0.01127656977227387,0.028723371789810548,-0.009787214563248048,0.028723371789810548,0.013617008290392363,0.028723371789810548,0.013617008290392363,0.028723371789810548
trial_update,ELDN,2026-07-22,3.8350000381469727,-0.024771845545047855,0.0,-0.06649285838446328,0.0,-0.13689702480970656,0.0,-0.13689702480970656,0.0
trial_update,DXCM,2026-07-02,71.30000305175781,0.015147183105674866,0.0206170200335265,0.0318372587083704,0.037447378045792235,0.07082742224705663,0.07180918510579604,0.061570816293818,0.1100981506048837
trial_update,DNLI,2026-07-01,26.229999542236328,-0.015249699790736981,0.021730831291338237,-0.018680891333190952,0.021730831291338237,-0.02096832812272531,0.040792974208835764,-0.11208534799914549,0.040792974208835764
trial_update,FDMT,2026-07-06,12.800000190734863,0.001562461233698409,0.01093745215330344,0.017187520605511653,0.04609376123407838,-0.0859375285217534,0.04609376123407838,-0.11132813824224264,0.04609376123407838
trial_update,EYPT,2026-07-06,14.649999618530273,-0.04300335680348666,0.013651929566365295,-0.04368596630124988,0.013651929566365295,-0.06279864165527138,0.02320820214615127,-0.10921498085034942,0.02320820214615127
trial_update,DNTH,2026-07-27,104.55000305175781,-0.028120539030025538,0.01252986628747621,-0.00439987279234666,0.019129602502353737,-0.00439987279234666,0.019129602502353737,-0.00439987279234666,0.019129602502353737
fda_drug,BMY,2026-07-22,60.7400016784668,0.012676928248083641,0.02156729539667035,0.02222585506775987,0.034244286448461114,0.03885407853867329,0.069641083723182,0.03885407853867329,0.069641083723182
trial_results,BMY,2026-07-16,60.869998931884766,-0.0021356539460998247,0.023328437794644996,-0.011664187562532513,0.023328437794644996,0.02004273438657922,0.03203549855687626,0.03663544572642041,0.0673567005218183
trial_update,BMY,2026-07-28,63.869998931884766,-0.012055745586982858,0.0006262864599386742,-0.012055745586982858,0.0006262864599386742,-0.012055745586982858,0.0006262864599386742,-0.012055745586982858,0.0006262864599386742
trial_update,BMY,2026-07-24,62.400001525878906,0.0025641000560834293,0.01666661979805828,0.01923071985414171,0.04118589153813357,0.011217899537260045,0.04118589153813357,0.011217899537260045,0.04118589153813357
trial_update,BMY,2026-07-01,56.650001525878906,0.02612532219545005,0.026301815068599188,0.0008825990417264951,0.026301815068599188,0.01641659806047735,0.03248014303666591,0.07219770595627417,0.09955868027773951
trial_update,BMY,2026-07-23,61.939998626708984,0.002421723106306617,0.014207314943913696,0.010009731358222584,0.024216984715159207,0.018727799049577554,0.04891835100376607,0.018727799049577554,0.04891835100376607
trial_update,BMY,2026-07-01,56.650001525878906,0.02612532219545005,0.026301815068599188,0.0008825990417264951,0.026301815068599188,0.01641659806047735,0.03248014303666591,0.07219770595627417,0.09955868027773951
trial_update,BMY,2026-07-09,57.790000915527344,-0.0036338307863953423,0.002595565129007271,0.026821235724259873,0.028551612476931387,0.05104690631951225,0.07786814204377213,0.07440732252878712,0.08703925765028653
trial_update,BMY,2026-07-16,60.869998931884766,-0.0021356539460998247,0.023328437794644996,-0.011664187562532513,0.023328437794644996,0.02004273438657922,0.03203549855687626,0.03663544572642041,0.0673567005218183
trial_update,BMY,2026-07-28,63.869998931884766,-0.012055745586982858,0.0006262864599386742,-0.012055745586982858,0.0006262864599386742,-0.012055745586982858,0.0006262864599386742,-0.012055745586982858,0.0006262864599386742
trial_update,BMY,2026-07-02,57.7400016784668,-0.01801179226351135,0.006408017338571659,0.0039833657005607925,0.012989261832316412,0.027710398815554482,0.029442273966475696,0.04191198646687622,0.07880150856935964
trial_update,BMY,2026-07-17,60.7599983215332,-0.009874892868593999,0.00971033852676717,0.002797926075358781,0.00971033852676717,0.029624804171857422,0.04410797200805705,0.038512182640377146,0.06928905555413589
trial_update,BMY,2026-07-23,61.939998626708984,0.002421723106306617,0.014207314943913696,0.010009731358222584,0.024216984715159207,0.018727799049577554,0.04891835100376607,0.018727799049577554,0.04891835100376607
trial_update,BMY,2026-07-21,61.400001525878906,-0.010423504697731234,0.0048859809381942565,0.0017914787120638653,0.010586281677984699,0.027687246025974055,0.05814331606033485,0.027687246025974055,0.05814331606033485
trial_update,BMY,2026-07-13,59.0,-0.03474574978068723,0.002372871010990485,-0.00474574202198097,0.003220315706931931,0.03271186957925054,0.05576272738181931,0.07796607583256088,0.10118646136784948
trial_update,BMY,2026-07-20,60.08000183105469,0.014147777100794512,0.01564578225800095,0.01131818358445913,0.02696402933608777,0.05858849094187213,0.0813914653897505,0.05026625417819819,0.0813914653897505
trial_update,BMY,2026-07-10,57.900001525878906,0.02487044194749055,0.026597531265033947,-0.01640761205359975,0.026597531265033947,0.03903278518089626,0.07582036742583309,0.08048358764428154,0.09568215811451974
trial_update,BMY,2026-07-20,60.08000183105469,0.014147777100794512,0.01564578225800095,0.01131818358445913,0.02696402933608777,0.05858849094187213,0.0813914653897505,0.05026625417819819,0.0813914653897505
trial_update,EXEL,2026-07-27,56.400001525878906,0.0019502977425245316,0.00815601191538251,-0.018971625281486104,0.00815601191538251,-0.018971625281486104,0.00815601191538251,-0.018971625281486104,0.00815601191538251
trial_update,ELTX,2026-07-10,3.4000000953674316,-0.032352979537936366,0.02352938866532872,-0.08529417415803531,0.02352938866532872,-0.10588238924019788,0.02352938866532872,-0.11764708357286224,0.02352938866532872
trial_results,GALT,2026-07-14,5.329999923706055,-0.10694178292368284,0.01125702507286741,-0.20637897192833665,0.01125702507286741,-0.34333957784254887,0.01125702507286741,-0.34521574868802685,0.01125702507286741
trial_update,GALT,2026-07-14,5.329999923706055,-0.10694178292368284,0.01125702507286741,-0.20637897192833665,0.01125702507286741,-0.34333957784254887,0.01125702507286741,-0.34521574868802685,0.01125702507286741
fda_pma,EW,2026-07-17,85.97000122070312,-0.011283019738628663,0.0036058805884848777,-0.01651736825383865,0.0036058805884848777,-0.03408165945762698,0.0361754166126802,-0.002442701890087773,0.0361754166126802
fda_pma,EW,2026-07-02,94.36000061035156,0.008690119643071093,0.012823220396841695,0.004874937277418612,0.020453585128146434,-0.027236113588391397,0.020453585128146434,-0.09919457979872826,0.020453585128146434
fda_pma,EW,2026-07-17,85.97000122070312,-0.011283019738628663,0.0036058805884848777,-0.01651736825383865,0.0036058805884848777,-0.03408165945762698,0.0361754166126802,-0.002442701890087773,0.0361754166126802
fda_pma,EW,2026-07-02,94.36000061035156,0.008690119643071093,0.012823220396841695,0.004874937277418612,0.020453585128146434,-0.027236113588391397,0.020453585128146434,-0.09919457979872826,0.020453585128146434
trial_update,EW,2026-07-16,86.95999908447266,-0.014144385240209667,0.0011499364670410905,-0.022539088145213992,0.0011499364670410905,-0.049793029860183635,0.02437905668010254,-0.01379941307355026,0.02437905668010254
trial_update,EW,2026-07-08,93.05000305175781,-0.018484698165419644,0.0018269550066618567,-0.009027446961156094,0.0018269550066618567,-0.05599147278876704,0.0018269550066618567,-0.09919401455365384,0.0018269550066618567
trial_update,EW,2026-07-23,88.0,-0.06102275848388672,0.012272748080166984,-0.05636362595991651,0.012272748080166984,-0.02545452117919922,0.012272748080166984,-0.02545452117919922,0.012272748080166984
trial_update,EW,2026-07-17,85.97000122070312,-0.011283019738628663,0.0036058805884848777,-0.01651736825383865,0.0036058805884848777,-0.03408165945762698,0.0361754166126802,-0.002442701890087773,0.0361754166126802
trial_update,EW,2026-07-10,92.27999877929688,-0.005309903232025848,0.00877760694959484,-0.023732146406330257,0.00877760694959484,-0.0788903215821255,0.00877760694959484,-0.10013001718680703,0.00877760694959484
trial_update,EW,2026-07-17,85.97000122070312,-0.011283019738628663,0.0036058805884848777,-0.01651736825383865,0.0036058805884848777,-0.03408165945762698,0.0361754166126802,-0.002442701890087773,0.0361754166126802
trial_update,EW,2026-07-08,93.05000305175781,-0.018484698165419644,0.0018269550066618567,-0.009027446961156094,0.0018269550066618567,-0.05599147278876704,0.0018269550066618567,-0.09919401455365384,0.0018269550066618567
trial_update,GERN,2026-07-17,1.440000057220459,0.0,0.027777750183035854,0.0,0.027777750183035854,0.027777750183035854,0.06249993791183073,-0.02777783296726144,0.06249993791183073
trial_results,HLN,2026-07-01,9.65999984741211,0.016563131463710468,0.016563131463710468,0.006211223660916865,0.016563131463710468,0.010352006526844537,0.030538310657735268,0.04554871024925444,0.06055901111672313
trial_update,HLN,2026-07-15,9.8100004196167,0.03058096067566418,0.033639134514833025,0.029561666610444348,0.044342451308414965,-0.01019371836822347,0.044342451308414965,0.04791022357294206,0.05147799583746937
trial_update,GEHC,2026-07-13,63.505001068115234,-0.029052849219295074,0.0033855625379375365,-0.004802776160079736,0.004960217642876907,-0.023069051695889797,0.04376026245453124,0.009526801544139873,0.04376026245453124
trial_update,GEHC,2026-07-24,62.040000915527344,-0.014829174243489063,0.010638295255842367,0.033365565188219426,0.03570271284983573,0.15892973025220902,0.1611863290204627,0.15892973025220902,0.1611863290204627
trial_update,GEHC,2026-07-15,63.189998626708984,0.03972144921795073,0.04043367899035055,-0.0018990177954212317,0.04896341228933809,-0.018990298691587193,0.04896341228933809,0.13783831442414995,0.14005384524692266
trial_update,GEHC,2026-07-06,65.91799926757812,-0.01559513166892057,0.008070598115463845,-0.018780894082919386,0.008070598115463845,-0.06459539833546368,0.008070598115463845,-0.05883064405988703,0.008070598115463845
trial_update,GRAL,2026-07-10,69.9800033569336,0.026007425086010505,0.045012771440118504,0.044869951972320576,0.06573304163274707,-0.015290077786459633,0.07402114970979845,-0.045870342381873264,0.07402114970979845
trial_update,GILD,2026-07-16,137.61000061035156,-0.02419883595875949,0.021800741128507273,-0.031974375968089275,0.021800741128507273,-0.06031540596573082,0.021800741128507273,-0.035462574385348944,0.021800741128507273
trial_update,GILD,2026-07-16,137.61000061035156,-0.02419883595875949,0.021800741128507273,-0.031974375968089275,0.021800741128507273,-0.06031540596573082,0.021800741128507273,-0.035462574385348944,0.021800741128507273
trial_update,GILD,2026-07-28,134.41000366210938,-0.012499128701712214,0.0017111503703046704,-0.012499128701712214,0.0017111503703046704,-0.012499128701712214,0.0017111503703046704,-0.012499128701712214,0.0017111503703046704
trial_update,GILD,2026-07-17,134.27999877929688,-0.007968365170961444,0.009085502173025173,-0.02978850190916682,0.009085502173025173,-0.028001150886334703,0.009085502173025173,-0.011543067216625458,0.014745276627484927
trial_update,GILD,2026-07-06,132.6199951171875,0.02820091713816808,0.03001064042274515,0.02412918356846272,0.038304946599989176,-0.019454093847424025,0.038304946599989176,-0.017644370562847067,0.060247366817528736
trial_update,GILD,2026-07-15,131.75999450683594,0.03445665402396725,0.03551918738375104,0.019125716283558303,0.06716762653672137,-0.006830555054688325,0.06716762653672137,0.00736187963830548,0.06716762653672137
trial_update,GILD,2026-07-10,129.66000366210938,0.013419637399589845,0.015502039565523429,0.0029306618331870204,0.015502039565523429,0.027379322470243217,0.08445161683611846,0.006632736279976514,0.08445161683611846
trial_update,GILD,2026-07-10,129.66000366210938,0.013419637399589845,0.015502039565523429,0.0029306618331870204,0.015502039565523429,0.027379322470243217,0.08445161683611846,0.006632736279976514,0.08445161683611846
trial_update,IDYA,2026-07-13,36.83000183105469,-0.004887328162552662,0.0,-0.0024436640812763866,0.004887224586742844,-0.022807496899975965,0.004887224586742844,-0.01819174451079275,0.029052393201946636
fda_pma,GH,2026-07-14,160.97999572753906,0.012299733127582702,0.024847807840485014,-0.037147446181203136,0.024847807840485014,-0.06354824201171849,0.024847807840485014,-0.10504403560763353,0.024847807840485014
fda_pma,GH,2026-07-06,168.02999877929688,-0.03041123994212136,0.007379667334240558,-0.07058263819860744,0.007379667334240558,-0.04713442972375448,0.016901722064646796,-0.09367378210743282,0.016901722064646796
fda_pma,GH,2026-07-06,168.02999877929688,-0.03041123994212136,0.007379667334240558,-0.07058263819860744,0.007379667334240558,-0.04713442972375448,0.016901722064646796,-0.09367378210743282,0.016901722064646796
trial_update,INSM,2026-07-08,116.44000244140625,0.015630364622673865,0.026623139892847814,-0.00712815023747837,0.026623139892847814,-0.07712129138310886,0.026623139892847814,-0.0775506577633478,0.026623139892847814
trial_update,IMNM,2026-07-09,24.170000076293945,-0.03392634225220703,0.0024823941147287254,-0.056681871531192196,0.0024823941147287254,-0.0765411822767934,0.0024823941147287254,-0.0810923039153677,0.0024823941147287254
fda_pma,INSP,2026-07-10,51.4900016784668,-0.0025247827515531007,0.012429585721223324,-0.04544571909708217,0.012429585721223324,0.034569794547924415,0.037094577299477516,-0.010875924549157867,0.03903667228610308
fda_pma,BSX,2026-07-01,43.72999954223633,0.03224330807619302,0.047335918511156594,0.019894784838597745,0.047335918511156594,0.023782321665081874,0.060370441739854286,0.0068602616099000535,0.060370441739854286
fda_pma,BSX,2026-07-16,45.220001220703125,-0.02631584275281773,0.0006633962513724612,-0.032065473768178476,0.0006633962513724612,-0.021450711953077684,0.0006633962513724612,0.01813356197895888,0.042901339547527284
fda_pma,BSX,2026-07-07,44.70000076293945,0.002460863724252249,0.006263954687200313,0.006487716120304521,0.009172255937678564,-0.03713646127694048,0.018120750442253142,-0.0387024499487405,0.018120750442253142
fda_pma,BSX,2026-07-01,43.72999954223633,0.03224330807619302,0.047335918511156594,0.019894784838597745,0.047335918511156594,0.023782321665081874,0.060370441739854286,0.0068602616099000535,0.060370441739854286
fda_pma,BSX,2026-07-10,45.34000015258789,-0.015218319902665534,0.0019850055642920417,-0.059770601573718274,0.0019850055642920417,-0.03462725384959242,0.002426127260285904,0.003749408212906813,0.021614458291535632
fda_pma,BSX,2026-07-01,43.72999954223633,0.03224330807619302,0.047335918511156594,0.019894784838597745,0.047335918511156594,0.023782321665081874,0.060370441739854286,0.0068602616099000535,0.060370441739854286
fda_pma,BSX,2026-07-01,43.72999954223633,0.03224330807619302,0.047335918511156594,0.019894784838597745,0.047335918511156594,0.023782321665081874,0.060370441739854286,0.0068602616099000535,0.060370441739854286
fda_pma,BSX,2026-07-01,43.72999954223633,0.03224330807619302,0.047335918511156594,0.019894784838597745,0.047335918511156594,0.023782321665081874,0.060370441739854286,0.0068602616099000535,0.060370441739854286
fda_pma,BSX,2026-07-10,45.34000015258789,-0.015218319902665534,0.0019850055642920417,-0.059770601573718274,0.0019850055642920417,-0.03462725384959242,0.002426127260285904,0.003749408212906813,0.021614458291535632
fda_pma,BSX,2026-07-01,43.72999954223633,0.03224330807619302,0.047335918511156594,0.019894784838597745,0.047335918511156594,0.023782321665081874,0.060370441739854286,0.0068602616099000535,0.060370441739854286
fda_pma,BSX,2026-07-01,43.72999954223633,0.03224330807619302,0.047335918511156594,0.019894784838597745,0.047335918511156594,0.023782321665081874,0.060370441739854286,0.0068602616099000535,0.060370441739854286
fda_pma,BSX,2026-07-01,43.72999954223633,0.03224330807619302,0.047335918511156594,0.019894784838597745,0.047335918511156594,0.023782321665081874,0.060370441739854286,0.0068602616099000535,0.060370441739854286
fda_510k,BSX,2026-07-10,45.34000015258789,-0.015218319902665534,0.0019850055642920417,-0.059770601573718274,0.0019850055642920417,-0.03462725384959242,0.002426127260285904,0.003749408212906813,0.021614458291535632
trial_results,BSX,2026-07-22,42.72999954223633,0.019892401074757204,0.022466629879640987,0.03557220861332411,0.04633745760467889,0.07746317361925681,0.10367424181217144,0.07746317361925681,0.10367424181217144
trial_update,BSX,2026-07-17,43.790000915527344,-0.00045673572380722227,0.01278825181287413,-0.013701810373920487,0.01278825181287413,0.039278313999668635,0.05777571880341692,0.051381592896979855,0.07695818363615992
trial_update,BSX,2026-07-15,44.18000030517578,0.009959226429824941,0.02874604909441092,-0.0033952359629416673,0.02874604909441092,-0.013580771162892025,0.02874604909441092,0.04210051148717753,0.06745132461864678
trial_update,BSX,2026-07-23,43.970001220703125,0.006367950227962105,0.01682960753299012,0.03502381301060731,0.05344549485740302,0.047077544629440915,0.07254943229810484,0.047077544629440915,0.07254943229810484
trial_update,BSX,2026-07-23,43.970001220703125,0.006367950227962105,0.01682960753299012,0.03502381301060731,0.05344549485740302,0.047077544629440915,0.07254943229810484,0.047077544629440915,0.07254943229810484
trial_update,BSX,2026-07-15,44.18000030517578,0.009959226429824941,0.02874604909441092,-0.0033952359629416673,0.02874604909441092,-0.013580771162892025,0.02874604909441092,0.04210051148717753,0.06745132461864678
trial_update,BSX,2026-07-24,44.599998474121094,0.020403584720751322,0.03856505111095787,0.032735492132742516,0.05739913589406154,0.03228705136036725,0.05739913589406154,0.03228705136036725,0.05739913589406154
trial_update,BSX,2026-07-06,45.400001525878906,-0.002202693512275644,0.02136558091199503,-0.012995597637845413,0.02136558091199503,-0.06101322389129693,0.02136558091199503,-0.04867847631921718,0.02136558091199503
trial_update,BSX,2026-07-23,43.970001220703125,0.006367950227962105,0.01682960753299012,0.03502381301060731,0.05344549485740302,0.047077544629440915,0.07254943229810484,0.047077544629440915,0.07254943229810484
trial_update,BSX,2026-07-27,46.41999816894531,-0.007755209173944566,0.015941441354081265,-0.008186067824366816,0.015941441354081265,-0.008186067824366816,0.015941441354081265,-0.008186067824366816,0.015941441354081265
trial_update,BSX,2026-07-24,44.599998474121094,0.020403584720751322,0.03856505111095787,0.032735492132742516,0.05739913589406154,0.03228705136036725,0.05739913589406154,0.03228705136036725,0.05739913589406154
trial_update,BSX,2026-07-02,44.810001373291016,-0.004686518472081458,0.010935011130385641,0.010935011130385641,0.034813602115254305,-0.003570628040807766,0.034813602115254305,-0.023209124830494532,0.034813602115254305
trial_update,BSX,2026-07-13,43.5,-0.019999975445626816,0.0,-0.010574691597072583,0.002528749663254226,-0.007126468351517645,0.04482760374573447,0.05885060628255201,0.08413792752671512
trial_update,BSX,2026-07-27,46.41999816894531,-0.007755209173944566,0.015941441354081265,-0.008186067824366816,0.015941441354081265,-0.008186067824366816,0.015941441354081265,-0.008186067824366816,0.015941441354081265
trial_update,BSX,2026-07-13,43.5,-0.019999975445626816,0.0,-0.010574691597072583,0.002528749663254226,-0.007126468351517645,0.04482760374573447,0.05885060628255201,0.08413792752671512
trial_update,BSX,2026-07-09,45.470001220703125,-0.015394782145304431,0.000879637118018417,-0.018033861288986763,0.000879637118018417,-0.03166928530344082,0.000879637118018417,-0.026830903627678815,0.000879637118018417
trial_update,BSX,2026-07-06,45.400001525878906,-0.002202693512275644,0.02136558091199503,-0.012995597637845413,0.02136558091199503,-0.06101322389129693,0.02136558091199503,-0.04867847631921718,0.02136558091199503
trial_update,BSX,2026-07-01,43.72999954223633,0.03224330807619302,0.047335918511156594,0.019894784838597745,0.047335918511156594,0.023782321665081874,0.060370441739854286,0.0068602616099000535,0.060370441739854286
trial_update,BSX,2026-07-24,44.599998474121094,0.020403584720751322,0.03856505111095787,0.032735492132742516,0.05739913589406154,0.03228705136036725,0.05739913589406154,0.03228705136036725,0.05739913589406154
trial_update,BSX,2026-07-27,46.41999816894531,-0.007755209173944566,0.015941441354081265,-0.008186067824366816,0.015941441354081265,-0.008186067824366816,0.015941441354081265,-0.008186067824366816,0.015941441354081265
trial_update,BSX,2026-07-28,42.66999816894531,0.07897827258485046,0.09866423903982979,0.07897827258485046,0.09866423903982979,0.07897827258485046,0.09866423903982979,0.07897827258485046,0.09866423903982979
trial_update,BSX,2026-07-22,42.72999954223633,0.019892401074757204,0.022466629879640987,0.03557220861332411,0.04633745760467889,0.07746317361925681,0.10367424181217144,0.07746317361925681,0.10367424181217144
trial_update,BSX,2026-07-27,46.41999816894531,-0.007755209173944566,0.015941441354081265,-0.008186067824366816,0.015941441354081265,-0.008186067824366816,0.015941441354081265,-0.008186067824366816,0.015941441354081265
trial_update,BSX,2026-07-16,45.220001220703125,-0.02631584275281773,0.0006633962513724612,-0.032065473768178476,0.0006633962513724612,-0.021450711953077684,0.0006633962513724612,0.01813356197895888,0.042901339547527284
trial_update,BSX,2026-07-23,43.970001220703125,0.006367950227962105,0.01682960753299012,0.03502381301060731,0.05344549485740302,0.047077544629440915,0.07254943229810484,0.047077544629440915,0.07254943229810484
trial_update,BSX,2026-07-28,42.66999816894531,0.07897827258485046,0.09866423903982979,0.07897827258485046,0.09866423903982979,0.07897827258485046,0.09866423903982979,0.07897827258485046,0.09866423903982979
trial_update,IONS,2026-07-21,51.15999984741211,0.05570755439056674,0.0566849400806948,0.09206409496717205,0.12353400534937475,0.05629400071745527,0.12353400534937475,0.05629400071745527,0.12353400534937475
trial_update,IRD,2026-07-13,3.819999933242798,-0.06806282591804724,0.007853395789016115,-0.08900521468875666,0.007853395789016115,-0.19895288056146454,0.007853395789016115,-0.10732980486312749,0.007853395789016115
fda_pma,KMTS,2026-07-16,23.639999389648438,0.03299495375566952,0.03807113151927588,-0.01692045807350684,0.043993271674226175,-0.10913705542800456,0.043993271674226175,-0.03764802929894129,0.043993271674226175
fda_510k,ISRG,2026-07-14,378.54998779296875,0.02752612274137256,0.040707975588516465,0.06281864891329048,0.071192743563818,-0.10001317282373912,0.071192743563818,-0.067230174376262,0.071192743563818
trial_update,ISRG,2026-07-15,394.0,0.021142097899151224,0.02918781725888331,-0.12329945830524269,0.02918781725888331,-0.1573096725541323,0.02918781725888331,-0.10380709110782838,0.02918781725888331
trial_update,IRON,2026-07-20,73.93000030517578,0.022318429853481092,0.024076812822253713,0.005275252103862593,0.024076812822253713,0.009738958714067714,0.03489790099289447,-0.003516869135089973,0.03489790099289447
trial_update,JAZZ,2026-07-28,257.260009765625,-0.00501441536170788,0.008124062266011256,-0.00501441536170788,0.008124062266011256,-0.00501441536170788,0.008124062266011256,-0.00501441536170788,0.008124062266011256
trial_update,JAZZ,2026-07-10,242.02000427246094,-0.020866056369756247,0.013800496979293309,-0.016403607762248362,0.013800496979293309,0.005991227678063371,0.0323940013200914,0.05540859501937545,0.06189569235225245
trial_update,JAZZ,2026-07-14,236.02000427246094,0.013981878620543897,0.020803272241501247,0.02609943348788879,0.030463529833285374,0.06096940568239573,0.08126426713237378,0.08452672056226196,0.10710949522450086
trial_update,JAZZ,2026-07-27,259.7300109863281,-0.01081891749021513,0.006044649213537534,-0.014476608811381908,0.006044649213537534,-0.014476608811381908,0.006044649213537534,-0.014476608811381908,0.006044649213537534
trial_update,KPTI,2026-07-15,9.550000190734863,-0.017801054753786794,0.030366487545662846,-0.004188477597292017,0.030366487545662846,-0.2575916218864157,0.030366487545662846,-0.2816753930361404,0.030366487545662846
trial_update,KPTI,2026-07-02,9.600000381469727,0.0020832815931923765,0.01770834057695314,0.04687497826914089,0.04687497826914089,0.04687497826914089,0.13124991928538,-0.2218750527749438,0.13124991928538
fda_drug,INCY,2026-07-20,115.36000061035156,0.01759707670385291,0.031119940351044706,0.003727464484229559,0.031119940351044706,0.12630020794332664,0.14944526180608464,0.10176835819742602,0.14944526180608464
fda_drug,INCY,2026-07-20,115.36000061035156,0.01759707670385291,0.031119940351044706,0.003727464484229559,0.031119940351044706,0.12630020794332664,0.14944526180608464,0.10176835819742602,0.14944526180608464
trial_update,INCY,2026-07-23,117.70999908447266,-0.00033982597772885814,0.012063530541073897,0.0098547589086031,0.025486364993063226,0.07977231724307354,0.12649738454553372,0.07977231724307354,0.12649738454553372
trial_update,INCY,2026-07-17,117.62000274658203,-0.016748862223269878,0.008757003530394991,-0.001955478248280129,0.011307551186898745,0.010627444064027047,0.02627101059118475,0.08059849945730879,0.12735931820379842
trial_update,INCY,2026-07-23,117.70999908447266,-0.00033982597772885814,0.012063530541073897,0.0098547589086031,0.025486364993063226,0.07977231724307354,0.12649738454553372,0.07977231724307354,0.12649738454553372
trial_update,INCY,2026-07-06,117.52999877929688,0.004424438678310771,0.005190169460454586,-0.002297257260875263,0.010550479678792968,-0.022547447914597507,0.012252211829852477,-0.0011911800485197022,0.01761252204819086
trial_update,INCY,2026-07-07,118.05999755859375,-0.006776176849963456,0.006013883611341697,0.0038963162289102904,0.007707976291103424,-0.025156710842968666,0.007707976291103424,-0.019227483398344125,0.013044222830540297
trial_update,INCY,2026-07-22,115.04000091552734,0.014342850423745057,0.021123090106371922,0.02286158929491977,0.03555281906589913,0.10483307947336762,0.15264260299234889,0.10483307947336762,0.15264260299234889
trial_update,INCY,2026-07-23,117.70999908447266,-0.00033982597772885814,0.012063530541073897,0.0098547589086031,0.025486364993063226,0.07977231724307354,0.12649738454553372,0.07977231724307354,0.12649738454553372
trial_update,INCY,2026-07-23,117.70999908447266,-0.00033982597772885814,0.012063530541073897,0.0098547589086031,0.025486364993063226,0.07977231724307354,0.12649738454553372,0.07977231724307354,0.12649738454553372
trial_update,INCY,2026-07-23,117.70999908447266,-0.00033982597772885814,0.012063530541073897,0.0098547589086031,0.025486364993063226,0.07977231724307354,0.12649738454553372,0.07977231724307354,0.12649738454553372
trial_update,INCY,2026-07-22,115.04000091552734,0.014342850423745057,0.021123090106371922,0.02286158929491977,0.03555281906589913,0.10483307947336762,0.15264260299234889,0.10483307947336762,0.15264260299234889
trial_update,INCY,2026-07-22,115.04000091552734,0.014342850423745057,0.021123090106371922,0.02286158929491977,0.03555281906589913,0.10483307947336762,0.15264260299234889,0.10483307947336762,0.15264260299234889
trial_update,LIVN,2026-07-17,80.77999877929688,-0.019435500353419122,0.0017702122290186306,-0.011574617141902999,0.0017702122290186306,-0.002475822620257917,0.0017702122290186306,0.008046565185706456,0.023768237162159922
trial_update,KURA,2026-07-27,10.130000114440918,-0.08094764911752172,0.001974284685431149,-0.118459999576354,0.001974284685431149,-0.118459999576354,0.001974284685431149,-0.118459999576354,0.001974284685431149
trial_results,KROS,2026-07-02,11.239999771118164,-0.01868327779566148,0.011565846716025785,0.03647685549475077,0.04314952137257144,-0.012455461966126902,0.08407479250371241,-0.05604983338698455,0.08407479250371241
trial_update,KROS,2026-07-02,11.239999771118164,-0.01868327779566148,0.011565846716025785,0.03647685549475077,0.04314952137257144,-0.012455461966126902,0.08407479250371241,-0.05604983338698455,0.08407479250371241
trial_update,MBX,2026-07-13,52.81999969482422,0.0713744884427383,0.10980687751932883,0.14871260105300665,0.14918593551009418,0.14123436439935566,0.20844381294665792,0.13706932450391962,0.2620220380016649
trial_update,MAZE,2026-07-14,29.700000762939453,-0.010437756408337995,0.013131292243436343,-0.08535352802331764,0.013131292243436343,-0.04074077308883994,0.013131292243436343,-0.08181818999169888,0.013131292243436343
fda_drug,LNTH,2026-07-22,103.58999633789062,0.0013515496089631096,0.010715326282384918,0.011873765811532211,0.02157544829967395,-0.03465582068543327,0.05589343682030323,-0.03465582068543327,0.05589343682030323
trial_update,KYTX,2026-07-24,7.460000038146973,0.06166220318964433,0.09115285545557317,0.004021411905869465,0.09115285545557317,-0.052278802210632414,0.09115285545557317,-0.052278802210632414,0.09115285545557317
fda_drug,MDGL,2026-07-24,555.0,-0.006756756756756799,0.020144130947353567,-0.029189211183840102,0.020144130947353567,-0.014630621832770307,0.020144130947353567,-0.014630621832770307,0.020144130947353567
trial_update,MDGL,2026-07-08,564.8699951171875,-0.008603723677258257,0.008090370109445466,-0.049869851742279425,0.008090370109445466,-0.03423790604473553,0.008090370109445466,-0.038097296222621035,0.008090370109445466
trial_update,MGTX,2026-07-24,12.279999732971191,0.0016287018077021376,0.039087989116308064,-0.03745928730860604,0.039087989116308064,-0.05374591708174414,0.039087989116308064,-0.05374591708174414,0.039087989116308064
trial_update,MGTX,2026-07-22,11.9399995803833,0.013400402571981385,0.027638265408530094,-0.014237782964324985,0.03257964039448247,-0.026800645399515655,0.06867677364459435,-0.026800645399515655,0.06867677364459435
fda_drug,GSK,2026-07-24,52.040000915527344,-0.0011529856309651088,0.012106019260848866,0.03209066371186453,0.07205995261389586,0.022674870953426574,0.07205995261389586,0.022674870953426574,0.07205995261389586
fda_drug,GSK,2026-07-13,51.81999969482422,-0.010999608224257718,0.002508704532628858,-0.007140079777378294,0.002508704532628858,-0.020069489032266796,0.0198764721220126,0.03647239291352622,0.07661137097805981
fda_drug,GSK,2026-07-20,50.2599983215332,0.010346209214672442,0.02089142631960561,0.009948269333422965,0.031237635534278052,0.06864307358047306,0.11002791043916305,0.0588938121373106,0.11002791043916305
trial_results,GSK,2026-07-17,51.380001068115234,-0.026080189270752063,0.005644162997303637,-0.011677739905511575,0.005644162997303637,0.011677665660724035,0.025106988595035462,0.035811602069617976,0.0858310579162056
trial_results,GSK,2026-07-01,52.41999816894531,0.023655126321644904,0.027088936154977095,0.012781419440023978,0.027088936154977095,0.006867619666664382,0.035673460738307794,-0.012590611798287021,0.035673460738307794
trial_results,GSK,2026-07-10,51.970001220703125,0.006157392482352808,0.013661709982600856,-0.01385416978624776,0.013661709982600856,-0.0371368146977632,0.016932792625515836,0.00019238640173857569,0.016932792625515836
trial_results,GSK,2026-07-01,52.41999816894531,0.023655126321644904,0.027088936154977095,0.012781419440023978,0.027088936154977095,0.006867619666664382,0.035673460738307794,-0.012590611798287021,0.035673460738307794
trial_update,GSK,2026-07-08,52.54999923706055,-0.0015223219318527548,0.005708834280038877,0.00437677536775527,0.009705083608655851,0.004186512348186122,0.009705083608655851,-0.034443341291568674,0.009705083608655851
trial_update,GSK,2026-07-14,51.220001220703125,0.0044904243802197374,0.011714144080859024,0.03026160093947894,0.03182345206112802,-0.008980923237151162,0.03182345206112802,0.039047246238479216,0.08922295169678796
trial_update,GSK,2026-07-17,51.380001068115234,-0.026080189270752063,0.005644162997303637,-0.011677739905511575,0.005644162997303637,0.011677665660724035,0.025106988595035462,0.035811602069617976,0.0858310579162056
trial_update,GSK,2026-07-21,51.72999954223633,-0.0187512319599219,0.0019331585096324932,-0.019137789919391412,0.0019331585096324932,0.02880343498263982,0.07848446567211198,0.02880343498263982,0.07848446567211198
trial_update,GSK,2026-07-06,54.150001525878906,-0.01532782654970044,0.002585399551309875,-0.030101588590652928,0.002585399551309875,-0.05355496665116366,0.002585399551309875,-0.062234582670722016,0.002585399551309875
trial_update,GSK,2026-07-08,52.54999923706055,-0.0015223219318527548,0.005708834280038877,0.00437677536775527,0.009705083608655851,0.004186512348186122,0.009705083608655851,-0.034443341291568674,0.009705083608655851
trial_update,GSK,2026-07-22,50.02000045776367,0.014394266575648684,0.016993172058021422,0.02658932435397432,0.0309875894217424,0.06397442490312444,0.1153538665525562,0.06397442490312444,0.1153538665525562
trial_update,GSK,2026-07-21,51.72999954223633,-0.0187512319599219,0.0019331585096324932,-0.019137789919391412,0.0019331585096324932,0.02880343498263982,0.07848446567211198,0.02880343498263982,0.07848446567211198
trial_update,GSK,2026-07-02,53.79999923706055,-0.013197009192215114,0.0,-0.00892192470340547,0.009107838018876047,-0.02806688369789101,0.009107838018876047,-0.06988844562925378,0.009107838018876047
trial_update,GSK,2026-07-14,51.220001220703125,0.0044904243802197374,0.011714144080859024,0.03026160093947894,0.03182345206112802,-0.008980923237151162,0.03182345206112802,0.039047246238479216,0.08922295169678796
trial_update,GSK,2026-07-15,51.47999954223633,0.02505829306523144,0.02661225610075535,0.005438981775187424,0.02661225610075535,-0.014374473006014798,0.02661225610075535,0.03379956670433204,0.0837218611424988
trial_update,GSK,2026-07-17,51.380001068115234,-0.026080189270752063,0.005644162997303637,-0.011677739905511575,0.005644162997303637,0.011677665660724035,0.025106988595035462,0.035811602069617976,0.0858310579162056
trial_update,GSK,2026-07-28,53.939998626708984,-0.013348116876839233,0.0003707908467347476,-0.013348116876839233,0.0003707908467347476,-0.013348116876839233,0.0003707908467347476,-0.013348116876839233,0.0003707908467347476
trial_update,GSK,2026-07-17,51.380001068115234,-0.026080189270752063,0.005644162997303637,-0.011677739905511575,0.005644162997303637,0.011677665660724035,0.025106988595035462,0.035811602069617976,0.0858310579162056
trial_update,GSK,2026-07-24,52.040000915527344,-0.0011529856309651088,0.012106019260848866,0.03209066371186453,0.07205995261389586,0.022674870953426574,0.07205995261389586,0.022674870953426574,0.07205995261389586
trial_update,GSK,2026-07-08,52.54999923706055,-0.0015223219318527548,0.005708834280038877,0.00437677536775527,0.009705083608655851,0.004186512348186122,0.009705083608655851,-0.034443341291568674,0.009705083608655851
trial_update,GSK,2026-07-07,52.68000030517578,-0.003037202856591259,0.006454065121834995,-0.0039863151719082834,0.006454065121834995,-0.02334851053741327,0.007213383939139728,-0.036446506691723335,0.007213383939139728
trial_update,GSK,2026-07-07,52.68000030517578,-0.003037202856591259,0.006454065121834995,-0.0039863151719082834,0.006454065121834995,-0.02334851053741327,0.007213383939139728,-0.036446506691723335,0.007213383939139728
trial_update,GSK,2026-07-15,51.47999954223633,0.02505829306523144,0.02661225610075535,0.005438981775187424,0.02661225610075535,-0.014374473006014798,0.02661225610075535,0.03379956670433204,0.0837218611424988
trial_update,GSK,2026-07-27,54.2400016784668,-0.009771433952675435,0.02857668121488821,-0.018805317592174964,0.02857668121488821,-0.018805317592174964,0.02857668121488821,-0.018805317592174964,0.02857668121488821
trial_update,GSK,2026-07-01,52.41999816894531,0.023655126321644904,0.027088936154977095,0.012781419440023978,0.027088936154977095,0.006867619666664382,0.035673460738307794,-0.012590611798287021,0.035673460738307794
trial_update,GSK,2026-07-24,52.040000915527344,-0.0011529856309651088,0.012106019260848866,0.03209066371186453,0.07205995261389586,0.022674870953426574,0.07205995261389586,0.022674870953426574,0.07205995261389586
trial_update,MNKD,2026-07-07,4.159999847412109,0.021634652857951187,0.03846161781683777,-0.0048076878990646055,0.03846161781683777,-0.016826850334565435,0.03846161781683777,-0.0769230636971937,0.03846161781683777
trial_update,NBIX,2026-07-17,172.3699951171875,0.003654956782844776,0.012879278781633863,0.038753890606244124,0.038753890606244124,0.023438003477201708,0.05006674669187805,0.04884839825644183,0.06457043103845095
trial_update,NRIX,2026-07-02,23.760000228881836,0.011784540570212165,0.021254173228194784,0.02693600098835347,0.03514305877226631,-0.044191966931584226,0.055765944563426206,-0.044191966931584226,0.055765944563426206
trial_update,NRIX,2026-07-28,24.280000686645508,-0.02800660156281609,0.014826964284269328,-0.02800660156281609,0.014826964284269328,-0.02800660156281609,0.014826964284269328,-0.02800660156281609,0.014826964284269328
trial_update,MIST,2026-07-21,1.2200000286102295,-0.02459013990675485,0.006557390184307232,-0.01639342660450327,0.006557390184307232,-0.14754103486558956,0.006557390184307232,-0.14754103486558956,0.006557390184307232
trial_update,NVCT,2026-07-09,18.860000610351562,-0.02704136863081097,0.00795331991919146,-0.022269356452906064,0.00795331991919146,0.014846170213970833,0.05885464830757714,0.0238599597575746,0.07104984672441716
trial_update,NKTR,2026-07-10,69.70999908447266,-0.0199397419007864,0.004016622908825207,-0.03643667980040344,0.004016622908825207,-0.06986089241918791,0.004016622908825207,0.023526027990061094,0.06125382769388166
trial_update,NMRA,2026-07-06,1.6699999570846558,0.03592818175491064,0.10479046468424702,-0.047904147162801,0.10479046468424702,-0.05389216555815113,0.10479046468424702,-0.032934101174425634,0.10479046468424702
trial_update,OMER,2026-07-16,9.15999984741211,0.05786023382095662,0.08296945868362116,0.051310073674465606,0.08296945868362116,0.06877730621566625,0.13100434817192297,0.27401749680060994,0.2980349936012201
fda_pma,MDT,2026-07-16,83.5199966430664,-0.003831414124593202,0.014008690677276059,-0.0027537803733634902,0.014008690677276059,-0.0037116567415413915,0.014008690677276059,0.048132236997577404,0.0653736462323058
fda_pma,MDT,2026-07-16,83.5199966430664,-0.003831414124593202,0.014008690677276059,-0.0027537803733634902,0.014008690677276059,-0.0037116567415413915,0.014008690677276059,0.048132236997577404,0.0653736462323058
fda_pma,MDT,2026-07-16,83.5199966430664,-0.003831414124593202,0.014008690677276059,-0.0027537803733634902,0.014008690677276059,-0.0037116567415413915,0.014008690677276059,0.048132236997577404,0.0653736462323058
fda_pma,MDT,2026-07-09,82.83000183105469,0.01255584803255938,0.016419178803418477,0.008933935137160454,0.02245563888970259,0.004466921514044708,0.02366291248514507,0.004587676506310201,0.02366291248514507
fda_pma,MDT,2026-07-10,84.0,-0.005119051252092666,0.00821431477864576,-0.05595234462193077,0.00821431477864576,-0.00845237005324595,0.009404772803896844,0.002619062151227647,0.013571421305338616
fda_pma,MDT,2026-07-06,84.56999969482422,-0.0087501225782175,0.016790802578567465,-0.030270752841807358,0.016790802578567465,-0.06231520234224308,0.016790802578567465,-0.026250457948612138,0.016790802578567465
fda_pma,MDT,2026-07-16,83.5199966430664,-0.003831414124593202,0.014008690677276059,-0.0027537803733634902,0.014008690677276059,-0.0037116567415413915,0.014008690677276059,0.048132236997577404,0.0653736462323058
fda_pma,MDT,2026-07-14,79.61000061035156,0.010802670565985828,0.028513963392323483,0.049616843586967274,0.06506720594726678,0.028639602585311508,0.06506720594726678,0.09961060475289907,0.11769881515820102
fda_pma,MDT,2026-07-01,80.0,0.039875030517578125,0.04137496948242192,0.038249969482421875,0.04712495803833017,0.0483750343322753,0.07487497329711923,0.039999961853027344,0.07487497329711923
trial_update,MDT,2026-07-17,82.9800033569336,0.0037358103886826477,0.012653595804844597,-0.007592249425473874,0.012653595804844597,0.014943333497297484,0.02603031990037108,0.05495296907833547,0.07230657697362775
trial_update,NTRA,2026-07-23,264.69000244140625,-0.010200658060853462,0.008236021971641527,-0.025161523293966037,0.009747200681811785,-0.04106688963287819,0.009747200681811785,-0.04106688963287819,0.009747200681811785
trial_update,NTHI,2026-07-16,3.2699999809265137,0.058103993372692564,0.09510706744125241,0.0,0.09510706744125241,0.04892969014188009,0.1773700082841343,0.07033639768044231,0.1773700082841343
trial_update,NTHI,2026-07-16,3.2699999809265137,0.058103993372692564,0.09510706744125241,0.0,0.09510706744125241,0.04892969014188009,0.1773700082841343,0.07033639768044231,0.1773700082841343
trial_update,ORIC,2026-07-09,11.039999961853027,-0.0172101069782441,0.011322463807238892,-0.05253622515490508,0.011322463807238892,-0.02807974825071169,0.025362294740822966,0.09601453109414515,0.1367753835234966
fda_drug,OTLK,2026-07-24,1.4199999570846558,-0.24999993703734513,0.0,-0.36338027353159963,0.0,-0.295774626604173,0.0,-0.295774626604173,0.0
trial_results,OTLK,2026-07-17,1.4199999570846558,-0.028168988071767043,0.07042255412962395,0.0,0.07042255412962395,-0.24999993703734513,0.23239440344269724,-0.295774626604173,0.23239440344269724
trial_update,OTLK,2026-07-17,1.4199999570846558,-0.028168988071767043,0.07042255412962395,0.0,0.07042255412962395,-0.24999993703734513,0.23239440344269724,-0.295774626604173,0.23239440344269724
fda_drug,OGN,2026-07-06,13.555000305175781,-0.003319813742590827,0.0003688760109439304,-0.0062707514742376125,0.0003688760109439304,-0.004057565764478799,0.0003688760109439304,-0.003319813742590827,0.0003688760109439304
fda_drug,OGN,2026-07-06,13.555000305175781,-0.003319813742590827,0.0003688760109439304,-0.0062707514742376125,0.0003688760109439304,-0.004057565764478799,0.0003688760109439304,-0.003319813742590827,0.0003688760109439304
fda_drug,OGN,2026-07-06,13.555000305175781,-0.003319813742590827,0.0003688760109439304,-0.0062707514742376125,0.0003688760109439304,-0.004057565764478799,0.0003688760109439304,-0.003319813742590827,0.0003688760109439304
trial_update,ORKA,2026-07-09,87.95999908447266,-0.013301480003674149,0.003524301521377282,-0.03865395135593064,0.003524301521377282,0.053888107243128314,0.05729878317401038,0.04774902934688785,0.09447473448258248
trial_update,ORKA,2026-07-01,90.83999633789062,-0.061977074861127246,0.010347891669984177,-0.08487449796667057,0.010347891669984177,-0.04458383515669484,0.010347891669984177,0.020475568971106695,0.023778112606642754
trial_update,PRAX,2026-07-16,299.1600036621094,0.050976065695012895,0.07722622189918771,0.017615954503143127,0.0885746273414687,0.08737793759483825,0.09474863241651055,-0.027176109049641073,0.1030986317789424
trial_update,PODD,2026-07-02,163.6999969482422,-0.024007286188428067,0.004276096281562669,-0.013133744267351144,0.004276096281562669,-0.010018322664764434,0.004581551704226028,0.02241904848724996,0.03756877990179763
trial_update,PODD,2026-07-02,163.6999969482422,-0.024007286188428067,0.004276096281562669,-0.013133744267351144,0.004276096281562669,-0.010018322664764434,0.004581551704226028,0.02241904848724996,0.03756877990179763
trial_update,PBYI,2026-07-27,8.0,-0.003750026226043701,0.028749942779541016,-0.023750007152557373,0.028749942779541016,-0.023750007152557373,0.028749942779541016,-0.023750007152557373,0.028749942779541016
trial_update,RCKT,2026-07-28,3.130000114440918,0.0031948850152176966,0.01597442507608826,0.0031948850152176966,0.01597442507608826,0.0031948850152176966,0.01597442507608826,0.0031948850152176966,0.01597442507608826
fda_510k,PRCT,2026-07-09,20.1299991607666,0.0377546080758453,0.043219119498476344,0.05414804759218783,0.0710382694880014,-0.045206154264809895,0.0710382694880014,-0.17088915897291967,0.0710382694880014
trial_update,RAPP,2026-07-22,40.529998779296875,0.020972176521568242,0.029854501248788745,0.0037010000097885687,0.03145821772218227,0.010115960023703296,0.09252405904131278,0.010115960023703296,0.09252405904131278
trial_results,PYPD,2026-07-13,5.090000152587891,0.05108049985273322,0.05893903829161529,0.023575615316646203,0.07917482629637873,-0.2652259533557718,0.12573670870328035,-0.2632613187460513,0.12573670870328035
fda_drug,RDY,2026-07-21,12.0,-0.051666657129923466,0.005833307902018303,-0.016666650772094727,0.005833307902018303,-0.019999980926513672,0.005833307902018303,-0.019999980926513672,0.005833307902018303
trial_update,RYTM,2026-07-15,108.94000244140625,-0.026161245085784768,0.008261372097622566,-0.021479749539603077,0.008261372097622566,-0.05764639837120067,0.008261372097622566,-0.022122302259040327,0.018817655373799758
trial_update,RIGL,2026-07-15,40.9900016784668,0.01658932575344929,0.0573310167819685,-0.010978305550444767,0.0573310167819685,-0.10173217401533308,0.0573310167819685,-0.046840739327200565,0.0573310167819685
trial_update,RGNX,2026-07-07,14.989999771118164,0.016010658758019547,0.05937293908686736,0.04402934339490505,0.05937293908686736,-0.18145425983229324,0.05937293908686736,-0.31954636657714386,0.05937293908686736
trial_update,RGNX,2026-07-21,10.079999923706055,0.011904750641601458,0.04166667455087891,0.016865087061572304,0.04166667455087891,-0.045634924764746176,0.04265876075698283,-0.045634924764746176,0.04265876075698283
trial_update,RCUS,2026-07-21,29.209999084472656,0.02601849547081403,0.027730277257064007,0.01780213879020942,0.06436155861143456,-0.09448813447585325,0.06436155861143456,-0.09448813447585325,0.06436155861143456
trial_update,RCUS,2026-07-02,30.420000076293945,-0.014464185830180387,0.02662720131199503,-0.005588431159355145,0.02662720131199503,-0.07725182036738598,0.02662720131199503,-0.07396449685591577,0.02662720131199503
trial_update,RVMD,2026-07-16,176.8699951171875,0.05252450274998122,0.055351437865056585,0.019901647366070918,0.07338729770263219,0.06988183949551363,0.09419349873940508,0.022898191686353764,0.1000169781747633
trial_update,RVMD,2026-07-08,190.0500030517578,0.005682724618323531,0.01986316146207212,-0.01667981119727735,0.01986316146207212,-0.057195528552642205,0.01986316146207212,-0.006840321130664573,0.01986316146207212
trial_update,RVMD,2026-07-07,190.0,-0.001210503829152998,0.018315766987047732,0.005947394120065841,0.020131562885485232,-0.02926314504523031,0.020131562885485232,-0.03668421695106905,0.020131562885485232
trial_update,SABS,2026-07-10,3.7899999618530273,-0.015831119626240175,0.022427450924145553,-0.05013194172370472,0.022427450924145553,-0.07387862116306498,0.022427450924145553,-0.09234826072701185,0.022427450924145553
trial_results,SLGL,2026-07-21,91.69999694824219,-0.08069786415217783,0.02224646655854068,-0.1215920857966627,0.02224646655854068,-0.09983641312948122,0.02224646655854068,-0.09983641312948122,0.02224646655854068
trial_update,RARE,2026-07-21,28.6200008392334,-0.03406709828369947,0.008385735991634391,-0.05590497325480104,0.008385735991634391,-0.12648500115593853,0.008385735991634391,-0.12648500115593853,0.008385735991634391
trial_update,RARE,2026-07-06,34.189998626708984,0.04913718551200463,0.06961103140425373,0.014039179921503608,0.06961103140425373,-0.06317636543350813,0.06961103140425373,-0.16291307432590374,0.06961103140425373
trial_update,RARE,2026-07-17,29.329999923706055,-0.027275800857194832,0.023866374523024758,-0.02420726513193061,0.023866374523024758,-0.08319129016040261,0.023866374523024758,-0.14763041032967472,0.023866374523024758
trial_update,RARE,2026-07-17,29.329999923706055,-0.027275800857194832,0.023866374523024758,-0.02420726513193061,0.023866374523024758,-0.08319129016040261,0.023866374523024758,-0.14763041032967472,0.023866374523024758
trial_update,SLDB,2026-07-16,8.779999732971191,-0.0068336523652807735,0.02790431583261266,-0.03758541386588188,0.02790431583261266,-0.1082004371478098,0.02790431583261266,-0.08428243663143542,0.02790431583261266
trial_update,SLDB,2026-07-08,10.970000267028809,0.015496816057962493,0.018231522734438954,-0.050136752720775335,0.018231522734438954,-0.17502279212012928,0.018231522734438954,-0.2725615474178247,0.018231522734438954
trial_results,SCLX,2026-07-06,7.940000057220459,0.25062975234435436,0.3134760485718098,0.14987406154214056,0.3134760485718098,0.10327458006951606,0.3134760485718098,-0.01259444633651241,0.3134760485718098
trial_results,ONC,2026-07-14,310.0,0.004064547631048354,0.012870936239919306,0.023935527186239813,0.04458066878780231,0.03203223443800396,0.058064516129032295,0.055516101467993906,0.06996774981098786
trial_update,ONC,2026-07-23,329.5,-0.010925663440108146,0.006130467416303187,-0.010925663440108146,0.006130467416303187,-0.006949950060460952,0.006646441400322445,-0.006949950060460952,0.006646441400322445
trial_update,ONC,2026-07-23,329.5,-0.010925663440108146,0.006130467416303187,-0.010925663440108146,0.006130467416303187,-0.006949950060460952,0.006646441400322445,-0.006949950060460952,0.006646441400322445
trial_update,ONC,2026-07-14,310.0,0.004064547631048354,0.012870936239919306,0.023935527186239813,0.04458066878780231,0.03203223443800396,0.058064516129032295,0.055516101467993906,0.06996774981098786
trial_update,ONC,2026-07-23,329.5,-0.010925663440108146,0.006130467416303187,-0.010925663440108146,0.006130467416303187,-0.006949950060460952,0.006646441400322445,-0.006949950060460952,0.006646441400322445
trial_update,ONC,2026-07-08,300.5,0.0077536990757591795,0.02026621077501045,-0.005989976016534948,0.02026621077501045,0.056306201090630115,0.07760401771786607,0.08742092849807603,0.09964390404014134
trial_update,ONC,2026-07-08,300.5,0.0077536990757591795,0.02026621077501045,-0.005989976016534948,0.02026621077501045,0.056306201090630115,0.07760401771786607,0.08742092849807603,0.09964390404014134
trial_update,ONC,2026-07-23,329.5,-0.010925663440108146,0.006130467416303187,-0.010925663440108146,0.006130467416303187,-0.006949950060460952,0.006646441400322445,-0.006949950060460952,0.006646441400322445
trial_update,ONC,2026-07-23,329.5,-0.010925663440108146,0.006130467416303187,-0.010925663440108146,0.006130467416303187,-0.006949950060460952,0.006646441400322445,-0.006949950060460952,0.006646441400322445
trial_update,ONC,2026-07-22,320.4100036621094,0.019849521796670988,0.03131297208976491,0.017134266008012933,0.034674277408887066,0.021222769936171337,0.03520488951772016,0.021222769936171337,0.03520488951772016
trial_update,ONC,2026-07-13,307.44000244140625,-0.002862362984075939,0.0024557795889179612,0.012425212379273187,0.021304930200867656,0.036576226346246576,0.05327870398366352,0.07487636231742223,0.07887717866064525
trial_update,ONC,2026-07-23,329.5,-0.010925663440108146,0.006130467416303187,-0.010925663440108146,0.006130467416303187,-0.006949950060460952,0.006646441400322445,-0.006949950060460952,0.006646441400322445
trial_update,ONC,2026-07-23,329.5,-0.010925663440108146,0.006130467416303187,-0.010925663440108146,0.006130467416303187,-0.006949950060460952,0.006646441400322445,-0.006949950060460952,0.006646441400322445
trial_update,ONC,2026-07-09,303.0299987792969,-0.014288970035007176,0.005741973538541556,0.003068978911419773,0.016071000022457982,0.029666997559943287,0.06860709708171053,0.07547105966180001,0.09401706216923045
trial_update,ONC,2026-07-08,300.5,0.0077536990757591795,0.02026621077501045,-0.005989976016534948,0.02026621077501045,0.056306201090630115,0.07760401771786607,0.08742092849807603,0.09964390404014134
trial_update,ONC,2026-07-08,300.5,0.0077536990757591795,0.02026621077501045,-0.005989976016534948,0.02026621077501045,0.056306201090630115,0.07760401771786607,0.08742092849807603,0.09964390404014134
trial_update,ONC,2026-07-24,327.75,-0.005644564770451943,0.007490424324227751,0.008268471258819687,0.012021365191170919,-0.0016476233254671957,0.012021365191170919,-0.0016476233254671957,0.012021365191170919
fda_510k,SNN,2026-07-09,30.75,-0.001625991449123454,0.0029268342305004413,0.010731704835969191,0.016910583992314487,-0.0052032470703125,0.025365875988471842,-0.005853668461000994,0.025365875988471842
fda_510k,SNN,2026-07-06,31.0,-0.01677420831495713,0.0009677640853389402,-0.033870943130985376,0.0009677640853389402,-0.03774193794496594,0.008709692185924878,-0.025483900500882006,0.017096796343403442
trial_results,SNN,2026-07-13,30.020000457763672,-0.006329131617600625,0.000666237756785204,0.02598263715532867,0.037641543755352114,0.006329068081671219,0.050299806990553364,0.08461028903383827,0.08494334437630147
trial_update,SNN,2026-07-02,30.299999237060547,0.00825082529026,0.00825082529026,0.0059406042807954584,0.02409245768864854,0.025742597567179892,0.032013242413441834,0.004290464402263883,0.04059410826916854
trial_results,SNDX,2026-07-06,22.3799991607666,0.03842719582667331,0.04870420882314974,0.09740841764629926,0.12779270409291632,0.07819481973296272,0.12779270409291632,0.011617526301682446,0.12779270409291632
trial_update,SNDX,2026-07-23,21.3799991607666,-0.026660417081315724,0.0028064254277953005,-0.04022444980171336,0.008886835431045181,-0.10102899589331227,0.008886835431045181,-0.10102899589331227,0.008886835431045181
trial_update,SMMT,2026-07-28,12.609999656677246,0.01506744958212658,0.049960359365063045,0.01506744958212658,0.049960359365063045,0.01506744958212658,0.049960359365063045,0.01506744958212658,0.049960359365063045
trial_update,SYRE,2026-07-28,99.37999725341797,-0.01519414921078599,0.01615016503613753,-0.01519414921078599,0.01615016503613753,-0.01519414921078599,0.01615016503613753,-0.01519414921078599,0.01615016503613753
trial_results,SPRY,2026-07-14,7.590000152587891,-0.005270087094713549,0.013175217736783873,-0.01712781447001588,0.013175217736783873,-0.2015810512581716,0.013175217736783873,-0.23188408346497136,0.013175217736783873
trial_update,SPRY,2026-07-14,7.590000152587891,-0.005270087094713549,0.013175217736783873,-0.01712781447001588,0.013175217736783873,-0.2015810512581716,0.013175217736783873,-0.23188408346497136,0.013175217736783873
trial_update,SPRY,2026-07-22,6.099999904632568,-0.01639342724524051,0.0,-0.02622948359238486,0.0196721126942887,-0.04426229264716308,0.0196721126942887,-0.04426229264716308,0.0196721126942887
fda_drug,TEVA,2026-07-02,35.0,0.0082857404436385,0.013428606305803559,-0.009999956403459853,0.013428606305803559,-0.08057141985212057,0.013428606305803559,-0.11428571428571432,0.013428606305803559
trial_update,SUPN,2026-07-15,47.529998779296875,0.014306760417422515,0.016200304597926207,0.010730110442431107,0.03219025106856477,-0.0071533802087112575,0.03219025106856477,-0.020197751086221682,0.03219025106856477
trial_results,SOLV,2026-07-27,83.08000183105469,0.037193022024412326,0.04971108765520271,0.06584016731037767,0.06704380804120524,0.06584016731037767,0.06704380804120524,0.06584016731037767,0.06704380804120524
trial_update,SOLV,2026-07-01,79.08000183105469,-0.010242857476391642,0.01125441791908166,-0.014415773435158874,0.01125441791908166,-0.030096166258279933,0.01125441791908166,0.028199237176336878,0.05386942853057741
trial_update,TFX,2026-07-24,132.5,-0.010943373194280626,0.014113170695754684,0.012830165647110814,0.023698108601120316,0.016226369030070797,0.023698108601120316,0.016226369030070797,0.023698108601120316
trial_results,UTHR,2026-07-06,559.0599975585938,0.008299672072229036,0.008299672072229036,-0.00844269080910287,0.008299672072229036,-0.057954467419512934,0.008299672072229036,-0.04155185591921251,0.008299672072229036
trial_update,UTHR,2026-07-13,535.5700073242188,-0.01663654435057571,0.0010829902382727408,-0.007057955533694926,0.0010829902382727408,0.00048548231243206175,0.014918666327664809,-0.02229400877218679,0.014918666327664809
trial_update,TENX,2026-07-20,15.65999984741211,0.003831444457300881,0.037675616752026464,-0.055555548789028464,0.03831420097803373,0.008939996467872913,0.053639857009749825,-0.053639857009749936,0.053639857009749825
trial_update,TSHA,2026-07-07,6.460000038146973,0.004643921485145475,0.020123856605766877,0.01702788434440272,0.02321982886713081,-0.04179566243531507,0.02321982886713081,-0.1238390380821639,0.02321982886713081
fda_drug,VERA,2026-07-07,42.95000076293945,-0.012107111723554831,0.01722928639405419,-0.011641443332206847,0.01722928639405419,-0.01047731676241892,0.01722928639405419,-0.160535514209192,0.01722928639405419
trial_update,TYRA,2026-07-17,32.0,-0.029531240463256836,0.03281247615814209,-0.004687488079071045,0.03281247615814209,-0.029375016689300537,0.03281247615814209,-0.027812480926513672,0.03281247615814209
trial_update,TYRA,2026-07-24,30.790000915527344,0.008769033529936632,0.04774268796025094,0.0029229698786359393,0.04774268796025094,0.010392974514750408,0.04774268796025094,0.010392974514750408,0.04774268796025094
trial_update,VERU,2026-07-01,3.2100000381469727,-0.046729001116779356,0.0,-0.11838009654986781,0.0,-0.13395640549756105,0.0,-0.2585669513528063,0.0
trial_update,VIR,2026-07-13,9.739999771118164,-0.025667351732524657,0.0030801527053900823,-0.013347034650494027,0.0030801527053900823,-0.0328541788854152,0.0030801527053900823,-0.09137570950335494,0.0030801527053900823
trial_update,VSTM,2026-07-13,5.420000076293945,0.027675293958666858,0.08856088788133332,0.057195560593333195,0.08856088788133332,0.10701105452799986,0.1476014211506662,0.14944648180399978,0.1918819090799999
trial_update,XENE,2026-07-08,70.47000122070312,0.006953283032235413,0.031077088171851175,-0.02199521817664507,0.031077088171851175,-0.04952458923392522,0.031077088171851175,-0.07166174207861642,0.031077088171851175
trial_update,VNDA,2026-07-07,6.400000095367432,0.028124972758815092,0.034374966705218446,-0.003124996973201677,0.034374966705218446,-0.0859375285217534,0.034374966705218446,-0.16406252735760019,0.034374966705218446
trial_update,VNDA,2026-07-20,5.320000171661377,0.030075158317550033,0.03571429531761172,0.005639047369019767,0.03947369010730539,-0.030075247948591954,0.03947369010730539,-0.05075187447638663,0.03947369010730539
trial_update,VNDA,2026-07-27,5.199999809265137,-0.0076923006385033466,0.00961542164785767,-0.028846081544659063,0.00961542164785767,-0.028846081544659063,0.00961542164785767,-0.028846081544659063,0.00961542164785767
trial_update,VERX,2026-07-16,12.890000343322754,-0.006982168362354768,0.03258340303392715,0.0,0.03258340303392715,-0.07913114279256406,0.03258340303392715,0.03335914197428336,0.06051200249775368
trial_update,VERX,2026-07-01,12.539999961853027,0.024720926679404176,0.04545452125663241,0.024720926679404176,0.04545452125663241,-0.012759158524627834,0.0741627039876287,0.020733670627812062,0.0741627039876287
trial_update,VERX,2026-07-01,12.539999961853027,0.024720926679404176,0.04545452125663241,0.024720926679404176,0.04545452125663241,-0.012759158524627834,0.0741627039876287,0.020733670627812062,0.0741627039876287
trial_update,VERX,2026-07-20,12.1899995803833,0.007383113673992581,0.03527484167167305,-0.09351923124615824,0.03527484167167305,0.0861361958063207,0.10049224147973335,0.09269894613116847,0.12141103747799376
trial_update,VERX,2026-07-21,12.170000076293945,-0.09202957095626807,0.0016433446149530795,-0.10517664132677484,0.0016433446149530795,0.09449462706005796,0.12325390226758204,0.09449462706005796,0.12325390226758204
trial_update,XNCR,2026-07-20,18.850000381469727,0.08488065512415521,0.12785144820374805,0.03501325379605369,0.12785144820374805,0.05941638775698732,0.12785144820374805,0.03607428601668605,0.12785144820374805
trial_update,XNCR,2026-07-24,19.48200035095215,0.019402538373372913,0.05738630584014626,0.025048709250151235,0.05738630584014626,0.0024638299367967242,0.05738630584014626,0.0024638299367967242,0.05738630584014626
fda_drug,LLY,2026-07-14,1145.5,0.009716285362560084,0.01337402556880174,0.020663504098919594,0.03803574534182674,0.01528590987832823,0.03803574534182674,0.05632476606831083,0.07551287647315585
fda_drug,LLY,2026-07-13,1166.010009765625,-0.011552191310804094,0.0,-0.008044532040250574,0.0,0.008061701302162882,0.019776791219890733,0.04686925837373179,0.05659470303144265
fda_drug,LLY,2026-07-14,1145.5,0.009716285362560084,0.01337402556880174,0.020663504098919594,0.03803574534182674,0.01528590987832823,0.03803574534182674,0.05632476606831083,0.07551287647315585
trial_results,LLY,2026-07-16,1159.449951171875,0.016956345687726193,0.024580621156777394,-0.010824034918564651,0.024580621156777394,0.03154951025529651,0.0409590687259731,0.04361556814786449,0.06257281632104728
trial_results,LLY,2026-07-13,1166.010009765625,-0.011552191310804094,0.0,-0.008044532040250574,0.0,0.008061701302162882,0.019776791219890733,0.04686925837373179,0.05659470303144265
trial_results,LLY,2026-07-17,1179.6500244140625,-0.027762471345064488,0.006332361758594862,-0.0035942780880974246,0.006332361758594862,0.015157041930036419,0.02313390957266548,0.025744919669943966,0.04437754800364613
trial_results,LLY,2026-07-08,1211.6400146484375,0.004382437406524664,0.015153003474294824,-0.019032103855072036,0.015153003474294824,-0.0350516409079209,0.015153003474294824,-0.02126870953393467,0.015153003474294824
trial_results,LLY,2026-07-07,1221.0999755859375,-0.004315796934416638,0.01702566495632274,-0.0033985951167275763,0.01702566495632274,-0.05279663581369698,0.01702566495632274,-0.0475718343966377,0.01702566495632274
trial_results,LLY,2026-07-17,1179.6500244140625,-0.027762471345064488,0.006332361758594862,-0.0035942780880974246,0.006332361758594862,0.015157041930036419,0.02313390957266548,0.025744919669943966,0.04437754800364613
trial_results,LLY,2026-07-10,1180.1099853515625,0.0014913946898778008,0.013710631984964916,-0.023362183721247987,0.013710631984964916,-0.0281414116902049,0.013710631984964916,0.014761373229227326,0.022735131799342057
trial_results,LLY,2026-07-10,1180.1099853515625,0.0014913946898778008,0.013710631984964916,-0.023362183721247987,0.013710631984964916,-0.0281414116902049,0.013710631984964916,0.014761373229227326,0.022735131799342057
trial_results,LLY,2026-07-10,1180.1099853515625,0.0014913946898778008,0.013710631984964916,-0.023362183721247987,0.013710631984964916,-0.0281414116902049,0.013710631984964916,0.014761373229227326,0.022735131799342057
trial_results,LLY,2026-07-20,1143.0,0.028355235502788734,0.03025367983787186,0.01750657022364388,0.03025367983787186,0.06794403690261364,0.07786526684164485,0.05863518769138243,0.07786526684164485
trial_results,LLY,2026-07-09,1210.31005859375,-0.01795416173299469,0.0021894408998210935,-0.02349816336287147,0.0021894408998210935,-0.02577857882007406,0.0021894408998210935,-0.011798653737924658,0.0021894408998210935
trial_results,LLY,2026-07-17,1179.6500244140625,-0.027762471345064488,0.006332361758594862,-0.0035942780880974246,0.006332361758594862,0.015157041930036419,0.02313390957266548,0.025744919669943966,0.04437754800364613
trial_update,LLY,2026-07-20,1143.0,0.028355235502788734,0.03025367983787186,0.01750657022364388,0.03025367983787186,0.06794403690261364,0.07786526684164485,0.05863518769138243,0.07786526684164485
trial_update,LLY,2026-07-16,1159.449951171875,0.016956345687726193,0.024580621156777394,-0.010824034918564651,0.024580621156777394,0.03154951025529651,0.0409590687259731,0.04361556814786449,0.06257281632104728
trial_update,LLY,2026-07-16,1159.449951171875,0.016956345687726193,0.024580621156777394,-0.010824034918564651,0.024580621156777394,0.03154951025529651,0.0409590687259731,0.04361556814786449,0.06257281632104728
trial_update,LLY,2026-07-16,1159.449951171875,0.016956345687726193,0.024580621156777394,-0.010824034918564651,0.024580621156777394,0.03154951025529651,0.0409590687259731,0.04361556814786449,0.06257281632104728
trial_update,LLY,2026-07-22,1146.6199951171875,0.03423104443245695,0.03747533697834515,0.0430919000105503,0.05260674551807165,0.05529296949647455,0.07446233734489027,0.05529296949647455,0.07446233734489027
trial_update,LLY,2026-07-17,1179.6500244140625,-0.027762471345064488,0.006332361758594862,-0.0035942780880974246,0.006332361758594862,0.015157041930036419,0.02313390957266548,0.025744919669943966,0.04437754800364613
trial_update,LLY,2026-07-17,1179.6500244140625,-0.027762471345064488,0.006332361758594862,-0.0035942780880974246,0.006332361758594862,0.015157041930036419,0.02313390957266548,0.025744919669943966,0.04437754800364613
trial_update,LLY,2026-07-07,1221.0999755859375,-0.004315796934416638,0.01702566495632274,-0.0033985951167275763,0.01702566495632274,-0.05279663581369698,0.01702566495632274,-0.0475718343966377,0.01702566495632274
trial_update,LLY,2026-07-07,1221.0999755859375,-0.004315796934416638,0.01702566495632274,-0.0033985951167275763,0.01702566495632274,-0.05279663581369698,0.01702566495632274,-0.0475718343966377,0.01702566495632274
trial_update,LLY,2026-07-20,1143.0,0.028355235502788734,0.03025367983787186,0.01750657022364388,0.03025367983787186,0.06794403690261364,0.07786526684164485,0.05863518769138243,0.07786526684164485
trial_update,LLY,2026-07-17,1179.6500244140625,-0.027762471345064488,0.006332361758594862,-0.0035942780880974246,0.006332361758594862,0.015157041930036419,0.02313390957266548,0.025744919669943966,0.04437754800364613
trial_update,LLY,2026-07-16,1159.449951171875,0.016956345687726193,0.024580621156777394,-0.010824034918564651,0.024580621156777394,0.03154951025529651,0.0409590687259731,0.04361556814786449,0.06257281632104728
trial_update,LLY,2026-07-20,1143.0,0.028355235502788734,0.03025367983787186,0.01750657022364388,0.03025367983787186,0.06794403690261364,0.07786526684164485,0.05863518769138243,0.07786526684164485
trial_update,LLY,2026-07-16,1159.449951171875,0.016956345687726193,0.024580621156777394,-0.010824034918564651,0.024580621156777394,0.03154951025529651,0.0409590687259731,0.04361556814786449,0.06257281632104728
trial_update,LLY,2026-07-22,1146.6199951171875,0.03423104443245695,0.03747533697834515,0.0430919000105503,0.05260674551807165,0.05529296949647455,0.07446233734489027,0.05529296949647455,0.07446233734489027
trial_update,LLY,2026-07-13,1166.010009765625,-0.011552191310804094,0.0,-0.008044532040250574,0.0,0.008061701302162882,0.019776791219890733,0.04686925837373179,0.05659470303144265
trial_update,LLY,2026-07-17,1179.6500244140625,-0.027762471345064488,0.006332361758594862,-0.0035942780880974246,0.006332361758594862,0.015157041930036419,0.02313390957266548,0.025744919669943966,0.04437754800364613
trial_update,LLY,2026-07-21,1173.9100341796875,-0.009285229784818494,0.0009284917826553052,0.010188140989745742,0.013357013045366628,0.03076043674573037,0.049484171809558664,0.03076043674573037,0.049484171809558664
trial_update,LLY,2026-07-16,1159.449951171875,0.016956345687726193,0.024580621156777394,-0.010824034918564651,0.024580621156777394,0.03154951025529651,0.0409590687259731,0.04361556814786449,0.06257281632104728
trial_update,LLY,2026-07-20,1143.0,0.028355235502788734,0.03025367983787186,0.01750657022364388,0.03025367983787186,0.06794403690261364,0.07786526684164485,0.05863518769138243,0.07786526684164485
trial_update,LLY,2026-07-13,1166.010009765625,-0.011552191310804094,0.0,-0.008044532040250574,0.0,0.008061701302162882,0.019776791219890733,0.04686925837373179,0.05659470303144265
trial_update,LLY,2026-07-16,1159.449951171875,0.016956345687726193,0.024580621156777394,-0.010824034918564651,0.024580621156777394,0.03154951025529651,0.0409590687259731,0.04361556814786449,0.06257281632104728
trial_update,LLY,2026-07-01,1193.010009765625,0.01751873349174038,0.03268203109380008,0.0059094632655345425,0.03268203109380008,-0.0037133416104427885,0.0473088582193355,-0.011651221951434643,0.0473088582193355
trial_update,LLY,2026-07-20,1143.0,0.028355235502788734,0.03025367983787186,0.01750657022364388,0.03025367983787186,0.06794403690261364,0.07786526684164485,0.05863518769138243,0.07786526684164485
trial_update,LLY,2026-07-17,1179.6500244140625,-0.027762471345064488,0.006332361758594862,-0.0035942780880974246,0.006332361758594862,0.015157041930036419,0.02313390957266548,0.025744919669943966,0.04437754800364613
trial_update,LLY,2026-07-23,1194.3499755859375,0.0014066678488549034,0.010541270211971154,0.002662581132785169,0.010541270211971154,0.013120144233791153,0.031523443867943035,0.013120144233791153,0.031523443867943035
trial_update,LLY,2026-07-20,1143.0,0.028355235502788734,0.03025367983787186,0.01750657022364388,0.03025367983787186,0.06794403690261364,0.07786526684164485,0.05863518769138243,0.07786526684164485
trial_update,LLY,2026-07-17,1179.6500244140625,-0.027762471345064488,0.006332361758594862,-0.0035942780880974246,0.006332361758594862,0.015157041930036419,0.02313390957266548,0.025744919669943966,0.04437754800364613
trial_update,LLY,2026-07-20,1143.0,0.028355235502788734,0.03025367983787186,0.01750657022364388,0.03025367983787186,0.06794403690261364,0.07786526684164485,0.05863518769138243,0.07786526684164485
trial_update,LLY,2026-07-17,1179.6500244140625,-0.027762471345064488,0.006332361758594862,-0.0035942780880974246,0.006332361758594862,0.015157041930036419,0.02313390957266548,0.025744919669943966,0.04437754800364613
trial_update,LLY,2026-07-07,1221.0999755859375,-0.004315796934416638,0.01702566495632274,-0.0033985951167275763,0.01702566495632274,-0.05279663581369698,0.01702566495632274,-0.0475718343966377,0.01702566495632274
trial_update,LLY,2026-07-07,1221.0999755859375,-0.004315796934416638,0.01702566495632274,-0.0033985951167275763,0.01702566495632274,-0.05279663581369698,0.01702566495632274,-0.0475718343966377,0.01702566495632274
trial_update,LLY,2026-07-20,1143.0,0.028355235502788734,0.03025367983787186,0.01750657022364388,0.03025367983787186,0.06794403690261364,0.07786526684164485,0.05863518769138243,0.07786526684164485
trial_update,LLY,2026-07-08,1211.6400146484375,0.004382437406524664,0.015153003474294824,-0.019032103855072036,0.015153003474294824,-0.0350516409079209,0.015153003474294824,-0.02126870953393467,0.015153003474294824
trial_update,LLY,2026-07-07,1221.0999755859375,-0.004315796934416638,0.01702566495632274,-0.0033985951167275763,0.01702566495632274,-0.05279663581369698,0.01702566495632274,-0.0475718343966377,0.01702566495632274
trial_update,LLY,2026-07-20,1143.0,0.028355235502788734,0.03025367983787186,0.01750657022364388,0.03025367983787186,0.06794403690261364,0.07786526684164485,0.05863518769138243,0.07786526684164485
trial_update,LLY,2026-07-14,1145.5,0.009716285362560084,0.01337402556880174,0.020663504098919594,0.03803574534182674,0.01528590987832823,0.03803574534182674,0.05632476606831083,0.07551287647315585
trial_update,LLY,2026-07-20,1143.0,0.028355235502788734,0.03025367983787186,0.01750657022364388,0.03025367983787186,0.06794403690261364,0.07786526684164485,0.05863518769138243,0.07786526684164485
trial_update,LLY,2026-07-20,1143.0,0.028355235502788734,0.03025367983787186,0.01750657022364388,0.03025367983787186,0.06794403690261364,0.07786526684164485,0.05863518769138243,0.07786526684164485
trial_update,LLY,2026-07-17,1179.6500244140625,-0.027762471345064488,0.006332361758594862,-0.0035942780880974246,0.006332361758594862,0.015157041930036419,0.02313390957266548,0.025744919669943966,0.04437754800364613
trial_update,LLY,2026-07-17,1179.6500244140625,-0.027762471345064488,0.006332361758594862,-0.0035942780880974246,0.006332361758594862,0.015157041930036419,0.02313390957266548,0.025744919669943966,0.04437754800364613
trial_update,LLY,2026-07-08,1211.6400146484375,0.004382437406524664,0.015153003474294824,-0.019032103855072036,0.015153003474294824,-0.0350516409079209,0.015153003474294824,-0.02126870953393467,0.015153003474294824
trial_update,LLY,2026-07-28,1215.1800537109375,-0.004246312440637667,0.011529063246659588,-0.004246312440637667,0.011529063246659588,-0.004246312440637667,0.011529063246659588,-0.004246312440637667,0.011529063246659588
trial_update,LLY,2026-07-22,1146.6199951171875,0.03423104443245695,0.03747533697834515,0.0430919000105503,0.05260674551807165,0.05529296949647455,0.07446233734489027,0.05529296949647455,0.07446233734489027
trial_update,LLY,2026-07-20,1143.0,0.028355235502788734,0.03025367983787186,0.01750657022364388,0.03025367983787186,0.06794403690261364,0.07786526684164485,0.05863518769138243,0.07786526684164485
trial_update,LLY,2026-07-17,1179.6500244140625,-0.027762471345064488,0.006332361758594862,-0.0035942780880974246,0.006332361758594862,0.015157041930036419,0.02313390957266548,0.025744919669943966,0.04437754800364613
trial_update,LLY,2026-07-16,1159.449951171875,0.016956345687726193,0.024580621156777394,-0.010824034918564651,0.024580621156777394,0.03154951025529651,0.0409590687259731,0.04361556814786449,0.06257281632104728
trial_update,LLY,2026-07-20,1143.0,0.028355235502788734,0.03025367983787186,0.01750657022364388,0.03025367983787186,0.06794403690261364,0.07786526684164485,0.05863518769138243,0.07786526684164485
trial_update,LLY,2026-07-20,1143.0,0.028355235502788734,0.03025367983787186,0.01750657022364388,0.03025367983787186,0.06794403690261364,0.07786526684164485,0.05863518769138243,0.07786526684164485
trial_update,LLY,2026-07-23,1194.3499755859375,0.0014066678488549034,0.010541270211971154,0.002662581132785169,0.010541270211971154,0.013120144233791153,0.031523443867943035,0.013120144233791153,0.031523443867943035
trial_update,LLY,2026-07-17,1179.6500244140625,-0.027762471345064488,0.006332361758594862,-0.0035942780880974246,0.006332361758594862,0.015157041930036419,0.02313390957266548,0.025744919669943966,0.04437754800364613
trial_update,LLY,2026-07-20,1143.0,0.028355235502788734,0.03025367983787186,0.01750657022364388,0.03025367983787186,0.06794403690261364,0.07786526684164485,0.05863518769138243,0.07786526684164485
trial_update,LLY,2026-07-17,1179.6500244140625,-0.027762471345064488,0.006332361758594862,-0.0035942780880974246,0.006332361758594862,0.015157041930036419,0.02313390957266548,0.025744919669943966,0.04437754800364613
trial_update,LLY,2026-07-17,1179.6500244140625,-0.027762471345064488,0.006332361758594862,-0.0035942780880974246,0.006332361758594862,0.015157041930036419,0.02313390957266548,0.025744919669943966,0.04437754800364613
trial_update,LLY,2026-07-27,1217.5999755859375,0.0025131887771905337,0.011826564309130205,-0.006225325399698556,0.011826564309130205,-0.006225325399698556,0.011826564309130205,-0.006225325399698556,0.011826564309130205
trial_update,LLY,2026-07-17,1179.6500244140625,-0.027762471345064488,0.006332361758594862,-0.0035942780880974246,0.006332361758594862,0.015157041930036419,0.02313390957266548,0.025744919669943966,0.04437754800364613
trial_update,LLY,2026-07-17,1179.6500244140625,-0.027762471345064488,0.006332361758594862,-0.0035942780880974246,0.006332361758594862,0.015157041930036419,0.02313390957266548,0.025744919669943966,0.04437754800364613
trial_update,ZBH,2026-07-10,91.69000244140625,0.02606608491668161,0.04133494181057862,-0.007198207487573605,0.04133494181057862,-0.02148545281108527,0.04133494181057862,0.004144369541933424,0.04133494181057862
trial_update,ZBH,2026-07-09,89.69000244140625,0.018396631191556656,0.02508640805835527,0.048946362695400536,0.06455570027785318,0.015943809412983123,0.06455570027785318,0.018508150156415715,0.06455570027785318
trial_update,ZBH,2026-07-09,89.69000244140625,0.018396631191556656,0.02508640805835527,0.048946362695400536,0.06455570027785318,0.015943809412983123,0.06455570027785318,0.018508150156415715,0.06455570027785318
trial_update,ZBH,2026-07-10,91.69000244140625,0.02606608491668161,0.04133494181057862,-0.007198207487573605,0.04133494181057862,-0.02148545281108527,0.04133494181057862,0.004144369541933424,0.04133494181057862
trial_update,ZBH,2026-07-09,89.69000244140625,0.018396631191556656,0.02508640805835527,0.048946362695400536,0.06455570027785318,0.015943809412983123,0.06455570027785318,0.018508150156415715,0.06455570027785318
trial_update,ZBH,2026-07-09,89.69000244140625,0.018396631191556656,0.02508640805835527,0.048946362695400536,0.06455570027785318,0.015943809412983123,0.06455570027785318,0.018508150156415715,0.06455570027785318
trial_update,ZBH,2026-07-08,87.12999725341797,0.024101987486671694,0.02961094815085019,0.04831859539978933,0.05520492757503903,0.07597845696388261,0.09583388461759723,0.028922349958665716,0.09583388461759723
trial_update,ZURA,2026-07-20,5.260000228881836,0.07984782912187627,0.08555129081444868,0.026615943040625423,0.08555129081444868,0.053231886081250845,0.08555129081444868,0.009505648616356499,0.08555129081444868
trial_results,SNY,2026-07-13,43.310001373291016,-0.0030016408218219714,0.003232495617854436,0.008543036715601193,0.009928429728495836,0.010159284524528411,0.03555753987529964,0.051489251247439416,0.054029094398296396
trial_results,SNY,2026-07-02,43.369998931884766,-0.017523595578750828,0.0006917822165792842,-0.00899237720205981,0.0006917822165792842,0.01452619514943243,0.017523683535803247,0.014065036324063751,0.03412496146381638
trial_results,SNY,2026-07-06,43.16999816894531,-0.00440117291563058,0.005096160065658495,-0.009034037669452322,0.005096160065658495,0.00023169183819105044,0.022237733145434868,0.01343529894962825,0.03891592254882936
trial_update,SNY,2026-07-10,43.84000015258789,0.0036496315432303916,0.006614984364004872,-0.015054740992585303,0.006614984364004872,0.0031934167235665445,0.023038282801501886,0.0036496315432303916,0.023038282801501886
trial_update,SNY,2026-07-06,43.16999816894531,-0.00440117291563058,0.005096160065658495,-0.009034037669452322,0.005096160065658495,0.00023169183819105044,0.022237733145434868,0.01343529894962825,0.03891592254882936
trial_update,SNY,2026-07-10,43.84000015258789,0.0036496315432303916,0.006614984364004872,-0.015054740992585303,0.006614984364004872,0.0031934167235665445,0.023038282801501886,0.0036496315432303916,0.023038282801501886
trial_update,SNY,2026-07-09,43.4900016784668,0.00022989931357386695,0.0043687886727090675,0.011726794707982657,0.01471601207054718,0.026902693120028465,0.03127148179273753,-0.003219204390489172,0.03127148179273753
trial_update,SNY,2026-07-01,42.560001373291016,0.014097708053591118,0.019971768014427793,0.001174794065958995,0.019971768014427793,0.022086433185570575,0.0364191538309786,0.049342067818610724,0.053806321121671496
trial_update,SNY,2026-07-24,43.72999954223633,0.0061742616187976385,0.017608060046284013,0.04139038171136589,0.04390583132268633,0.025611684052340822,0.04436310649478159,0.025611684052340822,0.04436310649478159
trial_update,SNY,2026-07-02,43.369998931884766,-0.017523595578750828,0.0006917822165792842,-0.00899237720205981,0.0006917822165792842,0.01452619514943243,0.017523683535803247,0.014065036324063751,0.03412496146381638
trial_update,SNY,2026-07-10,43.84000015258789,0.0036496315432303916,0.006614984364004872,-0.015054740992585303,0.006614984364004872,0.0031934167235665445,0.023038282801501886,0.0036496315432303916,0.023038282801501886
trial_update,SNY,2026-07-01,42.560001373291016,0.014097708053591118,0.019971768014427793,0.001174794065958995,0.019971768014427793,0.022086433185570575,0.0364191538309786,0.049342067818610724,0.053806321121671496
trial_update,SNY,2026-07-02,43.369998931884766,-0.017523595578750828,0.0006917822165792842,-0.00899237720205981,0.0006917822165792842,0.01452619514943243,0.017523683535803247,0.014065036324063751,0.03412496146381638
trial_update,SNY,2026-07-21,44.70000076293945,-0.020357938073383375,0.0004474375262260022,-0.02997763153728794,0.0004474375262260022,0.0033556534367220614,0.02170016531207941,0.0033556534367220614,0.02170016531207941
trial_update,SNY,2026-07-21,44.70000076293945,-0.020357938073383375,0.0004474375262260022,-0.02997763153728794,0.0004474375262260022,0.0033556534367220614,0.02170016531207941,0.0033556534367220614,0.02170016531207941
trial_update,SNY,2026-07-22,43.029998779296875,0.007669110862570161,0.011154997812067524,0.00743666520804509,0.011154997812067524,0.04229606661527208,0.0613525322923929,0.04229606661527208,0.0613525322923929
trial_update,SNY,2026-07-28,45.439998626708984,-0.012984158679993807,0.005061609797257782,-0.012984158679993807,0.005061609797257782,-0.012984158679993807,0.005061609797257782,-0.012984158679993807,0.005061609797257782
trial_update,SNY,2026-07-13,43.310001373291016,-0.0030016408218219714,0.003232495617854436,0.008543036715601193,0.009928429728495836,0.010159284524528411,0.03555753987529964,0.051489251247439416,0.054029094398296396
trial_update,SNY,2026-07-13,43.310001373291016,-0.0030016408218219714,0.003232495617854436,0.008543036715601193,0.009928429728495836,0.010159284524528411,0.03555753987529964,0.051489251247439416,0.054029094398296396
trial_update,SNY,2026-07-15,43.709999084472656,0.011439030209854595,0.012125431368000594,0.02173417485329865,0.02608097491480854,-0.008007286237748379,0.02608097491480854,0.02608097491480854,0.04484097747714011
trial_update,SNY,2026-07-02,43.369998931884766,-0.017523595578750828,0.0006917822165792842,-0.00899237720205981,0.0006917822165792842,0.01452619514943243,0.017523683535803247,0.014065036324063751,0.03412496146381638
trial_update,SNY,2026-07-20,43.70000076293945,0.0011441472811815068,0.0114416473974992,0.002059500023263494,0.023340971166039504,0.04210526591451069,0.04462244230881529,0.02631573663854292,0.04508003138701433
trial_update,SNY,2026-07-01,42.560001373291016,0.014097708053591118,0.019971768014427793,0.001174794065958995,0.019971768014427793,0.022086433185570575,0.0364191538309786,0.049342067818610724,0.053806321121671496
trial_update,SNY,2026-07-01,42.560001373291016,0.014097708053591118,0.019971768014427793,0.001174794065958995,0.019971768014427793,0.022086433185570575,0.0364191538309786,0.049342067818610724,0.053806321121671496
trial_update,SNY,2026-07-13,43.310001373291016,-0.0030016408218219714,0.003232495617854436,0.008543036715601193,0.009928429728495836,0.010159284524528411,0.03555753987529964,0.051489251247439416,0.054029094398296396
trial_update,SNY,2026-07-02,43.369998931884766,-0.017523595578750828,0.0006917822165792842,-0.00899237720205981,0.0006917822165792842,0.01452619514943243,0.017523683535803247,0.014065036324063751,0.03412496146381638
trial_results,TAK,2026-07-07,16.719999313354492,0.0017942995142079532,0.005382784466743784,-0.006578870067002418,0.005382784466743784,-0.016148239324351388,0.005382784466743784,0.008971383495159468,0.03169860696239324
trial_results,TAK,2026-07-07,16.719999313354492,0.0017942995142079532,0.005382784466743784,-0.006578870067002418,0.005382784466743784,-0.016148239324351388,0.005382784466743784,0.008971383495159468,0.03169860696239324
trial_results,TAK,2026-07-16,16.950000762939453,0.011799341981630462,0.017699069236414733,0.005899614726846414,0.017699069236414733,0.017109085258142365,0.02418878046947115,0.047197592982397785,0.05191735228063754
trial_update,TAK,2026-07-08,16.600000381469727,0.0006024234127728345,0.00542169581443841,-0.002409693651091449,0.00542169581443841,0.007831274565012425,0.00963854480333115,0.013252970379450835,0.039156602626097214
trial_update,TAK,2026-07-15,16.530000686645508,0.012099143816273195,0.013914067312903677,0.03750749583366075,0.04355712543534107,0.01754379891907676,0.04355712543534107,0.07380515805665522,0.07864483866058203
trial_update,TAK,2026-07-14,16.34000015258789,0.006731983434782318,0.008567894023322031,0.02386777148142616,0.025703798798767163,0.03243578223354948,0.055691544609195454,0.08629129952540393,0.09118725564284524
trial_update,TAK,2026-07-17,17.139999389648438,-0.005250884235284525,0.0035006636772259014,0.005250884235284525,0.006417772127693011,0.017502984544466305,0.02975497357309398,0.03558930175458275,0.04025674204366303
trial_update,TAK,2026-07-07,16.719999313354492,0.0017942995142079532,0.005382784466743784,-0.006578870067002418,0.005382784466743784,-0.016148239324351388,0.005382784466743784,0.008971383495159468,0.03169860696239324
trial_update,TAK,2026-07-08,16.600000381469727,0.0006024234127728345,0.00542169581443841,-0.002409693651091449,0.00542169581443841,0.007831274565012425,0.00963854480333115,0.013252970379450835,0.039156602626097214
trial_update,TAK,2026-07-10,16.520000457763672,-0.001816022143716678,0.006053291688786322,-0.007869313832502889,0.006053291688786322,0.032082249673776486,0.04418883305134891,0.055690075714349474,0.0684018843495584
trial_update,TAK,2026-07-06,16.90999984741211,0.0029567851869731765,0.012418745932361919,-0.009461847951263924,0.012418745932361919,-0.03075106223867008,0.012418745932361919,0.01892369590252785,0.020106455094967002
trial_update,TAK,2026-07-17,17.139999389648438,-0.005250884235284525,0.0035006636772259014,0.005250884235284525,0.006417772127693011,0.017502984544466305,0.02975497357309398,0.03558930175458275,0.04025674204366303
trial_update,TAK,2026-07-14,16.34000015258789,0.006731983434782318,0.008567894023322031,0.02386777148142616,0.025703798798767163,0.03243578223354948,0.055691544609195454,0.08629129952540393,0.09118725564284524
trial_update,TAK,2026-07-16,16.950000762939453,0.011799341981630462,0.017699069236414733,0.005899614726846414,0.017699069236414733,0.017109085258142365,0.02418878046947115,0.047197592982397785,0.05191735228063754
trial_update,TAK,2026-07-17,17.139999389648438,-0.005250884235284525,0.0035006636772259014,0.005250884235284525,0.006417772127693011,0.017502984544466305,0.02975497357309398,0.03558930175458275,0.04025674204366303
trial_update,TAK,2026-07-10,16.520000457763672,-0.001816022143716678,0.006053291688786322,-0.007869313832502889,0.006053291688786322,0.032082249673776486,0.04418883305134891,0.055690075714349474,0.0684018843495584
trial_update,TAK,2026-07-16,16.950000762939453,0.011799341981630462,0.017699069236414733,0.005899614726846414,0.017699069236414733,0.017109085258142365,0.02418878046947115,0.047197592982397785,0.05191735228063754
trial_update,TAK,2026-07-10,16.520000457763672,-0.001816022143716678,0.006053291688786322,-0.007869313832502889,0.006053291688786322,0.032082249673776486,0.04418883305134891,0.055690075714349474,0.0684018843495584
trial_update,TAK,2026-07-22,16.709999084472656,0.00658292138709804,0.008378294713801804,0.03171757724020452,0.03889895640287033,0.06223823892927305,0.06702578698966732,0.06223823892927305,0.06702578698966732
trial_update,TAK,2026-07-21,17.09000015258789,-0.012872984867772441,0.007021587525649853,-0.015798739341894463,0.007021587525649853,0.03861906620943878,0.043300161761912426,0.03861906620943878,0.043300161761912426
trial_update,TAK,2026-07-07,16.719999313354492,0.0017942995142079532,0.005382784466743784,-0.006578870067002418,0.005382784466743784,-0.016148239324351388,0.005382784466743784,0.008971383495159468,0.03169860696239324
trial_update,TAK,2026-07-06,16.90999984741211,0.0029567851869731765,0.012418745932361919,-0.009461847951263924,0.012418745932361919,-0.03075106223867008,0.012418745932361919,0.01892369590252785,0.020106455094967002
trial_update,TAK,2026-07-24,17.520000457763672,-0.00456620557167875,0.007420043228879791,0.0,0.011986248800558652,0.013127827410210458,0.017694032981889096,0.013127827410210458,0.017694032981889096
trial_update,TAK,2026-07-21,17.09000015258789,-0.012872984867772441,0.007021587525649853,-0.015798739341894463,0.007021587525649853,0.03861906620943878,0.043300161761912426,0.03861906620943878,0.043300161761912426
trial_update,TAK,2026-07-07,16.719999313354492,0.0017942995142079532,0.005382784466743784,-0.006578870067002418,0.005382784466743784,-0.016148239324351388,0.005382784466743784,0.008971383495159468,0.03169860696239324
fda_drug,PFE,2026-07-13,24.3700008392334,-0.004924121259783032,0.002462021496765443,0.01846527862511871,0.01846527862511871,0.02338939988490174,0.05252354268434001,0.0361099355954837,0.05252354268434001
fda_drug,PFE,2026-07-13,24.3700008392334,-0.004924121259783032,0.002462021496765443,0.01846527862511871,0.01846527862511871,0.02338939988490174,0.05252354268434001,0.0361099355954837,0.05252354268434001
fda_drug,PFE,2026-07-13,24.3700008392334,-0.004924121259783032,0.002462021496765443,0.01846527862511871,0.01846527862511871,0.02338939988490174,0.05252354268434001,0.0361099355954837,0.05252354268434001
fda_drug,PFE,2026-07-13,24.3700008392334,-0.004924121259783032,0.002462021496765443,0.01846527862511871,0.01846527862511871,0.02338939988490174,0.05252354268434001,0.0361099355954837,0.05252354268434001
fda_drug,PFE,2026-07-13,24.3700008392334,-0.004924121259783032,0.002462021496765443,0.01846527862511871,0.01846527862511871,0.02338939988490174,0.05252354268434001,0.0361099355954837,0.05252354268434001
fda_drug,PFE,2026-07-13,24.3700008392334,-0.004924121259783032,0.002462021496765443,0.01846527862511871,0.01846527862511871,0.02338939988490174,0.05252354268434001,0.0361099355954837,0.05252354268434001
trial_results,PFE,2026-07-15,24.940000534057617,0.008019200132642457,0.017241391177541532,0.004410533305831965,0.028468286658738906,0.0028067238702993436,0.028468286658738906,0.00842017161089803,0.028468286658738906
trial_results,PFE,2026-07-01,24.149999618530273,0.007039340744481981,0.017391307781706056,-0.01780539594070396,0.017391307781706056,0.0008281763179955881,0.017391307781706056,0.03726706553815862,0.06211180222334467
trial_results,PFE,2026-07-02,24.15999984741211,-0.018211942749856713,0.0016556670438732102,-0.0037251719021650365,0.00786426056529832,0.013245020564786714,0.02317878598837675,0.024420536271281712,0.06167217634638211
trial_update,PFE,2026-07-09,24.350000381469727,-0.00739220954233577,0.002464043737265831,0.00533877448583242,0.015195027765434244,0.02874738581620373,0.053388058180477094,0.007802896553636529,0.053388058180477094
trial_update,PFE,2026-07-21,25.18000030517578,-0.014297085225911,0.0003971496727814827,-0.006751392940174128,0.0003971496727814827,-0.0011914490183442261,0.012708486534785512,-0.0011914490183442261,0.012708486534785512
trial_update,PFE,2026-07-09,24.350000381469727,-0.00739220954233577,0.002464043737265831,0.00533877448583242,0.015195027765434244,0.02874738581620373,0.053388058180477094,0.007802896553636529,0.053388058180477094
trial_update,PFE,2026-07-09,24.350000381469727,-0.00739220954233577,0.002464043737265831,0.00533877448583242,0.015195027765434244,0.02874738581620373,0.053388058180477094,0.007802896553636529,0.053388058180477094
trial_update,PFE,2026-07-22,24.889999389648438,0.004821247174610521,0.008437163397787328,-0.01406181127777184,0.008437163397787328,0.010445971685719257,0.024507859594615322,0.010445971685719257,0.024507859594615322
trial_update,PFE,2026-07-09,24.350000381469727,-0.00739220954233577,0.002464043737265831,0.00533877448583242,0.015195027765434244,0.02874738581620373,0.053388058180477094,0.007802896553636529,0.053388058180477094
trial_update,PFE,2026-07-09,24.350000381469727,-0.00739220954233577,0.002464043737265831,0.00533877448583242,0.015195027765434244,0.02874738581620373,0.053388058180477094,0.007802896553636529,0.053388058180477094
trial_update,PFE,2026-07-10,24.280000686645508,0.008237184923179264,0.01812185396481447,-0.0012356130888417916,0.01812185396481447,0.019357467053656263,0.05642499559887959,0.016062577373111342,0.05642499559887959
trial_update,PFE,2026-07-10,24.280000686645508,0.008237184923179264,0.01812185396481447,-0.0012356130888417916,0.01812185396481447,0.019357467053656263,0.05642499559887959,0.016062577373111342,0.05642499559887959
trial_update,PFE,2026-07-28,25.350000381469727,-0.00788957632859244,0.0007889726809744424,-0.00788957632859244,0.0007889726809744424,-0.00788957632859244,0.0007889726809744424,-0.00788957632859244,0.0007889726809744424
trial_update,PFE,2026-07-23,24.6200008392334,-0.0032493875296125685,0.005280225683804263,0.0020308381541918052,0.010560451367608525,0.021527163331866772,0.0357432628257377,0.021527163331866772,0.0357432628257377
trial_update,PFE,2026-07-06,24.049999237060547,0.0008316198918147943,0.012474060454308988,0.0,0.013305680346124005,0.008316040302872807,0.027858631914694065,0.03700629210938167,0.06652808450006775
trial_update,PFE,2026-07-24,24.56999969482422,0.004070019646389866,0.012616991037557312,0.027676040440449245,0.03785105074183992,0.02360602079405938,0.03785105074183992,0.02360602079405938,0.03785105074183992
trial_update,PFE,2026-07-22,24.889999389648438,0.004821247174610521,0.008437163397787328,-0.01406181127777184,0.008437163397787328,0.010445971685719257,0.024507859594615322,0.010445971685719257,0.024507859594615322
trial_update,PFE,2026-07-01,24.149999618530273,0.007039340744481981,0.017391307781706056,-0.01780539594070396,0.017391307781706056,0.0008281763179955881,0.017391307781706056,0.03726706553815862,0.06211180222334467
trial_update,PFE,2026-07-15,24.940000534057617,0.008019200132642457,0.017241391177541532,0.004410533305831965,0.028468286658738906,0.0028067238702993436,0.028468286658738906,0.00842017161089803,0.028468286658738906
trial_update,PFE,2026-07-22,24.889999389648438,0.004821247174610521,0.008437163397787328,-0.01406181127777184,0.008437163397787328,0.010445971685719257,0.024507859594615322,0.010445971685719257,0.024507859594615322
trial_update,PFE,2026-07-22,24.889999389648438,0.004821247174610521,0.008437163397787328,-0.01406181127777184,0.008437163397787328,0.010445971685719257,0.024507859594615322,0.010445971685719257,0.024507859594615322
trial_update,PFE,2026-07-09,24.350000381469727,-0.00739220954233577,0.002464043737265831,0.00533877448583242,0.015195027765434244,0.02874738581620373,0.053388058180477094,0.007802896553636529,0.053388058180477094
trial_update,PFE,2026-07-09,24.350000381469727,-0.00739220954233577,0.002464043737265831,0.00533877448583242,0.015195027765434244,0.02874738581620373,0.053388058180477094,0.007802896553636529,0.053388058180477094
trial_update,PFE,2026-07-24,24.56999969482422,0.004070019646389866,0.012616991037557312,0.027676040440449245,0.03785105074183992,0.02360602079405938,0.03785105074183992,0.02360602079405938,0.03785105074183992
trial_update,PFE,2026-07-28,25.350000381469727,-0.00788957632859244,0.0007889726809744424,-0.00788957632859244,0.0007889726809744424,-0.00788957632859244,0.0007889726809744424,-0.00788957632859244,0.0007889726809744424
trial_update,PFE,2026-07-23,24.6200008392334,-0.0032493875296125685,0.005280225683804263,0.0020308381541918052,0.010560451367608525,0.021527163331866772,0.0357432628257377,0.021527163331866772,0.0357432628257377
trial_update,PFE,2026-07-22,24.889999389648438,0.004821247174610521,0.008437163397787328,-0.01406181127777184,0.008437163397787328,0.010445971685719257,0.024507859594615322,0.010445971685719257,0.024507859594615322
trial_update,PFE,2026-07-22,24.889999389648438,0.004821247174610521,0.008437163397787328,-0.01406181127777184,0.008437163397787328,0.010445971685719257,0.024507859594615322,0.010445971685719257,0.024507859594615322
trial_update,PFE,2026-07-06,24.049999237060547,0.0008316198918147943,0.012474060454308988,0.0,0.013305680346124005,0.008316040302872807,0.027858631914694065,0.03700629210938167,0.06652808450006775
trial_update,PFE,2026-07-23,24.6200008392334,-0.0032493875296125685,0.005280225683804263,0.0020308381541918052,0.010560451367608525,0.021527163331866772,0.0357432628257377,0.021527163331866772,0.0357432628257377
trial_update,PFE,2026-07-22,24.889999389648438,0.004821247174610521,0.008437163397787328,-0.01406181127777184,0.008437163397787328,0.010445971685719257,0.024507859594615322,0.010445971685719257,0.024507859594615322
trial_update,PFE,2026-07-07,24.049999237060547,0.0,0.013305680346124005,0.008316040302872807,0.013305680346124005,0.03201665206613047,0.03201665206613047,0.03201665206613047,0.06652808450006775
trial_update,PFE,2026-07-20,24.760000228881836,0.0072698022419974695,0.01009693043978177,0.0024232417361771397,0.01736673268177924,0.01978997441795638,0.02988690485773815,0.015751186835350373,0.02988690485773815
trial_update,PFE,2026-07-10,24.280000686645508,0.008237184923179264,0.01812185396481447,-0.0012356130888417916,0.01812185396481447,0.019357467053656263,0.05642499559887959,0.016062577373111342,0.05642499559887959
trial_update,PFE,2026-07-01,24.149999618530273,0.007039340744481981,0.017391307781706056,-0.01780539594070396,0.017391307781706056,0.0008281763179955881,0.017391307781706056,0.03726706553815862,0.06211180222334467
trial_update,PFE,2026-07-23,24.6200008392334,-0.0032493875296125685,0.005280225683804263,0.0020308381541918052,0.010560451367608525,0.021527163331866772,0.0357432628257377,0.021527163331866772,0.0357432628257377
trial_update,PFE,2026-07-23,24.6200008392334,-0.0032493875296125685,0.005280225683804263,0.0020308381541918052,0.010560451367608525,0.021527163331866772,0.0357432628257377,0.021527163331866772,0.0357432628257377
trial_update,PFE,2026-07-28,25.350000381469727,-0.00788957632859244,0.0007889726809744424,-0.00788957632859244,0.0007889726809744424,-0.00788957632859244,0.0007889726809744424,-0.00788957632859244,0.0007889726809744424
trial_update,PFE,2026-07-01,24.149999618530273,0.007039340744481981,0.017391307781706056,-0.01780539594070396,0.017391307781706056,0.0008281763179955881,0.017391307781706056,0.03726706553815862,0.06211180222334467
trial_update,PFE,2026-07-09,24.350000381469727,-0.00739220954233577,0.002464043737265831,0.00533877448583242,0.015195027765434244,0.02874738581620373,0.053388058180477094,0.007802896553636529,0.053388058180477094
trial_update,PFE,2026-07-24,24.56999969482422,0.004070019646389866,0.012616991037557312,0.027676040440449245,0.03785105074183992,0.02360602079405938,0.03785105074183992,0.02360602079405938,0.03785105074183992
trial_update,PFE,2026-07-22,24.889999389648438,0.004821247174610521,0.008437163397787328,-0.01406181127777184,0.008437163397787328,0.010445971685719257,0.024507859594615322,0.010445971685719257,0.024507859594615322
trial_update,PFE,2026-07-22,24.889999389648438,0.004821247174610521,0.008437163397787328,-0.01406181127777184,0.008437163397787328,0.010445971685719257,0.024507859594615322,0.010445971685719257,0.024507859594615322
trial_update,PFE,2026-07-09,24.350000381469727,-0.00739220954233577,0.002464043737265831,0.00533877448583242,0.015195027765434244,0.02874738581620373,0.053388058180477094,0.007802896553636529,0.053388058180477094
trial_update,PFE,2026-07-22,24.889999389648438,0.004821247174610521,0.008437163397787328,-0.01406181127777184,0.008437163397787328,0.010445971685719257,0.024507859594615322,0.010445971685719257,0.024507859594615322
fda_drug,NVS,2026-07-01,157.5,0.015238056485615159,0.019492109995039586,-0.01276186988467265,0.019492109995039586,-0.021904742528521814,0.019492109995039586,-0.02374606662326384,0.019492109995039586
fda_drug,NVS,2026-07-15,150.47999572753906,0.014952153534572687,0.017942563961331093,0.021796909040558976,0.03203088424421496,0.03761299722760114,0.05861249052789952,0.05548914367750424,0.06552366354531403
fda_drug,NVS,2026-07-15,150.47999572753906,0.014952153534572687,0.017942563961331093,0.021796909040558976,0.03203088424421496,0.03761299722760114,0.05861249052789952,0.05548914367750424,0.06552366354531403
fda_drug,NVS,2026-07-15,150.47999572753906,0.014952153534572687,0.017942563961331093,0.021796909040558976,0.03203088424421496,0.03761299722760114,0.05861249052789952,0.05548914367750424,0.06552366354531403
fda_drug,NVS,2026-07-13,152.0800018310547,-0.011309844818478298,0.002367179155820187,-0.008416614702035696,0.002367179155820187,0.011770076700296839,0.04747502060608744,0.05109155825164069,0.05431348242625589
fda_drug,NVS,2026-07-16,153.97000122070312,-0.0013639456530636362,0.008638058196468013,-0.028641966793180762,0.008638058196468013,0.00675451891853962,0.034617144825598745,0.031564594218487674,0.041371663744138365
fda_drug,NVS,2026-07-01,157.5,0.015238056485615159,0.019492109995039586,-0.01276186988467265,0.019492109995039586,-0.021904742528521814,0.019492109995039586,-0.02374606662326384,0.019492109995039586
trial_results,NVS,2026-07-17,153.1699981689453,-0.023568588192902862,0.0024155847856013324,0.004570065656526845,0.04002092417635961,0.019194375377372896,0.04002092417635961,0.036952430174128637,0.04681072177749113
trial_results,NVS,2026-07-10,152.67999267578125,0.004519272167319732,0.009759009461888901,-0.015195128220606091,0.009759009461888901,-0.020434865515175038,0.01716014213820527,0.02246533992082389,0.043358728671373914
trial_results,NVS,2026-07-08,154.89999389648438,-0.001807610008583982,0.003679840843632709,-0.005487352344859309,0.003679840843632709,-0.014009026820204218,0.003679840843632709,0.008005200400412749,0.02840548307712565
trial_results,NVS,2026-07-20,155.38999938964844,-0.009781866776699344,0.025162518035056092,-0.014865805828348733,0.025162518035056092,0.028702018993407075,0.03185531223170823,0.022137862506713013,0.03185531223170823
trial_update,NVS,2026-07-28,159.14999389648438,-0.0020106319679649154,0.0013823514240673962,-0.0020106319679649154,0.0013823514240673962,-0.0020106319679649154,0.0013823514240673962,-0.0020106319679649154,0.0013823514240673962
trial_update,NVS,2026-07-24,156.58999633789062,-0.003065302629571054,0.009515330021139468,0.020818761363213367,0.02394788995274144,0.014304908011687933,0.02394788995274144,0.014304908011687933,0.02394788995274144
trial_update,NVS,2026-07-09,154.8000030517578,-0.004844961144795601,0.0012919699244147154,-0.009237777172990014,0.0012919699244147154,-0.006718401320535805,0.0032299740965304746,0.0013565339207901594,0.029069766868773383
trial_update,NVS,2026-07-21,156.07000732421875,-0.019158104394476294,0.002178486076343411,0.0004484658303647304,0.0055743901861948775,0.017684336370295206,0.027359446487379424,0.017684336370295206,0.027359446487379424
trial_update,NVS,2026-07-13,152.0800018310547,-0.011309844818478298,0.002367179155820187,-0.008416614702035696,0.002367179155820187,0.011770076700296839,0.04747502060608744,0.05109155825164069,0.05431348242625589
trial_update,NVS,2026-07-15,150.47999572753906,0.014952153534572687,0.017942563961331093,0.021796909040558976,0.03203088424421496,0.03761299722760114,0.05861249052789952,0.05548914367750424,0.06552366354531403
trial_update,NVS,2026-07-24,156.58999633789062,-0.003065302629571054,0.009515330021139468,0.020818761363213367,0.02394788995274144,0.014304908011687933,0.02394788995274144,0.014304908011687933,0.02394788995274144
trial_update,NVS,2026-07-06,157.14999389648438,-0.00076357061309551,0.004963403179071513,-0.012599400600952548,0.004963403179071513,-0.04320708590421851,0.004963403179071513,-0.020871771598396816,0.013681255098804801
trial_update,NVS,2026-07-22,151.7100067138672,0.0292003986535736,0.0344736371767691,0.0217519454678603,0.0344736371767691,0.0469316116412557,0.05688477517702606,0.0469316116412557,0.05688477517702606
trial_update,NVS,2026-07-08,154.89999389648438,-0.001807610008583982,0.003679840843632709,-0.005487352344859309,0.003679840843632709,-0.014009026820204218,0.003679840843632709,0.008005200400412749,0.02840548307712565
trial_update,NVS,2026-07-07,155.25999450683594,-0.0005796492404659404,0.0073425185494144785,-0.004122113952672146,0.0073425185494144785,-0.028725953966730056,0.0073425185494144785,-0.014040916867900988,0.02602092417788926
trial_update,NVS,2026-07-06,157.14999389648438,-0.00076357061309551,0.004963403179071513,-0.012599400600952548,0.004963403179071513,-0.04320708590421851,0.004963403179071513,-0.020871771598396816,0.013681255098804801
trial_update,NVS,2026-07-07,155.25999450683594,-0.0005796492404659404,0.0073425185494144785,-0.004122113952672146,0.0073425185494144785,-0.028725953966730056,0.0073425185494144785,-0.014040916867900988,0.02602092417788926
trial_update,NVS,2026-07-07,155.25999450683594,-0.0005796492404659404,0.0073425185494144785,-0.004122113952672146,0.0073425185494144785,-0.028725953966730056,0.0073425185494144785,-0.014040916867900988,0.02602092417788926
trial_update,NVS,2026-07-02,157.32000732421875,-0.011632352821362768,0.0015891176478575186,-0.0018434307870593969,0.003877353948410267,-0.025108136429784933,0.003877353948410267,-0.049326273864407466,0.003877353948410267
trial_update,NVS,2026-07-22,151.7100067138672,0.0292003986535736,0.0344736371767691,0.0217519454678603,0.0344736371767691,0.0469316116412557,0.05688477517702606,0.0469316116412557,0.05688477517702606
trial_update,NVS,2026-07-07,155.25999450683594,-0.0005796492404659404,0.0073425185494144785,-0.004122113952672146,0.0073425185494144785,-0.028725953966730056,0.0073425185494144785,-0.014040916867900988,0.02602092417788926
trial_update,NVS,2026-07-08,154.89999389648438,-0.001807610008583982,0.003679840843632709,-0.005487352344859309,0.003679840843632709,-0.014009026820204218,0.003679840843632709,0.008005200400412749,0.02840548307712565
trial_update,NVS,2026-07-10,152.67999267578125,0.004519272167319732,0.009759009461888901,-0.015195128220606091,0.009759009461888901,-0.020434865515175038,0.01716014213820527,0.02246533992082389,0.043358728671373914
trial_update,NVS,2026-07-28,159.14999389648438,-0.0020106319679649154,0.0013823514240673962,-0.0020106319679649154,0.0013823514240673962,-0.0020106319679649154,0.0013823514240673962,-0.0020106319679649154,0.0013823514240673962
trial_update,NVS,2026-07-14,150.02000427246094,0.00519929847409073,0.010931871370100321,0.018064200625913518,0.02106378025147393,0.02039726350784732,0.06185840897886452,0.05872548531989996,0.06879077304042003
trial_update,NVS,2026-07-24,156.58999633789062,-0.003065302629571054,0.009515330021139468,0.020818761363213367,0.02394788995274144,0.014304908011687933,0.02394788995274144,0.014304908011687933,0.02394788995274144
trial_update,NVS,2026-07-28,159.14999389648438,-0.0020106319679649154,0.0013823514240673962,-0.0020106319679649154,0.0013823514240673962,-0.0020106319679649154,0.0013823514240673962,-0.0020106319679649154,0.0013823514240673962
trial_update,NVS,2026-07-24,156.58999633789062,-0.003065302629571054,0.009515330021139468,0.020818761363213367,0.02394788995274144,0.014304908011687933,0.02394788995274144,0.014304908011687933,0.02394788995274144
trial_update,NVS,2026-07-13,152.0800018310547,-0.011309844818478298,0.002367179155820187,-0.008416614702035696,0.002367179155820187,0.011770076700296839,0.04747502060608744,0.05109155825164069,0.05431348242625589
trial_update,NVS,2026-07-22,151.7100067138672,0.0292003986535736,0.0344736371767691,0.0217519454678603,0.0344736371767691,0.0469316116412557,0.05688477517702606,0.0469316116412557,0.05688477517702606
trial_update,NVS,2026-07-08,154.89999389648438,-0.001807610008583982,0.003679840843632709,-0.005487352344859309,0.003679840843632709,-0.014009026820204218,0.003679840843632709,0.008005200400412749,0.02840548307712565
trial_update,NVS,2026-07-16,153.97000122070312,-0.0013639456530636362,0.008638058196468013,-0.028641966793180762,0.008638058196468013,0.00675451891853962,0.034617144825598745,0.031564594218487674,0.041371663744138365
trial_update,NVS,2026-07-17,153.1699981689453,-0.023568588192902862,0.0024155847856013324,0.004570065656526845,0.04002092417635961,0.019194375377372896,0.04002092417635961,0.036952430174128637,0.04681072177749113
trial_update,NVS,2026-07-22,151.7100067138672,0.0292003986535736,0.0344736371767691,0.0217519454678603,0.0344736371767691,0.0469316116412557,0.05688477517702606,0.0469316116412557,0.05688477517702606
trial_update,NVS,2026-07-10,152.67999267578125,0.004519272167319732,0.009759009461888901,-0.015195128220606091,0.009759009461888901,-0.020434865515175038,0.01716014213820527,0.02246533992082389,0.043358728671373914
trial_update,NVS,2026-07-10,152.67999267578125,0.004519272167319732,0.009759009461888901,-0.015195128220606091,0.009759009461888901,-0.020434865515175038,0.01716014213820527,0.02246533992082389,0.043358728671373914
trial_update,NVS,2026-07-06,157.14999389648438,-0.00076357061309551,0.004963403179071513,-0.012599400600952548,0.004963403179071513,-0.04320708590421851,0.004963403179071513,-0.020871771598396816,0.013681255098804801
trial_update,NVS,2026-07-10,152.67999267578125,0.004519272167319732,0.009759009461888901,-0.015195128220606091,0.009759009461888901,-0.020434865515175038,0.01716014213820527,0.02246533992082389,0.043358728671373914
trial_update,NVS,2026-07-24,156.58999633789062,-0.003065302629571054,0.009515330021139468,0.020818761363213367,0.02394788995274144,0.014304908011687933,0.02394788995274144,0.014304908011687933,0.02394788995274144
trial_update,NVS,2026-07-17,153.1699981689453,-0.023568588192902862,0.0024155847856013324,0.004570065656526845,0.04002092417635961,0.019194375377372896,0.04002092417635961,0.036952430174128637,0.04681072177749113
trial_update,NVS,2026-07-06,157.14999389648438,-0.00076357061309551,0.004963403179071513,-0.012599400600952548,0.004963403179071513,-0.04320708590421851,0.004963403179071513,-0.020871771598396816,0.013681255098804801
trial_update,NVS,2026-07-10,152.67999267578125,0.004519272167319732,0.009759009461888901,-0.015195128220606091,0.009759009461888901,-0.020434865515175038,0.01716014213820527,0.02246533992082389,0.043358728671373914
trial_update,NVS,2026-07-08,154.89999389648438,-0.001807610008583982,0.003679840843632709,-0.005487352344859309,0.003679840843632709,-0.014009026820204218,0.003679840843632709,0.008005200400412749,0.02840548307712565
trial_update,NVS,2026-07-14,150.02000427246094,0.00519929847409073,0.010931871370100321,0.018064200625913518,0.02106378025147393,0.02039726350784732,0.06185840897886452,0.05872548531989996,0.06879077304042003
trial_update,NVS,2026-07-09,154.8000030517578,-0.004844961144795601,0.0012919699244147154,-0.009237777172990014,0.0012919699244147154,-0.006718401320535805,0.0032299740965304746,0.0013565339207901594,0.029069766868773383
trial_update,NVS,2026-07-17,153.1699981689453,-0.023568588192902862,0.0024155847856013324,0.004570065656526845,0.04002092417635961,0.019194375377372896,0.04002092417635961,0.036952430174128637,0.04681072177749113
trial_update,NVS,2026-07-13,152.0800018310547,-0.011309844818478298,0.002367179155820187,-0.008416614702035696,0.002367179155820187,0.011770076700296839,0.04747502060608744,0.05109155825164069,0.05431348242625589
trial_update,NVS,2026-07-02,157.32000732421875,-0.011632352821362768,0.0015891176478575186,-0.0018434307870593969,0.003877353948410267,-0.025108136429784933,0.003877353948410267,-0.049326273864407466,0.003877353948410267
trial_update,NVS,2026-07-16,153.97000122070312,-0.0013639456530636362,0.008638058196468013,-0.028641966793180762,0.008638058196468013,0.00675451891853962,0.034617144825598745,0.031564594218487674,0.041371663744138365
trial_update,NVS,2026-07-20,155.38999938964844,-0.009781866776699344,0.025162518035056092,-0.014865805828348733,0.025162518035056092,0.028702018993407075,0.03185531223170823,0.022137862506713013,0.03185531223170823
trial_update,NVS,2026-07-08,154.89999389648438,-0.001807610008583982,0.003679840843632709,-0.005487352344859309,0.003679840843632709,-0.014009026820204218,0.003679840843632709,0.008005200400412749,0.02840548307712565
trial_update,NVS,2026-07-22,151.7100067138672,0.0292003986535736,0.0344736371767691,0.0217519454678603,0.0344736371767691,0.0469316116412557,0.05688477517702606,0.0469316116412557,0.05688477517702606
trial_update,NVS,2026-07-28,159.14999389648438,-0.0020106319679649154,0.0013823514240673962,-0.0020106319679649154,0.0013823514240673962,-0.0020106319679649154,0.0013823514240673962,-0.0020106319679649154,0.0013823514240673962
trial_update,NVS,2026-07-13,152.0800018310547,-0.011309844818478298,0.002367179155820187,-0.008416614702035696,0.002367179155820187,0.011770076700296839,0.04747502060608744,0.05109155825164069,0.05431348242625589
trial_update,NVS,2026-07-07,155.25999450683594,-0.0005796492404659404,0.0073425185494144785,-0.004122113952672146,0.0073425185494144785,-0.028725953966730056,0.0073425185494144785,-0.014040916867900988,0.02602092417788926
trial_update,NVS,2026-07-28,159.14999389648438,-0.0020106319679649154,0.0013823514240673962,-0.0020106319679649154,0.0013823514240673962,-0.0020106319679649154,0.0013823514240673962,-0.0020106319679649154,0.0013823514240673962
trial_update,NVS,2026-07-28,159.14999389648438,-0.0020106319679649154,0.0013823514240673962,-0.0020106319679649154,0.0013823514240673962,-0.0020106319679649154,0.0013823514240673962,-0.0020106319679649154,0.0013823514240673962
trial_update,NVS,2026-07-15,150.47999572753906,0.014952153534572687,0.017942563961331093,0.021796909040558976,0.03203088424421496,0.03761299722760114,0.05861249052789952,0.05548914367750424,0.06552366354531403
trial_update,NVS,2026-07-17,153.1699981689453,-0.023568588192902862,0.0024155847856013324,0.004570065656526845,0.04002092417635961,0.019194375377372896,0.04002092417635961,0.036952430174128637,0.04681072177749113
trial_update,NVS,2026-07-20,155.38999938964844,-0.009781866776699344,0.025162518035056092,-0.014865805828348733,0.025162518035056092,0.028702018993407075,0.03185531223170823,0.022137862506713013,0.03185531223170823
trial_update,NVS,2026-07-28,159.14999389648438,-0.0020106319679649154,0.0013823514240673962,-0.0020106319679649154,0.0013823514240673962,-0.0020106319679649154,0.0013823514240673962,-0.0020106319679649154,0.0013823514240673962
trial_update,NVS,2026-07-20,155.38999938964844,-0.009781866776699344,0.025162518035056092,-0.014865805828348733,0.025162518035056092,0.028702018993407075,0.03185531223170823,0.022137862506713013,0.03185531223170823
trial_update,NVS,2026-07-01,157.5,0.015238056485615159,0.019492109995039586,-0.01276186988467265,0.019492109995039586,-0.021904742528521814,0.019492109995039586,-0.02374606662326384,0.019492109995039586
trial_update,NVS,2026-07-14,150.02000427246094,0.00519929847409073,0.010931871370100321,0.018064200625913518,0.02106378025147393,0.02039726350784732,0.06185840897886452,0.05872548531989996,0.06879077304042003
trial_update,NVS,2026-07-14,150.02000427246094,0.00519929847409073,0.010931871370100321,0.018064200625913518,0.02106378025147393,0.02039726350784732,0.06185840897886452,0.05872548531989996,0.06879077304042003
trial_update,NVS,2026-07-14,150.02000427246094,0.00519929847409073,0.010931871370100321,0.018064200625913518,0.02106378025147393,0.02039726350784732,0.06185840897886452,0.05872548531989996,0.06879077304042003
trial_update,NVS,2026-07-09,154.8000030517578,-0.004844961144795601,0.0012919699244147154,-0.009237777172990014,0.0012919699244147154,-0.006718401320535805,0.0032299740965304746,0.0013565339207901594,0.029069766868773383
trial_update,NVS,2026-07-10,152.67999267578125,0.004519272167319732,0.009759009461888901,-0.015195128220606091,0.009759009461888901,-0.020434865515175038,0.01716014213820527,0.02246533992082389,0.043358728671373914
trial_update,NVS,2026-07-14,150.02000427246094,0.00519929847409073,0.010931871370100321,0.018064200625913518,0.02106378025147393,0.02039726350784732,0.06185840897886452,0.05872548531989996,0.06879077304042003
trial_update,NVS,2026-07-16,153.97000122070312,-0.0013639456530636362,0.008638058196468013,-0.028641966793180762,0.008638058196468013,0.00675451891853962,0.034617144825598745,0.031564594218487674,0.041371663744138365
