ticker,accepted,session,items,p_pre,fill_px,liq_latency_min,filled_immediately,already_moved_at_fill,info_latency_1pct,responded_1pct,info_latency_2pct,responded_2pct,info_latency_5pct,responded_5pct
AA,2026-07-16 20:12:48+00:00,after-hours,"2.02,9.01",47.0,46.849998474121094,1037.2,False,-0.0031915218272107193,1037.2,True,1037.2,True,1081.2,True
AA,2026-07-02 20:17:43+00:00,after-hours,"1.01,8.01,9.01",49.12,49.86000061035156,5352.283333333334,False,0.015065159005528628,5354.283333333334,True,5358.283333333334,True,19831.283333333333,True
AAL,2026-07-23 11:00:28+00:00,pre-market,"2.02,7.01,9.01",14.734999656677246,14.170000076293945,149.53333333333333,False,-0.03834405113998551,149.53333333333333,True,149.53333333333333,True,150.53333333333333,True
AAL,2026-07-15 20:30:37+00:00,after-hours,"5.02,7.01,9.01",15.614999771118164,15.4350004196167,1019.3833333333333,False,-0.011527336160093715,1019.3833333333333,True,1094.3833333333334,True,9996.383333333333,True
AAME,2026-07-15 20:22:31+00:00,after-hours,8.01,1.6201000213623047,1.6301000118255615,1030.4833333333333,False,0.006172452522312799,1118.4833333333333,True,1118.4833333333333,True,,False
AAT,2026-07-28 20:17:44+00:00,after-hours,"2.02,7.01,9.01",24.11,23.520000457763672,1032.2666666666667,False,-0.02447115480034545,1032.2666666666667,True,1032.2666666666667,True,,False
AB,2026-07-28 10:23:31+00:00,pre-market,"2.02,9.01",37.9,37.54999923706055,186.48333333333332,False,-0.009234848626370806,186.48333333333332,True,1999.4833333333333,True,,False
AB,2026-07-13 20:22:04+00:00,after-hours,"7.01,9.01",37.35,37.33000183105469,1027.9333333333334,False,-0.0005354262100485396,1253.9333333333334,True,2487.9333333333334,True,,False
ABAT,2026-07-10 20:45:34+00:00,after-hours,"5.02,9.01",2.63,2.5799999237060547,3884.4333333333334,False,-0.01901143585321108,3884.4333333333334,True,3884.4333333333334,True,3888.4333333333334,True
ABCB,2026-07-23 20:16:33+00:00,after-hours,"2.02,7.01,9.01",89.16,87.04000091552734,1033.45,False,-0.02377746842163142,1033.45,True,1033.45,True,,False
ABCL,2026-07-06 18:53:55+00:00,regular,"5.02,9.01",7.804999828338623,7.800000190734863,1.0833333333333333,True,-0.0006405685731865063,55.083333333333336,True,1116.0833333333333,True,1117.0833333333333,True
ABG,2026-07-28 11:04:10+00:00,pre-market,"2.02,9.01",226.64,235.0,145.83333333333334,False,0.036886692552065004,145.83333333333334,True,145.83333333333334,True,511.8333333333333,True
ABR,2026-07-06 21:24:57+00:00,after-hours,"1.01,2.03,3.02,9.01",5.0,5.03000020980835,965.05,False,0.006000041961669922,972.05,True,2405.05,True,15366.05,True
ABT,2026-07-16 11:36:19+00:00,pre-market,"2.02,9.01",89.33,95.29000091552734,113.68333333333334,False,0.06671891767074167,113.68333333333334,True,113.68333333333334,True,113.68333333333334,True
ABTC,2026-07-06 21:15:15+00:00,after-hours,"3.03,5.03,8.01,9.01",8.479999542236328,8.40999984741211,974.75,False,-0.008254681439022638,974.75,True,974.75,True,978.75,True
ABUS,2026-07-16 11:31:17+00:00,pre-market,"1.02,5.02,8.01,9.01",4.565000057220459,4.795000076293945,118.71666666666667,False,0.05038335513483627,118.71666666666667,True,118.71666666666667,True,314.71666666666664,True
ACA,2026-07-15 20:25:30+00:00,after-hours,1.04,144.85,145.10000610351562,1024.5,False,0.0017259655058035062,,False,,False,,False
ACEL,2026-07-14 20:50:31+00:00,after-hours,"5.02,7.01,9.01",12.5,12.369999885559082,999.4833333333333,False,-0.010400009155273393,999.4833333333333,True,2439.483333333333,True,11442.483333333334,True
ACEL,2026-07-13 20:28:48+00:00,after-hours,"5.02,9.01",12.72,12.729999542236328,1021.2,False,0.0007861275343024055,1025.2,True,1129.2,True,11114.2,True
ACGL,2026-07-28 20:04:34+00:00,after-hours,"2.02,9.01",106.48,103.06999969482422,1045.4333333333334,False,-0.0320247962544683,1045.4333333333334,True,1045.4333333333334,True,2509.4333333333334,True
ACHC,2026-07-28 20:57:17+00:00,after-hours,"2.02,7.01,9.01",32.66999816894531,33.0,992.7166666666667,False,0.0101010667141197,996.7166666666667,True,997.7166666666667,True,999.7166666666667,True
ACHV,2026-07-06 20:06:28+00:00,after-hours,"5.03,5.07,9.01",6.460000038146973,6.429999828338623,1043.5333333333333,False,-0.004643995298946657,1044.5333333333333,True,1047.5333333333333,True,2576.5333333333333,True
ACI,2026-07-23 11:31:10+00:00,pre-market,"2.02,9.01",14.6,12.5,118.83333333333333,False,-0.14383561643835618,118.83333333333333,True,118.83333333333333,True,118.83333333333333,True
ACI,2026-07-23 11:29:06+00:00,pre-market,"5.02,9.01",14.6,12.5,120.9,False,-0.14383561643835618,120.9,True,120.9,True,120.9,True
ACNB,2026-07-23 12:45:35+00:00,pre-market,"2.02,9.01",60.459999084472656,60.869998931884766,44.416666666666664,False,0.006781340615623854,62.416666666666664,True,87.41666666666667,True,1497.4166666666667,True
ACNT,2026-07-21 17:40:36+00:00,regular,"1.01,9.01",15.149999618530273,15.1899995803833,45.4,False,0.0026402615749312464,1195.4,True,9848.4,True,,False
ACR,2026-07-24 20:09:24+00:00,after-hours,"8.01,9.01",17.65,17.56999969482422,3920.6,False,-0.0045325951940952125,4124.6,True,4275.6,True,6966.6,True
ACTU,2026-07-17 20:30:34+00:00,after-hours,3.01,1.4450000524520874,1.5299999713897705,3899.4333333333334,False,0.0588234711780411,3899.4333333333334,True,3899.4333333333334,True,3899.4333333333334,True
ACU,2026-07-23 12:08:37+00:00,pre-market,"2.02,9.01",45.9,48.5,81.38333333333334,False,0.056644880174292034,81.38333333333334,True,81.38333333333334,True,81.38333333333334,True
ACU,2026-07-21 20:15:15+00:00,after-hours,"1.01,1.02,2.03,9.01",46.62,46.599998474121094,1034.75,False,-0.0004290331591356722,1093.75,True,1213.75,True,2478.75,True
ADBE,2026-07-17 20:14:16+00:00,after-hours,5.02,237.2899932861328,234.99000549316406,3915.733333333333,False,-0.009692729816024537,3915.733333333333,True,3915.733333333333,True,5355.733333333334,True
ADEA,2026-07-28 20:05:15+00:00,after-hours,5.02,25.139999389648438,25.030000686645508,1044.75,False,-0.004375445730846805,1053.75,True,1084.75,True,1112.75,True
ADNT,2026-07-10 16:15:14+00:00,regular,5.02,20.190000534057617,20.209999084472656,1.7666666666666666,True,0.0009905175773177177,213.76666666666668,True,4154.766666666666,True,4289.766666666666,True
ADSK,2026-07-13 20:13:32+00:00,after-hours,8.01,212.22,204.13999938964844,1036.4666666666667,False,-0.038073699982808185,1036.4666666666667,True,1036.4666666666667,True,19848.466666666667,True
ADTN,2026-07-23 20:30:32+00:00,after-hours,"1.01,1.02,2.03,9.01",10.145000457763672,10.220000267028809,1019.4666666666667,False,0.00739278520266029,1025.4666666666667,True,1058.4666666666667,True,5341.466666666666,True
ADTN,2026-07-22 11:02:14+00:00,pre-market,"2.02,7.01,9.01",12.14,9.869999885559082,147.76666666666668,False,-0.18698518240864237,147.76666666666668,True,147.76666666666668,True,147.76666666666668,True
ADTX,2026-07-17 16:06:00+00:00,regular,"1.01,3.02,9.01",0.0024999999441206455,0.0024999999441206455,12.0,False,0.0,32.0,True,32.0,True,213.0,True
ADVB,2026-07-17 21:00:14+00:00,after-hours,"1.02,9.01",5.03000020980835,6.75,3869.766666666667,False,0.3419482541646226,3869.766666666667,True,3869.766666666667,True,3869.766666666667,True
AEBI,2026-07-13 11:00:22+00:00,pre-market,"7.01,9.01",11.6899995803833,11.579999923706055,149.63333333333333,False,-0.009409722893560568,168.63333333333333,True,187.63333333333333,True,3030.633333333333,True
AEHR,2026-07-14 20:50:31+00:00,after-hours,"2.02,9.01",72.06999969482422,102.0999984741211,999.4833333333333,False,0.41667821432575236,999.4833333333333,True,999.4833333333333,True,999.4833333333333,True
AEMD,2026-07-07 23:07:31+00:00,after-hours,"1.01,8.01,9.01",0.7028999924659729,0.7319999933242798,862.4833333333333,False,0.04139991630418982,862.4833333333333,True,862.4833333333333,True,868.4833333333333,True
AEON,2026-07-23 20:01:19+00:00,after-hours,8.01,0.26,0.25999999046325684,1054.6833333333334,False,-3.667978143440109e-08,1073.6833333333334,True,1136.6833333333334,True,1195.6833333333334,True
AEON,2026-07-15 20:01:21+00:00,after-hours,"1.01,8.01,9.01",0.2997,0.28999999165534973,1048.65,False,-0.032365726875710044,1048.65,True,1048.65,True,2488.65,True
AES,2026-07-27 20:31:05+00:00,after-hours,"4.01,9.01",14.83,14.850000381469727,1018.9166666666666,False,0.0013486433897320627,,False,,False,,False
AFBI,2026-07-22 20:15:32+00:00,after-hours,"8.01,9.01",22.844999313354492,22.899999618530273,1034.4666666666667,False,0.0024075424306810866,,False,,False,,False
AFBI,2026-07-17 21:04:29+00:00,after-hours,"8.01,9.01",22.709999084472656,22.760000228881836,3865.516666666667,False,0.002201723752748519,8211.516666666666,True,,False,,False
AFBI,2026-07-07 20:41:43+00:00,after-hours,5.07,22.639999389648438,22.670000076293945,1079.2833333333333,False,0.0013251187038116896,22608.283333333333,True,,False,,False
AGCO,2026-07-10 20:35:18+00:00,after-hours,"5.03,9.01",114.32,113.94499969482422,3894.7,False,-0.0032802685897110884,5334.7,True,5335.7,True,18336.7,True
AGEN,2026-07-13 10:30:23+00:00,pre-market,"1.01,3.02,7.01,8.01,9.01",3.3499999046325684,5.75,179.61666666666667,False,0.7164179593105588,179.61666666666667,True,179.61666666666667,True,179.61666666666667,True
AGEN,2026-07-06 20:10:32+00:00,after-hours,1.01,3.42,3.359999895095825,1039.4666666666667,False,-0.01754389032285808,1039.4666666666667,True,1039.4666666666667,True,2485.4666666666667,True
AGL,2026-07-21 21:51:52+00:00,after-hours,"5.02,9.01",125.78,123.69999694824219,938.1333333333333,False,-0.01653683456636834,938.1333333333333,True,938.1333333333333,True,1012.1333333333333,True
AGNC,2026-07-20 20:06:41+00:00,after-hours,"2.02,9.01",10.925000190734863,11.149999618530273,1043.3166666666666,False,0.02059491293979332,1043.3166666666666,True,1280.3166666666666,True,,False
AGPU,2026-07-27 12:35:17+00:00,pre-market,"8.01,9.01",6.820000171661377,7.889999866485596,54.71666666666667,False,0.1568914469049878,54.71666666666667,True,54.71666666666667,True,54.71666666666667,True
AGPU,2026-07-22 12:35:17+00:00,pre-market,"8.01,9.01",9.524999618530273,9.475000381469727,54.71666666666667,False,-0.0052492639436201305,54.71666666666667,True,54.71666666666667,True,54.71666666666667,True
AGYS,2026-07-27 20:05:18+00:00,after-hours,"2.02,9.01",102.55000305175781,108.30000305175781,1044.7,False,0.05607020798524909,1044.7,True,1044.7,True,1045.7,True
AHCO,2026-07-20 20:35:23+00:00,after-hours,"1.01,9.01",10.98,11.57979965209961,1014.6166666666667,False,0.05462656212200456,1014.6166666666667,True,1014.6166666666667,True,1019.6166666666667,True
AHCO,2026-07-07 20:45:49+00:00,after-hours,7.01,10.140000343322754,10.135000228881836,1004.1833333333333,False,-0.0004931079163336127,1004.1833333333333,True,1008.1833333333333,True,11262.183333333332,True
AHCO,2026-07-02 20:01:45+00:00,after-hours,1.05,10.770000457763672,10.755000114440918,5368.25,False,-0.0013927894786616157,5368.25,True,5374.25,True,5712.25,True
AHR,2026-07-22 20:16:45+00:00,after-hours,"5.02,7.01,9.01",57.08,57.349998474121094,1033.25,False,0.004730176491259508,1034.25,True,8233.25,True,,False
AHT,2026-07-07 22:43:14+00:00,after-hours,"2.01,9.01",3.140000104904175,3.109999895095825,928.7666666666667,False,-0.00955420662613804,1093.7666666666667,True,2715.766666666667,True,,False
AHT,2026-07-06 20:12:11+00:00,after-hours,"2.01,9.01",3.19,3.140000104904175,1037.8166666666666,False,-0.015673948305901297,1037.8166666666666,True,1042.8166666666666,True,,False
AIEV,2026-07-17 14:18:38+00:00,regular,"3.03,5.03,5.07,7.01,9.01",0.11699999868869781,0.11760000139474869,216.36666666666667,False,0.005128228314320804,301.3666666666667,True,301.3666666666667,True,301.3666666666667,True
AIM,2026-07-16 20:05:43+00:00,after-hours,5.07,0.273,0.26649999618530273,1044.2833333333333,False,-0.02380953778277395,1044.2833333333333,True,1044.2833333333333,True,1126.2833333333333,True
AIOT,2026-07-21 20:39:59+00:00,after-hours,"5.02,8.01,9.01",4.17,4.150000095367432,1010.0166666666667,False,-0.004796140199656684,1011.0166666666667,True,1015.0166666666667,True,2478.016666666667,True
AIR,2026-07-24 10:01:20+00:00,pre-market,"5.02,9.01",129.47,130.3699951171875,208.66666666666666,False,0.006951379602900376,223.66666666666666,True,4529.666666666667,True,4549.666666666667,True
AIR,2026-07-21 20:36:54+00:00,after-hours,"2.02,9.01",142.954,134.0,1013.1,False,-0.06263553310855241,1013.1,True,1013.1,True,1013.1,True
AIRI,2026-07-09 20:45:15+00:00,after-hours,"1.01,7.01,9.01",2.9326000213623047,2.940000057220459,1004.75,False,0.0025233703213016767,1209.75,True,1210.75,True,5436.75,True
AIRT,2026-07-10 20:31:19+00:00,after-hours,"1.01,8.01",28.0,28.0,4128.683333333333,False,0.0,4133.683333333333,True,4133.683333333333,True,6835.683333333333,True
AITX,2026-07-27 10:02:04+00:00,pre-market,"8.01,9.01",0.0071000000461936,0.007499999832361937,207.93333333333334,False,0.05633799768533554,208.93333333333334,True,208.93333333333334,True,208.93333333333334,True
AITX,2026-07-20 10:01:41+00:00,pre-market,"8.01,9.01",0.008200000040233135,0.008700000122189522,208.31666666666666,False,0.060975619451603125,208.31666666666666,True,208.31666666666666,True,208.31666666666666,True
AITX,2026-07-17 10:02:02+00:00,pre-market,"8.01,9.01",0.008500000461935997,0.00860000029206276,209.96666666666667,False,0.011764685257909413,209.96666666666667,True,224.96666666666667,True,401.96666666666664,True
AITX,2026-07-16 22:20:55+00:00,after-hours,"5.03,8.01,9.01",0.008500000461935997,0.00860000029206276,911.0833333333334,False,0.011764685257909413,911.0833333333334,True,926.0833333333334,True,1103.0833333333333,True
AITX,2026-07-16 10:01:27+00:00,pre-market,"8.01,9.01",0.00860000029206276,0.008700000122189522,208.55,False,0.011627886829149947,208.55,True,209.55,True,242.55,True
AITX,2026-07-15 10:01:39+00:00,pre-market,"2.02,8.01,9.01",0.00800000037997961,0.007699999958276749,218.35,False,-0.037500050931700835,218.35,True,218.35,True,281.35,True
AITX,2026-07-07 10:01:24+00:00,pre-market,"8.01,9.01",0.009999999776482582,0.010499999858438969,208.6,False,0.05000000931322601,208.6,True,208.6,True,208.6,True
AKR,2026-07-28 20:21:28+00:00,after-hours,"2.02,9.01",22.14,22.979999542236328,1028.5333333333333,False,0.037940358727928114,1028.5333333333333,True,1028.5333333333333,True,,False
ALB,2026-07-23 20:22:25+00:00,after-hours,"5.02,7.01,9.01",116.91,116.62000274658203,1027.5833333333333,False,-0.0024805170936443854,1131.5833333333333,True,1138.5833333333333,True,,False
ALCO,2026-07-17 21:00:15+00:00,after-hours,5.02,41.060001373291016,40.720001220703125,3938.75,False,-0.00828056846605607,4205.75,True,4258.75,True,8250.75,True
ALDX,2026-07-15 20:46:28+00:00,after-hours,8.01,1.934999942779541,1.850000023841858,1003.5333333333333,False,-0.04392760798513751,1003.5333333333333,True,1003.5333333333333,True,1003.5333333333333,True
ALEC,2026-07-08 20:05:33+00:00,after-hours,1.02,1.8309999704360962,1.840000033378601,1044.45,False,0.004915381260416574,1052.45,True,1079.45,True,1112.45,True
ALG,2026-07-08 20:06:03+00:00,after-hours,"5.02,9.01",162.95,163.66000366210938,1043.95,False,0.004357187248293259,1052.95,True,1094.95,True,,False
ALGN,2026-07-09 00:29:04+00:00,closed,5.02,174.6300048828125,174.4199981689453,780.9333333333333,False,-0.0012025809310840518,797.9333333333333,True,808.9333333333333,True,6540.933333333333,True
ALK,2026-07-21 20:30:28+00:00,after-hours,"2.02,7.01,9.01",45.4,43.779998779296875,1019.5333333333333,False,-0.03568284627099394,1019.5333333333333,True,1019.5333333333333,True,1019.5333333333333,True
ALKS,2026-07-28 11:05:18+00:00,pre-market,"2.02,9.01",52.73,51.099998474121094,144.7,False,-0.030912223134437755,144.7,True,144.7,True,324.7,True
ALKS,2026-07-08 12:00:15+00:00,pre-market,1.02,55.220001220703125,54.369998931884766,89.75,False,-0.015393014669106475,89.75,True,106.75,True,2974.75,True
ALLE,2026-07-23 10:02:30+00:00,pre-market,"2.02,9.01",139.95,152.1750030517578,207.5,False,0.08735264774389306,207.5,True,207.5,True,207.5,True
ALLY,2026-07-21 11:20:11+00:00,pre-market,"2.02,9.01",45.52,44.9900016784668,129.81666666666666,False,-0.011643196870237404,129.81666666666666,True,129.81666666666666,True,4678.816666666667,True
ALT,2026-07-28 11:04:40+00:00,pre-market,"7.01,8.01,9.01",2.9649999141693115,3.299999952316284,145.33333333333334,False,0.11298483907067092,145.33333333333334,True,145.33333333333334,True,145.33333333333334,True
ALV,2026-07-17 10:15:35+00:00,pre-market,"2.02,7.01,9.01",124.99,119.30500030517578,194.41666666666666,False,-0.0454836362494937,194.41666666666666,True,194.41666666666666,True,194.41666666666666,True
AM,2026-07-27 10:03:13+00:00,pre-market,7.01,22.75,22.614999771118164,206.78333333333333,False,-0.0059340759948059985,206.78333333333333,True,242.78333333333333,True,3243.7833333333333,True
AMAL,2026-07-23 10:26:29+00:00,pre-market,"2.02,7.01,9.01",46.959999084472656,48.595001220703125,183.51666666666668,False,0.03481691158659084,183.51666666666668,True,183.51666666666668,True,1741.5166666666667,True
AMAL,2026-07-21 20:31:53+00:00,after-hours,"7.01,9.01",47.53499984741211,47.43000030517578,1018.1166666666667,False,-0.0022088890832728802,1099.1166666666666,True,2458.116666666667,True,8218.116666666667,True
AMC,2026-07-20 10:59:42+00:00,pre-market,"2.02,9.01",1.94,2.200000047683716,150.3,False,0.1340206431359361,150.3,True,150.3,True,150.3,True
AMIX,2026-07-28 15:36:42+00:00,regular,8.01,2.5999999046325684,2.680000066757202,2.3,False,0.03076929425347008,2.3,True,2.3,True,39.3,True
AMIX,2026-07-15 21:02:46+00:00,after-hours,"1.01,3.02,8.01,9.01",5.224999904632568,5.079999923706055,987.2333333333333,False,-0.027751193028339505,987.2333333333333,True,987.2333333333333,True,1325.2333333333333,True
AMIX,2026-07-10 12:32:04+00:00,pre-market,8.01,6.460000038146973,6.309999942779541,71.93333333333334,False,-0.02321982886713092,71.93333333333334,True,71.93333333333334,True,4377.933333333333,True
AMKR,2026-07-27 20:08:09+00:00,after-hours,"2.02,9.01",60.78,52.029998779296875,1041.85,False,-0.1439618496331544,1041.85,True,1041.85,True,1041.85,True
AMPG,2026-07-22 21:00:13+00:00,after-hours,"8.01,9.01",6.74,6.440000057220459,989.7833333333333,False,-0.04451037726699425,989.7833333333333,True,989.7833333333333,True,989.7833333333333,True
AMPG,2026-07-08 10:15:41+00:00,pre-market,"1.02,8.01",6.21999979019165,6.420000076293945,194.31666666666666,False,0.03215438791777392,194.31666666666666,True,196.31666666666666,True,197.31666666666666,True
AMPH,2026-07-13 10:01:01+00:00,pre-market,5.02,18.729999542236328,19.132099151611328,208.98333333333332,False,0.021468212450740376,208.98333333333332,True,208.98333333333332,True,371.98333333333335,True
AMPH,2026-07-08 00:03:50+00:00,closed,8.01,20.09000015258789,19.959999084472656,806.1666666666666,False,-0.006470934152705277,806.1666666666666,True,806.1666666666666,True,860.1666666666666,True
AMR,2026-07-27 12:02:06+00:00,pre-market,"2.02,9.01",142.94,142.94000244140625,90.9,False,1.7079937464359318e-08,93.9,True,345.9,True,3041.9,True
AMSF,2026-07-21 20:15:05+00:00,after-hours,"2.02,9.01",33.98,32.349998474121094,1034.9166666666667,False,-0.04796943866624204,1034.9166666666667,True,1034.9166666666667,True,1047.9166666666667,True
AMST,2026-07-20 20:30:12+00:00,after-hours,"1.01,9.01",1.0099999904632568,1.0199999809265137,1019.8,False,0.009900980750178201,1022.8,True,1022.8,True,4031.8,True
AMST,2026-07-13 21:22:26+00:00,after-hours,"5.02,5.07,9.01",1.0950000286102295,1.0529999732971191,973.5666666666667,False,-0.03835621389564403,973.5666666666667,True,973.5666666666667,True,2414.5666666666666,True
AMTB,2026-07-28 20:18:06+00:00,after-hours,5.02,30.58,30.434999465942383,1031.9,False,-0.004741678680759143,1031.9,True,1031.9,True,,False
AMTB,2026-07-23 20:01:11+00:00,after-hours,"2.02,7.01,8.01,9.01",25.85,26.600000381469727,1048.8166666666666,False,0.029013554408886755,1048.8166666666666,True,1048.8166666666666,True,1053.8166666666666,True
ANGO,2026-07-14 11:30:53+00:00,pre-market,"2.02,7.01,9.01",12.765000343322754,13.640000343322754,119.11666666666666,False,0.0685468058336327,119.11666666666666,True,121.11666666666666,True,1560.1166666666666,True
ANIK,2026-07-14 21:00:16+00:00,after-hours,"1.01,2.03,9.01",15.529999732971191,15.614999771118164,989.7333333333333,False,0.005473280077816778,1040.7333333333333,True,1350.7333333333333,True,12549.733333333334,True
ANRO,2026-07-14 10:04:48+00:00,pre-market,"1.01,9.01",28.03,28.850000381469727,205.2,False,0.0292543839268542,215.2,True,222.2,True,283.2,True
ANRO,2026-07-13 11:39:07+00:00,pre-market,"2.02,8.01",26.48,26.959999084472656,110.88333333333334,False,0.01812685364322708,113.88333333333334,True,114.88333333333334,True,376.8833333333333,True
ANVS,2026-07-09 21:06:20+00:00,after-hours,"8.01,9.01",1.95,1.9800000190734863,983.6666666666666,False,0.015384625165890453,983.6666666666666,True,983.6666666666666,True,1071.6666666666667,True
AOMR,2026-07-21 20:23:56+00:00,after-hours,7.01,8.96,8.979999542236328,1026.0666666666666,False,0.0022320917674472085,1042.0666666666666,True,2485.0666666666666,True,,False
AOSL,2026-07-10 20:06:46+00:00,after-hours,"5.02,9.01",37.56,35.9900016784668,3923.233333333333,False,-0.041799742319840405,3923.233333333333,True,3923.233333333333,True,3924.233333333333,True
AP,2026-07-09 12:49:05+00:00,pre-market,"2.02,9.01",7.17,8.581999778747559,40.916666666666664,False,0.19693162883508486,40.916666666666664,True,40.916666666666664,True,40.916666666666664,True
APA,2026-07-08 21:07:26+00:00,after-hours,"2.02,9.01",35.04999923706055,34.81990051269531,982.5666666666667,False,-0.006564871023504559,982.5666666666667,True,986.5666666666667,True,1371.5666666666666,True
APLD,2026-07-27 21:04:53+00:00,after-hours,"2.02,9.01",26.79,26.860000610351562,985.1166666666667,False,0.00261293804970375,985.1166666666667,True,985.1166666666667,True,2441.116666666667,True
APLE,2026-07-28 20:15:18+00:00,after-hours,"1.01,2.03,8.01,9.01",16.82,16.78499984741211,1034.7,False,-0.0020808651954751234,2478.7,True,2500.7,True,,False
APRE,2026-07-23 20:05:20+00:00,after-hours,3.01,0.6449999809265137,0.6658999919891357,1056.6666666666667,False,0.032403118884748006,1056.6666666666667,True,1056.6666666666667,True,1064.6666666666667,True
APVO,2026-07-27 20:05:18+00:00,after-hours,"8.01,9.01",4.21,4.210000038146973,1058.7,False,9.061038586111181e-09,1066.7,True,1066.7,True,2535.7,True
APYX,2026-07-24 21:18:18+00:00,after-hours,"8.01,9.01",3.936000108718872,3.9700000286102295,3851.7,False,0.008638190790707156,3867.7,True,3933.7,True,6805.7,True
AQB,2026-07-08 12:04:23+00:00,pre-market,"8.01,9.01",0.9900000095367432,1.0499999523162842,85.61666666666666,False,0.060606002223795086,85.61666666666666,True,87.61666666666666,True,184.61666666666667,True
ARAI,2026-07-24 20:30:35+00:00,after-hours,3.01,0.2944999933242798,0.3001999855041504,3899.4166666666665,False,0.01935481259449201,3899.4166666666665,True,3900.4166666666665,True,5350.416666666667,True
ARCB,2026-07-24 15:07:30+00:00,regular,"8.01,9.01",153.1750030517578,153.32000732421875,1.5,True,0.0009466575457610649,7.5,True,58.5,True,4351.5,True
ARCB,2026-07-16 20:10:12+00:00,after-hours,"2.05,2.06,8.01,9.01",157.61,158.80999755859375,1039.8,False,0.007613714603094568,1039.8,True,6799.8,True,15462.8,True
ARCC,2026-07-28 20:33:42+00:00,after-hours,"2.02,8.01,9.01",19.05500030517578,19.1299991607666,1016.3,False,0.003935914688516062,1183.3,True,2458.3,True,,False
ARCC,2026-07-22 21:23:34+00:00,after-hours,"1.01,2.03,9.01",18.854999542236328,18.854999542236328,966.4333333333333,False,0.0,1026.4333333333334,True,11133.433333333332,True,,False
ARE,2026-07-09 21:10:11+00:00,after-hours,"1.01,2.03",48.51,49.040000915527344,979.8166666666667,False,0.010925601227114834,979.8166666666667,True,1041.8166666666666,True,18259.816666666666,True
AREC,2026-07-24 12:00:47+00:00,pre-market,"4.01,4.02,9.01",1.7599999904632568,1.7999999523162842,89.21666666666667,False,0.02272725117600638,114.21666666666667,True,400.21666666666664,True,5858.216666666666,True
AREC,2026-07-24 11:45:47+00:00,pre-market,8.01,1.7599999904632568,1.7999999523162842,104.21666666666667,False,0.02272725117600638,129.21666666666667,True,415.21666666666664,True,5873.216666666666,True
AREC,2026-07-21 13:15:44+00:00,pre-market,8.01,1.57,1.6699999570846558,14.266666666666667,False,0.06369424018130942,14.266666666666667,True,14.266666666666667,True,14.266666666666667,True
ARES,2026-07-09 19:15:30+00:00,regular,"2.02,7.01",120.94499969482422,121.01000213623047,1.5,True,0.0005374545584377888,1094.5,True,1094.5,True,8316.5,True
ARHS,2026-07-16 20:25:30+00:00,after-hours,"5.02,9.01",7.849999904632568,7.820000171661377,1024.5,False,-0.003821622080974474,1025.5,True,1289.5,True,6787.5,True
ARHS,2026-07-13 20:48:08+00:00,after-hours,"5.02,9.01",7.73,7.901199817657471,1001.8666666666667,False,0.022147453771988346,1001.8666666666667,True,1168.8666666666666,True,2509.866666666667,True
ARI,2026-07-10 21:54:58+00:00,after-hours,5.07,10.43,10.444999694824219,3815.0333333333333,False,0.0014381298968570988,3847.0333333333333,True,6755.033333333334,True,8135.033333333334,True
ARKB,2026-07-07 20:32:13+00:00,after-hours,1.02,21.149999618530273,20.520000457763672,1017.7833333333333,False,-0.029787194899740688,1017.7833333333333,True,1017.7833333333333,True,,False
ARLP,2026-07-27 12:00:17+00:00,pre-market,"2.02,9.01",24.729999542236328,24.68000030517578,89.71666666666667,False,-0.002021805013588951,96.71666666666667,True,229.71666666666667,True,1542.7166666666667,True
ARLP,2026-07-08 20:15:02+00:00,after-hours,"1.01,9.01",24.399999618530273,24.280000686645508,1034.9666666666667,False,-0.004917989088558561,6798.966666666666,True,8269.966666666667,True,27250.966666666667,True
ARMP,2026-07-20 11:13:05+00:00,pre-market,"7.01,9.01",4.49,4.789999961853027,136.91666666666666,False,0.06681513627016189,136.91666666666666,True,136.91666666666666,True,136.91666666666666,True
ARMP,2026-07-20 11:12:37+00:00,pre-market,"5.02,9.01",4.49,4.789999961853027,137.38333333333333,False,0.06681513627016189,137.38333333333333,True,137.38333333333333,True,137.38333333333333,True
ARMP,2026-07-13 11:11:25+00:00,pre-market,"7.01,9.01",4.28000020980835,4.297999858856201,138.58333333333334,False,0.004205525272312549,138.58333333333334,True,139.58333333333334,True,187.58333333333334,True
AROW,2026-07-23 11:29:51+00:00,pre-market,"2.02,7.01,8.01,9.01",40.77000045776367,40.23500061035156,120.15,False,-0.013122390027107134,120.15,True,120.15,True,1607.15,True
ARQ,2026-07-23 21:09:11+00:00,after-hours,"5.02,9.01",2.0399999618530273,2.0199999809265137,980.8166666666667,False,-0.00980391240220746,980.8166666666667,True,5372.816666666667,True,8187.816666666667,True
ARQ,2026-07-02 20:33:09+00:00,after-hours,"5.02,9.01",2.2799999713897705,2.3499999046325684,5336.85,False,0.0307017254917461,5336.85,True,5336.85,True,6833.85,True
ARQT,2026-07-16 20:25:02+00:00,after-hours,"5.02,7.01,9.01",27.739999771118164,27.489999771118164,1024.9666666666667,False,-0.009012256743429758,1025.9666666666667,True,1044.9666666666667,True,,False
ARR,2026-07-24 20:14:17+00:00,after-hours,"1.01,5.03,8.01,9.01",16.27,16.388900756835938,3915.7166666666667,False,0.007307975220401941,5388.716666666666,True,,False,,False
ARR,2026-07-22 20:24:07+00:00,after-hours,"7.01,9.01",16.38,16.350000381469727,1025.8833333333334,False,-0.0018314785427516744,1030.8833333333334,True,1087.8833333333334,True,,False
ARR,2026-07-22 20:19:31+00:00,after-hours,"2.02,7.01,9.01",16.38,16.350000381469727,1030.4833333333333,False,-0.0018314785427516744,1035.4833333333333,True,1092.4833333333333,True,,False
ARR,2026-07-21 20:24:07+00:00,after-hours,"8.01,9.01",16.43,16.552400588989258,1025.8833333333334,False,0.007449822823448526,2465.883333333333,True,2523.883333333333,True,,False
ARR,2026-07-21 20:22:31+00:00,after-hours,"7.01,9.01",16.43,16.552400588989258,1027.4833333333333,False,0.007449822823448526,2467.483333333333,True,2525.483333333333,True,,False
ARRY,2026-07-16 20:46:07+00:00,after-hours,"1.01,3.02,7.01,9.01",6.244999885559082,6.159999847412109,1003.8833333333333,False,-0.013610895068793538,1003.8833333333333,True,1003.8833333333333,True,1017.8833333333333,True
ARTL,2026-07-17 20:34:51+00:00,after-hours,5.07,1.1399999856948853,1.159999966621399,3895.15,False,0.017543843138140724,3895.15,True,5337.15,True,6776.15,True
ARTV,2026-07-22 21:15:36+00:00,after-hours,8.01,10.0,9.710000038146973,974.4,False,-0.02899999618530269,974.4,True,974.4,True,989.4,True
ASB,2026-07-23 20:16:35+00:00,after-hours,"2.02,9.01",30.26,30.209999084472656,1033.4166666666667,False,-0.0016523765871561125,1046.4166666666667,True,1123.4166666666667,True,,False
ASBP,2026-07-20 21:20:17+00:00,after-hours,8.01,6.58,6.355000019073486,996.7166666666667,False,-0.03419452597667383,996.7166666666667,True,996.7166666666667,True,1117.7166666666667,True
ASH,2026-07-28 21:12:36+00:00,after-hours,"1.01,5.02,7.01",68.01,74.98999786376953,977.4,False,0.10263193447683472,977.4,True,977.4,True,977.4,True
ASH,2026-07-28 21:10:01+00:00,after-hours,"2.02,7.01,9.01",68.01,74.98999786376953,979.9833333333333,False,0.10263193447683472,979.9833333333333,True,979.9833333333333,True,979.9833333333333,True
ASIC,2026-07-10 12:06:20+00:00,pre-market,"2.02,5.02,9.01",24.0,24.0,83.66666666666667,False,0.0,129.66666666666666,True,137.66666666666666,True,4716.666666666667,True
ASNS,2026-07-13 21:00:14+00:00,after-hours,3.01,0.07739999890327454,0.07249999791383743,1021.7666666666667,False,-0.06330750722051759,1021.7666666666667,True,1021.7666666666667,True,1021.7666666666667,True
ASPI,2026-07-28 12:16:27+00:00,pre-market,"7.01,9.01",4.045000076293945,4.0,73.55,False,-0.011124864139724466,73.55,True,73.55,True,125.55,True
ASPI,2026-07-21 12:05:13+00:00,pre-market,"7.01,9.01",3.8949999809265137,4.119999885559082,84.78333333333333,False,0.0577663429356543,84.78333333333333,True,84.78333333333333,True,84.78333333333333,True
ASPI,2026-07-16 20:15:46+00:00,after-hours,"8.01,9.01",3.95,3.9000000953674316,1034.2333333333333,False,-0.012658203704447701,1034.2333333333333,True,1034.2333333333333,True,1038.2333333333333,True
ASPI,2026-07-16 01:58:49+00:00,closed,"1.01,3.02,7.01,9.01",4.574999809265137,4.360000133514404,691.1833333333333,False,-0.04699446660420015,691.1833333333333,True,691.1833333333333,True,691.1833333333333,True
ASPS,2026-07-23 11:04:57+00:00,pre-market,"2.02,9.01",6.5,6.5,145.05,False,0.0,145.05,True,187.05,True,202.05,True
ASTC,2026-07-22 12:41:03+00:00,pre-market,"5.02,7.01,9.01",7.409999847412109,7.400000095367432,48.95,False,-0.0013494942308494018,64.95,True,66.95,True,1493.95,True
ASTH,2026-07-13 12:05:26+00:00,pre-market,"7.01,9.01",46.845001220703125,47.65999984741211,84.56666666666666,False,0.017397771490478497,84.56666666666666,True,95.56666666666666,True,1609.5666666666666,True
ATER,2026-07-20 20:42:14+00:00,after-hours,"1.01,1.02,2.01,3.02,3.03,5.01,5.02,5.03,5.07,8.01,9.01",1.25,1.2000000476837158,1007.7666666666667,False,-0.039999961853027344,1007.7666666666667,True,1007.7666666666667,True,1031.7666666666667,True
ATER,2026-07-10 21:28:32+00:00,after-hours,"7.01,9.01",1.159999966621399,1.174399971961975,3841.4666666666667,False,0.012413798064595971,3841.4666666666667,True,3913.4666666666667,True,4191.466666666666,True
ATHR,2026-07-21 12:00:18+00:00,pre-market,"1.01,9.01",4.559999942779541,4.400000095367432,89.7,False,-0.03508768627628134,89.7,True,89.7,True,196.7,True
ATII,2026-07-14 20:41:56+00:00,after-hours,"3.02,8.01,9.01",10.800000190734863,10.800000190734863,1019.0666666666667,False,0.0,3902.0666666666666,True,,False,,False
ATLO,2026-07-17 20:11:26+00:00,after-hours,"2.02,9.01",29.584999084472656,29.030000686645508,3918.5666666666666,False,-0.01875945293229475,3918.5666666666666,True,6872.566666666667,True,,False
ATRC,2026-07-23 20:00:24+00:00,after-hours,"2.02,9.01",33.02000045776367,34.1349983215332,1049.6,False,0.03376734852550167,1049.6,True,1050.6,True,1413.6,True
ATXG,2026-07-27 20:30:22+00:00,after-hours,"1.01,3.02,9.01",3.5,3.180000066757202,1019.6333333333333,False,-0.09142855235508507,1019.6333333333333,True,1019.6333333333333,True,1019.6333333333333,True
AUB,2026-07-27 22:19:42+00:00,after-hours,"1.01,9.01",42.17,42.619998931884766,910.3,False,0.010671067865420047,915.3,True,1290.3,True,,False
AUB,2026-07-27 12:50:39+00:00,pre-market,"8.01,9.01",42.23,42.529998779296875,39.35,False,0.007103925628626051,41.35,True,1861.35,True,,False
AUB,2026-07-23 20:03:42+00:00,after-hours,"8.01,9.01",42.16,42.43000030517578,1046.3,False,0.006404181811569876,1152.3,True,7186.3,True,,False
AUB,2026-07-22 11:30:45+00:00,pre-market,"7.01,9.01",42.81,42.810001373291016,119.25,False,3.207874366140118e-08,126.25,True,1559.25,True,,False
AUB,2026-07-21 10:59:37+00:00,pre-market,"2.02,7.01,9.01",42.03,42.459999084472656,150.38333333333333,False,0.01023076575000359,153.38333333333333,True,10496.383333333333,True,,False
AUID,2026-07-07 12:00:40+00:00,pre-market,5.07,1.190000057220459,1.090000033378601,89.33333333333333,False,-0.0840336294398446,89.33333333333333,True,89.33333333333333,True,89.33333333333333,True
AUMN,2026-07-10 19:20:59+00:00,regular,5.07,0.19040000438690186,0.19020000100135803,26.016666666666666,False,-0.0010504379250821927,7143.016666666666,True,7143.016666666666,True,15475.016666666666,True
AURA,2026-07-08 11:17:42+00:00,pre-market,"5.02,9.01",7.019999980926514,7.03000020980835,132.3,False,0.0014245340326219935,135.3,True,136.3,True,3100.3,True
AVBH,2026-07-23 20:01:27+00:00,after-hours,"2.02,7.01,9.01",31.84000015258789,32.29499816894531,1048.55,False,0.01429013863620976,1048.55,True,1066.55,True,,False
AVNS,2026-07-22 20:06:52+00:00,after-hours,"5.07,7.01,9.01",24.98,25.0,1043.1333333333334,False,0.0008006405124099114,,False,,False,,False
AVNS,2026-07-14 23:18:06+00:00,after-hours,"8.01,9.01",24.93,24.959999084472656,851.9,False,0.0012033327104956637,,False,,False,,False
AVNS,2026-07-02 14:10:31+00:00,regular,"7.01,9.01",24.93000030517578,24.924999237060547,1.4833333333333334,True,-0.0002006044145212993,,False,,False,,False
AVO,2026-07-09 21:54:02+00:00,after-hours,8.01,13.335000038146973,13.505000114440918,935.9666666666667,False,0.012748412134055531,935.9666666666667,True,949.9666666666667,True,17162.966666666667,True
AVTR,2026-07-17 20:44:13+00:00,after-hours,"1.01,2.03,9.01",11.07,11.119999885559082,3885.7833333333333,False,0.004516701495852038,3886.7833333333333,True,3893.7833333333333,True,5325.783333333334,True
AVXL,2026-07-20 12:59:34+00:00,pre-market,8.01,2.3949999809265137,2.434999942779541,30.433333333333334,False,0.01670144558312403,30.433333333333334,True,192.43333333333334,True,1513.4333333333334,True
AWHL,2026-07-15 20:12:36+00:00,after-hours,"1.01,2.03,9.01",0.3605000078678131,0.36000001430511475,1250.4,False,-0.0013869446651487705,1426.4,True,1426.4,True,1426.4,True
AWHL,2026-07-07 20:32:48+00:00,after-hours,"5.02,9.01",0.4000000059604645,0.4000000059604645,1217.2,False,0.0,1257.2,True,1257.2,True,1257.2,True
AWI,2026-07-28 10:00:37+00:00,pre-market,"2.02,7.01,9.01",165.22,170.26499938964844,209.38333333333333,False,0.030535040489338083,209.38333333333333,True,209.38333333333333,True,211.38333333333333,True
AWI,2026-07-21 20:30:14+00:00,after-hours,"8.01,9.01",151.43,155.58749389648438,1019.7666666666667,False,0.027454889364619817,1019.7666666666667,True,1019.7666666666667,True,3916.766666666667,True
AWK,2026-07-16 20:54:53+00:00,after-hours,"7.01,9.01",134.33,136.49000549316406,995.1166666666667,False,0.016079844362123508,995.1166666666667,True,1002.1166666666667,True,,False
AWK,2026-07-06 20:21:42+00:00,after-hours,"8.01,9.01",133.09,134.67999267578125,1028.3,False,0.011946747883246234,1030.3,True,1036.3,True,31312.3,True
AX,2026-07-07 12:32:17+00:00,pre-market,"8.01,9.01",100.73,99.5250015258789,57.71666666666667,False,-0.011962657342609928,57.71666666666667,True,445.71666666666664,True,1561.7166666666667,True
AXON,2026-07-10 20:19:52+00:00,after-hours,5.02,565.6400146484375,569.0,3910.133333333333,False,0.0059401479113014855,3911.133333333333,True,4005.133333333333,True,5350.133333333333,True
AXR,2026-07-24 20:32:46+00:00,after-hours,"2.02,9.01",25.41,23.520000457763672,3897.233333333333,False,-0.07438014727415698,3897.233333333333,True,3897.233333333333,True,3897.233333333333,True
AXR,2026-07-14 20:30:20+00:00,after-hours,5.02,25.61,25.25,1019.6666666666666,False,-0.014057008980866814,1019.6666666666666,True,1078.6666666666667,True,18299.666666666668,True
AXS,2026-07-28 20:24:52+00:00,after-hours,"2.02,9.01",119.27,102.5,1026.1333333333334,False,-0.14060534920767997,1026.1333333333334,True,1026.1333333333334,True,1026.1333333333334,True
AXSM,2026-07-15 11:05:15+00:00,pre-market,"8.01,9.01",235.22999572753906,233.35000610351562,144.75,False,-0.007992133903709231,149.75,True,1665.75,True,7713.75,True
AXTA,2026-07-28 10:02:20+00:00,pre-market,"2.02,9.01",33.74,34.939998626708984,207.66666666666666,False,0.035566052955215754,207.66666666666666,True,207.66666666666666,True,216.66666666666666,True
AXTA,2026-07-23 13:04:24+00:00,pre-market,"1.01,8.01,9.01",32.8,31.979999542236328,25.6,False,-0.025000013956209433,25.6,True,25.6,True,7225.6,True
AXTI,2026-07-22 21:05:46+00:00,after-hours,"5.02,9.01",53.31,52.380001068115234,984.2333333333333,False,-0.017445112209431013,984.2333333333333,True,984.2333333333333,True,999.2333333333333,True
AXTI,2026-07-08 13:29:29+00:00,pre-market,2.04,58.130001068115234,61.900001525878906,1.5166666666666666,True,0.06485464284347908,0.5166666666666667,True,0.5166666666666667,True,1.5166666666666666,True
AXTI,2026-07-02 21:02:47+00:00,after-hours,"1.01,9.01",56.9,62.29999923706055,5307.216666666666,False,0.09490332578313798,5307.216666666666,True,5307.216666666666,True,5307.216666666666,True
AZTA,2026-07-08 12:03:36+00:00,pre-market,"1.01,2.01,7.01,9.01",25.37,25.329999923706055,86.4,False,-0.001576668360029454,88.4,True,89.4,True,10423.4,True
AZZ,2026-07-08 20:16:42+00:00,after-hours,"2.02,9.01",143.6,150.0,1034.3,False,0.04456824512534818,1035.3,True,1035.3,True,1043.3,True
AZZ,2026-07-07 16:52:15+00:00,regular,"5.07,9.01",143.2899932861328,143.58999633789062,1.75,True,0.0020936776175202176,1245.75,True,2679.75,True,2687.75,True
BAER,2026-07-27 13:20:04+00:00,pre-market,"7.01,9.01",1.850000023841858,2.0299999713897705,9.933333333333334,False,0.09729726769090008,9.933333333333334,True,9.933333333333334,True,9.933333333333334,True
BAH,2026-07-24 20:15:47+00:00,after-hours,"5.07,9.01",72.53,72.55999755859375,3914.2166666666667,False,0.0004135882888975928,3914.2166666666667,True,5365.216666666666,True,8234.216666666667,True
BAH,2026-07-24 10:49:09+00:00,pre-market,"2.02,7.01,9.01",67.18,70.40979766845703,160.85,False,0.04807677386807119,160.85,True,160.85,True,161.85,True
BANF,2026-07-23 20:38:54+00:00,after-hours,"2.02,9.01",115.12000274658203,116.54000091552734,1016.1,False,0.012334938629833037,1021.1,True,1099.1,True,,False
BANR,2026-07-22 20:41:25+00:00,after-hours,"2.02,7.01,8.01,9.01",69.62,66.94000244140625,1008.5833333333334,False,-0.038494650367620675,1008.5833333333334,True,1008.5833333333334,True,,False
BARK,2026-07-28 20:47:29+00:00,after-hours,"5.02,9.01",8.92,8.819999694824219,1002.5166666666667,False,-0.011210796544370072,1002.5166666666667,True,2442.516666666667,True,,False
BAX,2026-07-14 20:15:49+00:00,after-hours,"7.01,9.01",21.8,21.93000030517578,1034.1833333333334,False,0.005963316751182557,1037.1833333333334,True,1065.1833333333334,True,2525.1833333333334,True
BBBY,2026-07-27 21:27:25+00:00,after-hours,9.01,5.37,5.300000190734863,962.5833333333334,False,-0.013035346231869083,962.5833333333334,True,974.5833333333334,True,2406.5833333333335,True
BBBY,2026-07-27 21:25:25+00:00,after-hours,"1.01,3.02,9.01",5.37,5.300000190734863,964.5833333333334,False,-0.013035346231869083,964.5833333333334,True,976.5833333333334,True,2408.5833333333335,True
BBBY,2026-07-09 20:06:14+00:00,after-hours,"1.01,2.01,2.03,3.02,9.01",5.49,5.539999961853027,1043.7666666666667,False,0.009107461175414722,1044.7666666666667,True,1098.7666666666667,True,1216.7666666666667,True
BBIO,2026-07-22 20:34:14+00:00,after-hours,"8.01,9.01",82.66,82.63999938964844,1015.7666666666667,False,-0.00024196238025109285,1127.7666666666667,True,2558.766666666667,True,,False
BBIO,2026-07-02 20:23:41+00:00,after-hours,"1.01,3.02,3.03,5.03,7.01,9.01",77.25,77.76000213623047,5346.316666666667,False,0.006601969401041741,5352.316666666667,True,5577.316666666667,True,9666.316666666668,True
BBLG,2026-07-23 12:05:26+00:00,pre-market,"7.01,9.01",1.1200000047683716,1.149999976158142,84.56666666666666,False,0.026785688626827175,84.56666666666666,True,84.56666666666666,True,1862.5666666666666,True
BBLG,2026-07-16 21:25:14+00:00,after-hours,8.01,1.190000057220459,1.225000023841858,964.7666666666667,False,0.02941173524239149,964.7666666666667,True,964.7666666666667,True,5320.766666666666,True
BBLG,2026-07-09 20:30:35+00:00,after-hours,"1.01,3.02,8.01,9.01",1.3468999862670898,1.3200000524520874,1025.4166666666667,False,-0.019971738131466688,1025.4166666666667,True,5339.416666666667,True,5618.416666666667,True
BBT,2026-07-10 16:16:44+00:00,regular,8.01,30.1200008392334,30.110000610351562,3.2666666666666666,False,-0.00033201290183271226,4153.266666666666,True,8492.266666666666,True,,False
BBWI,2026-07-20 10:45:42+00:00,pre-market,"7.01,9.01",20.87,20.985000610351562,164.3,False,0.005510331114114031,166.3,True,169.3,True,1621.3,True
BCAL,2026-07-27 12:10:37+00:00,pre-market,"2.02,7.01,8.01,9.01",21.030000686645508,21.639999389648438,79.38333333333334,False,0.02900611902453676,79.38333333333334,True,79.38333333333334,True,,False
BCAX,2026-07-28 12:35:19+00:00,pre-market,"5.02,7.01,9.01",27.829999923706055,27.729999542236328,54.68333333333333,False,-0.0035932584169554582,57.68333333333333,True,59.68333333333333,True,1498.6833333333334,True
BCBP,2026-07-22 13:30:40+00:00,regular,"8.01,9.01",10.345000267028809,10.34000015258789,1.3333333333333333,True,-0.00048333632787367353,85.33333333333333,True,1456.3333333333333,True,,False
BCBP,2026-07-08 19:22:14+00:00,regular,"8.01,9.01",9.770000457763672,9.765000343322754,5.766666666666667,False,-0.0005117824162377271,1210.7666666666667,True,1340.7666666666667,True,2585.766666666667,True
BCHT,2026-07-28 20:30:25+00:00,after-hours,"3.03,5.03,5.07,9.01",1.4,1.399999976158142,1019.5833333333334,False,-1.7029898491394135e-08,1043.5833333333333,True,1144.5833333333333,True,,False
BCML,2026-07-24 20:02:49+00:00,after-hours,5.02,31.5,31.770000457763672,3927.1833333333334,False,0.008571443103608578,4103.183333333333,True,4166.183333333333,True,,False
BCML,2026-07-23 20:05:54+00:00,after-hours,"2.02,9.01",33.279998779296875,32.599998474121094,1044.1,False,-0.020432702227104693,1044.1,True,1044.1,True,1046.1,True
BCML,2026-07-22 20:17:30+00:00,after-hours,"5.02,9.01",33.29999923706055,32.81999969482422,1050.5,False,-0.014414400998007282,1050.5,True,2472.5,True,2474.5,True
BCO,2026-07-24 21:13:19+00:00,after-hours,7.01,122.0,120.63999938964844,3856.6833333333334,False,-0.011147545986488261,3856.6833333333334,True,3904.6833333333334,True,5319.683333333333,True
BCPC,2026-07-25 01:52:36+00:00,closed,"1.01,2.03,9.01",162.81,163.66000366210938,3577.4,False,0.005220832025731648,3651.4,True,5017.4,True,,False
BCSF,2026-07-23 20:05:14+00:00,after-hours,"2.02,9.01",12.46,12.470000267028809,1044.7666666666667,False,0.0008025896491818951,1059.7666666666667,True,6810.766666666666,True,,False
BDN,2026-07-23 19:44:59+00:00,regular,"2.02,9.01",3.0450000762939453,3.069999933242798,1.0166666666666666,True,0.008210133439234601,1065.0166666666667,True,1068.0166666666667,True,1269.0166666666667,True
BDN,2026-07-10 19:17:59+00:00,regular,"2.01,9.01",3.055000066757202,3.055000066757202,1.0166666666666666,True,0.0,3979.016666666667,True,4004.016666666667,True,6897.016666666666,True
BE,2026-07-28 16:07:21+00:00,regular,"2.02,7.01,9.01",165.43499755859375,165.47999572753906,1.65,True,0.0002719990909383352,10.65,True,22.65,True,1282.65,True
BE,2026-07-09 12:17:17+00:00,pre-market,7.01,254.5,276.0799865722656,72.71666666666667,False,0.08479366040182956,72.71666666666667,True,72.71666666666667,True,72.71666666666667,True
BEN,2026-07-23 12:48:00+00:00,pre-market,"5.02,9.01",32.38,32.03499984741211,42.0,False,-0.01065472985138649,42.0,True,5803.0,True,,False
BFC,2026-07-22 16:54:07+00:00,regular,"2.02,9.01",142.6699981689453,143.2449951171875,5.883333333333334,False,0.0040302583277620485,79.88333333333334,True,180.88333333333333,True,2796.883333333333,True
BFC,2026-07-21 20:05:55+00:00,after-hours,"2.02,9.01",145.49000549316406,146.25999450683594,1044.0833333333333,False,0.005292384250463522,1124.0833333333333,True,1151.0833333333333,True,9730.083333333334,True
BFH,2026-07-23 10:56:48+00:00,pre-market,"7.01,9.01",101.87,100.58000183105469,156.2,False,-0.012663180219351311,156.2,True,162.2,True,5915.2,True
BFH,2026-07-23 10:51:32+00:00,pre-market,"2.02,7.01,8.01,9.01",101.87,100.58000183105469,161.46666666666667,False,-0.012663180219351311,161.46666666666667,True,167.46666666666667,True,5920.466666666666,True
BFH,2026-07-14 11:31:56+00:00,pre-market,"5.02,7.01,9.01",97.18,97.2699966430664,118.06666666666666,False,0.0009260819414118604,130.06666666666666,True,1560.0666666666666,True,11838.066666666668,True
BFST,2026-07-23 20:01:59+00:00,after-hours,"2.02,7.01,9.01",30.46500015258789,30.450000762939453,1051.0166666666667,False,-0.0004923482544989533,1064.0166666666667,True,1122.0166666666667,True,6898.016666666666,True
BGDE,2026-07-20 12:35:36+00:00,pre-market,"1.01,2.01,7.01,9.01",5.724999904632568,5.869999885559082,54.4,False,0.02532750800732453,54.4,True,54.4,True,67.4,True
BGDE,2026-07-06 12:41:41+00:00,pre-market,"1.01,3.02,5.03,7.01,9.01",7.630000114440918,9.149999618530273,48.31666666666667,False,0.19921356242348254,48.31666666666667,True,48.31666666666667,True,48.31666666666667,True
BHB,2026-07-27 21:05:31+00:00,after-hours,"7.01,9.01",39.32,39.834999084472656,984.4833333333333,False,0.013097636939792823,984.4833333333333,True,1121.4833333333333,True,,False
BHB,2026-07-21 20:17:28+00:00,after-hours,"2.02,7.01,9.01",38.03,38.869998931884766,1032.5333333333333,False,0.022087797314876756,1032.5333333333333,True,1032.5333333333333,True,9779.533333333333,True
BHR,2026-07-24 21:01:58+00:00,after-hours,"7.01,9.01",2.23,2.2699999809265137,3868.0333333333333,False,0.017937211177808887,3868.0333333333333,True,3874.0333333333333,True,5485.033333333334,True
BHR,2026-07-17 00:00:11+00:00,closed,"1.01,2.01,9.01",2.05,2.0199999809265137,809.8166666666667,False,-0.014634155645602998,809.8166666666667,True,1198.8166666666666,True,8104.816666666667,True
BHRB,2026-07-23 20:05:56+00:00,after-hours,"2.02,7.01,8.01,9.01",70.77,70.51000213623047,1044.0666666666666,False,-0.0036738429245376514,1046.0666666666666,True,1047.0666666666666,True,,False
BHRB,2026-07-17 13:00:14+00:00,pre-market,9.01,72.80000305175781,72.55000305175781,29.766666666666666,False,-0.0034340657901107408,33.766666666666666,True,299.76666666666665,True,10112.766666666666,True
BHRB,2026-07-07 12:31:10+00:00,pre-market,"5.02,9.01",69.69000244140625,69.7300033569336,58.833333333333336,False,0.0005739835575551133,71.83333333333333,True,1869.8333333333333,True,13239.833333333334,True
BHVN,2026-07-09 21:11:27+00:00,after-hours,"5.02,9.01",16.79,16.420000076293945,978.55,False,-0.022036922198097275,978.55,True,978.55,True,988.55,True
BIAF,2026-07-27 12:30:31+00:00,pre-market,"8.01,9.01",0.6600000262260437,0.6510000228881836,59.483333333333334,False,-0.013636368151866862,59.483333333333334,True,96.48333333333333,True,1542.4833333333333,True
BIAF,2026-07-22 12:30:27+00:00,pre-market,"8.01,9.01",0.7051,0.7174999713897705,59.55,False,0.017586117415643976,59.55,True,88.55,True,1642.55,True
BIAF,2026-07-07 12:54:20+00:00,pre-market,"8.01,9.01",0.8051000237464905,0.8300999999046326,35.666666666666664,False,0.031052012695026443,35.666666666666664,True,36.666666666666664,True,1478.6666666666667,True
BJDX,2026-07-22 21:25:23+00:00,after-hours,"7.01,9.01",1.15,1.149999976158142,964.6166666666667,False,-2.073205029873293e-08,964.6166666666667,True,965.6166666666667,True,2416.616666666667,True
BKD,2026-07-09 20:18:59+00:00,after-hours,"2.02,7.01,9.01",15.28,14.420000076293945,1031.0166666666667,False,-0.05628271752002967,1031.0166666666667,True,1031.0166666666667,True,1031.0166666666667,True
BKKT,2026-07-16 21:26:38+00:00,after-hours,9.01,7.86,7.690000057220459,963.3666666666667,False,-0.021628491447778786,963.3666666666667,True,963.3666666666667,True,977.3666666666667,True
BKU,2026-07-22 10:48:16+00:00,pre-market,"2.02,9.01",48.07,47.790000915527344,161.73333333333332,False,-0.005824819731072517,161.73333333333332,True,163.73333333333332,True,163.73333333333332,True
BKYI,2026-07-09 20:49:10+00:00,after-hours,"4.01,9.01",5.050000190734863,4.760000228881836,1000.8333333333334,False,-0.0574257328514729,1000.8333333333334,True,1000.8333333333334,True,1000.8333333333334,True
BKYI,2026-07-07 12:45:22+00:00,pre-market,"7.01,9.01",4.110000133514404,5.0,44.63333333333333,False,0.21654497264567452,44.63333333333333,True,44.63333333333333,True,44.63333333333333,True
BLFS,2026-07-22 21:17:19+00:00,after-hours,"1.01,7.01,9.01",31.149999618530273,32.0,972.6833333333333,False,0.027287332002536635,972.6833333333333,True,972.6833333333333,True,8188.683333333333,True
BLIN,2026-07-14 21:01:48+00:00,after-hours,"1.01,9.01",1.2247999906539917,1.2200000286102295,988.2,False,-0.0039189762250073645,988.2,True,1177.2,True,3987.2,True
BLK,2026-07-15 10:33:30+00:00,pre-market,"2.02,7.01,9.01",1025.44,1109.989990234375,176.5,False,0.08245240114914076,176.5,True,176.5,True,176.5,True
BLNE,2026-07-14 21:45:27+00:00,after-hours,"7.01,9.01",1.065000057220459,1.0551999807357788,944.55,False,-0.009201949256469888,971.55,True,990.55,True,2403.55,True
BLNE,2026-07-02 21:25:16+00:00,after-hours,"1.01,3.02,9.01",1.100000023841858,1.090000033378601,5285.733333333334,False,-0.009090900224102638,5290.733333333334,True,5347.733333333334,True,15564.733333333334,True
BLNK,2026-07-28 13:05:10+00:00,pre-market,3.01,0.5534999966621399,0.5547999739646912,24.833333333333332,False,0.0023486491605975157,26.833333333333332,True,32.833333333333336,True,71.83333333333333,True
BLNK,2026-07-21 12:00:17+00:00,pre-market,5.02,0.5530999898910522,0.5669999718666077,89.71666666666667,False,0.025131047242096916,89.71666666666667,True,99.71666666666667,True,155.71666666666667,True
BMI,2026-07-22 12:32:50+00:00,pre-market,"2.02,9.01",145.87,146.00999450683594,57.166666666666664,False,0.0009597210313014859,57.166666666666664,True,57.166666666666664,True,58.166666666666664,True
BMNR,2026-07-27 12:45:40+00:00,pre-market,"7.01,9.01",15.8215,16.969999313354492,44.333333333333336,False,0.07259105099734486,44.333333333333336,True,44.333333333333336,True,44.333333333333336,True
BMNR,2026-07-20 12:45:42+00:00,pre-market,"7.01,9.01",15.680000305175781,16.06999969482422,44.3,False,0.024872409570024345,44.3,True,46.3,True,180.3,True
BMNR,2026-07-16 12:45:25+00:00,pre-market,"7.01,9.01",15.805000305175781,15.75,44.583333333333336,False,-0.0034799306620557635,45.583333333333336,True,46.583333333333336,True,1485.5833333333333,True
BMNR,2026-07-13 12:45:24+00:00,pre-market,"5.03,7.01,9.01",14.960000038146973,14.770000457763672,44.6,False,-0.012700506677728263,44.6,True,54.6,True,1494.6,True
BMNR,2026-07-06 12:45:42+00:00,pre-market,"7.01,9.01",14.37,14.609999656677246,44.3,False,0.016701437486238424,44.3,True,57.3,True,65.3,True
BMRC,2026-07-27 12:33:53+00:00,pre-market,"2.02,7.01,8.01,9.01",28.77,29.979999542236328,56.11666666666667,False,0.04205768308085944,56.11666666666667,True,56.11666666666667,True,57.11666666666667,True
BMRC,2026-07-02 19:07:01+00:00,regular,"8.01,9.01",28.239999771118164,28.209999084472656,2.9833333333333334,False,-0.001062347269428443,5423.983333333334,True,5437.983333333334,True,35663.98333333333,True
BNAI,2026-07-27 12:45:40+00:00,pre-market,"2.02,9.01",11.16,11.859999656677246,44.333333333333336,False,0.06272398357322984,44.333333333333336,True,44.333333333333336,True,44.333333333333336,True
BNAI,2026-07-24 12:54:33+00:00,pre-market,"3.02,7.01,9.01",10.595000267028809,10.779999732971191,35.45,False,0.017461015694175464,35.45,True,36.45,True,185.45,True
BNAI,2026-07-17 16:10:15+00:00,regular,"5.02,9.01",11.640000343322754,11.75,1.75,True,0.009450142047491283,4.75,True,11.75,True,4198.75,True
BNAI,2026-07-13 10:15:11+00:00,pre-market,"5.02,9.01",13.979999542236328,14.119999885559082,194.81666666666666,False,0.010014331037693225,194.81666666666666,True,212.81666666666666,True,223.81666666666666,True
BNBX,2026-07-13 12:05:36+00:00,pre-market,"3.01,7.01,9.01",0.3769,0.17100000381469727,84.4,False,-0.5462987428636316,84.4,True,84.4,True,84.4,True
BNBX,2026-07-02 20:10:37+00:00,after-hours,"1.01,9.01",0.34630000591278076,0.3449000120162964,5359.383333333333,False,-0.004042719816865881,5370.383333333333,True,5370.383333333333,True,11119.383333333333,True
BNC,2026-07-24 20:05:14+00:00,after-hours,"1.01,5.02,5.07,9.01",2.7950000762939453,2.875,3924.766666666667,False,0.028622512172568948,3924.766666666667,True,3924.766666666667,True,6924.766666666666,True
BNED,2026-07-09 20:12:53+00:00,after-hours,"2.02,9.01",11.42,11.970000267028809,1037.1166666666666,False,0.04816114422318818,1037.1166666666666,True,1037.1166666666666,True,1058.1166666666666,True
BNL,2026-07-08 10:38:29+00:00,pre-market,"7.01,9.01",21.4,21.350000381469727,171.51666666666668,False,-0.0023364307724426103,206.51666666666668,True,427.51666666666665,True,11775.516666666666,True
BNL,2026-07-02 20:25:20+00:00,after-hours,"7.01,9.01",21.25,21.25,5344.666666666667,False,0.0,6829.666666666667,True,8290.666666666666,True,19782.666666666668,True
BOH,2026-07-27 13:00:32+00:00,pre-market,"2.02,9.01",83.97,84.16000366210938,29.466666666666665,False,0.0022627564857613525,33.46666666666667,True,41.46666666666667,True,1470.4666666666667,True
BOKF,2026-07-20 20:14:50+00:00,after-hours,"2.02,7.01,9.01",140.5500030517578,140.47000122070312,1035.1666666666667,False,-0.0005692054736222696,1041.1666666666667,True,1105.1666666666667,True,,False
BPOP,2026-07-23 12:10:48+00:00,pre-market,"8.01,9.01",173.89,175.1199951171875,79.2,False,0.007073409150540666,82.2,True,114.2,True,,False
BPOP,2026-07-23 12:08:30+00:00,pre-market,"5.02,7.01,9.01",173.89,175.1199951171875,81.5,False,0.007073409150540666,84.5,True,116.5,True,,False
BPOP,2026-07-23 12:00:55+00:00,pre-market,"2.02,7.01,9.01",173.89,175.1199951171875,89.08333333333333,False,0.007073409150540666,92.08333333333333,True,124.08333333333333,True,,False
BPRN,2026-07-23 20:00:15+00:00,after-hours,"2.02,9.01",37.79999923706055,39.0,1059.75,False,0.031746052570364336,1059.75,True,1059.75,True,1076.75,True
BPRN,2026-07-22 20:00:13+00:00,after-hours,"8.01,9.01",37.540000915527344,37.56999969482422,1049.7833333333333,False,0.0007991150390320723,1084.7833333333333,True,2499.7833333333333,True,2506.7833333333333,True
BPTH,2026-07-16 17:56:43+00:00,regular,"3.02,5.03,7.01,8.01,9.01",0.03750000149011612,0.03750000149011612,33.28333333333333,False,0.0,7177.283333333334,True,8692.283333333333,True,8692.283333333333,True
BRBR,2026-07-08 21:01:14+00:00,after-hours,"5.02,7.01,9.01",13.18,13.300000190734863,988.7666666666667,False,0.009104718568654357,988.7666666666667,True,988.7666666666667,True,999.7666666666667,True
BRBS,2026-07-28 21:15:15+00:00,after-hours,"2.02,9.01",3.58,3.5399999618530273,974.75,False,-0.011173195013120862,974.75,True,1087.75,True,,False
BRLS,2026-07-08 20:15:14+00:00,after-hours,"3.01,9.01",1.065999984741211,1.0500999689102173,1042.7666666666667,False,-0.014915587296986388,1042.7666666666667,True,1212.7666666666667,True,1212.7666666666667,True
BRO,2026-07-27 21:03:54+00:00,after-hours,"2.02,9.01",69.7,70.0,986.1,False,0.00430416068866557,987.1,True,987.1,True,993.1,True
BRR,2026-07-21 21:01:34+00:00,after-hours,"8.01,9.01",2.0,2.0076000690460205,988.4333333333333,False,0.003800034523010254,1000.4333333333333,True,1024.4333333333334,True,2505.4333333333334,True
BRR,2026-07-16 20:05:45+00:00,after-hours,"5.02,9.01",2.0,1.975000023841858,1044.25,False,-0.012499988079071045,1044.25,True,1047.25,True,5421.25,True
BRSP,2026-07-28 20:18:43+00:00,after-hours,"2.02,9.01",5.24,5.190000057220459,1031.2833333333333,False,-0.00954197381288957,1031.2833333333333,True,1036.2833333333333,True,1133.2833333333333,True
BRT,2026-07-08 20:13:29+00:00,after-hours,"8.01,9.01",14.97,15.239999771118164,1036.5166666666667,False,0.018036056854920712,1041.5166666666667,True,2538.516666666667,True,,False
BRX,2026-07-27 20:03:37+00:00,after-hours,"2.02,9.01",32.35,31.950000762939453,1046.3833333333334,False,-0.01236473684885775,1046.3833333333334,True,1047.3833333333334,True,,False
BSET,2026-07-17 13:32:01+00:00,regular,"8.01,9.01",21.875,22.059999465942383,8.983333333333333,False,0.008457118443080391,88.98333333333333,True,4317.983333333334,True,4365.983333333334,True
BSRR,2026-07-27 13:15:18+00:00,pre-market,"2.02,9.01",41.97999954223633,40.65999984741211,14.7,False,-0.0314435376183404,14.7,True,14.7,True,,False
BSRR,2026-07-27 13:00:20+00:00,pre-market,7.01,41.97999954223633,40.65999984741211,29.666666666666668,False,-0.0314435376183404,29.666666666666668,True,29.666666666666668,True,,False
BSRR,2026-07-27 12:41:46+00:00,pre-market,"8.01,9.01",41.97999954223633,40.65999984741211,48.233333333333334,False,-0.0314435376183404,48.233333333333334,True,48.233333333333334,True,,False
BSRR,2026-07-24 13:00:09+00:00,pre-market,"8.01,9.01",41.58000183105469,42.220001220703125,29.85,False,0.015392000035229447,34.85,True,34.85,True,,False
BSVN,2026-07-16 12:00:35+00:00,pre-market,"2.02,9.01",51.8,51.0,98.41666666666667,False,-0.015444015444015413,98.41666666666667,True,221.41666666666666,True,7527.416666666667,True
BSVN,2026-07-02 21:00:39+00:00,after-hours,"1.01,7.01,9.01",49.70000076293945,49.400001525878906,5309.35,False,-0.006036201860267432,5326.35,True,5638.35,True,18401.35,True
BURU,2026-07-21 21:10:15+00:00,after-hours,"1.01,3.01,3.03,8.01,9.01",0.07270000129938126,0.0430000014603138,8180.75,False,-0.4085281885589215,8180.75,True,8180.75,True,8180.75,True
BUSE,2026-07-28 21:01:25+00:00,after-hours,"2.02,7.01,9.01",30.219999313354492,30.05500030517578,988.5833333333334,False,-0.00545992759522651,1004.5833333333334,True,1071.5833333333333,True,,False
BUSE,2026-07-14 21:06:25+00:00,after-hours,"5.02,8.01,9.01",29.315000534057617,29.415000915527344,983.5833333333334,False,0.0034112358740552295,1012.5833333333334,True,2453.5833333333335,True,21206.583333333332,True
BVFL,2026-07-24 18:39:19+00:00,regular,"2.02,9.01",20.6299991607666,20.489999771118164,22.683333333333334,False,-0.006786204330763268,46.68333333333333,True,4172.683333333333,True,,False
BW,2026-07-13 10:47:08+00:00,pre-market,"7.01,8.01,9.01",11.7,12.390000343322754,162.86666666666667,False,0.058974388318184134,162.86666666666667,True,165.86666666666667,True,334.8666666666667,True
BWB,2026-07-21 20:19:10+00:00,after-hours,"2.02,7.01,8.01,9.01",21.889999389648438,20.945999145507812,1030.8333333333333,False,-0.043124726836997196,1030.8333333333333,True,1030.8333333333333,True,1031.8333333333333,True
BWFG,2026-07-23 12:04:10+00:00,pre-market,"2.02,7.01,8.01,9.01",59.5,60.38999938964844,85.83333333333333,False,0.014957972935267794,85.83333333333333,True,88.83333333333333,True,5846.833333333333,True
BXBL,2026-07-23 17:29:34+00:00,regular,"1.01,1.02,2.01,3.01,3.02,3.03,4.01,5.01,5.02,5.03,5.06,7.01,9.01",5.30019998550415,5.275000095367432,1.4333333333333333,True,-0.004754516849484802,3.433333333333333,True,13.433333333333334,True,33.43333333333333,True
BXP,2026-07-28 20:14:38+00:00,after-hours,"2.02,9.01",69.96,70.41999816894531,1035.3666666666666,False,0.006575159647588924,1037.3666666666666,True,1039.3666666666666,True,1061.3666666666666,True
BXSL,2026-07-24 20:31:18+00:00,after-hours,5.02,23.24,23.299999237060547,3898.7,False,0.002581722765083949,4288.7,True,8288.7,True,,False
BY,2026-07-23 20:15:18+00:00,after-hours,"2.02,9.01",37.64,38.38999938964844,1034.7,False,0.019925594836568417,1034.7,True,1037.7,True,,False
BYD,2026-07-23 20:06:17+00:00,after-hours,"2.02,9.01",86.56,88.0,1043.7166666666667,False,0.01663585951940849,1043.7166666666667,True,1044.7166666666667,True,7094.716666666666,True
BYD,2026-07-17 20:15:41+00:00,after-hours,5.02,87.72,88.24500274658203,3914.3166666666666,False,0.005984983431167823,3920.3166666666666,True,6818.316666666667,True,,False
BYND,2026-07-17 21:17:00+00:00,after-hours,7.01,0.5990999937057495,0.6000000238418579,3853.0,False,0.0015023036981542948,3870.0,True,3881.0,True,8288.0,True
BYRN,2026-07-09 12:10:32+00:00,pre-market,"2.02,9.01",5.965000152587891,5.079999923706055,79.46666666666667,False,-0.14836549978928038,79.46666666666667,True,79.46666666666667,True,79.46666666666667,True
BYRN,2026-07-08 20:06:35+00:00,after-hours,"1.01,7.01,9.01",5.965000152587891,5.079999923706055,1043.4166666666667,False,-0.14836549978928038,1043.4166666666667,True,1043.4166666666667,True,1043.4166666666667,True
BZAI,2026-07-09 20:16:48+00:00,after-hours,"1.01,3.02,9.01",1.2050000429153442,1.2000000476837158,1033.2,False,-0.004149373488428698,1036.2,True,1039.2,True,5428.2,True
CABO,2026-07-09 01:43:49+00:00,closed,"2.02,7.01",40.87,40.36000061035156,706.1833333333333,False,-0.012478575719315765,706.1833333333333,True,706.1833333333333,True,715.1833333333333,True
CAC,2026-07-28 12:05:37+00:00,pre-market,"2.02,9.01",54.709999084472656,55.869998931884766,84.38333333333334,False,0.021202702738507773,84.38333333333334,True,84.38333333333334,True,199.38333333333333,True
CAC,2026-07-06 20:05:21+00:00,after-hours,"7.01,9.01",54.86,53.67259979248047,1056.65,False,-0.021644188981398638,1056.65,True,1056.65,True,31401.65,True
CACC,2026-07-24 21:15:19+00:00,after-hours,5.02,575.39501953125,577.4400024414062,3854.6833333333334,False,0.0035540504188273925,3863.6833333333334,True,3868.6833333333334,True,,False
CACC,2026-07-22 20:02:16+00:00,after-hours,5.02,606.22,600.7899780273438,1047.7333333333333,False,-0.008957180516407037,1048.7333333333333,True,1050.7333333333333,True,2714.733333333333,True
CAG,2026-07-28 17:55:09+00:00,regular,"1.01,2.03,8.01,9.01",15.53499984741211,15.539999961853027,1.85,True,0.00032186124815125616,1330.85,True,,False,,False
CAG,2026-07-28 11:32:24+00:00,pre-market,5.02,15.24,15.51990032196045,117.6,False,0.018366162858297175,119.6,True,124.6,True,,False
CAG,2026-07-15 11:33:06+00:00,pre-market,"2.02,9.01",14.119999885559082,13.899999618530273,116.9,False,-0.015580755581578232,116.9,True,116.9,True,3017.9,True
CAKE,2026-07-28 21:58:52+00:00,after-hours,"7.01,9.01",88.96499633789062,95.06999969482422,931.1333333333333,False,0.06862253254916895,931.1333333333333,True,931.1333333333333,True,931.1333333333333,True
CAKE,2026-07-28 20:30:45+00:00,after-hours,"2.02,7.01,8.01,9.01",88.96499633789062,95.06999969482422,1019.25,False,0.06862253254916895,1019.25,True,1019.25,True,1019.25,True
CALM,2026-07-22 10:07:31+00:00,pre-market,"2.02,9.01",87.25,82.0,202.48333333333332,False,-0.06017191977077363,202.48333333333332,True,202.48333333333332,True,202.48333333333332,True
CALX,2026-07-20 21:06:18+00:00,after-hours,"2.02,9.01",38.35,35.5,984.7,False,-0.0743155149934811,984.7,True,984.7,True,984.7,True
CAPL,2026-07-21 20:45:55+00:00,after-hours,"5.02,7.01,9.01",21.99,22.18000030517578,1004.0833333333334,False,0.00864030491931711,1005.0833333333334,True,,False,,False
CAPL,2026-07-16 20:06:54+00:00,after-hours,"1.01,9.01",22.45,22.399999618530273,1043.1,False,-0.0022271884841749134,1065.1,True,5736.1,True,,False
CAPR,2026-07-14 21:06:03+00:00,after-hours,"1.01,2.03",20.68,20.766700744628906,983.95,False,0.00419249248689102,983.95,True,1039.95,True,1218.95,True
CAR,2026-07-28 20:10:59+00:00,after-hours,"2.02,9.01",166.17999267578125,150.3000946044922,1039.0166666666667,False,-0.09555842322288999,1039.0166666666667,True,1039.0166666666667,True,1039.0166666666667,True
CARE,2026-07-27 15:24:16+00:00,regular,"7.01,9.01",34.362998962402344,34.33000183105469,1.7333333333333334,True,-0.0009602517924515164,247.73333333333332,True,,False,,False
CARE,2026-07-23 13:02:43+00:00,pre-market,"8.01,9.01",32.88999938964844,32.68000030517578,27.283333333333335,False,-0.006384891710844776,27.283333333333335,True,27.283333333333335,True,1499.2833333333333,True
CARE,2026-07-23 12:22:37+00:00,pre-market,"2.02,9.01",32.88999938964844,32.68000030517578,67.38333333333334,False,-0.006384891710844776,67.38333333333334,True,67.38333333333334,True,1539.3833333333334,True
CASH,2026-07-22 20:05:23+00:00,after-hours,"2.02,7.01,9.01",88.67,77.94000244140625,1044.6166666666666,False,-0.12101046079388467,1044.6166666666666,True,1044.6166666666666,True,1044.6166666666666,True
CASS,2026-07-23 12:10:20+00:00,pre-market,"2.02,8.01,9.01",52.52,51.83000183105469,79.66666666666667,False,-0.013137817382812611,79.66666666666667,True,108.66666666666667,True,5845.666666666667,True
CATY,2026-07-22 20:35:13+00:00,after-hours,"2.02,7.01,9.01",61.31999969482422,62.099998474121094,1014.7833333333333,False,0.012720136711982244,1022.7833333333333,True,1026.7833333333333,True,,False
CBAN,2026-07-22 20:15:21+00:00,after-hours,"2.02,7.01,9.01",20.56,21.040000915527344,1034.65,False,0.02334634803148572,1034.65,True,1034.65,True,2474.65,True
CBIO,2026-07-15 20:58:01+00:00,after-hours,"8.01,9.01",15.729999542236328,15.75,991.9833333333333,False,0.001271484955226443,992.9833333333333,True,992.9833333333333,True,1010.9833333333333,True
CBIO,2026-07-14 20:05:25+00:00,after-hours,2.02,15.305,15.630000114440918,1044.5833333333333,False,0.021234898035995986,1044.5833333333333,True,1045.5833333333333,True,1052.5833333333333,True
CBNK,2026-07-27 20:05:19+00:00,after-hours,"2.02,8.01,9.01",36.31,36.310001373291016,1044.6833333333334,False,3.782128921159256e-08,1050.6833333333334,True,1132.6833333333334,True,1290.6833333333334,True
CBOE,2026-07-28 21:26:56+00:00,after-hours,"1.01,2.03,9.01",297.7900085449219,296.69500732421875,963.0666666666667,False,-0.0036770918744171155,968.0666666666667,True,1095.0666666666666,True,,False
CBRL,2026-07-27 13:49:01+00:00,regular,"5.02,7.01,9.01",51.95000076293945,52.939998626708984,1.9833333333333334,True,0.019056743969786183,0.9833333333333333,True,15.983333333333333,True,2860.983333333333,True
CBRL,2026-07-20 20:12:11+00:00,after-hours,"2.03,2.05,2.06,7.01,8.01,9.01",53.400001525878906,54.95000076293945,1037.8166666666666,False,0.029026202111799293,1037.8166666666666,True,1037.8166666666666,True,9719.816666666668,True
CBSH,2026-07-17 21:17:12+00:00,after-hours,"2.02,9.01",59.13999938964844,59.154998779296875,3852.8,False,0.0002536251234905862,3917.8,True,8174.8,True,,False
CBSH,2026-07-16 13:22:11+00:00,pre-market,"2.02,9.01",58.18000030517578,59.0,7.816666666666666,False,0.014094185124149394,7.816666666666666,True,18.816666666666666,True,,False
CBSH,2026-07-06 20:01:19+00:00,after-hours,5.02,58.74,58.834999084472656,1048.6833333333334,False,0.0016172809750196748,2496.6833333333334,True,2737.6833333333334,True,,False
CBU,2026-07-28 13:20:29+00:00,pre-market,"2.02,9.01",66.59,64.61499786376953,9.516666666666667,False,-0.02965914005451975,9.516666666666667,True,9.516666666666667,True,22.516666666666666,True
CCB,2026-07-23 21:20:43+00:00,after-hours,"8.01,9.01",71.48999786376953,72.33999633789062,969.2833333333333,False,0.01188975380501267,969.2833333333333,True,987.2833333333333,True,9609.283333333333,True
CCB,2026-07-22 23:54:36+00:00,after-hours,"5.02,7.01,9.01",77.52999877929688,76.0199966430664,815.4,False,-0.01947635960280303,815.4,True,815.4,True,849.4,True
CCBG,2026-07-27 15:11:39+00:00,regular,"7.01,9.01",52.29999923706055,52.375,1.35,True,0.001434049025498041,130.35,True,1449.35,True,,False
CCBG,2026-07-21 15:43:24+00:00,regular,"2.02,9.01",51.11000061035156,51.2400016784668,2.6,False,0.002543554423063421,106.6,True,251.6,True,,False
CCK,2026-07-20 20:22:23+00:00,after-hours,"2.02,9.01",114.58,119.96499633789062,1027.6166666666666,False,0.04699769888192207,1027.6166666666666,True,1027.6166666666666,True,1126.6166666666666,True
CCLD,2026-07-24 21:00:46+00:00,after-hours,"1.01,9.01",2.2200000286102295,2.25,3869.233333333333,False,0.01351350045186761,3869.233333333333,True,3878.233333333333,True,5591.233333333334,True
CCNE,2026-07-23 20:13:34+00:00,after-hours,"2.02,9.01",33.939998626708984,33.939998626708984,1036.4333333333334,False,0.0,1036.4333333333334,True,1036.4333333333334,True,8304.433333333332,True
CCNE,2026-07-14 20:10:29+00:00,after-hours,"8.01,9.01",33.43000030517578,33.869998931884766,1041.5166666666667,False,0.013161789491245246,1041.5166666666667,True,1284.5166666666667,True,2645.516666666667,True
CCNE,2026-07-10 12:30:15+00:00,pre-market,5.02,33.439998626708984,33.31999969482422,59.75,False,-0.003588484952535831,4395.75,True,7504.75,True,8865.75,True
CCRN,2026-07-17 12:19:25+00:00,pre-market,"5.07,9.01",13.244999885559082,13.25,70.58333333333333,False,0.00037750958732507556,,False,,False,,False
CCRN,2026-07-06 10:17:20+00:00,pre-market,8.01,13.194999694824219,13.220000267028809,192.66666666666666,False,0.0018947004761504793,,False,,False,,False
CCS,2026-07-22 20:17:46+00:00,after-hours,"2.02,9.01",64.53,66.41000366210938,1032.2333333333333,False,0.02913379299720087,1032.2333333333333,True,1032.2333333333333,True,1037.2333333333333,True
CD,2026-07-28 15:18:20+00:00,regular,"8.01,9.01",3.069999933242798,3.109999895095825,1.6666666666666667,True,0.01302930381851053,1.6666666666666667,True,91.66666666666667,True,1699.6666666666667,True
CD,2026-07-23 15:02:36+00:00,regular,"8.01,9.01",2.869999885559082,2.8499999046325684,8.4,False,-0.006968634747042013,23.4,True,184.4,True,1451.4,True
CDNA,2026-07-07 21:12:41+00:00,after-hours,"2.01,7.01,9.01",28.31,28.09000015258789,977.3166666666667,False,-0.007771100226496186,977.3166666666667,True,1022.3166666666667,True,11445.316666666668,True
CDNS,2026-07-27 20:03:05+00:00,after-hours,"2.02,9.01",342.2,342.7099914550781,1046.9166666666667,False,0.0014903315461078925,1047.9166666666667,True,1047.9166666666667,True,,False
CDP,2026-07-27 20:22:24+00:00,after-hours,"2.02,9.01",38.27,38.86000061035156,1027.6,False,0.015416791490764581,1027.6,True,3931.6,True,,False
CDT,2026-07-07 21:20:44+00:00,after-hours,"1.01,2.03,9.01",0.44,0.4399999976158142,969.2666666666667,False,-5.41860412095474e-09,976.2666666666667,True,976.2666666666667,True,990.2666666666667,True
CDXS,2026-07-27 20:02:34+00:00,after-hours,"8.01,9.01",1.55,1.524999976158142,1047.4333333333334,False,-0.01612904763990841,1047.4333333333334,True,1047.4333333333334,True,2541.4333333333334,True
CDXS,2026-07-23 20:22:28+00:00,after-hours,"2.02,8.01",1.9800000190734863,1.5199999809265137,1027.5333333333333,False,-0.23232324935139315,1027.5333333333333,True,1027.5333333333333,True,1027.5333333333333,True
CDZI,2026-07-28 20:41:58+00:00,after-hours,"1.01,9.01",3.0850000381469727,3.2899999618530273,1008.0333333333333,False,0.06645054170864428,1008.0333333333333,True,1008.0333333333333,True,1008.0333333333333,True
CDZI,2026-07-27 12:00:29+00:00,pre-market,"5.02,7.01,9.01",3.1500000953674316,3.1700000762939453,89.51666666666667,False,0.006349200101906982,92.51666666666667,True,141.51666666666668,True,187.51666666666668,True
CDZI,2026-07-15 13:00:13+00:00,pre-market,8.01,3.96,4.050000190734863,29.783333333333335,False,0.022727320892642178,33.78333333333333,True,79.78333333333333,True,203.78333333333333,True
CELC,2026-07-15 20:05:43+00:00,after-hours,"7.01,8.01,9.01",91.51000213623047,91.32430267333984,1044.2833333333333,False,-0.002029280500006725,1044.2833333333333,True,1047.2833333333333,True,1100.2833333333333,True
CELC,2026-07-14 21:39:43+00:00,after-hours,"7.01,8.01,9.01",111.0,94.7300033569336,950.2833333333333,False,-0.14657654633393158,950.2833333333333,True,950.2833333333333,True,950.2833333333333,True
CELH,2026-07-15 20:15:24+00:00,after-hours,"1.01,2.03,9.01",30.3,30.270000457763672,1034.6,False,-0.0009900839021890206,1060.6,True,1208.6,True,2782.6,True
CENN,2026-07-28 21:15:52+00:00,after-hours,"5.03,9.01",3.4049999713897705,3.4040000438690186,984.1333333333333,False,-0.00029366447258549755,1007.1333333333333,True,1007.1333333333333,True,1007.1333333333333,True
CERO,2026-07-17 20:37:57+00:00,after-hours,"1.01,2.03,3.02,9.01",0.010999999940395355,0.012000000104308128,3934.05,False,0.09090910630285265,3934.05,True,3934.05,True,3934.05,True
CERS,2026-07-10 20:35:47+00:00,after-hours,5.02,3.12,3.0799999237060547,3894.2166666666667,False,-0.012820537273700472,3894.2166666666667,True,3896.2166666666667,True,5585.216666666666,True
CETX,2026-07-06 20:51:34+00:00,after-hours,"2.01,3.02,8.01,9.01",2.7300000190734863,2.5799999237060547,998.4333333333333,False,-0.054945089494299326,998.4333333333333,True,998.4333333333333,True,998.4333333333333,True
CEVA,2026-07-13 20:06:17+00:00,after-hours,5.02,42.71,44.30500030517578,1043.7166666666667,False,0.03734489124738416,1043.7166666666667,True,1043.7166666666667,True,2660.7166666666667,True
CFBK,2026-07-28 13:03:46+00:00,pre-market,"2.02,9.01",34.01,35.630001068115234,26.233333333333334,False,0.04763308050912185,26.233333333333334,True,26.233333333333334,True,51.233333333333334,True
CFFI,2026-07-23 17:17:53+00:00,regular,"7.01,9.01",78.25,78.73999786376953,1463.1166666666666,False,0.006261953530600994,5659.116666666667,True,7172.116666666667,True,7172.116666666667,True
CFFI,2026-07-23 15:36:41+00:00,regular,"2.02,9.01",78.25,78.73999786376953,1564.3166666666666,False,0.006261953530600994,5760.316666666667,True,7273.316666666667,True,7273.316666666667,True
CFG,2026-07-21 12:22:21+00:00,pre-market,"8.01,9.01",71.5,73.69999694824219,67.65,False,0.030769188087303334,1520.65,True,10530.65,True,,False
CFG,2026-07-16 10:32:21+00:00,pre-market,"2.02,7.01,9.01",71.12,73.80000305175781,177.65,False,0.037682832561273916,177.65,True,177.65,True,,False
CGBD,2026-07-15 20:01:15+00:00,after-hours,"7.01,9.01",10.600000381469727,10.600000381469727,1048.75,False,0.0,1222.75,True,6810.75,True,11188.75,True
CHCO,2026-07-22 15:16:03+00:00,regular,"2.02,9.01",137.60000610351562,137.83999633789062,1.95,True,0.0017441149980361725,8.95,True,7093.95,True,7422.95,True
CHE,2026-07-28 20:30:32+00:00,after-hours,"2.02,9.01",517.63,523.7899780273438,1019.4666666666667,False,0.011900349723439119,1019.4666666666667,True,1023.4666666666667,True,1028.4666666666667,True
CHGA,2026-07-23 21:30:22+00:00,after-hours,"1.01,3.02,9.01",0.25099998712539673,0.23899999260902405,959.6333333333333,False,-0.047808745545383724,959.6333333333333,True,959.6333333333333,True,959.6333333333333,True
CHGG,2026-07-24 20:15:15+00:00,after-hours,"3.01,7.01,9.01",0.9619,0.9697999954223633,3914.75,False,0.00821290718615586,3930.75,True,3931.75,True,5381.75,True
CHMG,2026-07-27 17:30:24+00:00,regular,"7.01,9.01",80.73500061035156,80.58499908447266,3.6,False,-0.0018579491514820745,13.6,True,1229.6,True,,False
CHMG,2026-07-22 20:10:16+00:00,after-hours,"2.02,9.01",75.11000061035156,73.55999755859375,1039.7333333333333,False,-0.020636440409563694,1039.7333333333333,True,1039.7333333333333,True,2508.733333333333,True
CHPT,2026-07-22 20:57:32+00:00,after-hours,"5.07,8.01,9.01",5.83,5.71999979019165,992.4666666666667,False,-0.018867960516011917,992.4666666666667,True,992.4666666666667,True,1207.4666666666667,True
CHRW,2026-07-24 10:21:38+00:00,pre-market,7.01,205.52999877929688,191.99000549316406,188.36666666666667,False,-0.06587842829052115,188.36666666666667,True,188.36666666666667,True,188.36666666666667,True
CHTR,2026-07-24 11:00:48+00:00,pre-market,"2.02,9.01",126.5,115.3499984741211,149.2,False,-0.08814230455240246,149.2,True,149.2,True,149.2,True
CHTR,2026-07-23 20:46:53+00:00,after-hours,"7.01,8.01,9.01",126.5,115.3499984741211,1003.1166666666667,False,-0.08814230455240246,1003.1166666666667,True,1003.1166666666667,True,1003.1166666666667,True
CINF,2026-07-27 20:07:58+00:00,after-hours,"2.02,9.01",184.23,177.0,1042.0333333333333,False,-0.03924442273245399,1042.0333333333333,True,1042.0333333333333,True,3978.0333333333333,True
CING,2026-07-23 20:05:32+00:00,after-hours,5.02,4.849999904632568,4.840000152587891,1044.4666666666667,False,-0.002061804585836491,1044.4666666666667,True,1052.4666666666667,True,1090.4666666666667,True
CING,2026-07-14 12:00:08+00:00,pre-market,"5.02,5.07,9.01",4.689000129699707,4.71999979019165,89.86666666666666,False,0.006611145155572595,102.86666666666666,True,189.86666666666667,True,2976.866666666667,True
CION,2026-07-16 20:08:16+00:00,after-hours,"1.01,2.03,8.01,9.01",6.4003,6.475399971008301,1041.7333333333333,False,0.011733820447213494,1041.7333333333333,True,1058.7333333333333,True,1154.7333333333333,True
CISO,2026-07-06 20:05:39+00:00,after-hours,3.01,0.2809999883174896,0.28349998593330383,1044.35,False,0.008896789038259856,1046.35,True,1046.35,True,3926.35,True
CIVB,2026-07-24 20:30:13+00:00,after-hours,"8.01,9.01",28.594999313354492,28.7549991607666,3899.7833333333333,False,0.005595378606544799,5339.783333333334,True,5345.783333333334,True,,False
CIVB,2026-07-24 11:00:18+00:00,pre-market,"7.01,9.01",28.260000228881836,28.854999542236328,149.7,False,0.021054469516472274,159.7,True,260.7,True,,False
CIVB,2026-07-23 11:00:16+00:00,pre-market,"2.02,9.01",28.21500015258789,27.5,149.73333333333332,False,-0.025341135875284082,149.73333333333332,True,149.73333333333332,True,,False
CIVB,2026-07-22 20:30:14+00:00,after-hours,"8.01,9.01",28.21500015258789,27.5,1019.7666666666667,False,-0.025341135875284082,1019.7666666666667,True,1019.7666666666667,True,,False
CLDI,2026-07-16 21:30:30+00:00,after-hours,"1.01,1.02,2.03,9.01",0.1156,0.11640000343322754,959.5,False,0.006920444924113811,962.5,True,965.5,True,1063.5,True
CLDX,2026-07-15 20:07:43+00:00,after-hours,"5.02,9.01",38.310001373291016,37.939998626708984,1042.2833333333333,False,-0.009658124075140107,1042.2833333333333,True,1044.2833333333333,True,1054.2833333333333,True
CLF,2026-07-24 20:37:55+00:00,after-hours,5.02,11.95,12.154999732971191,3892.0833333333335,False,0.017154789369974166,3892.0833333333335,True,3900.0833333333335,True,6810.083333333333,True
CLF,2026-07-23 10:27:24+00:00,pre-market,"2.02,9.01",9.46,10.850000381469727,182.6,False,0.14693450121244456,182.6,True,182.6,True,182.6,True
CLFD,2026-07-27 22:00:17+00:00,after-hours,"1.01,9.01",32.16999816894531,31.459999084472656,929.7166666666667,False,-0.02207022458453356,929.7166666666667,True,929.7166666666667,True,932.7166666666667,True
CLIR,2026-07-23 12:45:31+00:00,pre-market,"1.01,3.02,7.01,9.01",3.25,3.200000047683716,44.483333333333334,False,-0.015384600712702867,44.483333333333334,True,65.48333333333333,True,65.48333333333333,True
CLIR,2026-07-06 20:06:25+00:00,after-hours,"8.01,9.01",4.099999904632568,4.079999923706055,1056.5833333333333,False,-0.004878044241882984,1056.5833333333333,True,1056.5833333333333,True,1099.5833333333333,True
CLMB,2026-07-07 14:29:51+00:00,regular,"7.01,9.01",24.065000534057617,24.059999465942383,2.15,False,-0.00020781500121547225,26.15,True,38.15,True,232.15,True
CLRB,2026-07-10 21:13:07+00:00,after-hours,"5.02,5.07,9.01",2.819999933242798,2.809999942779541,3856.883333333333,False,-0.0035460959929022318,3861.883333333333,True,3898.883333333333,True,4120.883333333333,True
CLRO,2026-07-06 20:30:22+00:00,after-hours,"1.01,8.01,9.01",6.96999979019165,10.170000076293945,1019.6333333333333,False,0.4591105283253252,1019.6333333333333,True,1019.6333333333333,True,1019.6333333333333,True
CLS,2026-07-27 20:44:42+00:00,after-hours,"2.02,9.01",318.0,328.0,1005.3,False,0.03144654088050314,1005.3,True,1006.3,True,1023.3,True
CLS,2026-07-06 20:29:40+00:00,after-hours,"5.02,9.01",350.2,342.4200134277344,1020.3333333333334,False,-0.022215838298873858,1020.3333333333334,True,1020.3333333333334,True,1073.3333333333333,True
CLSK,2026-07-14 10:05:25+00:00,pre-market,"7.01,8.01,9.01",12.36,15.100000381469727,204.58333333333334,False,0.22168287875968673,204.58333333333334,True,204.58333333333334,True,204.58333333333334,True
CLVT,2026-07-06 21:00:42+00:00,after-hours,"1.01,5.02,9.01",2.45,2.549999952316284,989.3,False,0.040816307067871094,989.3,True,989.3,True,2445.3,True
CLVT,2026-07-06 10:01:11+00:00,pre-market,"7.01,9.01",2.59,2.5999999046325684,208.81666666666666,False,0.0038609670396017037,209.81666666666666,True,209.81666666666666,True,213.81666666666666,True
CLW,2026-07-28 20:08:50+00:00,after-hours,"2.02,9.01",17.51,19.309999465942383,1041.1666666666667,False,0.10279837041361395,1041.1666666666667,True,1041.1666666666667,True,1041.1666666666667,True
CMCO,2026-07-20 20:16:55+00:00,after-hours,"8.01,9.01",14.34000015258789,14.859999656677246,1033.0833333333333,False,0.03626216865803267,1033.0833333333333,True,1033.0833333333333,True,2475.0833333333335,True
CMG,2026-07-08 21:01:06+00:00,after-hours,8.01,33.43,33.43000030517578,988.9,False,9.128799938196153e-09,988.9,True,1057.9,True,2430.9,True
CMPS,2026-07-07 10:33:23+00:00,pre-market,"7.01,8.01,9.01",12.829999923706055,12.210000038146973,176.61666666666667,False,-0.04832423142992426,176.61666666666667,True,176.61666666666667,True,176.61666666666667,True
CMT,2026-07-07 21:22:24+00:00,after-hours,"1.01,7.01,9.01",23.28,23.59000015258789,967.6,False,0.013316157757211844,967.6,True,1123.6,True,8186.6,True
CNC,2026-07-27 23:38:01+00:00,after-hours,"2.02,5.02,7.01,9.01",64.08,59.505001068115234,831.9833333333333,False,-0.07139511441767732,831.9833333333333,True,831.9833333333333,True,831.9833333333333,True
CNDT,2026-07-02 21:01:24+00:00,after-hours,5.02,1.5199999809265137,1.5049999952316284,5308.6,False,-0.009868411765204144,5309.6,True,5315.6,True,6757.6,True
CNET,2026-07-22 20:05:16+00:00,after-hours,5.07,0.9599999785423279,0.949999988079071,1044.7333333333333,False,-0.010416656965389626,1044.7333333333333,True,1047.7333333333333,True,1047.7333333333333,True
CNH,2026-07-28 20:04:33+00:00,after-hours,"5.02,9.01",11.44,11.289999961853027,1045.45,False,-0.01311189144641367,1045.45,True,1045.45,True,1132.45,True
CNNE,2026-07-16 21:01:08+00:00,after-hours,"5.02,9.01",15.27,15.1899995803833,988.8666666666667,False,-0.0052390582591158585,989.8666666666667,True,1112.8666666666666,True,5334.866666666667,True
CNOB,2026-07-28 11:01:10+00:00,pre-market,"8.01,9.01",32.81999969482422,32.9900016784668,148.83333333333334,False,0.005179828922100338,150.83333333333334,True,,False,,False
CNOB,2026-07-23 11:30:10+00:00,pre-market,"2.02,9.01",32.9900016784668,30.979999542236328,119.83333333333333,False,-0.060927615458183926,119.83333333333333,True,119.83333333333333,True,119.83333333333333,True
CNOB,2026-07-09 11:30:47+00:00,pre-market,"8.01,9.01",31.440000534057617,31.809999465942383,119.21666666666667,False,0.011768413664114297,119.21666666666667,True,277.21666666666664,True,8934.216666666667,True
CNP,2026-07-28 10:15:27+00:00,pre-market,"2.02,7.01,9.01",44.01,44.400001525878906,194.55,False,0.008861657029741066,195.55,True,219.55,True,,False
CNS,2026-07-16 20:40:41+00:00,after-hours,"2.02,9.01",81.07,75.2249984741211,1009.3166666666667,False,-0.07209820557393487,1009.3166666666667,True,1009.3166666666667,True,1009.3166666666667,True
CNTM,2026-07-28 10:00:40+00:00,pre-market,"1.01,7.01,9.01",6.0,5.320000171661377,1685.3333333333333,False,-0.11333330472310388,1685.3333333333333,True,1685.3333333333333,True,1685.3333333333333,True
CNTM,2026-07-27 17:52:00+00:00,regular,"7.01,9.01",5.650000095367432,5.75,116.0,False,0.017699097866309854,116.0,True,123.0,True,123.0,True
CNTN,2026-07-23 12:40:28+00:00,pre-market,"1.01,2.01,8.01,9.01",2.09,2.109999895095825,49.53333333333333,False,0.009569327797045668,88.53333333333333,True,141.53333333333333,True,158.53333333333333,True
CNTN,2026-07-17 12:30:14+00:00,pre-market,"5.07,8.01",2.34,2.2799999713897705,59.766666666666666,False,-0.0256410378676194,59.766666666666666,True,59.766666666666666,True,4390.766666666666,True
CNXC,2026-07-24 21:18:26+00:00,after-hours,"5.02,9.01",22.25,23.100000381469727,3851.5666666666666,False,0.03820226433571805,3851.5666666666666,True,3851.5666666666666,True,3871.5666666666666,True
COCO,2026-07-23 11:20:07+00:00,pre-market,"2.02,9.01",74.45,79.98999786376953,129.88333333333333,False,0.07441232859327784,129.88333333333333,True,129.88333333333333,True,129.88333333333333,True
COCO,2026-07-22 20:38:14+00:00,after-hours,"1.01,2.01,3.02,7.01,9.01",74.45,79.98999786376953,1011.7666666666667,False,0.07441232859327784,1011.7666666666667,True,1011.7666666666667,True,1011.7666666666667,True
COCP,2026-07-17 12:00:18+00:00,pre-market,5.07,0.949999988079071,0.960099995136261,223.7,False,0.010631586509398216,223.7,True,4525.7,True,10558.7,True
CODI,2026-07-16 20:25:00+00:00,after-hours,"4.01,9.01",10.46,10.359999656677246,1025.0,False,-0.009560262267949815,1025.0,True,1025.0,True,9740.0,True
CODI,2026-07-13 10:11:16+00:00,pre-market,"1.01,7.01,9.01",10.06,10.9399995803833,198.73333333333332,False,0.08747510739396613,198.73333333333332,True,198.73333333333332,True,198.73333333333332,True
CODX,2026-07-27 21:05:36+00:00,after-hours,"1.01,9.01",2.04,2.1700000762939453,984.4,False,0.06372552759507122,984.4,True,984.4,True,991.4,True
COFS,2026-07-24 11:00:15+00:00,pre-market,"2.02,9.01",33.72999954223633,31.0,149.75,False,-0.08093683899455295,149.75,True,149.75,True,149.75,True
COLB,2026-07-23 20:31:08+00:00,after-hours,"2.02,7.01,9.01",32.189998626708984,31.31999969482422,1018.8666666666667,False,-0.02702699499846828,1018.8666666666667,True,1018.8666666666667,True,,False
COLD,2026-07-23 11:00:11+00:00,pre-market,"2.06,7.01",15.3,14.914999961853027,149.81666666666666,False,-0.02516340118607674,149.81666666666666,True,149.81666666666666,True,164.81666666666666,True
CON,2026-07-10 20:53:08+00:00,after-hours,"5.02,9.01",31.55,31.610000610351562,3876.866666666667,False,0.001901762610192037,3883.866666666667,True,5344.866666666667,True,,False
CORZ,2026-07-28 11:06:14+00:00,pre-market,"2.02,7.01,9.01",20.74,20.959999084472656,143.76666666666668,False,0.010607477554130051,143.76666666666668,True,143.76666666666668,True,193.76666666666668,True
CORZ,2026-07-28 11:00:58+00:00,pre-market,"3.02,7.01,9.01",20.74,20.959999084472656,149.03333333333333,False,0.010607477554130051,149.03333333333333,True,149.03333333333333,True,199.03333333333333,True
COSM,2026-07-16 20:35:18+00:00,after-hours,"3.03,5.02,5.03,5.07,9.01",0.2809999883174896,0.2720000147819519,1014.7,False,-0.03202837690288096,1014.7,True,1014.7,True,1046.7,True
COSM,2026-07-06 13:30:49+00:00,regular,"7.01,8.01,9.01",0.23739999532699585,0.24539999663829803,1.1833333333333333,True,0.03369840551295278,0.18333333333333332,True,0.18333333333333332,True,12.183333333333334,True
COTY,2026-07-07 20:17:56+00:00,after-hours,"8.01,9.01",2.23,2.240000009536743,1032.0666666666666,False,0.004484309209301873,1033.0666666666666,True,1033.0666666666666,True,2472.0666666666666,True
COTY,2026-07-02 20:36:14+00:00,after-hours,"5.02,9.01",2.3,2.315000057220459,5333.766666666666,False,0.006521764008895259,5337.766666666666,True,5341.766666666666,True,5387.766666666666,True
COUR,2026-07-06 20:34:11+00:00,after-hours,2.05,5.93,5.965000152587891,1015.8166666666667,False,0.005902217974349311,1027.8166666666666,True,1297.8166666666666,True,3896.8166666666666,True
CP,2026-07-08 20:19:08+00:00,after-hours,"1.01,9.01",89.4,89.8499984741211,1030.8666666666666,False,0.005033539978983148,1036.8666666666666,True,6815.866666666667,True,12570.866666666667,True
CPF,2026-07-24 10:11:26+00:00,pre-market,"2.02,7.01,9.01",38.68,38.29999923706055,198.56666666666666,False,-0.009824218276614616,202.56666666666666,True,4608.566666666667,True,,False
CPF,2026-07-02 20:26:03+00:00,after-hours,"5.07,9.01",38.28,38.15999984741211,5343.95,False,-0.003134800224344092,5612.95,True,8233.95,True,37131.95,True
CPHI,2026-07-22 21:26:11+00:00,after-hours,"1.01,8.01,9.01",1.79,1.7300000190734863,963.8166666666667,False,-0.0335195424170468,963.8166666666667,True,963.8166666666667,True,964.8166666666667,True
CPIX,2026-07-13 21:28:01+00:00,after-hours,8.01,6.54,6.710000038146973,961.9833333333333,False,0.025993889624919442,961.9833333333333,True,961.9833333333333,True,1027.9833333333333,True
CPK,2026-07-13 15:45:27+00:00,regular,"8.01,9.01",130.7100067138672,130.6699981689453,16.55,False,-0.0003060863198443009,190.55,True,246.55,True,5636.55,True
CPRT,2026-07-08 21:22:41+00:00,after-hours,"5.02,7.01,9.01",28.59,28.549999237060547,967.3166666666667,False,-0.0013991172766509852,967.3166666666667,True,972.3166666666667,True,18247.316666666666,True
CPSS,2026-07-24 20:33:52+00:00,after-hours,"1.01,2.03,9.01",9.40999984741211,9.274999618530273,3896.133333333333,False,-0.01434646451338284,3896.133333333333,True,3906.133333333333,True,,False
CPSS,2026-07-14 19:10:35+00:00,regular,"1.01,2.03,9.01",9.354999542236328,9.479999542236328,28.416666666666668,False,0.013361839242818307,28.416666666666668,True,1168.4166666666667,True,,False
CR,2026-07-28 20:28:12+00:00,after-hours,"2.02,9.01",226.34,217.5399932861328,1021.8,False,-0.038879591384055834,1021.8,True,1021.8,True,1022.8,True
CRAI,2026-07-22 20:10:29+00:00,after-hours,5.07,168.36000061035156,166.11000061035156,1039.5166666666667,False,-0.013364219481130535,1039.5166666666667,True,1043.5166666666667,True,8239.516666666666,True
CRC,2026-07-14 13:00:34+00:00,pre-market,2.02,53.34,53.779998779296875,29.433333333333334,False,0.00824894599356707,30.433333333333334,True,93.43333333333334,True,20196.433333333334,True
CRDF,2026-07-16 12:38:12+00:00,pre-market,"1.01,8.01,9.01",0.888700008392334,0.8892999887466431,51.8,False,0.0006751213555116209,52.8,True,58.8,True,66.8,True
CREG,2026-07-20 20:00:46+00:00,after-hours,"3.01,9.01",0.7720999717712402,0.14010000228881836,9695.233333333334,False,-0.8185468107615376,9695.233333333334,True,9695.233333333334,True,9695.233333333334,True
CRGY,2026-07-08 20:42:58+00:00,after-hours,2.02,9.59,9.595000267028809,1007.0333333333333,False,0.0005214042782908379,1018.0333333333333,True,1102.0333333333333,True,7092.033333333334,True
CRMD,2026-07-02 20:30:35+00:00,after-hours,8.01,8.739999771118164,8.729999542236328,5339.416666666667,False,-0.0011441909775423698,5342.416666666667,True,5678.416666666667,True,11185.416666666666,True
CRMT,2026-07-14 13:15:30+00:00,pre-market,"2.02,9.01",3.049999952316284,3.309000015258789,14.5,False,0.08491805475138148,14.5,True,14.5,True,14.5,True
CRNX,2026-07-10 20:01:22+00:00,after-hours,"1.01,5.02",83.58999633789062,83.68000030517578,3928.633333333333,False,0.0010767313222665997,,False,,False,,False
CRNX,2026-07-06 21:17:19+00:00,after-hours,"1.01,8.01,9.01",42.03,83.55500030517578,1361.6833333333334,False,0.9879847800422503,1361.6833333333334,True,1361.6833333333334,True,1361.6833333333334,True
CRS,2026-07-28 20:01:59+00:00,after-hours,"5.02,7.01,9.01",560.11,556.8099975585938,1048.0166666666667,False,-0.005891704203471182,1048.0166666666667,True,1049.0166666666667,True,1176.0166666666667,True
CRVO,2026-07-14 20:21:27+00:00,after-hours,"7.01,8.01,9.01",3.0799999237060547,3.2100000381469727,1028.55,False,0.04220783040945442,1030.55,True,1031.55,True,1152.55,True
CRVO,2026-07-09 20:09:56+00:00,after-hours,"7.01,8.01,9.01",3.75,3.7599000930786133,1040.0666666666666,False,0.0026400248209634825,1047.0666666666666,True,1056.0666666666666,True,1110.0666666666666,True
CRVS,2026-07-22 20:02:21+00:00,after-hours,5.02,13.960000038146973,13.704999923706055,1047.65,False,-0.018266483792557797,1047.65,True,1047.65,True,2502.65,True
CSBR,2026-07-27 20:31:46+00:00,after-hours,"2.02,9.01",6.059999942779541,6.480000019073486,1018.2333333333333,False,0.06930694393724757,1018.2333333333333,True,1018.2333333333333,True,1018.2333333333333,True
CSGP,2026-07-28 20:05:38+00:00,after-hours,"2.02,9.01",30.26,27.440000534057617,1044.3666666666666,False,-0.0931923154640576,1044.3666666666666,True,1044.3666666666666,True,1044.3666666666666,True
CSGP,2026-07-13 21:06:31+00:00,after-hours,"5.02,7.01,9.01",28.770000457763672,27.5,983.4833333333333,False,-0.044143219935923184,983.4833333333333,True,983.4833333333333,True,984.4833333333333,True
CSWC,2026-07-22 21:26:58+00:00,after-hours,5.07,23.69,23.690000534057617,963.0333333333333,False,2.254358877351592e-08,1057.0333333333333,True,2614.0333333333333,True,,False
CSWC,2026-07-16 20:04:51+00:00,after-hours,"2.02,9.01",24.219999313354492,24.219999313354492,1045.15,False,0.0,5465.15,True,5589.15,True,,False
CSX,2026-07-22 20:01:13+00:00,after-hours,"2.02,9.01",49.94,52.29499816894531,1048.7833333333333,False,0.04715655124039486,1048.7833333333333,True,1048.7833333333333,True,1049.7833333333333,True
CTAS,2026-07-15 12:31:16+00:00,pre-market,"2.02,9.01",184.24000549316406,186.97500610351562,58.733333333333334,False,0.01484477056451805,58.733333333333334,True,59.733333333333334,True,70.73333333333333,True
CTBI,2026-07-15 12:19:57+00:00,pre-market,"2.02,7.01,9.01",72.3499984741211,73.98999786376953,72.05,False,0.022667580155306455,72.05,True,77.05,True,1510.05,True
CTEV,2026-07-06 20:11:32+00:00,after-hours,8.01,33.16,33.27000045776367,1038.4666666666667,False,0.003317263503126444,1038.4666666666667,True,1038.4666666666667,True,1350.4666666666667,True
CTGO,2026-07-17 20:30:21+00:00,after-hours,"7.01,9.01",16.0,16.049999237060547,3899.65,False,0.0031249523162841797,3905.65,True,3931.65,True,4233.65,True
CTGO,2026-07-08 20:30:16+00:00,after-hours,"1.01,2.03,7.01,9.01",15.71,16.200000762939453,1019.7333333333333,False,0.031190373197928167,1019.7333333333333,True,1019.7333333333333,True,1089.7333333333333,True
CTKB,2026-07-15 20:15:11+00:00,after-hours,5.02,4.650000095367432,4.684999942779541,1034.8166666666666,False,0.007526848751460813,1035.8166666666666,True,1068.8166666666666,True,17004.816666666666,True
CTMX,2026-07-27 12:05:07+00:00,pre-market,5.02,3.24,3.2890000343322754,84.88333333333334,False,0.015123467386504608,84.88333333333334,True,89.88333333333334,True,104.88333333333334,True
CTNM,2026-07-13 20:15:17+00:00,after-hours,"7.01,9.01",14.630000114440918,15.039999961853027,1034.7166666666667,False,0.028024596322963058,1034.7166666666667,True,1034.7166666666667,True,4237.716666666666,True
CTO,2026-07-28 20:10:41+00:00,after-hours,"2.02,7.01,9.01",21.91,22.280000686645508,1039.3166666666666,False,0.016887297427909953,1039.3166666666666,True,1127.3166666666666,True,,False
CTS,2026-07-28 12:05:20+00:00,pre-market,"7.01,9.01",60.41,64.13999938964844,84.66666666666667,False,0.06174473414415571,84.66666666666667,True,84.66666666666667,True,84.66666666666667,True
CTS,2026-07-28 12:00:18+00:00,pre-market,"2.02,7.01,9.01",60.41,64.13999938964844,89.7,False,0.06174473414415571,89.7,True,89.7,True,89.7,True
CTSH,2026-07-10 21:13:29+00:00,after-hours,"7.01,9.01",42.57,44.369998931884766,3856.516666666667,False,0.0422832730064544,3856.516666666667,True,3856.516666666667,True,8375.516666666666,True
CTSO,2026-07-06 20:05:37+00:00,after-hours,3.01,0.4300000071525574,0.41999998688697815,1044.3833333333334,False,-0.023255860695907793,1044.3833333333334,True,1044.3833333333334,True,1046.3833333333334,True
CUBI,2026-07-27 21:03:47+00:00,after-hours,"5.02,9.01",78.66,78.66000366210938,986.2166666666667,False,4.6556183352919334e-08,1164.2166666666667,True,,False,,False
CUBI,2026-07-23 20:35:01+00:00,after-hours,"2.02,7.01,9.01",76.09,76.54000091552734,1014.9833333333333,False,0.0059140611844834545,1014.9833333333333,True,1014.9833333333333,True,,False
CUBI,2026-07-08 21:12:36+00:00,after-hours,"5.02,9.01",75.67,75.81999969482422,977.4,False,0.001982287496025137,1000.4,True,1032.4,True,11116.4,True
CUE,2026-07-10 21:29:46+00:00,after-hours,"1.01,3.02,5.02,8.01,9.01",36.775001525878906,36.0099983215332,3840.233333333333,False,-0.020802261661562738,3840.233333333333,True,3840.233333333333,True,3844.233333333333,True
CURB,2026-07-28 10:45:17+00:00,pre-market,"2.02,9.01",31.54,30.850000381469727,164.71666666666667,False,-0.02187696951586149,164.71666666666667,True,164.71666666666667,True,,False
CURI,2026-07-07 13:02:00+00:00,pre-market,"7.01,9.01",2.819999933242798,2.819999933242798,35.0,False,0.0,73.0,True,315.0,True,3090.0,True
CVBF,2026-07-23 10:10:22+00:00,pre-market,"2.02,7.01,9.01",22.209999084472656,21.850000381469727,199.63333333333333,False,-0.016208857174362046,199.63333333333333,True,201.63333333333333,True,,False
CVBF,2026-07-23 10:05:13+00:00,pre-market,"5.02,9.01",22.209999084472656,21.850000381469727,204.78333333333333,False,-0.016208857174362046,204.78333333333333,True,206.78333333333333,True,,False
CVEO,2026-07-07 22:10:07+00:00,after-hours,"1.01,2.03,3.02,9.01",31.71,31.610000610351562,919.8833333333333,False,-0.0031535600645991035,1044.8833333333334,True,1071.8833333333334,True,11094.883333333333,True
CVKD,2026-07-21 12:30:30+00:00,pre-market,"7.01,8.01,9.01",2.0899999141693115,2.140000104904175,59.5,False,0.02392353721925211,59.5,True,59.5,True,91.5,True
CVKD,2026-07-17 20:15:14+00:00,after-hours,"5.02,9.01",2.174999952316284,2.200000047683716,3914.766666666667,False,0.011494296972653917,3914.766666666667,True,3919.766666666667,True,5407.766666666666,True
CVKD,2026-07-10 20:05:16+00:00,after-hours,"5.02,9.01",3.0299999713897705,3.1700000762939453,3924.733333333333,False,0.04620465552016517,3924.733333333333,True,3924.733333333333,True,3929.733333333333,True
CVLT,2026-07-28 11:48:28+00:00,pre-market,"2.02,9.01",149.22999572753906,126.95999908447266,101.53333333333333,False,-0.14923270978125935,101.53333333333333,True,101.53333333333333,True,101.53333333333333,True
CVSA,2026-07-28 20:15:14+00:00,after-hours,"5.02,9.01",126.3,125.6500015258789,1034.7666666666667,False,-0.005146464561528785,1036.7666666666667,True,1036.7666666666667,True,1079.7666666666667,True
CWBC,2026-07-27 20:46:08+00:00,after-hours,"7.01,9.01",25.229999542236328,25.635000228881836,1003.8666666666667,False,0.016052346174938226,1048.8666666666666,True,1087.8666666666666,True,,False
CWBC,2026-07-23 20:04:47+00:00,after-hours,"2.02,8.01,9.01",26.68000030517578,26.09000015258789,1045.2166666666667,False,-0.022113948494724478,1045.2166666666667,True,1045.2166666666667,True,1284.2166666666667,True
CWCO,2026-07-22 20:12:33+00:00,after-hours,"8.01,9.01",29.40999984741211,29.299999237060547,1037.45,False,-0.003740245186068636,8243.45,True,8277.45,True,,False
CWCO,2026-07-06 20:10:09+00:00,after-hours,9.01,29.209999084472656,29.575000762939453,1039.85,False,0.012495778497330523,1039.85,True,1342.85,True,,False
CXW,2026-07-13 11:00:07+00:00,pre-market,"8.01,9.01",31.89,32.1349983215332,149.88333333333333,False,0.007682606507783074,155.88333333333333,True,281.8833333333333,True,5909.883333333333,True
CXW,2026-07-06 12:00:30+00:00,pre-market,"1.01,2.01,7.01,9.01",31.03,32.599998474121094,89.5,False,0.05059614805417634,89.5,True,89.5,True,1756.5,True
CYCU,2026-07-24 21:15:16+00:00,after-hours,"8.01,9.01",0.3201,0.32829999923706055,3854.733333333333,False,0.02561699230571879,3860.733333333333,True,3860.733333333333,True,3883.733333333333,True
CYCU,2026-07-23 21:30:33+00:00,after-hours,"5.02,5.03,5.07,9.01",0.3546999990940094,0.35899999737739563,959.45,False,0.012122915969465575,959.45,True,961.45,True,963.45,True
CYCU,2026-07-16 20:52:27+00:00,after-hours,"3.01,7.01,9.01",0.4544999897480011,0.40299999713897705,997.55,False,-0.11331131742726419,997.55,True,997.55,True,997.55,True
CYCU,2026-07-10 20:37:39+00:00,after-hours,"8.01,9.01",0.4797999858856201,0.47999998927116394,3892.35,False,0.0004168474185648474,3895.35,True,3895.35,True,3925.35,True
CYH,2026-07-22 20:33:42+00:00,after-hours,"2.02,7.01,9.01",3.22,2.819999933242798,1016.3,False,-0.12422362321652247,1016.3,True,1016.3,True,1016.3,True
CYPH,2026-07-21 20:05:19+00:00,after-hours,3.01,0.7450000047683716,0.713699996471405,1044.6833333333334,False,-0.04201343368675292,1044.6833333333334,True,1044.6833333333334,True,1047.6833333333334,True
CZNC,2026-07-23 20:10:03+00:00,after-hours,"2.02,9.01",23.270000457763672,23.579999923706055,1039.95,False,0.013321850444526051,1039.95,True,1070.95,True,1095.95,True
CZR,2026-07-28 20:11:18+00:00,after-hours,"2.02,9.01",29.92,29.860000610351562,1038.7,False,-0.002005327194132378,,False,,False,,False
CZR,2026-07-07 23:51:16+00:00,after-hours,5.02,30.35,30.385000228881836,818.7333333333333,False,0.0011532200620043564,899.7333333333333,True,2267.733333333333,True,,False
CZWI,2026-07-27 12:54:38+00:00,pre-market,"2.02,8.01,9.01",23.56,23.290000915527344,35.36666666666667,False,-0.011460063008177257,35.36666666666667,True,37.36666666666667,True,41.36666666666667,True
DAIO,2026-07-13 17:20:28+00:00,regular,"1.02,2.04,3.02,5.02,5.07,9.01",3.4749999046325684,3.4749999046325684,7.533333333333333,False,0.0,40.53333333333333,True,49.53333333333333,True,4334.533333333334,True
DAKT,2026-07-17 18:21:52+00:00,regular,5.02,19.300500869750977,19.30500030517578,1.1333333333333333,True,0.0002331253191389937,91.13333333333334,True,5484.133333333333,True,,False
DAN,2026-07-10 20:30:17+00:00,after-hours,"1.01,2.03,8.01,9.01",27.33,27.5,3899.7166666666667,False,0.00622027076472742,3903.7166666666667,True,5339.716666666666,True,9659.716666666667,True
DARE,2026-07-24 13:00:42+00:00,pre-market,"7.01,9.01",1.2599999904632568,1.2799999713897705,29.3,False,0.01587300085546861,29.3,True,35.3,True,37.3,True
DARE,2026-07-17 20:07:20+00:00,after-hours,3.01,1.9299999475479126,1.940000057220459,3922.6666666666665,False,0.005181404116229027,3933.6666666666665,True,3943.6666666666665,True,3947.6666666666665,True
DARE,2026-07-13 13:00:19+00:00,pre-market,"7.01,9.01",2.0250000953674316,2.0799999237060547,29.683333333333334,False,0.027160407776990025,29.683333333333334,True,29.683333333333334,True,122.68333333333334,True
DBGI,2026-07-27 20:40:41+00:00,after-hours,"7.01,9.01",12.988499641418457,11.40999984741211,1009.3166666666667,False,-0.1215305722435206,1009.3166666666667,True,1009.3166666666667,True,1009.3166666666667,True
DBGI,2026-07-24 16:34:15+00:00,regular,"1.01,9.01",15.560700416564941,15.484700202941895,7.75,False,-0.004884112642008165,21.75,True,21.75,True,58.75,True
DBGI,2026-07-20 20:52:13+00:00,after-hours,5.02,0.4401000142097473,0.45500001311302185,997.7833333333333,False,0.0338559382462853,997.7833333333333,True,997.7833333333333,True,999.7833333333333,True
DBGI,2026-07-17 21:25:14+00:00,after-hours,"1.01,5.03,9.01",0.6233000159263611,0.5400000214576721,3844.766666666667,False,-0.1336434980590957,3844.766666666667,True,3844.766666666667,True,3844.766666666667,True
DBGI,2026-07-09 19:50:43+00:00,regular,"8.01,9.01",0.7419999837875366,0.7538999915122986,1.2833333333333334,True,0.016037746610206627,1.2833333333333334,True,5.283333333333333,True,5667.283333333334,True
DBGI,2026-07-08 17:35:45+00:00,regular,"8.01,9.01",0.739799976348877,0.7200000286102295,13.25,False,-0.026763920480730286,0.25,True,0.25,True,127.25,True
DBVT,2026-07-16 21:02:04+00:00,after-hours,"2.02,9.01",14.859999656677246,15.050000190734863,987.9333333333333,False,0.012786038926470678,997.9333333333333,True,1013.9333333333333,True,5393.933333333333,True
DCI,2026-07-24 20:10:38+00:00,after-hours,5.02,92.79,92.88500213623047,3919.366666666667,False,0.0010238402438891292,3924.366666666667,True,5383.366666666667,True,,False
DCOM,2026-07-23 20:31:17+00:00,after-hours,"8.01,9.01",39.23,39.880001068115234,1018.7166666666667,False,0.01656897955939929,1034.7166666666667,True,5363.716666666666,True,6903.716666666666,True
DCOM,2026-07-23 11:00:22+00:00,pre-market,"2.02,9.01",39.46,38.630001068115234,149.63333333333333,False,-0.021033931370622594,149.63333333333333,True,149.63333333333333,True,,False
DCOY,2026-07-15 21:14:18+00:00,after-hours,5.07,6.070000171661377,6.065000057220459,1022.7,False,-0.000823742059227861,1208.7,True,1208.7,True,2724.7,True
DECK,2026-07-23 20:07:23+00:00,after-hours,2.02,96.2,96.81999969482422,1042.6166666666666,False,0.006444903272601055,1042.6166666666666,True,1043.6166666666666,True,6808.616666666667,True
DEVSF,2026-07-09 20:10:50+00:00,after-hours,"1.02,9.01",0.1136000007390976,0.1136000007390976,1039.1666666666667,False,0.0,1061.1666666666667,True,1061.1666666666667,True,1061.1666666666667,True
DEVSF,2026-07-07 20:05:29+00:00,after-hours,"3.01,9.01",0.11500000208616257,0.10999999940395355,1049.5166666666667,False,-0.043478283404402185,1049.5166666666667,True,1049.5166666666667,True,1055.5166666666667,True
DFNS,2026-07-16 14:05:27+00:00,regular,"3.03,5.03,9.01",8.225000381469727,8.1875,1.55,True,-0.004559316684557446,1.55,True,2.55,True,17.55,True
DFNS,2026-07-15 13:29:49+00:00,pre-market,"8.01,9.01",0.07240000367164612,0.07329999655485153,1.1833333333333333,True,0.012430840297842138,0.18333333333333332,True,0.18333333333333332,True,168.18333333333334,True
DFNS,2026-07-13 21:15:34+00:00,after-hours,"3.03,5.03,9.01",0.0934000015258789,0.07999999821186066,974.4333333333333,False,-0.1434689838876012,974.4333333333333,True,974.4333333333333,True,974.4333333333333,True
DFNS,2026-07-09 20:05:24+00:00,after-hours,"2.01,9.01",0.14790000021457672,0.18129999935626984,1044.6,False,0.22582825620848967,1044.6,True,1044.6,True,1044.6,True
DGX,2026-07-23 10:46:37+00:00,pre-market,"2.02,9.01",213.0,228.10000610351562,163.38333333333333,False,0.07089204743434574,163.38333333333333,True,163.38333333333333,True,163.38333333333333,True
DGXX,2026-07-07 12:00:46+00:00,pre-market,"7.01,9.01",4.735000133514404,4.699999809265137,89.23333333333333,False,-0.007391831734393173,89.23333333333333,True,89.23333333333333,True,112.23333333333333,True
DHI,2026-07-21 15:54:47+00:00,regular,"2.02,9.01",143.19000244140625,143.25,1.2166666666666666,True,0.000419006617576434,14.216666666666667,True,1387.2166666666667,True,8496.216666666667,True
DHR,2026-07-20 21:55:01+00:00,after-hours,"2.02,9.01",201.11,168.8350067138672,934.9833333333333,False,-0.16048427868396808,934.9833333333333,True,934.9833333333333,True,934.9833333333333,True
DINO,2026-07-28 06:32:47+00:00,closed,"2.02,7.01,9.01",89.15,92.12000274658203,417.21666666666664,False,0.03331466905868785,417.21666666666664,True,418.21666666666664,True,419.21666666666664,True
DINO,2026-07-28 17:11:49+00:00,regular,5.02,89.43499755859375,89.6050033569336,1.1833333333333333,True,0.0019008867108032401,27.183333333333334,True,1225.1833333333334,True,,False
DINO,2026-07-08 11:00:07+00:00,pre-market,"5.02,7.01,9.01",73.94,76.26000213623047,149.88333333333333,False,0.031376820884913004,149.88333333333333,True,149.88333333333333,True,209.88333333333333,True
DIOD,2026-07-28 17:00:14+00:00,regular,"5.02,7.01,9.01",81.43000030517578,81.16000366210938,2.7666666666666666,False,-0.0033156900657563826,94.76666666666667,True,1229.7666666666667,True,1284.7666666666667,True
DIOD,2026-07-15 20:30:14+00:00,after-hours,"7.01,9.01",96.92,94.80000305175781,1019.7666666666667,False,-0.02187367878912705,1019.7666666666667,True,1019.7666666666667,True,1048.7666666666667,True
DIOD,2026-07-14 12:15:14+00:00,pre-market,"1.01,7.01,9.01",92.31999969482422,99.27999877929688,74.76666666666667,False,0.07538993833925312,74.76666666666667,True,74.76666666666667,True,74.76666666666667,True
DJT,2026-07-20 20:02:53+00:00,after-hours,7.01,9.729999542236328,9.859999656677246,1047.1166666666666,False,0.013360752369679929,1047.1166666666666,True,2683.116666666667,True,2788.116666666667,True
DJT,2026-07-16 20:02:22+00:00,after-hours,"7.01,9.01",9.58,9.319999694824219,1047.6333333333334,False,-0.027139906594549235,1047.6333333333334,True,1047.6333333333334,True,1057.6333333333334,True
DJT,2026-07-10 20:03:53+00:00,after-hours,"5.02,9.01",8.54,8.539999961853027,3926.116666666667,False,-4.466858549712072e-09,3937.116666666667,True,3947.116666666667,True,5465.116666666667,True
DK,2026-07-23 20:38:45+00:00,after-hours,"8.01,9.01",64.78,65.11000061035156,1011.25,False,0.00509417428761294,1017.25,True,1021.25,True,5331.25,True
DK,2026-07-02 20:30:34+00:00,after-hours,5.02,52.61,52.66999816894531,5339.433333333333,False,0.0011404327874038334,5342.433333333333,True,5384.433333333333,True,8319.433333333332,True
DKL,2026-07-22 20:42:38+00:00,after-hours,"8.01,9.01",57.22,57.220001220703125,1007.3666666666667,False,2.1333504518494806e-08,1061.3666666666666,True,2454.366666666667,True,,False
DKL,2026-07-02 20:30:34+00:00,after-hours,5.02,52.25,52.5,5339.433333333333,False,0.004784688995215225,5374.433333333333,True,6792.433333333333,True,15427.433333333332,True
DLHC,2026-07-06 20:15:40+00:00,after-hours,"5.02,7.01,9.01",5.130000114440918,5.159999847412109,1034.3333333333333,False,0.005847901033519065,1102.3333333333333,True,1193.3333333333333,True,12814.333333333334,True
DLR,2026-07-23 20:18:24+00:00,after-hours,"2.02,7.01,9.01",179.45,191.0,1031.6,False,0.0643633324045696,1031.6,True,1031.6,True,1031.6,True
DMAA,2026-07-20 21:00:13+00:00,after-hours,"1.01,9.01",10.699999809265137,10.699999809265137,3991.7833333333333,False,0.0,,False,,False,,False
DMC,2026-07-21 20:25:13+00:00,after-hours,"1.01,2.03,9.01",28.32,28.700000762939453,1024.7833333333333,False,0.01341810603599769,1024.7833333333333,True,1410.7833333333333,True,9686.783333333333,True
DMLP,2026-07-23 20:02:06+00:00,after-hours,"2.02,7.01,9.01",27.44499969482422,27.81999969482422,1047.9,False,0.013663691170334502,1047.9,True,6981.9,True,,False
DMLP,2026-07-06 21:03:08+00:00,after-hours,"7.01,8.01,9.01",25.450000762939453,25.5,986.8666666666667,False,0.0019646065053702255,996.8666666666667,True,2426.866666666667,True,5309.866666666667,True
DMRA,2026-07-20 20:00:14+00:00,after-hours,"1.01,3.03,5.03,7.01,9.01",32.959999084472656,32.68000030517578,1049.7666666666667,False,-0.00849510883114013,1055.7666666666667,True,1084.7666666666667,True,1201.7666666666667,True
DNLI,2026-07-28 01:01:17+00:00,closed,"2.01,9.01",23.56999969482422,24.05500030517578,748.7166666666667,False,0.02057703082864548,748.7166666666667,True,2188.7166666666667,True,,False
DOCN,2026-07-24 20:16:03+00:00,after-hours,8.01,123.54,124.36000061035156,3913.95,False,0.006637531247786654,3913.95,True,3913.95,True,3966.95,True
DOCN,2026-07-23 21:14:56+00:00,after-hours,"8.01,9.01",131.15,132.4499969482422,975.0666666666667,False,0.00991229087489276,977.0666666666667,True,985.0666666666667,True,1023.0666666666667,True
DOCN,2026-07-07 13:05:37+00:00,pre-market,"2.02,9.01",131.37,146.57000732421875,24.383333333333333,False,0.11570379328780356,24.383333333333333,True,24.383333333333333,True,24.383333333333333,True
DOUG,2026-07-16 21:00:34+00:00,after-hours,5.02,1.92,1.8799999952316284,989.4333333333333,False,-0.0208333358168602,989.4333333333333,True,989.4333333333333,True,5397.433333333333,True
DOV,2026-07-23 11:00:14+00:00,pre-market,"2.02,7.01,9.01",214.53,203.0,149.76666666666668,False,-0.05374539691418445,149.76666666666668,True,149.76666666666668,True,149.76666666666668,True
DOW,2026-07-23 10:59:27+00:00,pre-market,"2.02,9.01",31.25,32.4900016784668,150.55,False,0.03968005371093741,150.55,True,150.55,True,1608.55,True
DOW,2026-07-10 20:19:44+00:00,after-hours,"8.01,9.01",29.03,29.959999084472656,3910.266666666667,False,0.03203579347132801,3910.266666666667,True,3910.266666666667,True,5350.266666666666,True
DOW,2026-07-06 20:15:19+00:00,after-hours,5.02,27.33,27.75,1034.6833333333334,False,0.015367727771679496,1034.6833333333334,True,1041.6833333333334,True,1410.6833333333334,True
DPZ,2026-07-20 10:05:16+00:00,pre-market,"2.02,9.01",322.18,350.0,204.73333333333332,False,0.08634924576323799,204.73333333333332,True,204.73333333333332,True,204.73333333333332,True
DPZ,2026-07-14 20:15:16+00:00,after-hours,"5.02,8.01,9.01",309.9200134277344,311.0,1034.7333333333333,False,0.0034847267858597597,1062.7333333333333,True,1102.7333333333333,True,2607.733333333333,True
DRIO,2026-07-22 21:19:14+00:00,after-hours,"1.01,8.01,9.01",7.730000019073486,7.739999771118164,970.7666666666667,False,0.0012936289805955958,988.7666666666667,True,988.7666666666667,True,1353.7666666666667,True
DRIO,2026-07-10 21:10:06+00:00,after-hours,5.02,7.144999980926514,7.380000114440918,3864.9,False,0.032890151734322526,3864.9,True,3864.9,True,4172.9,True
DRS,2026-07-28 15:30:44+00:00,regular,"8.01,9.01",48.56999969482422,48.650001525878906,2.2666666666666666,False,0.001647144977503734,242.26666666666668,True,1345.2666666666667,True,1374.2666666666667,True
DRS,2026-07-17 20:15:36+00:00,after-hours,"5.05,9.01",44.119998931884766,44.25,3914.4,False,0.0029465338001466446,4008.4,True,5387.4,True,6802.4,True
DSGR,2026-07-16 21:27:47+00:00,after-hours,"1.01,2.03,7.01,9.01",34.43,34.41999816894531,962.2166666666667,False,-0.00029049756185561826,,False,,False,,False
DTIL,2026-07-27 11:30:37+00:00,pre-market,"5.02,7.01,9.01",7.28000020980835,7.289999961853027,119.38333333333334,False,0.0013735922742426077,120.38333333333334,True,129.38333333333333,True,147.38333333333333,True
DUOT,2026-07-20 20:30:13+00:00,after-hours,"1.01,9.01",8.170000076293945,8.40999984741211,1019.7833333333333,False,0.02937573670464788,1022.7833333333333,True,1074.7833333333333,True,2470.7833333333333,True
DVLT,2026-07-22 20:53:53+00:00,after-hours,"1.01,2.03,9.01",0.3774,0.3720000088214874,996.1166666666667,False,-0.014308402698761435,996.1166666666667,True,997.1166666666667,True,2821.116666666667,True
DVLT,2026-07-13 23:00:05+00:00,after-hours,"4.01,7.01,9.01",0.3541,0.3677999973297119,869.9166666666666,False,0.038689628155074596,869.9166666666666,True,869.9166666666666,True,876.9166666666666,True
DX,2026-07-28 12:15:19+00:00,pre-market,"1.01,9.01",12.64,12.649999618530273,74.68333333333334,False,0.0007911090609393767,175.68333333333334,True,458.68333333333334,True,,False
DX,2026-07-20 12:03:15+00:00,pre-market,"2.02,9.01",13.33,13.399999618530273,86.75,False,0.005251284210823215,98.75,True,418.75,True,4406.75,True
DXC,2026-07-22 20:06:26+00:00,after-hours,5.07,9.41,9.3149995803833,1043.5666666666666,False,-0.010095687525685348,1043.5666666666666,True,1044.5666666666666,True,2582.5666666666666,True
DXLG,2026-07-08 20:08:12+00:00,after-hours,"7.01,9.01",0.6225000023841858,0.6349999904632568,1234.8,False,0.020080302058145927,1234.8,True,1234.8,True,11191.8,True
DXPE,2026-07-09 23:15:45+00:00,after-hours,"1.01,2.03,8.01,9.01",164.97,162.50999450683594,862.25,False,-0.014911835443802257,862.25,True,5220.25,True,15258.25,True
DYAI,2026-07-24 12:00:19+00:00,pre-market,"8.01,9.01",1.2300000190734863,1.2589999437332153,89.68333333333334,False,0.023577174154496117,89.68333333333334,True,105.68333333333334,True,138.68333333333334,True
DYN,2026-07-22 21:19:38+00:00,after-hours,"1.01,8.01,9.01",23.21,22.959999084472656,970.3666666666667,False,-0.010771258747408252,970.3666666666667,True,994.3666666666667,True,2453.366666666667,True
DYN,2026-07-20 11:35:14+00:00,pre-market,8.01,23.74,24.700000762939453,114.76666666666667,False,0.040438111328536364,114.76666666666667,True,114.76666666666667,True,2994.766666666667,True
EAF,2026-07-24 10:49:17+00:00,pre-market,"2.02,9.01",7.1,7.480000019073486,160.71666666666667,False,0.05352112944696996,160.71666666666667,True,160.71666666666667,True,160.71666666666667,True
EARN,2026-07-08 20:38:56+00:00,after-hours,"8.01,9.01",4.37,4.400000095367432,1011.0666666666667,False,0.006865010381563286,2646.0666666666666,True,11475.066666666668,True,,False
EBC,2026-07-23 20:34:06+00:00,after-hours,"2.02,7.01,8.01,9.01",22.6200008392334,23.0,1015.9,False,0.01679925493669776,1015.9,True,1016.9,True,,False
EBF,2026-07-17 14:37:41+00:00,regular,"5.07,8.01",21.684999465942383,21.649999618530273,3.316666666666667,False,-0.0016140119102644457,88.31666666666666,True,4266.316666666667,True,,False
EBMT,2026-07-28 20:00:16+00:00,after-hours,"2.02,9.01",23.704999923706055,23.40999984741211,1049.7333333333333,False,-0.012444635192718656,1049.7333333333333,True,1070.7333333333333,True,,False
EBMT,2026-07-17 20:48:00+00:00,after-hours,5.02,23.270000457763672,23.110000610351562,3882.0,False,-0.006875799065948374,3882.0,True,5342.0,True,16946.0,True
ECPG,2026-07-22 20:20:29+00:00,after-hours,"7.01,8.01,9.01",88.1500015258789,86.94999694824219,1029.5166666666667,False,-0.013613211081844656,1029.5166666666667,True,1030.5166666666667,True,1087.5166666666667,True
EDBL,2026-07-28 12:00:57+00:00,pre-market,"8.01,9.01",2.8801000118255615,2.609999895095825,89.05,False,-0.09378150606601066,89.05,True,89.05,True,89.05,True
EDBL,2026-07-10 20:30:38+00:00,after-hours,3.02,4.30649995803833,4.539999961853027,3899.366666666667,False,0.05422036597930435,3899.366666666667,True,3899.366666666667,True,3899.366666666667,True
EDUC,2026-07-14 21:00:29+00:00,after-hours,5.07,1.475000023841858,1.5099999904632568,989.5166666666667,False,0.023728790546210465,989.5166666666667,True,1009.5166666666667,True,1013.5166666666667,True
EDUC,2026-07-09 20:00:30+00:00,after-hours,"2.02,7.01,9.01",1.5700000524520874,1.590000033378601,1049.5,False,0.012738840928875783,1049.5,True,1069.5,True,1433.5,True
EFC,2026-07-23 20:27:54+00:00,after-hours,"7.01,9.01",13.28,13.375,1022.1,False,0.00715361445783147,1030.1,True,7035.1,True,,False
EFC,2026-07-08 20:30:05+00:00,after-hours,"8.01,9.01",13.42,13.550000190734863,1019.9166666666666,False,0.009687048489930294,1124.9166666666667,True,8441.916666666666,True,,False
EFOR,2026-07-09 21:06:04+00:00,after-hours,"1.01,2.03,7.01,9.01",18.56,19.18470001220703,983.9333333333333,False,0.033658405830120364,983.9333333333333,True,983.9333333333333,True,1086.9333333333334,True
EFSC,2026-07-27 20:04:47+00:00,after-hours,"7.01,9.01",65.7300033569336,66.38749694824219,1045.2166666666667,False,0.010002944739530895,1065.2166666666667,True,,False,,False
EFSC,2026-07-22 20:05:24+00:00,after-hours,"2.02,8.01,9.01",65.68,60.2599983215332,1044.6,False,-0.08252134102415964,1044.6,True,1044.6,True,1044.6,True
EFSI,2026-07-23 20:01:23+00:00,after-hours,"2.02,7.01,9.01",41.44499969482422,41.099998474121094,1048.6166666666666,False,-0.00832431471211259,1048.6166666666666,True,1078.6166666666666,True,,False
EGBN,2026-07-22 20:28:27+00:00,after-hours,"2.02,7.01,9.01",26.94,24.519899368286133,1021.55,False,-0.08983298558700326,1021.55,True,1021.55,True,1021.55,True
EGBN,2026-07-06 11:07:47+00:00,pre-market,"5.02,9.01",27.579999923706055,27.420000076293945,142.21666666666667,False,-0.005801299777183244,209.21666666666667,True,292.21666666666664,True,3386.2166666666667,True
EGP,2026-07-22 20:18:03+00:00,after-hours,"2.02,9.01",216.33,215.0800018310547,1031.95,False,-0.005778200753225771,1048.95,True,6791.95,True,9723.95,True
ELAB,2026-07-09 20:01:54+00:00,after-hours,"1.01,9.01",1.065000057220459,1.2899999618530273,1048.1,False,0.2112675047359105,1048.1,True,1048.1,True,1048.1,True
ELAB,2026-07-07 21:18:15+00:00,after-hours,"1.01,9.01",1.184999942779541,1.1749999523162842,971.75,False,-0.008438810925003759,971.75,True,971.75,True,1020.75,True
ELME,2026-07-24 20:16:01+00:00,after-hours,"1.01,8.01,9.01",1.49,1.6200000047683716,3913.983333333333,False,0.08724832534790039,3913.983333333333,True,3913.983333333333,True,3913.983333333333,True
ELS,2026-07-28 21:23:23+00:00,after-hours,8.01,66.02,66.30000305175781,966.6166666666667,False,0.004241185273520465,1029.6166666666666,True,1318.6166666666666,True,,False
ELS,2026-07-23 13:16:24+00:00,pre-market,"2.02,9.01",65.48,65.52999877929688,13.6,False,0.000763573294087827,32.6,True,1470.6,True,,False
EMPD,2026-07-23 12:31:13+00:00,pre-market,"7.01,8.01,9.01",3.3949999809265137,3.369999885559082,58.78333333333333,False,-0.007363798382293063,65.78333333333333,True,168.78333333333333,True,1553.7833333333333,True
EMPD,2026-07-10 12:00:37+00:00,pre-market,8.01,3.805000066757202,3.8299999237060547,89.38333333333334,False,0.006570264523059199,98.38333333333334,True,101.38333333333334,True,4591.383333333333,True
EMPD,2026-07-06 20:01:16+00:00,after-hours,"1.01,1.02,3.03,5.03,7.01,9.01",4.070000171661377,4.110000133514404,1048.7333333333333,False,0.009828000040771334,1060.7333333333333,True,1090.7333333333333,True,2584.733333333333,True
ENGN,2026-07-17 20:05:21+00:00,after-hours,"7.01,9.01",1.82,1.8300000429153442,3924.65,False,0.005494529074364873,3925.65,True,4082.65,True,5383.65,True
ENGN,2026-07-16 12:06:47+00:00,pre-market,"5.02,7.01,9.01",1.9,1.899999976158142,83.21666666666667,False,-1.2548346250973452e-08,83.21666666666667,True,97.21666666666667,True,10195.216666666667,True
ENPH,2026-07-28 16:06:38+00:00,regular,"2.02,9.01",36.54499816894531,36.459999084472656,1.3666666666666667,True,-0.0023258746403463926,143.36666666666667,True,1283.3666666666666,True,,False
ENS,2026-07-23 20:22:37+00:00,after-hours,"7.01,8.01,9.01",200.05,198.47000122070312,1027.3833333333334,False,-0.00789801939163648,1030.3833333333334,True,1061.3833333333334,True,1364.3833333333334,True
ENSC,2026-07-15 20:15:43+00:00,after-hours,"5.02,9.01",0.2818000018596649,0.28619998693466187,1034.2833333333333,False,0.01561385750873101,1034.2833333333333,True,1163.2833333333333,True,6822.283333333334,True
ENSG,2026-07-27 10:07:21+00:00,pre-market,"2.02,9.01",173.0500030517578,186.0,202.65,False,0.07483384409053695,202.65,True,202.65,True,202.65,True
ENTG,2026-07-15 11:14:55+00:00,pre-market,8.01,140.6199951171875,144.8300018310547,135.08333333333334,False,0.02993889105428238,135.08333333333334,True,135.08333333333334,True,309.0833333333333,True
ENVA,2026-07-23 20:16:13+00:00,after-hours,"2.02,9.01",217.8,232.0,1033.7833333333333,False,0.06519742883379243,1033.7833333333333,True,1033.7833333333333,True,1034.7833333333333,True
ENVA,2026-07-15 20:45:28+00:00,after-hours,5.02,235.3699951171875,235.74000549316406,1004.5333333333333,False,0.0015720371485428153,1024.5333333333333,True,2444.5333333333333,True,9647.533333333333,True
ENVA,2026-07-10 20:16:14+00:00,after-hours,"5.02,9.01",238.09,237.97999572753906,3913.766666666667,False,-0.00046202810895434876,3944.766666666667,True,3995.766666666667,True,6830.766666666666,True
ENVX,2026-07-09 11:35:21+00:00,pre-market,"5.02,9.01",5.125,5.582399845123291,114.65,False,0.08924875026795931,114.65,True,114.65,True,114.65,True
EOLS,2026-07-08 13:03:46+00:00,pre-market,"1.01,7.01,9.01",6.954999923706055,6.929999828338623,26.233333333333334,False,-0.003594550056315482,49.233333333333334,True,58.233333333333334,True,2950.233333333333,True
EOSE,2026-07-23 12:42:31+00:00,pre-market,"8.01,9.01",3.98,3.9000000953674316,47.483333333333334,False,-0.020100478550896583,47.483333333333334,True,47.483333333333334,True,119.48333333333333,True
EOSE,2026-07-15 12:18:57+00:00,pre-market,"2.02,7.01,8.01,9.01",4.289999961853027,4.650000095367432,71.05,False,0.08391611578451053,71.05,True,71.05,True,71.05,True
EOSE,2026-07-09 20:24:28+00:00,after-hours,"5.02,8.01,9.01",4.58,4.659999847412109,1025.5333333333333,False,0.017467215592163576,1025.5333333333333,True,1035.5333333333333,True,1057.5333333333333,True
EPAC,2026-07-23 20:51:58+00:00,after-hours,5.02,34.34,34.5,998.0333333333333,False,0.004659289458357474,1017.0333333333333,True,5320.033333333334,True,6758.033333333334,True
EPAC,2026-07-08 21:49:10+00:00,after-hours,"1.01,2.03,7.01,9.01",36.46,36.95000076293945,940.8333333333334,False,0.013439406553468203,945.8333333333334,True,946.8333333333334,True,951.8333333333334,True
EPAC,2026-07-08 12:29:15+00:00,pre-market,"2.02,9.01",34.31,35.81999969482422,60.75,False,0.04401048367310456,60.75,True,60.75,True,119.75,True
EPR,2026-07-20 12:44:42+00:00,pre-market,"1.01,2.03,3.03,7.01,9.01",62.21,62.25,45.3,False,0.0006429834431762593,387.3,True,6156.3,True,,False
EPRT,2026-07-24 20:38:30+00:00,after-hours,"8.01,9.01",32.34,32.130001068115234,3891.5,False,-0.0064934734658246285,4253.5,True,8214.5,True,,False
EPRT,2026-07-22 20:16:42+00:00,after-hours,"2.02,7.01,9.01",32.66,32.904998779296875,1033.3,False,0.0075014935485877565,1119.3,True,1282.3,True,11208.3,True
EQBK,2026-07-14 20:10:21+00:00,after-hours,"2.02,7.01,9.01",48.9,49.9900016784668,1039.65,False,0.02229042287253158,1039.65,True,1039.65,True,2627.65,True
EQH,2026-07-28 20:29:21+00:00,after-hours,8.01,49.39,49.0,1020.65,False,-0.007896335290544676,1020.65,True,1093.65,True,,False
EQH,2026-07-21 21:01:33+00:00,after-hours,8.01,49.13,48.650001525878906,988.45,False,-0.009769966906596705,988.45,True,2428.45,True,,False
EQT,2026-07-21 20:31:38+00:00,after-hours,"2.02,9.01",49.8,51.90999984741211,1018.3666666666667,False,0.04236947484763287,1018.3666666666667,True,1018.3666666666667,True,1041.3666666666666,True
EQT,2026-07-14 20:15:32+00:00,after-hours,2.02,49.81,50.11000061035156,1034.4666666666667,False,0.006022899224082723,1170.4666666666667,True,8249.466666666667,True,11137.466666666667,True
ERAS,2026-07-14 21:03:03+00:00,after-hours,"8.01,9.01",19.5,19.78499984741211,986.95,False,0.01461537679036451,986.95,True,997.95,True,1051.95,True
ERAS,2026-07-13 20:19:36+00:00,after-hours,8.01,17.895000457763672,18.850000381469727,1030.4,False,0.05336685662345042,1030.4,True,1030.4,True,1038.4,True
ERII,2026-07-13 20:32:37+00:00,after-hours,"5.02,9.01",8.654999732971191,8.680000305175781,1017.3833333333333,False,0.002888569956778886,2458.383333333333,True,2608.383333333333,True,22636.383333333335,True
ERNA,2026-07-02 20:40:47+00:00,after-hours,"7.01,9.01",6.449999809265137,6.440000057220459,5340.216666666666,False,-0.0015503492000594754,5347.216666666666,True,5358.216666666666,True,8312.216666666667,True
ERNA,2026-07-02 20:30:32+00:00,after-hours,"5.07,9.01",6.449999809265137,6.440000057220459,5350.466666666666,False,-0.0015503492000594754,5357.466666666666,True,5368.466666666666,True,8322.466666666667,True
ESI,2026-07-27 20:18:54+00:00,after-hours,2.02,37.84,38.43000030517578,1031.1,False,0.01559197423826042,1031.1,True,1037.1,True,1052.1,True
ESI,2026-07-20 12:25:44+00:00,pre-market,"7.01,9.01",37.4,37.91999816894531,64.26666666666667,False,0.01390369435682648,64.26666666666667,True,66.26666666666667,True,11644.266666666666,True
ESI,2026-07-09 12:30:28+00:00,pre-market,9.01,39.34,40.7599983215332,59.53333333333333,False,0.03609553435519053,59.53333333333333,True,59.53333333333333,True,11579.533333333333,True
ESI,2026-07-06 21:18:48+00:00,after-hours,"1.01,5.02,9.01",42.32,42.099998474121094,971.2,False,-0.005198523768405128,974.2,True,978.2,True,1003.2,True
ESI,2026-07-06 13:13:10+00:00,pre-market,"7.01,9.01",43.64,44.310001373291016,16.833333333333332,False,0.015352918728025022,18.833333333333332,True,19.833333333333332,True,25.833333333333332,True
ESQ,2026-07-23 12:30:30+00:00,pre-market,"2.02,7.01,9.01",120.9000015258789,118.25,59.5,False,-0.02191895361814089,59.5,True,59.5,True,73.5,True
ET,2026-07-20 22:02:28+00:00,after-hours,"1.01,2.03,9.01",20.28,20.36989974975586,927.5333333333333,False,0.00443292651656102,2407.5333333333333,True,9945.533333333333,True,,False
ET,2026-07-08 14:47:04+00:00,regular,"1.01,8.01,9.01",19.915000915527344,19.93000030517578,1.9333333333333333,True,0.0007531704222389912,1518.9333333333334,True,2967.9333333333334,True,,False
ETH,2026-07-17 20:03:22+00:00,after-hours,"8.01,9.01",17.55500030517578,17.815000534057617,3926.633333333333,False,0.014810608052520546,3926.633333333333,True,4024.633333333333,True,5366.633333333333,True
ETH,2026-07-02 20:35:01+00:00,after-hours,5.02,16.17,16.549999237060547,5334.983333333334,False,0.02350026203219202,5334.983333333334,True,5334.983333333334,True,5477.983333333334,True
ETHE,2026-07-17 20:05:10+00:00,after-hours,"8.01,9.01",14.86,15.095000267028809,3924.8333333333335,False,0.01581428445685118,3924.8333333333335,True,3932.8333333333335,True,5364.833333333333,True
ETHE,2026-07-02 20:35:24+00:00,after-hours,5.02,13.755000114440918,14.0600004196167,5334.6,False,0.022173777000232153,5334.6,True,5334.6,True,5483.6,True
ETSY,2026-07-16 12:30:37+00:00,pre-market,"1.01,9.01",85.74,84.23999786376953,59.38333333333333,False,-0.017494776489741848,59.38333333333333,True,59.38333333333333,True,7327.383333333333,True
EU,2026-07-09 20:05:13+00:00,after-hours,"5.02,9.01",1.3200000524520874,1.350000023841858,1044.7833333333333,False,0.022727250149756628,1044.7833333333333,True,1047.7833333333333,True,5686.783333333334,True
EVFM,2026-07-20 20:14:53+00:00,after-hours,"7.01,9.01",0.007499999832361937,0.007499999832361937,1037.1166666666666,False,0.0,1136.1166666666666,True,1136.1166666666666,True,1136.1166666666666,True
EVFM,2026-07-14 20:31:06+00:00,after-hours,"1.01,2.03,9.01",0.008299999870359898,0.008299999870359898,1076.9,False,0.0,1118.9,True,1118.9,True,2464.9,True
EVI,2026-07-23 19:45:19+00:00,regular,"1.01,3.02,8.01,9.01",14.40999984741211,14.350000381469727,1.6833333333333333,True,-0.004163738138634243,3.683333333333333,True,3.683333333333333,True,6876.683333333333,True
EVTC,2026-07-23 20:09:18+00:00,after-hours,"7.01,9.01",29.08,29.145000457763672,1042.7,False,0.0022352289464813158,1055.7,True,1063.7,True,5383.7,True
EW,2026-07-23 20:29:00+00:00,after-hours,"2.02,9.01",84.22,89.0801010131836,1021.0,False,0.05770720747071478,1021.0,True,1021.0,True,1022.0,True
EWBC,2026-07-21 20:05:49+00:00,after-hours,"2.02,7.01,9.01",133.4600067138672,132.60000610351562,1044.1833333333334,False,-0.006443882564724945,1044.1833333333334,True,1045.1833333333334,True,,False
EWTX,2026-07-16 12:01:18+00:00,pre-market,9.01,40.849998474121094,40.6150016784668,88.7,False,-0.005752675751093839,92.7,True,136.7,True,276.7,True
EWTX,2026-07-13 12:37:12+00:00,pre-market,"2.01,7.01,9.01",45.41999816894531,44.54499816894531,52.8,False,-0.019264641903888435,52.8,True,52.8,True,57.8,True
EXE,2026-07-28 20:02:12+00:00,after-hours,"2.02,7.01,9.01",88.52,91.08999633789062,1047.8,False,0.029032945525199194,1050.8,True,1051.8,True,1195.8,True
EXE,2026-07-27 11:02:07+00:00,pre-market,"7.01,9.01",91.52,92.08000183105469,147.88333333333333,False,0.006118901126034748,189.88333333333333,True,1695.8833333333334,True,,False
EXLS,2026-07-28 20:03:41+00:00,after-hours,"2.02,9.01",30.520000457763672,32.0,1046.3166666666666,False,0.04849277588591416,1046.3166666666666,True,1046.3166666666666,True,1047.3166666666666,True
EXLS,2026-07-21 20:01:48+00:00,after-hours,"5.02,8.01,9.01",27.354999542236328,27.594999313354492,1048.2,False,0.008773524954646783,1096.2,True,1277.2,True,8369.2,True
EXOD,2026-07-17 21:26:58+00:00,after-hours,"2.05,7.01,9.01",5.06,5.070000171661377,3843.0333333333333,False,0.001976318510153563,3843.0333333333333,True,3880.0333333333333,True,3927.0333333333333,True
EXOD,2026-07-17 20:43:47+00:00,after-hours,9.01,5.06,5.070000171661377,3886.2166666666667,False,0.001976318510153563,3886.2166666666667,True,3923.2166666666667,True,3970.2166666666667,True
EXR,2026-07-28 20:46:03+00:00,after-hours,"2.02,9.01",152.21,158.8800048828125,1003.95,False,0.04382106880502268,1003.95,True,1003.95,True,,False
EXR,2026-07-06 20:02:17+00:00,after-hours,"1.01,2.03,9.01",146.14,147.2050018310547,1047.7166666666667,False,0.007287545032535148,1053.7166666666667,True,1115.7166666666667,True,32727.716666666667,True
EYPT,2026-07-17 20:05:14+00:00,after-hours,"1.01,9.01",13.3,13.512499809265137,3924.766666666667,False,0.015977429268055232,3925.766666666667,True,3926.766666666667,True,5365.766666666666,True
EZRA,2026-07-28 19:58:14+00:00,regular,"5.02,9.01",1.9900000095367432,1.9700000286102295,1051.7666666666667,False,-0.010050241623450806,1051.7666666666667,True,1051.7666666666667,True,1076.7666666666667,True
FAF,2026-07-22 20:15:15+00:00,after-hours,"2.02,9.01",70.52,72.05999755859375,1034.75,False,0.02183774189724552,1034.75,True,1039.75,True,2551.75,True
FANG,2026-07-13 20:03:27+00:00,after-hours,2.02,191.59500122070312,193.58999633789062,1046.55,False,0.010412563503624073,1047.55,True,2553.55,True,12566.55,True
FAST,2026-07-16 20:05:10+00:00,after-hours,5.02,46.665000915527344,46.685001373291016,1044.8333333333333,False,0.00042859653640370254,1073.8333333333333,True,1195.8333333333333,True,6812.833333333333,True
FAST,2026-07-14 12:01:18+00:00,pre-market,"2.02,9.01",47.04999923706055,48.40999984741211,88.7,False,0.028905433207325304,88.7,True,88.7,True,1542.7,True
FATN,2026-07-23 15:23:35+00:00,regular,"7.01,9.01",4.690000057220459,4.675000190734863,4.416666666666667,False,-0.0031982657361597777,11.416666666666666,True,47.416666666666664,True,5671.416666666667,True
FATN,2026-07-21 14:37:34+00:00,regular,"8.01,9.01",4.664999961853027,4.599999904632568,8.433333333333334,False,-0.013933560075451656,0.43333333333333335,True,0.43333333333333335,True,1502.4333333333334,True
FATN,2026-07-02 21:25:00+00:00,after-hours,"1.01,9.01",5.984000205993652,6.170000076293945,5285.0,False,0.03108286495611967,5285.0,True,5285.0,True,6729.0,True
FBK,2026-07-27 20:17:37+00:00,after-hours,"7.01,9.01",58.88,59.11000061035156,1032.3833333333334,False,0.003906260366025149,1034.3833333333334,True,2791.383333333333,True,,False
FBK,2026-07-13 20:18:15+00:00,after-hours,"2.02,7.01,9.01",56.9643,56.04999923706055,1031.75,False,-0.016050416891622565,1031.75,True,1033.75,True,3941.75,True
FBLA,2026-07-28 20:20:44+00:00,after-hours,"2.02,9.01",15.63,15.4399995803833,1034.2666666666667,False,-0.012156136891663505,1034.2666666666667,True,1064.2666666666667,True,,False
FBLG,2026-07-24 20:05:14+00:00,after-hours,3.01,0.7163000106811523,0.6830000281333923,3924.766666666667,False,-0.04648887624068865,3924.766666666667,True,3924.766666666667,True,3924.766666666667,True
FBLG,2026-07-09 13:31:32+00:00,regular,"5.02,7.01,9.01",0.8299999833106995,0.8434000015258789,8.466666666666667,False,0.016144600583881452,8.466666666666667,True,115.46666666666667,True,183.46666666666667,True
FBNC,2026-07-22 20:05:34+00:00,after-hours,"2.02,9.01",62.61,62.375,1044.4333333333334,False,-0.0037533940265133126,1044.4333333333334,True,1044.4333333333334,True,,False
FBNC,2026-07-14 12:45:27+00:00,pre-market,"1.01,8.01,9.01",64.23999786376953,65.61499786376953,44.55,False,0.02140411030081113,44.55,True,44.55,True,,False
FBP,2026-07-22 13:32:52+00:00,regular,"2.01,9.01",27.5,27.790000915527344,1.1333333333333333,True,0.01054548783735787,11.133333333333333,True,195.13333333333333,True,1533.1333333333334,True
FBRX,2026-07-27 10:06:03+00:00,pre-market,"1.01,7.01,9.01",54.77000045776367,76.43000030517578,203.95,False,0.3954719676169327,203.95,True,203.95,True,203.95,True
FBRX,2026-07-09 12:05:21+00:00,pre-market,"7.01,8.01,9.01",20.540000915527344,22.959999084472656,84.65,False,0.11781879557346553,84.65,True,84.65,True,84.65,True
FCAP,2026-07-24 20:45:29+00:00,after-hours,"2.02,9.01",61.0,59.474998474121094,3889.516666666667,False,-0.025000025014408345,3889.516666666667,True,3889.516666666667,True,5436.516666666666,True
FCBC,2026-07-21 20:14:00+00:00,after-hours,"2.02,8.01,9.01",44.61000061035156,46.7599983215332,1036.0,False,0.04819541990059384,1036.0,True,1036.0,True,1050.0,True
FCCO,2026-07-27 20:28:50+00:00,after-hours,"7.01,9.01",33.900001525878906,33.97999954223633,1021.1666666666666,False,0.00235982338515095,1050.1666666666667,True,1074.1666666666667,True,2485.1666666666665,True
FCCO,2026-07-22 20:06:31+00:00,after-hours,"2.02,5.02,9.01",32.25,32.36000061035156,1043.4833333333333,False,0.003410871638808155,1062.4833333333333,True,1062.4833333333333,True,2625.483333333333,True
FCEL,2026-07-21 20:34:07+00:00,after-hours,"8.01,9.01",21.639999389648438,21.1200008392334,1015.8833333333333,False,-0.02402950855274899,1015.8833333333333,True,1015.8833333333333,True,2455.883333333333,True
FCEL,2026-07-09 12:15:34+00:00,pre-market,"1.01,7.01,9.01",22.53499984741211,24.200000762939453,74.43333333333334,False,0.07388510879970345,74.43333333333334,True,74.43333333333334,True,78.43333333333334,True
FCF,2026-07-28 21:02:27+00:00,after-hours,"2.02,7.01,9.01",21.37,21.860000610351562,987.55,False,0.02292936875767726,987.55,True,988.55,True,,False
FCFS,2026-07-23 19:26:57+00:00,regular,"2.02,8.01,9.01",191.8300018310547,191.94000244140625,1.05,True,0.0005734275624333929,14.05,True,17.05,True,1088.05,True
FCFS,2026-07-22 11:49:11+00:00,pre-market,5.02,211.82000732421875,208.1300048828125,100.81666666666666,False,-0.017420462250094304,100.81666666666666,True,112.81666666666666,True,1593.8166666666666,True
FCFS,2026-07-16 11:00:26+00:00,pre-market,"8.01,9.01",215.0,214.8000030517578,150.56666666666666,False,-0.0009302183639171568,166.56666666666666,True,169.56666666666666,True,8864.566666666668,True
FCPT,2026-07-28 20:32:03+00:00,after-hours,"7.01,9.01",25.99,26.165000915527344,1017.95,False,0.0067333942103633415,1028.95,True,2482.95,True,,False
FCPT,2026-07-16 20:51:56+00:00,after-hours,"7.01,8.01,9.01",26.42,26.56999969482422,998.0666666666667,False,0.005677505481613165,1003.0666666666667,True,9856.066666666668,True,,False
FCX,2026-07-23 12:06:44+00:00,pre-market,"2.02,7.01,9.01",64.44,63.880001068115234,83.26666666666667,False,-0.00869023792496526,90.26666666666667,True,122.26666666666667,True,1548.2666666666667,True
FDBC,2026-07-22 12:59:49+00:00,pre-market,"2.02,9.01",51.119998931884766,50.33000183105469,46.18333333333333,False,-0.0154537777256748,46.18333333333333,True,143.18333333333334,True,,False
FDMT,2026-07-20 12:30:05+00:00,pre-market,8.01,10.979999542236328,11.054300308227539,59.916666666666664,False,0.006766918860551918,60.916666666666664,True,85.91666666666667,True,1552.9166666666667,True
FEED,2026-07-14 20:50:32+00:00,after-hours,"5.02,9.01",0.4699999988079071,0.4399999976158142,999.4666666666667,False,-0.06382978993230626,999.4666666666667,True,999.4666666666667,True,999.4666666666667,True
FEED,2026-07-10 20:01:30+00:00,after-hours,"3.01,9.01",0.521399974822998,0.49000000953674316,3928.5,False,-0.06022241427402131,3928.5,True,3928.5,True,3928.5,True
FEIM,2026-07-15 20:10:31+00:00,after-hours,"2.02,9.01",59.29999923706055,53.5,1039.4833333333333,False,-0.0978077455595604,1039.4833333333333,True,1039.4833333333333,True,1039.4833333333333,True
FELE,2026-07-28 20:00:17+00:00,after-hours,"7.01,9.01",109.71,111.41999816894531,1049.7166666666667,False,0.015586529659514348,1114.7166666666667,True,1190.7166666666667,True,2520.7166666666667,True
FELE,2026-07-28 12:00:12+00:00,pre-market,"2.02,9.01",105.30000305175781,111.91000366210938,89.8,False,0.06277303341674711,89.8,True,89.8,True,90.8,True
FF,2026-07-28 20:17:01+00:00,after-hours,"8.01,9.01",4.61,4.809999942779541,1032.9833333333333,False,0.04338393552701536,1032.9833333333333,True,1032.9833333333333,True,,False
FFBC,2026-07-27 20:16:13+00:00,after-hours,"7.01,9.01",33.58000183105469,33.90999984741211,1033.7833333333333,False,0.009827218533747795,2548.7833333333333,True,,False,,False
FFBC,2026-07-21 20:30:48+00:00,after-hours,"1.01,2.02,7.01,9.01",35.66999816894531,33.84000015258789,1019.2,False,-0.05130356350706622,1019.2,True,1019.2,True,1019.2,True
FFIN,2026-07-17 20:27:53+00:00,after-hours,"2.02,9.01",35.32,35.31999969482422,3902.116666666667,False,-8.640310911189886e-09,3949.116666666667,True,4152.116666666667,True,,False
FFIV,2026-07-27 20:06:52+00:00,after-hours,"2.02,9.01",410.0,393.989990234375,1043.1333333333334,False,-0.03904880430640245,1043.1333333333334,True,1043.1333333333334,True,1043.1333333333334,True
FG,2026-07-08 20:10:34+00:00,after-hours,"2.02,7.01",28.45,28.610000610351562,1039.4333333333334,False,0.005623923035204426,1126.4333333333334,True,1297.4333333333334,True,6799.433333333333,True
FGBI,2026-07-27 20:31:19+00:00,after-hours,"2.02,9.01",9.369999885559082,9.359999656677246,1018.6833333333333,False,-0.0010672602992501945,1109.6833333333334,True,1233.6833333333334,True,,False
FHB,2026-07-24 12:03:08+00:00,pre-market,"2.02,9.01",28.639999389648438,28.665000915527344,86.86666666666666,False,0.000872958324431572,188.86666666666667,True,4411.866666666667,True,,False
FHB,2026-07-15 20:23:11+00:00,after-hours,"1.01,9.01",28.7450008392334,28.84000015258789,1026.8166666666666,False,0.003304898611268481,1031.8166666666666,True,1056.8166666666666,True,,False
FHB,2026-07-13 11:15:25+00:00,pre-market,"2.02,7.01,8.01,9.01",30.1200008392334,28.09000015258789,134.58333333333334,False,-0.06739709927236426,134.58333333333334,True,134.58333333333334,True,134.58333333333334,True
FHN,2026-07-28 20:31:37+00:00,after-hours,"5.03,9.01",26.02,25.8700008392334,1018.3833333333333,False,-0.005764764057132998,1043.3833333333334,True,,False,,False
FHN,2026-07-15 10:32:14+00:00,pre-market,"2.02,7.01,9.01",25.72,25.239999771118164,177.76666666666668,False,-0.018662528339107087,177.76666666666668,True,177.76666666666668,True,,False
FIBK,2026-07-23 20:14:03+00:00,after-hours,"2.02,7.01,8.01,9.01",38.1,38.20000076293945,1035.95,False,0.0026246919406680558,1037.95,True,,False,,False
FIBK,2026-07-16 20:06:43+00:00,after-hours,"5.02,9.01",40.209999084472656,39.86000061035156,1043.2833333333333,False,-0.008704264662772632,1046.2833333333333,True,1112.2833333333333,True,6816.283333333334,True
FIBK,2026-07-09 20:02:59+00:00,after-hours,"5.02,9.01",38.89699935913086,39.154998779296875,1047.0166666666667,False,0.006632887482757699,8254.016666666666,True,8334.016666666666,True,,False
FINW,2026-07-20 20:16:23+00:00,after-hours,"7.01,9.01",13.734999656677246,14.338299751281738,1043.6166666666666,False,0.043924289019636076,1043.6166666666666,True,1043.6166666666666,True,11162.616666666667,True
FISI,2026-07-23 20:06:14+00:00,after-hours,"2.02,7.01,9.01",38.72,39.040000915527344,1043.7666666666667,False,0.00826448645473521,1051.7666666666667,True,1052.7666666666667,True,1164.7666666666667,True
FISN,2026-07-17 20:06:13+00:00,after-hours,"5.02,5.07,9.01",10.710000038146973,10.619999885559082,3923.7833333333333,False,-0.008403375561841897,3924.7833333333333,True,3924.7833333333333,True,6805.783333333334,True
FISV,2026-07-07 20:01:09+00:00,after-hours,"5.02,7.01",52.70000076293945,51.63999938964844,1048.85,False,-0.02011387775987372,1048.85,True,1048.85,True,2489.85,True
FIVE,2026-07-22 21:19:51+00:00,after-hours,8.01,204.87,203.47999572753906,970.15,False,-0.006784811209356922,1189.15,True,1270.15,True,9881.15,True
FIX,2026-07-23 20:05:14+00:00,after-hours,"2.02,8.01,9.01",1831.15,1827.909912109375,1044.7666666666667,False,-0.001769427895380038,1047.7666666666667,True,1091.7666666666667,True,1299.7666666666667,True
FJET,2026-07-24 17:50:50+00:00,regular,"4.01,7.01,9.01",3.484999895095825,3.4897000789642334,1.1666666666666667,True,0.001348689816324633,28.166666666666668,True,49.166666666666664,True,4067.1666666666665,True
FJET,2026-07-14 20:30:22+00:00,after-hours,"4.01,9.01",4.730000019073486,4.840000152587891,1019.6333333333333,False,0.02325584208685716,1019.6333333333333,True,1019.6333333333333,True,1175.6333333333334,True
FLD,2026-07-17 21:00:15+00:00,after-hours,3.01,0.38,0.38999998569488525,3869.75,False,0.02631575182864543,3869.75,True,3869.75,True,3940.75,True
FLG,2026-07-24 10:08:02+00:00,pre-market,"2.02,7.01,8.01,9.01",14.71,14.59000015258789,201.96666666666667,False,-0.00815770546649286,201.96666666666667,True,201.96666666666667,True,206.96666666666667,True
FLYE,2026-07-23 21:15:36+00:00,after-hours,"3.01,9.01",1.649999976158142,1.7200000286102295,974.4,False,0.04242427482640054,974.4,True,974.4,True,1084.4,True
FLZH,2026-07-16 20:55:30+00:00,after-hours,"5.02,7.01,9.01",1.7000000476837158,1.75,1004.5,False,0.02941173583166079,1004.5,True,1004.5,True,9855.5,True
FMAO,2026-07-27 20:45:28+00:00,after-hours,"2.02,9.01",31.200000762939453,31.59000015258789,1004.5333333333333,False,0.012499980131785549,1005.5333333333333,True,1005.5333333333333,True,1028.5333333333333,True
FMAO,2026-07-07 19:19:30+00:00,regular,5.02,30.334999084472656,30.3799991607666,8.5,False,0.001483437535918064,1092.5,True,1103.5,True,12789.5,True
FMBH,2026-07-23 12:00:27+00:00,pre-market,"2.02,9.01",48.5,48.70000076293945,89.55,False,0.004123727070916461,98.55,True,392.55,True,1793.55,True
FMBH,2026-07-15 13:00:31+00:00,pre-market,"1.01,2.03,9.01",48.060001373291016,47.92499923706055,29.483333333333334,False,-0.0028090331330180573,120.48333333333333,True,1480.4833333333333,True,1689.4833333333333,True
FMCB,2026-07-23 18:45:33+00:00,regular,"7.01,9.01",1351.5999755859375,1355.0,51.45,False,0.0025155552496873845,1409.45,True,,False,,False
FMCB,2026-07-20 20:30:49+00:00,after-hours,"2.02,9.01",1345.0,1349.989990234375,1023.1833333333333,False,0.0037100299140333526,1035.1833333333334,True,1035.1833333333334,True,,False
FMNB,2026-07-22 12:05:26+00:00,pre-market,"2.02,7.01,9.01",14.5600004196167,14.770000457763672,84.56666666666666,False,0.014423079127390714,84.56666666666666,True,87.56666666666666,True,7284.566666666667,True
FNB,2026-07-17 11:34:22+00:00,pre-market,"2.02,9.01",19.43,19.207500457763672,115.63333333333334,False,-0.011451340310670521,115.63333333333334,True,115.63333333333334,True,,False
FNGR,2026-07-16 20:30:18+00:00,after-hours,"2.02,7.01,9.01",0.3449999988079071,0.34769999980926514,1019.7,False,0.007826089886050713,1063.7,True,1296.7,True,5408.7,True
FNGR,2026-07-02 21:00:18+00:00,after-hours,"3.01,9.01",0.3912000060081482,0.4099999964237213,5309.7,False,0.04805723447555765,5309.7,True,5309.7,True,5331.7,True
FNLC,2026-07-22 20:17:04+00:00,after-hours,2.02,33.7400016784668,33.86000061035156,1032.9333333333334,False,0.0035565775315697934,1044.9333333333334,True,1044.9333333333334,True,8277.933333333332,True
FNLC,2026-07-08 20:18:23+00:00,after-hours,5.02,33.2599983215332,34.599998474121094,1043.6166666666666,False,0.040288641617890475,1043.6166666666666,True,1043.6166666666666,True,11295.616666666667,True
FNWD,2026-07-28 20:50:07+00:00,after-hours,"2.02,9.01",44.54999923706055,44.380001068115234,1018.8833333333333,False,-0.0038158961135041913,,False,,False,,False
FNWD,2026-07-21 20:30:46+00:00,after-hours,"1.01,7.01,9.01",36.29999923706055,43.119998931884766,1019.2333333333333,False,0.18787878342050557,1019.2333333333333,True,1019.2333333333333,True,1019.2333333333333,True
FNWD,2026-07-06 20:45:19+00:00,after-hours,8.01,36.97999954223633,36.9900016784668,1011.6833333333333,False,0.0002704742118517789,1013.6833333333333,True,1013.6833333333333,True,1013.6833333333333,True
FOR,2026-07-21 16:00:41+00:00,regular,"2.02,9.01",26.514999389648438,26.649999618530273,1.3166666666666667,True,0.005091466414837598,3.316666666666667,True,4.316666666666666,True,3047.3166666666666,True
FOSL,2026-07-20 20:34:09+00:00,after-hours,"8.01,9.01",4.054999828338623,4.050000190734863,1015.85,False,-0.0012329563046635794,1323.85,True,1373.85,True,11095.85,True
FR,2026-07-22 20:55:14+00:00,after-hours,"2.02,9.01",67.71,67.3949966430664,994.7666666666667,False,-0.004652242754889735,995.7666666666667,True,1113.7666666666667,True,,False
FRAF,2026-07-24 14:36:14+00:00,regular,"7.01,9.01",60.849998474121094,61.25,1.7666666666666666,True,0.006573566736390646,34.766666666666666,True,57.766666666666666,True,5752.766666666666,True
FRAF,2026-07-24 12:00:23+00:00,pre-market,"7.01,9.01",62.63999938964844,61.91999816894531,89.61666666666666,False,-0.011494272473158929,89.61666666666666,True,90.61666666666666,True,,False
FRAF,2026-07-24 11:45:27+00:00,pre-market,"2.02,9.01",62.63999938964844,61.91999816894531,104.55,False,-0.011494272473158929,104.55,True,105.55,True,,False
FRAF,2026-07-17 20:26:06+00:00,after-hours,"8.01,9.01",62.560001373291016,62.45000076293945,3903.9,False,-0.0017583217381214045,4265.9,True,6795.9,True,,False
FRHC,2026-07-10 20:16:17+00:00,after-hours,"5.02,9.01",166.41000366210938,164.89999389648438,3913.7166666666667,False,-0.009074032404271959,3913.7166666666667,True,3922.7166666666667,True,3960.7166666666667,True
FRHC,2026-07-10 20:10:57+00:00,after-hours,"3.02,7.01,9.01",166.41000366210938,164.89999389648438,3919.05,False,-0.009074032404271959,3919.05,True,3928.05,True,3966.05,True
FRME,2026-07-22 20:12:30+00:00,after-hours,"2.02,9.01",43.75,41.68000030517578,1037.5,False,-0.04731427873883931,1037.5,True,1037.5,True,1037.5,True
FRME,2026-07-13 20:33:45+00:00,after-hours,"8.01,9.01",43.31999969482422,43.29999923706055,1016.25,False,-0.00046169108736304754,2460.25,True,2652.25,True,13976.25,True
FRME,2026-07-02 20:10:19+00:00,after-hours,5.02,43.44,43.619998931884766,5359.683333333333,False,0.004143621820551724,6813.683333333333,True,8250.683333333332,True,29839.683333333334,True
FRMI,2026-07-23 20:34:58+00:00,after-hours,"5.02,9.01",6.32,6.550000190734863,1015.0333333333333,False,0.03639243524285796,1015.0333333333333,True,1015.0333333333333,True,1019.0333333333333,True
FRMI,2026-07-21 20:01:13+00:00,after-hours,"5.02,9.01",6.6687,6.670400142669678,1048.7833333333333,False,0.0002549436426406704,1049.7833333333333,True,2488.7833333333333,True,2562.7833333333333,True
FRMI,2026-07-15 20:54:32+00:00,after-hours,"1.01,2.03,3.02,7.01,9.01",6.25,6.130000114440918,995.4666666666667,False,-0.01919998168945314,995.4666666666667,True,995.4666666666667,True,1010.4666666666667,True
FRMI,2026-07-13 13:15:42+00:00,pre-market,"5.02,9.01",6.590000152587891,6.630000114440918,14.3,False,0.006069796802253391,21.3,True,25.3,True,170.3,True
FRMI,2026-07-09 21:11:38+00:00,after-hours,"7.01,8.01,9.01",7.329999923706055,6.170000076293945,978.3666666666667,False,-0.15825373253559494,978.3666666666667,True,978.3666666666667,True,978.3666666666667,True
FRMM,2026-07-16 12:00:14+00:00,pre-market,"1.01,7.01,9.01",5.974999904632568,5.840000152587891,89.76666666666667,False,-0.022594101121241716,89.76666666666667,True,89.76666666666667,True,91.76666666666667,True
FRNM,2026-07-27 12:10:47+00:00,pre-market,"7.01,8.01,9.01",11.125,11.8100004196167,79.21666666666667,False,0.06157307142622015,83.21666666666667,True,94.21666666666667,True,128.21666666666667,True
FRNM,2026-07-24 01:30:39+00:00,closed,"1.01,2.01,3.02,3.03,4.01,5.01,5.02,5.03,5.05,5.06,7.01,8.01,9.01",12.300000190734863,12.229999542236328,719.35,False,-0.005691109545775785,724.35,True,726.35,True,763.35,True
FRST,2026-07-23 20:35:43+00:00,after-hours,"2.02,7.01,8.01,9.01",15.69,15.524999618530273,1014.2833333333333,False,-0.010516276702978056,1014.2833333333333,True,1014.2833333333333,True,1014.2833333333333,True
FSBC,2026-07-23 20:11:16+00:00,after-hours,"1.01,8.01,9.01",47.27000045776367,47.834999084472656,1038.7333333333333,False,0.011952583482917722,1050.7333333333333,True,6943.733333333334,True,,False
FSBC,2026-07-22 20:02:07+00:00,after-hours,"2.02,7.01,9.01",48.37,46.499900817871094,1047.8833333333334,False,-0.03866237713725251,1047.8833333333334,True,1047.8833333333334,True,1047.8833333333334,True
FSBC,2026-07-20 18:06:20+00:00,regular,"7.01,9.01",48.59000015258789,48.63999938964844,21.666666666666668,False,0.0010290026117212303,1165.6666666666667,True,1398.6666666666667,True,4043.6666666666665,True
FSBC,2026-07-10 16:09:26+00:00,regular,"7.01,9.01",48.23500061035156,48.36000061035156,6.566666666666666,False,0.0025914791835448536,4203.566666666667,True,8532.566666666668,True,18587.566666666666,True
FSBW,2026-07-21 20:39:48+00:00,after-hours,"2.02,8.01,9.01",43.90999984741211,42.290000915527344,1026.2,False,-0.03689362189738754,1026.2,True,1026.2,True,1040.2,True
FSK,2026-07-09 20:27:35+00:00,after-hours,"7.01,9.01",10.56,10.609999656677246,1022.4166666666666,False,0.004734815973224116,1024.4166666666667,True,1188.4166666666667,True,8344.416666666666,True
FSP,2026-07-28 20:25:13+00:00,after-hours,"2.02,9.01",0.4831,0.5001999735832214,1024.7833333333333,False,0.03539634357942756,1024.7833333333333,True,1024.7833333333333,True,2507.7833333333333,True
FSP,2026-07-13 20:25:17+00:00,after-hours,"2.01,9.01",0.4817,0.483599990606308,1024.7166666666667,False,0.003944344210728534,1030.7166666666667,True,1030.7166666666667,True,1030.7166666666667,True
FSUN,2026-07-27 21:16:18+00:00,after-hours,"2.02,7.01,8.01,9.01",34.75,36.790000915527344,973.7,False,0.05870506231733352,973.7,True,973.7,True,973.7,True
FSUN,2026-07-09 20:30:14+00:00,after-hours,"2.02,7.01",37.959999084472656,35.5099983215332,1019.7666666666667,False,-0.06454164441594024,1019.7666666666667,True,1019.7666666666667,True,1019.7666666666667,True
FTH,2026-07-23 21:15:56+00:00,after-hours,5.02,28.1200008392334,27.3799991607666,983.0666666666667,False,-0.026315848377726048,983.0666666666667,True,983.0666666666667,True,5302.066666666667,True
FTHM,2026-07-20 20:05:13+00:00,after-hours,8.01,0.8590999841690063,0.8496999740600586,1044.7833333333333,False,-0.010941695125323836,1044.7833333333333,True,1070.7833333333333,True,1433.7833333333333,True
FTHM,2026-07-09 20:19:57+00:00,after-hours,8.01,1.0099999904632568,0.9900000095367432,1030.05,False,-0.01980196150035629,1030.05,True,1060.05,True,1121.05,True
FTHM,2026-07-06 20:05:44+00:00,after-hours,"1.01,9.01",1.01,1.0149999856948853,1044.2666666666667,False,0.0049504808860250105,1087.2666666666667,True,2509.266666666667,True,2554.266666666667,True
FTK,2026-07-17 20:29:33+00:00,after-hours,"1.01,2.03,9.01",26.17,26.469999313354492,3900.45,False,0.011463481595509695,3920.45,True,3922.45,True,6796.45,True
FTRE,2026-07-14 20:05:39+00:00,after-hours,5.02,18.040000915527344,18.15999984741211,1044.35,False,0.006651825154924573,1062.35,True,1173.35,True,12564.35,True
FUBO,2026-07-09 20:33:34+00:00,after-hours,"5.02,7.01,9.01",9.52,10.149999618530273,1016.4333333333333,False,0.06617643051788602,1016.4333333333333,True,1016.4333333333333,True,1016.4333333333333,True
FUL,2026-07-20 19:15:37+00:00,regular,"1.01,1.02,2.03,9.01",55.83000183105469,55.83000183105469,1.3833333333333333,True,0.0,1114.3833333333334,True,2545.383333333333,True,,False
FULT,2026-07-22 20:30:58+00:00,after-hours,"2.02,9.01",24.44,24.860000610351562,1019.0333333333333,False,0.017184967690325736,1021.0333333333333,True,1052.0333333333333,True,,False
FULT,2026-07-21 20:34:39+00:00,after-hours,5.02,24.6299991607666,24.610000610351562,1015.35,False,-0.0008119590376152175,1021.35,True,2458.35,True,,False
FUN,2026-07-02 20:46:54+00:00,after-hours,"5.02,7.01,9.01",20.99,20.514999389648438,5323.1,False,-0.022629852803790373,5323.1,True,5323.1,True,5334.1,True
FUNC,2026-07-20 20:21:35+00:00,after-hours,"2.02,7.01,9.01",44.64,44.630001068115234,1028.4166666666667,False,-0.0002239904096049683,1205.4166666666667,True,1210.4166666666667,True,,False
FVCB,2026-07-21 20:12:28+00:00,after-hours,"2.02,8.01,9.01",17.78499984741211,17.8700008392334,1037.5333333333333,False,0.004779364214257065,1050.5333333333333,True,2478.5333333333333,True,9802.533333333333,True
FWDI,2026-07-17 21:52:25+00:00,after-hours,5.02,4.010000228881836,4.15500020980835,3817.5833333333335,False,0.036159594177117116,3817.5833333333335,True,3817.5833333333335,True,4108.583333333333,True
FWRD,2026-07-21 12:56:52+00:00,pre-market,"7.01,9.01",13.199999809265137,15.520000457763672,33.13333333333333,False,0.17575762742588208,33.13333333333333,True,33.13333333333333,True,33.13333333333333,True
FWRD,2026-07-10 20:40:14+00:00,after-hours,"5.02,9.01",13.38,13.510000228881836,3889.766666666667,False,0.009716011127192559,3894.766666666667,True,3899.766666666667,True,4063.766666666667,True
GABC,2026-07-27 20:25:25+00:00,after-hours,"2.02,8.01,9.01",48.83000183105469,49.75,1024.5833333333333,False,0.018840838305277607,1024.5833333333333,True,1039.5833333333333,True,2510.5833333333335,True
GAIN,2026-07-07 22:30:35+00:00,after-hours,"8.01,9.01",15.63700008392334,16.25,899.4166666666666,False,0.03920188736885,899.4166666666666,True,899.4166666666666,True,2463.4166666666665,True
GAME,2026-07-15 21:29:43+00:00,after-hours,"5.02,9.01",0.4000000059604645,0.38999998569488525,960.2833333333333,False,-0.025000050291418274,960.2833333333333,True,960.2833333333333,True,970.2833333333333,True
GANX,2026-07-16 11:53:02+00:00,pre-market,8.01,1.6699999570846558,1.690000057220459,96.96666666666667,False,0.011976108173510136,107.96666666666667,True,107.96666666666667,True,7405.966666666666,True
GAP,2026-07-20 21:58:47+00:00,after-hours,"1.01,2.03,9.01",19.88,19.895000457763672,931.2166666666667,False,0.0007545501893195805,946.2166666666667,True,1000.2166666666667,True,4073.2166666666667,True
GBCI,2026-07-23 20:38:33+00:00,after-hours,"2.02,9.01",50.65,50.279998779296875,1011.45,False,-0.0073050586515918114,1012.45,True,1012.45,True,,False
GBDC,2026-07-09 20:05:57+00:00,after-hours,"1.01,2.03,9.01",12.739999771118164,12.850000381469727,1044.05,False,0.008634270983343129,1053.05,True,5365.05,True,11136.05,True
GBDC,2026-07-07 21:15:13+00:00,after-hours,"2.02,9.01",12.75,12.75,974.7833333333333,False,0.0,3863.7833333333333,True,8175.783333333334,True,13946.783333333333,True
GBFH,2026-07-23 14:37:54+00:00,regular,"8.01,9.01",29.420000076293945,29.780000686645508,10.1,False,0.0122365944737588,10.1,True,23.1,True,1410.1,True
GBFH,2026-07-20 20:18:21+00:00,after-hours,"7.01,9.01",30.979999542236328,31.170000076293945,1031.65,False,0.006133006354586357,1095.65,True,1242.65,True,3970.65,True
GBTG,2026-07-24 20:09:12+00:00,after-hours,8.01,9.41,9.420000076293945,3920.8,False,0.0010627073638624918,,False,,False,,False
GCBC,2026-07-23 19:41:43+00:00,regular,"2.02,9.01",32.78499984741211,32.70000076293945,6.283333333333333,False,-0.002592621164198783,1093.2833333333333,True,1102.2833333333333,True,,False
GCBC,2026-07-22 18:38:16+00:00,regular,"8.01,9.01",32.400001525878906,32.255001068115234,21.733333333333334,False,-0.0044753225597182755,62.733333333333334,True,1131.7333333333333,True,8453.733333333334,True
GCO,2026-07-22 20:52:37+00:00,after-hours,5.07,36.0,35.349998474121094,997.3833333333333,False,-0.018055597941080692,997.3833333333333,True,1012.3833333333333,True,8206.383333333333,True
GCTK,2026-07-27 20:30:22+00:00,after-hours,"1.01,2.03,3.02,9.01",0.2971000075340271,0.3009999990463257,1019.6333333333333,False,0.013126864400540006,1019.6333333333333,True,1028.6333333333334,True,1331.6333333333334,True
GCTK,2026-07-15 21:20:18+00:00,after-hours,"1.01,2.01,2.03,3.02,5.01,5.02,5.03,7.01,8.01,9.01",0.524399995803833,0.48989999294281006,969.7,False,-0.06578947966645043,969.7,True,969.7,True,969.7,True
GECC,2026-07-20 20:28:00+00:00,after-hours,"8.01,9.01",5.3,5.309999942779541,1022.0,False,0.0018867816565171225,1026.0,True,2807.0,True,9768.0,True
GEHC,2026-07-23 20:17:30+00:00,after-hours,"2.02,5.02,9.01",61.9900016784668,62.746700286865234,1032.5,False,0.012206784770281587,1036.5,True,1038.5,True,8232.5,True
GETY,2026-07-21 20:17:58+00:00,after-hours,"5.02,8.01",0.49,0.5023499727249146,1032.0333333333333,False,0.02520402596921345,1032.0333333333333,True,1032.0333333333333,True,2472.0333333333333,True
GETY,2026-07-07 20:47:18+00:00,after-hours,1.02,0.8461,0.8151000142097473,1002.7,False,-0.03663867839528734,1002.7,True,1002.7,True,1008.7,True
GETY,2026-07-07 10:05:56+00:00,pre-market,8.01,0.9157,0.9300000071525574,204.06666666666666,False,0.015616476086663056,207.06666666666666,True,209.06666666666666,True,229.06666666666666,True
GEVO,2026-07-16 12:36:06+00:00,pre-market,"5.02,7.01,9.01",1.600000023841858,1.6200000047683716,53.9,False,0.012499987892806708,53.9,True,55.9,True,65.9,True
GEVO,2026-07-15 12:35:53+00:00,pre-market,"7.01,9.01",1.434999942779541,1.576799988746643,54.11666666666667,False,0.09881536698352811,54.11666666666667,True,54.11666666666667,True,54.11666666666667,True
GGRP,2026-07-07 12:45:42+00:00,pre-market,"1.01,2.01,7.01,9.01",0.8125,0.8140000104904175,44.3,False,0.0018461667574369844,48.3,True,48.3,True,433.3,True
GHI,2026-07-23 20:30:14+00:00,after-hours,"2.02,9.01",4.940000057220459,4.97160005569458,1019.7666666666667,False,0.006396760750626562,1021.7666666666667,True,1045.7666666666667,True,5339.766666666666,True
GHI,2026-07-06 20:30:17+00:00,after-hours,"5.02,9.01",5.760000228881836,5.739999771118164,1019.7166666666667,False,-0.0034723015571050952,1042.7166666666667,True,1052.7166666666667,True,2521.7166666666667,True
GIC,2026-07-07 20:44:06+00:00,after-hours,"1.01,2.03",32.86,32.56999969482422,1005.9,False,-0.008825328824582535,1007.9,True,2512.9,True,12575.9,True
GL,2026-07-22 20:34:35+00:00,after-hours,"2.02,9.01",184.0,175.47000122070312,1016.4166666666666,False,-0.04635868901791784,1016.4166666666666,True,1016.4166666666666,True,1016.4166666666666,True
GLW,2026-07-28 11:03:07+00:00,pre-market,2.02,143.36,125.0,146.88333333333333,False,-0.1280691964285715,146.88333333333333,True,146.88333333333333,True,146.88333333333333,True
GM,2026-07-21 11:14:57+00:00,pre-market,"2.02,9.01",76.41,76.94999694824219,135.05,False,0.007067097869940975,140.05,True,152.05,True,1575.05,True
GME,2026-07-08 10:33:19+00:00,pre-market,"5.03,5.07,7.01,9.01",22.2,22.024999618530273,176.68333333333334,False,-0.007882900066203846,176.68333333333334,True,239.68333333333334,True,,False
GNL,2026-07-16 10:15:33+00:00,pre-market,"7.01,9.01",8.91,9.0,194.45,False,0.010101010101010166,195.45,True,204.45,True,349.45,True
GNL,2026-07-10 10:02:18+00:00,pre-market,7.01,9.01,9.03499984741211,207.7,False,0.002774677848180973,4684.7,True,4916.7,True,10287.7,True
GNPX,2026-07-14 13:23:23+00:00,pre-market,"3.03,5.03,7.01,8.01,9.01",11.770000457763672,11.299200057983398,6.616666666666666,False,-0.04000003241034089,6.616666666666666,True,6.616666666666666,True,6.616666666666666,True
GNSS,2026-07-15 12:07:08+00:00,pre-market,"1.01,2.03,3.02,7.01,9.01",1.7050000429153442,1.840000033378601,82.86666666666666,False,0.07917887804414536,82.86666666666666,True,82.86666666666666,True,17432.866666666665,True
GNTX,2026-07-24 12:00:09+00:00,pre-market,"2.02,9.01",23.80500030517578,23.280000686645508,89.85,False,-0.022054173988652503,89.85,True,89.85,True,91.85,True
GNW,2026-07-07 20:10:41+00:00,after-hours,5.02,9.54,9.460000038146973,1039.3166666666666,False,-0.008385740236166339,1039.3166666666666,True,1081.3166666666666,True,12629.316666666668,True
GOGO,2026-07-17 20:01:26+00:00,after-hours,5.02,3.5850000381469727,3.5299999713897705,3928.5666666666666,False,-0.015341719992179037,3928.5666666666666,True,4311.566666666667,True,6832.566666666667,True
GOSS,2026-07-27 20:01:09+00:00,after-hours,"1.01,1.02,2.02,7.01,8.01,9.01",0.19480000436306,0.26820001006126404,1048.85,False,0.37679673539125913,1048.85,True,1048.85,True,1048.85,True
GOSS,2026-07-15 00:39:46+00:00,closed,"5.02,5.03,5.07,9.01",0.14000000059604645,0.13779999315738678,770.2333333333333,False,-0.015714338780665638,770.2333333333333,True,770.2333333333333,True,776.2333333333333,True
GOVX,2026-07-27 20:33:24+00:00,after-hours,"2.02,9.01",0.7502999901771545,0.7382000088691711,1016.6,False,-0.0161268578787086,1016.6,True,1016.6,True,1016.6,True
GOVX,2026-07-10 20:04:50+00:00,after-hours,3.01,1.190000057220459,1.1699999570846558,3925.1666666666665,False,-0.016806806028663912,3925.1666666666665,True,3925.1666666666665,True,4076.1666666666665,True
GPC,2026-07-21 11:34:06+00:00,pre-market,"2.02,9.01",122.4,116.0,115.9,False,-0.05228758169934644,115.9,True,115.9,True,115.9,True
GPI,2026-07-15 15:56:25+00:00,regular,"7.01,9.01",313.2300109863281,313.3900146484375,3.5833333333333335,False,0.0005108184289415174,110.58333333333333,True,1293.5833333333333,True,1328.5833333333333,True
GPUS,2026-07-17 20:45:21+00:00,after-hours,"7.01,9.01",0.1233,0.12549999356269836,3884.65,False,0.017842607969978497,3884.65,True,4125.65,True,5326.65,True
GRC,2026-07-24 13:42:56+00:00,regular,"5.02,7.01,9.01",75.33000183105469,76.11000061035156,1.0666666666666667,True,0.01035442400554043,1.0666666666666667,True,25.066666666666666,True,143.06666666666666,True
GRC,2026-07-24 13:39:02+00:00,regular,"2.02,9.01",77.18000030517578,76.95500183105469,1.9666666666666666,True,-0.002915243239588361,1.9666666666666666,True,2.966666666666667,True,171.96666666666667,True
GRCE,2026-07-28 11:16:15+00:00,pre-market,"8.01,9.01",2.2899999618530273,2.380000114440918,133.75,False,0.03930137733061967,133.75,True,133.75,True,151.75,True
GRDX,2026-07-23 20:01:55+00:00,after-hours,"1.01,9.01",3.4000000953674316,3.4200000762939453,1060.0833333333333,False,0.005882347166332069,1115.0833333333333,True,1115.0833333333333,True,1115.0833333333333,True
GRDX,2026-07-07 20:58:41+00:00,after-hours,"1.01,3.02",4.400000095367432,4.320000171661377,1001.3166666666667,False,-0.018181800448205276,1001.3166666666667,True,1004.3166666666667,True,1009.3166666666667,True
GRDX,2026-07-06 21:23:34+00:00,after-hours,"1.01,3.02,9.01",4.449999809265137,4.489999771118164,971.4333333333333,False,0.008988755857864295,987.4333333333333,True,987.4333333333333,True,1023.4333333333333,True
GS,2026-07-27 20:27:40+00:00,after-hours,"3.03,5.03,9.01",1048.0,1045.0,1022.3333333333334,False,-0.002862595419847347,1022.3333333333334,True,1026.3333333333333,True,2483.3333333333335,True
GS,2026-07-21 20:35:18+00:00,after-hours,9.01,1085.56,1086.3800048828125,1014.7,False,0.0007553749979849478,1027.7,True,2570.7,True,8531.7,True
GS,2026-07-20 12:07:58+00:00,pre-market,8.01,1065.22,1079.530029296875,82.03333333333333,False,0.013433872154930304,82.03333333333333,True,1726.0333333333333,True,13053.033333333333,True
GS,2026-07-14 11:30:40+00:00,pre-market,"2.02,7.01,9.01",1039.0,1094.22998046875,119.33333333333333,False,0.05315686281881615,119.33333333333333,True,119.33333333333333,True,119.33333333333333,True
GSBC,2026-07-16 16:55:20+00:00,regular,"2.02,9.01",80.96499633789062,80.86000061035156,3.6666666666666665,False,-0.0012968039558833855,69.66666666666667,True,1234.6666666666667,True,9876.666666666666,True
GSBD,2026-07-07 21:14:57+00:00,after-hours,"7.01,9.01",9.0,9.020600318908691,975.05,False,0.0022889243231878353,1048.05,True,2415.05,True,2695.05,True
GSHD,2026-07-22 20:10:36+00:00,after-hours,"2.02,5.02,9.01",51.4,52.15999984741211,1039.4,False,0.014785989249262776,1039.4,True,1042.4,True,1042.4,True
GSHD,2026-07-13 23:56:13+00:00,after-hours,"1.01,9.01",54.849998474121094,53.8849983215332,813.7833333333333,False,-0.017593439916742892,813.7833333333333,True,813.7833333333333,True,840.7833333333333,True
GSOL,2026-07-17 20:06:37+00:00,after-hours,"8.01,9.01",5.67,5.789999961853027,3923.383333333333,False,0.021164014436160006,3923.383333333333,True,3923.383333333333,True,,False
GT,2026-07-21 20:29:26+00:00,after-hours,2.05,7.284999847412109,7.329999923706055,1020.5666666666667,False,0.0061770867860664325,1021.5666666666667,True,1026.5666666666666,True,2673.5666666666666,True
GTES,2026-07-16 20:19:25+00:00,after-hours,8.01,26.95,26.625,1030.5833333333333,False,-0.012059369202226278,1030.5833333333333,True,1031.5833333333333,True,5701.583333333333,True
GTX,2026-07-27 21:06:56+00:00,after-hours,"5.02,5.03,9.01",30.8,30.829999923706055,983.0666666666667,False,0.0009740234969497497,988.0666666666667,True,989.0666666666667,True,1059.0666666666666,True
GTY,2026-07-22 20:45:22+00:00,after-hours,"7.01,9.01",35.81,35.290000915527344,1004.6333333333333,False,-0.01452105792998204,1004.6333333333333,True,1005.6333333333333,True,11117.633333333333,True
GTY,2026-07-22 20:40:14+00:00,after-hours,"2.02,9.01",35.81,35.290000915527344,1009.7666666666667,False,-0.01452105792998204,1009.7666666666667,True,1010.7666666666667,True,11122.766666666666,True
GUTS,2026-07-15 10:00:36+00:00,pre-market,"7.01,8.01,9.01",0.82,0.8500000238418579,209.4,False,0.03658539492909507,209.4,True,209.4,True,250.4,True
GVA,2026-07-10 16:16:57+00:00,regular,7.01,123.8550033569336,123.76000213623047,1.05,True,-0.0007670357928887261,55.05,True,64.05,True,27249.05,True
GWH,2026-07-16 22:14:26+00:00,after-hours,"1.01,9.01",0.89,0.9100000262260437,915.5666666666667,False,0.022471939579824296,915.5666666666667,True,915.5666666666667,True,5544.566666666667,True
GWRE,2026-07-22 20:17:24+00:00,after-hours,"5.02,9.01",133.97,137.0,1032.6,False,0.022617003806822522,1032.6,True,1171.6,True,6792.6,True
GYRE,2026-07-16 20:35:25+00:00,after-hours,"5.02,7.01,9.01",6.420000076293945,6.25,1014.5833333333334,False,-0.02647976234792826,1014.5833333333334,True,1014.5833333333334,True,1400.5833333333333,True
GYRE,2026-07-15 21:09:08+00:00,after-hours,"2.02,9.01",6.539999961853027,6.550000190734863,980.8666666666667,False,0.001529086993909079,1036.8666666666666,True,1095.8666666666666,True,2422.866666666667,True
HAE,2026-07-28 20:28:06+00:00,after-hours,"5.02,5.07,9.01",82.54,81.98999786376953,1021.9,False,-0.006663461791016179,1031.9,True,1159.9,True,,False
HAFC,2026-07-27 20:06:22+00:00,after-hours,"7.01,9.01",31.64,31.950000762939453,1043.6333333333334,False,0.009797748512624826,1051.6333333333334,True,,False,,False
HAFC,2026-07-23 12:00:28+00:00,pre-market,"8.01,9.01",31.4,30.988800048828125,90.53333333333333,False,-0.013095539846238013,90.53333333333333,True,461.53333333333336,True,,False
HAFC,2026-07-21 20:29:44+00:00,after-hours,"2.02,9.01",32.470001220703125,31.600000381469727,1020.2666666666667,False,-0.026793988497871624,1020.2666666666667,True,1020.2666666666667,True,1021.2666666666667,True
HAL,2026-07-21 10:53:24+00:00,pre-market,"2.02,7.01,9.01",35.11,33.435001373291016,156.6,False,-0.04770716681028153,156.6,True,156.6,True,157.6,True
HAPN,2026-07-27 20:12:52+00:00,after-hours,"2.02,9.01",18.75,19.549999237060547,1037.1333333333334,False,0.042666625976562456,1039.1333333333334,True,1042.1333333333334,True,,False
HAS,2026-07-27 21:04:38+00:00,after-hours,"5.02,9.01",90.61000061035156,92.11000061035156,985.3666666666667,False,0.01655446407566452,985.3666666666667,True,987.3666666666667,True,1041.3666666666666,True
HAS,2026-07-21 10:31:24+00:00,pre-market,"2.02,9.01",81.56999969482422,85.94999694824219,178.6,False,0.053696178372008685,178.6,True,178.6,True,178.6,True
HASI,2026-07-20 12:00:48+00:00,pre-market,"1.01,1.02,2.03,8.01,9.01",38.42,38.599998474121094,89.2,False,0.004685020148909258,110.2,True,1545.2,True,,False
HBAN,2026-07-23 20:06:57+00:00,after-hours,"8.01,9.01",17.385000228881836,17.274999618530273,1043.05,False,-0.006327328668585097,1048.05,True,8276.05,True,,False
HBAN,2026-07-23 10:16:20+00:00,pre-market,"2.02,9.01",18.27,17.46500015258789,193.66666666666666,False,-0.0440612943301647,193.66666666666666,True,193.66666666666666,True,228.66666666666666,True
HBCP,2026-07-20 20:40:33+00:00,after-hours,"2.02,7.01,8.01,9.01",68.37,69.4000015258789,1009.45,False,0.01506510934443317,1009.45,True,1011.45,True,11184.45,True
HBCP,2026-07-02 21:31:53+00:00,after-hours,"7.01,9.01",69.25,69.12000274658203,5280.116666666667,False,-0.0018772166558551628,5287.116666666667,True,8164.116666666667,True,,False
HBNC,2026-07-22 20:06:47+00:00,after-hours,"2.02,7.01,9.01",20.21,19.43000030517578,1043.2166666666667,False,-0.038594739971510084,1043.2166666666667,True,1043.2166666666667,True,,False
HBT,2026-07-27 11:02:23+00:00,pre-market,"2.02,7.01,8.01,9.01",33.34000015258789,33.75,147.61666666666667,False,0.012297535858897923,147.61666666666667,True,152.61666666666667,True,358.6166666666667,True
HCA,2026-07-24 11:45:42+00:00,pre-market,"2.02,7.01,8.01,9.01",376.5,388.1099853515625,104.3,False,0.030836614479581748,104.3,True,104.3,True,144.3,True
HCA,2026-07-14 11:40:57+00:00,pre-market,"2.02,7.01,9.01",390.74,362.8800048828125,109.05,False,-0.07130059660435972,109.05,True,109.05,True,109.05,True
HCAT,2026-07-17 22:40:28+00:00,after-hours,5.07,2.255000114440918,2.240000009536743,3769.5333333333333,False,-0.0066519308837790225,3769.5333333333333,True,3770.5333333333333,True,3814.5333333333333,True
HCSG,2026-07-22 11:04:17+00:00,pre-market,"2.02,9.01",24.8,24.434999465942383,145.71666666666667,False,-0.01471776347006526,145.71666666666667,True,145.71666666666667,True,147.71666666666667,True
HCTI,2026-07-20 20:05:56+00:00,after-hours,5.07,1.7719999551773071,1.7799999713897705,1044.0666666666666,False,0.004514681949674637,1084.0666666666666,True,1084.0666666666666,True,5399.066666666667,True
HEI,2026-07-16 21:12:32+00:00,after-hours,"1.01,2.03,7.01,8.01,9.01",344.03,340.3299865722656,977.4666666666667,False,-0.010754915058960979,977.4666666666667,True,1015.4666666666667,True,15386.466666666667,True
HELE,2026-07-08 10:50:52+00:00,pre-market,"2.02,9.01",27.979999542236328,26.969999313354492,159.13333333333333,False,-0.036097221065254925,159.13333333333333,True,159.13333333333333,True,159.13333333333333,True
HFFG,2026-07-23 12:42:26+00:00,pre-market,"1.01,3.02,8.01,9.01",1.61,1.659999966621399,50.56666666666667,False,0.03105587988906766,50.56666666666667,True,50.56666666666667,True,1487.5666666666666,True
HFWA,2026-07-23 21:08:06+00:00,after-hours,"2.02,7.01,8.01,9.01",30.309999465942383,30.354999542236328,982.9,False,0.0014846610718191044,1016.9,True,6743.9,True,,False
HGV,2026-07-17 20:20:51+00:00,after-hours,"1.01,2.03,9.01",49.94,50.0,3909.15,False,0.0012014417300760805,3992.15,True,4122.15,True,15754.15,True
HGV,2026-07-02 20:39:03+00:00,after-hours,"5.02,9.01",52.91,52.380001068115234,5330.95,False,-0.010016989829611855,5330.95,True,5334.95,True,5386.95,True
HHH,2026-07-17 20:30:21+00:00,after-hours,"7.01,9.01",70.32,70.36000061035156,3899.65,False,0.0005688368935092836,3945.65,True,4017.65,True,5713.65,True
HHH,2026-07-15 20:33:55+00:00,after-hours,9.01,72.83,71.44000244140625,1016.0833333333334,False,-0.019085508150401553,1016.0833333333334,True,1016.0833333333334,True,6882.083333333333,True
HLLY,2026-07-14 12:38:18+00:00,pre-market,"8.01,9.01",2.53,2.5799999237060547,51.7,False,0.019762815694092772,51.7,True,66.7,True,339.7,True
HLMN,2026-07-22 20:33:41+00:00,after-hours,"1.01,9.01",7.994999885559082,7.989999771118164,1016.3166666666667,False,-0.0006254051923064718,1016.3166666666667,True,1054.3166666666666,True,,False
HLMN,2026-07-13 11:43:14+00:00,pre-market,"2.02,7.01,9.01",7.724999904632568,7.789999961853027,106.76666666666667,False,0.008414246993256214,108.76666666666667,True,110.76666666666667,True,124.76666666666667,True
HMN,2026-07-21 20:17:37+00:00,after-hours,"1.01,2.03,9.01",51.73,51.7599983215332,1032.3833333333334,False,0.0005799018274348366,1110.3833333333334,True,2490.383333333333,True,,False
HMN,2026-07-21 20:16:29+00:00,after-hours,"1.01,2.03,9.01",51.73,51.7599983215332,1033.5166666666667,False,0.0005799018274348366,1111.5166666666667,True,2491.516666666667,True,,False
HNVR,2026-07-23 20:00:11+00:00,after-hours,"2.02,9.01",24.489999771118164,25.059999465942383,1050.8166666666666,False,0.023274793799566984,1050.8166666666666,True,1050.8166666666666,True,1107.8166666666666,True
HNVR,2026-07-20 20:00:17+00:00,after-hours,"5.02,9.01",24.940000534057617,25.5,1049.7166666666667,False,0.022453867439884645,1049.7166666666667,True,1049.7166666666667,True,11151.716666666667,True
HODO,2026-07-23 21:21:07+00:00,after-hours,5.02,1.190000057220459,1.190000057220459,968.8833333333333,False,0.0,988.8833333333333,True,988.8833333333333,True,998.8833333333333,True
HODO,2026-07-07 21:20:45+00:00,after-hours,"2.01,3.02,5.01,5.02,5.03,8.01,9.01",1.7799999713897705,1.7300000190734863,969.25,False,-0.028089861303337904,969.25,True,969.25,True,981.25,True
HOG,2026-07-23 21:28:11+00:00,after-hours,"7.01,9.01",26.52,26.334999084472656,961.8166666666667,False,-0.006975901792132144,964.8166666666667,True,965.8166666666667,True,5287.816666666667,True
HOG,2026-07-23 10:50:04+00:00,pre-market,"2.02,9.01",27.62,27.690000534057617,159.93333333333334,False,0.002534414701579113,165.93333333333334,True,166.93333333333334,True,250.93333333333334,True
HOMB,2026-07-15 21:19:32+00:00,after-hours,"2.02,7.01,9.01",29.29,29.889999389648438,970.4666666666667,False,0.020484786263176513,970.4666666666667,True,973.4666666666667,True,1090.4666666666667,True
HOPE,2026-07-27 12:05:21+00:00,pre-market,"2.02,7.01,8.01,9.01",13.4399995803833,13.694999694824219,84.65,False,0.018973223393035754,84.65,True,86.65,True,1609.65,True
HOVR,2026-07-16 12:17:25+00:00,pre-market,"2.02,9.01",1.6950000524520874,1.909999966621399,72.58333333333333,False,0.12684360325433608,72.58333333333333,True,72.58333333333333,True,89.58333333333333,True
HPE,2026-07-24 11:47:39+00:00,pre-market,"5.02,7.01,9.01",47.64,48.099998474121094,102.35,False,0.00965571943998933,104.35,True,106.35,True,5864.35,True
HRI,2026-07-28 10:31:54+00:00,pre-market,"2.02,9.01",160.0,162.5500030517578,178.1,False,0.015937519073486284,180.1,True,180.1,True,426.1,True
HRMY,2026-07-16 12:35:13+00:00,pre-market,"2.02,5.02,7.01,9.01",34.9,33.380001068115234,54.78333333333333,False,-0.04355297799096747,54.78333333333333,True,54.78333333333333,True,57.78333333333333,True
HSCS,2026-07-27 20:30:54+00:00,after-hours,9.01,2.4700000286102295,2.450000047683716,1019.1,False,-0.008097158176053498,1020.1,True,1020.1,True,1096.1,True
HSCS,2026-07-27 20:26:52+00:00,after-hours,"1.01,9.01",2.4700000286102295,2.450000047683716,1023.1333333333333,False,-0.008097158176053498,1024.1333333333334,True,1024.1333333333334,True,1100.1333333333334,True
HSCS,2026-07-23 21:20:13+00:00,after-hours,"7.01,9.01",2.4600000381469727,2.440000057220459,969.7833333333333,False,-0.008130073421291018,1017.7833333333333,True,1115.7833333333333,True,6806.783333333334,True
HSCS,2026-07-10 21:00:18+00:00,after-hours,"3.02,5.02,9.01",2.7200000286102295,2.630000114440918,3875.7,False,-0.033088203390680304,3875.7,True,3875.7,True,5350.7,True
HTB,2026-07-23 12:05:34+00:00,pre-market,"2.02,7.01,9.01",48.22,47.66999816894531,84.43333333333334,False,-0.011406093551528107,84.43333333333334,True,85.43333333333334,True,7294.433333333333,True
HTB,2026-07-07 12:56:15+00:00,pre-market,8.01,49.41,50.540000915527344,33.75,False,0.02286988292911052,33.75,True,41.75,True,,False
HTGC,2026-07-24 20:16:12+00:00,after-hours,"1.01,2.03,8.01,9.01",15.73,15.8100004196167,3913.8,False,0.005085849943845977,3918.8,True,5362.8,True,,False
HTGC,2026-07-21 12:44:20+00:00,pre-market,"2.02,8.01",16.06,16.170000076293945,45.666666666666664,False,0.006849319819050237,46.666666666666664,True,164.66666666666666,True,,False
HTH,2026-07-24 21:00:35+00:00,after-hours,5.07,39.08,39.33000183105469,3869.4166666666665,False,0.00639718093793995,4069.4166666666665,True,6756.416666666667,True,,False
HTH,2026-07-23 20:46:22+00:00,after-hours,"7.01,9.01",37.94,39.09000015258789,1003.6333333333333,False,0.03031102141770936,1003.6333333333333,True,1003.6333333333333,True,1088.6333333333334,True
HTH,2026-07-23 20:45:19+00:00,after-hours,"2.02,8.01,9.01",37.94,39.09000015258789,1004.6833333333333,False,0.03031102141770936,1004.6833333333333,True,1004.6833333333333,True,1089.6833333333334,True
HTO,2026-07-27 20:45:45+00:00,after-hours,"2.02,9.01",63.5,64.6500015258789,1004.25,False,0.01811026025006157,1004.25,True,1006.25,True,1067.25,True
HTZ,2026-07-23 20:03:48+00:00,after-hours,8.01,1.9049999713897705,1.899999976158142,1046.2,False,-0.0026246694523468506,1046.2,True,1046.2,True,1384.2,True
HUBB,2026-07-28 12:02:27+00:00,pre-market,"2.02,9.01",498.66,474.239990234375,88.55,False,-0.04897126251478967,88.55,True,88.55,True,88.55,True
HURA,2026-07-07 21:30:14+00:00,after-hours,"2.03,9.01",2.240000009536743,2.234999895095825,959.7666666666667,False,-0.00223219393733487,962.7666666666667,True,1038.7666666666667,True,2682.766666666667,True
HURN,2026-07-28 20:14:18+00:00,after-hours,"2.02,9.01",120.7699966430664,138.56500244140625,1035.7,False,0.14734624735423862,1035.7,True,1035.7,True,1035.7,True
HURN,2026-07-27 21:29:58+00:00,after-hours,5.02,116.62999725341797,119.81999969482422,960.0333333333333,False,0.02735147489093137,960.0333333333333,True,960.0333333333333,True,967.0333333333333,True
HUT,2026-07-20 11:20:47+00:00,pre-market,"8.01,9.01",91.44999694824219,103.4800033569336,129.21666666666667,False,0.13154736807153755,129.21666666666667,True,129.21666666666667,True,129.21666666666667,True
HWBK,2026-07-14 21:23:04+00:00,after-hours,8.01,38.5,38.5,1003.9333333333333,False,0.0,1163.9333333333334,True,2481.9333333333334,True,12501.933333333332,True
HWC,2026-07-21 20:00:58+00:00,after-hours,"2.02,7.01,9.01",76.66000366210938,76.7300033569336,1049.0333333333333,False,0.0009131188557303105,1065.0333333333333,True,2513.0333333333333,True,,False
HWC,2026-07-20 13:17:22+00:00,pre-market,"8.01,9.01",78.43000030517578,78.67500305175781,12.633333333333333,False,0.003123839673960349,49.63333333333333,True,78.63333333333334,True,,False
HYFM,2026-07-09 20:07:47+00:00,after-hours,3.01,0.8321999907493591,0.7609999775886536,1042.2166666666667,False,-0.08555637341042643,1042.2166666666667,True,1042.2166666666667,True,1042.2166666666667,True
HYLN,2026-07-23 22:18:30+00:00,after-hours,8.01,4.0802,4.090000152587891,911.5,False,0.002401880444069082,911.5,True,911.5,True,913.5,True
HYMC,2026-07-28 10:45:19+00:00,pre-market,"2.02,7.01,9.01",20.434999465942383,19.959999084472656,164.68333333333334,False,-0.023244452844805696,164.68333333333334,True,164.68333333333334,True,170.68333333333334,True
HYMC,2026-07-16 21:25:30+00:00,after-hours,"7.01,9.01",18.43000030517578,18.290000915527344,964.5,False,-0.007596277120468731,964.5,True,980.5,True,1200.5,True
HYMC,2026-07-15 11:05:31+00:00,pre-market,"5.02,7.01,9.01",21.86,21.905000686645508,144.48333333333332,False,0.002058585848376371,151.48333333333332,True,155.48333333333332,True,244.48333333333332,True
HYPD,2026-07-08 13:01:16+00:00,pre-market,"5.02,9.01",2.869999885559082,2.8299999237060547,28.733333333333334,False,-0.013937269494084026,28.733333333333334,True,31.733333333333334,True,1476.7333333333333,True
HZO,2026-07-23 12:00:14+00:00,pre-market,"2.02,9.01",32.92,31.739999771118164,91.76666666666667,False,-0.03584447839859772,91.76666666666667,True,91.76666666666667,True,91.76666666666667,True
IBCP,2026-07-27 18:38:19+00:00,regular,"5.02,9.01",37.689998626708984,37.72999954223633,2.683333333333333,False,0.0010613137963606523,1132.6833333333334,True,1215.6833333333334,True,,False
IBCP,2026-07-23 10:01:02+00:00,pre-market,"2.02,9.01",35.9900016784668,36.72999954223633,208.96666666666667,False,0.020561206703479495,208.96666666666667,True,208.96666666666667,True,1825.9666666666667,True
IBIO,2026-07-17 20:08:53+00:00,after-hours,"5.08,8.01,9.01",1.3799999952316284,1.3899999856948853,3921.116666666667,False,0.007246369925949514,3924.116666666667,True,3924.116666666667,True,9931.116666666667,True
ICCC,2026-07-09 20:08:54+00:00,after-hours,"2.02,9.01",11.482000350952148,11.470000267028809,1041.1,False,-0.0010451213687991956,1130.1,True,1144.1,True,1208.1,True
IDN,2026-07-23 20:08:08+00:00,after-hours,"5.03,9.01",3.680000066757202,3.740000009536743,1042.8666666666666,False,0.016304331981279674,1042.8666666666666,True,1174.8666666666666,True,,False
IDN,2026-07-22 20:13:11+00:00,after-hours,5.02,3.7300000190734863,3.6600000858306885,1036.8166666666666,False,-0.018766738038833997,1036.8166666666666,True,1109.8166666666666,True,,False
IE,2026-07-08 01:30:24+00:00,closed,"1.01,9.01",9.14,9.079999923706055,719.6,False,-0.006564559769578371,719.6,True,719.6,True,792.6,True
IEP,2026-07-21 12:29:38+00:00,pre-market,"1.01,7.01,9.01",7.550000190734863,7.550000190734863,60.36666666666667,False,0.0,84.36666666666666,True,1500.3666666666666,True,,False
IGC,2026-07-13 22:11:32+00:00,after-hours,"7.01,9.01",0.2659,0.2619999945163727,918.4666666666667,False,-0.014667188731204761,918.4666666666667,True,1075.4666666666667,True,9764.466666666667,True
IGC,2026-07-06 20:02:00+00:00,after-hours,"1.01,3.02,9.01",0.281,0.2791999876499176,1048.0,False,-0.006405737900649244,1095.0,True,1384.0,True,9706.0,True
IHT,2026-07-10 01:55:14+00:00,closed,"4.01,9.01",1.690000057220459,1.6799999475479126,722.7666666666667,False,-0.005917224457964498,723.7666666666667,True,723.7666666666667,True,921.7666666666667,True
IIIN,2026-07-16 10:30:09+00:00,pre-market,"2.02,9.01",29.729999542236328,31.5,179.85,False,0.05953583871567503,179.85,True,179.85,True,183.85,True
IIPR,2026-07-21 12:30:37+00:00,pre-market,"8.01,9.01",64.35,64.27999877929688,59.38333333333333,False,-0.0010878200575464847,61.38333333333333,True,63.38333333333333,True,3032.383333333333,True
IKT,2026-07-23 12:32:45+00:00,pre-market,"7.01,9.01",2.174999952316284,2.1549999713897705,57.25,False,-0.00919539373102718,57.25,True,57.25,True,189.25,True
IKT,2026-07-14 12:11:11+00:00,pre-market,"8.01,9.01",1.965000033378601,2.1500000953674316,78.81666666666666,False,0.09414761264443516,78.81666666666666,True,78.81666666666666,True,78.81666666666666,True
ILLR,2026-07-15 21:00:14+00:00,after-hours,3.01,1.2699999809265137,1.2400000095367432,989.7666666666667,False,-0.023622025071121988,989.7666666666667,True,989.7666666666667,True,989.7666666666667,True
IMA,2026-07-23 20:25:51+00:00,after-hours,"5.02,8.01,9.01",5.570000171661377,5.429999828338623,1065.15,False,-0.02513471077344609,1065.15,True,1065.15,True,,False
IMAQ,2026-07-27 10:02:16+00:00,pre-market,"8.01,9.01",10.100000381469727,10.100000381469727,244.73333333333332,False,0.0,,False,,False,,False
IMAX,2026-07-23 12:05:07+00:00,pre-market,"2.02,9.01",39.3,42.099998474121094,84.88333333333334,False,0.07124678051198718,84.88333333333334,True,84.88333333333334,True,84.88333333333334,True
IMMR,2026-07-27 12:38:52+00:00,pre-market,"2.02,9.01",6.53000020980835,6.909999847412109,51.13333333333333,False,0.05819289822272644,51.13333333333333,True,51.13333333333333,True,51.13333333333333,True
IMMR,2026-07-02 20:08:25+00:00,after-hours,"5.08,8.01,9.01",6.775000095367432,6.730000019073486,5361.583333333333,False,-0.006642077588266737,5362.583333333333,True,5426.583333333333,True,7105.583333333333,True
IMMX,2026-07-20 10:05:18+00:00,pre-market,8.01,10.25,10.0,204.7,False,-0.024390243902439046,204.7,True,204.7,True,209.7,True
IMO,2026-07-15 20:38:50+00:00,after-hours,"7.01,9.01",120.30000305175781,120.61000061035156,1011.1666666666666,False,0.0025768707458833084,2451.1666666666665,True,2836.1666666666665,True,9652.166666666666,True
IMSR,2026-07-28 20:35:43+00:00,after-hours,"5.02,7.01,9.01",5.010000228881836,4.980000019073486,1014.2833333333333,False,-0.005988065556445155,1014.2833333333333,True,1058.2833333333333,True,1157.2833333333333,True
IMSR,2026-07-21 13:15:49+00:00,pre-market,"7.01,9.01",4.86,5.034999847412109,14.183333333333334,False,0.03600819905598951,14.183333333333334,True,14.183333333333334,True,38.18333333333333,True
IMSR,2026-07-17 20:28:15+00:00,after-hours,5.02,4.625,4.650000095367432,3901.75,False,0.005405426025390625,3907.75,True,3941.75,True,4146.75,True
IMUX,2026-07-14 12:01:00+00:00,pre-market,"7.01,9.01",14.64,14.65999984741211,89.0,False,0.0013661097959090096,92.0,True,145.0,True,223.0,True
IMUX,2026-07-06 20:22:14+00:00,after-hours,5.02,14.819999694824219,14.880000114440918,1027.7666666666667,False,0.004048611393538293,1027.7666666666667,True,1041.7666666666667,True,1124.7666666666667,True
INBS,2026-07-23 21:00:13+00:00,after-hours,"7.01,9.01",1.7999999523162842,1.809999942779541,989.7833333333333,False,0.005555550404536813,989.7833333333333,True,1027.7833333333333,True,6749.783333333334,True
INBS,2026-07-21 12:50:36+00:00,pre-market,"7.01,9.01",1.9500000476837158,1.9900000095367432,39.4,False,0.02051280044866699,39.4,True,39.4,True,54.4,True
INBX,2026-07-16 20:06:13+00:00,after-hours,"1.01,2.03,3.02,7.01,9.01",89.07,86.68000030517578,1043.7833333333333,False,-0.026832824686473744,1043.7833333333333,True,1043.7833333333333,True,5663.783333333334,True
INCY,2026-07-28 11:02:34+00:00,pre-market,"2.02,9.01",118.87,120.625,147.43333333333334,False,0.01476402792967102,147.43333333333334,True,151.43333333333334,True,182.43333333333334,True
INCY,2026-07-06 20:06:20+00:00,after-hours,"8.01,9.01",115.62,117.52999877929688,1043.6666666666667,False,0.01651962272355023,1043.6666666666667,True,1128.6666666666667,True,31287.666666666668,True
INDB,2026-07-27 20:05:40+00:00,after-hours,"7.01,9.01",84.72,85.4000015258789,1044.3333333333333,False,0.00802645804861779,1062.3333333333333,True,1129.3333333333333,True,,False
INDB,2026-07-16 20:14:28+00:00,after-hours,"2.02,7.01,9.01",87.06999969482422,83.90080261230469,1035.5333333333333,False,-0.0363982668384909,1035.5333333333333,True,1035.5333333333333,True,1036.5333333333333,True
INFU,2026-07-28 11:40:15+00:00,pre-market,7.01,9.36,9.430000305175781,109.75,False,0.007478665082882641,121.75,True,127.75,True,342.75,True
INGR,2026-07-28 20:15:09+00:00,after-hours,7.01,102.71,102.51000213623047,1034.85,False,-0.0019472092665712148,1266.85,True,,False,,False
INGR,2026-07-06 10:12:19+00:00,pre-market,7.01,97.62,97.06999969482422,197.68333333333334,False,-0.005634094500878817,199.68333333333334,True,1637.6833333333334,True,16037.683333333332,True
INM,2026-07-22 20:28:22+00:00,after-hours,"7.01,8.01,9.01",1.6699999570846558,1.6649999618530273,1021.6333333333333,False,-0.002994009197675007,1021.6333333333333,True,1021.6333333333333,True,1079.6333333333334,True
INM,2026-07-10 20:02:00+00:00,after-hours,"1.01,7.01,9.01",1.649999976158142,1.590000033378601,3935.0,False,-0.036363602210010226,3935.0,True,3935.0,True,5398.0,True
INSM,2026-07-16 11:00:46+00:00,pre-market,"7.01,9.01",109.81,110.0,149.23333333333332,False,0.0017302613605318928,151.23333333333332,True,151.23333333333332,True,17446.233333333334,True
INSP,2026-07-24 20:01:24+00:00,after-hours,5.02,49.19,50.18000030517578,3928.6,False,0.020126048082451442,3928.6,True,3944.6,True,5443.6,True
INSP,2026-07-22 12:02:09+00:00,pre-market,"5.02,9.01",52.49,52.4900016784668,87.85,False,3.1976886916140757e-08,101.85,True,113.85,True,1527.85,True
INTA,2026-07-13 20:30:28+00:00,after-hours,"1.01,1.02,2.03",28.56999969482422,26.93000030517578,1019.5333333333333,False,-0.05740284939329354,1019.5333333333333,True,1019.5333333333333,True,1019.5333333333333,True
INTA,2026-07-07 20:30:33+00:00,after-hours,"1.01,9.01",28.170000076293945,27.6200008392334,1019.45,False,-0.019524289512636184,1019.45,True,1019.45,True,2459.45,True
INTZ,2026-07-21 22:20:28+00:00,after-hours,"7.01,9.01",0.859499990940094,0.8600000143051147,909.5333333333333,False,0.0005817607565927752,911.5333333333333,True,932.5333333333333,True,1168.5333333333333,True
INUV,2026-07-08 21:28:47+00:00,after-hours,"7.01,9.01",1.05,1.0700000524520874,961.2166666666667,False,0.019047669001988066,973.2166666666667,True,974.2166666666667,True,1073.2166666666667,True
INVE,2026-07-27 21:00:11+00:00,after-hours,8.01,2.7049999237060547,2.690000057220459,1001.8166666666667,False,-0.005545237304496742,1028.8166666666666,True,1042.8166666666666,True,2555.8166666666666,True
INVH,2026-07-08 20:30:53+00:00,after-hours,"1.01,2.03,9.01",29.63,29.75,1019.1166666666667,False,0.004049949375632744,1344.1166666666666,True,8579.116666666667,True,,False
INVH,2026-07-06 20:16:12+00:00,after-hours,"8.01,9.01",30.02,30.325000762939453,1033.8,False,0.01015991881876932,1035.8,True,1102.8,True,,False
IONQ,2026-07-28 21:05:10+00:00,after-hours,"8.01,9.01",33.88,33.779998779296875,984.8333333333334,False,-0.0029516298908833782,984.8333333333334,True,1005.8333333333334,True,1135.8333333333333,True
IONS,2026-07-10 01:03:42+00:00,closed,"7.01,9.01",64.27999877929688,64.2699966430664,746.3,False,-0.0001556026201059435,746.3,True,746.3,True,748.3,True
IONS,2026-07-09 18:55:22+00:00,regular,"7.01,8.01,9.01",64.54010009765625,64.7300033569336,1.6333333333333333,True,0.002942407262926494,1114.6333333333334,True,1114.6333333333334,True,1115.6333333333334,True
IP,2026-07-17 20:10:28+00:00,after-hours,"5.02,9.01",37.56,37.814998626708984,3919.5333333333333,False,0.006789100817597982,3927.5333333333333,True,4004.5333333333333,True,9911.533333333333,True
IPAR,2026-07-22 20:27:29+00:00,after-hours,"2.02,7.01,9.01",122.2699966430664,119.12999725341797,1022.5166666666667,False,-0.025680865918519702,1022.5166666666667,True,1022.5166666666667,True,8227.516666666666,True
IPDN,2026-07-24 20:32:49+00:00,after-hours,"3.03,5.03,9.01",0.3400000035762787,0.35040000081062317,3918.1833333333334,False,0.030588226838095478,3918.1833333333334,True,3918.1833333333334,True,3974.1833333333334,True
IPDN,2026-07-14 20:40:10+00:00,after-hours,5.07,0.4603999853134155,0.4602999985218048,1009.8333333333334,False,-0.000217173750652222,1013.8333333333334,True,1035.8333333333333,True,1221.8333333333333,True
IPDN,2026-07-06 20:38:05+00:00,after-hours,"1.01,3.02,9.01",0.611299991607666,0.6299999952316284,1036.9166666666667,False,0.030590551088971907,1036.9166666666667,True,1036.9166666666667,True,2499.9166666666665,True
IPGP,2026-07-17 10:30:35+00:00,pre-market,"1.01,7.01,9.01",103.38999938964844,101.31999969482422,179.41666666666666,False,-0.020021275820139572,179.41666666666666,True,179.41666666666666,True,4609.416666666667,True
IPW,2026-07-23 16:00:14+00:00,regular,"8.01,9.01",0.8968999981880188,0.949999988079071,1.7666666666666666,True,0.059203913477900105,1.7666666666666666,True,1.7666666666666666,True,1.7666666666666666,True
IPW,2026-07-21 14:30:14+00:00,regular,"1.01,8.01,9.01",0.9900000095367432,1.0499000549316406,1.7666666666666666,True,0.06050509577563212,0.7666666666666667,True,0.7666666666666667,True,2.7666666666666666,True
IPW,2026-07-15 13:15:14+00:00,pre-market,"8.01,9.01",1.2350000143051147,1.23580002784729,14.766666666666667,False,0.0006477842371730436,15.766666666666667,True,15.766666666666667,True,15.766666666666667,True
IPW,2026-07-06 12:45:17+00:00,pre-market,"1.01,8.01,9.01",1.9800000190734863,2.0272998809814453,44.71666666666667,False,0.023888818915311028,44.71666666666667,True,44.71666666666667,True,51.71666666666667,True
IPW,2026-07-02 20:30:15+00:00,after-hours,"1.01,9.01",1.9800000190734863,2.0272998809814453,5339.75,False,0.023888818915311028,5339.75,True,5339.75,True,5346.75,True
IQST,2026-07-16 21:15:39+00:00,after-hours,"2.02,8.01,9.01",1.2099000215530396,1.1299999952316284,974.35,False,-0.06603853615842625,974.35,True,974.35,True,974.35,True
IQST,2026-07-10 20:45:19+00:00,after-hours,1.01,1.0199999809265137,1.0099999904632568,3884.6833333333334,False,-0.00980391240220746,3885.6833333333334,True,3885.6833333333334,True,4190.683333333333,True
IQST,2026-07-10 20:32:23+00:00,after-hours,5.02,1.0199999809265137,1.0099999904632568,3897.616666666667,False,-0.00980391240220746,3898.616666666667,True,3898.616666666667,True,4203.616666666667,True
IQV,2026-07-28 11:03:16+00:00,pre-market,"2.02,9.01",213.22,235.8000030517578,146.73333333333332,False,0.10590002369270146,146.73333333333332,True,146.73333333333332,True,146.73333333333332,True
IRDM,2026-07-22 11:01:11+00:00,pre-market,"2.02,9.01",47.25,47.76649856567383,148.81666666666666,False,0.010931186575107388,148.81666666666666,True,264.81666666666666,True,8805.816666666668,True
IRDM,2026-07-07 21:11:18+00:00,after-hours,"1.01,2.03,5.02,7.01,9.01",51.09,51.47999954223633,978.7,False,0.007633578826312881,1053.7,True,1094.7,True,8412.7,True
IREN,2026-07-20 11:12:27+00:00,pre-market,"2.02,9.01",33.6150016784668,37.040000915527344,137.55,False,0.10188900984808047,137.55,True,137.55,True,137.55,True
IRIX,2026-07-16 10:01:18+00:00,pre-market,"5.07,7.01,9.01",1.059999942779541,0.9301000237464905,208.7,False,-0.12254710004269043,208.7,True,208.7,True,208.7,True
ISPC,2026-07-14 21:00:25+00:00,after-hours,8.01,2.39,2.3399999141693115,989.5833333333334,False,-0.020920538004472244,989.5833333333334,True,989.5833333333334,True,1099.5833333333333,True
ISPR,2026-07-17 20:30:14+00:00,after-hours,5.02,1.75,1.909999966621399,3899.766666666667,False,0.09142855235508507,3899.766666666667,True,3899.766666666667,True,3899.766666666667,True
ISRG,2026-07-27 20:08:21+00:00,after-hours,"5.03,9.01",356.7099914550781,370.0,1041.65,False,0.03725718051997862,1041.65,True,1041.65,True,1046.65,True
ISRG,2026-07-16 20:05:17+00:00,after-hours,"2.02,9.01",403.3,365.0249938964844,1044.7166666666667,False,-0.0949045526990222,1044.7166666666667,True,1044.7166666666667,True,1044.7166666666667,True
ISSC,2026-07-21 20:15:29+00:00,after-hours,"1.01,2.01,2.03,8.01,9.01",19.22,19.649900436401367,1034.5166666666667,False,0.022367348407979604,1034.5166666666667,True,1036.5166666666667,True,11157.516666666666,True
ISTR,2026-07-20 10:01:27+00:00,pre-market,"2.02,5.02,9.01",29.87,29.68000030517578,208.55,False,-0.006360887004493443,208.55,True,211.55,True,,False
ITRI,2026-07-28 12:35:16+00:00,pre-market,"2.02,9.01",84.83000183105469,92.94999694824219,54.733333333333334,False,0.095720793845544,54.733333333333334,True,54.733333333333334,True,54.733333333333334,True
IVF,2026-07-24 21:14:27+00:00,after-hours,"1.01,3.02,5.03,5.07,9.01",1.0,1.000100016593933,3855.55,False,0.00010001659393310547,3856.55,True,3856.55,True,3856.55,True
IVR,2026-07-15 20:19:51+00:00,after-hours,"2.02,7.01,8.01,9.01",8.14,8.15999984741211,1030.15,False,0.0024569837115613335,2807.15,True,6972.15,True,11173.15,True
IVVD,2026-07-24 20:05:13+00:00,after-hours,3.01,0.6114,0.6198999881744385,3924.7833333333333,False,0.01390249946751454,3924.7833333333333,True,3930.7833333333333,True,6848.783333333334,True
IVVD,2026-07-06 11:11:45+00:00,pre-market,"8.01,9.01",0.8930000066757202,0.8700000047683716,138.25,False,-0.025755881002698322,138.25,True,138.25,True,173.25,True
IVZ,2026-07-28 10:58:44+00:00,pre-market,"2.02,9.01",30.11,29.899999618530273,151.26666666666668,False,-0.006974439769834806,152.26666666666668,True,226.26666666666668,True,1624.2666666666667,True
IVZ,2026-07-10 12:01:42+00:00,pre-market,"7.01,9.01",28.61,29.3700008392334,88.3,False,0.026564167746710998,88.3,True,88.3,True,7310.3,True
IXHL,2026-07-23 11:30:22+00:00,pre-market,"7.01,9.01",3.1050000190734863,3.109999895095825,133.63333333333333,False,0.0016102660198471508,217.63333333333333,True,453.6333333333333,True,7342.633333333333,True
JACK,2026-07-07 20:01:04+00:00,after-hours,5.02,15.680000305175781,15.229000091552734,1048.9333333333334,False,-0.028762768166157304,1048.9333333333334,True,1048.9333333333334,True,1050.9333333333334,True
JAKK,2026-07-24 10:15:29+00:00,pre-market,"2.02,8.01,9.01",23.842500686645508,22.309999465942383,194.51666666666668,False,-0.06427602711830893,194.51666666666668,True,194.51666666666668,True,194.51666666666668,True
JAZZ,2026-07-24 10:16:10+00:00,pre-market,5.07,254.80999755859375,256.1000061035156,193.83333333333334,False,0.0050626292425015595,265.8333333333333,True,5961.833333333333,True,,False
JBHT,2026-07-15 20:26:22+00:00,after-hours,"2.02,9.01",276.48,297.5299987792969,1023.6333333333333,False,0.07613570160335947,1023.6333333333333,True,1023.6333333333333,True,1023.6333333333333,True
JBLU,2026-07-28 07:03:38+00:00,closed,"2.02,7.01,9.01",5.43,5.637800216674805,386.3666666666667,False,0.03826891651469699,386.3666666666667,True,399.3666666666667,True,498.3666666666667,True
JEF,2026-07-15 20:12:30+00:00,after-hours,"8.01,9.01",57.13,56.81999969482422,1037.5,False,-0.005426226241480592,1040.5,True,1046.5,True,2477.5,True
JEF,2026-07-08 21:22:47+00:00,after-hours,"8.01,9.01",51.1,52.470001220703125,967.2166666666667,False,0.026810200013759777,967.2166666666667,True,980.2166666666667,True,8174.216666666666,True
JFB,2026-07-16 20:55:26+00:00,after-hours,"1.01,9.01",4.460100173950195,4.449999809265137,994.5666666666667,False,-0.002264604894762434,994.5666666666667,True,995.5666666666667,True,1099.5666666666666,True
JHX,2026-07-22 22:09:16+00:00,after-hours,"2.02,9.01",24.78,25.75,920.7333333333333,False,0.03914447134786103,920.7333333333333,True,921.7333333333333,True,1076.7333333333333,True
JMSB,2026-07-28 13:00:15+00:00,pre-market,"7.01,9.01",23.280000686645508,23.43000030517578,40.75,False,0.0064432823928703975,61.75,True,61.75,True,,False
JMSB,2026-07-22 12:45:14+00:00,pre-market,"8.01,9.01",21.940000534057617,22.889999389648438,44.766666666666666,False,0.04329985562744776,44.766666666666666,True,44.766666666666666,True,73.76666666666667,True
JMSB,2026-07-22 12:40:12+00:00,pre-market,"2.02,9.01",21.940000534057617,22.889999389648438,49.8,False,0.04329985562744776,49.8,True,49.8,True,78.8,True
JOBY,2026-07-28 20:02:08+00:00,after-hours,"8.01,9.01",7.27,7.164999961853027,1047.8666666666666,False,-0.014442921340711457,1047.8666666666666,True,1050.8666666666666,True,1103.8666666666666,True
JRSH,2026-07-21 12:05:32+00:00,pre-market,"5.02,9.01",4.539999961853027,4.460000038146973,84.46666666666667,False,-0.017621128717675627,84.46666666666667,True,1891.4666666666667,True,8824.466666666667,True
JSPR,2026-07-17 01:50:00+00:00,closed,"1.01,2.01,3.02,5.02,5.03,7.01,9.01",0.774,0.7195000052452087,700.0,False,-0.07041342991575106,700.0,True,700.0,True,700.0,True
JSPR,2026-07-16 21:15:34+00:00,after-hours,"7.01,9.01",0.774,0.7195000052452087,974.4333333333333,False,-0.07041342991575106,974.4333333333333,True,974.4333333333333,True,974.4333333333333,True
JTAI,2026-07-21 20:58:30+00:00,after-hours,"5.02,9.01",2.299999952316284,2.200000047683716,991.5,False,-0.04347822030685711,991.5,True,991.5,True,997.5,True
JTAI,2026-07-17 21:07:10+00:00,after-hours,"1.01,2.01,8.01,9.01",2.1689999103546143,2.0325000286102295,3862.8333333333335,False,-0.06293217491284642,3862.8333333333335,True,3862.8333333333335,True,3862.8333333333335,True
JTAI,2026-07-06 12:35:41+00:00,pre-market,"5.07,8.01,9.01",7.800000190734863,7.894999980926514,54.31666666666667,False,0.012179459983154173,54.31666666666667,True,65.31666666666666,True,142.31666666666666,True
JXN,2026-07-22 20:37:04+00:00,after-hours,"5.02,7.01,9.01",123.75,122.36000061035156,1012.9333333333333,False,-0.011232318300189448,1012.9333333333333,True,1012.9333333333333,True,1034.9333333333334,True
KALA,2026-07-23 00:13:48+00:00,closed,"8.01,9.01",0.7400000095367432,0.7329999804496765,796.2,False,-0.009459498644397102,796.2,True,796.2,True,799.2,True
KALU,2026-07-22 20:40:15+00:00,after-hours,"2.02,9.01",164.32000732421875,174.91000366210938,1009.75,False,0.06444739450988202,1009.75,True,1009.75,True,1011.75,True
KALU,2026-07-13 20:40:15+00:00,after-hours,"8.01,9.01",158.5,166.1999969482422,1009.75,False,0.048580422386385935,1009.75,True,1009.75,True,12538.75,True
KBDC,2026-07-09 20:19:10+00:00,after-hours,"7.01,9.01",13.56,13.630000114440918,1030.8333333333333,False,0.005162250327501283,1036.8333333333333,True,1228.8333333333333,True,,False
KBR,2026-07-10 20:30:16+00:00,after-hours,"5.02,9.01",35.47,35.95000076293945,3899.733333333333,False,0.013532584238496126,3899.733333333333,True,3903.733333333333,True,19750.733333333334,True
KEY,2026-07-21 10:31:09+00:00,pre-market,"2.02,9.01",23.32,22.920000076293945,178.85,False,-0.017152655390482607,178.85,True,1618.85,True,12067.85,True
KFRC,2026-07-27 20:05:07+00:00,after-hours,"2.02,9.01",58.13,56.970001220703125,1044.8833333333334,False,-0.01995525166517942,1044.8833333333334,True,1044.8833333333334,True,2530.883333333333,True
KIDZ,2026-07-28 12:00:42+00:00,pre-market,"8.01,9.01",0.5936999917030334,0.6956999897956848,89.3,False,0.1718039405728531,89.3,True,89.3,True,89.3,True
KIDZ,2026-07-27 12:00:45+00:00,pre-market,"7.01,9.01",0.4189000129699707,0.5120999813079834,89.25,False,0.22248738470364726,89.25,True,89.25,True,89.25,True
KIDZ,2026-07-21 20:30:36+00:00,after-hours,"1.01,7.01,9.01",0.5503000020980835,0.5299999713897705,1019.4,False,-0.036889025315131274,1019.4,True,1019.4,True,1019.4,True
KIDZ,2026-07-06 12:00:39+00:00,pre-market,"7.01,9.01",0.6799,1.2300000190734863,89.35,False,0.809089600049252,89.35,True,89.35,True,89.35,True
KINS,2026-07-23 18:43:59+00:00,regular,"7.01,9.01",19.030000686645508,19.0,4.016666666666667,False,-0.0015764942492388911,1179.0166666666667,True,1195.0166666666667,True,5446.016666666666,True
KINS,2026-07-16 21:17:50+00:00,after-hours,"2.02,7.01,9.01",19.760000228881836,19.6200008392334,972.1666666666666,False,-0.007084989272611919,990.1666666666666,True,998.1666666666666,True,,False
KITT,2026-07-21 11:26:12+00:00,pre-market,"2.03,3.02",0.8554999828338623,0.8799999952316284,123.8,False,0.02863823832773127,124.8,True,133.8,True,1889.8,True
KITT,2026-07-08 23:25:23+00:00,after-hours,"3.03,5.03,9.01",1.034999966621399,1.0499999523162842,844.6166666666667,False,0.014492740269210325,844.6166666666667,True,847.6166666666667,True,868.6166666666667,True
KLAC,2026-07-28 20:08:02+00:00,after-hours,"2.02,9.01",196.66,184.72999572753906,1041.9666666666667,False,-0.06066309504963352,1041.9666666666667,True,1041.9666666666667,True,1041.9666666666667,True
KLRS,2026-07-20 12:07:21+00:00,pre-market,"5.02,9.01",4.38,4.320000171661377,82.65,False,-0.01369859094489112,82.65,True,90.65,True,159.65,True
KLRS,2026-07-17 11:05:41+00:00,pre-market,"7.01,8.01,9.01",4.61,4.440000057220459,144.31666666666666,False,-0.036876343336126105,144.31666666666666,True,144.31666666666666,True,156.31666666666666,True
KLRS,2026-07-06 20:11:47+00:00,after-hours,5.02,4.690000057220459,4.804999828338623,1038.2166666666667,False,0.024520206762282948,1038.2166666666667,True,1038.2166666666667,True,5387.216666666666,True
KMPR,2026-07-21 13:02:41+00:00,pre-market,"5.02,9.01",28.37,27.690000534057617,27.316666666666666,False,-0.023968962493563062,27.316666666666666,True,27.316666666666666,True,2926.3166666666666,True
KMT,2026-07-28 20:19:26+00:00,after-hours,"5.02,9.01",35.61,35.25,1030.5666666666666,False,-0.010109519797809607,1030.5666666666666,True,1045.5666666666666,True,1185.5666666666666,True
KMTS,2026-07-14 20:08:33+00:00,after-hours,"1.01,1.02,2.02,2.03,9.01",24.239999771118164,24.100000381469727,1041.45,False,-0.005775552432770503,1041.45,True,1041.45,True,1041.45,True
KN,2026-07-28 20:21:03+00:00,after-hours,"5.07,9.01",35.91,35.84000015258789,1028.95,False,-0.0019493134896159114,1048.95,True,1049.95,True,1202.95,True
KN,2026-07-23 20:05:51+00:00,after-hours,"2.02,9.01",39.0,39.290000915527344,1044.15,False,0.007435920910957572,1048.15,True,1048.15,True,1111.15,True
KNSL,2026-07-23 20:11:16+00:00,after-hours,"2.02,9.01",332.28,341.9804992675781,1038.7333333333333,False,0.02919375005290159,1038.7333333333333,True,1038.7333333333333,True,1079.7333333333333,True
KNX,2026-07-22 20:10:52+00:00,after-hours,"2.02,9.01",76.04,80.01000213623047,1039.1333333333334,False,0.052209391586407916,1040.1333333333334,True,1040.1333333333334,True,1134.1333333333334,True
KPLT,2026-07-27 20:59:29+00:00,after-hours,"8.01,9.01",6.800000190734863,6.809999942779541,1031.5166666666667,False,0.0014705517300281912,1146.5166666666667,True,1146.5166666666667,True,1324.5166666666667,True
KPTI,2026-07-17 21:01:30+00:00,after-hours,5.02,9.489999771118164,9.449999809265137,3868.5,False,-0.004214959201027879,3868.5,True,3869.5,True,3870.5,True
KRC,2026-07-27 20:31:01+00:00,after-hours,"2.02,7.01,9.01",39.41,38.5099983215332,1018.9833333333333,False,-0.022836886030621506,1018.9833333333333,True,1018.9833333333333,True,1026.9833333333333,True
KREF,2026-07-21 20:42:05+00:00,after-hours,"2.02,9.01",7.59,7.610000133514404,1007.9166666666666,False,0.0026350637041376856,1008.9166666666666,True,1009.9166666666666,True,1029.9166666666667,True
KRNY,2026-07-23 12:39:36+00:00,pre-market,"2.02,7.01,8.01,9.01",9.479999542236328,8.982500076293945,50.4,False,-0.05247884915245715,50.4,True,50.4,True,50.4,True
KROS,2026-07-22 20:01:17+00:00,after-hours,5.02,10.199999809265137,9.970000267028809,1048.7166666666667,False,-0.022548975150706307,1048.7166666666667,True,1048.7166666666667,True,,False
KRP,2026-07-17 12:17:54+00:00,pre-market,"1.01,3.02,7.01,8.01,9.01",14.8,15.239999771118164,72.1,False,0.029729714264740803,72.1,True,72.1,True,,False
KRYS,2026-07-21 21:24:31+00:00,after-hours,"8.01,9.01",339.06,341.6700134277344,965.4833333333333,False,0.007697792212983945,978.4833333333333,True,984.4833333333333,True,8524.483333333334,True
KSCP,2026-07-20 11:01:12+00:00,pre-market,"2.02,9.01",1.47,1.4977999925613403,148.8,False,0.018911559565537583,148.8,True,150.8,True,160.8,True
KTB,2026-07-24 10:52:55+00:00,pre-market,5.02,83.37,85.0,157.08333333333334,False,0.019551397385150437,157.08333333333334,True,276.0833333333333,True,6202.083333333333,True
KTB,2026-07-24 10:52:08+00:00,pre-market,5.07,83.37,85.0,157.86666666666667,False,0.019551397385150437,157.86666666666667,True,276.8666666666667,True,6202.866666666667,True
KTB,2026-07-24 10:51:02+00:00,pre-market,"5.02,8.01,9.01",83.37,85.0,158.96666666666667,False,0.019551397385150437,158.96666666666667,True,277.96666666666664,True,6203.966666666666,True
KULR,2026-07-24 12:30:32+00:00,pre-market,2.01,2.77,2.815000057220459,59.46666666666667,False,0.01624550802182645,59.46666666666667,True,63.46666666666667,True,75.46666666666667,True
KUST,2026-07-27 12:45:40+00:00,pre-market,"1.01,8.01,9.01",1.3200000524520874,1.3561999797821045,44.333333333333336,False,0.027424186281485907,44.333333333333336,True,44.333333333333336,True,76.33333333333333,True
KVAC,2026-07-28 00:05:42+00:00,closed,"1.01,5.03,5.07,8.01,9.01",12.800000190734863,14.010000228881836,804.3,False,0.0945312515716068,804.3,True,804.3,True,804.3,True
KWR,2026-07-07 20:38:44+00:00,after-hours,5.02,153.41,154.82000732421875,1011.2666666666667,False,0.009191104388363014,1011.2666666666667,True,1011.2666666666667,True,1076.2666666666667,True
KYMR,2026-07-27 20:10:37+00:00,after-hours,"5.02,7.01,9.01",110.05,108.7750015258789,1039.3833333333334,False,-0.011585629024271626,1039.3833333333334,True,1039.3833333333334,True,2504.383333333333,True
KYTX,2026-07-27 12:00:16+00:00,pre-market,"1.01,7.01,9.01",7.420000076293945,7.579999923706055,89.73333333333333,False,0.021563321531935076,89.73333333333333,True,90.73333333333333,True,98.73333333333333,True
KYTX,2026-07-09 10:00:22+00:00,pre-market,"1.01,9.01",9.890000343322754,9.979999542236328,209.63333333333333,False,0.009100019796696612,209.63333333333333,True,230.63333333333333,True,1653.6333333333334,True
LAB,2026-07-28 12:20:37+00:00,pre-market,"1.01,7.01,9.01",0.7702000141143799,0.800000011920929,69.38333333333334,False,0.038691245469288704,69.38333333333334,True,69.38333333333334,True,1522.3833333333334,True
LAB,2026-07-24 20:38:46+00:00,after-hours,3.01,0.8332,0.8497999906539917,3891.233333333333,False,0.01992317649302877,3915.233333333333,True,3926.233333333333,True,4120.233333333334,True
LAND,2026-07-15 20:30:22+00:00,after-hours,"8.01,9.01",8.670000076293945,8.8100004196167,1019.6333333333333,False,0.01614767498163605,1019.6333333333333,True,1023.6333333333333,True,,False
LASE,2026-07-24 18:10:02+00:00,regular,"4.01,9.01",1.100000023841858,1.090000033378601,3.966666666666667,False,-0.009090900224102638,20.966666666666665,True,40.96666666666667,True,4103.966666666666,True
LASE,2026-07-20 18:33:50+00:00,regular,"1.01,3.02,7.01,9.01",1.0950000286102295,1.100000023841858,1.1666666666666667,True,0.004566205571678639,3.1666666666666665,True,27.166666666666668,True,62.166666666666664,True
LAW,2026-07-23 13:03:52+00:00,pre-market,5.02,3.79,3.7300000190734863,26.133333333333333,False,-0.015831129532061672,26.133333333333333,True,26.133333333333333,True,109.13333333333334,True
LAZ,2026-07-23 10:30:59+00:00,pre-market,"2.02,9.01",43.58,41.68000030517578,179.01666666666668,False,-0.04359797372244645,179.01666666666668,True,179.01666666666668,True,179.01666666666668,True
LAZ,2026-07-07 12:31:08+00:00,pre-market,"5.02,7.01,9.01",43.28,43.724998474121094,58.86666666666667,False,0.010281850141430127,79.86666666666666,True,122.86666666666666,True,1498.8666666666666,True
LBRX,2026-07-22 12:14:47+00:00,pre-market,"8.01,9.01",32.279998779296875,33.2599983215332,75.21666666666667,False,0.030359342605206674,75.21666666666667,True,75.21666666666667,True,78.21666666666667,True
LCID,2026-07-14 18:29:58+00:00,regular,7.01,3.2100000381469727,4.489999771118164,8.033333333333333,False,0.39875380615574474,8.033333333333333,True,8.033333333333333,True,8.033333333333333,True
LCID,2026-07-06 20:08:39+00:00,after-hours,"2.03,9.01",6.65500020980835,6.525000095367432,1041.35,False,-0.019534201403828666,1041.35,True,1041.35,True,1045.35,True
LCII,2026-07-22 12:22:52+00:00,pre-market,"7.01,9.01",104.78,105.33000183105469,67.13333333333334,False,0.00524911081365409,70.13333333333334,True,8740.133333333333,True,,False
LCII,2026-07-20 11:03:17+00:00,pre-market,"5.02,7.01,9.01",108.17,108.19000244140625,146.71666666666667,False,0.00018491671818665623,149.71666666666667,True,220.71666666666667,True,,False
LCNB,2026-07-15 20:06:50+00:00,after-hours,"2.02,7.01,9.01",17.8799991607666,18.290000915527344,1045.1666666666667,False,0.022930747986856348,1045.1666666666667,True,1045.1666666666667,True,1053.1666666666667,True
LE,2026-07-10 21:00:30+00:00,after-hours,5.02,11.270000457763672,11.1899995803833,3869.5,False,-0.0070985691331769685,3878.5,True,3878.5,True,6857.5,True
LEDS,2026-07-27 10:01:34+00:00,pre-market,"4.01,9.01",2.15,2.190000057220459,208.43333333333334,False,0.018604677776957734,208.43333333333334,True,249.43333333333334,True,255.43333333333334,True
LEDS,2026-07-15 10:04:02+00:00,pre-market,3.01,2.212399959564209,2.380000114440918,205.96666666666667,False,0.07575490776528593,205.96666666666667,True,205.96666666666667,True,209.96666666666667,True
LEDS,2026-07-15 10:01:19+00:00,pre-market,"2.02,9.01",2.212399959564209,2.380000114440918,208.68333333333334,False,0.07575490776528593,208.68333333333334,True,208.68333333333334,True,212.68333333333334,True
LEDS,2026-07-14 10:00:26+00:00,pre-market,"2.02,4.01,9.01",1.5099999904632568,1.7100000381469727,209.56666666666666,False,0.1324503635409675,209.56666666666666,True,209.56666666666666,True,209.56666666666666,True
LEE,2026-07-24 20:24:25+00:00,after-hours,"1.01,9.01",7.510000228881836,7.5,3905.5833333333335,False,-0.0013315883591290545,3909.5833333333335,True,3909.5833333333335,True,3909.5833333333335,True
LEE,2026-07-10 20:02:13+00:00,after-hours,"5.02,9.01",8.11,8.199999809265137,3927.7833333333333,False,0.011097387085713617,3927.7833333333333,True,3967.7833333333333,True,5402.783333333334,True
LEGH,2026-07-21 22:01:16+00:00,after-hours,"5.02,9.01",26.38,26.34000015258789,928.7333333333333,False,-0.0015162944432186576,935.7333333333333,True,2368.733333333333,True,,False
LEVI,2026-07-08 20:11:49+00:00,after-hours,"2.02,9.01",24.4743,23.545000076293945,1038.1833333333334,False,-0.0379704393468272,1038.1833333333334,True,1038.1833333333334,True,1038.1833333333334,True
LFST,2026-07-07 20:27:16+00:00,after-hours,5.02,10.895000457763672,10.805000305175781,1022.7333333333333,False,-0.008260683690357928,1022.7333333333333,True,1034.7333333333333,True,12586.733333333334,True
LFWD,2026-07-07 20:30:21+00:00,after-hours,"1.01,2.03,3.02,9.01",8.449999809265137,8.449999809265137,1019.65,False,0.0,1019.65,True,1020.65,True,1024.65,True
LGND,2026-07-14 13:20:16+00:00,pre-market,"1.01,2.01,2.03,7.01,9.01",309.1300048828125,309.25,9.733333333333333,False,0.00038817039851246626,37.733333333333334,True,53.733333333333334,True,1756.7333333333333,True
LH,2026-07-10 07:31:41+00:00,closed,"7.01,9.01",277.63,278.7749938964844,358.31666666666666,False,0.0041241720868940845,392.31666666666666,True,6118.316666666667,True,19079.316666666666,True
LHAI,2026-07-17 21:00:21+00:00,after-hours,5.07,1.0199999809265137,1.0098999738693237,3869.65,False,-0.009901967888289231,3870.65,True,3870.65,True,4250.65,True
LHAI,2026-07-02 21:00:25+00:00,after-hours,"2.01,3.01,7.01,9.01",1.7300000190734863,1.88100004196167,5309.583333333333,False,0.08728324926207387,5309.583333333333,True,5309.583333333333,True,5309.583333333333,True
LHX,2026-07-24 20:06:26+00:00,after-hours,"5.02,9.01",300.21,302.07000732421875,3923.5666666666666,False,0.006195687432859476,3930.5666666666666,True,3949.5666666666666,True,8243.566666666668,True
LIMN,2026-07-24 20:51:25+00:00,after-hours,"3.01,8.01,9.01",0.10890000313520432,0.10840000212192535,3878.5833333333335,False,-0.004591377400220864,3879.5833333333335,True,3884.5833333333335,True,3938.5833333333335,True
LIMN,2026-07-06 13:13:16+00:00,pre-market,"1.01,2.01,3.02,5.03,9.01",0.13650000095367432,0.1589999943971634,16.733333333333334,False,0.1648351156504766,16.733333333333334,True,16.733333333333334,True,16.733333333333334,True
LINC,2026-07-10 16:55:28+00:00,regular,"1.01,2.01,2.03,9.01",53.900001525878906,54.06999969482422,5.533333333333333,False,0.0031539548076577884,4118.533333333334,True,5561.533333333334,True,6997.533333333334,True
LION,2026-07-23 20:03:58+00:00,after-hours,"5.02,9.01",13.4,13.529999732971191,1046.0333333333333,False,0.009701472609790374,1051.0333333333333,True,1163.0333333333333,True,,False
LION,2026-07-06 20:03:05+00:00,after-hours,8.01,14.39,14.479999542236328,1046.9166666666667,False,0.006254311482719155,1068.9166666666667,True,1175.9166666666667,True,2601.9166666666665,True
LIPO,2026-07-15 14:38:08+00:00,regular,"1.03,9.01",0.07000000029802322,0.07000000029802322,38.86666666666667,False,0.0,105.86666666666666,True,105.86666666666666,True,105.86666666666666,True
LIQT,2026-07-24 21:00:52+00:00,after-hours,3.01,0.6518,0.6600000262260437,3869.133333333333,False,0.012580586416145456,3869.133333333333,True,3936.133333333333,True,3936.133333333333,True
LITS,2026-07-24 21:29:09+00:00,after-hours,7.01,0.9804999828338623,0.9800000190734863,3840.85,False,-0.0005099069547466195,3845.85,True,3847.85,True,3859.85,True
LKFN,2026-07-27 11:00:19+00:00,pre-market,"7.01,9.01",61.0,61.36000061035156,149.68333333333334,False,0.005901649350025684,150.68333333333334,True,150.68333333333334,True,1613.6833333333334,True
LKFN,2026-07-27 11:00:05+00:00,pre-market,"2.02,9.01",61.0,61.36000061035156,149.91666666666666,False,0.005901649350025684,150.91666666666666,True,150.91666666666666,True,1613.9166666666667,True
LKFN,2026-07-14 18:16:22+00:00,regular,"7.01,9.01",60.599998474121094,60.6349983215332,9.633333333333333,False,0.0005775552523661354,1221.6333333333334,True,1349.6333333333334,True,2714.633333333333,True
LMB,2026-07-24 20:05:24+00:00,after-hours,"1.01,2.03,9.01",72.70999908447266,73.06999969482422,3924.6,False,0.004951184360947769,3934.6,True,4310.6,True,6858.6,True
LMND,2026-07-28 19:11:55+00:00,regular,5.02,61.33000183105469,61.400001525878906,1.0833333333333333,True,0.001141361368568683,44.083333333333336,True,1098.0833333333333,True,1098.0833333333333,True
LMND,2026-07-28 19:00:09+00:00,regular,"2.02,9.01",61.3650016784668,61.56999969482422,1.85,True,0.0033406340870247853,55.85,True,1109.85,True,1109.85,True
LMT,2026-07-23 10:30:57+00:00,pre-market,"2.02,9.01",514.36,549.5,179.05,False,0.06831790963527484,179.05,True,179.05,True,179.05,True
LNG,2026-07-28 12:35:38+00:00,pre-market,"7.01,9.01",255.88,255.22000122070312,54.36666666666667,False,-0.002579329292234145,99.36666666666666,True,160.36666666666667,True,,False
LNG,2026-07-14 20:34:37+00:00,after-hours,"5.02,7.01,9.01",264.13,263.7200012207031,1015.3833333333333,False,-0.001552261308056191,1028.3833333333334,True,1057.3833333333334,True,19839.383333333335,True
LNG,2026-07-02 20:39:30+00:00,after-hours,"1.01,2.03,9.01",245.97,247.49000549316406,5330.5,False,0.006179637732910859,6770.5,True,6775.5,True,8211.5,True
LNN,2026-07-17 20:10:16+00:00,after-hours,"5.02,9.01",115.54,114.19000244140625,3919.733333333333,False,-0.011684244059146254,3919.733333333333,True,3924.733333333333,True,,False
LOB,2026-07-22 20:18:49+00:00,after-hours,"2.02,9.01",41.05,41.75,1031.1833333333334,False,0.01705237515225333,1031.1833333333334,True,1189.1833333333334,True,6807.183333333333,True
LOB,2026-07-02 20:13:31+00:00,after-hours,5.02,41.05,41.349998474121094,5356.483333333334,False,0.007308123608309236,5374.483333333334,True,6913.483333333334,True,19793.483333333334,True
LODE,2026-07-24 20:16:18+00:00,after-hours,"2.02,7.01,9.01",3.0,3.190000057220459,3913.7,False,0.06333335240681959,3914.7,True,3917.7,True,3928.7,True
LOGC,2026-07-21 21:18:29+00:00,after-hours,9.01,9.300000190734863,9.300000190734863,971.5166666666667,False,0.0,971.5166666666667,True,3878.516666666667,True,,False
LOGI,2026-07-28 20:08:19+00:00,after-hours,"2.02,9.01",111.66,104.62000274658203,1041.6833333333334,False,-0.06304851561363034,1041.6833333333334,True,1041.6833333333334,True,1041.6833333333334,True
LOOP,2026-07-14 20:30:44+00:00,after-hours,"2.02,9.01",0.9700000286102295,0.8500000238418579,1019.2666666666667,False,-0.12371134147315643,1019.2666666666667,True,1019.2666666666667,True,1019.2666666666667,True
LPG,2026-07-15 23:16:24+00:00,after-hours,"7.01,8.01,9.01",42.03,42.040000915527344,853.6,False,0.0002379470741695755,857.6,True,913.6,True,8068.6,True
LPSN,2026-07-24 10:11:07+00:00,pre-market,8.01,1.5199999809265137,1.5499999523162842,198.88333333333333,False,0.019736823530408287,198.88333333333333,True,275.8833333333333,True,316.8833333333333,True
LPSN,2026-07-23 12:02:57+00:00,pre-market,"7.01,9.01",1.5199999809265137,1.4800000190734863,87.05,False,-0.026315764707210976,87.05,True,87.05,True,92.05,True
LPSN,2026-07-02 21:14:03+00:00,after-hours,"1.01,9.01",1.9299999475479126,1.8300000429153442,5295.95,False,-0.05181342349755991,5295.95,True,5295.95,True,5295.95,True
LPTH,2026-07-23 12:35:09+00:00,pre-market,"1.01,7.01,9.01",12.13,12.239999771118164,54.85,False,0.009068406522519723,55.85,True,55.85,True,88.85,True
LQDT,2026-07-07 10:00:28+00:00,pre-market,"8.01,9.01",38.349998474121094,38.689998626708984,209.53333333333333,False,0.008865714892200671,213.53333333333333,True,1649.5333333333333,True,13189.533333333333,True
LRHC,2026-07-16 21:21:55+00:00,after-hours,"1.01,3.02,5.03,9.01",1.1100000143051147,1.090000033378601,968.0833333333334,False,-0.018018000602490147,968.0833333333334,True,968.0833333333334,True,5380.083333333333,True
LRHC,2026-07-10 10:03:01+00:00,pre-market,"1.01,3.02,5.03,9.01",1.100000023841858,1.1100000143051147,206.98333333333332,False,0.009090900224102638,280.98333333333335,True,443.98333333333335,True,4536.983333333334,True
LSCC,2026-07-27 20:24:29+00:00,after-hours,"2.01,2.03,3.02,5.02,7.01,9.01",122.91,116.63999938964844,1025.5166666666667,False,-0.051012941260691225,1025.5166666666667,True,1025.5166666666667,True,1025.5166666666667,True
LSF,2026-07-14 21:30:29+00:00,after-hours,"5.02,9.01",4.51,4.400000095367432,959.5166666666667,False,-0.024390222756667024,959.5166666666667,True,959.5166666666667,True,8174.516666666666,True
LSF,2026-07-07 01:09:54+00:00,closed,"2.01,9.01",4.9,4.889999866485596,740.1,False,-0.0020408435743682896,766.1,True,766.1,True,2192.1,True
LSTA,2026-07-24 16:15:36+00:00,regular,"1.02,8.01",2.055000066757202,1.9819999933242798,1.4,True,-0.03552314893503472,0.4,True,0.4,True,1.4,True
LSTA,2026-07-17 11:01:28+00:00,pre-market,"1.01,9.01",3.4800000190734863,3.619999885559082,148.53333333333333,False,0.040229846470767994,148.53333333333333,True,148.53333333333333,True,186.53333333333333,True
LSTR,2026-07-28 20:22:30+00:00,after-hours,"2.02,7.01,9.01",185.32,183.7550048828125,1027.5,False,-0.008444825799630351,1027.5,True,1032.5,True,,False
LSTR,2026-07-23 21:05:29+00:00,after-hours,"8.01,9.01",207.9600067138672,199.40499877929688,984.5166666666667,False,-0.04113775561827704,984.5166666666667,True,984.5166666666667,True,984.5166666666667,True
LSTR,2026-07-06 20:42:07+00:00,after-hours,"1.01,2.03,9.01",203.55999755859375,204.26499938964844,1007.8833333333333,False,0.0034633613652492734,1335.8833333333334,True,3909.883333333333,True,13971.883333333333,True
LUCY,2026-07-09 20:30:29+00:00,after-hours,"1.01,3.02,8.01,9.01",1.0410000085830688,1.1200000047683716,1019.5166666666667,False,0.0758885643938001,1019.5166666666667,True,1019.5166666666667,True,1019.5166666666667,True
LVLU,2026-07-14 11:30:55+00:00,pre-market,"7.01,9.01",8.279999732971191,9.770000457763672,119.08333333333333,False,0.1799517841599989,119.08333333333333,True,119.08333333333333,True,119.08333333333333,True
LVO,2026-07-28 20:45:14+00:00,after-hours,"1.01,9.01",4.760000228881836,4.789999961853027,1004.7666666666667,False,0.0063024646068639,1011.7666666666667,True,1064.7666666666667,True,1155.7666666666667,True
LVWR,2026-07-23 10:51:04+00:00,pre-market,"2.02,9.01",0.909,0.925000011920929,158.93333333333334,False,0.01760177329035084,158.93333333333334,True,158.93333333333334,True,158.93333333333334,True
LW,2026-07-24 12:00:54+00:00,pre-market,"2.02,9.01",49.18,49.0,89.1,False,-0.0036600244001626647,89.1,True,89.1,True,90.1,True
LW,2026-07-15 21:24:09+00:00,after-hours,"5.02,9.01",45.55,45.9900016784668,965.85,False,0.009659751448228393,968.85,True,976.85,True,2407.85,True
LWAY,2026-07-07 20:05:31+00:00,after-hours,"1.01,2.03,9.01",29.34000015258789,28.920000076293945,1044.4833333333333,False,-0.014314930951249472,1044.4833333333333,True,1219.4833333333333,True,2837.483333333333,True
LWLG,2026-07-20 13:00:14+00:00,pre-market,"5.02,7.01,9.01",6.230000019073486,6.349999904632568,29.766666666666666,False,0.019261618810866077,29.766666666666666,True,56.766666666666666,True,1534.7666666666667,True
LXFR,2026-07-28 20:30:28+00:00,after-hours,9.01,17.05,17.139999389648438,1019.5333333333333,False,0.005278556577620996,,False,,False,,False
LXFR,2026-07-27 12:31:57+00:00,pre-market,"1.01,8.01,9.01",17.05,17.399999618530273,60.05,False,0.02052783686394566,60.05,True,,False,,False
LXFR,2026-07-23 10:41:11+00:00,pre-market,"8.01,9.01",16.83,16.81999969482422,168.81666666666666,False,-0.00059419519761017,286.81666666666666,True,1626.8166666666666,True,,False
LXP,2026-07-20 10:53:56+00:00,pre-market,"1.01,5.03,7.01,9.01",58.51,61.61000061035156,156.06666666666666,False,0.05298240660317144,156.06666666666666,True,156.06666666666666,True,,False
LYFT,2026-07-27 20:09:22+00:00,after-hours,5.02,15.09,15.25,1040.6333333333334,False,0.01060304837640813,1041.6333333333334,True,1413.6333333333334,True,2753.633333333333,True
MAIN,2026-07-16 13:15:53+00:00,pre-market,"2.02,9.01",53.41,53.68000030517578,14.116666666666667,False,0.005055238816247698,19.116666666666667,True,53.11666666666667,True,1474.1166666666666,True
MAIN,2026-07-09 13:38:49+00:00,regular,"2.02,9.01",51.13999938964844,51.130001068115234,1.1833333333333333,True,-0.00019550883168817368,34.18333333333333,True,1433.1833333333334,True,10074.183333333332,True
MAMA,2026-07-07 21:07:59+00:00,after-hours,5.07,18.38,18.420000076293945,982.0166666666667,False,0.0021762827145781483,984.0166666666667,True,2422.016666666667,True,12664.016666666666,True
MAN,2026-07-16 11:30:19+00:00,pre-market,"2.02,9.01",39.02,47.099998474121094,119.68333333333334,False,0.20707325664072496,119.68333333333334,True,119.68333333333334,True,119.68333333333334,True
MANH,2026-07-28 20:02:18+00:00,after-hours,"2.02,9.01",168.52000427246094,195.40499877929688,1047.7,False,0.15953592348222734,1047.7,True,1047.7,True,1047.7,True
MARA,2026-07-09 12:09:02+00:00,pre-market,"1.01,2.01,7.01,9.01",12.02,12.859999656677246,80.96666666666667,False,0.06988349889161793,80.96666666666667,True,80.96666666666667,True,80.96666666666667,True
MASS,2026-07-08 20:30:11+00:00,after-hours,8.01,7.889999866485596,7.900000095367432,1019.8166666666667,False,0.0012674561534928852,1022.8166666666667,True,1022.8166666666667,True,1022.8166666666667,True
MATX,2026-07-15 21:20:31+00:00,after-hours,"2.02,9.01",208.9,215.10000610351562,969.4833333333333,False,0.029679301596532426,969.4833333333333,True,969.4833333333333,True,972.4833333333333,True
MBIN,2026-07-28 20:05:36+00:00,after-hours,"2.02,9.01",48.61000061035156,51.41999816894531,1044.4,False,0.05780698463919287,1044.4,True,1044.4,True,1044.4,True
MBLY,2026-07-23 10:41:04+00:00,pre-market,"2.02,9.01",8.789999961853027,8.25,168.93333333333334,False,-0.06143344302577103,168.93333333333334,True,168.93333333333334,True,168.93333333333334,True
MBLY,2026-07-23 10:40:30+00:00,pre-market,"5.02,7.01,9.01",8.789999961853027,8.25,169.5,False,-0.06143344302577103,169.5,True,169.5,True,169.5,True
MBOT,2026-07-21 12:30:28+00:00,pre-market,"7.01,9.01",1.7899999618530273,1.7949999570846558,59.53333333333333,False,0.0027932934850189994,71.53333333333333,True,405.53333333333336,True,10161.533333333333,True
MBOT,2026-07-07 12:30:39+00:00,pre-market,"7.01,8.01,9.01",1.934999942779541,1.9700000286102295,59.35,False,0.018087900188985317,59.35,True,60.35,True,1637.35,True
MBWM,2026-07-21 13:01:51+00:00,pre-market,"2.02,7.01,9.01",57.58000183105469,58.810001373291016,28.15,False,0.021361575253944443,28.15,True,28.15,True,10349.15,True
MBX,2026-07-13 20:46:20+00:00,after-hours,5.02,59.974998474121094,56.57500076293945,1003.6666666666666,False,-0.05669025089927637,1003.6666666666666,True,1003.6666666666666,True,1003.6666666666666,True
MCB,2026-07-21 20:20:28+00:00,after-hours,"2.02,7.01,9.01",99.07,87.72000122070312,1039.5333333333333,False,-0.1145654464449063,1039.5333333333333,True,1039.5333333333333,True,1039.5333333333333,True
MCB,2026-07-20 20:06:04+00:00,after-hours,"8.01,9.01",98.55,99.37000274658203,1043.9333333333334,False,0.00832067728647412,1109.9333333333334,True,2493.9333333333334,True,2493.9333333333334,True
MCBS,2026-07-24 20:00:31+00:00,after-hours,"2.02,9.01",36.57,35.70000076293945,3929.483333333333,False,-0.023789970934113946,3929.483333333333,True,3929.483333333333,True,3931.483333333333,True
MCBS,2026-07-15 20:00:19+00:00,after-hours,"8.01,9.01",35.83,35.91999816894531,1049.6833333333334,False,0.002511810464563613,1063.6833333333334,True,1079.6833333333334,True,16897.683333333334,True
MCHP,2026-07-24 20:16:56+00:00,after-hours,5.02,78.78,80.1500015258789,3913.0666666666666,False,0.01739021992737877,3913.0666666666666,True,3969.0666666666666,True,6794.066666666667,True
MCRB,2026-07-08 20:05:18+00:00,after-hours,"5.02,5.07,9.01",7.090000152587891,7.453499794006348,1044.7,False,0.051269341832916204,1044.7,True,1044.7,True,1044.7,True
MCRB,2026-07-08 12:00:09+00:00,pre-market,"7.01,8.01,9.01",8.079999923706055,7.909999847412109,89.85,False,-0.021039613601378737,89.85,True,89.85,True,96.85,True
MCRI,2026-07-20 21:38:32+00:00,after-hours,"2.02,8.01,9.01",124.26000213623047,118.83999633789062,951.4666666666667,False,-0.043618265774675535,951.4666666666667,True,951.4666666666667,True,953.4666666666667,True
MD,2026-07-24 21:00:13+00:00,after-hours,"5.02,7.01",26.26,26.450000762939453,3869.7833333333333,False,0.007235367971799356,3970.7833333333333,True,5690.783333333334,True,,False
MD,2026-07-15 11:00:15+00:00,pre-market,"2.02,7.01,9.01",24.11,24.280000686645508,149.75,False,0.007051044655558281,161.75,True,175.75,True,203.75,True
MDAI,2026-07-08 20:01:28+00:00,after-hours,"5.02,7.01,9.01",1.725000023841858,1.7400000095367432,1048.5333333333333,False,0.008695643760907146,1052.5333333333333,True,6924.533333333334,True,22722.533333333333,True
MDB,2026-07-06 20:05:10+00:00,after-hours,"5.03,5.07",357.7149963378906,368.9989929199219,1044.8333333333333,False,0.0315446562138888,1044.8333333333333,True,1044.8333333333333,True,9705.833333333334,True
MDRR,2026-07-22 20:06:54+00:00,after-hours,"1.01,9.01",11.680000305175781,11.3100004196167,1198.1,False,-0.03167807156607039,1198.1,True,1198.1,True,,False
MDRR,2026-07-13 12:30:52+00:00,pre-market,"8.01,9.01",11.5199,12.0,3222.133333333333,False,0.041675708990529525,3222.133333333333,True,3222.133333333333,True,,False
MED,2026-07-17 12:33:58+00:00,pre-market,"7.01,9.01",10.5,10.670000076293945,67.03333333333333,False,0.016190483456566263,67.03333333333333,True,314.03333333333336,True,7602.033333333334,True
MEDP,2026-07-22 20:15:39+00:00,after-hours,"2.02,9.01",528.12,650.0,1034.35,False,0.23078088313262146,1034.35,True,1034.35,True,1034.35,True
MEDS,2026-07-28 19:14:03+00:00,regular,"8.01,9.01",3.559999942779541,3.5899999141693115,21.95,False,0.008426958391001493,24.95,True,27.95,True,1108.95,True
MERC,2026-07-14 10:01:21+00:00,pre-market,"7.01,9.01",0.5845,0.5895000100135803,208.65,False,0.008554337063439332,210.65,True,211.65,True,240.65,True
MERC,2026-07-10 20:35:05+00:00,after-hours,"3.01,9.01",0.6416000127792358,0.640999972820282,3894.9166666666665,False,-0.0009352243563005569,3894.9166666666665,True,3895.9166666666665,True,3904.9166666666665,True
METC,2026-07-24 20:31:22+00:00,after-hours,9.01,10.345000267028809,10.510000228881836,3898.633333333333,False,0.0159497300719178,3899.633333333333,True,3901.633333333333,True,3958.633333333333,True
MGNX,2026-07-23 20:07:30+00:00,after-hours,8.01,4.005000114440918,4.010000228881836,1042.5,False,0.001248467989523716,1046.5,True,1048.5,True,1051.5,True
MGNX,2026-07-08 20:00:55+00:00,after-hours,5.02,4.659999847412109,4.630000114440918,1049.0833333333333,False,-0.006437711148821523,1049.0833333333333,True,1050.0833333333333,True,2492.0833333333335,True
MGNX,2026-07-07 20:30:13+00:00,after-hours,"2.01,7.01,9.01",4.75,4.690000057220459,1019.7833333333333,False,-0.012631566900956015,1019.7833333333333,True,1019.7833333333333,True,2541.7833333333333,True
MGTI,2026-07-06 21:30:52+00:00,after-hours,"1.01,3.02,5.02,5.03,9.01",0.0017999999690800905,0.00139999995008111,1061.1333333333334,False,-0.22222223659448437,1061.1333333333334,True,1061.1333333333334,True,1061.1333333333334,True
MGTX,2026-07-07 11:42:01+00:00,pre-market,"1.01,1.02,2.03,3.02,7.01,9.01",13.89,13.449999809265137,107.98333333333333,False,-0.03167747953454747,107.98333333333333,True,107.98333333333333,True,109.98333333333333,True
MIDD,2026-07-09 20:29:25+00:00,after-hours,9.01,133.1699981689453,133.5500030517578,1020.5833333333334,False,0.0028535322372718053,1050.5833333333333,True,1054.5833333333333,True,,False
MIDD,2026-07-06 12:30:10+00:00,pre-market,"1.01,2.01,5.02,7.01,9.01",140.88494873046875,141.25904846191406,59.833333333333336,False,0.002655356266346276,85.83333333333333,True,383.8333333333333,True,1499.8333333333333,True
MIND,2026-07-23 20:15:17+00:00,after-hours,5.07,5.519999980926514,5.46999979019165,1034.7166666666667,False,-0.009058005599208552,1051.7166666666667,True,1056.7166666666667,True,6794.716666666666,True
MITI,2026-07-21 21:39:31+00:00,after-hours,"3.02,5.02,8.01,9.01",0.09749999642372131,0.08460000157356262,973.4833333333333,False,-0.13230764434182252,973.4833333333333,True,973.4833333333333,True,973.4833333333333,True
MKZR,2026-07-28 17:53:11+00:00,regular,"7.01,9.01",1.309399962425232,1.2502000331878662,59.81666666666667,False,-0.04521149452892714,59.81666666666667,True,59.81666666666667,True,1186.8166666666666,True
MKZR,2026-07-14 01:13:01+00:00,closed,"7.01,8.01,9.01",1.725000023841858,1.6514999866485596,759.9833333333333,False,-0.04260871662459553,759.9833333333333,True,759.9833333333333,True,5096.983333333334,True
MLI,2026-07-21 16:09:15+00:00,regular,"2.02,9.01",60.564998626708984,60.650001525878906,1.75,True,0.0014034987385014297,11.75,True,28.75,True,2743.75,True
MLKN,2026-07-20 20:05:17+00:00,after-hours,"5.03,9.01",21.53,21.764999389648438,1044.7166666666667,False,0.010914973973452646,1044.7166666666667,True,2678.7166666666667,True,9684.716666666667,True
MLM,2026-07-15 20:09:13+00:00,after-hours,"1.01,2.03,9.01",569.32,572.8900146484375,1040.7833333333333,False,0.006270664386351266,1055.7833333333333,True,2496.7833333333333,True,,False
MMLP,2026-07-22 20:05:02+00:00,after-hours,"2.02,9.01",2.430000066757202,2.5,1044.9666666666667,False,0.02880655609866367,1044.9666666666667,True,1044.9666666666667,True,,False
MMM,2026-07-21 10:34:07+00:00,pre-market,"2.02,9.01",159.11,172.22000122070312,175.88333333333333,False,0.08239583445857024,175.88333333333333,True,175.88333333333333,True,175.88333333333333,True
MNKD,2026-07-24 20:01:26+00:00,after-hours,"3.02,8.01,9.01",4.13,4.21999979019165,3928.5666666666666,False,0.021791716753426282,3929.5666666666666,True,3933.5666666666666,True,5371.566666666667,True
MNPR,2026-07-22 12:00:09+00:00,pre-market,"7.01,9.01",113.57,113.02999877929688,89.85,False,-0.0047547875381096505,96.85,True,96.85,True,1531.85,True
MNSB,2026-07-21 13:32:16+00:00,regular,8.01,24.49,24.170000076293945,9.733333333333333,False,-0.01306655466337503,9.733333333333333,True,67.73333333333333,True,314.73333333333335,True
MNSB,2026-07-20 12:00:16+00:00,pre-market,"2.02,7.01,9.01",24.104999542236328,24.149999618530273,89.73333333333333,False,0.0018668358078619551,109.73333333333333,True,288.73333333333335,True,3076.733333333333,True
MNSB,2026-07-06 13:51:29+00:00,regular,7.01,24.600000381469727,24.860000610351562,24.516666666666666,False,0.010569114831302295,24.516666666666666,True,1781.5166666666667,True,21892.516666666666,True
MNST,2026-07-08 21:09:42+00:00,after-hours,"8.01,9.01",95.12000274658203,95.17500305175781,980.3,False,0.000578220180694311,1023.3,True,2535.3,True,11226.3,True
MOD,2026-07-24 20:05:16+00:00,after-hours,"7.01,9.01",241.79,245.6999969482422,3924.733333333333,False,0.01617104490773902,3924.733333333333,True,3939.733333333333,True,3975.733333333333,True
MOH,2026-07-22 20:20:41+00:00,after-hours,"2.02,9.01",221.74,219.5,1029.3166666666666,False,-0.0101019211689366,1029.3166666666666,True,1031.3166666666666,True,1032.3166666666666,True
MOVE,2026-07-07 21:10:57+00:00,after-hours,"3.02,5.02,5.03,5.07,8.01,9.01",16.729999542236328,16.649999618530273,979.05,False,-0.004781824620143427,979.05,True,981.05,True,2611.05,True
MPB,2026-07-28 12:02:09+00:00,pre-market,"7.01,9.01",37.76100158691406,38.02000045776367,87.85,False,0.006858898333336638,90.85,True,90.85,True,,False
MPB,2026-07-22 20:01:19+00:00,after-hours,"2.02,8.01,9.01",34.89,35.77000045776367,1048.6833333333334,False,0.025222139804060406,1048.6833333333334,True,1048.6833333333334,True,1067.6833333333334,True
MPLT,2026-07-27 11:07:27+00:00,pre-market,"7.01,8.01,9.01",36.61000061035156,12.5,142.55,False,-0.6585632397813838,142.55,True,142.55,True,142.55,True
MRAM,2026-07-17 20:22:19+00:00,after-hours,5.02,14.539999961853027,15.109999656677246,3907.6833333333334,False,0.039202179939454185,3907.6833333333334,True,3907.6833333333334,True,5347.683333333333,True
MRBK,2026-07-23 20:58:26+00:00,after-hours,7.01,19.75,19.989999771118164,994.5666666666667,False,0.012151887145223528,994.5666666666667,True,1106.5666666666666,True,8195.566666666668,True
MRNA,2026-07-08 11:08:16+00:00,pre-market,"5.02,7.01,9.01",79.77,78.30000305175781,141.73333333333332,False,-0.018427942186814428,141.73333333333332,True,141.73333333333332,True,160.73333333333332,True
MRSH,2026-07-21 11:02:42+00:00,pre-market,"2.02,9.01",182.1,186.64999389648438,147.3,False,0.024986237762132824,147.3,True,150.3,True,10592.3,True
MRTN,2026-07-23 20:07:09+00:00,after-hours,"2.02,7.01,9.01",16.889999389648438,16.6299991607666,1042.85,False,-0.01539373820470269,1042.85,True,1042.85,True,1046.85,True
MRVL,2026-07-09 21:19:10+00:00,after-hours,"8.01,9.01",243.3300018310547,239.94000244140625,970.8333333333334,False,-0.013931695081324746,970.8333333333334,True,973.8333333333334,True,5290.833333333333,True
MSA,2026-07-21 20:34:13+00:00,after-hours,5.02,169.99,170.02499389648438,1015.7833333333333,False,0.00020585855923505036,1049.7833333333333,True,2528.7833333333333,True,9672.783333333333,True
MSA,2026-07-09 20:53:50+00:00,after-hours,"8.01,9.01",167.85,167.7899932861328,997.1666666666666,False,-0.0003575020188690825,1021.1666666666666,True,1057.1666666666667,True,21172.166666666668,True
MSAI,2026-07-20 20:05:23+00:00,after-hours,"3.02,5.02,9.01",5.190000057220459,5.416999816894531,1060.6166666666666,False,0.043737910822999826,1060.6166666666666,True,1060.6166666666666,True,4240.616666666667,True
MSB,2026-07-14 20:45:14+00:00,after-hours,"2.02,9.01",25.459999084472656,25.309999465942383,1004.7666666666667,False,-0.005891579887045362,1050.7666666666667,True,2444.766666666667,True,8219.766666666666,True
MSBI,2026-07-28 13:28:54+00:00,pre-market,"7.01,9.01",32.79999923706055,33.5,1.1,True,0.021341487171393725,1.1,True,1.1,True,,False
MSBI,2026-07-23 20:07:22+00:00,after-hours,"2.02,7.01,9.01",31.0,31.059999465942383,1044.6333333333334,False,0.0019354666433026857,1056.6333333333334,True,1069.6333333333334,True,5370.633333333333,True
MSCI,2026-07-21 10:46:52+00:00,pre-market,"2.02,9.01",625.11,566.5800170898438,163.13333333333333,False,-0.09363149351339162,163.13333333333333,True,163.13333333333333,True,163.13333333333333,True
MSDL,2026-07-09 20:30:51+00:00,after-hours,"1.01,2.03,9.01",15.21,15.479999542236328,1019.15,False,0.017751449193709856,1019.15,True,1126.15,True,,False
MSDL,2026-07-06 20:11:21+00:00,after-hours,"7.01,9.01",15.38,15.489999771118164,1038.65,False,0.007152130761909126,1039.65,True,5671.65,True,,False
MSIF,2026-07-09 13:39:31+00:00,regular,"2.02,9.01",11.45009994506836,11.489999771118164,3.4833333333333334,False,0.0034846705479623097,53.483333333333334,True,1445.4833333333333,True,20265.483333333334,True
MSM,2026-07-17 13:15:12+00:00,pre-market,"5.02,9.01",125.63,124.73999786376953,14.8,False,-0.007084312156574568,63.8,True,5789.8,True,,False
MSS,2026-07-28 10:03:31+00:00,pre-market,"1.01,9.01",1.8200000524520874,1.7999999523162842,206.48333333333332,False,-0.010989065691980104,206.48333333333332,True,206.48333333333332,True,212.48333333333332,True
MSS,2026-07-27 20:05:18+00:00,after-hours,"7.01,8.01,9.01",1.8200000524520874,1.7999999523162842,1044.7,False,-0.010989065691980104,1044.7,True,1044.7,True,1050.7,True
MSS,2026-07-23 12:00:19+00:00,pre-market,"5.07,9.01",2.7850000858306885,2.7499001026153564,89.68333333333334,False,-0.012603225182617028,89.68333333333334,True,93.68333333333334,True,114.68333333333334,True
MSS,2026-07-20 20:05:21+00:00,after-hours,"3.03,5.03,7.01,9.01",2.198,2.1500000953674316,1044.65,False,-0.021837991188611627,1044.65,True,1044.65,True,1336.65,True
MSS,2026-07-06 20:30:52+00:00,after-hours,"1.01,2.01,9.01",0.6575000286102295,0.6047000288963318,1019.1333333333333,False,-0.08030417858004069,1019.1333333333333,True,1019.1333333333333,True,1019.1333333333333,True
MSS,2026-07-06 12:30:16+00:00,pre-market,"1.01,7.01,9.01",0.7211999893188477,0.830299973487854,59.733333333333334,False,0.15127563198114857,59.733333333333334,True,59.733333333333334,True,59.733333333333334,True
MTDR,2026-07-24 11:00:26+00:00,pre-market,"1.01,7.01,9.01",51.71,51.849998474121094,149.56666666666666,False,0.0027073771827710313,152.56666666666666,True,4469.566666666667,True,4573.566666666667,True
MTDR,2026-07-22 20:17:11+00:00,after-hours,"7.01,9.01",54.99,56.20000076293945,1032.8166666666666,False,0.02200401460155388,1038.8166666666666,True,1046.8166666666666,True,1338.8166666666666,True
MTNB,2026-07-24 21:00:37+00:00,after-hours,1.02,0.24140000343322754,0.3799999952316284,3869.383333333333,False,0.5741507449345928,3869.383333333333,True,3869.383333333333,True,3869.383333333333,True
MTNB,2026-07-13 12:05:22+00:00,pre-market,"1.01,3.02,3.03,5.01,5.02,5.03,7.01,8.01,9.01",0.775,0.5270000100135803,84.63333333333334,False,-0.31999998707925126,84.63333333333334,True,84.63333333333334,True,84.63333333333334,True
MTVA,2026-07-09 12:35:31+00:00,pre-market,"7.01,8.01,9.01",1.5499999523162842,1.590000033378601,60.483333333333334,False,0.025806504705075506,60.483333333333334,True,60.483333333333334,True,65.48333333333333,True
MTVA,2026-07-02 20:06:39+00:00,after-hours,"8.01,9.01",1.4900000095367432,1.409999966621399,5363.35,False,-0.05369130362637853,5363.35,True,5363.35,True,5363.35,True
MTX,2026-07-22 20:29:14+00:00,after-hours,"8.01,9.01",74.56,72.79000091552734,1020.7666666666667,False,-0.02373925810719768,1020.7666666666667,True,1020.7666666666667,True,,False
MTZ,2026-07-20 21:16:34+00:00,after-hours,2.03,336.61,348.0,973.4333333333333,False,0.03383737856866986,973.4333333333333,True,973.4333333333333,True,2438.4333333333334,True
MTZ,2026-07-07 20:37:09+00:00,after-hours,"1.01,2.03,3.02,5.02,9.01",358.85,371.25,1012.85,False,0.034554827922530285,1012.85,True,1012.85,True,1018.85,True
MVBF,2026-07-28 20:10:19+00:00,after-hours,"7.01,9.01",29.780000686645508,30.489999771118164,1039.6833333333334,False,0.02384147307259954,1039.6833333333334,True,1039.6833333333334,True,1049.6833333333334,True
MVBF,2026-07-28 20:08:34+00:00,after-hours,"2.02,9.01",29.780000686645508,30.489999771118164,1041.4333333333334,False,0.02384147307259954,1041.4333333333334,True,1041.4333333333334,True,1051.4333333333334,True
MVIS,2026-07-22 13:17:59+00:00,pre-market,"3.03,5.03,9.01",0.34,0.30790001153945923,12.016666666666667,False,-0.0944117307662965,12.016666666666667,True,12.016666666666667,True,12.016666666666667,True
MVIS,2026-07-13 20:01:28+00:00,after-hours,5.07,0.3771,0.38999998569488525,1048.5333333333333,False,0.03420839484191274,1048.5333333333333,True,1048.5333333333333,True,1050.5333333333333,True
MVIS,2026-07-07 13:15:17+00:00,pre-market,"7.01,9.01",0.361299991607666,0.36079999804496765,14.716666666666667,False,-0.0013838737179969751,14.716666666666667,True,14.716666666666667,True,14.716666666666667,True
MXL,2026-07-23 20:05:46+00:00,after-hours,"2.02,9.01",91.24500274658203,82.62999725341797,1044.2333333333333,False,-0.0944161897511343,1044.2333333333333,True,1044.2333333333333,True,1044.2333333333333,True
MYFW,2026-07-24 20:15:22+00:00,after-hours,"7.01,9.01",31.780000686645508,32.18000030517578,3914.633333333333,False,0.01258652013492112,3923.633333333333,True,3923.633333333333,True,4078.633333333333,True
MYFW,2026-07-23 20:15:31+00:00,after-hours,"2.02,7.01,9.01",31.950000762939453,31.5,1039.4833333333333,False,-0.014084530585095734,1039.4833333333333,True,1043.4833333333333,True,1044.4833333333333,True
MYSE,2026-07-22 20:15:13+00:00,after-hours,"8.01,9.01",2.4649999141693115,2.5299999713897705,1034.7833333333333,False,0.026369192488334692,1034.7833333333333,True,1034.7833333333333,True,8294.783333333333,True
MYSZ,2026-07-21 20:05:31+00:00,after-hours,"5.07,9.01",0.4137,0.4099999964237213,1044.4833333333333,False,-0.00894368763905895,1080.4833333333333,True,1234.4833333333333,True,1234.4833333333333,True
NABL,2026-07-24 20:30:11+00:00,after-hours,"5.02,9.01",4.08,4.190000057220459,3899.8166666666666,False,0.026960798338347747,3899.8166666666666,True,3899.8166666666666,True,3907.8166666666666,True
NABL,2026-07-13 10:45:13+00:00,pre-market,"5.02,8.01",4.23,4.320000171661377,164.78333333333333,False,0.021276636326566623,164.78333333333333,True,165.78333333333333,True,1617.7833333333333,True
NAMS,2026-07-24 12:03:32+00:00,pre-market,"8.01,9.01",30.530000686645508,30.8700008392334,86.46666666666667,False,0.011136591711136568,89.46666666666667,True,456.46666666666664,True,5877.466666666666,True
NAMS,2026-07-22 20:05:15+00:00,after-hours,5.02,31.7,30.635000228881836,1044.75,False,-0.03359620729079382,1044.75,True,1044.75,True,2843.75,True
NAUT,2026-07-27 23:29:38+00:00,after-hours,"2.02,9.01",1.66,1.6200000047683716,840.3666666666667,False,-0.024096382669655636,840.3666666666667,True,840.3666666666667,True,840.3666666666667,True
NB,2026-07-08 20:00:27+00:00,after-hours,5.02,4.69,4.71999979019165,1049.55,False,0.006396543750884831,1050.55,True,1050.55,True,6819.55,True
NBBK,2026-07-22 20:30:37+00:00,after-hours,"2.02,7.01,8.01,9.01",21.09,22.450000762939453,1019.3833333333333,False,0.06448557434516133,1019.3833333333333,True,1019.3833333333333,True,1019.3833333333333,True
NBHC,2026-07-27 20:53:14+00:00,after-hours,"7.01,9.01",42.53,42.915000915527344,996.7666666666667,False,0.009052455102923629,,False,,False,,False
NBHC,2026-07-21 20:11:19+00:00,after-hours,"2.02,7.01,9.01",45.67,43.994998931884766,1038.6833333333334,False,-0.036676178412858196,1038.6833333333334,True,1038.6833333333334,True,1038.6833333333334,True
NBR,2026-07-28 20:31:48+00:00,after-hours,"2.02,9.01",75.64,81.73999786376953,1019.2,False,0.08064513304824872,1019.2,True,1019.2,True,1019.2,True
NBTB,2026-07-27 20:30:40+00:00,after-hours,"2.02,9.01",52.47999954223633,52.22999954223633,1019.3333333333334,False,-0.004763719553747325,1019.3333333333334,True,1019.3333333333334,True,,False
NCDL,2026-07-10 20:30:54+00:00,after-hours,"1.01,2.03,9.01",12.88,12.6899995803833,3899.1,False,-0.014751585373967369,3899.1,True,9671.1,True,18418.1,True
NCIQ,2026-07-23 23:25:23+00:00,after-hours,"1.01,5.03,8.01,9.01",16.1299991607666,16.010000228881836,859.6166666666667,False,-0.007439487794682731,884.6166666666667,True,6613.616666666667,True,,False
NCPL,2026-07-09 20:30:34+00:00,after-hours,"1.01,3.02,9.01",0.5297999978065491,0.504800021648407,1019.4333333333333,False,-0.04718757316278921,1019.4333333333333,True,1019.4333333333333,True,1019.4333333333333,True
NCPL,2026-07-08 20:30:17+00:00,after-hours,"1.01,2.03,3.02,7.01,9.01",0.5242000222206116,0.5385000109672546,1019.7166666666667,False,0.02727964162623575,1019.7166666666667,True,1042.7166666666667,True,2473.7166666666667,True
NCRA,2026-07-08 21:00:15+00:00,after-hours,"1.01,5.03,8.01,9.01",1.8396999835968018,1.6698999404907227,989.75,False,-0.09229768148070683,989.75,True,989.75,True,989.75,True
NDAQ,2026-07-23 11:24:25+00:00,pre-market,"2.02,7.01,8.01,9.01",90.9,93.56999969482422,125.58333333333333,False,0.0293729339364599,125.58333333333333,True,125.58333333333333,True,7359.583333333333,True
NDLS,2026-07-24 11:55:26+00:00,pre-market,"2.02,9.01",12.520000457763672,15.369999885559082,94.56666666666666,False,0.22763572872140925,94.56666666666666,True,94.56666666666666,True,94.56666666666666,True
NDRA,2026-07-09 10:08:49+00:00,pre-market,8.01,4.76,4.769999980926514,201.18333333333334,False,0.0021008363290995202,204.18333333333334,True,204.18333333333334,True,204.18333333333334,True
NE,2026-07-27 21:28:17+00:00,after-hours,"2.02,7.01,9.01",43.11,41.41999816894531,961.7166666666667,False,-0.039202083763736684,961.7166666666667,True,961.7166666666667,True,962.7166666666667,True
NECB,2026-07-27 21:06:30+00:00,after-hours,"2.02,9.01",26.68000030517578,26.760000228881836,1007.5,False,0.002998497855734028,1039.5,True,1049.5,True,,False
NEM,2026-07-23 20:05:29+00:00,after-hours,"2.02,9.01",94.46,93.91999816894531,1044.5166666666667,False,-0.005716724868247702,1044.5166666666667,True,1398.5166666666667,True,8286.516666666666,True
NEO,2026-07-28 20:05:51+00:00,after-hours,"2.02,9.01",13.4,15.899999618530273,1044.15,False,0.18656713571121442,1044.15,True,1044.15,True,1044.15,True
NEO,2026-07-22 11:00:11+00:00,pre-market,"7.01,8.01,9.01",14.45,14.3100004196167,149.81666666666666,False,-0.0096885522756609,150.81666666666666,True,157.81666666666666,True,7381.816666666667,True
NEO,2026-07-20 21:27:16+00:00,after-hours,"7.01,8.01,9.01",14.24,14.220000267028809,962.7333333333333,False,-0.0014044756299994576,963.7333333333333,True,963.7333333333333,True,9638.733333333334,True
NESR,2026-07-21 20:05:30+00:00,after-hours,5.02,28.459999084472656,28.510000228881836,1044.5,False,0.0017568919893766743,1048.5,True,1048.5,True,8292.5,True
NEXM,2026-07-24 21:00:38+00:00,after-hours,"7.01,9.01",2.1700000762939453,2.2200000286102295,3869.366666666667,False,0.023041451870212448,3869.366666666667,True,3869.366666666667,True,5326.366666666667,True
NFLX,2026-07-22 21:20:20+00:00,after-hours,"8.01,9.01",68.6,68.62999725341797,969.6666666666666,False,0.0004372777466177258,1242.6666666666667,True,2526.6666666666665,True,8170.666666666667,True
NFLX,2026-07-16 20:03:19+00:00,after-hours,"2.02,9.01",75.05,65.88990020751953,1046.6833333333334,False,-0.12205329503638196,1046.6833333333334,True,1046.6833333333334,True,1046.6833333333334,True
NG,2026-07-22 20:30:29+00:00,after-hours,"1.01,8.01,9.01",6.21,6.079999923706055,1019.5166666666667,False,-0.020933989741376058,1019.5166666666667,True,1019.5166666666667,True,1112.5166666666667,True
NG,2026-07-22 11:00:43+00:00,pre-market,"7.01,9.01",5.625,6.078000068664551,149.28333333333333,False,0.08053334554036451,149.28333333333333,True,149.28333333333333,True,149.28333333333333,True
NGS,2026-07-24 19:03:43+00:00,regular,"1.01,3.03,5.03,8.01,9.01",35.89500045776367,36.150001525878906,1.2833333333333334,True,0.007104083155404561,41.28333333333333,True,55.28333333333333,True,,False
NGS,2026-07-10 18:01:50+00:00,regular,4.01,40.04999923706055,40.099998474121094,8.166666666666666,False,0.0012484204247944497,100.16666666666667,True,4048.1666666666665,True,5490.166666666667,True
NGS,2026-07-08 20:00:05+00:00,after-hours,7.01,40.71,41.16999816894531,1049.9166666666667,False,0.011299390050240943,1067.9166666666667,True,1158.9166666666667,True,12574.916666666666,True
NHI,2026-07-27 13:02:00+00:00,pre-market,"5.02,9.01",80.54,80.04000091552734,28.0,False,-0.006208083988982649,48.0,True,1587.0,True,,False
NIC,2026-07-21 20:16:05+00:00,after-hours,"2.02,7.01,9.01",167.91,170.0,1033.9166666666667,False,0.012447144303495916,1033.9166666666667,True,1036.9166666666667,True,,False
NIXX,2026-07-09 13:25:15+00:00,pre-market,"5.02,8.01,9.01",1.4299999475479126,1.4199999570846558,4.75,False,-0.006993000580457598,5.75,True,5.75,True,1446.75,True
NIXX,2026-07-02 21:16:02+00:00,after-hours,5.02,1.5125000476837158,1.5399999618530273,5293.966666666666,False,0.018181760861049723,5295.966666666666,True,5311.966666666666,True,5528.966666666666,True
NKSH,2026-07-23 20:30:14+00:00,after-hours,2.02,35.7599983215332,36.290000915527344,1031.7666666666667,False,0.014821102317418067,1052.7666666666667,True,1052.7666666666667,True,5392.766666666666,True
NKSH,2026-07-02 20:15:14+00:00,after-hours,8.01,36.95000076293945,36.0099983215332,5355.766666666666,False,-0.025439849039166074,5355.766666666666,True,5355.766666666666,True,18314.766666666666,True
NLCP,2026-07-15 13:00:09+00:00,pre-market,"5.02,7.01,9.01",15.350000381469727,15.350000381469727,29.85,False,0.0,151.85,True,8909.85,True,,False
NLY,2026-07-21 20:25:53+00:00,after-hours,"7.01,9.01",22.65,22.75,1024.1166666666666,False,0.004415011037527616,1025.1166666666666,True,1035.1166666666666,True,,False
NLY,2026-07-21 20:20:51+00:00,after-hours,"8.01,9.01",22.65,22.75,1029.15,False,0.004415011037527616,1030.15,True,1040.15,True,,False
NLY,2026-07-21 20:15:50+00:00,after-hours,"2.02,9.01",22.65,22.75,1034.1666666666667,False,0.004415011037527616,1035.1666666666667,True,1045.1666666666667,True,,False
NMAD,2026-07-10 15:43:15+00:00,regular,"7.01,9.01",6.279900074005127,6.200099945068359,8.75,False,-0.01270722909542632,8.75,True,38.75,True,4198.75,True
NMRA,2026-07-27 11:07:30+00:00,pre-market,"8.01,9.01",1.49,1.5099999904632568,142.5,False,0.013422812391447492,142.5,True,147.5,True,160.5,True
NNBR,2026-07-24 20:13:11+00:00,after-hours,"5.02,9.01",3.5199999809265137,3.700000047683716,3916.8166666666666,False,0.05113638287856559,3916.8166666666666,True,3916.8166666666666,True,5417.816666666667,True
NNBR,2026-07-23 20:05:35+00:00,after-hours,5.02,3.4200000762939453,3.4000000953674316,1044.4166666666667,False,-0.005847947508874518,1044.4166666666667,True,1044.4166666666667,True,1207.4166666666667,True
NNDM,2026-07-21 20:56:32+00:00,after-hours,"1.01,5.01,5.02,5.07,8.01,9.01",1.5,1.4900000095367432,993.4666666666667,False,-0.006666660308837891,995.4666666666667,True,1072.4666666666667,True,,False
NNDM,2026-07-21 20:05:15+00:00,after-hours,"8.01,9.01",1.5,1.4900000095367432,1044.75,False,-0.006666660308837891,1046.75,True,1123.75,True,,False
NNVC,2026-07-17 20:45:18+00:00,after-hours,"1.01,9.01",1.75,1.840000033378601,3884.7,False,0.051428590502057725,3884.7,True,3884.7,True,3944.7,True
NOEM,2026-07-27 21:25:15+00:00,after-hours,"5.03,5.07,8.01,9.01",10.850000381469727,10.460000038146973,1161.75,False,-0.03594473083971683,1161.75,True,1161.75,True,1208.75,True
NOEM,2026-07-21 19:33:15+00:00,regular,"7.01,9.01",10.579999923706055,10.62,2906.75,False,0.003780725574895172,8453.75,True,8453.75,True,9960.75,True
NOEM,2026-07-17 19:20:56+00:00,regular,"7.01,9.01",10.579999923706055,10.62,8679.066666666668,False,0.003780725574895172,14226.066666666668,True,14226.066666666668,True,15733.066666666668,True
NOEM,2026-07-13 20:30:43+00:00,after-hours,"1.01,2.03,3.02,8.01,9.01",10.482799530029297,10.510000228881836,2459.2833333333333,False,0.002594793382685534,14369.283333333333,True,19916.283333333333,True,21423.283333333333,True
NOG,2026-07-13 12:40:55+00:00,pre-market,"2.02,9.01",18.52,19.329999923706055,49.083333333333336,False,0.043736496960370186,49.083333333333336,True,49.083333333333336,True,118.08333333333333,True
NOTE,2026-07-27 22:01:09+00:00,after-hours,"5.02,9.01",0.11999999731779099,0.10999999940395355,928.85,False,-0.08333331781129005,928.85,True,928.85,True,928.85,True
NOTE,2026-07-24 20:05:35+00:00,after-hours,"8.01,9.01",0.11999999731779099,0.11999999731779099,3924.4166666666665,False,0.0,3931.4166666666665,True,3931.4166666666665,True,3931.4166666666665,True
NOVT,2026-07-27 12:15:15+00:00,pre-market,"2.01,2.03,7.01,9.01",141.54,144.0,74.75,False,0.017380245866892796,74.75,True,87.75,True,,False
NOW,2026-07-22 20:11:27+00:00,after-hours,"2.02,9.01",95.6,100.25,1038.55,False,0.048640167364016884,1038.55,True,1038.55,True,6798.55,True
NPB,2026-07-21 21:19:13+00:00,after-hours,"2.01,7.01",18.71,17.559999465942383,974.7833333333333,False,-0.06146448605332,974.7833333333333,True,974.7833333333333,True,974.7833333333333,True
NPCE,2026-07-28 20:31:40+00:00,after-hours,"7.01,9.01",15.289999961853027,14.600000381469727,1018.3333333333334,False,-0.045127507004890655,1018.3333333333334,True,1018.3333333333334,True,1055.3333333333333,True
NPKI,2026-07-28 20:25:11+00:00,after-hours,"5.02,9.01",12.94,12.899999618530273,1024.8166666666666,False,-0.003091219588077787,1027.8166666666666,True,1063.8166666666666,True,1369.8166666666666,True
NRC,2026-07-28 20:03:12+00:00,after-hours,"2.02,9.01",22.34,22.579999923706055,1046.8,False,0.010743058357477908,1051.8,True,1052.8,True,1058.8,True
NRDE,2026-07-21 20:30:36+00:00,after-hours,"2.01,5.03,8.01,9.01",1.840000033378601,1.8300000429153442,1046.4,False,-0.005434777327093299,1069.4,True,1069.4,True,2523.4,True
NRG,2026-07-15 12:48:25+00:00,pre-market,8.01,138.36,141.75999450683594,41.583333333333336,False,0.024573536476119706,41.583333333333336,True,41.583333333333336,True,1746.5833333333333,True
NRGV,2026-07-17 20:30:49+00:00,after-hours,"5.02,7.01,9.01",3.08,3.0799999237060547,3899.1833333333334,False,-2.4770761442027833e-08,3901.1833333333334,True,3995.1833333333334,True,5339.183333333333,True
NRIM,2026-07-23 12:35:37+00:00,pre-market,"1.01,7.01,9.01",27.55,27.110000610351562,54.38333333333333,False,-0.015970939733155665,54.38333333333333,True,74.38333333333334,True,,False
NRIM,2026-07-23 00:08:47+00:00,closed,"2.02,9.01",27.55,27.110000610351562,801.2166666666667,False,-0.015970939733155665,801.2166666666667,True,821.2166666666667,True,,False
NRIX,2026-07-09 20:09:51+00:00,after-hours,"2.02,9.01",24.65999984741211,24.860000610351562,1040.15,False,0.008110331069626664,1040.15,True,1044.15,True,1050.15,True
NRXP,2026-07-22 11:00:18+00:00,pre-market,8.01,4.460000038146973,4.414999961853027,149.7,False,-0.010089703118621896,149.7,True,163.7,True,1622.7,True
NSA,2026-07-14 20:19:06+00:00,after-hours,"5.07,8.01,9.01",44.709999084472656,44.709999084472656,1030.9,False,0.0,1034.9,True,3918.9,True,,False
NSA,2026-07-10 21:12:07+00:00,after-hours,"8.01,9.01",44.76,44.9900016784668,3857.883333333333,False,0.005138554031876685,3872.883333333333,True,9625.883333333333,True,,False
NSA,2026-07-08 12:30:24+00:00,pre-market,8.01,45.94,45.650001525878906,59.6,False,-0.006312548413606733,64.6,True,276.6,True,18844.6,True
NSLR,2026-07-21 12:30:30+00:00,pre-market,"1.01,2.03,5.02,7.01,9.01",10.760000228881836,10.869999885559082,59.5,False,0.010223016202359103,66.5,True,349.5,True,1514.5,True
NSLR,2026-07-08 21:28:42+00:00,after-hours,"2.02,8.01,9.01",11.470000267028809,11.579999923706055,961.3,False,0.00959020524118448,965.3,True,966.3,True,6906.3,True
NSPR,2026-07-23 21:00:13+00:00,after-hours,"3.01,9.01",0.6978999972343445,0.6948999762535095,989.7833333333333,False,-0.004298640195907089,1045.7833333333333,True,1069.7833333333333,True,5512.783333333334,True
NSPR,2026-07-02 21:00:35+00:00,after-hours,"5.02,9.01",0.6876000165939331,0.6728000044822693,5309.416666666667,False,-0.021524159037948465,5309.416666666667,True,5309.416666666667,True,,False
NSSC,2026-07-08 20:21:23+00:00,after-hours,"5.02,9.01",38.08000183105469,37.2599983215332,1028.6166666666666,False,-0.021533704571746193,1028.6166666666666,True,1028.6166666666666,True,1032.6166666666666,True
NTHI,2026-07-15 13:15:28+00:00,pre-market,"7.01,9.01",3.680000066757202,4.122399806976318,14.533333333333333,False,0.12021731853090878,14.533333333333333,True,14.533333333333333,True,14.533333333333333,True
NTHI,2026-07-02 21:11:43+00:00,after-hours,5.02,4.409999847412109,4.460000038146973,5298.283333333334,False,0.01133791212355817,5298.283333333334,True,6740.283333333334,True,16824.283333333333,True
NTIC,2026-07-09 12:00:27+00:00,pre-market,"2.02,9.01",8.899999618530273,8.270000457763672,89.55,False,-0.07078642559207637,89.55,True,89.55,True,89.55,True
NTIP,2026-07-06 19:50:22+00:00,regular,8.01,1.4739919900894165,1.4700000286102295,2.6333333333333333,False,-0.0027082653813775837,1063.6333333333334,True,1067.6333333333334,True,22690.633333333335,True
NTIP,2026-07-02 18:30:20+00:00,regular,8.01,1.4900000095367432,1.4850000143051147,1.6666666666666667,True,-0.0033557014762590764,5469.666666666667,True,5804.666666666667,True,28539.666666666668,True
NTRA,2026-07-06 20:05:18+00:00,after-hours,5.02,283.8,286.30499267578125,1044.7,False,0.00882661267012419,1046.7,True,2484.7,True,5584.7,True
NTRP,2026-07-22 13:15:36+00:00,pre-market,"1.01,2.03,3.02,9.01",1.840000033378601,1.909999966621399,14.4,False,0.038043441289652646,14.4,True,14.4,True,52.4,True
NTRP,2026-07-17 19:26:22+00:00,regular,5.02,1.899999976158142,1.8758000135421753,16.633333333333333,False,-0.012736822589282215,16.633333333333333,True,31.633333333333333,True,6893.633333333333,True
NTRP,2026-07-15 15:10:52+00:00,regular,"1.01,2.03,9.01",2.0199999809265137,2.0100998878479004,20.133333333333333,False,-0.0049010362238084415,31.133333333333333,True,56.13333333333333,True,121.13333333333334,True
NTST,2026-07-22 20:33:08+00:00,after-hours,"2.02,7.01,9.01",21.59,21.65999984741211,1016.8666666666667,False,0.003242234711074987,1047.8666666666666,True,2484.866666666667,True,,False
NUAI,2026-07-22 20:05:57+00:00,after-hours,1.01,5.8486,5.760000228881836,1044.05,False,-0.015148885394481448,1044.05,True,1044.05,True,1124.05,True
NUAI,2026-07-06 10:17:22+00:00,pre-market,"5.02,9.01",4.775000095367432,5.050000190734863,192.63333333333333,False,0.0575916418586524,192.63333333333333,True,192.63333333333333,True,194.63333333333333,True
NUE,2026-07-27 20:43:41+00:00,after-hours,"2.02,7.01,9.01",248.642,255.6999969482422,1006.3166666666667,False,0.02838618153104533,1006.3166666666667,True,1006.3166666666667,True,1009.3166666666667,True
NUTX,2026-07-21 21:22:07+00:00,after-hours,1.01,168.27,166.49000549316406,967.8833333333333,False,-0.010578204711689243,967.8833333333333,True,1011.8833333333333,True,1106.8833333333334,True
NUVB,2026-07-06 21:15:46+00:00,after-hours,"2.03,8.01,9.01",5.6,5.684999942779541,974.2333333333333,False,0.015178561210632324,974.2333333333333,True,975.2333333333333,True,2762.233333333333,True
NUWE,2026-07-24 20:15:51+00:00,after-hours,5.07,2.0199999809265137,2.0,3914.15,False,-0.009900980750178201,3914.15,True,3914.15,True,3918.15,True
NVA,2026-07-24 10:45:37+00:00,pre-market,"7.01,9.01",4.73,4.900000095367432,164.38333333333333,False,0.03594082354491146,164.38333333333333,True,164.38333333333333,True,6019.383333333333,True
NVA,2026-07-13 10:45:43+00:00,pre-market,"7.01,9.01",4.41,4.419899940490723,164.28333333333333,False,0.0022448844650164723,178.28333333333333,True,231.28333333333333,True,544.2833333333333,True
NVCR,2026-07-23 11:00:14+00:00,pre-market,"2.02,9.01",15.555000305175781,19.040000915527344,149.76666666666668,False,0.22404375068973548,149.76666666666668,True,149.76666666666668,True,149.76666666666668,True
NVEC,2026-07-22 20:05:03+00:00,after-hours,"2.02,8.01",85.98999786376953,108.9800033569336,1044.95,False,0.2673567399034733,1044.95,True,1044.95,True,1044.95,True
NVNO,2026-07-14 20:55:31+00:00,after-hours,"7.01,9.01",11.0,11.180000305175781,1000.4833333333333,False,0.016363664106889164,1000.4833333333333,True,1000.4833333333333,True,9846.483333333334,True
NVR,2026-07-23 17:54:44+00:00,regular,"2.02,9.01",6033.52978515625,6054.580078125,1.2666666666666666,True,0.0034888852327434883,63.266666666666666,True,121.26666666666667,True,1199.2666666666667,True
NVTS,2026-07-27 20:05:39+00:00,after-hours,"2.02,7.01,9.01",11.59,10.255000114440918,1044.35,False,-0.11518549487136165,1044.35,True,1044.35,True,1044.35,True
NVTS,2026-07-08 12:00:39+00:00,pre-market,"7.01,9.01",13.97,13.430000305175781,89.35,False,-0.0386542372816191,89.35,True,89.35,True,89.35,True
NVVE,2026-07-28 17:57:51+00:00,regular,1.02,1.2699999809265137,1.2699999809265137,5.15,False,0.0,26.15,True,26.15,True,90.15,True
NVVE,2026-07-23 16:39:39+00:00,regular,"3.01,9.01",8.555000305175781,6.920000076293945,10.35,False,-0.1911163261902702,0.35,True,0.35,True,0.35,True
NVVE,2026-07-21 20:42:27+00:00,after-hours,"1.02,9.01",7.170000076293945,7.75,1007.55,False,0.08089259658778802,1007.55,True,1007.55,True,1007.55,True
NVVE,2026-07-02 20:31:07+00:00,after-hours,"1.01,9.01",5.759999752044678,5.96999979019165,5338.883333333333,False,0.036458341525523075,5338.883333333333,True,5338.883333333333,True,5355.883333333333,True
NWBI,2026-07-27 20:05:27+00:00,after-hours,"2.02,9.01",15.40999984741211,15.869999885559082,1044.55,False,0.02985074903970375,1044.55,True,1044.55,True,,False
NWBI,2026-07-24 20:05:33+00:00,after-hours,"5.02,9.01",15.390000343322754,15.520000457763672,3924.45,False,0.008447050782381726,5364.45,True,5364.45,True,,False
NWBO,2026-07-17 23:48:55+00:00,after-hours,7.01,0.16500000655651093,0.17790000140666962,3701.0833333333335,False,0.07818178386399377,3701.0833333333335,True,3701.0833333333335,True,3701.0833333333335,True
NWFL,2026-07-27 13:00:36+00:00,pre-market,"7.01,9.01",32.630001068115234,33.0,29.4,False,0.011339225245883044,29.4,True,52.4,True,1558.4,True
NWFL,2026-07-22 12:12:53+00:00,pre-market,"2.02,7.01,9.01",30.899999618530273,30.31999969482422,102.11666666666666,False,-0.018770224299881177,102.11666666666666,True,120.11666666666666,True,3035.116666666667,True
NXGL,2026-07-09 20:15:25+00:00,after-hours,8.01,0.5070000290870667,0.510200023651123,1073.5833333333333,False,0.006311625996981762,1154.5833333333333,True,1154.5833333333333,True,1250.5833333333333,True
NXGL,2026-07-02 21:15:31+00:00,after-hours,5.02,0.5623999834060669,0.5410000085830688,5294.483333333334,False,-0.038051165459488834,5294.483333333334,True,5294.483333333334,True,5673.483333333334,True
NXPL,2026-07-15 22:20:43+00:00,after-hours,"1.01,8.01,9.01",6.78000020980835,6.449999809265137,916.2833333333333,False,-0.048672623942668136,916.2833333333333,True,916.2833333333333,True,926.2833333333333,True
NYC,2026-07-24 20:30:28+00:00,after-hours,"8.01,9.01",8.180000305175781,8.475000381469727,3909.5333333333333,False,0.036063577663596025,3909.5333333333333,True,3909.5333333333333,True,3956.5333333333333,True
NYC,2026-07-13 20:58:10+00:00,after-hours,5.02,8.4,8.430000305175781,1091.8333333333333,False,0.0035714649018787625,1094.8333333333333,True,1099.8333333333333,True,4237.833333333333,True
OBK,2026-07-22 20:03:51+00:00,after-hours,"2.02,8.01,9.01",51.63,50.900001525878906,1047.15,False,-0.01413903688012974,1047.15,True,1435.15,True,8246.15,True
OBK,2026-07-10 16:54:00+00:00,regular,"7.01,9.01",51.060001373291016,51.1349983215332,16.0,False,0.001468800356934974,4207.0,True,8453.0,True,20089.0,True
OBT,2026-07-28 20:45:05+00:00,after-hours,"2.02,9.01",38.959999084472656,38.790000915527344,1004.9166666666666,False,-0.0043634027962045074,1034.9166666666667,True,1034.9166666666667,True,,False
OCGN,2026-07-13 12:30:43+00:00,pre-market,"8.01,9.01",1.4604,1.4500000476837158,59.28333333333333,False,-0.007121303968970261,59.28333333333333,True,63.28333333333333,True,1505.2833333333333,True
ODFL,2026-07-23 12:57:50+00:00,pre-market,"8.01,9.01",232.8,235.0,32.166666666666664,False,0.009450171821305808,35.166666666666664,True,70.16666666666667,True,8672.166666666666,True
OFG,2026-07-21 12:45:45+00:00,pre-market,"2.02,9.01",50.0,52.34000015258789,44.25,False,0.04680000305175791,44.25,True,44.25,True,293.25,True
OGE,2026-07-28 18:20:15+00:00,regular,"2.02,9.01",49.630001068115234,49.625,1.75,True,-0.0001007670362200841,1149.75,True,1154.75,True,,False
OGEN,2026-07-06 20:05:39+00:00,after-hours,"1.01,5.02,5.07,9.01",0.58,0.5855000019073486,1062.35,False,0.009482761909221926,1434.35,True,4047.35,True,19851.35,True
OGN,2026-07-23 21:13:19+00:00,after-hours,5.07,13.56,13.579999923706055,976.6833333333333,False,0.001474920627290155,,False,,False,,False
OGN,2026-07-17 20:01:17+00:00,after-hours,8.01,13.52,13.520000457763672,3928.7166666666667,False,3.38582597514403e-08,,False,,False,,False
OGS,2026-07-13 20:15:15+00:00,after-hours,"5.02,7.01,9.01",80.38,80.97000122070312,1034.75,False,0.007340149548433983,1278.75,True,2474.75,True,,False
OGS,2026-07-08 20:36:01+00:00,after-hours,"7.01,9.01",78.23,78.21499633789062,1013.9833333333333,False,-0.00019178911043560287,1098.9833333333333,True,6776.983333333334,True,,False
OI,2026-07-28 20:30:26+00:00,after-hours,"2.02,9.01",9.06,7.789999961853027,1019.5666666666667,False,-0.14017660465198378,1019.5666666666667,True,1019.5666666666667,True,1019.5666666666667,True
OI,2026-07-10 20:31:23+00:00,after-hours,5.02,9.69,9.789999961853027,3898.616666666667,False,0.010319913503924472,3899.616666666667,True,3900.616666666667,True,5340.616666666667,True
OII,2026-07-24 21:01:54+00:00,after-hours,7.01,52.73,52.04999923706055,3868.1,False,-0.012895899164412139,3868.1,True,3883.1,True,5324.1,True
OII,2026-07-22 21:01:50+00:00,after-hours,"2.02,9.01",45.0,47.5,988.1666666666666,False,0.05555555555555558,988.1666666666666,True,988.1666666666666,True,989.1666666666666,True
OII,2026-07-07 21:06:21+00:00,after-hours,"1.01,2.03,7.01,9.01",39.88,40.55500030517578,983.65,False,0.016925784984347603,983.65,True,984.65,True,4084.65,True
OIS,2026-07-13 20:47:37+00:00,after-hours,"5.02,9.01",8.47,8.585000038146973,1002.3833333333333,False,0.013577336262924566,1002.3833333333333,True,1008.3833333333333,True,13962.383333333333,True
OKLO,2026-07-28 16:20:57+00:00,regular,5.02,40.099998474121094,40.060001373291016,1.05,True,-0.000997433973866424,79.05,True,102.05,True,1337.05,True
OLOX,2026-07-10 13:33:51+00:00,regular,"1.01,2.01,3.02,8.01,9.01",5.610000133514404,5.5,47.15,False,-0.019607866469959268,47.15,True,110.15,True,4316.15,True
OMER,2026-07-20 21:05:11+00:00,after-hours,8.01,9.63,9.859999656677246,984.8166666666667,False,0.023883661129516565,984.8166666666667,True,1303.8166666666666,True,4033.8166666666666,True
OMER,2026-07-06 12:30:27+00:00,pre-market,8.01,9.28,9.529999732971191,59.55,False,0.02693962639775771,59.55,True,59.55,True,64.55,True
OMEX,2026-07-24 20:30:04+00:00,after-hours,3.01,0.69,0.699999988079071,3899.9333333333334,False,0.014492736346479962,3905.9333333333334,True,3905.9333333333334,True,6915.933333333333,True
ONB,2026-07-22 11:12:53+00:00,pre-market,"2.02,9.01",26.15999984741211,26.350000381469727,137.11666666666667,False,0.0072630173993066816,143.11666666666667,True,7338.116666666667,True,,False
ONCY,2026-07-24 20:40:18+00:00,after-hours,3.01,0.8122,0.8011000156402588,3889.7,False,-0.013666565328418145,3889.7,True,3916.7,True,6797.7,True
ONCY,2026-07-20 13:03:03+00:00,pre-market,8.01,0.8533,0.878000020980835,26.95,False,0.02894646780831489,26.95,True,26.95,True,42.95,True
ONCY,2026-07-13 13:03:54+00:00,pre-market,8.01,0.8808000087738037,0.9735000133514404,26.1,False,0.10524523575639844,26.1,True,26.1,True,26.1,True
ONCY,2026-07-08 20:23:21+00:00,after-hours,"4.01,9.01",0.799,0.8289999961853027,1026.65,False,0.03754692889274436,1026.65,True,1026.65,True,1027.65,True
ONDS,2026-07-24 21:24:59+00:00,after-hours,"3.02,8.01,9.01",7.81,7.989999771118164,3845.016666666667,False,0.023047345853798307,3849.016666666667,True,3850.016666666667,True,5331.016666666666,True
ONDS,2026-07-06 11:54:51+00:00,pre-market,"1.01,2.01,3.02,7.01,8.01,9.01",7.409999847412109,7.559999942779541,95.15,False,0.020242928266701377,95.15,True,110.15,True,244.15,True
OPAL,2026-07-28 13:24:14+00:00,pre-market,"7.01,9.01",2.234999895095825,2.240000009536743,5.766666666666667,False,0.0022371877743214696,15.766666666666667,True,1502.7666666666667,True,1620.7666666666667,True
OPBK,2026-07-23 20:28:43+00:00,after-hours,"2.02,7.01,8.01",14.739999771118164,15.0,1021.2833333333333,False,0.017639093142408635,1021.2833333333333,True,1033.2833333333333,True,1083.2833333333333,True
OPK,2026-07-27 20:08:03+00:00,after-hours,"2.02,9.01",1.24,1.4399000406265259,1041.95,False,0.16120971018268215,1041.95,True,1041.95,True,1041.95,True
OPRT,2026-07-07 21:03:20+00:00,after-hours,1.01,5.684999942779541,5.65500020980835,986.6666666666666,False,-0.005276997937228467,988.6666666666666,True,988.6666666666666,True,1032.6666666666667,True
OPTT,2026-07-27 21:28:24+00:00,after-hours,"1.01,9.01",0.144,0.14149999618530273,961.6,False,-0.01736113760206426,961.6,True,961.6,True,966.6,True
OPTT,2026-07-23 20:56:00+00:00,after-hours,"1.01,1.02,2.02,5.02,9.01",0.1835,0.18199999630451202,994.0,False,-0.008174407059879929,994.0,True,994.0,True,997.0,True
OPTU,2026-07-06 20:45:29+00:00,after-hours,"1.01,2.03,9.01",1.24,1.2899999618530273,1004.5166666666667,False,0.04032254988147366,1004.5166666666667,True,1004.5166666666667,True,1009.5166666666667,True
OPXS,2026-07-20 21:02:16+00:00,after-hours,"1.01,2.03,9.01",12.010000228881836,12.070099830627441,1007.7333333333333,False,0.005004129941736046,1026.7333333333333,True,1026.7333333333333,True,1035.7333333333333,True
ORBS,2026-07-27 12:45:40+00:00,pre-market,"7.01,9.01",0.6038,0.625,44.333333333333336,False,0.03511096389532953,44.333333333333336,True,44.333333333333336,True,54.333333333333336,True
ORBS,2026-07-16 12:45:18+00:00,pre-market,"7.01,9.01",0.6643000245094299,0.6571999788284302,44.7,False,-0.010688010566073602,44.7,True,44.7,True,58.7,True
ORBS,2026-07-09 12:45:43+00:00,pre-market,"7.01,9.01",0.6561999917030334,0.6657000184059143,44.28333333333333,False,0.014477334384332297,58.28333333333333,True,59.28333333333333,True,161.28333333333333,True
ORC,2026-07-23 20:18:40+00:00,after-hours,"2.02,9.01",6.61,6.625400066375732,1031.3333333333333,False,0.0023298133700049295,1220.3333333333333,True,1252.3333333333333,True,,False
ORC,2026-07-13 20:17:29+00:00,after-hours,"2.02,9.01",6.72,6.815000057220459,1032.5166666666667,False,0.014136913276854068,1032.5166666666667,True,1096.5166666666667,True,,False
ORC,2026-07-08 21:11:50+00:00,after-hours,"8.01,9.01",6.74,6.769999980926514,978.1666666666666,False,0.004451035745773435,988.1666666666666,True,2418.1666666666665,True,,False
ORI,2026-07-23 12:10:13+00:00,pre-market,"2.02,9.01",41.6,40.90999984741211,79.78333333333333,False,-0.0165865421295166,79.78333333333333,True,79.78333333333333,True,7284.783333333334,True
ORLY,2026-07-10 20:31:18+00:00,after-hours,5.02,86.2699966430664,87.33000183105469,3898.7,False,0.012287066526430301,3898.7,True,6915.7,True,24124.7,True
ORRF,2026-07-22 12:00:19+00:00,pre-market,"2.02,7.01,9.01",41.19499969482422,41.04999923706055,89.68333333333334,False,-0.0035198557795326213,97.68333333333334,True,2969.6833333333334,True,8786.683333333332,True
OSBC,2026-07-22 20:05:10+00:00,after-hours,"2.02,9.01",23.40999984741211,23.010000228881836,1044.8333333333333,False,-0.01708669889523695,1044.8333333333333,True,1044.8333333333333,True,6812.833333333333,True
OSBC,2026-07-21 15:00:08+00:00,regular,8.01,23.5,23.5,1.8666666666666667,True,0.0,2789.866666666667,True,2789.866666666667,True,8557.866666666667,True
OSBC,2026-07-08 15:00:06+00:00,regular,5.02,22.649999618530273,22.6299991607666,1.9,True,-0.0008830224326940028,1349.9,True,7362.9,True,11511.9,True
OSK,2026-07-28 11:59:51+00:00,pre-market,"2.02,9.01",154.95,160.6750030517578,90.15,False,0.03694742208298041,90.15,True,90.15,True,1541.15,True
OSTX,2026-07-07 13:18:33+00:00,pre-market,9.01,1.61,1.6470999717712402,11.45,False,0.023043460727478315,13.45,True,14.45,True,16.45,True
OTEX,2026-07-17 12:35:43+00:00,pre-market,"5.02,8.01,9.01",23.40999984741211,23.360000610351562,54.28333333333333,False,-0.0021358068084769144,85.28333333333333,True,167.28333333333333,True,7360.283333333334,True
OTLK,2026-07-24 21:01:05+00:00,after-hours,"8.01,9.01",1.49,1.4199999570846558,3868.9166666666665,False,-0.04697989457405649,3868.9166666666665,True,3868.9166666666665,True,3868.9166666666665,True
OTLK,2026-07-23 23:54:03+00:00,after-hours,5.02,1.3049999475479126,1.350000023841858,815.95,False,0.03448281846945678,815.95,True,815.95,True,956.95,True
OTLK,2026-07-16 20:05:45+00:00,after-hours,"5.03,5.07,9.01",1.4550000429153442,1.399999976158142,1044.25,False,-0.03780073205152623,1044.25,True,1044.25,True,1045.25,True
OUST,2026-07-06 20:00:09+00:00,after-hours,"8.01,9.01",49.81999969482422,48.13999938964844,1049.85,False,-0.03372140336143592,1049.85,True,1049.85,True,1050.85,True
OVBC,2026-07-27 14:21:37+00:00,regular,2.02,43.79499816894531,42.650001525878906,1.3833333333333333,True,-0.02614446148963001,1.3833333333333333,True,1.3833333333333333,True,3069.383333333333,True
OVBC,2026-07-14 17:45:18+00:00,regular,8.01,43.349998474121094,43.07749938964844,6.7,False,-0.006286022931127233,76.7,True,2646.7,True,21655.7,True
OVID,2026-07-08 11:03:56+00:00,pre-market,5.02,2.755000114440918,2.681999921798706,146.06666666666666,False,-0.02649734650084623,146.06666666666666,True,146.06666666666666,True,192.06666666666666,True
OVLY,2026-07-23 16:41:54+00:00,regular,"2.02,7.01,9.01",32.5099983215332,32.38999938964844,89.1,False,-0.003691139282689049,1347.1,True,5954.1,True,7060.1,True
OVV,2026-07-23 21:03:26+00:00,after-hours,"2.02,8.01,9.01",61.39,61.7400016784668,986.5666666666667,False,0.005701281616986353,987.5666666666667,True,988.5666666666667,True,,False
OXY,2026-07-10 16:15:43+00:00,regular,"2.02,9.01",51.95000076293945,51.95949935913086,1.2833333333333334,True,0.0001828411174573663,198.28333333333333,True,4154.283333333334,True,4403.283333333334,True
PACB,2026-07-09 20:32:58+00:00,after-hours,5.02,1.61,1.6399999856948853,1017.0333333333333,False,0.01863353148750635,1020.0333333333333,True,1020.0333333333333,True,1079.0333333333333,True
PAG,2026-07-23 20:25:14+00:00,after-hours,8.01,215.54,215.64999389648438,1024.7666666666667,False,0.0005103177901288891,1130.7666666666667,True,7164.766666666666,True,8234.766666666666,True
PAG,2026-07-22 21:15:12+00:00,after-hours,8.01,214.57,212.97000122070312,974.8,False,-0.007456768324075491,974.8,True,6734.8,True,9624.8,True
PAYC,2026-07-09 20:10:15+00:00,after-hours,"5.02,7.01,9.01",139.56,142.07000732421875,1039.75,False,0.0179851484968383,1039.75,True,5373.75,True,5746.75,True
PAYX,2026-07-21 20:03:27+00:00,after-hours,"5.02,9.01",111.95999908447266,113.23799896240234,1046.55,False,0.011414789999823594,1116.55,True,2632.55,True,9687.55,True
PBH,2026-07-15 20:03:15+00:00,after-hours,"1.01,2.03,9.01",48.36,49.470001220703125,1046.75,False,0.022952878840015067,1046.75,True,1056.75,True,1356.75,True
PBH,2026-07-09 20:43:31+00:00,after-hours,9.01,48.48,49.040000915527344,1006.4833333333333,False,0.011551174000151487,1024.4833333333333,True,5330.483333333334,True,11091.483333333334,True
PBH,2026-07-06 12:05:15+00:00,pre-market,"1.01,2.03,7.01,9.01",49.42,49.25,84.75,False,-0.0034399028733306247,86.75,True,89.75,True,31766.75,True
PBI,2026-07-27 12:05:44+00:00,pre-market,"5.02,7.01,9.01",17.88,18.100000381469727,84.26666666666667,False,0.012304271894280072,84.26666666666667,True,88.26666666666667,True,4405.266666666666,True
PCB,2026-07-24 18:25:55+00:00,regular,"7.01,9.01",28.06999969482422,28.075000762939453,9.083333333333334,False,0.00017816416706817328,71.08333333333333,True,75.08333333333333,True,,False
PCB,2026-07-23 20:15:07+00:00,after-hours,"2.02,7.01,8.01,9.01",28.9,28.799999237060547,1048.8833333333334,False,-0.0034602340117457775,1060.8833333333334,True,1298.8833333333334,True,,False
PCG,2026-07-23 00:21:25+00:00,closed,"2.02,7.01,9.01",18.11,17.809999465942383,788.5833333333334,False,-0.01656546295182859,788.5833333333334,True,789.5833333333334,True,,False
PCVX,2026-07-15 20:05:37+00:00,after-hours,5.02,56.709999084472656,56.2599983215332,1044.3833333333334,False,-0.007935122027936448,1044.3833333333334,True,1216.3833333333334,True,19787.383333333335,True
PCYO,2026-07-09 15:00:20+00:00,regular,"2.02,5.02,7.01,9.01",10.569999694824219,10.664999961853027,3.6666666666666665,False,0.008987726563069565,121.66666666666667,True,1350.6666666666667,True,,False
PD,2026-07-14 20:09:35+00:00,after-hours,"5.02,7.01,9.01",10.994999885559082,11.100000381469727,1040.4166666666667,False,0.009549840564214485,1043.4166666666667,True,1045.4166666666667,True,4006.4166666666665,True
PDLB,2026-07-27 11:26:58+00:00,pre-market,"2.02,7.01,9.01",20.209999084472656,19.860000610351562,123.03333333333333,False,-0.017318084610404405,123.03333333333333,True,377.03333333333336,True,,False
PDM,2026-07-28 20:18:26+00:00,after-hours,"2.02,9.01",9.62,9.755000114440918,1031.5666666666666,False,0.014033275929409506,1031.5666666666666,True,1040.5666666666666,True,1067.5666666666666,True
PDYN,2026-07-08 11:04:42+00:00,pre-market,"2.02,7.01,8.01",5.37,5.880000114440918,145.3,False,0.09497208835026405,145.3,True,145.3,True,145.3,True
PEBK,2026-07-21 15:04:54+00:00,regular,5.02,42.377498626708984,42.5,1.1,True,0.002890717415156896,10.1,True,8584.1,True,,False
PEBK,2026-07-20 13:30:27+00:00,regular,"2.02,9.01",42.380001068115234,42.63999938964844,8.55,False,0.006134929565370317,17.55,True,18.55,True,,False
PEBO,2026-07-27 20:06:36+00:00,after-hours,"7.01,9.01",40.63999938964844,41.095001220703125,1043.4,False,0.01119591136535747,1043.4,True,1101.4,True,,False
PEBO,2026-07-27 17:35:38+00:00,regular,"2.02,9.01",40.58000183105469,40.56999969482422,3.3666666666666667,False,-0.00024647944256162013,1194.3666666666666,True,1240.3666666666666,True,,False
PEBO,2026-07-21 10:15:47+00:00,pre-market,"2.02,8.01,9.01",39.39,39.63999938964844,194.21666666666667,False,0.006346773029917152,195.21666666666667,True,195.21666666666667,True,10320.216666666667,True
PECO,2026-07-23 20:24:58+00:00,after-hours,"2.02,7.01,9.01",42.689998626708984,44.04999923706055,1025.0333333333333,False,0.03185759320921311,1028.0333333333333,True,1414.0333333333333,True,,False
PED,2026-07-24 21:30:36+00:00,after-hours,"5.02,9.01",12.065999984741211,11.65999984741211,3839.4,False,-0.033648279284148264,3839.4,True,3839.4,True,5446.4,True
PED,2026-07-17 21:30:37+00:00,after-hours,"5.02,9.01",12.13,12.0,3839.383333333333,False,-0.010717230008244094,3839.383333333333,True,4210.383333333333,True,4221.383333333333,True
PEGA,2026-07-21 20:08:31+00:00,after-hours,"2.02,9.01",30.989999771118164,26.43000030517578,1041.4833333333333,False,-0.14714422393097848,1041.4833333333333,True,1041.4833333333333,True,1041.4833333333333,True
PENG,2026-07-17 21:12:42+00:00,after-hours,"1.01,2.03,3.02,8.01,9.01",60.369998931884766,58.91999816894531,3857.3,False,-0.024018565323737806,3857.3,True,3857.3,True,3858.3,True
PENG,2026-07-07 20:09:58+00:00,after-hours,"2.02,9.01",62.709999084472656,68.0,1040.0333333333333,False,0.0843565777827795,1040.0333333333333,True,1040.0333333333333,True,1041.0333333333333,True
PESI,2026-07-28 13:15:10+00:00,pre-market,"2.02,5.07,9.01",15.68,15.380000114440918,14.833333333333334,False,-0.019132645762696576,14.833333333333334,True,15.833333333333334,True,16.833333333333332,True
PETS,2026-07-23 13:26:31+00:00,pre-market,"1.01,7.01,9.01",1.9550000429153442,2.119999885559082,3.4833333333333334,False,0.08439889464027117,3.4833333333333334,True,3.4833333333333334,True,3.4833333333333334,True
PFLT,2026-07-06 20:05:17+00:00,after-hours,"7.01,9.01",7.3,7.400000095367432,1044.7166666666667,False,0.01369864320101799,1044.7166666666667,True,2487.7166666666667,True,19900.716666666667,True
PFLT,2026-07-02 20:05:18+00:00,after-hours,"7.01,9.01",7.48,7.525000095367432,5364.7,False,0.006016055530405184,5366.7,True,5572.7,True,8289.7,True
PFSA,2026-07-27 10:08:35+00:00,pre-market,"5.02,7.01,8.01,9.01",1.71,1.3200000524520874,201.41666666666666,False,-0.2280701447648612,201.41666666666666,True,201.41666666666666,True,201.41666666666666,True
PFSA,2026-07-06 20:16:24+00:00,after-hours,"3.03,5.03,8.01,9.01",2.7899999618530273,2.890000104904175,1033.6,False,0.03584234566968614,1035.6,True,1055.6,True,1068.6,True
PGC,2026-07-27 20:52:34+00:00,after-hours,"2.02,7.01,9.01",47.029998779296875,45.380001068115234,997.4333333333333,False,-0.03508394118666203,997.4333333333333,True,997.4333333333333,True,997.4333333333333,True
PHGE,2026-07-28 13:15:40+00:00,pre-market,"1.01,3.02,9.01",0.1974,0.1850000023841858,14.333333333333334,False,-0.06281660393016308,14.333333333333334,True,14.333333333333334,True,14.333333333333334,True
PHGE,2026-07-10 21:10:14+00:00,after-hours,"8.01,9.01",0.2319,0.225600004196167,3859.766666666667,False,-0.027166864182117334,3859.766666666667,True,3859.766666666667,True,3859.766666666667,True
PHGE,2026-07-02 21:00:33+00:00,after-hours,"4.01,9.01",0.31804999709129333,0.3192000091075897,5309.45,False,0.003615821496034455,5309.45,True,5309.45,True,5309.45,True
PHIO,2026-07-21 11:07:31+00:00,pre-market,"5.02,8.01,9.01",1.0700000524520874,1.090000033378601,142.48333333333332,False,0.01869157004308586,142.48333333333332,True,153.48333333333332,True,174.48333333333332,True
PHM,2026-07-22 11:31:32+00:00,pre-market,"2.02,9.01",124.26,127.94999694824219,118.46666666666667,False,0.029695774571400158,118.46666666666667,True,118.46666666666667,True,7318.466666666666,True
PHUN,2026-07-16 20:05:16+00:00,after-hours,"7.01,9.01",2.140000104904175,2.059999942779541,1044.7333333333333,False,-0.037383251496717174,1044.7333333333333,True,1044.7333333333333,True,,False
PII,2026-07-27 23:24:21+00:00,after-hours,"2.02,9.01",74.7,77.97989654541016,845.65,False,0.043907584275905576,845.65,True,845.65,True,2287.65,True
PINE,2026-07-23 20:10:29+00:00,after-hours,"2.02,7.01,9.01",20.53,21.1299991607666,1039.5166666666667,False,0.029225482745572462,1039.5166666666667,True,1040.5166666666667,True,,False
PJT,2026-07-28 10:50:14+00:00,pre-market,"2.02,9.01",168.82,173.07000732421875,159.76666666666668,False,0.025174785713889092,170.76666666666668,True,175.76666666666668,True,3046.766666666667,True
PJT,2026-07-16 10:50:16+00:00,pre-market,"5.02,9.01",168.56,163.5399932861328,160.73333333333332,False,-0.02978171994463208,160.73333333333332,True,160.73333333333332,True,17474.733333333334,True
PKBK,2026-07-22 12:33:46+00:00,pre-market,"2.02,9.01",32.74,33.290000915527344,56.233333333333334,False,0.01679905056589326,56.233333333333334,True,114.23333333333333,True,8796.233333333334,True
PKE,2026-07-28 20:45:40+00:00,after-hours,5.07,34.36,34.040000915527344,1004.3333333333334,False,-0.009313128186049346,1007.3333333333334,True,1024.3333333333333,True,1046.3333333333333,True
PKE,2026-07-20 20:37:08+00:00,after-hours,"2.02,9.01",32.74,37.7400016784668,1012.8666666666667,False,0.1527184385603786,1012.8666666666667,True,1012.8666666666667,True,1012.8666666666667,True
PKE,2026-07-09 20:57:30+00:00,after-hours,5.02,36.37,35.81999969482422,992.5,False,-0.015122361978987642,992.5,True,1000.5,True,1003.5,True
PKG,2026-07-22 22:04:21+00:00,after-hours,"2.02,9.01",228.19,231.1199951171875,925.65,False,0.012840155647432017,926.65,True,1309.65,True,2592.65,True
PLAG,2026-07-21 12:00:31+00:00,pre-market,"7.01,9.01",0.550000011920929,0.5583500266075134,90.48333333333333,False,0.015181844555641533,109.48333333333333,True,109.48333333333333,True,109.48333333333333,True
PLAG,2026-07-14 00:33:20+00:00,closed,"1.01,9.01",1.8200000524520874,1.8700000047683716,786.6666666666666,False,0.02747250048093086,786.6666666666666,True,786.6666666666666,True,3688.6666666666665,True
PLBC,2026-07-16 13:00:07+00:00,pre-market,8.01,60.2400016784668,61.02000045776367,29.883333333333333,False,0.012948186546543283,29.883333333333333,True,40.88333333333333,True,66.88333333333334,True
PLBC,2026-07-15 13:05:57+00:00,pre-market,"7.01,9.01",58.36000061035156,58.0099983215332,25.05,False,-0.005997297552397196,32.05,True,33.05,True,1475.05,True
PLBC,2026-07-15 13:00:15+00:00,pre-market,"2.02,9.01",58.36000061035156,58.0099983215332,30.75,False,-0.005997297552397196,37.75,True,38.75,True,1480.75,True
PLCE,2026-07-17 20:30:32+00:00,after-hours,"5.02,9.01",2.9800000190734863,2.994999885559082,3899.4666666666667,False,0.0050335122112714625,3902.4666666666667,True,3906.4666666666667,True,3907.4666666666667,True
PLCE,2026-07-10 20:31:04+00:00,after-hours,"5.02,9.01",2.984999895095825,2.990000009536743,3898.9333333333334,False,0.0016750802735814307,3903.9333333333334,True,4078.9333333333334,True,13986.933333333332,True
PLCE,2026-07-07 20:30:29+00:00,after-hours,"1.01,2.03,5.02,9.01",3.26,3.1700000762939453,1019.5166666666667,False,-0.027607338560139416,1019.5166666666667,True,1019.5166666666667,True,1044.5166666666667,True
PLPC,2026-07-27 20:23:19+00:00,after-hours,"8.01,9.01",311.7900085449219,302.5299987792969,1026.6833333333334,False,-0.02969950771944263,1026.6833333333334,True,1026.6833333333334,True,1032.6833333333334,True
PLRX,2026-07-13 20:25:14+00:00,after-hours,5.02,1.1299999952316284,1.1502000093460083,1024.7666666666667,False,0.01787611876072548,1024.7666666666667,True,1027.7666666666667,True,10053.766666666666,True
PLUG,2026-07-13 11:15:41+00:00,pre-market,"1.01,2.02,7.01,9.01",2.2299,2.25,134.31666666666666,False,0.00901385712363778,160.31666666666666,True,170.31666666666666,True,1581.3166666666666,True
PLUR,2026-07-14 20:01:41+00:00,after-hours,8.01,1.6799999475479126,1.6799999475479126,1048.3166666666666,False,0.0,1062.3166666666666,True,1363.3166666666666,True,2506.3166666666666,True
PLUR,2026-07-13 20:05:19+00:00,after-hours,3.01,1.63,1.7699999809265137,1044.6833333333334,False,0.08588955885062188,1044.6833333333334,True,1044.6833333333334,True,1044.6833333333334,True
PLUS,2026-07-06 20:41:34+00:00,after-hours,"5.02,9.01",83.33,83.75,1008.4333333333333,False,0.0050402016080643985,1104.4333333333334,True,2800.4333333333334,True,3915.4333333333334,True
PMI,2026-07-22 00:51:39+00:00,closed,"5.03,8.01,9.01",0.1188,0.093299001455307,758.35,False,-0.2146548699048232,758.35,True,758.35,True,758.35,True
PMI,2026-07-21 18:01:48+00:00,regular,5.07,0.11540000140666962,0.11540000140666962,1.2,True,0.0,5.2,True,9.2,True,1168.2,True
PMI,2026-07-13 11:57:57+00:00,pre-market,"8.01,9.01",0.154,0.1542000025510788,92.05,False,0.0012987178641481467,119.05,True,144.05,True,270.05,True
PMI,2026-07-06 21:46:33+00:00,after-hours,"5.02,9.01",0.175,0.1648000031709671,943.45,False,-0.05828569616590218,943.45,True,943.45,True,943.45,True
PMI,2026-07-02 21:28:19+00:00,after-hours,"8.01,9.01",0.1694,0.16099999845027924,5281.683333333333,False,-0.049586786007796646,5281.683333333333,True,5281.683333333333,True,5281.683333333333,True
PMN,2026-07-28 10:05:27+00:00,pre-market,"7.01,8.01,9.01",11.765000343322754,14.0600004196167,204.55,False,0.19507012403926338,204.55,True,204.55,True,204.55,True
PMTS,2026-07-06 20:06:11+00:00,after-hours,8.01,20.475000381469727,20.360000610351562,1043.8166666666666,False,-0.005616594333362812,1045.8166666666666,True,1052.8166666666666,True,1068.8166666666666,True
PNNT,2026-07-06 20:05:17+00:00,after-hours,"7.01,9.01",3.43,3.4649999141693115,1044.7166666666667,False,0.010204056609128598,1045.7166666666667,True,1433.7166666666667,True,19805.716666666667,True
PNNT,2026-07-02 20:05:17+00:00,after-hours,"7.01,9.01",3.45,3.505000114440918,5364.716666666666,False,0.01594206215678784,5364.716666666666,True,5366.716666666666,True,25546.716666666667,True
PNR,2026-07-28 10:53:55+00:00,pre-market,"2.02,9.01",63.18,64.12999725341797,156.08333333333334,False,0.015036360452959308,156.08333333333334,True,157.08333333333334,True,535.0833333333334,True
PNR,2026-07-14 21:20:51+00:00,after-hours,"2.02,5.02,9.01",75.68,58.5,969.15,False,-0.22700845665961955,969.15,True,969.15,True,969.15,True
POLA,2026-07-27 22:30:32+00:00,after-hours,"1.01,3.02,7.01,9.01",1.4800000190734863,1.7300000190734863,899.4666666666667,False,0.168918916741978,899.4666666666667,True,899.4666666666667,True,899.4666666666667,True
POLA,2026-07-27 22:27:24+00:00,after-hours,"1.01,1.02,2.03,3.02,5.03,9.01",1.4800000190734863,1.7300000190734863,902.6,False,0.168918916741978,902.6,True,902.6,True,902.6,True
POLA,2026-07-16 21:28:19+00:00,after-hours,"5.03,9.01",1.600000023841858,1.5950000286102295,961.6833333333333,False,-0.003124996973201677,974.6833333333333,True,974.6833333333333,True,5338.683333333333,True
POLA,2026-07-07 21:25:42+00:00,after-hours,"1.01,2.03,3.02,9.01",1.644700050354004,1.6299999952316284,967.3,False,-0.008937833448239618,975.3,True,1138.3,True,3894.3,True
POLA,2026-07-06 21:25:16+00:00,after-hours,3.01,1.7273000478744507,1.7109999656677246,967.7333333333333,False,-0.00943674043591003,989.7333333333333,True,1003.7333333333333,True,2407.733333333333,True
POOL,2026-07-23 13:29:29+00:00,pre-market,"2.02,7.01,9.01",196.19,200.28500366210938,1.5166666666666666,True,0.02087264214337825,0.5166666666666667,True,0.5166666666666667,True,311.51666666666665,True
POWL,2026-07-06 20:13:58+00:00,after-hours,5.02,248.05,237.99000549316406,1036.0333333333333,False,-0.04055631730230169,1036.0333333333333,True,1036.0333333333333,True,1037.0333333333333,True
PRAX,2026-07-07 21:05:03+00:00,after-hours,8.01,323.94500732421875,325.0,984.95,False,0.003256702995658056,1001.95,True,1007.95,True,2483.95,True
PRAX,2026-07-02 20:30:20+00:00,after-hours,"4.01,9.01",318.9200134277344,321.29998779296875,5339.666666666667,False,0.007462605873035599,5343.666666666667,True,5662.666666666667,True,8491.666666666666,True
PRGO,2026-07-06 20:48:51+00:00,after-hours,"5.02,9.01",11.09,11.399999618530273,1001.15,False,0.02795307651309953,1001.15,True,1001.15,True,2626.15,True
PRGO,2026-07-06 20:45:07+00:00,after-hours,5.02,11.09,11.399999618530273,1004.8833333333333,False,0.02795307651309953,1004.8833333333333,True,1004.8833333333333,True,2629.883333333333,True
PRGS,2026-07-22 20:21:29+00:00,after-hours,"1.01,2.02,7.01,9.01",37.91,38.18000030517578,1028.5166666666667,False,0.007122139413763717,1106.5166666666667,True,1193.5166666666667,True,6889.516666666666,True
PRK,2026-07-27 20:15:15+00:00,after-hours,"2.02,7.01,8.01,9.01",189.35,197.6999969482422,1034.75,False,0.04409821467252284,1034.75,True,1034.75,True,1047.75,True
PRMB,2026-07-16 20:30:28+00:00,after-hours,5.02,25.39,25.290000915527344,1019.5333333333333,False,-0.003938522429013713,1058.5333333333333,True,1110.5333333333333,True,6786.533333333334,True
PRMB,2026-07-07 20:30:20+00:00,after-hours,5.02,24.9,24.34000015258789,1019.6666666666666,False,-0.02248995371132967,1019.6666666666666,True,1019.6666666666666,True,1023.6666666666666,True
PRME,2026-07-08 12:02:02+00:00,pre-market,8.01,3.9800000190734863,4.389999866485596,87.96666666666667,False,0.10301503654453614,87.96666666666667,True,87.96666666666667,True,87.96666666666667,True
PROF,2026-07-24 15:58:37+00:00,regular,"7.01,9.01",7.0,7.019999980926514,4.383333333333334,False,0.0028571401323591594,40.38333333333333,True,95.38333333333334,True,165.38333333333333,True
PROF,2026-07-16 20:45:18+00:00,after-hours,"7.01,9.01",6.784999847412109,6.699999809265137,1004.7,False,-0.012527640391825967,1004.7,True,1022.7,True,11309.7,True
PROF,2026-07-15 12:00:32+00:00,pre-market,"7.01,9.01",7.039999961853027,7.159999847412109,89.46666666666667,False,0.017045438382004896,89.46666666666667,True,126.46666666666667,True,2974.4666666666667,True
PROP,2026-07-22 11:45:12+00:00,pre-market,"5.02,7.01,9.01",0.8421000242233276,0.8607000112533569,104.8,False,0.022087622010442454,105.8,True,115.8,True,1779.8,True
PROP,2026-07-09 21:00:21+00:00,after-hours,3.01,0.8050000071525574,0.7900000214576721,989.65,False,-0.01863352243678007,989.65,True,989.65,True,1037.65,True
PRPL,2026-07-22 15:11:28+00:00,regular,3.01,6.630000114440918,6.519999980926514,91.53333333333333,False,-0.016591271736905555,91.53333333333333,True,196.53333333333333,True,285.53333333333336,True
PRPL,2026-07-06 22:16:20+00:00,after-hours,"5.02,5.07,9.01",0.35989999771118164,0.3571000099182129,913.6666666666666,False,-0.007779905003544196,921.6666666666666,True,1060.6666666666667,True,1223.6666666666667,True
PRSO,2026-07-24 21:00:27+00:00,after-hours,"3.01,5.08",0.6783999800682068,0.6992999911308289,3869.55,False,0.030807800230950422,3869.55,True,3869.55,True,6773.55,True
PRSO,2026-07-10 20:45:53+00:00,after-hours,"1.01,9.01",0.8108999729156494,0.8199999928474426,3884.116666666667,False,0.011222123857118182,3891.116666666667,True,3964.116666666667,True,4039.116666666667,True
PRSO,2026-07-02 21:13:01+00:00,after-hours,"1.01,3.02,7.01,9.01",0.822700023651123,0.7828999757766724,5296.983333333334,False,-0.048377351076056896,5296.983333333334,True,5296.983333333334,True,5296.983333333334,True
PRVA,2026-07-07 20:09:10+00:00,after-hours,5.02,27.23,27.139999389648438,1040.8333333333333,False,-0.0033052005270496343,2480.8333333333335,True,2867.8333333333335,True,12570.833333333334,True
PSBD,2026-07-15 20:52:32+00:00,after-hours,"1.01,9.01",10.25,10.220000267028809,997.4666666666667,False,-0.002926803216701579,1063.4666666666667,True,1136.4666666666667,True,6772.466666666666,True
PSBD,2026-07-14 20:15:16+00:00,after-hours,8.01,10.21,10.239999771118164,1034.7333333333333,False,0.0029382733710248132,1064.7333333333333,True,2645.733333333333,True,8482.733333333334,True
PSEC,2026-07-07 21:13:05+00:00,after-hours,5.07,2.2100000381469727,2.200000047683716,976.9166666666666,False,-0.0045248824844553726,977.9166666666666,True,3924.9166666666665,True,12877.916666666666,True
PSIX,2026-07-27 20:08:11+00:00,after-hours,"5.02,5.07,7.01,9.01",30.06,29.299999237060547,1041.8166666666666,False,-0.02528279317829185,1041.8166666666666,True,1041.8166666666666,True,1042.8166666666666,True
PSMT,2026-07-08 20:06:35+00:00,after-hours,"2.02,9.01",189.22000122070312,190.88999938964844,1043.4166666666667,False,0.008825695794164146,1044.4166666666667,True,1063.4166666666667,True,2742.4166666666665,True
PSNL,2026-07-20 21:26:43+00:00,after-hours,"1.01,9.01",13.29,13.4399995803833,963.2833333333333,False,0.011286650141708154,963.2833333333333,True,967.2833333333333,True,2790.2833333333333,True
PSNL,2026-07-20 13:18:31+00:00,pre-market,"2.02,7.01,9.01",15.39,14.75,11.483333333333333,False,-0.04158544509421702,11.483333333333333,True,11.483333333333333,True,11.483333333333333,True
PSTL,2026-07-07 21:13:02+00:00,after-hours,"1.01,2.03,8.01,9.01",24.67,24.670000076293945,976.9666666666667,False,3.0925797478431605e-09,981.9666666666667,True,1275.9666666666667,True,31258.966666666667,True
PUSA,2026-07-20 20:00:33+00:00,after-hours,"1.01,9.01",3.494999885559082,3.549999952316284,1049.45,False,0.015736786425789573,1049.45,True,1053.45,True,1179.45,True
PVH,2026-07-14 20:23:20+00:00,after-hours,"5.02,8.01,9.01",77.19,76.2249984741211,1026.6666666666667,False,-0.012501639148580157,1026.6666666666667,True,1078.6666666666667,True,11137.666666666666,True
PVLA,2026-07-14 20:48:25+00:00,after-hours,"8.01,9.01",150.00999450683594,146.77000427246094,1001.5833333333334,False,-0.021598495787074734,1001.5833333333334,True,1001.5833333333334,True,3968.5833333333335,True
PW,2026-07-08 15:35:11+00:00,regular,5.02,9.5600004196167,9.279999732971191,42.81666666666667,False,-0.029288773468143292,42.81666666666667,True,42.81666666666667,True,2972.8166666666666,True
PYPL,2026-07-28 11:02:42+00:00,pre-market,"2.02,9.01",56.07,57.400001525878906,147.3,False,0.02372037677686656,147.3,True,148.3,True,1839.3,True
QBTS,2026-07-27 11:01:47+00:00,pre-market,"7.01,9.01",16.21,18.170000076293945,148.21666666666667,False,0.12091302136298232,148.21666666666667,True,148.21666666666667,True,148.21666666666667,True
QBTS,2026-07-24 11:00:52+00:00,pre-market,"7.01,9.01",17.138,17.010000228881836,149.13333333333333,False,-0.007468769466575154,149.13333333333333,True,150.13333333333333,True,174.13333333333333,True
QBTS,2026-07-14 11:00:54+00:00,pre-market,"3.01,7.01,9.01",18.66,19.030000686645508,149.1,False,0.01982854697993064,155.1,True,156.1,True,3043.1,True
QBTS,2026-07-07 11:02:12+00:00,pre-market,"7.01,9.01",22.56,22.31999969482422,147.8,False,-0.01063831139963567,147.8,True,150.8,True,172.8,True
QCRH,2026-07-22 20:05:52+00:00,after-hours,"2.02,9.01",96.28500366210938,93.94000244140625,1044.1333333333334,False,-0.02435479183167899,1044.1333333333334,True,1044.1333333333334,True,2598.133333333333,True
QCRH,2026-07-22 20:05:44+00:00,after-hours,"7.01,9.01",96.28500366210938,93.94000244140625,1044.2666666666667,False,-0.02435479183167899,1044.2666666666667,True,1044.2666666666667,True,2598.266666666667,True
QRVO,2026-07-28 20:07:09+00:00,after-hours,"2.02,9.01",91.61000061035156,88.98999786376953,1042.85,False,-0.028599527662114044,1042.85,True,1042.85,True,,False
QS,2026-07-22 20:18:31+00:00,after-hours,"2.02,9.01",5.918,5.730000019073486,1031.4833333333333,False,-0.031767485793598116,1031.4833333333333,True,1031.4833333333333,True,1033.4833333333333,True
QS,2026-07-22 20:02:55+00:00,after-hours,"1.01,1.02",5.918,5.730000019073486,1047.0833333333333,False,-0.031767485793598116,1047.0833333333333,True,1047.0833333333333,True,1049.0833333333333,True
QTI,2026-07-28 20:21:29+00:00,after-hours,"5.07,8.01,9.01",2.640000104904175,2.809999942779541,1028.5166666666667,False,0.06439387542431052,1028.5166666666667,True,1028.5166666666667,True,1042.5166666666667,True
QTTB,2026-07-15 21:18:59+00:00,after-hours,"1.01,9.01",15.699600219726562,15.989999771118164,971.0166666666667,False,0.01849725772167843,971.0166666666667,True,981.0166666666667,True,1047.0166666666667,True
QTTB,2026-07-13 12:39:54+00:00,pre-market,"8.01,9.01",11.199999809265137,18.389999389648438,50.1,False,0.6419642591810952,50.1,True,50.1,True,50.1,True
QTTB,2026-07-13 11:09:59+00:00,pre-market,"7.01,8.01,9.01",11.199999809265137,18.389999389648438,140.01666666666668,False,0.6419642591810952,140.01666666666668,True,140.01666666666668,True,140.01666666666668,True
QUBT,2026-07-22 21:00:36+00:00,after-hours,"5.02,8.01,9.01",7.97,7.869999885559082,989.4,False,-0.012547065801871704,989.4,True,1082.4,True,2454.4,True
QXO,2026-07-23 21:07:12+00:00,after-hours,"8.01,9.01",13.83,13.880000114440918,982.8,False,0.003615337269769814,986.8,True,993.8,True,6762.8,True
QXO,2026-07-09 10:03:01+00:00,pre-market,"7.01,9.01",14.6619,14.76990032196045,206.98333333333332,False,0.007366052282476998,209.98333333333332,True,213.98333333333332,True,6315.983333333334,True
R,2026-07-23 10:55:24+00:00,pre-market,"2.02,7.01,9.01",276.37,272.2200012207031,154.6,False,-0.015016097186007493,154.6,True,157.6,True,1610.6,True
RAMP,2026-07-20 20:30:22+00:00,after-hours,5.02,37.78,37.875,1019.6333333333333,False,0.0025145579671783658,,False,,False,,False
RBB,2026-07-20 20:29:56+00:00,after-hours,"2.02,7.01,8.01,9.01",26.739999771118164,26.559999465942383,1020.0666666666667,False,-0.006731499877206448,1020.0666666666667,True,1020.0666666666667,True,,False
RBBN,2026-07-28 20:09:55+00:00,after-hours,"2.02,9.01",1.98,2.2899999618530273,1040.0833333333333,False,0.1565656372995088,1040.0833333333333,True,1040.0833333333333,True,1040.0833333333333,True
RC,2026-07-23 20:12:26+00:00,after-hours,5.07,1.48,1.4900000095367432,1037.5666666666666,False,0.006756763200502114,1053.5666666666666,True,1130.5666666666666,True,,False
RCAT,2026-07-22 13:00:29+00:00,pre-market,"5.02,8.01,9.01",8.579999923706055,8.345000267028809,29.516666666666666,False,-0.027389237618517415,29.516666666666666,True,29.516666666666666,True,120.51666666666667,True
RCKY,2026-07-28 20:13:17+00:00,after-hours,"2.02,9.01",42.73,50.01499938964844,1036.7166666666667,False,0.17048910343197843,1036.7166666666667,True,1036.7166666666667,True,1036.7166666666667,True
RCL,2026-07-28 10:32:13+00:00,pre-market,"2.02,9.01",307.07,304.989990234375,177.78333333333333,False,-0.006773731610463352,177.78333333333333,True,177.78333333333333,True,306.78333333333336,True
RCL,2026-07-20 20:30:21+00:00,after-hours,"5.02,7.01,9.01",286.16,289.260009765625,1019.65,False,0.0108331344898831,2617.65,True,3899.65,True,9659.65,True
RDW,2026-07-14 20:07:16+00:00,after-hours,5.02,9.74,10.119999885559082,1042.7333333333333,False,0.03901436196705155,1042.7333333333333,True,1042.7333333333333,True,1045.7333333333333,True
REFI,2026-07-13 20:30:15+00:00,after-hours,"1.01,3.02,7.01,9.01",10.73,10.869799613952637,1019.75,False,0.013028854981606441,1019.75,True,9662.75,True,12909.75,True
REKR,2026-07-15 18:13:28+00:00,regular,"2.02,7.01,9.01",0.6859999895095825,0.6833999752998352,1.5333333333333334,True,-0.0037901082354331317,11.533333333333333,True,33.53333333333333,True,96.53333333333333,True
RELL,2026-07-22 20:25:43+00:00,after-hours,"2.02,9.01",18.145000457763672,22.149900436401367,1024.2833333333333,False,0.22071644406733126,1024.2833333333333,True,1024.2833333333333,True,1024.2833333333333,True
RENX,2026-07-07 20:16:15+00:00,after-hours,"5.02,9.01",2.069999933242798,2.0999999046325684,1033.75,False,0.014492740269210325,1033.75,True,1123.75,True,2513.75,True
RES,2026-07-07 20:27:42+00:00,after-hours,"1.01,2.03,9.01",5.58,5.610000133514404,1022.3,False,0.005376368013334076,1023.3,True,1047.3,True,9663.3,True
REVB,2026-07-13 20:05:14+00:00,after-hours,"1.01,3.03,5.03,7.01,9.01",1.0,0.9700000286102295,1044.7666666666667,False,-0.029999971389770508,1044.7666666666667,True,1044.7666666666667,True,1367.7666666666667,True
REXR,2026-07-23 21:06:48+00:00,after-hours,"2.02,7.01,9.01",35.98,37.130001068115234,983.2,False,0.03196223090926176,983.2,True,983.2,True,1001.2,True
REZI,2026-07-13 11:14:35+00:00,pre-market,"7.01,9.01",33.94,34.939998626708984,135.41666666666666,False,0.02946371911340573,135.41666666666666,True,136.41666666666666,True,324.4166666666667,True
RFL,2026-07-08 20:45:51+00:00,after-hours,"7.01,9.01",2.45,2.450000047683716,1004.15,False,1.946274097441858e-08,1005.15,True,1013.15,True,1260.15,True
RGA,2026-07-09 21:07:31+00:00,after-hours,"5.02,9.01",230.49,230.44000244140625,982.4833333333333,False,-0.00021691855869565568,1047.4833333333333,True,5327.483333333334,True,11070.483333333334,True
RGEN,2026-07-28 11:13:43+00:00,pre-market,"2.02,9.01",131.06,139.6999969482422,136.28333333333333,False,0.06592398098765595,136.28333333333333,True,136.28333333333333,True,136.28333333333333,True
RGEN,2026-07-22 12:56:58+00:00,pre-market,"1.01,2.02,7.01,8.01,9.01",136.99,133.94500732421875,33.03333333333333,False,-0.02222784638135089,33.03333333333333,True,33.03333333333333,True,1473.0333333333333,True
RGLD,2026-07-21 13:05:12+00:00,pre-market,"2.02,9.01",187.36000061035156,191.0,24.8,False,0.019427836132529075,24.8,True,25.8,True,1464.8,True
RGNX,2026-07-20 11:34:30+00:00,pre-market,"8.01,9.01",9.870100021362305,10.289999961853027,115.5,False,0.04254262262610453,115.5,True,115.5,True,116.5,True
RGP,2026-07-22 21:16:43+00:00,after-hours,"2.02,9.01",4.619999885559082,3.9100000858306885,973.2833333333333,False,-0.15367961413758213,973.2833333333333,True,973.2833333333333,True,973.2833333333333,True
RGP,2026-07-16 20:02:46+00:00,after-hours,"1.01,1.02,2.03,5.02,9.01",4.684999942779541,4.679999828338623,1047.2333333333333,False,-0.0010672602992501945,1083.2333333333333,True,1182.2333333333333,True,5408.233333333334,True
RH,2026-07-23 19:17:27+00:00,regular,"7.01,9.01",165.0800018310547,165.22999572753906,1.55,True,0.0009086133681890374,33.55,True,1092.55,True,1202.55,True
RH,2026-07-08 21:21:33+00:00,after-hours,"7.01,9.01",162.59,160.85000610351562,968.45,False,-0.010701727636904912,968.45,True,973.45,True,8514.45,True
RHI,2026-07-23 20:01:20+00:00,after-hours,"2.02,9.01",37.880001068115234,37.9,2.6666666666666665,False,0.0005279548923138311,1048.6666666666667,True,1052.6666666666667,True,1088.6666666666667,True
RICK,2026-07-09 14:33:44+00:00,regular,"2.02,9.01",26.100000381469727,26.170000076293945,4.266666666666667,False,0.0026819806054070305,157.26666666666668,True,1401.2666666666667,True,,False
RIME,2026-07-24 21:12:54+00:00,after-hours,"1.01,3.02,5.02,9.01",0.4643000066280365,0.46000000834465027,3857.1,False,-0.009261249670476701,3872.1,True,3872.1,True,4221.1,True
RIME,2026-07-02 20:30:32+00:00,after-hours,"1.01,3.02,3.03,5.03,9.01",0.590499997138977,0.58160001039505,5339.466666666666,False,-0.015071950528447453,5339.466666666666,True,5350.466666666666,True,5565.466666666666,True
RITM,2026-07-28 10:45:21+00:00,pre-market,"2.02,9.01",9.23,9.460000038146973,164.65,False,0.024918747361535543,164.65,True,164.65,True,170.65,True
RJF,2026-07-22 20:15:23+00:00,after-hours,"2.02,9.01",168.01,169.35000610351562,1034.6166666666666,False,0.007975752059494301,1039.6166666666666,True,1039.6166666666666,True,8293.616666666667,True
RKTO,2026-07-21 12:20:32+00:00,pre-market,"8.01,9.01",0.824999988079071,0.8449000120162964,69.46666666666667,False,0.024121241484573286,69.46666666666667,True,72.46666666666667,True,89.46666666666667,True
RLI,2026-07-28 10:56:25+00:00,pre-market,"7.01,9.01",64.05,64.94000244140625,153.58333333333334,False,0.01389543234045676,153.58333333333334,True,157.58333333333334,True,,False
RLI,2026-07-22 20:16:00+00:00,after-hours,"2.02,9.01",58.99,57.76499938964844,1034.0,False,-0.020766241911367445,1034.0,True,1034.0,True,1337.0,True
RLI,2026-07-15 20:10:26+00:00,after-hours,"5.02,9.01",58.05,58.349998474121094,1039.5666666666666,False,0.005167932370733874,1041.5666666666666,True,1053.5666666666666,True,2481.5666666666666,True
RLMD,2026-07-28 12:35:34+00:00,pre-market,"7.01,9.01",5.2,5.25,54.43333333333333,False,0.009615384615384581,74.43333333333334,True,103.43333333333334,True,,False
RMBI,2026-07-27 21:06:37+00:00,after-hours,"2.02,9.01",15.369999885559082,15.454999923706055,996.3833333333333,False,0.005530256264141942,1026.3833333333334,True,1044.3833333333334,True,,False
RMBI,2026-07-17 18:35:42+00:00,regular,5.02,15.729999542236328,15.699999809265137,1.3,True,-0.0019071668051000579,4044.3,True,4044.3,True,,False
RMBS,2026-07-27 20:06:16+00:00,after-hours,"2.02,9.01",99.25,92.5,1043.7333333333333,False,-0.06801007556675065,1043.7333333333333,True,1043.7333333333333,True,1043.7333333333333,True
RMD,2026-07-07 21:24:32+00:00,after-hours,"2.02,7.01,9.01",218.92,214.4949951171875,965.4666666666667,False,-0.020212885450449858,965.4666666666667,True,965.4666666666667,True,1232.4666666666667,True
RMTI,2026-07-20 10:22:23+00:00,pre-market,"8.01,9.01",6.139999866485596,6.6554999351501465,187.61666666666667,False,0.08395766773193958,187.61666666666667,True,187.61666666666667,True,187.61666666666667,True
RNAZ,2026-07-20 20:15:27+00:00,after-hours,5.07,8.725000381469727,8.96500015258789,1048.55,False,0.02750713588825504,1048.55,True,1048.55,True,1050.55,True
RNAZ,2026-07-17 20:05:26+00:00,after-hours,"3.03,5.03,9.01",8.123200416564941,8.680000305175781,3924.5666666666666,False,0.06854439876620622,3924.5666666666666,True,3924.5666666666666,True,3924.5666666666666,True
RNAZ,2026-07-02 20:05:35+00:00,after-hours,8.01,8.789899826049805,8.899999618530273,5364.416666666667,False,0.012525716408527954,5372.416666666667,True,5372.416666666667,True,5389.416666666667,True
RNR,2026-07-22 20:32:32+00:00,after-hours,"2.02,9.01",319.69,324.510009765625,1017.4666666666667,False,0.015077136493556242,1018.4666666666667,True,2569.4666666666667,True,8549.466666666667,True
RNST,2026-07-28 20:37:35+00:00,after-hours,"2.02,7.01,9.01",43.89,42.83000183105469,1012.4166666666666,False,-0.02415124559000481,1012.4166666666666,True,1012.4166666666666,True,,False
RNTX,2026-07-21 20:10:17+00:00,after-hours,5.07,0.8939999938011169,0.890999972820282,1042.7166666666667,False,-0.0033557281897502733,1053.7166666666667,True,1053.7166666666667,True,1244.7166666666667,True
ROCK,2026-07-16 11:44:44+00:00,pre-market,"8.01,9.01",44.1349983215332,43.83000183105469,105.26666666666667,False,-0.00691053590297086,110.26666666666667,True,119.26666666666667,True,15950.266666666666,True
ROG,2026-07-28 20:07:09+00:00,after-hours,"2.02,7.01,9.01",119.18,122.55500030517578,1043.85,False,0.028318512377712546,1043.85,True,1043.85,True,1046.85,True
ROL,2026-07-22 20:06:26+00:00,after-hours,"2.02,9.01",43.47,37.68000030517578,1043.5666666666666,False,-0.13319530008797376,1043.5666666666666,True,1043.5666666666666,True,1043.5666666666666,True
ROP,2026-07-23 11:00:56+00:00,pre-market,"2.02,9.01",336.71,369.1499938964844,149.06666666666666,False,0.09634401679927662,149.06666666666666,True,149.06666666666666,True,149.06666666666666,True
RPM,2026-07-22 10:52:14+00:00,pre-market,"2.02,5.02,8.01,9.01",101.53,110.0,157.76666666666668,False,0.08342361863488623,157.76666666666668,True,157.76666666666668,True,157.76666666666668,True
RPT,2026-07-28 20:15:18+00:00,after-hours,"2.02,9.01",12.32,12.25,1034.7,False,-0.005681818181818232,1076.7,True,1142.7,True,,False
RPT,2026-07-21 10:30:25+00:00,pre-market,8.01,10.63,12.109999656677246,179.58333333333334,False,0.13922856600914812,179.58333333333334,True,179.58333333333334,True,179.58333333333334,True
RPT,2026-07-13 21:28:49+00:00,after-hours,"2.02,7.01,8.01,9.01",13.98,14.239999771118164,961.1833333333333,False,0.01859798076667829,961.1833333333333,True,961.1833333333333,True,969.1833333333333,True
RRC,2026-07-22 15:00:17+00:00,regular,"2.02,9.01",38.790000915527344,38.83000183105469,1.7166666666666666,True,0.0010312171844093498,22.716666666666665,True,1399.7166666666667,True,,False
RRC,2026-07-10 11:00:14+00:00,pre-market,2.02,36.73,36.45000076293945,149.76666666666668,False,-0.007623175525743098,149.76666666666668,True,160.76666666666668,True,322.76666666666665,True
RRGB,2026-07-24 20:30:43+00:00,after-hours,5.02,7.22,7.409999847412109,3899.2833333333333,False,0.026315768339627343,3899.2833333333333,True,3899.2833333333333,True,3915.2833333333333,True
RRGB,2026-07-23 20:30:03+00:00,after-hours,5.02,7.114999771118164,7.099999904632568,1026.95,False,-0.002108203368675343,1039.95,True,1039.95,True,1180.95,True
RS,2026-07-22 20:10:15+00:00,after-hours,"2.02,9.01",386.21,398.760009765625,1039.75,False,0.03249529987733357,1039.75,True,1039.75,True,1050.75,True
RTB,2026-07-27 21:30:53+00:00,after-hours,9.01,16.90999984741211,17.5,959.1166666666667,False,0.03489060661808252,959.1166666666667,True,959.1166666666667,True,1092.1166666666666,True
RTB,2026-07-17 18:03:29+00:00,regular,"8.01,9.01",17.0,17.299999237060547,2.5166666666666666,False,0.017647013944738,0.5166666666666667,True,9.516666666666667,True,4078.516666666667,True
RTB,2026-07-13 18:37:52+00:00,regular,"8.01,9.01",15.359999656677246,15.3149995803833,4.133333333333334,False,-0.002929692532537498,27.133333333333333,True,33.13333333333333,True,1135.1333333333334,True
RTX,2026-07-23 10:51:03+00:00,pre-market,"2.02,9.01",194.84,205.30999755859375,158.95,False,0.053736386566381356,158.95,True,158.95,True,158.95,True
RWAY,2026-07-15 20:49:20+00:00,after-hours,"1.01,2.03,9.01",5.635000228881836,5.679999828338623,1000.6666666666666,False,0.00798573161117977,1001.6666666666666,True,1221.6666666666667,True,12909.666666666666,True
RWAY,2026-07-14 12:30:16+00:00,pre-market,7.01,5.284999847412109,5.434999942779541,59.733333333333334,False,0.02838223267705131,59.733333333333334,True,59.733333333333334,True,70.73333333333333,True
RWT,2026-07-28 11:00:24+00:00,pre-market,"2.02,7.01,9.01",4.94,4.789999961853027,149.6,False,-0.030364380191694962,149.6,True,149.6,True,150.6,True
RWT,2026-07-07 13:31:50+00:00,regular,"2.02,7.01,9.01",4.579999923706055,4.635000228881836,1.1666666666666667,True,0.012008800456764224,1.1666666666666667,True,3.1666666666666665,True,46.166666666666664,True
RXST,2026-07-15 20:23:33+00:00,after-hours,"5.02,7.01,9.01",5.264999866485596,5.304999828338623,1026.45,False,0.007597333877945145,1027.45,True,1027.45,True,1237.45,True
RXST,2026-07-06 20:15:17+00:00,after-hours,"1.01,7.01,9.01",5.6,5.739999771118164,1034.7166666666667,False,0.02499995912824371,1035.7166666666667,True,1038.7166666666667,True,1046.7166666666667,True
RXST,2026-07-06 20:15:17+00:00,after-hours,"2.02,9.01",5.6,5.739999771118164,1034.7166666666667,False,0.02499995912824371,1035.7166666666667,True,1038.7166666666667,True,1046.7166666666667,True
RXT,2026-07-09 12:13:03+00:00,pre-market,"1.01,2.02,2.03,8.01,9.01",6.574999809265137,6.420000076293945,76.95,False,-0.023574104557809172,76.95,True,76.95,True,76.95,True
RYAM,2026-07-22 20:30:20+00:00,after-hours,"5.02,9.01",9.02,9.050000190734863,1019.6666666666666,False,0.0033259634961047,1019.6666666666666,True,1041.6666666666667,True,1292.6666666666667,True
RYN,2026-07-17 12:52:46+00:00,pre-market,"5.02,8.01,9.01",22.15,22.539899826049805,37.233333333333334,False,0.017602700950329897,48.233333333333334,True,175.23333333333332,True,5861.233333333334,True
SABS,2026-07-07 12:15:15+00:00,pre-market,"7.01,9.01",3.921999931335449,3.9100000858306885,74.75,False,-0.0030596240986354717,74.75,True,74.75,True,76.75,True
SAFT,2026-07-24 12:00:31+00:00,pre-market,"1.01,9.01",73.00499725341797,103.1500015258789,89.48333333333333,False,0.41291699755593925,89.48333333333333,True,89.48333333333333,True,89.48333333333333,True
SAFT,2026-07-23 21:07:20+00:00,after-hours,"7.01,9.01",73.00499725341797,103.1500015258789,982.6666666666666,False,0.41291699755593925,982.6666666666666,True,982.6666666666666,True,982.6666666666666,True
SANM,2026-07-27 20:03:48+00:00,after-hours,"2.02,9.01",208.9,184.73939514160156,1046.2,False,-0.11565631813498534,1046.2,True,1046.2,True,1046.2,True
SAR,2026-07-07 20:05:37+00:00,after-hours,"2.02,9.01",20.93,19.690000534057617,1044.3833333333334,False,-0.0592450772069939,1044.3833333333334,True,1044.3833333333334,True,1044.3833333333334,True
SATL,2026-07-28 20:34:57+00:00,after-hours,5.02,3.5399999618530273,3.5399999618530273,1015.05,False,0.0,1015.05,True,1018.05,True,1071.05,True
SBC,2026-07-14 21:00:30+00:00,after-hours,"3.01,3.03,5.03,5.07,9.01",3.0899999141693115,3.0999999046325684,989.5,False,0.00323624295826086,1314.5,True,2512.5,True,11111.5,True
SBCF,2026-07-28 20:06:10+00:00,after-hours,"2.02,7.01,9.01",33.650001525878906,33.185001373291016,1043.8333333333333,False,-0.013818726047613361,1043.8333333333333,True,1151.8333333333333,True,,False
SBEV,2026-07-14 13:00:43+00:00,pre-market,"7.01,9.01",0.1251,0.10890000313520432,29.283333333333335,False,-0.12949637781611256,29.283333333333335,True,29.283333333333335,True,29.283333333333335,True
SBEV,2026-07-13 20:30:58+00:00,after-hours,1.01,0.1251,0.10890000313520432,1019.0333333333333,False,-0.12949637781611256,1019.0333333333333,True,1019.0333333333333,True,1019.0333333333333,True
SBEV,2026-07-10 20:30:49+00:00,after-hours,3.02,0.1455,0.14390000700950623,3899.1833333333334,False,-0.010996515398582596,3899.1833333333334,True,3899.1833333333334,True,3946.1833333333334,True
SBEV,2026-07-09 13:00:27+00:00,pre-market,"3.01,7.01,9.01",0.16859999299049377,0.1826999932527542,29.55,False,0.08362989827084655,29.55,True,29.55,True,29.55,True
SBEV,2026-07-06 20:30:33+00:00,after-hours,"1.01,3.02,5.03,9.01",0.2007,0.14970000088214874,1019.45,False,-0.2541106084596475,1019.45,True,1019.45,True,1019.45,True
SBFM,2026-07-20 20:27:24+00:00,after-hours,"1.01,9.01",1.7000000476837158,1.774999976158142,1028.6,False,0.044117603747491074,1028.6,True,1028.6,True,1100.6,True
SBFM,2026-07-10 20:54:05+00:00,after-hours,"1.01,9.01",2.119999885559082,2.049999952316284,3877.9166666666665,False,-0.03301883821769058,3877.9166666666665,True,3877.9166666666665,True,3916.9166666666665,True
SBRA,2026-07-21 13:05:09+00:00,pre-market,"7.01,9.01",19.989999771118164,20.290000915527344,24.85,False,0.015007561172793338,24.85,True,25.85,True,56.85,True
SBSI,2026-07-23 21:51:02+00:00,after-hours,"2.02,9.01",34.09,34.5,938.9666666666667,False,0.012026987386330124,940.9666666666667,True,963.9666666666667,True,5265.966666666666,True
SCLX,2026-07-22 21:30:55+00:00,after-hours,"1.01,2.01,9.01",7.130000114440918,7.019999980926514,959.0833333333334,False,-0.015427788464072112,959.0833333333334,True,1061.0833333333333,True,2474.0833333333335,True
SCLX,2026-07-06 10:15:40+00:00,pre-market,"1.01,3.02,7.01,9.01",7.820000171661377,7.679999828338623,194.33333333333334,False,-0.01790285680940218,194.33333333333334,True,194.33333333333334,True,194.33333333333334,True
SCWO,2026-07-08 20:30:36+00:00,after-hours,"5.02,9.01",1.9500000476837158,1.940000057220459,1035.4,False,-0.0051282001121667475,1037.4,True,1051.4,True,1408.4,True
SDEV,2026-07-17 20:15:27+00:00,after-hours,"5.02,9.01",1.25,1.2200000286102295,3914.55,False,-0.02399997711181645,3914.55,True,3914.55,True,5686.55,True
SDOT,2026-07-24 12:00:37+00:00,pre-market,"1.01,9.01",18.889999389648438,18.010000228881836,89.38333333333334,False,-0.046585452048708564,89.38333333333334,True,89.38333333333334,True,89.38333333333334,True
SDOT,2026-07-17 12:30:41+00:00,pre-market,"1.01,2.01,2.03,3.02,3.03,5.03,8.01,9.01",14.0600004196167,22.950000762939453,59.31666666666667,False,0.6322901904696465,59.31666666666667,True,59.31666666666667,True,59.31666666666667,True
SDOT,2026-07-16 12:31:01+00:00,pre-market,"1.01,1.02,9.01",15.0600004196167,14.319999694824219,58.983333333333334,False,-0.04913683294647042,58.983333333333334,True,58.983333333333334,True,58.983333333333334,True
SDOT,2026-07-08 20:30:55+00:00,after-hours,"1.01,3.02,9.01",20.0,26.489999771118164,1019.0833333333334,False,0.3244999885559081,1019.0833333333334,True,1019.0833333333334,True,1019.0833333333334,True
SDOT,2026-07-06 20:06:48+00:00,after-hours,"5.02,9.01",48.2400016784668,46.5099983215332,1043.2,False,-0.03586242323258104,1043.2,True,1043.2,True,1047.2,True
SDST,2026-07-24 20:05:30+00:00,after-hours,5.02,1.5850000381469727,1.6299999952316284,3924.5,False,0.028391139433198598,3924.5,True,3938.5,True,3980.5,True
SDST,2026-07-02 21:00:37+00:00,after-hours,5.02,1.7000000476837158,1.7000000476837158,5310.383333333333,False,0.0,5328.383333333333,True,5328.383333333333,True,5380.383333333333,True
SEIC,2026-07-22 20:03:39+00:00,after-hours,"2.02,7.01,9.01",98.75,102.28500366210938,1046.35,False,0.03579750543908222,1049.35,True,1131.35,True,8628.35,True
SER,2026-07-23 20:51:27+00:00,after-hours,"5.02,9.01",2.09,2.130000114440918,998.55,False,0.01913881073728141,998.55,True,1037.55,True,,False
SER,2026-07-22 21:03:59+00:00,after-hours,5.02,2.17,2.2300000190734863,986.0166666666667,False,0.027649778374878586,986.0166666666667,True,986.0166666666667,True,1120.0166666666667,True
SEVN,2026-07-28 20:30:54+00:00,after-hours,"2.02,9.01",8.020000457763672,8.068400382995605,1019.1,False,0.00603490305104426,1037.1,True,1039.1,True,2498.1,True
SEZL,2026-07-14 20:27:06+00:00,after-hours,"2.02,9.01",182.69000244140625,188.0,1022.9,False,0.02906561655062001,1022.9,True,1026.9,True,1119.9,True
SF,2026-07-22 11:00:18+00:00,pre-market,"2.02,9.01",77.61,78.5270004272461,149.7,False,0.011815493199923921,171.7,True,182.7,True,7349.7,True
SFBS,2026-07-20 21:00:32+00:00,after-hours,"8.01,9.01",85.58,88.19999694824219,990.4666666666667,False,0.030614593926644007,990.4666666666667,True,990.4666666666667,True,1008.4666666666667,True
SFBS,2026-07-20 20:04:15+00:00,after-hours,"2.02,7.01,9.01",85.58,88.19999694824219,1046.75,False,0.030614593926644007,1046.75,True,1046.75,True,1064.75,True
SFNC,2026-07-16 20:30:53+00:00,after-hours,"2.02,7.01,9.01",23.25,22.989999771118164,1019.1166666666667,False,-0.011182805543304752,1019.1166666666667,True,1019.1166666666667,True,,False
SFST,2026-07-21 12:30:36+00:00,pre-market,"2.02,7.01,9.01",61.540000915527344,60.470001220703125,59.4,False,-0.01738706010571811,59.4,True,62.4,True,79.4,True
SGI,2026-07-27 20:05:53+00:00,after-hours,"1.01,2.03,7.01,9.01",72.91,73.33999633789062,1044.1166666666666,False,0.005897631845983131,1056.1166666666666,True,1057.1166666666666,True,2484.116666666667,True
SGLY,2026-07-13 20:05:20+00:00,after-hours,"1.01,3.02,9.01",0.2879999876022339,0.23000000417232513,1044.6666666666667,False,-0.20138884002319613,1044.6666666666667,True,1044.6666666666667,True,1044.6666666666667,True
SGMOQ,2026-07-20 20:44:31+00:00,after-hours,"1.03,3.01",0.07400000095367432,0.07000000029802322,1005.4833333333333,False,-0.05405406221758269,1005.4833333333333,True,1005.4833333333333,True,1005.4833333333333,True
SGMT,2026-07-21 01:35:30+00:00,closed,"7.01,9.01",7.16,7.195000171661377,714.5,False,0.004888292131477234,716.5,True,891.5,True,9555.5,True
SGRP,2026-07-23 20:08:36+00:00,after-hours,"8.01,9.01",0.2800999879837036,0.4000000059604645,5362.4,False,0.42806148918412923,5362.4,True,5362.4,True,5362.4,True
SGRP,2026-07-15 20:39:37+00:00,after-hours,"3.01,5.07",0.8618999719619751,0.7950000166893005,1010.3833333333333,False,-0.07761916399694002,1010.3833333333333,True,1010.3833333333333,True,1010.3833333333333,True
SGRP,2026-07-06 20:05:17+00:00,after-hours,8.01,0.8299000263214111,0.8600000143051147,1044.7166666666667,False,0.0362694144222695,1044.7166666666667,True,1044.7166666666667,True,4147.716666666666,True
SGRY,2026-07-24 13:01:47+00:00,pre-market,"1.01,7.01,9.01",15.220000267028809,16.21500015258789,28.216666666666665,False,0.06537449856124877,28.216666666666665,True,28.216666666666665,True,28.216666666666665,True
SGU,2026-07-17 21:00:22+00:00,after-hours,"5.02,9.01",13.09,12.979999542236328,3869.633333333333,False,-0.008403396315024625,3925.633333333333,True,13949.633333333333,True,,False
SGU,2026-07-16 15:39:40+00:00,regular,"8.01,9.01",13.199999809265137,13.0649995803833,13.333333333333334,False,-0.010227290214586127,13.333333333333334,True,8510.333333333334,True,17506.333333333332,True
SHBI,2026-07-24 20:00:40+00:00,after-hours,"7.01,9.01",23.61,24.0,3929.3333333333335,False,0.016518424396442244,3929.3333333333335,True,3932.3333333333335,True,,False
SHBI,2026-07-23 20:11:11+00:00,after-hours,"3.01,9.01",22.9,23.06999969482422,1038.8166666666666,False,0.007423567459572844,1040.8166666666666,True,1065.8166666666666,True,5359.816666666667,True
SHBI,2026-07-23 20:00:46+00:00,after-hours,"2.02,9.01",22.9,23.06999969482422,1049.2333333333333,False,0.007423567459572844,1051.2333333333333,True,1076.2333333333333,True,5370.233333333334,True
SHEN,2026-07-22 20:05:16+00:00,after-hours,5.02,11.75,11.569999694824219,1044.7333333333333,False,-0.015319174908577149,1044.7333333333333,True,1359.7333333333333,True,9862.733333333334,True
SHW,2026-07-28 11:05:57+00:00,pre-market,"2.02,9.01",327.27,350.989990234375,144.05,False,0.07247835192463414,144.05,True,144.05,True,144.05,True
SIDU,2026-07-24 13:15:26+00:00,pre-market,"5.02,8.01,9.01",1.99,1.9900000095367432,14.566666666666666,False,4.7923331969457195e-09,15.566666666666666,True,19.566666666666666,True,39.56666666666667,True
SIDU,2026-07-21 20:05:32+00:00,after-hours,"7.01,9.01",2.0450000762939453,2.062700033187866,1044.4666666666667,False,0.008655235322043486,1045.4666666666667,True,1045.4666666666667,True,2486.4666666666667,True
SIG,2026-07-02 21:00:01+00:00,after-hours,5.02,84.12,83.91500091552734,5309.983333333334,False,-0.002436983885790056,5314.983333333334,True,5344.983333333334,True,18328.983333333334,True
SIGI,2026-07-23 20:18:25+00:00,after-hours,"2.02,7.01,9.01",97.77999877929688,96.54000091552734,1031.5833333333333,False,-0.012681508276231268,1031.5833333333333,True,1230.5833333333333,True,5710.583333333333,True
SILO,2026-07-10 22:29:27+00:00,after-hours,"1.01,3.02,8.01,9.01",5.68,5.640100002288818,3780.55,False,-0.007024647484362934,3780.55,True,3780.55,True,3781.55,True
SINT,2026-07-23 13:05:31+00:00,pre-market,"7.01,9.01",1.5700000524520874,1.5499999523162842,24.483333333333334,False,-0.01273891685835693,24.483333333333334,True,24.483333333333334,True,25.483333333333334,True
SINT,2026-07-02 21:00:37+00:00,after-hours,"1.01,3.02,9.01",1.899999976158142,1.9016000032424927,5348.383333333333,False,0.0008421195286465455,5361.383333333333,True,7039.383333333333,True,8276.383333333333,True
SKIL,2026-07-10 20:22:04+00:00,after-hours,"2.01,7.01,9.01",7.12,7.159999847412109,3907.9333333333334,False,0.005617956097206278,3909.9333333333334,True,3912.9333333333334,True,7017.933333333333,True
SKIL,2026-07-08 20:16:01+00:00,after-hours,"7.01,9.01",7.84,7.840000152587891,1033.9833333333333,False,1.9462741196463185e-08,1066.9833333333333,True,1066.9833333333333,True,2543.983333333333,True
SKWD,2026-07-15 21:26:53+00:00,after-hours,"8.01,9.01",56.849998474121094,58.150001525878906,963.1166666666667,False,0.02286724866579526,963.1166666666667,True,965.1166666666667,True,2411.116666666667,True
SKYA,2026-07-17 21:19:54+00:00,after-hours,8.01,1.159999966621399,1.1699999570846558,3850.1,False,0.008620681681899223,3876.1,True,3876.1,True,4040.1,True
SKYQ,2026-07-21 20:02:23+00:00,after-hours,5.02,4.050000190734863,4.449999809265137,1047.6166666666666,False,0.09876533325735326,1047.6166666666666,True,1047.6166666666666,True,1047.6166666666666,True
SKYQ,2026-07-02 18:25:17+00:00,regular,"1.01,1.02,2.03,9.01",2.5299999713897705,2.5267999172210693,1.7166666666666666,True,-0.0012648435592444995,4.716666666666667,True,8.716666666666667,True,5464.716666666666,True
SKYT,2026-07-28 21:20:05+00:00,after-hours,"8.01,9.01",31.204999923706055,31.440000534057617,969.9166666666666,False,0.007530863993786996,972.9166666666666,True,1346.9166666666667,True,,False
SKYW,2026-07-23 20:03:11+00:00,after-hours,"2.02,8.01,9.01",96.24,100.11000061035156,1046.8166666666666,False,0.040211976416786754,1046.8166666666666,True,1046.8166666666666,True,1049.8166666666666,True
SKYX,2026-07-10 21:00:14+00:00,after-hours,5.07,1.277999997138977,1.2699999809265137,3869.766666666667,False,-0.006259793607490405,3871.766666666667,True,3873.766666666667,True,3918.766666666667,True
SLB,2026-07-24 11:02:06+00:00,pre-market,"2.02,7.01,9.01",47.775,50.6422004699707,147.9,False,0.06001466185182003,147.9,True,147.9,True,147.9,True
SLDE,2026-07-28 20:28:08+00:00,after-hours,"2.02,9.01",21.415000915527344,21.5,1021.8666666666667,False,0.00396913755959849,1022.8666666666667,True,1022.8666666666667,True,1024.8666666666666,True
SLDE,2026-07-27 20:10:52+00:00,after-hours,"7.01,9.01",20.85,21.204999923706055,1039.1333333333334,False,0.017026375237700453,1039.1333333333334,True,1040.1333333333334,True,2481.133333333333,True
SLG,2026-07-23 17:45:25+00:00,regular,"2.02,7.01,9.01",52.86000061035156,52.91999816894531,1.5833333333333333,True,0.001135027580419612,21.583333333333332,True,74.58333333333333,True,1324.5833333333333,True
SLM,2026-07-23 20:32:16+00:00,after-hours,"2.02,9.01",24.18000030517578,23.290000915527344,1017.7333333333333,False,-0.036807253036218124,1017.7333333333333,True,1017.7333333333333,True,5385.733333333334,True
SLN,2026-07-16 21:20:16+00:00,after-hours,5.02,10.930000305175781,10.8100004196167,969.7333333333333,False,-0.01097894622219342,969.7333333333333,True,987.7333333333333,True,5309.733333333334,True
SLNG,2026-07-10 16:05:27+00:00,regular,"4.01,9.01",3.950000047683716,3.9600000381469727,148.55,False,0.002531643124693339,185.55,True,5633.55,True,7059.55,True
SLNH,2026-07-24 21:00:38+00:00,after-hours,"5.02,9.01",1.25,1.309999942779541,3869.366666666667,False,0.0479999542236329,3869.366666666667,True,3874.366666666667,True,3940.366666666667,True
SLNH,2026-07-16 11:30:37+00:00,pre-market,"7.01,9.01",1.1150000095367432,1.1100000143051147,119.38333333333334,False,-0.00448430061781413,119.38333333333334,True,119.38333333333334,True,1559.3833333333334,True
SLNH,2026-07-14 11:30:25+00:00,pre-market,"7.01,9.01",1.13,1.159999966621399,119.58333333333333,False,0.02654864302778681,119.58333333333333,True,123.58333333333333,True,229.58333333333334,True
SLP,2026-07-09 20:05:09+00:00,after-hours,"2.02,7.01,9.01",18.334999084472656,18.399499893188477,1044.85,False,0.0035179062959671548,,False,,False,,False
SLS,2026-07-27 20:35:10+00:00,after-hours,"2.02,8.01,9.01",10.835,10.430000305175781,1014.8333333333334,False,-0.03737883662429342,1014.8333333333334,True,1014.8333333333334,True,1015.8333333333334,True
SLSN,2026-07-10 17:00:17+00:00,regular,"1.01,9.01",0.685699999332428,0.7009999752044678,25.716666666666665,False,0.02231292968781573,25.716666666666665,True,25.716666666666665,True,4109.716666666666,True
SLXN,2026-07-21 20:05:53+00:00,after-hours,"5.03,5.07,9.01",2.509999990463257,2.569999933242798,1044.1166666666666,False,0.023904359763948557,1044.1166666666666,True,1044.1166666666666,True,4209.116666666667,True
SM,2026-07-16 20:15:15+00:00,after-hours,2.02,30.21,31.139999389648438,1034.75,False,0.030784488237286967,1034.75,True,1034.75,True,5494.75,True
SMBC,2026-07-27 20:17:06+00:00,after-hours,"7.01,9.01",77.55000305175781,78.12000274658203,1032.9,False,0.007350092487343973,1039.9,True,2489.9,True,,False
SMBC,2026-07-22 21:07:03+00:00,after-hours,"2.02,8.01,9.01",75.29000091552734,76.48999786376953,982.95,False,0.015938330902513176,982.95,True,996.95,True,2537.95,True
SMBK,2026-07-20 21:00:11+00:00,after-hours,"2.02,7.01,9.01",47.67,48.25,989.8166666666667,False,0.012166981329976956,991.8166666666667,True,991.8166666666667,True,5689.816666666667,True
SMCI,2026-07-21 20:10:55+00:00,after-hours,"2.02,9.01",25.4878,29.264999389648438,1039.0833333333333,False,0.14819636805249714,1039.0833333333333,True,1039.0833333333333,True,1039.0833333333333,True
SMID,2026-07-22 22:04:59+00:00,after-hours,5.07,30.11,30.5,948.0166666666667,False,0.01295250747260046,948.0166666666667,True,1038.0166666666667,True,9844.016666666666,True
SMMT,2026-07-23 20:34:53+00:00,after-hours,"1.01,9.01",14.98,13.430000305175781,1015.1166666666667,False,-0.1034712746878651,1015.1166666666667,True,1015.1166666666667,True,1015.1166666666667,True
SMMT,2026-07-23 20:07:41+00:00,after-hours,"2.02,7.01,9.01",14.98,13.430000305175781,1042.3166666666666,False,-0.1034712746878651,1042.3166666666666,True,1042.3166666666666,True,1042.3166666666666,True
SMMT,2026-07-22 11:10:49+00:00,pre-market,"8.01,9.01",14.619999885559082,15.449999809265137,139.18333333333334,False,0.05677154105355964,139.18333333333334,True,139.18333333333334,True,139.18333333333334,True
SMPL,2026-07-09 11:02:25+00:00,pre-market,"2.02,9.01",12.829999923706055,15.029999732971191,147.58333333333334,False,0.1714730960520261,147.58333333333334,True,147.58333333333334,True,147.58333333333334,True
SMTC,2026-07-06 21:02:13+00:00,after-hours,"1.01,2.03,9.01",138.76499938964844,131.0,987.7833333333333,False,-0.05595791030737174,987.7833333333333,True,987.7833333333333,True,987.7833333333333,True
SMXT,2026-07-28 12:30:18+00:00,pre-market,"3.03,5.03,9.01",0.3450999855995178,0.3393000066280365,59.7,False,-0.016806662455825405,59.7,True,66.7,True,1517.7,True
SN,2026-07-13 10:02:33+00:00,pre-market,8.01,152.65,152.88999938964844,207.45,False,0.0015722200435535072,359.45,True,501.45,True,13202.45,True
SNA,2026-07-23 10:31:34+00:00,pre-market,"2.02,9.01",406.17,409.42999267578125,178.43333333333334,False,0.008026177895416264,180.43333333333334,True,180.43333333333334,True,,False
SNBRQ,2026-07-23 21:20:56+00:00,after-hours,"1.01,9.01",0.02500000037252903,0.02199999988079071,971.0666666666667,False,-0.12000001788139314,971.0666666666667,True,971.0666666666667,True,971.0666666666667,True
SND,2026-07-20 20:09:23+00:00,after-hours,"7.01,8.01,9.01",4.695000171661377,4.840000152587891,1040.6166666666666,False,0.030883913871126323,1040.6166666666666,True,1040.6166666666666,True,1425.6166666666666,True
SNDX,2026-07-14 12:30:27+00:00,pre-market,"8.01,9.01",22.89,23.09000015258789,59.55,False,0.008737446596238208,99.55,True,109.55,True,140.55,True
SNTI,2026-07-15 11:32:12+00:00,pre-market,"1.01,2.02,5.01,7.01,8.01,9.01",0.9635000228881836,0.9248999953269958,117.8,False,-0.04006230061674565,117.8,True,117.8,True,118.8,True
SNWV,2026-07-13 20:38:21+00:00,after-hours,"2.02,9.01",11.26,13.0,1011.65,False,0.15452930728241565,1011.65,True,1011.65,True,1011.65,True
SNX,2026-07-16 20:03:35+00:00,after-hours,"5.02,9.01",243.59,241.91200256347656,1046.4166666666667,False,-0.006888613804029053,1046.4166666666667,True,1046.4166666666667,True,9701.416666666666,True
SNX,2026-07-02 20:10:58+00:00,after-hours,"1.01,9.01",244.64,248.7342071533203,5359.033333333334,False,0.01673564075098244,5362.033333333334,True,5369.033333333334,True,16879.033333333333,True
SOBR,2026-07-17 21:29:05+00:00,after-hours,"1.01,3.02,7.01,9.01",0.7689999938011169,0.7200000286102295,3840.9166666666665,False,-0.06371907098293172,3840.9166666666665,True,3840.9166666666665,True,3840.9166666666665,True
SOBR,2026-07-10 20:42:55+00:00,after-hours,"2.05,9.01",0.4851999878883362,0.5361999869346619,3887.0833333333335,False,0.10511129496990601,3887.0833333333335,True,3887.0833333333335,True,3887.0833333333335,True
SOC,2026-07-13 21:22:44+00:00,after-hours,"4.01,9.01",4.43,4.369999885559082,967.2666666666667,False,-0.01354404389185504,967.2666666666667,True,973.2666666666667,True,2485.266666666667,True
SOC,2026-07-02 20:51:49+00:00,after-hours,"1.01,2.03,7.01,9.01",4.28,4.28000020980835,5318.183333333333,False,4.9020642434172146e-08,5320.183333333333,True,5320.183333333333,True,5321.183333333333,True
SOLV,2026-07-20 20:15:25+00:00,after-hours,5.02,79.25,77.93009948730469,1034.5833333333333,False,-0.01665489605924686,1034.5833333333333,True,2745.5833333333335,True,11115.583333333334,True
SON,2026-07-22 20:44:59+00:00,after-hours,"2.02,9.01",55.15,57.66999816894531,1005.0166666666667,False,0.045693529808618516,1005.0166666666667,True,1005.0166666666667,True,2757.016666666667,True
SONM,2026-07-09 20:05:15+00:00,after-hours,"3.02,3.03,5.03,8.01",3.990000009536743,4.099999904632568,1054.75,False,0.027568895948097083,1054.75,True,1054.75,True,5426.75,True
SOTK,2026-07-08 11:10:15+00:00,pre-market,"2.02,7.01,9.01",5.15,5.53000020980835,139.75,False,0.07378644850647564,139.75,True,139.75,True,139.75,True
SOUN,2026-07-24 10:03:55+00:00,pre-market,8.01,6.22,6.330100059509277,206.08333333333334,False,0.017700974197633057,206.08333333333334,True,253.08333333333334,True,4534.083333333333,True
SOUN,2026-07-13 21:20:16+00:00,after-hours,9.01,6.49,6.440000057220459,969.7333333333333,False,-0.007704151429821504,970.7333333333333,True,1137.7333333333333,True,1210.7333333333333,True
SOUN,2026-07-02 21:14:19+00:00,after-hours,"1.01,9.01",6.565000057220459,6.65500020980835,5295.683333333333,False,0.013709086337159171,5295.683333333333,True,5298.683333333333,True,5324.683333333333,True
SPFI,2026-07-17 11:30:40+00:00,pre-market,"2.02,7.01,8.01,9.01",44.25,44.9900016784668,119.33333333333333,False,0.01672320177326103,119.33333333333333,True,120.33333333333333,True,133.33333333333334,True
SPH,2026-07-23 11:32:47+00:00,pre-market,"7.01,8.01,9.01",18.47,18.719999313354492,117.21666666666667,False,0.013535425736572515,119.21666666666667,True,7348.216666666666,True,,False
SPH,2026-07-22 20:27:41+00:00,after-hours,"7.01,8.01,9.01",18.47,18.719999313354492,1022.3166666666667,False,0.013535425736572515,1024.3166666666666,True,8253.316666666668,True,,False
SPOK,2026-07-22 20:30:30+00:00,after-hours,5.07,10.654999732971191,10.680000305175781,1019.5,False,0.002346370045156032,1037.5,True,1078.5,True,,False
SPRB,2026-07-27 12:05:15+00:00,pre-market,5.02,43.45000076293945,42.63999938964844,84.75,False,-0.01864214865519409,84.75,True,104.75,True,1537.75,True
SPRO,2026-07-14 10:30:09+00:00,pre-market,"1.01,2.03,7.01,8.01,9.01",2.174999952316284,2.25,179.85,False,0.034482781300221976,179.85,True,192.85,True,195.85,True
SPRU,2026-07-16 19:37:27+00:00,regular,5.02,2.332200050354004,2.319999933242798,5.55,False,-0.005231162356485797,1072.55,True,1080.55,True,9720.55,True
SPRY,2026-07-17 20:02:07+00:00,after-hours,5.02,6.994999885559082,7.0,3927.883333333333,False,0.0007148126551423939,3929.883333333333,True,3929.883333333333,True,3971.883333333333,True
SPRY,2026-07-07 20:38:54+00:00,after-hours,5.02,8.180000305175781,7.659999847412109,1011.1,False,-0.0635697357412871,1011.1,True,1011.1,True,1011.1,True
SPXC,2026-07-27 10:47:07+00:00,pre-market,"5.02,9.01",220.07,225.59500122070312,162.88333333333333,False,0.025105653749730283,164.88333333333333,True,165.88333333333333,True,1644.8833333333334,True
SR,2026-07-08 20:32:04+00:00,after-hours,"7.01,9.01",79.85,79.98500061035156,1017.9333333333333,False,0.0016906776499883147,1132.9333333333334,True,6779.933333333333,True,12545.933333333332,True
SRBK,2026-07-28 20:00:38+00:00,after-hours,"2.02,9.01",19.584999084472656,19.530000686645508,1091.3666666666666,False,-0.0028081899616095862,1103.3666666666666,True,1198.3666666666666,True,,False
SRBK,2026-07-10 20:29:33+00:00,after-hours,8.01,18.93000030517578,18.959999084472656,3901.45,False,0.0015847215432254202,4197.45,True,5565.45,True,8271.45,True
SRCE,2026-07-23 20:08:24+00:00,after-hours,"2.02,9.01",83.18,85.81999969482422,1041.6,False,0.031738394984662355,1042.6,True,1042.6,True,5363.6,True
SRFM,2026-07-24 21:25:14+00:00,after-hours,"3.01,5.07,9.01",0.7911,0.8245999813079834,3844.766666666667,False,0.04234607673869717,3844.766666666667,True,3844.766666666667,True,3848.766666666667,True
SRPT,2026-07-27 13:08:03+00:00,pre-market,"5.02,7.01,9.01",15.68,16.635000228881836,21.95,False,0.060905626841953886,21.95,True,21.95,True,21.95,True
SRXH,2026-07-28 13:57:16+00:00,regular,3.02,1.4600000381469727,1.4700000286102295,1.7333333333333334,True,0.006849308357518069,4.733333333333333,True,5.733333333333333,True,10.733333333333333,True
SRXH,2026-07-21 20:07:22+00:00,after-hours,"1.01,9.01",2.0116,1.940000057220459,1042.6333333333334,False,-0.03559352892202283,1042.6333333333334,True,1042.6333333333334,True,1042.6333333333334,True
SRXH,2026-07-16 14:42:40+00:00,regular,"3.01,9.01",2.1798999309539795,2.190000057220459,1.3333333333333333,True,0.0046332981266985485,18.333333333333332,True,37.333333333333336,True,45.333333333333336,True
SRXH,2026-07-15 19:45:14+00:00,regular,"7.01,9.01",2.25,2.25,1.7666666666666666,True,0.0,12.766666666666667,True,12.766666666666667,True,1068.7666666666667,True
SRXH,2026-07-10 20:50:56+00:00,after-hours,"7.01,9.01",2.13,2.1982998847961426,3879.0666666666666,False,0.03206567361321255,3879.0666666666666,True,3880.0666666666666,True,4015.0666666666666,True
SSB,2026-07-23 20:25:00+00:00,after-hours,"2.02,7.01,8.01,9.01",101.25,104.25,1025.0,False,0.029629629629629672,1025.0,True,1025.0,True,1114.0,True
SSB,2026-07-13 12:58:31+00:00,pre-market,"5.02,9.01",99.68,99.95999908447266,31.483333333333334,False,0.0028089795793804218,1475.4833333333333,True,2985.483333333333,True,15877.483333333334,True
SSB,2026-07-06 13:39:50+00:00,regular,"7.01,9.01",100.58499908447266,100.73999786376953,2.1666666666666665,False,0.0015409731143578576,2871.1666666666665,True,2873.1666666666665,True,25983.166666666668,True
SSD,2026-07-27 20:20:03+00:00,after-hours,"2.02,7.01,9.01",193.24,201.8300018310547,1029.95,False,0.04445250378314358,1029.95,True,1029.95,True,1033.95,True
SSII,2026-07-17 13:29:40+00:00,pre-market,"8.01,9.01",3.630000114440918,3.6700000762939453,4.333333333333333,False,0.011019272890350207,0.3333333333333333,True,0.3333333333333333,True,4678.333333333333,True
SSII,2026-07-14 12:35:22+00:00,pre-market,"5.02,9.01",3.5959999561309814,3.700000047683716,54.63333333333333,False,0.0289210491717109,54.63333333333333,True,54.63333333333333,True,362.6333333333333,True
SSII,2026-07-07 12:30:38+00:00,pre-market,"8.01,9.01",3.8299999237060547,3.690000057220459,59.36666666666667,False,-0.03655349067216862,59.36666666666667,True,59.36666666666667,True,92.36666666666666,True
SSNC,2026-07-23 20:10:26+00:00,after-hours,"2.02,9.01",67.0,72.44000244140625,1039.5666666666666,False,0.08119406628964554,1039.5666666666666,True,1039.5666666666666,True,1039.5666666666666,True
SST,2026-07-24 13:07:17+00:00,pre-market,"3.03,5.02,5.03,5.07,8.01,9.01",1.81,1.850000023841858,22.716666666666665,False,0.02209946068610935,22.716666666666665,True,22.716666666666665,True,34.71666666666667,True
SSTK,2026-07-22 20:45:45+00:00,after-hours,"5.02,8.01,9.01",7.38,6.960000038146973,1004.25,False,-0.056910563936724556,1004.25,True,1004.25,True,1004.25,True
SSTK,2026-07-13 21:09:48+00:00,after-hours,"5.02,7.01,8.01,9.01",8.25,7.889999866485596,980.2,False,-0.04363637981992774,980.2,True,980.2,True,980.2,True
SSTK,2026-07-09 10:03:55+00:00,pre-market,1.02,8.9,8.779999732971191,206.08333333333334,False,-0.013483176070652636,206.08333333333334,True,206.08333333333334,True,241.08333333333334,True
STAG,2026-07-28 20:07:48+00:00,after-hours,"2.02,9.01",40.72,40.28499984741211,1042.2,False,-0.010682714945675076,1042.2,True,1046.2,True,2482.2,True
STAG,2026-07-22 20:15:20+00:00,after-hours,"1.01,2.03,9.01",41.3,41.29999923706055,1034.6666666666667,False,-1.8473110152683603e-08,1129.6666666666667,True,1409.6666666666667,True,9705.666666666666,True
STBA,2026-07-27 20:00:35+00:00,after-hours,"7.01,9.01",52.13,52.38999938964844,1049.4166666666667,False,0.004987519463810486,1076.4166666666667,True,1138.4166666666667,True,,False
STBA,2026-07-23 11:20:09+00:00,pre-market,"2.02,7.01,8.01,9.01",49.58000183105469,51.0,129.85,False,0.02864054289033713,129.85,True,291.85,True,1584.85,True
STC,2026-07-22 20:30:31+00:00,after-hours,"2.02,9.01",69.71,64.55999755859375,1021.4833333333333,False,-0.07387752749112386,1021.4833333333333,True,1021.4833333333333,True,1021.4833333333333,True
STC,2026-07-16 23:30:41+00:00,after-hours,"7.01,9.01",72.23,72.48999786376953,839.3166666666667,False,0.003599582774048482,854.3166666666667,True,867.3166666666667,True,9481.316666666668,True
STEX,2026-07-13 21:19:19+00:00,after-hours,"4.01,9.01",0.8334000110626221,0.8585000038146973,970.6833333333333,False,0.030117581496155177,971.6833333333333,True,971.6833333333333,True,3866.6833333333334,True
STIM,2026-07-20 20:10:04+00:00,after-hours,"5.02,7.01,9.01",2.015000104904175,1.9800000190734863,1039.9333333333334,False,-0.0173697687387232,1039.9333333333334,True,1039.9333333333334,True,1039.9333333333334,True
STKS,2026-07-07 20:37:05+00:00,after-hours,"4.01,9.01",1.899999976158142,1.899999976158142,1012.9166666666666,False,0.0,1152.9166666666667,True,1275.9166666666667,True,1296.9166666666667,True
STLD,2026-07-21 13:42:18+00:00,regular,"2.02,9.01",234.2449951171875,233.8000030517578,1.7,True,-0.0018996865448803746,7.7,True,1438.7,True,2874.7,True
STRL,2026-07-10 20:02:29+00:00,after-hours,5.02,682.29,668.989990234375,3927.516666666667,False,-0.019493191700926227,3927.516666666667,True,3927.516666666667,True,6857.516666666666,True
STRL,2026-07-08 13:07:06+00:00,pre-market,"1.01,2.03,7.01,9.01",674.6799926757812,678.989990234375,22.9,False,0.006388210122402427,25.9,True,27.9,True,1462.9,True
STWD,2026-07-10 16:37:34+00:00,regular,"1.01,2.03,9.01",16.53499984741211,16.545000076293945,1.4333333333333333,True,0.0006047915920242009,4264.433333333333,True,8526.433333333332,True,,False
STX,2026-07-28 20:07:21+00:00,after-hours,"2.02,7.01,9.01",745.3641,790.0,1042.65,False,0.05988469259520279,1042.65,True,1042.65,True,1042.65,True
STXS,2026-07-15 21:37:16+00:00,after-hours,"8.01,9.01",1.62,1.6399999856948853,952.7333333333333,False,0.012345670182027924,952.7333333333333,True,1000.7333333333333,True,1046.7333333333333,True
STXS,2026-07-09 12:13:39+00:00,pre-market,"3.02,7.01,8.01,9.01",1.8,1.7999999523162842,76.35,False,-2.6490953208835322e-08,77.35,True,83.35,True,214.35,True
SUI,2026-07-27 20:32:29+00:00,after-hours,"2.02,9.01",121.44,124.44999694824219,1017.5166666666667,False,0.02478587737353588,1017.5166666666667,True,1018.5166666666667,True,2825.516666666667,True
SUIG,2026-07-14 13:06:59+00:00,pre-market,"5.02,8.01,9.01",1.1799999475479126,1.159999966621399,23.016666666666666,False,-0.016949137131806236,23.016666666666666,True,28.016666666666666,True,233.01666666666668,True
SUIG,2026-07-09 13:01:18+00:00,pre-market,"1.01,5.02,8.01,9.01",1.159999966621399,1.1799999475479126,28.7,False,0.017241363363798445,28.7,True,46.7,True,1497.7,True
SUPN,2026-07-22 21:07:10+00:00,after-hours,"2.02,9.01",46.94,46.40999984741211,982.8333333333334,False,-0.011291013050444998,982.8333333333334,True,6785.833333333333,True,,False
SVC,2026-07-06 21:22:01+00:00,after-hours,"5.03,9.01",8.75,8.920000076293945,967.9833333333333,False,0.019428580147879515,967.9833333333333,True,1099.9833333333333,True,31211.983333333334,True
SVCO,2026-07-06 21:29:24+00:00,after-hours,"8.01,9.01",11.1899995803833,10.859999656677246,960.6,False,-0.029490610909812975,960.6,True,960.6,True,965.6,True
SWBI,2026-07-15 10:50:09+00:00,pre-market,"7.01,9.01",15.180000305175781,14.96500015258789,159.85,False,-0.014163382626190324,159.85,True,315.85,True,12066.85,True
SWKS,2026-07-28 20:04:34+00:00,after-hours,"2.02,8.01,9.01",64.76000213623047,60.400001525878906,1045.4333333333334,False,-0.06732551677777554,1045.4333333333334,True,1045.4333333333334,True,1045.4333333333334,True
SWKS,2026-07-28 20:03:36+00:00,after-hours,"8.01,9.01",64.76000213623047,60.400001525878906,1046.4,False,-0.06732551677777554,1046.4,True,1046.4,True,1046.4,True
SXT,2026-07-24 11:10:26+00:00,pre-market,"2.02,7.01,9.01",117.03,120.30000305175781,139.56666666666666,False,0.027941579524547677,139.56666666666666,True,140.56666666666666,True,140.56666666666666,True
SYRA,2026-07-23 20:15:35+00:00,after-hours,5.07,0.7699999809265137,0.699999988079071,1080.4166666666667,False,-0.09090908387194263,1080.4166666666667,True,1080.4166666666667,True,1080.4166666666667,True
T,2026-07-28 20:23:38+00:00,after-hours,"2.03,7.01,9.01",24.7,24.670000076293945,1026.3666666666666,False,-0.001214571809961651,1028.3666666666666,True,1347.3666666666666,True,2466.366666666667,True
T,2026-07-22 10:33:17+00:00,pre-market,"2.02,9.01",22.3,23.450000762939453,176.71666666666667,False,0.05156954093898891,176.71666666666667,True,176.71666666666667,True,177.71666666666667,True
TALO,2026-07-27 20:30:09+00:00,after-hours,"1.01,2.03,7.01,9.01",14.13,14.390000343322754,1019.85,False,0.01840059046870146,1019.85,True,1129.85,True,,False
TALO,2026-07-13 21:15:07+00:00,after-hours,"1.01,2.03,8.01,9.01",14.23,14.380000114440918,974.8833333333333,False,0.010541118372517033,975.8833333333333,True,979.8833333333333,True,5328.883333333333,True
TARS,2026-07-13 20:11:59+00:00,after-hours,5.02,59.275001525878906,58.04999923706055,1038.0166666666667,False,-0.02066642357290427,1038.0166666666667,True,1038.0166666666667,True,1061.0166666666667,True
TARS,2026-07-08 20:13:40+00:00,after-hours,"1.01,3.02,8.01,9.01",67.70999908447266,67.04000091552734,1036.3333333333333,False,-0.00989511413387334,1044.3333333333333,True,1059.3333333333333,True,1071.3333333333333,True
TCBI,2026-07-22 20:07:20+00:00,after-hours,"2.02,9.01",102.91,99.9000015258789,1042.6666666666667,False,-0.02924884339831979,1042.6666666666667,True,1042.6666666666667,True,1061.6666666666667,True
TCBK,2026-07-22 23:34:19+00:00,after-hours,"2.02,7.01,9.01",59.5,59.0099983215332,835.6833333333333,False,-0.008235322327173056,843.6833333333333,True,2661.6833333333334,True,,False
TCBK,2026-07-15 20:16:09+00:00,after-hours,"1.01,5.02,9.01",59.5,59.720001220703125,1033.85,False,0.0036974995076155537,1042.85,True,1064.85,True,,False
TCBK,2026-07-13 11:12:16+00:00,pre-market,"7.01,9.01",53.68000030517578,57.880001068115234,137.73333333333332,False,0.07824144446836923,137.73333333333332,True,137.73333333333332,True,137.73333333333332,True
TCBX,2026-07-22 20:20:23+00:00,after-hours,"2.02,7.01,9.01",40.14,41.38999938964844,1033.6166666666666,False,0.031140991271759733,1033.6166666666666,True,1033.6166666666666,True,1332.6166666666666,True
TCBX,2026-07-13 12:05:42+00:00,pre-market,"8.01,9.01",39.85,39.97999954223633,84.3,False,0.0032622218879880815,102.3,True,454.3,True,4542.3,True
TCBX,2026-07-02 20:20:20+00:00,after-hours,"8.01,9.01",40.0,40.56999969482422,5349.666666666667,False,0.014249992370605424,5351.666666666667,True,5357.666666666667,True,19901.666666666668,True
TCMD,2026-07-13 13:23:16+00:00,pre-market,"7.01,8.01,9.01",29.83,29.6299991607666,6.733333333333333,False,-0.0067046878723900916,51.733333333333334,True,361.73333333333335,True,1448.7333333333333,True
TDY,2026-07-22 11:21:21+00:00,pre-market,"2.02,9.01",647.48,653.5,128.65,False,0.009297584481373855,129.65,True,132.65,True,,False
TEX,2026-07-21 14:09:14+00:00,regular,"8.01,9.01",63.58000183105469,64.01499938964844,1.7666666666666666,True,0.0068417355468095575,38.766666666666666,True,125.76666666666667,True,1448.7666666666667,True
TFIN,2026-07-21 20:13:52+00:00,after-hours,"2.02,9.01",79.19,80.08999633789062,1037.1333333333334,False,0.011365025102798576,1038.1333333333334,True,1135.1333333333334,True,1292.1333333333334,True
TFSL,2026-07-07 16:15:58+00:00,regular,8.01,17.940000534057617,17.94499969482422,2.033333333333333,False,0.00027866001213938674,1274.0333333333333,True,1277.0333333333333,True,,False
TGL,2026-07-21 20:23:30+00:00,after-hours,"1.01,3.02,9.01",3.559000015258789,3.5004000663757324,1062.5,False,-0.016465284808040548,1062.5,True,1135.5,True,1139.5,True
TGL,2026-07-16 20:15:23+00:00,after-hours,"5.07,9.01",3.800100088119507,3.680000066757202,1042.6166666666666,False,-0.03160443635097432,1042.6166666666666,True,1042.6166666666666,True,7144.616666666667,True
TGLS,2026-07-20 21:00:23+00:00,after-hours,"5.03,9.01",46.11,46.02000045776367,989.6166666666667,False,-0.0019518443339042735,998.6166666666667,True,1377.6166666666666,True,4106.616666666667,True
TGLS,2026-07-07 20:30:30+00:00,after-hours,"3.03,5.03,8.01,9.01",43.25,42.72999954223633,1019.5,False,-0.012023131971414358,1019.5,True,1024.5,True,11343.5,True
TH,2026-07-27 20:15:52+00:00,after-hours,"1.01,2.03,8.01,9.01",16.100000381469727,16.097999572753906,1034.1333333333334,False,-0.00012427383033619677,1035.1333333333334,True,1038.1333333333334,True,1060.1333333333334,True
THC,2026-07-23 20:07:58+00:00,after-hours,"2.02,9.01",199.02,240.47000122070312,1042.0333333333333,False,0.2082705317088891,1042.0333333333333,True,1042.0333333333333,True,1042.0333333333333,True
THFF,2026-07-28 13:01:57+00:00,pre-market,"2.02,9.01",77.79499816894531,79.27330017089844,34.05,False,0.019002532768787272,34.05,True,88.05,True,,False
THG,2026-07-28 20:52:25+00:00,after-hours,"2.02,9.01",224.15,226.63999938964844,1001.5833333333334,False,0.01110862988912964,1006.5833333333334,True,1027.5833333333333,True,,False
THG,2026-07-15 21:13:55+00:00,after-hours,"5.02,9.01",206.89999389648438,208.2050018310547,977.0833333333334,False,0.006307433412604313,978.0833333333334,True,2418.0833333333335,True,12566.083333333334,True
THRM,2026-07-23 10:10:23+00:00,pre-market,"2.01,7.01,8.01,9.01",36.05,38.5,199.61666666666667,False,0.06796116504854388,199.61666666666667,True,199.61666666666667,True,199.61666666666667,True
TISI,2026-07-10 16:15:12+00:00,regular,"5.02,9.01",16.8799991607666,16.709999084472656,155.8,False,-0.010071095067887725,155.8,True,4154.8,True,14442.8,True
TKR,2026-07-06 20:15:33+00:00,after-hours,"1.01,2.03,9.01",142.36,143.27000427246094,1034.45,False,0.006392275024311056,1035.45,True,1035.45,True,2594.45,True
TLRY,2026-07-28 20:05:18+00:00,after-hours,"2.02,9.01",4.025000095367432,4.039999961853027,1044.7,False,0.0037266748149547,1044.7,True,1045.7,True,1046.7,True
TMHC,2026-07-22 20:54:36+00:00,after-hours,5.07,72.48,72.47000122070312,995.4,False,-0.00013795225299229052,,False,,False,,False
TMHC,2026-07-07 10:38:46+00:00,pre-market,8.01,71.85,71.87999725341797,171.23333333333332,False,0.00041749830783532893,,False,,False,,False
TMO,2026-07-23 10:04:03+00:00,pre-market,"2.02,9.01",526.46,579.0,205.95,False,0.09979865516848374,205.95,True,205.95,True,205.95,True
TMP,2026-07-28 13:55:35+00:00,regular,"7.01,9.01",99.98999786376953,100.125,1.4166666666666667,True,0.001350156406787928,6.416666666666667,True,,False,,False
TMP,2026-07-24 13:02:02+00:00,pre-market,"2.02,8.01,9.01",92.65,97.18000030517578,27.966666666666665,False,0.04889368920858894,27.966666666666665,True,27.966666666666665,True,37.96666666666667,True
TMQ,2026-07-16 11:37:49+00:00,pre-market,"7.01,9.01",3.1449999809265137,3.0899999141693115,112.18333333333334,False,-0.01748809764412118,112.18333333333334,True,112.18333333333334,True,117.18333333333334,True
TMQ,2026-07-08 11:00:18+00:00,pre-market,"2.02,9.01",3.23,3.1500000953674316,149.7,False,-0.024767772332064508,149.7,True,149.7,True,252.7,True
TMRC,2026-07-28 20:32:04+00:00,after-hours,5.07,0.5501000285148621,0.5849999785423279,1037.9333333333334,False,0.06344291623050324,1037.9333333333334,True,1037.9333333333334,True,1037.9333333333334,True
TMRC,2026-07-17 20:45:47+00:00,after-hours,8.01,0.6538000106811523,0.6539000272750854,3928.2166666666667,False,0.00015297735132935308,4065.2166666666667,True,4067.2166666666667,True,4067.2166666666667,True
TNL,2026-07-22 10:32:30+00:00,pre-market,"2.02,7.01,9.01",73.35,75.95999908447266,177.5,False,0.03558280960426252,177.5,True,177.5,True,8867.5,True
TNON,2026-07-24 20:45:38+00:00,after-hours,5.07,0.18970000743865967,0.18700000643730164,3884.366666666667,False,-0.014233004193376697,3884.366666666667,True,3885.366666666667,True,4054.366666666667,True
TNON,2026-07-20 12:15:21+00:00,pre-market,"8.01,9.01",0.2029999941587448,0.20000000298023224,74.65,False,-0.01477828209278964,74.65,True,74.65,True,3267.65,True
TNON,2026-07-10 21:19:01+00:00,after-hours,8.01,0.22360000014305115,0.22540000081062317,3850.983333333333,False,0.008050092425851751,3851.983333333333,True,3887.983333333333,True,4003.983333333333,True
TNON,2026-07-02 20:05:19+00:00,after-hours,"1.01,8.01,9.01",0.28690001368522644,0.27300000190734863,5364.683333333333,False,-0.048448975652989223,5364.683333333333,True,5364.683333333333,True,5364.683333333333,True
TNXP,2026-07-21 20:05:30+00:00,after-hours,5.02,11.56,11.380000114440918,1044.5,False,-0.015570924356322013,1044.5,True,1113.5,True,1215.5,True
TNXP,2026-07-13 11:05:37+00:00,pre-market,"7.01,8.01,9.01",12.53,12.710000038146973,144.38333333333333,False,0.014365525789862277,149.38333333333333,True,154.38333333333333,True,185.38333333333333,True
TOI,2026-07-07 21:00:11+00:00,after-hours,"1.01,2.03,3.02,7.01,9.01",5.809999942779541,5.760000228881836,989.8166666666667,False,-0.008605802821021191,989.8166666666667,True,990.8166666666667,True,8568.816666666668,True
TOMZ,2026-07-20 20:05:32+00:00,after-hours,"5.03,9.01",1.839900016784668,1.7599999904632568,1044.4666666666667,False,-0.04342628707675167,1044.4666666666667,True,1044.4666666666667,True,1047.4666666666667,True
TOON,2026-07-17 13:05:42+00:00,pre-market,"8.01,9.01",0.6035,0.6011000275611877,24.3,False,-0.003976756319490127,27.3,True,27.3,True,27.3,True
TOON,2026-07-06 13:13:23+00:00,pre-market,1.01,0.67,0.6798999905586243,16.616666666666667,False,0.014776105311379517,18.616666666666667,True,62.61666666666667,True,1586.6166666666666,True
TOON,2026-07-02 20:15:42+00:00,after-hours,"3.03,5.02,5.03,9.01",0.67,0.6798999905586243,5354.3,False,0.014776105311379517,5356.3,True,5400.3,True,6924.3,True
TOP,2026-07-23 11:00:56+00:00,pre-market,"8.01,9.01",2.259999990463257,2.2799999713897705,149.06666666666666,False,0.008849549119871458,154.06666666666666,True,154.06666666666666,True,208.06666666666666,True
TOP,2026-07-20 21:15:13+00:00,after-hours,"1.01,3.02,9.01",2.265000104904175,2.309999942779541,974.7833333333333,False,0.01986747717050097,974.7833333333333,True,975.7833333333333,True,975.7833333333333,True
TOP,2026-07-13 10:08:09+00:00,pre-market,"3.02,7.01,9.01",2.0999999046325684,2.0299999713897705,201.85,False,-0.03333330305795679,201.85,True,201.85,True,201.85,True
TOVX,2026-07-07 12:10:51+00:00,pre-market,"7.01,8.01,9.01",0.2533,0.299699991941452,79.15,False,0.18318196581702328,79.15,True,79.15,True,79.15,True
TPST,2026-07-28 20:50:54+00:00,after-hours,"5.07,8.01",0.8799999952316284,0.8500000238418579,999.1,False,-0.03409087676400968,999.1,True,999.1,True,,False
TPST,2026-07-22 20:05:19+00:00,after-hours,"1.01,7.01,9.01",0.9511,0.9678000211715698,1044.6833333333334,False,0.017558638599064036,1045.6833333333334,True,1071.6833333333334,True,2564.6833333333334,True
TRAK,2026-07-08 21:15:56+00:00,after-hours,"1.01,2.03,8.01,9.01",9.01,9.0,974.0666666666667,False,-0.0011098779134295356,1043.0666666666666,True,2549.0666666666666,True,18261.066666666666,True
TRAW,2026-07-10 20:02:58+00:00,after-hours,"8.01,9.01",0.7545999884605408,0.7727000117301941,3927.0333333333333,False,0.023986249067640797,3927.0333333333333,True,3927.0333333333333,True,3971.0333333333333,True
TRAW,2026-07-09 20:01:22+00:00,after-hours,"5.02,5.07,9.01",0.6687999963760376,0.7099000215530396,1048.6333333333334,False,0.06145338726032712,1048.6333333333334,True,1048.6333333333334,True,1048.6333333333334,True
TREX,2026-07-14 14:00:14+00:00,regular,7.01,45.8650016784668,46.0,1.7666666666666666,True,0.0029433842056652004,10.766666666666667,True,309.76666666666665,True,320.76666666666665,True
TREX,2026-07-13 20:07:16+00:00,after-hours,"8.01,9.01",45.9,48.83000183105469,1043.7333333333333,False,0.06383446255021119,1043.7333333333333,True,1043.7333333333333,True,1043.7333333333333,True
TRGP,2026-07-17 10:00:11+00:00,pre-market,"5.02,9.01",280.27,284.989990234375,209.81666666666666,False,0.01684086857093159,210.81666666666666,True,4611.816666666667,True,16054.816666666668,True
TRGP,2026-07-06 20:30:14+00:00,after-hours,"1.01,9.01",263.52,266.7799987792969,1019.7666666666667,False,0.012370972902614241,1019.7666666666667,True,1039.7666666666667,True,2463.766666666667,True
TRIN,2026-07-14 20:30:15+00:00,after-hours,"3.01,7.01,9.01",17.655000686645508,17.600299835205078,1019.75,False,-0.0030983205501546873,1030.75,True,9690.75,True,,False
TRIN,2026-07-09 20:30:15+00:00,after-hours,"7.01,9.01",17.434999465942383,17.649999618530273,1019.75,False,0.012331526192924436,1019.75,True,9929.75,True,,False
TRMK,2026-07-28 20:40:22+00:00,after-hours,"2.02,9.01",46.7599983215332,47.185001373291016,1009.6333333333333,False,0.009089030517823948,1024.6333333333334,True,,False,,False
TRNR,2026-07-24 20:30:38+00:00,after-hours,"1.01,2.03,3.02",3.0999999046325684,3.0578999519348145,3902.366666666667,False,-0.013580630320291553,3902.366666666667,True,3935.366666666667,True,5385.366666666667,True
TRNR,2026-07-09 21:15:45+00:00,after-hours,"1.01,8.01,9.01",2.579900026321411,2.4800000190734863,974.25,False,-0.03872243351629745,974.25,True,974.25,True,974.25,True
TRNR,2026-07-07 20:30:06+00:00,after-hours,"1.01,3.02,9.01",3.4800000190734863,3.2699999809265137,1019.9,False,-0.06034483821723746,1019.9,True,1019.9,True,1019.9,True
TRST,2026-07-21 20:00:34+00:00,after-hours,"2.02,9.01",55.689998626708984,55.4900016784668,1049.4333333333334,False,-0.0035912543216739534,1049.4333333333334,True,1049.4333333333334,True,9774.433333333332,True
TRST,2026-07-10 20:55:26+00:00,after-hours,"8.01,9.01",54.439998626708984,54.7599983215332,3874.5666666666666,False,0.0058780254022126055,4221.566666666667,True,8209.566666666668,True,19800.566666666666,True
TRT,2026-07-10 18:54:53+00:00,regular,"5.03,9.01",10.460000038146973,10.520000457763672,1.1166666666666667,True,0.0057361777627038535,28.116666666666667,True,3999.116666666667,True,4001.116666666667,True
TRTX,2026-07-28 20:32:22+00:00,after-hours,"2.02,9.01",8.71,8.385000228881836,1017.6333333333333,False,-0.0373134065577686,1017.6333333333333,True,1017.6333333333333,True,1106.6333333333334,True
TRU,2026-07-28 10:15:32+00:00,pre-market,"2.02,7.01,9.01",77.24,80.98999786376953,195.46666666666667,False,0.04854994644963151,195.46666666666667,True,195.46666666666667,True,196.46666666666667,True
TRV,2026-07-24 21:07:46+00:00,after-hours,"8.01,9.01",385.67,389.0,3862.233333333333,False,0.00863432468172265,3874.233333333333,True,5302.233333333334,True,,False
TRV,2026-07-17 10:58:28+00:00,pre-market,"2.02,9.01",337.82,350.0,151.53333333333333,False,0.03605470368835473,151.53333333333333,True,151.53333333333333,True,156.53333333333333,True
TSCO,2026-07-23 11:03:12+00:00,pre-market,"2.02,9.01",29.45,30.219999313354492,146.8,False,0.02614598687112024,146.8,True,261.8,True,1971.8,True
TSLA,2026-07-22 20:35:52+00:00,after-hours,"2.02,9.01",373.495,341.8599853515625,1014.1333333333333,False,-0.08469996826848425,1014.1333333333333,True,1014.1333333333333,True,1014.1333333333333,True
TTC,2026-07-22 21:22:08+00:00,after-hours,"5.02,7.01,9.01",94.86,93.97000122070312,967.8666666666667,False,-0.0093822346541943,967.8666666666667,True,1015.8666666666667,True,,False
TTRX,2026-07-28 12:05:26+00:00,pre-market,"7.01,9.01",7.739999771118164,7.809999942779541,84.56666666666666,False,0.009043950094492548,91.56666666666666,True,91.56666666666666,True,126.56666666666666,True
TTRX,2026-07-07 12:05:25+00:00,pre-market,"7.01,9.01",7.760000228881836,7.940000057220459,84.58333333333333,False,0.023195853483184647,84.58333333333333,True,102.58333333333333,True,108.58333333333333,True
TVRD,2026-07-17 20:07:52+00:00,after-hours,"8.01,9.01",3.2200000286102295,3.1607000827789307,3922.133333333333,False,-0.018416132082114567,3922.133333333333,True,3923.133333333333,True,3925.133333333333,True
TVRD,2026-07-07 11:02:35+00:00,pre-market,"7.01,9.01",2.01,2.200000047683716,147.41666666666666,False,0.09452738690732132,147.41666666666666,True,147.41666666666666,True,147.41666666666666,True
TVTX,2026-07-09 21:10:23+00:00,after-hours,5.02,58.439998626708984,58.48500061035156,979.6166666666667,False,0.0007700544952102817,979.6166666666667,True,979.6166666666667,True,1062.6166666666666,True
TWIN,2026-07-06 20:31:22+00:00,after-hours,"1.01,2.03,9.01",22.260000228881836,22.8700008392334,1018.6333333333333,False,0.027403441333306855,1018.6333333333333,True,1018.6333333333333,True,2558.633333333333,True
TWO,2026-07-28 20:17:41+00:00,after-hours,"2.02,9.01",12.1,12.140000343322754,1032.3166666666666,False,0.003305813497748389,,False,,False,,False
TWO,2026-07-06 20:08:43+00:00,after-hours,"5.07,8.01,9.01",12.09,12.079999923706055,1041.2833333333333,False,-0.0008271361698879431,,False,,False,,False
TXNM,2026-07-21 20:20:34+00:00,after-hours,"1.01,2.03,9.01",58.09,58.07500076293945,1029.4333333333334,False,-0.00025820686969446616,,False,,False,,False
TXNM,2026-07-17 21:45:04+00:00,after-hours,"1.01,2.03,7.01",57.41,57.529998779296875,3824.9333333333334,False,0.0020902069203427853,5274.933333333333,True,,False,,False
TXNM,2026-07-06 11:28:23+00:00,pre-market,8.01,56.94,56.875,121.61666666666666,False,-0.0011415525114154557,3389.616666666667,True,22041.616666666665,True,,False
TXT,2026-07-28 10:34:22+00:00,pre-market,"2.02,9.01",96.13,91.04000091552734,175.63333333333333,False,-0.05294912186073708,175.63333333333333,True,175.63333333333333,True,175.63333333333333,True
TZOO,2026-07-28 18:23:40+00:00,regular,"2.02,7.01,9.01",7.574999809265137,7.559999942779541,1.3333333333333333,True,-0.0019801804439980586,10.333333333333334,True,10.333333333333334,True,2659.3333333333335,True
U,2026-07-27 20:54:39+00:00,after-hours,5.02,30.44,30.540000915527344,995.35,False,0.0032851811934080377,1006.35,True,1018.35,True,2435.35,True
U,2026-07-16 21:04:35+00:00,after-hours,5.02,30.19,29.510000228881836,985.4166666666666,False,-0.022524006992983292,985.4166666666666,True,985.4166666666666,True,1079.4166666666667,True
UAL,2026-07-15 20:00:02+00:00,after-hours,"2.02,7.01,9.01",116.39,117.68000030517578,1049.9666666666667,False,0.01108342903321402,1053.9666666666667,True,1107.9666666666667,True,16889.966666666667,True
UBSI,2026-07-23 12:00:07+00:00,pre-market,"2.02,9.01",46.91,46.79999923706055,89.88333333333334,False,-0.002344932060103333,91.88333333333334,True,1623.8833333333334,True,,False
UCB,2026-07-21 11:35:58+00:00,pre-market,"2.02,7.01,9.01",36.03,35.814998626708984,114.03333333333333,False,-0.005967287629503604,115.03333333333333,True,123.03333333333333,True,,False
UCB,2026-07-10 13:08:00+00:00,pre-market,"8.01,9.01",35.26,35.41999816894531,22.0,False,0.00453766786572074,403.0,True,7294.0,True,8783.0,True
UCTT,2026-07-08 20:09:13+00:00,after-hours,"5.02,9.01",100.91,115.62000274658203,1040.7833333333333,False,0.14577348871848206,1040.7833333333333,True,1040.7833333333333,True,1040.7833333333333,True
UDR,2026-07-27 20:19:30+00:00,after-hours,"2.02,9.01",39.27,39.08000183105469,1030.5,False,-0.0048382523286304435,1030.5,True,3962.5,True,,False
UEC,2026-07-23 20:41:05+00:00,after-hours,"5.07,7.01,9.01",9.83,9.869999885559082,1008.9166666666666,False,0.004069164349855825,1009.9166666666666,True,1010.9166666666666,True,6776.916666666667,True
UEIC,2026-07-20 20:14:03+00:00,after-hours,"1.01,9.01",4.5,4.534999847412109,1036.95,False,0.0077777438693575895,1038.95,True,1038.95,True,,False
UFCS,2026-07-17 17:17:02+00:00,regular,8.01,50.459999084472656,50.5,4.966666666666667,False,0.0007927252527368811,99.96666666666667,True,4096.966666666666,True,17079.966666666667,True
UFPI,2026-07-22 20:00:22+00:00,after-hours,"8.01,9.01",86.7,86.0,1049.6333333333334,False,-0.008073817762399127,1049.6333333333334,True,2625.633333333333,True,8256.633333333333,True
UGI,2026-07-07 21:00:42+00:00,after-hours,"1.01,2.03,9.01",35.27,35.560001373291016,989.3,False,0.008222324164757877,1099.3,True,2574.3,True,12560.3,True
UHT,2026-07-27 20:25:15+00:00,after-hours,"2.02,9.01",44.28,44.83000183105469,1025.75,False,0.012420998894640656,1025.75,True,1102.75,True,,False
ULBI,2026-07-23 20:27:00+00:00,after-hours,5.07,5.400000095367432,5.436399936676025,1038.0,False,0.006740711234398011,1098.0,True,1302.0,True,,False
ULCC,2026-07-17 20:01:28+00:00,after-hours,5.02,6.23,6.335000038146973,3928.5333333333333,False,0.016853938707379168,3929.5333333333333,True,5646.533333333334,True,7145.533333333334,True
ULCC,2026-07-07 20:02:47+00:00,after-hours,1.01,7.369999885559082,7.179999828338623,1047.2166666666667,False,-0.02578019812357779,1047.2166666666667,True,1047.2166666666667,True,1068.2166666666667,True
ULTA,2026-07-14 20:30:25+00:00,after-hours,"5.02,7.01,9.01",469.3800048828125,469.7799987792969,1019.5833333333334,False,0.0008521749804495382,1026.5833333333333,True,2481.5833333333335,True,9688.583333333334,True
UMAC,2026-07-28 20:01:26+00:00,after-hours,5.02,19.9162,19.969999313354492,1048.5666666666666,False,0.0027012840478852773,1048.5666666666666,True,1048.5666666666666,True,1065.5666666666666,True
UMBF,2026-07-28 20:05:28+00:00,after-hours,"2.02,8.01,9.01",143.92999267578125,146.32000732421875,1044.5333333333333,False,0.016605396859994848,1044.5333333333333,True,1090.5333333333333,True,,False
UMH,2026-07-09 20:35:54+00:00,after-hours,"7.01,9.01",15.28,15.319999694824219,1014.1,False,0.0026177810748835295,6774.1,True,8287.1,True,11100.1,True
UMH,2026-07-06 20:05:39+00:00,after-hours,"7.01,9.01",15.41,15.520000457763672,1044.35,False,0.0071382516394336015,1049.35,True,1153.35,True,,False
UNB,2026-07-16 21:16:31+00:00,after-hours,"5.02,9.01",25.650100708007812,25.97760009765625,1206.4833333333333,False,0.012767957263660756,1206.4833333333333,True,5402.483333333334,True,9647.483333333334,True
UNB,2026-07-15 17:59:13+00:00,regular,"2.02,8.01,9.01",24.735000610351562,25.510000228881836,1203.7833333333333,False,0.03133210428165256,1203.7833333333333,True,1203.7833333333333,True,1282.7833333333333,True
UNFI,2026-07-09 11:01:43+00:00,pre-market,"5.02,7.01,9.01",47.18,46.0099983215332,148.28333333333333,False,-0.024798679068817275,148.28333333333333,True,148.28333333333333,True,5924.283333333334,True
UNM,2026-07-28 20:23:51+00:00,after-hours,"2.02,9.01",87.93,84.98500061035156,1026.15,False,-0.03349254395142098,1026.15,True,1026.15,True,1032.15,True
UNM,2026-07-06 10:55:28+00:00,pre-market,"1.01,7.01,9.01",92.34,91.98999786376953,154.53333333333333,False,-0.0037903631820497274,156.53333333333333,True,159.53333333333333,True,388.53333333333336,True
UNTY,2026-07-14 10:00:30+00:00,pre-market,"2.02,9.01",57.40999984741211,56.900001525878906,209.5,False,-0.00888344056590673,209.5,True,212.5,True,,False
UPBD,2026-07-21 21:42:34+00:00,after-hours,8.01,21.91,22.030000686645508,947.4333333333333,False,0.005476982503218153,948.4333333333333,True,1161.4333333333334,True,4205.433333333333,True
UPLD,2026-07-21 21:03:45+00:00,after-hours,"5.02,7.01,9.01",4.755000114440918,4.449999809265137,986.25,False,-0.06414306999688524,986.25,True,986.25,True,986.25,True
UPLD,2026-07-08 13:07:59+00:00,pre-market,8.01,4.940000057220459,4.96999979019165,22.016666666666666,False,0.006072820369170451,61.016666666666666,True,79.01666666666667,True,145.01666666666668,True
UPLD,2026-07-07 16:01:36+00:00,regular,5.02,5.070000171661377,5.239999771118164,4.4,False,0.0335304918542203,4.4,True,4.4,True,1345.4,True
UPWK,2026-07-16 20:22:31+00:00,after-hours,5.02,9.600099563598633,9.449999809265137,1027.4833333333333,False,-0.015635228920191646,1027.4833333333333,True,1035.4833333333333,True,1102.4833333333333,True
URI,2026-07-22 20:23:15+00:00,after-hours,"2.02,7.01,9.01",1037.0,1112.72998046875,1026.75,False,0.07302794645009647,1026.75,True,1026.75,True,1026.75,True
USAR,2026-07-23 12:32:44+00:00,pre-market,"3.02,7.01,8.01,9.01",15.8149995803833,15.550000190734863,57.266666666666666,False,-0.016756205923466383,57.266666666666666,True,57.266666666666666,True,155.26666666666668,True
USAR,2026-07-20 13:00:39+00:00,pre-market,"5.02,7.01,9.01",15.645000457763672,15.869999885559082,29.35,False,0.014381554567725052,29.35,True,45.35,True,117.35,True
USAR,2026-07-16 21:00:39+00:00,after-hours,"1.01,8.01,9.01",15.9687,15.454099655151367,989.35,False,-0.03222556281028721,989.35,True,989.35,True,997.35,True
USCB,2026-07-28 17:46:36+00:00,regular,"7.01,9.01",23.0,22.9950008392334,1.4,True,-0.00021735481593920802,26.4,True,123.4,True,,False
USCB,2026-07-23 20:00:18+00:00,after-hours,"2.02,7.01,9.01",20.239999771118164,20.59000015258789,1049.7,False,0.01729250916144598,1049.7,True,1056.7,True,1124.7,True
USCB,2026-07-20 20:34:03+00:00,after-hours,"7.01,9.01",20.290000915527344,20.114999771118164,1015.95,False,-0.00862499440674036,1082.95,True,1114.95,True,5434.95,True
USGO,2026-07-14 21:18:11+00:00,after-hours,"7.01,9.01",7.985000133514404,7.949999809265137,971.8166666666667,False,-0.004383259068758805,981.8166666666667,True,1024.8166666666666,True,4099.816666666667,True
USGO,2026-07-06 10:45:29+00:00,pre-market,"7.01,9.01",8.8100004196167,8.899999618530273,164.51666666666668,False,0.01021557260237782,164.51666666666668,True,175.51666666666668,True,1661.5166666666667,True
USPH,2026-07-06 20:22:02+00:00,after-hours,"8.01,9.01",73.38,74.72000122070312,1027.9666666666667,False,0.018261123203912932,1027.9666666666667,True,1166.9666666666667,True,2505.9666666666667,True
UTHR,2026-07-23 11:00:29+00:00,pre-market,"5.02,7.01,9.01",526.780029296875,523.22998046875,149.51666666666668,False,-0.006739148469359191,149.51666666666668,True,,False,,False
UTL,2026-07-07 20:30:16+00:00,after-hours,"1.01,2.03,7.01,8.01,9.01",52.84,52.77000045776367,1019.7333333333333,False,-0.0013247453110585283,1056.7333333333333,True,8258.733333333334,True,13986.733333333334,True
UTMD,2026-07-23 19:13:28+00:00,regular,"2.02,9.01",65.63999938964844,64.5,38.53333333333333,False,-0.01736744972956561,38.53333333333333,True,40.53333333333333,True,5588.533333333334,True
UUUU,2026-07-28 20:49:28+00:00,after-hours,"7.01,8.01,9.01",11.36,11.444999694824219,1000.5333333333333,False,0.007482367502132048,1008.5333333333333,True,1021.5333333333333,True,1373.5333333333333,True
UUUU,2026-07-13 22:55:44+00:00,after-hours,"7.01,9.01",13.1,13.604999542236328,874.2666666666667,False,0.03854958337681902,874.2666666666667,True,874.2666666666667,True,2471.266666666667,True
UVE,2026-07-23 20:15:24+00:00,after-hours,"2.02,9.01",37.68,39.810001373291016,1037.6,False,0.05652869886653433,1037.6,True,1037.6,True,1037.6,True
UVE,2026-07-08 20:16:39+00:00,after-hours,"7.01,9.01",41.76,42.029998779296875,1033.35,False,0.0064654880099825895,1127.35,True,6793.35,True,9675.35,True
UVSP,2026-07-27 20:42:16+00:00,after-hours,"7.01,9.01",44.20500183105469,44.40999984741211,1007.7333333333333,False,0.004637439381653952,1043.7333333333333,True,1099.7333333333333,True,,False
UVSP,2026-07-23 12:30:25+00:00,pre-market,"2.02,9.01",43.79,42.650001525878906,59.583333333333336,False,-0.026033306100047837,59.583333333333336,True,59.583333333333336,True,,False
VABK,2026-07-23 20:30:15+00:00,after-hours,"2.02,8.01,9.01",44.5,44.599998474121094,1226.75,False,0.0022471567218222965,5339.75,True,5339.75,True,5385.75,True
VAC,2026-07-21 12:00:10+00:00,pre-market,"5.02,9.01",97.58,98.30500030517578,89.83333333333333,False,0.007429804316210209,92.83333333333333,True,1560.8333333333333,True,3214.8333333333335,True
VANI,2026-07-16 12:30:30+00:00,pre-market,"7.01,9.01",1.4299999475479126,1.4900000095367432,59.5,False,0.041958086845887976,72.5,True,72.5,True,198.5,True
VANI,2026-07-07 11:46:22+00:00,pre-market,"1.01,8.01,9.01",1.2999999523162842,1.3300000429153442,103.63333333333334,False,0.023076993614966845,104.63333333333334,True,105.63333333333334,True,429.6333333333333,True
VATE,2026-07-08 20:14:35+00:00,after-hours,8.01,11.43,11.5,1035.4166666666667,False,0.006124234470691103,1035.4166666666667,True,1035.4166666666667,True,1037.4166666666667,True
VC,2026-07-23 11:03:31+00:00,pre-market,"1.01,2.02,7.01,9.01",103.16,99.18000030517578,146.48333333333332,False,-0.03858084233059533,146.48333333333332,True,146.48333333333332,True,147.48333333333332,True
VCTR,2026-07-23 20:59:28+00:00,after-hours,"5.02,7.01,9.01",96.4800033569336,98.5250015258789,990.5333333333333,False,0.02119608310314547,990.5333333333333,True,5310.533333333334,True,,False
VCTR,2026-07-13 12:28:23+00:00,pre-market,"8.01,9.01",92.24,92.23999786376953,61.61666666666667,False,-2.3159480333490023e-08,108.61666666666666,True,1510.6166666666666,True,1750.6166666666666,True
VELO,2026-07-14 20:03:09+00:00,after-hours,"1.01,9.01",12.8,12.885000228881836,1046.85,False,0.006640642881393433,1047.85,True,1048.85,True,1123.85,True
VENU,2026-07-27 21:00:14+00:00,after-hours,"1.01,8.01,9.01",2.25,2.3399999141693115,989.7666666666667,False,0.039999961853027344,989.7666666666667,True,989.7666666666667,True,2783.766666666667,True
VENU,2026-07-23 10:02:21+00:00,pre-market,"1.01,2.03,8.01,9.01",2.44,2.450000047683716,207.65,False,0.004098380198244156,210.65,True,210.65,True,1666.65,True
VERA,2026-07-09 12:00:16+00:00,pre-market,5.02,42.43,41.814998626708984,89.73333333333333,False,-0.014494493831982425,89.73333333333333,True,92.73333333333333,True,1537.7333333333333,True
VERA,2026-07-07 16:45:57+00:00,regular,8.01,42.42499923706055,42.470001220703125,1.05,True,0.0010607421202559753,3.05,True,37.05,True,4132.05,True
VERI,2026-07-16 20:14:15+00:00,after-hours,8.01,1.034999966621399,1.0195000171661377,1035.75,False,-0.014975797058098927,1035.75,True,1035.75,True,6800.75,True
VERI,2026-07-10 20:05:09+00:00,after-hours,"5.02,5.03,5.07,9.01",1.18,1.176200032234192,3924.85,False,-0.0032203116659390574,3937.85,True,3949.85,True,4238.85,True
VFF,2026-07-22 12:37:34+00:00,pre-market,"7.01,9.01",1.9800000190734863,2.0,52.43333333333333,False,0.010101000370632551,53.43333333333333,True,54.43333333333333,True,90.43333333333334,True
VICR,2026-07-21 11:20:05+00:00,pre-market,"2.02,9.01",230.82000732421875,226.3699951171875,129.91666666666666,False,-0.01927914420685639,129.91666666666666,True,130.91666666666666,True,132.91666666666666,True
VIR,2026-07-24 12:31:43+00:00,pre-market,5.02,9.354999542236328,9.140000343322754,58.28333333333333,False,-0.022982277865743028,58.28333333333333,True,58.28333333333333,True,66.28333333333333,True
VISN,2026-07-08 21:08:32+00:00,after-hours,"2.01,9.01",12.380000114440918,12.600000381469727,981.4666666666667,False,0.0177706191433864,981.4666666666667,True,1061.4666666666667,True,22923.466666666667,True
VIVK,2026-07-27 21:26:53+00:00,after-hours,"3.02,7.01,9.01",2.1,1.9800000190734863,963.1166666666667,False,-0.05714284806024461,963.1166666666667,True,963.1166666666667,True,963.1166666666667,True
VIVK,2026-07-21 21:28:53+00:00,after-hours,"1.01,3.02,7.01,9.01",2.569999933242798,2.0899999141693115,961.1166666666667,False,-0.1867704402886219,961.1166666666667,True,961.1166666666667,True,961.1166666666667,True
VIVK,2026-07-10 21:29:37+00:00,after-hours,"1.01,3.02,9.01",0.26510000228881836,0.2624000012874603,3840.383333333333,False,-0.010184839600327344,3840.383333333333,True,3859.383333333333,True,3904.383333333333,True
VIVS,2026-07-24 20:07:32+00:00,after-hours,"3.01,8.01,9.01",0.41269999742507935,0.4000000059604645,3922.4666666666667,False,-0.030772938075727452,3922.4666666666667,True,3922.4666666666667,True,3925.4666666666667,True
VIVS,2026-07-17 12:45:07+00:00,pre-market,"1.01,3.02,8.01,9.01",0.6110000014305115,0.5705000162124634,44.88333333333333,False,-0.06628475470249917,44.88333333333333,True,44.88333333333333,True,44.88333333333333,True
VLO,2026-07-16 20:49:01+00:00,after-hours,7.01,300.26,307.1499938964844,1000.9833333333333,False,0.022946759130368255,1000.9833333333333,True,1244.9833333333333,True,5548.983333333334,True
VLY,2026-07-23 11:05:35+00:00,pre-market,"2.02,7.01,9.01",14.52,14.637100219726562,144.41666666666666,False,0.008064753424694482,144.41666666666666,True,144.41666666666666,True,,False
VMI,2026-07-28 12:15:13+00:00,pre-market,5.02,494.81,488.0400085449219,75.78333333333333,False,-0.013682002091869871,75.78333333333333,True,77.78333333333333,True,1549.7833333333333,True
VMI,2026-07-21 11:10:09+00:00,pre-market,"2.02,9.01",525.88,545.0449829101562,139.85,False,0.036443642865589654,139.85,True,139.85,True,1579.85,True
VNRX,2026-07-21 20:15:45+00:00,after-hours,"5.03,5.07,9.01",1.11,1.1699999570846558,1034.25,False,0.05405401539158161,1034.25,True,1034.25,True,1034.25,True
VOR,2026-07-07 20:04:11+00:00,after-hours,"5.02,9.01",20.100000381469727,19.799999237060547,1045.8166666666666,False,-0.014925429786844746,1045.8166666666666,True,1082.8166666666666,True,1120.8166666666666,True
VOYA,2026-07-21 20:15:45+00:00,after-hours,7.01,98.65,98.31999969482422,1034.25,False,-0.003345162748867536,2474.25,True,2492.25,True,,False
VOYA,2026-07-08 21:15:26+00:00,after-hours,7.01,96.19,96.30000305175781,974.5666666666667,False,0.001143601744025613,1006.5666666666667,True,1026.5666666666666,True,11062.566666666668,True
VRA,2026-07-24 20:08:34+00:00,after-hours,"5.02,9.01",3.690000057220459,3.700000047683716,3921.4333333333334,False,0.0027100244737636725,3933.4333333333334,True,4219.433333333333,True,7101.433333333333,True
VRNS,2026-07-28 20:10:19+00:00,after-hours,"2.02,9.01",44.63999938964844,42.9900016784668,1039.6833333333334,False,-0.03696231482396162,1039.6833333333334,True,1039.6833333333334,True,1039.6833333333334,True
VRRM,2026-07-28 20:01:50+00:00,after-hours,"7.01,9.01",4.18,5.980000019073486,1048.1666666666667,False,0.4306220141324131,1048.1666666666667,True,1048.1666666666667,True,1048.1666666666667,True
VRRM,2026-07-23 20:56:54+00:00,after-hours,5.07,3.9,3.940000057220459,993.1,False,0.010256424928322794,998.1,True,1004.1,True,5313.1,True
VRSK,2026-07-28 21:10:37+00:00,after-hours,"5.02,9.01",212.26,220.0,979.3833333333333,False,0.0364647130877227,979.3833333333333,True,979.3833333333333,True,1005.3833333333333,True
VRSN,2026-07-23 20:08:53+00:00,after-hours,"2.02,8.01,9.01",261.58,259.0950012207031,1041.1166666666666,False,-0.009499957104124435,1043.1166666666666,True,1044.1166666666666,True,1054.1166666666666,True
VST,2026-07-16 13:02:23+00:00,pre-market,"1.01,2.03,9.01",160.23,158.10000610351562,27.616666666666667,False,-0.01329335265858056,27.616666666666667,True,27.616666666666667,True,38.61666666666667,True
VST,2026-07-14 21:29:37+00:00,after-hours,8.01,158.43,163.85000610351562,960.3833333333333,False,0.03421073094436422,960.3833333333333,True,960.3833333333333,True,990.3833333333333,True
VTAK,2026-07-28 20:01:08+00:00,after-hours,9.01,0.28,0.28940001130104065,1048.8666666666666,False,0.03357146893228791,1049.8666666666666,True,1049.8666666666666,True,,False
VTAK,2026-07-15 21:15:00+00:00,after-hours,"3.02,3.03,5.03,9.01",0.6205,0.5799999833106995,975.0,False,-0.06526997049041194,975.0,True,975.0,True,975.0,True
VVOS,2026-07-07 21:29:42+00:00,after-hours,"1.01,3.02,5.03,9.01",0.479,0.46459999680519104,960.3,False,-0.030062637149914306,960.3,True,960.3,True,960.3,True
VVV,2026-07-23 21:17:58+00:00,after-hours,"5.02,9.01",38.31,38.41999816894531,972.0333333333333,False,0.0028712651773770137,1061.0333333333333,True,1088.0333333333333,True,6732.033333333334,True
VWAV,2026-07-24 21:00:36+00:00,after-hours,8.01,2.950000047683716,2.9976000785827637,3869.4,False,0.016135603433776957,3869.4,True,3893.4,True,3919.4,True
VWAV,2026-07-24 11:01:34+00:00,pre-market,"7.01,9.01",3.25,3.2399001121520996,148.43333333333334,False,-0.003107657799353958,159.43333333333334,True,159.43333333333334,True,173.43333333333334,True
VWAV,2026-07-21 10:09:00+00:00,pre-market,"1.01,2.03,3.02,9.01",3.867000102996826,3.859999895095825,201.0,False,-0.0018102424914796522,205.0,True,205.0,True,210.0,True
VXRT,2026-07-28 08:00:30+00:00,pre-market,8.01,0.45010000467300415,0.47429999709129333,329.5,False,0.053765812412889025,329.5,True,329.5,True,379.5,True
VXRT,2026-07-17 20:10:32+00:00,after-hours,"5.07,7.01,9.01",0.5318999886512756,0.5145000219345093,3919.4666666666667,False,-0.0327128540853836,3919.4666666666667,True,3919.4666666666667,True,3925.4666666666667,True
VXRT,2026-07-07 12:00:09+00:00,pre-market,"8.01,9.01",0.6294999718666077,0.6299999952316284,89.85,False,0.0007943183278278365,94.85,True,94.85,True,100.85,True
VYGR,2026-07-13 12:44:19+00:00,pre-market,8.01,3.444999933242798,3.4019999504089355,45.68333333333333,False,-0.012481853023836198,45.68333333333333,True,46.68333333333333,True,50.68333333333333,True
VYNE,2026-07-21 12:14:41+00:00,pre-market,"7.01,8.01,9.01",0.8090000152587891,0.8050000071525574,75.31666666666666,False,-0.0049443856993650614,76.31666666666666,True,87.31666666666666,True,101.31666666666666,True
VYNE,2026-07-18 00:41:06+00:00,closed,5.07,0.761,0.7799000144004822,3648.9,False,0.024835761367256515,3648.9,True,3648.9,True,3653.9,True
VYNE,2026-07-14 12:12:23+00:00,pre-market,"7.01,9.01",0.6579,0.6625000238418579,77.61666666666666,False,0.006991980303781453,79.61666666666666,True,84.61666666666666,True,133.61666666666667,True
VYNE,2026-07-10 12:06:31+00:00,pre-market,"7.01,8.01,9.01",0.6722999811172485,0.6351000070571899,83.48333333333333,False,-0.05533240384484106,83.48333333333333,True,83.48333333333333,True,83.48333333333333,True
VZ,2026-07-24 13:07:03+00:00,pre-market,5.02,43.95,44.43000030517578,22.95,False,0.010921508650188372,23.95,True,23.95,True,369.95,True
VZ,2026-07-24 11:00:31+00:00,pre-market,"2.02,9.01",43.95,44.43000030517578,149.48333333333332,False,0.010921508650188372,150.48333333333332,True,150.48333333333332,True,496.48333333333335,True
WAB,2026-07-22 10:59:48+00:00,pre-market,"2.02,7.01,9.01",265.7482,276.1099853515625,150.2,False,0.0389909897849261,150.2,True,150.2,True,154.2,True
WABC,2026-07-23 17:15:51+00:00,regular,"8.01,9.01",59.79999923706055,59.869998931884766,12.15,False,0.0011705634735332815,1225.15,True,1348.15,True,,False
WABC,2026-07-16 17:47:12+00:00,regular,"2.02,9.01",61.40999984741211,61.349998474121094,6.8,False,-0.0009770619351914256,122.8,True,1182.8,True,1182.8,True
WAFD,2026-07-28 19:33:32+00:00,regular,"7.01,9.01",36.720001220703125,36.72999954223633,2.466666666666667,False,0.0002722854357521953,,False,,False,,False
WAFD,2026-07-17 17:03:27+00:00,regular,"2.02,9.01",38.11000061035156,38.16999816894531,2.55,False,0.0015743258366007762,4110.55,True,4114.55,True,8428.55,True
WAFD,2026-07-02 21:57:41+00:00,after-hours,"7.01,9.01",38.34000015258789,38.34000015258789,5252.316666666667,False,0.0,6699.316666666667,True,8132.316666666667,True,26864.316666666666,True
WAL,2026-07-21 20:16:47+00:00,after-hours,"2.02,9.01",81.0,78.93000030517578,1033.2166666666667,False,-0.025555551787953323,1033.2166666666667,True,1033.2166666666667,True,,False
WASH,2026-07-20 20:08:27+00:00,after-hours,"2.02,9.01",36.380001068115234,37.77000045776367,1041.55,False,0.03820778858818352,1041.55,True,1041.55,True,1249.55,True
WBS,2026-07-21 20:19:29+00:00,after-hours,"2.02,9.01",76.07,76.93000030517578,1030.5166666666667,False,0.011305380638567009,1030.5166666666667,True,,False,,False
WCN,2026-07-28 12:40:03+00:00,pre-market,"1.01,7.01,9.01",169.35,171.13999938964844,49.95,False,0.010569822200463097,50.95,True,1553.95,True,,False
WCN,2026-07-22 20:09:41+00:00,after-hours,"2.02,7.01,9.01",167.9,170.61500549316406,1040.3166666666666,False,0.01617037220466977,1040.3166666666666,True,1042.3166666666666,True,,False
WDFC,2026-07-09 20:09:13+00:00,after-hours,"2.02,9.01",239.31869506835938,295.0,1040.7833333333333,False,0.232665922383271,1040.7833333333333,True,1040.7833333333333,True,1040.7833333333333,True
WEN,2026-07-28 21:11:04+00:00,after-hours,5.02,7.679999828338623,7.570000171661377,978.9333333333333,False,-0.014322872283324184,978.9333333333333,True,1298.9333333333334,True,,False
WERN,2026-07-28 20:08:39+00:00,after-hours,"2.02,9.01",38.58,37.584999084472656,1041.35,False,-0.02579058879023699,1041.35,True,1041.35,True,1043.35,True
WEX,2026-07-22 20:55:18+00:00,after-hours,"2.02,9.01",155.68,160.61000061035156,994.7,False,0.03166752704490983,994.7,True,994.7,True,1064.7,True
WFRD,2026-07-21 20:30:11+00:00,after-hours,"2.02,9.01",83.32,90.0,1019.8166666666667,False,0.0801728276524245,1019.8166666666667,True,1019.8166666666667,True,1019.8166666666667,True
WH,2026-07-22 20:31:23+00:00,after-hours,"2.02,7.01,9.01",75.68,74.58100128173828,1019.6166666666667,False,-0.01452165325398691,1019.6166666666667,True,1023.6166666666667,True,,False
WHF,2026-07-28 12:00:19+00:00,pre-market,"7.01,9.01",6.52400016784668,6.639999866485596,102.68333333333334,False,0.017780456108909437,102.68333333333334,True,3010.6833333333334,True,,False
WHLR,2026-07-20 20:05:32+00:00,after-hours,3.02,0.328900009393692,0.3208000063896179,1044.4666666666667,False,-0.024627554796991302,1044.4666666666667,True,1044.4666666666667,True,1057.4666666666667,True
WHLR,2026-07-14 20:06:39+00:00,after-hours,3.02,0.4050000011920929,0.3828999996185303,1043.35,False,-0.054567904959290425,1043.35,True,1043.35,True,1043.35,True
WHLR,2026-07-07 12:21:50+00:00,pre-market,"3.02,8.01",0.737500011920929,0.6901000142097473,68.16666666666667,False,-0.06427118229831785,68.16666666666667,True,68.16666666666667,True,68.16666666666667,True
WINA,2026-07-15 15:29:55+00:00,regular,"2.02,7.01,8.01,9.01",362.6099853515625,367.3299865722656,1.0833333333333333,True,0.013016743640214212,1.0833333333333333,True,173.08333333333334,True,1320.0833333333333,True
WINT,2026-07-21 21:50:13+00:00,after-hours,"1.01,9.01",0.013899999670684338,0.012000000104308128,2531.7833333333333,False,-0.13669061952450157,2531.7833333333333,True,2531.7833333333333,True,2531.7833333333333,True
WKC,2026-07-23 20:29:31+00:00,after-hours,"2.02,9.01",36.27,39.994998931884766,1020.4833333333333,False,0.102701928091667,1020.4833333333333,True,1020.4833333333333,True,1020.4833333333333,True
WKC,2026-07-02 20:15:15+00:00,after-hours,"5.07,9.01",33.21,33.09000015258789,5354.75,False,-0.003613364872391167,5382.75,True,9682.75,True,9963.75,True
WKHS,2026-07-28 09:11:00+00:00,pre-market,"7.01,9.01",2.7699999809265137,2.7699999809265137,259.0,False,0.0,260.0,True,260.0,True,643.0,True
WKHS,2026-07-23 20:04:09+00:00,after-hours,"5.02,9.01",2.809999942779541,2.75,1045.85,False,-0.021352293238907083,1045.85,True,1045.85,True,1070.85,True
WKHS,2026-07-13 21:01:43+00:00,after-hours,"5.02,9.01",2.640000104904175,2.6700000762939453,988.2833333333333,False,0.011363625074878314,995.2833333333333,True,995.2833333333333,True,9678.283333333333,True
WKSP,2026-07-28 21:00:18+00:00,after-hours,"2.02,7.01,9.01",0.5920000076293945,0.6000000238418579,989.7,False,0.013513540725275774,1001.7,True,1022.7,True,,False
WKSP,2026-07-22 12:11:18+00:00,pre-market,"7.01,9.01",0.6639999747276306,0.6700000166893005,78.7,False,0.009036208117524591,80.7,True,80.7,True,101.7,True
WLFC,2026-07-21 10:57:53+00:00,pre-market,"7.01,9.01",63.12,64.75,152.11666666666667,False,0.025823827629911422,152.11666666666667,True,152.11666666666667,True,320.1166666666667,True
WLFC,2026-07-17 20:22:48+00:00,after-hours,"5.03,9.01",63.88333,64.3499984741211,3907.2,False,0.007305011716219223,3910.2,True,5358.2,True,5555.2,True
WLFC,2026-07-14 21:19:23+00:00,after-hours,"1.01,7.01,9.01",217.77999877929688,215.0500030517578,975.6166666666667,False,-0.01253556682358925,975.6166666666667,True,1076.6166666666666,True,2410.616666666667,True
WLFC,2026-07-10 20:14:55+00:00,after-hours,8.01,220.74000549316406,223.0800018310547,3915.0833333333335,False,0.010600689859831869,3915.0833333333335,True,4220.083333333333,True,6948.083333333333,True
WMS,2026-07-16 20:08:32+00:00,after-hours,"5.07,9.01",151.28,149.9550018310547,1041.4666666666667,False,-0.008758581233112905,1045.4666666666667,True,1323.4666666666667,True,5441.466666666666,True
WNC,2026-07-20 20:30:28+00:00,after-hours,"1.01,2.03,3.02,8.01,9.01",13.27,13.449999809265137,1019.5333333333333,False,0.013564416674087143,1019.5333333333333,True,1266.5333333333333,True,2840.5333333333333,True
WNC,2026-07-14 20:04:36+00:00,after-hours,"1.01,2.02,7.01,8.01,9.01",13.42,11.949999809265137,1045.4,False,-0.10953801719335787,1045.4,True,1045.4,True,1045.4,True
WNEB,2026-07-28 20:33:39+00:00,after-hours,"2.02,7.01,9.01",14.640000343322754,13.739999771118164,1016.35,False,-0.061475447479417356,1016.35,True,1016.35,True,1016.35,True
WORX,2026-07-28 17:32:10+00:00,regular,"3.01,9.01",0.5899999737739563,0.6100999712944031,1225.8333333333333,False,0.03406779392188164,1225.8333333333333,True,1225.8333333333333,True,1242.8333333333333,True
WORX,2026-07-23 14:54:19+00:00,regular,5.07,0.5724999904632568,0.5099999904632568,178.68333333333334,False,-0.10917030749542211,178.68333333333334,True,178.68333333333334,True,178.68333333333334,True
WPC,2026-07-28 20:08:36+00:00,after-hours,"2.02,7.01,9.01",75.61,77.12000274658203,1041.4,False,0.019970939645311825,1051.4,True,,False,,False
WPC,2026-07-02 20:15:30+00:00,after-hours,"1.01,9.01",71.32,71.11000061035156,5354.5,False,-0.0029444670449864097,5422.5,True,16879.5,True,20142.5,True
WRAP,2026-07-13 21:09:50+00:00,after-hours,"1.01,8.01,9.01",2.116,2.109999895095825,980.1666666666666,False,-0.002835588329005101,980.1666666666666,True,983.1666666666666,True,1038.1666666666667,True
WRB,2026-07-20 20:13:03+00:00,after-hours,"2.02,9.01",72.73,72.05000305175781,1036.95,False,-0.009349607428051576,1039.95,True,1039.95,True,11117.95,True
WRLD,2026-07-24 11:35:10+00:00,pre-market,"2.02,7.01,9.01",181.27000427246094,186.58999633789062,114.83333333333333,False,0.029348441220497623,114.83333333333333,True,114.83333333333333,True,118.83333333333333,True
WS,2026-07-15 11:24:02+00:00,pre-market,"7.01,9.01",33.95000076293945,34.45000076293945,125.96666666666667,False,0.014727540169772624,128.96666666666667,True,164.96666666666667,True,7340.966666666666,True
WS,2026-07-10 20:30:15+00:00,after-hours,"2.02,9.01",33.05,33.474998474121094,3899.75,False,0.012859257915918132,3902.75,True,3905.75,True,6818.75,True
WSBC,2026-07-21 20:24:18+00:00,after-hours,"2.02,9.01",40.36000061035156,40.93000030517578,1025.7,False,0.014122886179491978,1026.7,True,1054.7,True,,False
WSBC,2026-07-02 20:26:10+00:00,after-hours,"2.02,9.01",39.650001525878906,39.63999938964844,5343.833333333333,False,-0.0002522606770630764,5349.833333333333,True,8229.833333333334,True,35586.833333333336,True
WSBF,2026-07-23 20:00:09+00:00,after-hours,"2.02,9.01",19.459999084472656,19.459999084472656,1050.85,False,0.0,1072.85,True,1107.85,True,5546.85,True
WSFS,2026-07-23 20:09:22+00:00,after-hours,"2.02,7.01,9.01",78.94000244140625,81.01000213623047,1040.6333333333334,False,0.026222442751514752,1040.6333333333334,True,1042.6333333333334,True,,False
WST,2026-07-23 11:14:59+00:00,pre-market,"2.02,7.01,9.01",358.41,386.0,135.01666666666668,False,0.07697887893752964,135.01666666666668,True,135.01666666666668,True,1600.0166666666667,True
WST,2026-07-14 20:29:25+00:00,after-hours,"1.01,9.01",357.65,358.43499755859375,1020.5833333333334,False,0.002194876439518545,2467.5833333333335,True,2485.5833333333335,True,14026.583333333334,True
WTBA,2026-07-23 11:17:41+00:00,pre-market,"2.02,7.01,9.01",26.62,26.600000381469727,132.31666666666666,False,-0.0007513004707090376,132.31666666666666,True,140.31666666666666,True,7359.316666666667,True
WTFC,2026-07-20 20:56:56+00:00,after-hours,"2.02,9.01",163.66,162.08999633789062,993.0666666666667,False,-0.009593081156723526,993.0666666666667,True,996.0666666666667,True,,False
WU,2026-07-23 20:34:53+00:00,after-hours,"5.02,9.01",8.31,8.319999694824219,1015.1166666666667,False,0.0012033327104956637,1018.1166666666667,True,1044.1166666666666,True,9656.116666666667,True
WVVI,2026-07-14 20:07:18+00:00,after-hours,5.02,2.8450000286102295,2.7000999450683594,1146.7,False,-0.05093148755174293,1146.7,True,1146.7,True,1146.7,True
WVVI,2026-07-14 20:05:20+00:00,after-hours,5.07,2.8450000286102295,2.7000999450683594,1148.6666666666667,False,-0.05093148755174293,1148.6666666666667,True,1148.6666666666667,True,1148.6666666666667,True
WYNN,2026-07-22 20:41:47+00:00,after-hours,"1.01,7.01,9.01",94.36000061035156,93.16000366210938,1008.2166666666667,False,-0.012717220649429928,1008.2166666666667,True,1026.2166666666667,True,6770.216666666666,True
XAIR,2026-07-09 13:20:14+00:00,pre-market,"3.03,5.03,9.01",0.4352000057697296,0.42559999227523804,9.766666666666667,False,-0.022058854244526582,9.766666666666667,True,9.766666666666667,True,10.766666666666667,True
XERS,2026-07-17 20:20:39+00:00,after-hours,"3.02,8.01",8.8,8.880000114440918,3909.35,False,0.00909092209555884,3921.35,True,4279.35,True,7121.35,True
XIFR,2026-07-28 11:34:59+00:00,pre-market,"2.02,9.01",12.61,12.380000114440918,115.01666666666667,False,-0.018239483390886768,115.01666666666667,True,118.01666666666667,True,124.01666666666667,True
XMAX,2026-07-28 20:30:20+00:00,after-hours,5.07,8.449999809265137,8.4399995803833,1019.6666666666666,False,-0.0011834590659837163,1073.6666666666667,True,,False,,False
XMAX,2026-07-23 20:30:42+00:00,after-hours,"1.01,2.01,9.01",8.510000228881836,8.489999771118164,1019.3,False,-0.002350229991274655,1040.3,True,6800.3,True,,False
XMAX,2026-07-10 20:30:33+00:00,after-hours,"1.01,2.01,9.01",8.604999542236328,8.579999923706055,3899.45,False,-0.0029052434468551658,3935.45,True,3953.45,True,,False
XMAX,2026-07-07 20:30:30+00:00,after-hours,"1.01,3.02,9.01",8.720000267028809,8.929900169372559,1019.5,False,0.02407108898120125,1056.5,True,1328.5,True,8571.5,True
XMAX,2026-07-06 20:30:42+00:00,after-hours,"1.01,5.02,9.01",8.949999809265137,8.930000305175781,1019.3,False,-0.002234581510119349,1031.3,True,1132.3,True,2798.3,True
XPO,2026-07-27 11:00:35+00:00,pre-market,"5.02,8.01,9.01",213.01,214.02499389648438,149.41666666666666,False,0.004765005851764537,163.41666666666666,True,183.41666666666666,True,3030.4166666666665,True
XPON,2026-07-16 20:59:40+00:00,after-hours,"5.03,9.01",4.152,3.876000165939331,990.3333333333334,False,-0.06647394847318622,990.3333333333334,True,990.3333333333334,True,990.3333333333334,True
XPON,2026-07-07 20:13:43+00:00,after-hours,5.02,0.40799999237060547,0.4020000100135803,1036.2833333333333,False,-0.01470583938534753,1036.2833333333333,True,1076.2833333333333,True,1076.2833333333333,True
XRN,2026-07-17 20:40:21+00:00,after-hours,"5.02,9.01",37.9,37.650001525878906,3889.65,False,-0.006596265807944368,3900.65,True,4033.65,True,,False
XRN,2026-07-06 20:30:27+00:00,after-hours,"7.01,9.01",37.33,37.599998474121094,1019.55,False,0.00723274776643712,1030.55,True,2834.55,True,,False
XRN,2026-07-02 21:26:58+00:00,after-hours,"1.01,2.01,9.01",37.97,38.099998474121094,5283.033333333334,False,0.003423715410089345,5447.033333333334,True,8170.033333333334,True,9613.033333333333,True
XWEL,2026-07-09 20:05:24+00:00,after-hours,"1.01,7.01,9.01",0.9959999918937683,0.9688000082969666,1044.6,False,-0.02730922070098052,1044.6,True,1044.6,True,1173.6,True
XYL,2026-07-28 11:06:22+00:00,pre-market,"2.02,9.01",120.16,123.94999694824219,143.63333333333333,False,0.031541252898154015,145.63333333333333,True,147.63333333333333,True,194.63333333333333,True
YEXT,2026-07-07 20:16:11+00:00,after-hours,5.02,5.15,5.090000152587891,1033.8166666666666,False,-0.011650455808176696,1033.8166666666666,True,1075.8166666666666,True,2473.8166666666666,True
YHC,2026-07-15 20:38:13+00:00,after-hours,"5.03,7.01,9.01",2.200000047683716,2.115000009536743,1011.7833333333333,False,-0.0386363801384757,1011.7833333333333,True,1011.7833333333333,True,1046.7833333333333,True
YHC,2026-07-02 20:06:21+00:00,after-hours,8.01,0.04479999840259552,0.041999999433755875,5363.65,False,-0.06249997921154893,5363.65,True,5363.65,True,5363.65,True
YYAI,2026-07-27 12:10:32+00:00,pre-market,"1.01,2.01,7.01,9.01",11.100099563598633,10.819999694824219,79.46666666666667,False,-0.025233996070897047,79.46666666666667,True,79.46666666666667,True,79.46666666666667,True
YYAI,2026-07-16 20:10:18+00:00,after-hours,"5.02,9.01",9.73,8.859999656677246,1071.7,False,-0.08941421822433238,1071.7,True,1071.7,True,1071.7,True
ZION,2026-07-20 20:05:38+00:00,after-hours,"2.02,9.01",71.99,69.4000015258789,1044.3666666666666,False,-0.03597719786249598,1044.3666666666666,True,1044.3666666666666,True,1052.3666666666666,True
ZSQR,2026-07-22 21:30:42+00:00,after-hours,"1.02,7.01,9.01",4.96999979019165,5.050000190734863,959.3,False,0.016096660748576852,959.3,True,964.3,True,1019.3,True
ZSQR,2026-07-10 20:00:56+00:00,after-hours,"1.01,9.01",8.5600004196167,8.699999809265137,3929.0666666666666,False,0.01635506808242737,3929.0666666666666,True,3929.0666666666666,True,3936.0666666666666,True
ZSQR,2026-07-07 21:08:43+00:00,after-hours,"1.01,9.01",8.489999771118164,8.510000228881836,981.2833333333333,False,0.002355766584554164,982.2833333333333,True,982.2833333333333,True,989.2833333333333,True
ZSTK,2026-07-23 20:16:26+00:00,after-hours,2.01,1.5399999618530273,1.5499999523162842,1033.5666666666666,False,0.0064935004616650804,1050.5666666666666,True,1050.5666666666666,True,1287.5666666666666,True
ZSTK,2026-07-20 20:02:11+00:00,after-hours,"5.02,5.03,5.07,9.01",1.649999976158142,1.659999966621399,1047.8166666666666,False,0.006060600368335001,1052.8166666666666,True,1066.8166666666666,True,1131.8166666666666,True
ZVSA,2026-07-16 21:00:40+00:00,after-hours,8.01,0.11999999731779099,0.12999999523162842,8189.333333333333,False,0.08333331781129005,8189.333333333333,True,8189.333333333333,True,8189.333333333333,True
ZVSA,2026-07-10 20:30:31+00:00,after-hours,"5.02,8.01",0.11999999731779099,0.11999999731779099,3943.483333333333,False,0.0,16859.483333333334,True,16859.483333333334,True,16859.483333333334,True
ZWS,2026-07-28 20:07:42+00:00,after-hours,"2.02,9.01",49.31,54.435001373291016,1042.3,False,0.10393432109695833,1042.3,True,1042.3,True,1042.3,True
ZWS,2026-07-20 11:19:39+00:00,pre-market,"2.02,8.01,9.01",47.73,48.720001220703125,130.35,False,0.020741697479638166,130.35,True,10210.35,True,13090.35,True
