ticker,n_days,last_close,min_close,median_dollars,max_1d,max_1d_date,max_5d,max_5d_start,window_ret,move_date,move_size,cause,n_filings,forms,all_causes
AAOI,27,76.5199966430664,76.5199966430664,1001806564.956665,0.15763935179915456,2026-07-21,0.1175179472300707,2026-07-16,-0.5531157007979786,2026-07-21,0.15763935179915456,insider,2,"144,4",insider
AAMI,27,80.83000183105469,69.7699966430664,32350731.94656372,0.08291155413352658,2026-07-06,0.11725280823110351,2026-07-02,0.09392343346505028,2026-07-02,0.11725280823110351,NO KNOWN CAUSE,0,,
AARD,27,5.320000171661377,4.079999923706055,1191024.0035057068,0.5199999809265137,2026-07-10,0.36170217562870643,2026-06-23,0.3039216350839957,2026-07-10,0.5199999809265137,proxy/other,2,"ARS,DEF 14A",proxy/other
ABEO,27,6.230000019073486,5.559999942779541,8935680.133152008,0.09187279062635856,2026-06-30,0.17685944811420762,2026-07-01,0.08347826418669335,2026-07-01,0.17685944811420762,insider,2,"4,S-8","insider,proxy/other"
ABG,27,248.25999450683594,196.1999969482422,44297610.260009766,0.06331629960360408,2026-07-28,0.11758348423946496,2026-07-23,0.26534147996101787,2026-07-23,0.11758348423946496,NO KNOWN CAUSE,0,,
ABT,27,108.0,87.83000183105469,1109678132.5798035,0.10709091013201921,2026-07-16,0.12658231742675308,2026-07-15,0.22964815835644958,2026-07-16,0.12658231742675308,8-K,1,8-K,8-K
ABTC,27,5.190000057220459,5.190000057220459,8896185.970592499,0.1213171250570324,2026-07-21,0.19814808813469353,2026-07-14,-0.5738916315942114,2026-07-21,0.19814808813469353,NO KNOWN CAUSE,0,,
ACDC,27,3.609999895095825,3.609999895095825,6884748.150444031,0.07855623833596592,2026-07-08,0.13375798499754898,2026-07-07,-0.40916533286237533,2026-07-07,0.13375798499754898,8-K,1,8-K,8-K
ACH,27,3.319999933242798,3.130000114440918,1561244.0570831299,0.07121662245900251,2026-07-14,0.14545455333615154,2026-07-09,0.03749996367842012,2026-07-09,0.14545455333615154,NO KNOWN CAUSE,0,,
ACHR,27,4.480000019073486,4.440000057220459,155679220.06759644,0.19594591764571323,2026-07-20,0.16703290553531414,2026-07-13,-0.17495392988912872,2026-07-20,0.19594591764571323,NO KNOWN CAUSE,0,,
ACIC,27,11.050000190734863,9.9399995803833,2785945.8852767944,0.043227648017401865,2026-07-28,0.11167008623845032,2026-07-22,0.029822988084847735,2026-07-22,0.11167008623845032,insider,1,4,insider
ACMR,27,65.30000305175781,65.30000305175781,123875929.06951904,0.15450800434649925,2026-07-21,0.28016541438225495,2026-06-23,-0.36706402819910644,2026-07-21,0.28016541438225495,NO KNOWN CAUSE,0,,
ACRV,27,1.4299999475479126,1.4299999475479126,493908.0134153366,0.09677416460405763,2026-07-08,0.18497105763858657,2026-07-01,-0.09493676664125794,2026-07-01,0.18497105763858657,NO KNOWN CAUSE,0,,
ACU,27,59.900001525878906,45.06999969482422,616968.0221557617,0.1427015036887871,2026-07-23,0.305010883106543,2026-07-22,0.329043752639691,2026-07-23,0.305010883106543,8-K,3,"4,8-K","8-K,insider"
ADAG,27,3.7200000286102295,3.200000047683716,1005423.9824295044,0.13809533973400212,2026-07-01,0.16249999161809692,2026-07-24,-0.031249970896168877,2026-07-01,0.16249999161809692,NO KNOWN CAUSE,0,,
ADBE,27,263.42999267578125,193.41000366210938,1285690244.8913574,0.060988841745205136,2026-07-24,0.24159869420378177,2026-07-23,0.3516162181908258,2026-07-23,0.24159869420378177,8-K,9,"4,8-K","8-K,insider"
ADP,27,273.3699951171875,214.60000610351562,562451400.0,0.052601022280966525,2026-07-01,0.12553520101041737,2026-07-23,0.27385828211637264,2026-07-23,0.12553520101041737,NO KNOWN CAUSE,0,,
ADSK,27,245.25,187.72000122070312,471493515.03448486,0.07704411757859053,2026-07-27,0.20515970515970516,2026-07-22,0.30646707013206664,2026-07-22,0.20515970515970516,NO KNOWN CAUSE,0,,
AEBI,27,13.09000015258789,11.279999732971191,3630483.9879989624,0.050039722542133624,2026-07-16,0.1719858670197516,2026-07-09,0.04887825582742411,2026-07-09,0.1719858670197516,NO KNOWN CAUSE,0,,
AEHR,27,65.4000015258789,65.4000015258789,171957232.15026855,0.2785677725146527,2026-07-21,0.37355923799292157,2026-07-14,-0.42292419951273663,2026-07-21,0.37355923799292157,8-K,8,"144,4,8-K","8-K,insider"
AEIS,27,252.49000549316406,252.49000549316406,223739596.98791504,0.082089204136786,2026-07-21,0.10231207282971777,2026-07-16,-0.3496381053806381,2026-07-16,0.10231207282971777,passive stake,1,SCHEDULE 13G/A,passive stake
AEYE,27,5.71999979019165,5.590000152587891,532818.0016994476,0.11213510239180335,2026-07-06,0.31382979128143806,2026-06-29,-0.05921054901838996,2026-07-06,0.31382979128143806,insider,5,4,insider
AGCO,27,116.16999816894531,111.22000122070312,76196822.83630371,0.049109918765614546,2026-07-22,0.10662848261314983,2026-07-21,0.019750702564647282,2026-07-21,0.10662848261314983,insider,5,4,insider
AGEN,27,6.630000114440918,2.880000114440918,7468422.023820877,0.8268656894873345,2026-07-13,0.7947213288905908,2026-07-06,1.180921117643571,2026-07-13,0.8268656894873345,8-K,5,"4,8-K","8-K,insider"
AGIO,27,35.0099983215332,35.0099983215332,30658140.47241211,0.17705266220778637,2026-07-07,0.15693999112310753,2026-06-29,-0.00256410702280363,2026-07-07,0.17705266220778637,passive stake,3,"144,4,SCHEDULE 13G","insider,passive stake"
AGPU,27,7.019999980926514,6.46999979019165,1621853.9917945862,0.26783117659952493,2026-07-20,0.36091293157842763,2026-07-14,-0.016806706975212804,2026-07-20,0.36091293157842763,offering/dilution,1,S-3/A,offering/dilution
AGRO,27,9.710000038146973,9.109999656677246,7230463.838386536,0.0602910530775278,2026-07-08,0.10341467508455593,2026-07-15,0.06120223420366111,2026-07-15,0.10341467508455593,NO KNOWN CAUSE,0,,
AGX,27,492.3500061035156,492.3500061035156,201308647.35717773,0.09237017379839596,2026-07-20,0.10007118965879358,2026-07-16,-0.37677214417276506,2026-07-16,0.10007118965879358,NO KNOWN CAUSE,0,,
AHCO,27,10.789999961853027,9.65999984741211,11417784.298324585,0.03925422852564475,2026-07-15,0.10009818447169194,2026-07-14,0.11697723936751836,2026-07-14,0.10009818447169194,8-K,1,8-K,8-K
AII,27,20.309999465942383,17.290000915527344,1511601.0482788086,0.057627034262661025,2026-06-26,0.13147624527546053,2026-07-23,0.17466734473697554,2026-07-23,0.13147624527546053,NO KNOWN CAUSE,0,,
AIOT,27,4.0,3.7100000381469727,4748490.952205658,0.1436031858200828,2026-07-01,0.17789753116599916,2026-06-25,0.023017880356437592,2026-07-01,0.17789753116599916,8-K,2,"11-K,8-K",8-K
AIP,27,26.959999084472656,26.959999084472656,25918400.764465332,0.11538464407805549,2026-07-21,0.1787966694232681,2026-06-23,-0.3941573239444347,2026-07-21,0.1787966694232681,NO KNOWN CAUSE,0,,
AIRJ,27,4.019999980926514,3.559999942779541,5312043.906402588,0.22015913207035998,2026-07-22,0.21629213295023852,2026-07-20,-0.1762295314234703,2026-07-22,0.22015913207035998,NO KNOWN CAUSE,0,,
AIRO,27,6.244999885559082,6.050000190734863,2480733.050107956,0.13553713536736556,2026-07-14,0.13095240207080727,2026-06-25,-0.18790639283605814,2026-07-14,0.13553713536736556,insider,1,4,insider
AIRS,27,4.355000019073486,4.150000095367432,1881417.9227352142,0.07415739655901432,2026-07-20,0.1614457978065722,2026-07-15,-0.08122358030280163,2026-07-15,0.1614457978065722,NO KNOWN CAUSE,0,,
AIXI,27,1.190000057220459,1.0499999523162842,366659.99722480774,0.13333343929715102,2026-07-29,0.13333343929715102,2026-07-28,-0.6111110851395878,2026-07-29,0.13333343929715102,NO KNOWN CAUSE,0,,
AKAM,27,107.41000366210938,107.41000366210938,408611400.03204346,0.1066713006493023,2026-07-08,0.14812522892918212,2026-07-01,-0.11040247173683349,2026-07-08,0.14812522892918212,NO KNOWN CAUSE,0,,
AKTX,27,8.25,8.25,575639.9917602539,0.42018349394434296,2026-07-07,0.5975232417527099,2026-06-29,-0.2653606111940139,2026-07-07,0.5975232417527099,offering/dilution,4,"8-K,EFFECT,S-3,S-3/A","8-K,offering/dilution"
ALDX,27,1.6100000143051147,1.5199999809265137,2735543.9656734467,0.14084504046847335,2026-07-01,0.27894741960509717,2026-06-24,-0.21463412109547408,2026-07-01,0.27894741960509717,NO KNOWN CAUSE,0,,
ALGS,27,4.25,4.079999923706055,452496.01798057556,0.10509028743022841,2026-07-08,0.24220187483627864,2026-07-01,-0.25307557868881514,2026-07-08,0.24220187483627864,trial readout,0,,trial readout
ALIT,27,20.290000915527344,10.479999542236328,16258125.0,0.2258928371479314,2026-07-01,0.797321384248076,2026-06-30,0.8445455377752131,2026-07-01,0.797321384248076,8-K,6,"4,8-K","8-K,insider"
ALLE,27,158.47000122070312,128.75999450683594,181291577.37731934,0.10446595709025619,2026-07-23,0.17428981896497397,2026-07-21,0.2103414808333377,2026-07-23,0.17428981896497397,8-K,4,"10-Q,144,8-K","8-K,insider,periodic report"
ALM,27,10.949999809265137,10.949999809265137,77773500.0,0.1299320289706798,2026-07-10,0.07628084249650868,2026-07-16,-0.41318328516579517,2026-07-10,0.1299320289706798,NO KNOWN CAUSE,0,,
ALMU,27,15.0600004196167,14.1899995803833,9662280.252456665,0.12388777975018428,2026-07-21,0.061310843196649145,2026-07-28,-0.3548939446315753,2026-07-21,0.12388777975018428,NO KNOWN CAUSE,0,,
ALOY,27,7.489999771118164,7.025000095367432,23796358.91933441,0.10320283199863045,2026-07-27,0.06619212376343908,2026-07-24,-0.6197969806575492,2026-07-27,0.10320283199863045,passive stake,1,SCHEDULE 13G,passive stake
ALTO,27,4.360000133514404,4.360000133514404,12288882.135486603,0.1295938232895013,2026-07-17,0.18415837489370301,2026-06-24,-0.16475089870562454,2026-07-17,0.18415837489370301,NO KNOWN CAUSE,0,,
ALVO,27,3.5299999713897705,3.059999942779541,2229412.0060920715,0.13870970322115816,2026-07-29,0.15359478346372346,2026-07-24,-0.03287674543624397,2026-07-29,0.15359478346372346,periodic report,1,6-K,periodic report
AMBP,27,4.960000038146973,4.420000076293945,12578570.552110672,0.07644625493684076,2026-07-28,0.11087419500687457,2026-07-21,0.10222223069932723,2026-07-21,0.11087419500687457,NO KNOWN CAUSE,0,,
AMBQ,27,57.2599983215332,57.2599983215332,44327375.20751953,0.0854530559271589,2026-07-08,0.13248542071085367,2026-07-07,-0.353432702122102,2026-07-07,0.13248542071085367,NO KNOWN CAUSE,0,,
AMC,27,2.75,1.7200000286102295,101824883.22930336,0.2680412193758104,2026-07-20,0.3155080384353699,2026-07-13,-0.003623184962974757,2026-07-20,0.3155080384353699,8-K,1,8-K,8-K
AMCI,27,4.329999923706055,4.159999847412109,1104564.0042304993,0.23721888669149416,2026-07-06,0.4336494055749951,2026-06-26,-0.00459769686551359,2026-07-06,0.4336494055749951,NO KNOWN CAUSE,0,,
AMPG,27,4.610000133514404,4.610000133514404,15620599.685907364,0.10361072780322989,2026-07-14,0.124800033569336,2026-07-07,-0.4544378417074405,2026-07-14,0.124800033569336,8-K,1,8-K,8-K
AMTB,27,29.479999542236328,23.809999465942383,10064512.268066406,0.10251449049996508,2026-07-24,0.18252123750782556,2026-07-21,0.2381352458409025,2026-07-24,0.18252123750782556,8-K,2,"4,8-K","8-K,insider"
AMTM,27,21.799999237060547,20.09000015258789,39142798.290252686,0.051485097470232555,2026-07-02,0.11820779772867329,2026-07-21,0.03513769182733695,2026-07-21,0.11820779772867329,NO KNOWN CAUSE,-1,NOT COVERED,
AMTX,27,1.409999966621399,1.409999966621399,1668655.4433345795,0.10322586500185893,2026-07-22,0.18589749467913896,2026-07-16,-0.24193550764666705,2026-07-22,0.18589749467913896,NO KNOWN CAUSE,0,,
AN,27,229.97999572753906,184.3300018310547,79208353.50952148,0.04379791138877143,2026-07-29,0.12130662546868143,2026-07-23,0.2213488688278178,2026-07-23,0.12130662546868143,NO KNOWN CAUSE,-1,NOT COVERED,
ANDE,27,70.16999816894531,66.30000305175781,21403871.630859375,0.059558868408203125,2026-07-08,0.10783585467241341,2026-07-06,-0.009737544954317334,2026-07-06,0.10783585467241341,NO KNOWN CAUSE,0,,
ANET,27,157.97000122070312,157.60000610351562,1391847113.1759644,0.08764865883352857,2026-07-08,0.16857303765675202,2026-07-02,-0.09503893543720943,2026-07-02,0.16857303765675202,insider,2,144,insider
ANF,27,102.48999786376953,84.22000122070312,102379891.02783203,0.05905554908544852,2026-07-27,0.12762678569719776,2026-07-23,0.19077493002399448,2026-07-23,0.12762678569719776,insider,2,"144,4",insider
ANGO,27,14.630000114440918,12.369999885559082,5504979.93850708,0.11307694361760068,2026-07-15,0.12958624457732681,2026-07-08,0.1807909369692109,2026-07-15,0.12958624457732681,8-K,2,"10-K,8-K","8-K,periodic report"
ANIX,27,3.4800000190734863,2.619999885559082,789726.994562149,0.12142862799216392,2026-07-01,0.24809165028979696,2026-06-25,0.25631770506709195,2026-07-01,0.24809165028979696,NO KNOWN CAUSE,0,,
ANNA,27,2.8399999141693115,2.630000114440918,612865.9806251526,0.08363637057217677,2026-07-09,0.24817520598190468,2026-07-06,-0.030716774927414536,2026-07-06,0.24817520598190468,8-K,1,8-K,8-K
ANNX,27,4.860000133514404,4.860000133514404,19380700.637340546,0.17117113092195213,2026-07-15,0.15439849733805877,2026-06-29,-0.03571425192480426,2026-07-15,0.17117113092195213,passive stake,4,"144,SCHEDULE 13G/A","insider,passive stake"
ANTX,27,5.019999980926514,4.300000190734863,807970.0358390808,0.06808514566969959,2026-07-29,0.10697674831227366,2026-07-07,-0.0703703903203472,2026-07-07,0.10697674831227366,NO KNOWN CAUSE,0,,
ANY,27,2.059999942779541,1.600000023841858,514414.9791240692,0.12820512507010418,2026-07-28,0.3496932847359233,2026-07-21,-0.3738601925030762,2026-07-28,0.3496932847359233,NO KNOWN CAUSE,0,,
AOSL,27,27.700000762939453,27.700000762939453,25041408.263397217,0.11397649947297417,2026-07-21,0.10094439535121169,2026-07-16,-0.4388168472362147,2026-07-21,0.11397649947297417,passive stake,6,"144,3,4,SCHEDULE 13G/A","insider,passive stake"
AP,27,8.039999961853027,7.170000076293945,1366943.9575195312,0.08690013916718131,2026-07-21,0.13110175319121775,2026-07-08,-0.2443609302232198,2026-07-08,0.13110175319121775,8-K,1,8-K,8-K
APLD,27,23.219999313354492,23.219999313354492,608272645.5932617,0.07987589735609979,2026-07-20,0.13048406905842702,2026-07-16,-0.48628320970310435,2026-07-16,0.13048406905842702,NO KNOWN CAUSE,0,,
ARLO,27,14.510000228881836,12.369999885559082,14184026.873874664,0.0784770969590387,2026-07-27,0.15802079314499196,2026-07-23,0.09757942025692223,2026-07-23,0.15802079314499196,NO KNOWN CAUSE,0,,
ARMP,27,4.570000171661377,3.759999990463257,705167.992401123,0.19946814902150423,2026-07-17,0.38829782006156655,2026-07-16,-0.334788901340794,2026-07-17,0.38829782006156655,8-K,3,"4,8-K,S-8","8-K,insider,proxy/other"
ARQT,27,27.860000610351562,25.809999465942383,37094712.317276,0.06137324128114119,2026-07-07,0.11377710977928057,2026-07-01,0.04501128168820823,2026-07-01,0.11377710977928057,NO KNOWN CAUSE,0,,
ARTV,27,10.020000457763672,8.829999923706055,4312608.197021484,0.0928962204269752,2026-07-21,0.12786886612809245,2026-07-20,0.0705129086853753,2026-07-20,0.12786886612809245,insider,2,4,insider
ARWR,27,86.22000122070312,71.375,163450875.0,0.1902845000529818,2026-07-22,0.23503198726182184,2026-07-15,0.05146342952076988,2026-07-22,0.23503198726182184,NO KNOWN CAUSE,0,,
ASBP,27,5.610000133514404,5.340000152587891,389087.01100349426,0.1458966640240129,2026-07-21,0.2847682579291151,2026-07-15,-0.10810808147259443,2026-07-21,0.2847682579291151,8-K,1,8-K,8-K
ASTL,27,4.269999980926514,3.5899999141693115,3155359.884262085,0.06879600028539934,2026-07-23,0.1832883615489831,2026-07-20,-0.004662000257425358,2026-07-20,0.1832883615489831,periodic report,1,6-K,periodic report
ASUR,27,8.4399995803833,7.539999961853027,781279.990196228,0.06589150438801084,2026-07-28,0.11936334523655479,2026-07-23,0.07653053777012464,2026-07-23,0.11936334523655479,passive stake,1,SCHEDULE 13G/A,passive stake
ATAT,27,35.33000183105469,31.030000686645508,27643488.132476807,0.050078198307181854,2026-07-27,0.12367833141885476,2026-07-21,0.1106571023014642,2026-07-21,0.12367833141885476,insider,4,4,insider
ATEC,27,9.649999618530273,8.0600004196167,19575459.966659546,0.07497112027801967,2026-07-28,0.19727036180342883,2026-07-22,0.128654900965665,2026-07-22,0.19727036180342883,NO KNOWN CAUSE,0,,
ATHM,27,22.739999771118164,18.18000030517578,14567579.11643982,0.07674306622569449,2026-07-28,0.11730051018255483,2026-07-07,0.23318867204578964,2026-07-07,0.11730051018255483,NO KNOWN CAUSE,0,,
ATRC,27,40.88999938964844,27.979999542236328,29221443.128204346,0.07287597602449813,2026-06-26,0.23909089059540722,2026-07-23,0.4377636646202461,2026-07-23,0.23909089059540722,8-K,1,8-K,8-K
AUGO,27,54.5,50.06999969482422,47796661.07940674,0.09506694957544637,2026-07-21,0.1140403259291991,2026-07-20,-0.16487897309241473,2026-07-20,0.1140403259291991,NO KNOWN CAUSE,0,,
AURA,27,7.010000228881836,6.730000019073486,3373212.1101379395,0.1500742569364395,2026-07-02,0.1282798280578068,2026-06-25,0.008633154138610433,2026-07-02,0.1500742569364395,insider,2,"4,DEF 14A","insider,proxy/other"
AVGO,27,370.32000732421875,360.45001220703125,8758011597.161865,0.04830358628047282,2026-07-08,0.10964069267661114,2026-07-02,-0.055619303004144305,2026-07-02,0.10964069267661114,insider,9,"144,144/A,4",insider
AVTR,27,14.380000114440918,9.350000381469727,100021712.56828308,0.15780998599895546,2026-07-29,0.3132420424586264,2026-07-22,0.5379678639307741,2026-07-29,0.3132420424586264,8-K,3,"10-Q,4,8-K","8-K,insider,periodic report"
AVTX,27,19.010000228881836,17.079999923706055,22783800.0,0.08964714603737045,2026-07-02,0.15384613687459603,2026-07-01,0.11299767645180436,2026-07-01,0.15384613687459603,insider,7,"3,4",insider
AWI,27,174.47999572753906,151.42999267578125,76825434.61608887,0.08128551371841053,2026-07-28,0.1797530379532042,2026-07-21,0.11247130707428377,2026-07-21,0.1797530379532042,8-K,1,8-K,8-K
AXTI,27,36.970001220703125,36.970001220703125,444286792.1066284,0.15728028266413507,2026-07-21,0.1615097796717233,2026-07-16,-0.6000649043238957,2026-07-21,0.1615097796717233,8-K,1,8-K,8-K
AZIO,27,1.559999942779541,1.4500000476837158,337172.991335392,0.17964076600893364,2026-07-06,0.34013604780178874,2026-06-26,-0.018867981112750454,2026-07-06,0.34013604780178874,8-K,5,"8-K,DEFA14A","8-K,proxy/other"
BABA,27,115.02999877929688,94.80999755859375,1134189694.3778992,0.11045449393418827,2026-07-08,0.1684002760993304,2026-07-02,0.0958368814099777,2026-07-08,0.1684002760993304,periodic report,5,"4,6-K","insider,periodic report"
BAH,27,70.16999816894531,59.709999084472656,159796525.36315918,0.10110817906502101,2026-07-24,0.14628041018780502,2026-07-21,0.10800562356113086,2026-07-24,0.14628041018780502,offering/dilution,4,"10-Q,8-K,S-3ASR","8-K,offering/dilution,periodic report"
BAK,27,2.259999990463257,2.259999990463257,4086679.8824071884,0.04741385201707771,2026-07-22,0.13389117958035746,2026-07-06,-0.2286689628084113,2026-07-06,0.13389117958035746,periodic report,1,6-K,periodic report
BALY,27,14.460000038146973,12.25,737939.9904251099,0.08592591462311927,2026-07-16,0.19186988781146086,2026-07-09,0.001385073292581085,2026-07-09,0.19186988781146086,NO KNOWN CAUSE,0,,
BATL,27,1.5199999809265137,1.159999966621399,15937369.518339634,0.2535211444965224,2026-07-07,0.33098594564408823,2026-07-06,0.21599998474121085,2026-07-07,0.33098594564408823,8-K,2,8-K,8-K
BAX,27,24.770000457763672,19.65999984741211,127090968.83087158,0.05417610761200886,2026-07-16,0.14305493172844952,2026-07-23,0.25991864954282806,2026-07-23,0.14305493172844952,NO KNOWN CAUSE,0,,
BBIO,27,83.54000091552734,68.62999725341797,200612958.19854736,0.15115531802779225,2026-07-09,0.21001076530959617,2026-07-01,0.21213005129140683,2026-07-09,0.21001076530959617,activist stake,4,"144,8-K,SCHEDULE 13D/A","8-K,activist stake,insider"
BBW,27,35.52000045776367,29.84000015258789,10833108.421325684,0.1049758777033758,2026-07-10,0.1394501794417642,2026-07-08,0.1166300237066471,2026-07-10,0.1394501794417642,NO KNOWN CAUSE,0,,
BCC,27,77.68000030517578,71.29000091552734,26697718.951416016,0.08161560391755573,2026-06-24,0.10935772092320328,2026-07-09,0.07085744864594035,2026-07-09,0.10935772092320328,NO KNOWN CAUSE,-1,NOT COVERED,
BCO,27,121.70999908447266,92.16000366210938,64493570.56274414,0.05264568764966149,2026-07-16,0.15234080207451606,2026-07-10,0.24766781421724926,2026-07-10,0.15234080207451606,NO KNOWN CAUSE,0,,
BCTX,27,3.4000000953674316,2.9700000286102295,376959.9884033203,0.08241756694240032,2026-07-10,0.2085889781430863,2026-07-02,0.1295681415746952,2026-07-02,0.2085889781430863,8-K,1,8-K,8-K
BE,27,163.75,163.75,3593080733.8928223,0.14817820618088606,2026-07-21,0.1707403491430297,2026-06-26,-0.5265288503392759,2026-07-21,0.1707403491430297,NO KNOWN CAUSE,0,,
BESS,27,2.549999952316284,2.549999952316284,487350.0,0.13333331214057065,2026-07-06,0.3144329263421799,2026-06-26,-0.5663265471621945,2026-07-06,0.3144329263421799,8-K,1,8-K,8-K
BFAM,27,82.68000030517578,64.0199966430664,64952657.83691406,0.048273734131749624,2026-06-26,0.1476957142480424,2026-07-22,0.29147148766885045,2026-07-22,0.1476957142480424,NO KNOWN CAUSE,0,,
BIVI,27,1.2599999904632568,1.2599999904632568,341249.98450279236,0.12371134147315632,2026-07-01,0.16410252585527152,2026-07-02,-0.3505154879899717,2026-07-01,0.16410252585527152,NO KNOWN CAUSE,1,EFFECT,
BIYA,27,5.829999923706055,1.9299999475479126,3853840.0959968567,1.1606218599083276,2026-07-27,2.0207254311654967,2026-07-24,0.4219512339789979,2026-07-27,2.0207254311654967,offering/dilution,1,F-3,offering/dilution
BKNG,27,201.3000030517578,167.77000427246094,1173175716.1560059,0.0728660908055998,2026-06-24,0.16472835109110973,2026-07-23,0.19985693464514465,2026-07-23,0.16472835109110973,NO KNOWN CAUSE,0,,
BL,27,32.43000030517578,25.8799991607666,26603707.804107666,0.06943396802218449,2026-06-26,0.18185130007285322,2026-07-23,0.2530912425352321,2026-07-23,0.18185130007285322,NO KNOWN CAUSE,0,,
BLK,27,1079.18994140625,950.1699829101562,861750069.8120117,0.06627407443737221,2026-07-15,0.10406526522595505,2026-07-08,0.026099560182890835,2026-07-08,0.10406526522595505,passive stake,14,"4,SCHEDULE 13G,SCHEDULE 13G/A","insider,passive stake"
BLKB,27,42.18000030517578,26.540000915527344,20555616.050720215,0.1739493444729996,2026-07-29,0.36416559511960567,2026-07-22,0.5892991277365853,2026-07-29,0.36416559511960567,8-K,2,"8-K,SCHEDULE 13G/A","8-K,passive stake"
BLMN,27,8.8100004196167,7.769999980926514,15928956.144332886,0.07556673807413161,2026-07-27,0.10957183326530107,2026-07-24,0.057623109280544815,2026-07-24,0.10957183326530107,NO KNOWN CAUSE,0,,
BMNR,27,16.59000015258789,13.3100004196167,566853833.7292671,0.13489551105679376,2026-07-27,0.14675514082133168,2026-06-26,0.04602777501343169,2026-07-27,0.14675514082133168,8-K,7,"4,8-K","8-K,insider"
BNAI,27,11.619999885559082,10.680000305175781,3249567.947769165,0.09609231176585475,2026-06-30,0.11591538566212511,2026-07-20,-0.40501794792538004,2026-07-20,0.11591538566212511,8-K,2,8-K,8-K
BNO,27,50.43000030517578,39.40999984741211,69274298.85406494,0.09134041126326653,2026-07-13,0.1553973665466899,2026-07-10,0.16952693771719196,2026-07-10,0.1553973665466899,NO KNOWN CAUSE,0,,
BOX,27,32.41999816894531,24.360000610351562,73815610.97602844,0.06137179143873617,2026-06-26,0.14639311816759637,2026-07-23,0.33087017063409796,2026-07-23,0.14639311816759637,insider,2,"144,4",insider
BPRN,27,41.540000915527344,36.939998626708984,445536.02142333984,0.07598099101350986,2026-07-24,0.10214917561949877,2026-07-22,0.12452632538790587,2026-07-22,0.10214917561949877,8-K,2,8-K,8-K
BR,27,159.1999969482422,135.44000244140625,155747137.75634766,0.03846935472165791,2026-07-16,0.10463504261704126,2026-07-22,0.16869766202913894,2026-07-22,0.10463504261704126,NO KNOWN CAUSE,0,,
BRR,27,1.6699999570846558,1.4199999570846558,925100.0304222107,0.17808218059586345,2026-07-13,0.4295302689985603,2026-07-08,0.12837833483955885,2026-07-13,0.4295302689985603,insider,2,4,insider
BSIN,27,1.1200000047683716,1.0,2322336.024427414,0.06870231855708342,2026-07-17,0.23893803722642382,2026-07-10,0.07692312100935417,2026-07-10,0.23893803722642382,NO KNOWN CAUSE,0,,
BTDR,27,8.899999618530273,8.899999618530273,124502048.64263535,0.14092352268753916,2026-07-09,0.08322211376846855,2026-07-16,-0.48938614671811287,2026-07-09,0.14092352268753916,periodic report,6,"4,6-K","insider,periodic report"
BURL,27,371.1300048828125,312.3599853515625,210006711.90795898,0.03351861588410876,2026-07-28,0.10820059269268056,2026-07-09,0.09069273478567252,2026-07-09,0.10820059269268056,insider,1,4,insider
BWAY,27,14.15999984741211,14.100000381469727,1351206.9606781006,0.059973004076636416,2026-07-17,0.17021273429782036,2026-07-13,-0.015299044873294254,2026-07-13,0.17021273429782036,NO KNOWN CAUSE,0,,
BWEN,27,3.490000009536743,3.490000009536743,1600984.9685192108,0.18372091321187067,2026-07-14,0.22355777386730535,2026-07-07,-0.3075396754063475,2026-07-14,0.22355777386730535,NO KNOWN CAUSE,0,,
BWFG,27,68.05999755859375,56.2599983215332,4760876.109313965,0.03868258128824986,2026-07-28,0.14386550518644947,2026-07-22,0.2097404832759151,2026-07-22,0.14386550518644947,8-K,1,8-K,8-K
BXBL,27,4.980000019073486,3.940000057220459,706515.0134086609,0.18571434410251175,2026-07-29,0.2639593773475002,2026-07-27,-0.6655473536435002,2026-07-29,0.2639593773475002,offering/dilution,9,"3,8-K,S-3,S-3/A,SCHEDULE 13D","8-K,activist stake,insider,offering/dilution"
BYRN,27,4.329999923706055,3.180000066757202,3715937.959957123,0.16666671156658786,2026-07-27,0.29874214708821567,2026-07-20,-0.22678571474187226,2026-07-27,0.29874214708821567,activist stake,9,"4,4/A,SCHEDULE 13D/A,SCHEDULE 13G/A","activist stake,insider,passive stake"
BZH,27,32.4900016784668,26.479999542236328,10469075.913619995,0.13092633634569673,2026-07-08,0.18781909570389543,2026-07-07,0.22696383082047822,2026-07-08,0.18781909570389543,NO KNOWN CAUSE,0,,
BZUN,27,3.0799999237060547,2.4600000381469727,629300.0206947327,0.13709673852999948,2026-07-27,0.2520324698962628,2026-07-23,0.1323529012166096,2026-07-27,0.2520324698962628,NO KNOWN CAUSE,0,,
CACI,27,487.7900085449219,440.760009765625,131648198.32763672,0.07700047402646137,2026-07-02,0.15722839245288878,2026-07-21,0.08465268883056787,2026-07-21,0.15722839245288878,insider,8,4,insider
CAKE,27,101.13999938964844,76.62999725341797,111675472.43041992,0.13627678870126214,2026-07-29,0.19748994181841373,2026-07-23,0.3150434868523646,2026-07-29,0.19748994181841373,8-K,2,"8-K,8-K/A",8-K
CAL,27,12.859999656677246,11.3100004196167,5702240.190505981,0.08179626962689612,2026-06-26,0.12711864201305456,2026-07-21,0.014996020460867898,2026-07-21,0.12711864201305456,NO KNOWN CAUSE,0,,
CAMT,27,126.97000122070312,126.97000122070312,82000149.7467041,0.09592042136480372,2026-07-14,0.12486867833988113,2026-07-07,-0.35126711409772704,2026-07-07,0.12486867833988113,NO KNOWN CAUSE,0,,
CAR,27,154.85000610351562,146.94000244140625,82805952.77709961,0.1122907290448667,2026-07-02,0.08670198736014845,2026-07-01,-0.1687244625388863,2026-07-02,0.1122907290448667,8-K,1,8-K,8-K
CARL,27,12.779999732971191,9.84000015258789,1408959.9548339844,0.128131012431852,2026-07-01,0.18333328771002577,2026-07-24,0.2987804405277463,2026-07-01,0.18333328771002577,NO KNOWN CAUSE,0,,
CARS,27,12.90999984741211,9.84000015258789,7575501.900863647,0.06864402142793002,2026-07-28,0.13047283372713459,2026-07-23,0.3053588876898585,2026-07-23,0.13047283372713459,NO KNOWN CAUSE,0,,
CBIO,27,14.770000457763672,14.75,4544231.04057312,0.10564778596430946,2026-07-21,0.12706823782883392,2026-07-16,-0.15936250914593764,2026-07-21,0.12706823782883392,offering/dilution,6,"4,424B5,8-K,SCHEDULE 13D/A","8-K,activist stake,insider,offering/dilution"
CBOE,27,307.80999755859375,231.50999450683594,338072968.65234375,0.05532892409038892,2026-07-07,0.130773636413841,2026-07-06,0.20247676652913804,2026-07-06,0.130773636413841,insider,1,4,insider
CBUS,27,1.940000057220459,1.2999999523162842,369097.99213409424,0.2133333683013916,2026-07-08,0.5933334032694499,2026-07-07,0.49230779106095346,2026-07-08,0.5933334032694499,NO KNOWN CAUSE,0,,
CBZ,27,54.900001525878906,28.65999984741211,30610100.0,0.17558887856479166,2026-07-29,0.3639751931895381,2026-07-23,0.9155618219878034,2026-07-29,0.3639751931895381,8-K,4,"8-K,DEFA14A","8-K,proxy/other"
CCL,27,27.809999465942383,25.270000457763672,529157236.4933014,0.04212168289450435,2026-07-09,0.10051440293497693,2026-07-23,-0.07883408499547173,2026-07-23,0.10051440293497693,NO KNOWN CAUSE,0,,
CCLD,27,2.4200000762939453,2.0799999237060547,437580.0075531006,0.07075476578522255,2026-07-01,0.11520736922137109,2026-07-23,0.14150953157044532,2026-07-23,0.11520736922137109,8-K,2,"4,8-K/A","8-K,insider"
CCOI,27,12.6899995803833,10.970000267028809,15771359.561920166,0.13035545275230653,2026-07-20,0.10162250866837819,2026-07-16,-0.13437928291497003,2026-07-20,0.13035545275230653,NO KNOWN CAUSE,0,,
CDNA,27,35.40999984741211,25.049999237060547,24983721.457099915,0.35596639168362665,2026-07-16,0.3935460969231477,2026-07-10,0.41357289125279983,2026-07-16,0.3935460969231477,insider,4,"144,4",insider
CDRE,27,30.540000915527344,27.360000610351562,9952841.079902649,0.06318861712158719,2026-07-27,0.14579766596795984,2026-07-21,0.10812777602799062,2026-07-21,0.14579766596795984,NO KNOWN CAUSE,0,,
CDW,27,147.9199981689453,123.56999969482422,245124116.4855957,0.052520821233289716,2026-06-23,0.13933602466886508,2026-07-22,0.19705428934415536,2026-07-22,0.13933602466886508,NO KNOWN CAUSE,0,,
CDZI,27,2.9800000190734863,2.9800000190734863,3546091.9286966324,0.10275691349642169,2026-07-10,0.1505376819600006,2026-06-26,-0.2549999952316284,2026-07-10,0.1505376819600006,NO KNOWN CAUSE,0,,
CENX,27,42.65999984741211,41.5,88020116.847229,0.06672765300828898,2026-07-06,0.11349395384271466,2026-07-17,-0.138703797722611,2026-07-17,0.11349395384271466,NO KNOWN CAUSE,0,,
CEPL,16,7.119999885559082,7.119999885559082,3072183.9121818542,0.13495139455422356,2026-07-14,-0.011718739086063357,2026-07-10,-0.40067341607983187,2026-07-14,0.13495139455422356,offering/dilution,5,"8-A12B,8-K,CERT,DEF 14A,S-3","8-K,offering/dilution,proxy/other"
CETX,27,2.509999990463257,2.4700000286102295,250128.00073623657,0.09311741555035447,2026-07-14,0.16599193566057524,2026-07-13,-0.344647509017576,2026-07-13,0.16599193566057524,8-K,1,8-K,8-K
CEVA,27,29.84000015258789,29.84000015258789,27190317.874145508,0.10440379544463596,2026-07-06,0.12667003905298868,2026-07-02,-0.38359842498154706,2026-07-06,0.12667003905298868,NO KNOWN CAUSE,0,,
CFBK,27,36.310001373291016,30.100000381469727,2211635.957336426,0.0602764820032311,2026-07-28,0.11175754877317079,2026-07-22,0.2063123226949961,2026-07-22,0.11175754877317079,NO KNOWN CAUSE,0,,
CGEN,27,2.240000009536743,2.009999990463257,488755.9782743454,0.07042246426743715,2026-07-02,0.15962436427312343,2026-07-01,0.08212564337025285,2026-07-01,0.15962436427312343,NO KNOWN CAUSE,0,,
CHEF,27,105.62999725341797,93.79000091552734,40419659.35821533,0.054402045634258434,2026-07-29,0.12456081028669486,2026-07-22,0.12623943088085054,2026-07-22,0.12456081028669486,NO KNOWN CAUSE,0,,
CHRD,27,136.47000122070312,111.58999633789062,88923852.79541016,0.059549673813774406,2026-07-29,0.11935845696358705,2026-07-16,0.09658501058429092,2026-07-16,0.11935845696358705,NO KNOWN CAUSE,0,,
CHRN,27,18.520000457763672,16.489999771118164,7566450.0,0.28770095028401754,2026-07-15,0.6442840404036128,2026-07-08,-0.2785352394733043,2026-07-15,0.6442840404036128,offering/dilution,4,"4,EFFECT,S-3/A,S-8","insider,offering/dilution,proxy/other"
CHTR,27,145.1999969482422,123.30999755859375,330403017.3965454,0.09375934478092662,2026-06-29,0.1775200699298276,2026-07-24,0.15660344025282869,2026-07-24,0.1775200699298276,8-K,3,"10-Q,8-K","8-K,periodic report"
CIFR,27,17.690000534057617,17.559999465942383,531167814.47906494,0.16970396014901223,2026-07-20,0.4571106487213714,2026-07-16,-0.3713574656094325,2026-07-20,0.4571106487213714,NO KNOWN CAUSE,0,,
CINT,27,3.2899999618530273,3.0399999618530273,383250.0,0.1676647292182334,2026-07-01,0.13372093909749982,2026-06-24,-0.05187321765795316,2026-07-01,0.1676647292182334,NO KNOWN CAUSE,0,,
CLF,27,11.380000114440918,8.979999542236328,192645595.5602646,0.1597883872337622,2026-07-23,0.3641426085139119,2026-07-20,-0.04289320556397158,2026-07-23,0.3641426085139119,8-K,3,"10-Q,8-K","8-K,periodic report"
CLMB,27,28.40999984741211,21.350000381469727,3397664.0869140625,0.06716422047572546,2026-07-27,0.13187248667876572,2026-07-23,0.33067912598586924,2026-07-23,0.13187248667876572,NO KNOWN CAUSE,0,,
CLMT,27,42.400001525878906,32.7400016784668,33361011.53869629,0.046731786831372135,2026-06-25,0.11624964643916269,2026-07-14,0.275188015815907,2026-07-14,0.11624964643916269,insider,8,4,insider
CLRO,27,4.5,2.740000009536743,647087.9762649536,1.0124223482911865,2026-07-02,3.1313434467413446,2026-06-29,0.3313609016679988,2026-07-02,3.1313434467413446,8-K,1,8-K,8-K
CLS,27,328.42999267578125,301.3399963378906,645768938.3911133,0.10493264913214961,2026-07-21,0.10165871170137164,2026-07-16,-0.12846301913956848,2026-07-21,0.10493264913214961,insider,1,3,insider
CLSK,27,12.010000228881836,12.010000228881836,288785390.84978104,0.10667692799758766,2026-07-20,0.21007752854923956,2026-07-16,-0.31174786797781484,2026-07-20,0.21007752854923956,8-K,4,"8-K,SCHEDULE 13G,SCHEDULE 13G/A","8-K,passive stake"
CLVT,27,2.1500000953674316,1.909999966621399,11209000.242948532,0.16666661296878926,2026-07-02,0.30808075213113706,2026-06-25,0.12565451986398157,2026-07-02,0.30808075213113706,insider,3,4,insider
CLW,27,21.610000610351562,15.039999961853027,2545279.9407958984,0.23415193191756734,2026-07-29,0.31768299469559347,2026-07-23,0.37994896685281376,2026-07-29,0.31768299469559347,8-K,2,"10-Q,8-K","8-K,periodic report"
CMC,27,68.08999633789062,60.119998931884766,82854803.62854004,0.04191617602353581,2026-07-10,0.10445779616711759,2026-07-09,-0.07095107808267254,2026-07-09,0.10445779616711759,insider,2,4,insider
CMCL,27,18.200000762939453,16.790000915527344,4103476.223754883,0.08755206868363197,2026-07-21,0.1262655638049548,2026-07-20,-0.1169335165473826,2026-07-20,0.1262655638049548,periodic report,5,"6-K,6-K/A",periodic report
CMCO,27,14.619999885559082,12.989999771118164,8113793.979072571,0.06828525020419329,2026-07-15,0.14305647229413054,2026-07-20,0.0048109755262266685,2026-07-20,0.14305647229413054,8-K,1,8-K,8-K
CMRC,27,3.299999952316284,2.6050000190734863,1482505.510854721,0.12676061422336438,2026-07-28,0.2667945981397677,2026-07-23,0.2547527789814541,2026-07-28,0.2667945981397677,NO KNOWN CAUSE,0,,
CMTL,27,1.659999966621399,1.6200000047683716,867679.9952983856,0.05202314010771003,2026-07-27,0.10303035075780631,2026-07-20,-0.31404962219523214,2026-07-20,0.10303035075780631,NO KNOWN CAUSE,0,,
CNK,27,34.88999938964844,29.040000915527344,69958765.52352905,0.04996714181300077,2026-07-20,0.1137230585486968,2026-07-21,0.038083866588882076,2026-07-21,0.1137230585486968,NO KNOWN CAUSE,0,,
CNMD,27,43.209999084472656,32.540000915527344,25605432.653045654,0.1021309862767057,2026-07-13,0.2738910604688001,2026-07-08,0.32790405251199095,2026-07-13,0.2738910604688001,NO KNOWN CAUSE,0,,
CNTB,27,2.049999952316284,1.9900000095367432,900074.0395069122,0.19819822141890198,2026-07-09,0.19597995127395196,2026-06-22,0.030150724870352308,2026-07-09,0.19819822141890198,NO KNOWN CAUSE,0,,
CNXC,27,26.559999465942383,20.969999313354492,39740221.365737915,0.12072064440200925,2026-07-13,0.22174543052643814,2026-07-09,0.10990384986320967,2026-07-13,0.22174543052643814,passive stake,2,"4,SCHEDULE 13G/A","insider,passive stake"
COCO,27,67.54000091552734,65.55000305175781,81755181.34002686,0.045308130829367466,2026-07-13,0.1293668242981365,2026-07-07,-0.1850868345348311,2026-07-07,0.1293668242981365,NO KNOWN CAUSE,0,,
COHR,27,222.0500030517578,222.0500030517578,1528525606.0073853,0.11149266995345486,2026-07-21,0.13092147199717918,2026-07-16,-0.4781188368003194,2026-07-21,0.13092147199717918,insider,1,144,insider
CORZ,27,18.1200008392334,18.1200008392334,251944774.70855713,0.09099345409311321,2026-07-08,0.13986672515143095,2026-07-16,-0.3768913037560929,2026-07-16,0.13986672515143095,insider,1,4,insider
CPRT,27,30.81999969482422,27.170000076293945,339813328.55319977,0.0662133266323548,2026-07-27,0.13433933044832513,2026-07-22,0.04545455133634091,2026-07-22,0.13433933044832513,insider,2,4,insider
CRAI,27,190.0399932861328,140.27999877929688,26381250.0,0.05589508721748704,2026-07-29,0.13578762232474184,2026-07-23,0.3547190970904095,2026-07-23,0.13578762232474184,8-K,10,"144,4,8-K","8-K,insider"
CRGY,27,11.050000190734863,9.140000343322754,59184754.64401245,0.06046066313129894,2026-07-29,0.13516364275381254,2026-07-10,0.05038020056168868,2026-07-10,0.13516364275381254,8-K,2,"8-K,SD",8-K
CRM,27,188.3800048828125,150.1199951171875,2182175876.6723633,0.06073568507262328,2026-07-27,0.20040791228485721,2026-07-23,0.2548628497873202,2026-07-23,0.20040791228485721,insider,2,4,insider
CRMT,27,3.109999895095825,2.559999942779541,1382256.0075759888,0.4172186214700826,2026-07-14,0.33333338284913316,2026-07-07,0.03322255978385491,2026-07-14,0.4172186214700826,8-K,2,"10-K,8-K","8-K,periodic report"
CRNX,27,83.87999725341797,34.9900016784668,229458114.17312622,0.9873899882300747,2026-07-07,1.2612344852363258,2026-06-29,1.370830828747808,2026-07-07,1.2612344852363258,trial readout,6,"144,4,8-K,DEFA14A","8-K,insider,proxy/other,trial readout"
CRSR,27,10.274999618530273,8.609999656677246,15229500.0,0.07787816713261453,2026-07-09,0.11814355414717559,2026-07-15,0.11201297327379267,2026-07-15,0.11814355414717559,NO KNOWN CAUSE,0,,
CRTO,27,22.6299991607666,16.56999969482422,6186400.0,0.2143605958565149,2026-07-06,0.3120045456676077,2026-06-26,0.365721157365819,2026-07-06,0.3120045456676077,8-K,1,8-K,8-K
CRVO,27,2.4800000190734863,2.4800000190734863,1414529.9806594849,0.19032263572208752,2026-07-01,0.13190186135433013,2026-06-24,-0.39951575051972943,2026-07-01,0.19032263572208752,passive stake,1,SCHEDULE 13G,passive stake
CRWD,27,179.3800048828125,168.2550048828125,1735121096.105957,0.12144107083550204,2026-07-14,0.1481679115170731,2026-06-24,0.062300155362051024,2026-07-14,0.1481679115170731,insider,7,"144,4",insider
CSV,27,40.77000045776367,36.650001525878906,4216000.0,0.0454788848144132,2026-06-26,0.11432465081209853,2026-07-21,0.0656038224345088,2026-07-21,0.11432465081209853,NO KNOWN CAUSE,0,,
CSW,27,272.6099853515625,268.760009765625,39056480.810546875,0.04353319416700496,2026-06-24,0.1049576627600517,2026-07-09,-0.006378481168664463,2026-07-09,0.1049576627600517,NO KNOWN CAUSE,0,,
CTAS,27,216.52999877929688,168.8000030517578,429813547.63183594,0.0721526497641023,2026-07-16,0.16072934417349383,2026-07-09,0.27784008662706006,2026-07-09,0.16072934417349383,insider,1,4,insider
CTNT,27,1.7999999523162842,1.4900000095367432,474743.99700164795,0.1610738308729016,2026-07-24,0.2133333683013916,2026-07-20,-0.010989065691980104,2026-07-24,0.2133333683013916,NO KNOWN CAUSE,0,,
CTOS,27,9.720000267028809,9.569999694824219,10111799.661636353,0.05030798589658603,2026-07-09,0.10449321127364652,2026-07-07,-0.14736836909807338,2026-07-07,0.10449321127364652,NO KNOWN CAUSE,0,,
CTRN,27,66.63999938964844,55.279998779296875,9850895.782470703,0.06722972113081283,2026-07-14,0.1310454963003067,2026-07-08,0.047963504163263115,2026-07-08,0.1310454963003067,insider,5,4,insider
CTSH,27,55.970001220703125,38.72999954223633,399198945.95718384,0.11250247849162132,2026-07-29,0.30132535235839386,2026-07-23,0.33803487379125263,2026-07-29,0.30132535235839386,8-K,2,"10-Q,8-K","8-K,periodic report"
CURR,27,3.130000114440918,2.5999999046325684,256091.0064458847,0.10472970904879042,2026-07-15,0.20701760432653615,2026-07-13,0.05033560215011956,2026-07-15,0.20701760432653615,NO KNOWN CAUSE,0,,
CURV,27,2.75,1.7400000095367432,488337.98456192017,0.07692300168250155,2026-06-24,0.17676762689949155,2026-07-10,0.4397906010775896,2026-07-10,0.17676762689949155,insider,3,4,insider
CVE,27,29.06999969482422,24.360000610351562,183954907.74993896,0.05632685949475302,2026-07-08,0.13341543179678506,2026-07-06,0.13245031587164457,2026-07-06,0.13341543179678506,NO KNOWN CAUSE,0,,
CVEO,27,32.5,30.0,4371840.042114258,0.06839470941287851,2026-07-15,0.1329236317225635,2026-07-09,-0.012758146789373592,2026-07-09,0.1329236317225635,8-K,2,8-K,8-K
CVGI,27,4.340000152587891,4.340000152587891,1718496.0571289062,0.09417041988825758,2026-07-21,0.10454546094925932,2026-07-02,-0.08631575734991781,2026-07-02,0.10454546094925932,NO KNOWN CAUSE,0,,
CVI,27,34.619998931884766,26.799999237060547,27896233.387756348,0.08040038186389165,2026-07-13,0.17207686834787195,2026-07-07,0.24086019373603462,2026-07-07,0.17207686834787195,NO KNOWN CAUSE,0,,
CVSA,27,133.60000610351562,112.08000183105469,41523386.31591797,0.05779891429429562,2026-07-29,0.19200574518993507,2026-07-22,0.12005371789712194,2026-07-22,0.19200574518993507,insider,2,4,insider
CYH,27,2.7100000381469727,2.7100000381469727,5182559.944152832,0.10169495406603368,2026-07-02,0.21875001164153196,2026-06-25,-0.10561054002123416,2026-07-02,0.21875001164153196,insider,1,4,insider
DAC,27,138.60000610351562,122.31999969482422,12559790.670013428,0.039715560201514455,2026-07-23,0.11400650004761181,2026-07-17,0.08799754115375324,2026-07-17,0.11400650004761181,NO KNOWN CAUSE,0,,
DAVA,27,3.130000114440918,2.609999895095825,694443.9928531647,0.113074268653095,2026-07-01,0.17669173437769037,2026-07-24,0.16356879102638566,2026-07-01,0.17669173437769037,insider,4,4,insider
DBE,27,31.360000610351562,25.709999084472656,1058401.9939422607,0.06890202215504249,2026-07-13,0.11643330576556221,2026-07-10,0.15890617994361556,2026-07-10,0.11643330576556221,NO KNOWN CAUSE,0,,
DBO,27,21.469999313354492,17.200000762939453,8202275.750541687,0.0847176484988712,2026-07-13,0.16944027348859447,2026-07-16,0.15866154979842118,2026-07-16,0.16944027348859447,NO KNOWN CAUSE,0,,
DBVT,27,13.729999542236328,13.5,4187325.8781433105,0.11146705721086847,2026-07-07,0.08437502384185791,2026-06-29,-0.1254777255389672,2026-07-07,0.11146705721086847,NO KNOWN CAUSE,0,,
DC,27,4.610000133514404,4.079999923706055,6018271.779251099,0.0745192197476614,2026-07-21,0.1514423407570158,2026-07-20,0.002173962845469779,2026-07-20,0.1514423407570158,NO KNOWN CAUSE,0,,
DCBO,27,22.020000457763672,16.829999923706055,1186560.05859375,0.09924477639579021,2026-07-17,0.15955770000870806,2026-07-23,0.3083779297436118,2026-07-23,0.15955770000870806,activist stake,5,"6-K,F-X,SC13E4F,SCHEDULE 13D/A","activist stake,periodic report"
DG,27,128.67999267578125,112.45999908447266,292246367.76885986,0.051096116115697976,2026-07-27,0.11740177651731276,2026-07-23,0.14422900340880473,2026-07-23,0.11740177651731276,NO KNOWN CAUSE,0,,
DGX,27,235.22000122070312,193.5800018310547,194813832.76367188,0.08611729451338812,2026-07-23,0.1406884868436098,2026-07-21,0.2151048610175621,2026-07-21,0.1406884868436098,NO KNOWN CAUSE,0,,
DGXX,27,3.299999952316284,3.299999952316284,18534347.105026245,0.07294432274767493,2026-07-20,0.1639784651624634,2026-07-16,-0.5022624592225123,2026-07-16,0.1639784651624634,offering/dilution,1,S-3,offering/dilution
DHR,27,196.49000549316406,178.19000244140625,897390716.9937134,0.07457854558373733,2026-07-23,0.11194910429516036,2026-07-21,0.10269938156477298,2026-07-21,0.11194910429516036,8-K,6,"10-Q,144,4,8-K","8-K,insider,periodic report"
DINO,27,90.0,65.6500015258789,199792287.34817505,0.06329456519675469,2026-07-08,0.13475082213640444,2026-07-10,0.36695025829163663,2026-07-10,0.13475082213640444,8-K,1,8-K,8-K
DJT,27,9.850000381469727,7.059999942779541,38543363.687610626,0.11682242417983169,2026-07-27,0.20963173244599287,2026-06-25,0.21305425126758237,2026-07-27,0.20963173244599287,8-K,1,8-K,8-K
DLO,27,14.59000015258789,12.149999618530273,26475116.424942017,0.1288957449392698,2026-07-01,0.20583467831808333,2026-06-25,0.19492220368593172,2026-07-01,0.20583467831808333,insider,2,"144,4",insider
DLR,27,188.17999267578125,173.11000061035156,554258110.9695435,0.11007029048875605,2026-07-24,0.14492751461115883,2026-07-17,-0.037639362089890716,2026-07-24,0.14492751461115883,8-K,1,8-K,8-K
DNTH,27,104.08999633789062,87.37000274658203,89204772.80426025,0.10749869076067098,2026-07-17,0.11367536520507926,2026-06-23,0.1913699561141733,2026-07-17,0.11367536520507926,insider,1,4,insider
DOCN,27,106.76000213623047,106.76000213623047,454680361.4654541,0.1457721147383071,2026-07-21,0.1924779845900899,2026-07-15,-0.35779596602202635,2026-07-21,0.1924779845900899,offering/dilution,3,"424B5,FWP","insider,offering/dilution"
DOCU,27,58.16999816894531,42.459999084472656,160747861.5989685,0.07227886150102814,2026-07-24,0.23660707986389706,2026-07-23,0.36197610432853367,2026-07-23,0.23660707986389706,NO KNOWN CAUSE,0,,
DOW,27,30.450000762939453,27.020000457763672,356808683.24890137,0.055459284586262925,2026-07-29,0.11123311101404165,2026-07-06,-0.011042550908676008,2026-07-06,0.11123311101404165,8-K,2,"4,8-K/A","8-K,insider"
DOX,27,56.81999969482422,49.869998931884766,68538115.66581726,0.04210953145771379,2026-06-26,0.11740415732247111,2026-07-23,0.09924552533194464,2026-07-23,0.11740415732247111,insider,1,144,insider
DPZ,27,360.0,283.0299987792969,273235183.001709,0.06047549974535138,2026-07-16,0.12559802118072483,2026-07-22,0.21988417156110285,2026-07-22,0.12559802118072483,8-K,12,"10-Q,144,3,4,8-K","8-K,insider,periodic report"
DRS,27,46.540000915527344,40.95000076293945,35846527.880859375,0.04900893067911505,2026-07-23,0.11740142813065835,2026-07-16,0.03445208222346907,2026-07-16,0.11740142813065835,8-K,1,8-K,8-K
DRTS,27,11.180000305175781,9.800000190734863,8355441.16563797,0.14057239564029556,2026-07-17,0.2836734366188549,2026-06-23,0.11465609200608862,2026-07-17,0.2836734366188549,periodic report,1,6-K,periodic report
DRUG,27,71.05999755859375,63.4900016784668,17756507.302093506,0.11906124816593744,2026-07-09,0.17523288055732422,2026-07-01,0.11923130697749507,2026-07-09,0.17523288055732422,activist stake,1,SCHEDULE 13D/A,activist stake
DSGR,27,34.540000915527344,26.850000381469727,2065500.0,0.2529112401278395,2026-07-16,0.28230911791484825,2026-07-09,0.2230878610293887,2026-07-16,0.28230911791484825,activist stake,3,"8-K,DEFA14A,SCHEDULE 13D/A","8-K,activist stake,proxy/other"
DSGX,27,78.0,65.7300033569336,39853585.96801758,0.0642086319008155,2026-07-16,0.18667269156273503,2026-07-23,0.17363829483144677,2026-07-23,0.18667269156273503,NO KNOWN CAUSE,0,,
DTCX,27,1.7999999523162842,1.7000000476837158,283669.9964404106,0.14705881940452303,2026-07-06,0.19705884044145572,2026-07-02,-0.11330050360346788,2026-07-06,0.19705884044145572,NO KNOWN CAUSE,0,,
DTIL,27,6.889999866485596,6.739999771118164,2870867.974472046,0.12257284671559887,2026-07-07,0.21185189706307872,2026-06-25,-0.026836166563262154,2026-07-07,0.21185189706307872,8-K,1,8-K,8-K
DXC,27,11.770000457763672,8.229999542236328,38600693.692588806,0.08414236186125934,2026-07-24,0.26968714957357287,2026-07-23,0.4214976856696262,2026-07-23,0.26968714957357287,8-K,2,"4,8-K","8-K,insider"
EAF,27,7.059999942779541,5.380000114440918,2024459.9940776825,0.16140352755775877,2026-07-14,0.2829860369502424,2026-07-09,-0.06860158128765159,2026-07-14,0.2829860369502424,NO KNOWN CAUSE,0,,
EAT,27,205.72999572753906,164.25,187910561.09924316,0.045245517740811314,2026-07-27,0.1120540309596707,2026-07-23,0.25094240136737156,2026-07-23,0.1120540309596707,NO KNOWN CAUSE,0,,
EC,27,16.399999618530273,14.239999771118164,37551436.27061844,0.03600756143849515,2026-07-29,0.10006809455541532,2026-07-07,0.009230745755709036,2026-07-07,0.10006809455541532,periodic report,1,6-K,periodic report
EDBL,27,2.450000047683716,2.430000066757202,628578.0,0.3181817525017694,2026-07-08,0.03448272554637244,2026-07-14,-0.7395002533498509,2026-07-08,0.3181817525017694,8-K,5,"3,4,8-K","8-K,insider"
EDU,27,58.58000183105469,44.439998626708984,27474850.85296631,0.15337666420765528,2026-07-29,0.2033689700865986,2026-07-22,0.29429969075328644,2026-07-29,0.2033689700865986,periodic report,1,6-K,periodic report
EGG,27,3.9200000762939453,2.049999952316284,293359.99631881714,0.858536600683645,2026-07-28,0.9121952036461063,2026-07-27,-0.46955343070146105,2026-07-28,0.9121952036461063,periodic report,1,6-K,periodic report
EGHT,27,1.9700000286102295,1.6200000047683716,3342861.0783934593,0.08292686841375918,2026-07-13,0.21604939679731738,2026-07-23,0.145348834791591,2026-07-23,0.21604939679731738,NO KNOWN CAUSE,0,,
EGO,27,31.969999313354492,27.729999542236328,65124223.319625854,0.09844931796981071,2026-07-21,0.1734584007462665,2026-07-20,-0.012357109413935419,2026-07-20,0.1734584007462665,periodic report,2,"6-K,SCHEDULE 13G/A","passive stake,periodic report"
EHTH,27,1.3200000524520874,1.3200000524520874,447768.0013179779,0.14765102496786553,2026-07-01,0.111842156859977,2026-06-26,-0.1538460891862804,2026-07-01,0.14765102496786553,8-K,1,8-K,8-K
ELTX,27,2.890000104904175,2.799999952316284,2266319.971561432,0.31457794211111656,2026-07-01,0.2914572466967347,2026-06-24,-0.30193231929800357,2026-07-01,0.31457794211111656,offering/dilution,3,"424B5,8-K","8-K,insider,offering/dilution"
ELVA,27,7.670000076293945,7.670000076293945,3882528.0910491943,0.4904943508091637,2026-07-15,0.3023256452536325,2026-07-08,-0.25822050646930594,2026-07-15,0.4904943508091637,periodic report,1,6-K,periodic report
ENLT,27,81.0199966430664,81.0199966430664,17910823.32458496,0.08813596989893946,2026-07-14,0.10461012735548625,2026-07-10,-0.052065104879848834,2026-07-10,0.10461012735548625,periodic report,1,6-K,periodic report
ENOV,27,30.260000228881836,20.040000915527344,25436460.151672363,0.15111109415690094,2026-07-06,0.2584829421745982,2026-07-01,0.4206573386271064,2026-07-06,0.2584829421745982,insider,1,4,insider
EOLS,27,6.03000020980835,5.545000076293945,4148673.8414764404,0.04688904390754334,2026-07-21,0.11451753711590307,2026-07-20,-0.08497722758923298,2026-07-20,0.11451753711590307,NO KNOWN CAUSE,0,,
EPAM,27,106.88999938964844,76.04000091552734,133741556.6482544,0.07422809707512945,2026-07-01,0.24088692996314975,2026-07-23,0.4057074974051129,2026-07-23,0.24088692996314975,NO KNOWN CAUSE,0,,
EQNR,27,40.95000076293945,31.030000686645508,134101593.73073578,0.07002875027748012,2026-07-29,0.15043503928345792,2026-07-16,0.2458169179682228,2026-07-16,0.15043503928345792,periodic report,1,6-K,periodic report
ESEA,27,75.98999786376953,66.3499984741211,3471732.162475586,0.045128850412063715,2026-07-21,0.11209004955304191,2026-07-17,0.10274261827609132,2026-07-17,0.11209004955304191,NO KNOWN CAUSE,0,,
ESQ,27,131.88999938964844,114.04000091552734,17366459.77935791,0.058843091484667376,2026-07-28,0.13678678853444404,2026-07-23,0.15652401202051114,2026-07-23,0.13678678853444404,8-K,1,8-K,8-K
ESTA,27,91.93000030517578,85.80999755859375,44052856.146240234,0.04654124701617435,2026-07-15,0.10463108408775557,2026-07-14,0.06820826066820951,2026-07-14,0.10463108408775557,insider,2,4,insider
ESTC,27,64.44000244140625,53.599998474121094,94141483.5319519,0.049253792528004325,2026-06-26,0.12401884498981808,2026-07-23,0.09722463721566199,2026-07-23,0.12401884498981808,NO KNOWN CAUSE,0,,
ETON,27,48.130001068115234,32.720001220703125,16795003.379821777,0.13794034034814362,2026-07-17,0.18687822047802194,2026-07-16,0.47096574793712564,2026-07-17,0.18687822047802194,insider,4,"4,4/A",insider
ETSY,27,85.58000183105469,72.54000091552734,196084272.38311768,0.05684469704191519,2026-07-02,0.11062177789013239,2026-07-08,0.17976289979252136,2026-07-08,0.11062177789013239,insider,11,"144,4",insider
EVEX,27,2.2300000190734863,2.180000066757202,2300354.95698452,0.11009174412262679,2026-07-20,0.13991765630814834,2026-06-26,-0.2035714081963711,2026-07-20,0.13991765630814834,NO KNOWN CAUSE,0,,
EWTX,27,39.75,36.5,41983520.15686035,0.08936382287859423,2026-06-24,0.23499352719464928,2026-07-01,0.08904109589041087,2026-07-01,0.23499352719464928,insider,3,"144,4",insider
EXLS,27,35.9900016784668,25.219999313354492,66705891.95537567,0.17884051323358197,2026-07-29,0.341408937040931,2026-07-22,0.4053104576623727,2026-07-29,0.341408937040931,8-K,2,"10-Q,8-K","8-K,periodic report"
EXTR,27,29.06999969482422,29.06999969482422,52649417.75588989,0.05623387035533489,2026-07-09,0.13120805193006402,2026-07-02,-0.08728416494032154,2026-07-02,0.13120805193006402,insider,2,"144,4",insider
EYPT,27,11.920000076293945,11.920000076293945,20560325.56629181,0.05924339115962307,2026-07-09,0.12424245204697892,2026-07-01,-0.13182807911787975,2026-07-01,0.12424245204697892,insider,1,4,insider
FAF,27,78.16999816894531,65.41000366210938,62114013.04321289,0.0894721324080554,2026-07-24,0.1335556729516607,2026-07-23,0.14484475053399049,2026-07-23,0.1335556729516607,8-K,3,"10-Q,144,8-K","8-K,insider,periodic report"
FANG,27,199.1300048828125,171.9600067138672,387501153.96118164,0.046345475473526854,2026-07-29,0.1028608232052346,2026-07-06,0.06033014721481189,2026-07-06,0.1028608232052346,NO KNOWN CAUSE,0,,
FATN,27,5.119999885559082,4.489999771118164,364650.0086784363,0.1552105928470624,2026-07-27,0.1603564150849619,2026-07-20,-0.09859154220139099,2026-07-27,0.1603564150849619,8-K,2,8-K,8-K
FBIO,27,3.3499999046325684,2.759999990463257,1626371.962738037,0.13030305241531392,2026-07-14,0.24749164119614675,2026-07-07,0.08766233364110998,2026-07-14,0.24749164119614675,NO KNOWN CAUSE,0,,
FBRX,27,76.52999877929688,18.149999618530273,29110788.36364746,0.7832847861512773,2026-07-09,1.161685412137765,2026-07-06,3.1865424455484854,2026-07-09,1.161685412137765,8-K,4,"4,8-K,SCHEDULE 13G/A","8-K,insider,passive stake"
FEAM,27,1.0499999523162842,1.0499999523162842,281125.0,0.060869612089853975,2026-07-27,0.11926604701898591,2026-07-20,-0.32258065508506084,2026-07-20,0.11926604701898591,NO KNOWN CAUSE,0,,
FEIM,27,57.689998626708984,54.5,17851530.1322937,0.19679252118094603,2026-07-21,0.35499742169707615,2026-07-14,-0.17266605694243686,2026-07-21,0.35499742169707615,offering/dilution,4,"10-K,8-K,EFFECT,S-3","8-K,offering/dilution,periodic report"
FET,27,51.11000061035156,46.54999923706055,7352082.021331787,0.0840272258494974,2026-07-21,0.10354741233328535,2026-07-16,-0.004286016225505507,2026-07-16,0.10354741233328535,NO KNOWN CAUSE,0,,
FG,27,29.510000228881836,26.440000534057617,15258194.258499146,0.04082290044510928,2026-07-16,0.12313566263627074,2026-07-09,0.08016107461642874,2026-07-09,0.12313566263627074,8-K,5,"3,4,8-K","8-K,insider"
FGNX,27,6.889999866485596,4.630000114440918,644183.9977741241,0.12169313014744443,2026-07-15,0.3446089022976797,2026-07-08,0.2902621104133374,2026-07-15,0.3446089022976797,insider,7,4,insider
FHTX,27,4.739999771118164,4.03000020980835,1343969.9529647827,0.18811876700679786,2026-07-07,0.31513645528740786,2026-06-25,0.13397128367876454,2026-07-07,0.31513645528740786,NO KNOWN CAUSE,0,,
FICO,27,1373.0799560546875,1090.8499755859375,304866402.47802734,0.053188522224403956,2026-07-02,0.13836130523014223,2026-07-23,0.2587248354817566,2026-07-23,0.13836130523014223,NO KNOWN CAUSE,0,,
FIS,27,46.810001373291016,37.720001220703125,218410123.0682373,0.04938266759770915,2026-07-01,0.16908092664748908,2026-07-23,0.24098621045639645,2026-07-23,0.16908092664748908,insider,1,4,insider
FISN,27,9.720000267028809,9.720000267028809,2079929.0452957153,0.141784064128466,2026-07-15,0.1064604277216381,2026-07-08,-0.2173912876553541,2026-07-15,0.141784064128466,NO KNOWN CAUSE,0,,
FISV,27,55.630001068115234,47.18000030517578,326968367.60253906,0.040395582431171695,2026-06-26,0.11326795495588482,2026-07-23,0.17910132912848797,2026-07-23,0.11326795495588482,NO KNOWN CAUSE,0,,
FIVN,27,27.165000915527344,18.81999969482422,50891970.80554962,0.10510373311507726,2026-07-27,0.24925269565935881,2026-07-23,0.443411336664268,2026-07-27,0.24925269565935881,NO KNOWN CAUSE,0,,
FMAO,27,35.06999969482422,28.65999984741211,2428134.0433120728,0.1038460828378609,2026-07-28,0.15437790202819968,2026-07-23,0.22365666020723673,2026-07-28,0.15437790202819968,8-K,5,"144,4,8-K","8-K,insider"
FN,27,414.5,414.5,394390700.0,0.06694849910273648,2026-07-21,0.1250352630915097,2026-07-16,-0.3282989807626857,2026-07-16,0.1250352630915097,NO KNOWN CAUSE,0,,
FNWB,27,12.010000228881836,10.15999984741211,272400.00915527344,0.06471635755246252,2026-07-15,0.10135745395716578,2026-07-10,0.18208665445412842,2026-07-10,0.10135745395716578,insider,2,4,insider
FNWD,27,44.2400016784668,34.06999969482422,602034.9872589111,0.22745954659570433,2026-07-22,0.2383191369355102,2026-07-15,0.2845529454858251,2026-07-22,0.2383191369355102,merger/tender,6,"13F-HR,425,8-K","8-K,insider,merger/tender"
FOSL,27,4.400000095367432,3.990000009536743,2587068.0116653442,0.054631833014120446,2026-07-28,0.10275691349642169,2026-07-23,0.05515587886461071,2026-07-23,0.10275691349642169,8-K,1,8-K,8-K
FOXF,27,18.940000534057617,16.5,8823143.637657166,0.08379579303680162,2026-07-16,0.17509023468535112,2026-07-09,0.05574135842981631,2026-07-09,0.17509023468535112,NO KNOWN CAUSE,-1,NOT COVERED,
FRD,27,34.34000015258789,32.18000030517578,2309922.1298217773,0.08856427741123118,2026-07-01,0.13384144791955355,2026-07-21,-0.07563933399393141,2026-07-21,0.13384144791955355,proxy/other,1,PRE 14A,proxy/other
FRHC,27,148.24000549316406,128.82000732421875,19942032.540893555,0.20418486349658416,2026-07-01,0.2568960127575113,2026-06-25,0.04225557158236848,2026-07-01,0.2568960127575113,8-K,3,"4,8-K","8-K,insider"
FRMI,27,5.860000133514404,5.860000133514404,114036621.30084038,0.17088605923599975,2026-07-24,0.22314047306973572,2026-07-17,-0.34671126431800536,2026-07-24,0.22314047306973572,8-K,3,"8-K,8-K/A,SCHEDULE 13G","8-K,passive stake"
FRMM,27,5.289999961853027,5.03000020980835,1410412.0588302612,0.13122922995947284,2026-07-06,0.22043011395895507,2026-06-26,0.02519382137309889,2026-07-06,0.22043011395895507,8-K,4,"3,8-K,SCHEDULE 13G/A","8-K,insider,passive stake"
FRNM,27,10.0600004196167,10.0600004196167,2736872.0764160156,0.08870296540045586,2026-07-21,0.10699245745644381,2026-07-15,-0.08628517615949383,2026-07-15,0.10699245745644381,merger/tender,9,"10-Q,424B3,425,8-K,SCHEDULE 13G","8-K,insider,merger/tender,offering/dilution,passive stake,periodic report"
FSUN,27,39.09000015258789,33.91999816894531,8933572.212219238,0.13013497847123467,2026-07-28,0.1524175195379538,2026-07-22,0.0852304179846981,2026-07-28,0.1524175195379538,8-K,1,8-K,8-K
FTH,27,28.93000030517578,22.8700008392334,3655068.118286133,0.16131336131050222,2026-07-09,0.5776614191555889,2026-07-02,0.24752046739663536,2026-07-09,0.5776614191555889,NO KNOWN CAUSE,0,,
FTK,27,21.799999237060547,21.739999771118164,7518368.189239502,0.07925508495507527,2026-07-09,0.19508932650241384,2026-07-07,-0.10398687606161439,2026-07-07,0.19508932650241384,NO KNOWN CAUSE,0,,
FTRE,27,20.399999618530273,15.5600004196167,21486415.437316895,0.07812499689559149,2026-07-28,0.1557789469177735,2026-07-21,0.3110539247037374,2026-07-21,0.1557789469177735,8-K,2,"3,8-K","8-K,insider"
FWRD,27,14.59000015258789,12.180000305175781,9343425.197601318,0.22803025141673028,2026-07-21,0.27337558166010223,2026-07-15,0.06418673318689927,2026-07-21,0.27337558166010223,8-K,1,8-K,8-K
FXHO,27,8.770000457763672,5.849999904632568,663119.9824333191,1.7152777437442608,2026-07-06,2.1481480059530162,2026-06-26,0.4991454018347552,2026-07-06,2.1481480059530162,NO KNOWN CAUSE,0,,
G,27,36.709999084472656,27.5,62487379.765319824,0.0755127496000969,2026-07-28,0.22325887385841114,2026-07-22,0.3059408853571539,2026-07-22,0.22325887385841114,NO KNOWN CAUSE,0,,
GAMB,24,1.8600000143051147,1.659999966621399,899617.3135030866,0.17469884752621678,2026-07-27,0.12048195885857527,2026-07-24,-0.1769911406398501,2026-07-27,0.17469884752621678,periodic report,1,6-K,periodic report
GAP,27,20.290000915527344,18.350000381469727,141529690.0253296,0.03314040784752037,2026-07-27,0.10517712616097508,2026-07-08,-0.01600387537706438,2026-07-08,0.10517712616097508,insider,13,4,insider
GDC,27,1.4700000286102295,1.4600000381469727,1165706.9782018661,0.24358982588412803,2026-07-22,0.2847682579291151,2026-07-15,-0.7059999942779541,2026-07-22,0.2847682579291151,NO KNOWN CAUSE,0,,
GCO,27,39.08000183105469,32.77000045776367,5817039.947509766,0.058723395597850114,2026-07-16,0.11945007166626209,2026-07-23,0.0919251419772944,2026-07-23,0.11945007166626209,8-K,9,"4,8-K","8-K,insider"
GDDY,27,105.0999984741211,74.98999786376953,168681431.77261353,0.06872540685677064,2026-06-24,0.19949777653049594,2026-07-23,0.4015202222708534,2026-07-23,0.19949777653049594,NO KNOWN CAUSE,0,,
GDYN,27,6.800000190734863,5.210000038146973,9832620.15247345,0.10749191182426476,2026-07-29,0.21428576902467467,2026-07-22,0.2408759428954439,2026-07-29,0.21428576902467467,insider,1,4,insider
GEHC,27,71.9000015258789,60.58000183105469,319842733.9355469,0.12150991797478672,2026-07-29,0.1868603392649839,2026-07-24,0.1856860529281703,2026-07-29,0.1868603392649839,trial readout,4,"10-Q,8-K","8-K,periodic report,trial readout"
GEOS,27,6.489999771118164,6.380000114440918,705029.990530014,0.04258442941112017,2026-07-21,0.11160714634168323,2026-07-02,-0.07153076056825347,2026-07-02,0.11160714634168323,NO KNOWN CAUSE,-1,NOT COVERED,
GERN,27,1.399999976158142,1.2699999809265137,13192424.170017242,0.0708661690789496,2026-07-02,0.22834643008534639,2026-07-01,0.04477607558580465,2026-07-01,0.22834643008534639,insider,1,4,insider
GEVO,27,1.4500000476837158,1.399999976158142,4305155.869889259,0.11188817601360612,2026-07-15,0.20979026750315466,2026-07-14,0.021126825004031735,2026-07-15,0.20979026750315466,8-K,2,8-K,8-K
GFR,27,6.269999980926514,5.449999809265137,990431.0216426849,0.08078990940693531,2026-07-13,0.14003585438643507,2026-07-10,0.14207654687196558,2026-07-10,0.14003585438643507,NO KNOWN CAUSE,0,,
GGB,27,4.860000133514404,4.019999980926514,67024625.0,0.04121476176088823,2026-07-15,0.11627906460965787,2026-07-08,0.14352944317985994,2026-07-08,0.11627906460965787,NO KNOWN CAUSE,0,,
GGG,27,81.20999908447266,73.12999725341797,105608429.56924438,0.052382280596294795,2026-07-23,0.12484623582268473,2026-07-21,0.07548664795371884,2026-07-21,0.12484623582268473,periodic report,1,10-Q,periodic report
GH,27,144.07000732421875,128.8300018310547,363939540.21606445,0.13823905660143243,2026-07-01,0.2468603672693197,2026-06-24,0.11829546904105093,2026-07-01,0.2468603672693197,insider,15,"144,4",insider
GKOS,27,161.66000366210938,131.19000244140625,105804736.96899414,0.0782873332868963,2026-07-02,0.1272079600806939,2026-07-01,0.23225856127498767,2026-07-01,0.1272079600806939,insider,4,"144,4",insider
GLBE,27,40.2599983215332,31.510000228881836,44911948.99368286,0.060588345628221685,2026-06-26,0.16695647308791894,2026-07-23,0.27768955979350274,2026-07-23,0.16695647308791894,insider,5,"144,4",insider
GLBS,27,2.8499999046325684,2.7100000381469727,390592.00410842896,0.08362370003718333,2026-06-29,0.12087909208808378,2026-07-14,-0.06557378715098938,2026-07-14,0.12087909208808378,offering/dilution,4,"4,424B3,EFFECT,SCHEDULE 13D/A","activist stake,insider,offering/dilution"
GLOB,27,38.150001525878906,27.729999542236328,63113041.48006439,0.08658504308402248,2026-07-29,0.24632475547803478,2026-07-23,0.272939686350925,2026-07-23,0.24632475547803478,NO KNOWN CAUSE,0,,
GM,27,89.4000015258789,75.5199966430664,604715738.3651733,0.0532430004643738,2026-07-27,0.14828492626965506,2026-07-20,0.11152556492189758,2026-07-20,0.14828492626965506,8-K,3,"10-Q,8-K,S-8","8-K,periodic report,proxy/other"
GMEX,27,1.2799999713897705,1.2799999713897705,436857.99815654755,0.22448973964853858,2026-07-27,0.2949640077992035,2026-07-20,-0.8024691407990481,2026-07-27,0.2949640077992035,periodic report,1,6-K,periodic report
GMM,27,2.930000066757202,1.850000023841858,454476.0166168213,1.4702703312246177,2026-07-10,0.9698277168799845,2026-07-02,-0.04248362040956577,2026-07-10,1.4702703312246177,NO KNOWN CAUSE,0,,
GNK,27,25.219999313354492,23.450000762939453,6650958.060264587,0.05430635143056817,2026-06-23,0.10986731037835651,2026-07-17,0.07000422740321888,2026-07-17,0.10986731037835651,merger/tender,4,"425,S-8,SC 13D/A,SC 14D9/A","activist stake,insider,merger/tender,proxy/other"
GOGO,27,3.880000114440918,3.0899999141693115,5920334.920477867,0.11935488237426761,2026-07-01,0.20440246644764648,2026-06-26,0.1722054929048502,2026-07-01,0.20440246644764648,insider,9,4,insider
GPC,27,129.97999572753906,105.11000061035156,207305526.2145996,0.12921640205426965,2026-07-02,0.1732897586568376,2026-06-25,0.2366092186544828,2026-07-02,0.1732897586568376,insider,2,"144,4",insider
GPI,27,357.9700012207031,286.6000061035156,65104812.268066406,0.06758473733440917,2026-07-15,0.1252486983854142,2026-07-21,0.13551150268264278,2026-07-21,0.1252486983854142,8-K,1,8-K,8-K
GPRE,27,16.3700008392334,14.40999984741211,16653464.123916626,0.11737365283105516,2026-07-17,0.138543530914633,2026-07-10,0.08698541720558861,2026-07-17,0.138543530914633,NO KNOWN CAUSE,0,,
GRMN,27,294.8299865722656,232.50999450683594,215351494.44580078,0.16234966949215446,2026-07-29,0.22794660173875192,2026-07-23,0.24748240306627167,2026-07-29,0.22794660173875192,8-K,2,"10-Q,8-K","8-K,periodic report"
GS,27,980.75,980.75,1991133689.7216797,0.08995990357249783,2026-07-14,0.11890556883847192,2026-07-08,-0.11354248187459359,2026-07-08,0.11890556883847192,offering/dilution,385,"3,424B2,424B3,FWP","insider,offering/dilution"
GSHD,27,70.72000122070312,39.0099983215332,28595079.21524048,0.10999999507780989,2026-07-28,0.3758754692856765,2026-07-22,0.8128686045512148,2026-07-28,0.3758754692856765,8-K,6,"10-Q,144,3,4,8-K","8-K,insider,periodic report"
GTE,27,6.679999828338623,5.909999847412109,1765907.9544067383,0.06879997253417969,2026-07-13,0.21835436710771328,2026-07-16,-0.07350904396729574,2026-07-16,0.21835436710771328,NO KNOWN CAUSE,0,,
GYRE,27,5.639999866485596,5.639999866485596,436839.9987220764,0.12576689786199235,2026-07-02,0.17817016534768504,2026-06-25,-0.07993478610236737,2026-07-02,0.17817016534768504,insider,6,4,insider
HAE,27,85.41999816894531,72.52999877929688,46041049.68338013,0.06518457281412404,2026-06-25,0.10361752564546012,2026-07-23,0.17771955889413005,2026-07-23,0.10361752564546012,NO KNOWN CAUSE,0,,
HAS,27,95.16999816894531,75.86000061035156,148794283.53424072,0.08812357843025409,2026-07-21,0.13210916669536688,2026-07-14,0.12774024004340956,2026-07-14,0.13210916669536688,NO KNOWN CAUSE,0,,
HBM,27,21.979999542236328,20.360000610351562,103406549.43466187,0.10364682493267074,2026-07-21,0.09774065380461705,2026-07-17,-0.21246866132554376,2026-07-21,0.10364682493267074,NO KNOWN CAUSE,0,,
HBT,27,36.5099983215332,30.479999542236328,4699547.978210449,0.045388831682521946,2026-07-28,0.12754778002415823,2026-07-22,0.19783460859115398,2026-07-22,0.12754778002415823,NO KNOWN CAUSE,0,,
HCA,27,408.17999267578125,363.6000061035156,615436159.0576172,0.07332787763016535,2026-07-28,0.12088237837036675,2026-07-21,0.08273429865343473,2026-07-21,0.12088237837036675,8-K,1,8-K,8-K
HCAT,27,2.1600000858306885,1.7200000286102295,1737560.0376605988,0.1009615605046772,2026-07-06,0.20526315294144215,2026-06-26,0.25581398250090825,2026-07-06,0.20526315294144215,NO KNOWN CAUSE,0,,
HCKT,27,11.170000076293945,9.300000190734863,3251899.929046631,0.07729011975165156,2026-06-26,0.20107525238785184,2026-07-23,0.08975610500428743,2026-07-23,0.20107525238785184,NO KNOWN CAUSE,-1,NOT COVERED,
HII,27,280.3999938964844,268.760009765625,122605104.75158691,0.044915219286908004,2026-07-02,0.11586539291323628,2026-07-21,0.00794418000533148,2026-07-21,0.11586539291323628,NO KNOWN CAUSE,0,,
HIMX,27,11.640000343322754,11.640000343322754,26553359.214782715,0.08821299123475379,2026-07-06,0.15817490372965715,2026-07-02,-0.3721682972747755,2026-07-02,0.15817490372965715,periodic report,1,6-K,periodic report
HIVE,27,2.5399999618530273,2.5399999618530273,54421249.142456055,0.08421053247988963,2026-07-20,0.10416664597061032,2026-07-16,-0.48163267093517015,2026-07-16,0.10416664597061032,insider,6,4,insider
HLLY,27,2.7799999713897705,2.359999895095825,2168963.9835834503,0.08171207922250678,2026-07-16,0.1119999885559082,2026-07-09,0.14403287860795744,2026-07-09,0.1119999885559082,NO KNOWN CAUSE,0,,
HLX,27,9.069999694824219,8.510000228881836,11881050.667095184,0.04833142653332789,2026-07-08,0.11868392499615066,2026-07-06,0.02485867840357736,2026-07-06,0.11868392499615066,NO KNOWN CAUSE,0,,
HMY,27,15.529999732971191,14.329999923706055,51009041.74613953,0.06978367099260785,2026-07-21,0.10746685066658035,2026-07-20,-0.03779428003376972,2026-07-20,0.10746685066658035,periodic report,1,6-K,periodic report
HNRG,27,13.699999809265137,13.699999809265137,12145232.446289062,0.053265702486035904,2026-07-21,0.1101094699001528,2026-07-07,-0.27628105713662743,2026-07-07,0.1101094699001528,insider,1,4,insider
HNVR,27,26.5,22.610000610351562,1261040.98777771,0.06413297376112004,2026-07-28,0.10867658086773835,2026-07-09,0.1572052594514748,2026-07-09,0.10867658086773835,NO KNOWN CAUSE,0,,
HOG,27,24.829999923706055,24.149999618530273,58530331.80923462,0.04665160928056422,2026-07-20,0.1343700498199769,2026-07-14,0.005670287023903597,2026-07-14,0.1343700498199769,insider,1,3,insider
HOVR,27,1.590000033378601,1.5,1715823.990702629,0.20241694497774487,2026-07-21,0.23333334922790527,2026-07-16,-0.2570093666187936,2026-07-21,0.23333334922790527,8-K,6,"10-K,4,8-K","8-K,insider,periodic report"
HP,27,33.459999084472656,30.530000686645508,37179764.320373535,0.04258104185464995,2026-07-07,0.11267607129672785,2026-07-06,-0.0561354481139309,2026-07-06,0.11267607129672785,NO KNOWN CAUSE,0,,
HPE,27,44.439998626708984,41.22999954223633,849136283.5292816,0.09939562622352982,2026-07-09,0.1772981191960139,2026-07-02,-0.08181823913895037,2026-07-02,0.1772981191960139,insider,4,4,insider
HPK,27,6.630000114440918,6.425000190734863,3134069.925069809,0.12386709755843528,2026-07-08,0.1360123868589571,2026-07-06,-0.11717710887099952,2026-07-08,0.1360123868589571,NO KNOWN CAUSE,0,,
HPQ,27,28.40999984741211,21.93000030517578,349559232.8424454,0.06553678826619214,2026-07-28,0.1591187100004443,2026-07-23,0.20688184972297252,2026-07-23,0.1591187100004443,insider,1,4,insider
HRB,27,47.18000030517578,34.040000915527344,68925931.26106262,0.06165831993277915,2026-07-28,0.19292038471053874,2026-07-22,0.3860164229212646,2026-07-22,0.19292038471053874,NO KNOWN CAUSE,0,,
HRI,27,143.02000427246094,132.61000061035156,73695560.81237793,0.08083956075617893,2026-07-23,0.11032354132777589,2026-07-07,-0.06784845793037386,2026-07-07,0.11032354132777589,passive stake,1,SCHEDULE 13G/A,passive stake
HRTG,27,29.84000015258789,23.790000915527344,7337525.0816345215,0.06288535517646032,2026-06-26,0.13762869513354858,2026-07-22,0.2543084911405704,2026-07-22,0.13762869513354858,NO KNOWN CAUSE,0,,
HSTM,27,29.530000686645508,25.360000610351562,4895094.0799713135,0.040077772323733996,2026-06-26,0.1189845157112337,2026-07-23,0.16443217570711788,2026-07-23,0.1189845157112337,NO KNOWN CAUSE,0,,
HTCO,27,3.4100000858306885,2.809999942779541,442325.0,0.10032368602232067,2026-07-27,0.1688741700941312,2026-07-21,-0.18809518078827547,2026-07-27,0.1688741700941312,periodic report,1,6-K,periodic report
HTZ,27,1.6699999570846558,1.6699999570846558,36258800.0,0.10497241062266771,2026-07-27,0.13636364252114097,2026-07-20,-0.6750972761743483,2026-07-27,0.13636364252114097,8-K,2,"4,8-K","8-K,insider"
HUBS,27,251.1199951171875,170.27999877929688,289187086.29608154,0.08920602860171667,2026-06-26,0.3216146643704736,2026-07-23,0.4532406868185699,2026-07-23,0.3216146643704736,insider,2,"144,4",insider
HUN,27,11.960000038146973,10.550000190734863,49360774.61690903,0.05170974957418717,2026-07-21,0.106276190630481,2026-07-15,0.04000000331712816,2026-07-15,0.106276190630481,merger/tender,6,"425,DEFM14A","insider,merger/tender"
HURN,27,170.3699951171875,90.16000366210938,31607941.009521484,0.40372407729870785,2026-07-29,0.5603076408814238,2026-07-23,0.8829574358557077,2026-07-29,0.5603076408814238,8-K,3,"10-Q,8-K","8-K,periodic report"
HUT,27,88.18000030517578,88.18000030517578,429847126.61972046,0.10366324410375838,2026-07-20,0.28027411033012184,2026-07-16,-0.2714805053024103,2026-07-20,0.28027411033012184,8-K,1,8-K,8-K
HYFT,27,1.2999999523162842,1.1799999475479126,333247.9970932007,0.15254243623590802,2026-07-24,0.10666664441426588,2026-06-22,-0.13333336512247718,2026-07-24,0.15254243623590802,periodic report,3,"20-F,6-K",periodic report
HYLN,27,3.240000009536743,3.240000009536743,12153504.0309906,0.09295779339639632,2026-07-21,0.10160424466667517,2026-07-16,-0.5603799104684845,2026-07-16,0.10160424466667517,NO KNOWN CAUSE,0,,
HYMC,27,19.15999984741211,18.434999465942383,34657452.517700195,0.10447756186352031,2026-07-21,0.11093030298546891,2026-07-16,-0.23512972331489745,2026-07-21,0.11093030298546891,8-K,2,8-K,8-K
IBEX,27,36.52000045776367,29.110000610351562,2881920.034790039,0.042438793260503704,2026-07-27,0.13380942240910287,2026-07-23,0.23880600491329917,2026-07-23,0.13380942240910287,insider,1,4,insider
ICCC,27,11.010000228881836,9.75,290177.996635437,0.0945273424114903,2026-07-01,0.13346229149673006,2026-07-07,0.12923079270582938,2026-07-07,0.13346229149673006,NO KNOWN CAUSE,0,,
ICHR,27,62.25,62.25,94434050.390625,0.1452980723859867,2026-07-21,0.2505034692064978,2026-06-24,-0.37506274853359534,2026-07-21,0.2505034692064978,insider,1,144,insider
ICU,27,3.25,2.9800000190734863,294375.0,0.32425069004961715,2026-07-01,0.6510067264441246,2026-06-25,0.0030864168005624304,2026-07-01,0.6510067264441246,8-K,7,"4,8-K","8-K,insider"
IE,27,8.729999542236328,8.079999923706055,19301142.534828186,0.16212876633491868,2026-07-21,0.14603964310862882,2026-07-20,-0.21492809064022678,2026-07-21,0.16212876633491868,NO KNOWN CAUSE,0,,
III,27,4.260000228881836,3.8399999141693115,770634.0414047241,0.041450800564520884,2026-07-27,0.1093750844011101,2026-07-23,0.06766922774429784,2026-07-23,0.1093750844011101,NO KNOWN CAUSE,0,,
IIIN,27,30.559999465942383,28.760000228881836,8409389.87159729,0.04097223390399707,2026-06-24,0.10744089457568218,2026-07-13,0.03452940144896499,2026-07-13,0.10744089457568218,passive stake,1,SCHEDULE 13G/A,passive stake
IKT,27,2.2100000381469727,1.840000033378601,1513408.0261230469,0.07373264598467966,2026-07-23,0.1592039476423308,2026-07-16,0.20108695546541866,2026-07-16,0.1592039476423308,8-K,3,"3,8-K,SCHEDULE 13G","8-K,insider,passive stake"
IMAX,27,48.65999984741211,37.33000183105469,43506109.36279297,0.11857506203251145,2026-07-23,0.24940562277329015,2026-07-21,0.10590908744118432,2026-07-23,0.24940562277329015,8-K,2,"10-Q,8-K","8-K,periodic report"
IMDX,27,4.369999885559082,4.369999885559082,744727.9888153076,0.08856088788133332,2026-06-30,0.12107622359514258,2026-07-14,-0.19074077622553554,2026-07-14,0.12107622359514258,NO KNOWN CAUSE,0,,
IMMR,27,7.329999923706055,6.429999828338623,3736120.108795166,0.18711653278537033,2026-07-27,0.2037325004280781,2026-07-20,0.11908392523018851,2026-07-27,0.2037325004280781,8-K,2,"10-K,8-K","8-K,periodic report"
IMMX,27,8.170000076293945,8.170000076293945,17000105.724334717,0.15023929924922563,2026-07-07,0.14585326215716599,2026-06-29,-0.1308510204417055,2026-07-07,0.15023929924922563,NO KNOWN CAUSE,0,,
IMOS,27,45.63999938964844,45.63999938964844,7283009.831237793,0.13452210907348983,2026-07-06,0.19805083717291994,2026-06-26,-0.35069001571792013,2026-07-06,0.19805083717291994,NO KNOWN CAUSE,0,,
IMSR,27,4.639999866485596,4.625,10215996.112632751,0.12345676710891196,2026-07-21,0.12380953438187725,2026-07-16,-0.4104193222417091,2026-07-21,0.12380953438187725,8-K,2,8-K,8-K
INCY,27,127.0999984741211,103.66000366210938,194728905.8227539,0.09304273301631794,2026-07-28,0.10682335251156494,2026-07-21,0.22612380844994795,2026-07-21,0.10682335251156494,FDA decision,17,"144,4","FDA decision,insider,trial readout"
INDO,27,2.869999885559082,2.559999942779541,752130.002617836,0.09489050713806946,2026-07-13,0.10583940176776063,2026-07-10,0.091254661853573,2026-07-10,0.10583940176776063,periodic report,1,6-K,periodic report
INFY,27,12.600000381469727,10.489999771118164,303267032.2441101,0.055555605367605176,2026-07-28,0.18088100200334178,2026-07-23,0.16991642023440012,2026-07-23,0.18088100200334178,periodic report,1,6-K,periodic report
INGM,27,30.1299991607666,25.649999618530273,30079399.616241455,0.054466229126168386,2026-07-09,0.13294346581387972,2026-07-02,0.06428822780493948,2026-07-02,0.13294346581387972,NO KNOWN CAUSE,0,,
INLF,27,4.269999980926514,2.2300000190734863,4834099.704776287,0.6860986360105281,2026-07-22,1.3766816795530303,2026-07-21,-0.8076576651269839,2026-07-22,1.3766816795530303,NO KNOWN CAUSE,0,,
INSM,27,103.12000274658203,98.61000061035156,265825732.7217102,0.04299063994505703,2026-07-02,0.10523366482458374,2026-07-01,0.045735747980078845,2026-07-01,0.10523366482458374,insider,5,"144,3,4",insider
INSP,27,51.06999969482422,41.349998474121094,43076330.756378174,0.053248135449944556,2026-07-06,0.1333040364129896,2026-07-01,0.2350665436369095,2026-07-01,0.1333040364129896,8-K,2,"8-K,SCHEDULE 13G","8-K,passive stake"
INTU,27,333.1300048828125,255.07000732421875,1354958294.708252,0.06434715255064916,2026-07-29,0.18328421954055063,2026-07-23,0.2923537226249546,2026-07-23,0.18328421954055063,NO KNOWN CAUSE,0,,
INV,27,2.819999933242798,2.819999933242798,6014668.024253845,0.1373801318264265,2026-07-21,0.03941909760450679,2026-07-02,-0.5361842156859977,2026-07-21,0.1373801318264265,NO KNOWN CAUSE,0,,
INVE,27,2.5399999618530273,2.5,444140.01598358154,0.06934308633545694,2026-07-10,0.12452826861513722,2026-07-08,-0.35532996828306795,2026-07-08,0.12452826861513722,passive stake,1,SCHEDULE 13G,passive stake
IOVA,27,4.559999942779541,3.930000066757202,60001409.428691864,0.20610679150174271,2026-07-15,0.39440201679061304,2026-07-14,0.12315271109528436,2026-07-15,0.39440201679061304,NO KNOWN CAUSE,0,,
IP,27,42.63999938964844,36.25,191865867.6914215,0.11210762376961925,2026-07-24,0.21292990380665877,2026-07-21,0.15586880171143314,2026-07-24,0.21292990380665877,8-K,1,8-K,8-K
IPGP,27,80.20999908447266,80.20999908447266,33640109.019470215,0.058799175930602576,2026-07-08,0.10227748487448807,2026-07-07,-0.32025424504684186,2026-07-07,0.10227748487448807,insider,3,4,insider
IQV,27,247.55999755859375,167.80999755859375,260341365.06652832,0.13938655403129885,2026-07-28,0.24702796811764793,2026-07-22,0.47523986151155206,2026-07-28,0.24702796811764793,8-K,2,"10-Q,8-K","8-K,periodic report"
IR,27,84.61000061035156,76.63999938964844,276184515.209198,0.07126610352724061,2026-07-16,0.10032440520925734,2026-07-09,0.08655448344729089,2026-07-09,0.10032440520925734,NO KNOWN CAUSE,0,,
IRD,27,3.4700000286102295,2.9200000762939453,3366571.861743927,0.08766233364110998,2026-07-27,0.18835614313214077,2026-07-23,-0.1495097810055187,2026-07-23,0.18835614313214077,insider,4,144,insider
IREN,27,29.309999465942383,29.309999465942383,1686722601.8218994,0.1957168958983606,2026-07-20,0.16508755950949316,2026-07-16,-0.48461403171383877,2026-07-20,0.1957168958983606,8-K,1,8-K,8-K
IRTC,27,122.44000244140625,104.69000244140625,60855786.65008545,0.05186741979698484,2026-06-23,0.15433207121410808,2026-07-22,0.1695481859400516,2026-07-22,0.15433207121410808,NO KNOWN CAUSE,0,,
IRWD,27,3.559999942779541,3.559999942779541,7549037.16571331,0.07552088717542094,2026-06-26,0.13349519563402334,2026-07-01,-0.06806282591804724,2026-07-01,0.13349519563402334,NO KNOWN CAUSE,0,,
IT,27,165.64999389648438,125.7300033569336,179692732.28149414,0.06825661825476459,2026-07-16,0.2539741577807231,2026-07-22,0.3175056826032394,2026-07-22,0.2539741577807231,NO KNOWN CAUSE,0,,
ITRI,27,102.33000183105469,81.0999984741211,44322097.15805054,0.2623259988675595,2026-07-28,0.2719277088113794,2026-07-21,0.2515900092633314,2026-07-28,0.2719277088113794,8-K,2,"10-Q,8-K","8-K,periodic report"
IVA,27,4.510000228881836,3.4100000858306885,4296175.876379013,0.16923072596743838,2026-07-07,0.28450704338862254,2026-06-29,0.2849003535998862,2026-07-07,0.28450704338862254,periodic report,1,6-K,periodic report
IVZ,27,28.06999969482422,25.8700008392334,135360078.181839,0.05845356579982153,2026-07-09,0.12097663586189333,2026-07-08,-0.024669943533070948,2026-07-08,0.12097663586189333,passive stake,6,"4,SCHEDULE 13G/A","insider,passive stake"
JAKK,27,26.510000228881836,21.920000076293945,1496332.9906463623,0.08376963655771497,2026-07-16,0.12500001079794298,2026-07-09,0.2044525194549991,2026-07-09,0.12500001079794298,NO KNOWN CAUSE,0,,
JANX,27,14.960000038146973,14.34000015258789,14644752.248764038,0.060027293560733774,2026-07-02,0.1425648140751401,2026-07-01,0.04323569588297338,2026-07-01,0.1425648140751401,NO KNOWN CAUSE,0,,
JBLU,27,5.71999979019165,4.989999771118164,170422688.3989334,0.10497241062266771,2026-07-28,0.14629259570284647,2026-07-23,0.041894358590590874,2026-07-28,0.14629259570284647,8-K,2,"10-Q,8-K","8-K,periodic report"
JEF,27,55.099998474121094,48.779998779296875,100048547.60169983,0.058747257921187845,2026-07-15,0.11800396818109404,2026-07-08,-0.12275119774871524,2026-07-08,0.11800396818109404,offering/dilution,28,"10-Q,4,424B2,424B5,8-K,FWP","8-K,insider,offering/dilution,periodic report"
JELD,27,1.2799999713897705,1.100000023841858,1503203.9811372757,0.12280700653653831,2026-07-29,0.16363631240592635,2026-07-23,-0.22891566438103195,2026-07-29,0.16363631240592635,insider,1,4,insider
JILL,27,18.31999969482422,14.529999732971191,1129207.9704284668,0.06350118074485667,2026-07-28,0.14329642625511108,2026-07-21,0.2608396442880059,2026-07-21,0.14329642625511108,passive stake,1,SCHEDULE 13G/A,passive stake
JKS,27,14.579999923706055,14.579999923706055,10973952.10571289,0.05593962276455988,2026-06-30,0.1036065523741676,2026-07-13,-0.18864771948706438,2026-07-13,0.1036065523741676,NO KNOWN CAUSE,0,,
JLHL,27,5.75,3.059999942779541,2419268.0066108704,3.1797386277841797,2026-07-09,2.513071961117513,2026-07-08,-0.7826087019227371,2026-07-09,3.1797386277841797,NO KNOWN CAUSE,0,,
JXN,27,120.45999908447266,102.38999938964844,64844873.263549805,0.053885740331882426,2026-07-10,0.1467195117976119,2026-07-08,0.1012982456507463,2026-07-08,0.1467195117976119,8-K,1,8-K,8-K
JZ,27,2.240000009536743,2.200000047683716,349013.54234838486,0.20937494621612207,2026-07-09,0.32107024584782873,2026-07-06,-0.5362318747578793,2026-07-09,0.32107024584782873,NO KNOWN CAUSE,0,,
JZXN,27,1.2699999809265137,1.0399999618530273,286924.99405145645,0.8547009879393819,2026-07-10,0.9375000598707366,2026-07-02,-0.030534323358943016,2026-07-10,0.9375000598707366,NO KNOWN CAUSE,0,,
KAI,27,302.9599914550781,290.010009765625,36929720.71533203,0.0603583074312084,2026-07-16,0.10006547373011276,2026-07-09,0.00567632018283204,2026-07-09,0.10006547373011276,insider,5,4,insider
KALU,27,151.44000244140625,151.44000244140625,46414511.49749756,0.09907496381237935,2026-07-23,0.12586498335811314,2026-07-16,-0.18153811035775147,2026-07-16,0.12586498335811314,8-K,2,"8-K,SCHEDULE 13G/A","8-K,passive stake"
KARO,27,64.45999908447266,47.810001373291016,8161295.883178711,0.11232505335236209,2026-07-16,0.18036808629047774,2026-06-29,0.34797154947387976,2026-07-16,0.18036808629047774,periodic report,2,6-K,periodic report
KC,27,9.899999618530273,8.579999923706055,11632565.60497284,0.1144068776893441,2026-07-08,0.19890103187556707,2026-07-02,0.012269927283794058,2026-07-08,0.19890103187556707,periodic report,1,6-K,periodic report
KD,27,14.010000228881836,10.619999885559082,48474475.0,0.0610079181948151,2026-07-01,0.20257516631998773,2026-07-22,0.3192090753157564,2026-07-22,0.20257516631998773,proxy/other,1,DEFA14A,proxy/other
KEEL,27,3.180000066757202,3.180000066757202,135654668.84777546,0.09873420258130672,2026-07-20,0.22236340857019976,2026-07-16,-0.5225225015593864,2026-07-16,0.22236340857019976,insider,6,"3,4",insider
KEX,27,131.07000732421875,129.83999633789062,86168260.0112915,0.05675446670812856,2026-07-08,0.10713188581668254,2026-07-02,-0.07253042363976303,2026-07-02,0.10713188581668254,NO KNOWN CAUSE,1,11-K,
KGEI,27,5.150000095367432,4.559999942779541,774647.9941368103,0.05967077240455132,2026-07-29,0.10991384559416328,2026-07-01,0.07740583040140003,2026-07-01,0.10991384559416328,periodic report,1,6-K,periodic report
KLC,27,5.449999809265137,4.099999904632568,2533585.095691681,0.1294118095846737,2026-07-01,0.18097452904032374,2026-06-29,0.32926827708147277,2026-07-01,0.18097452904032374,insider,1,4,insider
KLRS,27,3.4000000953674316,3.3399999141693115,300560.0051879883,0.11302211762787229,2026-07-01,0.1572481178113434,2026-06-30,-0.2272727223467237,2026-07-01,0.1572481178113434,NO KNOWN CAUSE,0,,
KLTR,27,1.3899999856948853,1.25,373824.01485443115,0.0692307974459867,2026-07-17,0.1317830087760219,2026-07-15,0.04511273747632516,2026-07-15,0.1317830087760219,NO KNOWN CAUSE,0,,
KMX,27,59.11000061035156,50.209999084472656,172000942.98706055,0.057599122749675935,2026-07-15,0.17176937416894766,2026-07-08,0.12805341391371483,2026-07-08,0.17176937416894766,NO KNOWN CAUSE,0,,
KNSL,27,376.6700134277344,295.04998779296875,110330242.34924316,0.06484453676664259,2026-06-26,0.15670678197944787,2026-07-22,0.276631177805833,2026-07-22,0.15670678197944787,8-K,2,"10-Q,8-K","8-K,periodic report"
KOS,27,2.4800000190734863,2.0299999713897705,34067214.306259155,0.16190484191825694,2026-07-13,0.27441855255754377,2026-07-16,0.008130073421291018,2026-07-13,0.27441855255754377,insider,4,4,insider
KRMN,27,45.59000015258789,44.84000015258789,130058822.08023071,0.10036062339736085,2026-07-01,0.22502230415370672,2026-06-24,-0.04423481292668929,2026-07-01,0.22502230415370672,NO KNOWN CAUSE,0,,
KRO,27,6.190000057220459,5.840000152587891,2042490.041255951,0.09677422488660947,2026-07-13,0.14115644686258189,2026-07-08,-0.08970589947122964,2026-07-08,0.14115644686258189,NO KNOWN CAUSE,-1,NOT COVERED,
KROS,27,9.970000267028809,9.970000267028809,2323776.0162353516,0.05621032643416668,2026-07-07,0.10569849323842284,2026-07-01,-0.09198536587569017,2026-07-01,0.10569849323842284,trial readout,1,8-K,"8-K,trial readout"
KRYS,27,363.2799987792969,327.5,129291351.56555176,0.049613666164519676,2026-07-27,0.10925190466960877,2026-07-23,0.05779927940730345,2026-07-23,0.10925190466960877,8-K,1,8-K,8-K
KSCP,27,1.3799999952316284,1.3799999952316284,1283833.0141544342,0.4545454545454546,2026-07-22,0.30817602518299947,2026-07-15,-0.27368420392192294,2026-07-22,0.4545454545454546,8-K,1,8-K,8-K
KSS,27,19.059999465942383,15.890000343322754,61734452.19211578,0.07872213957286922,2026-06-24,0.11578944433135452,2026-07-15,0.0829544916379561,2026-07-15,0.11578944433135452,passive stake,3,"144,4,SCHEDULE 13G/A","insider,passive stake"
KURA,27,8.930000305175781,8.930000305175781,14361031.524085999,0.08605070765830702,2026-07-07,0.12059371270286268,2026-07-01,-0.13803083000874417,2026-07-01,0.12059371270286268,NO KNOWN CAUSE,0,,
KYTX,27,7.070000171661377,7.070000171661377,9632439.412021637,0.06882594323668578,2026-07-27,0.16232238238703567,2026-07-01,-0.14819276997686248,2026-07-01,0.16232238238703567,NO KNOWN CAUSE,0,,
LAD,27,427.4800109863281,290.29998779296875,86556144.20471191,0.19304516731053023,2026-07-29,0.27980367956012,2026-07-23,0.44834836464965266,2026-07-29,0.27980367956012,NO KNOWN CAUSE,0,,
LASR,27,59.06999969482422,58.68000030517578,66102575.0,0.2731765285604979,2026-07-09,0.21132020657675543,2026-07-07,-0.0940183671831174,2026-07-09,0.2731765285604979,insider,1,144,insider
LAW,27,4.21999979019165,3.4000000953674316,833895.0392723083,0.09943179162757931,2026-07-27,0.19886358325515863,2026-07-23,0.24117637406583747,2026-07-23,0.19886358325515863,8-K,3,"3,4,8-K","8-K,insider"
LAZ,27,40.66999816894531,40.119998931884766,82991645.33729553,0.055717785901361117,2026-07-14,0.10394699114006412,2026-07-08,-0.06827040670701534,2026-07-08,0.10394699114006412,8-K,1,8-K,8-K
LBRX,27,39.0,29.8700008392334,8991599.864959717,0.11619924249760705,2026-07-29,0.13174235891450103,2026-07-16,0.30565781400228853,2026-07-29,0.13174235891450103,offering/dilution,4,"424B3,8-K","8-K,insider,offering/dilution"
LCID,27,7.960000038146973,4.619999885559082,87119710.90679169,0.28787877849592336,2026-07-15,0.584415660818909,2026-07-14,0.5426357119252911,2026-07-15,0.584415660818909,8-K,1,8-K,8-K
LCNB,27,20.299999237060547,17.020000457763672,536724.0280151367,0.10502799487040426,2026-07-16,0.12386365101849695,2026-07-09,0.19271437667915592,2026-07-16,0.12386365101849695,8-K,1,8-K,8-K
LDOS,27,114.37000274658203,100.0,162542647.90344238,0.05598133947948525,2026-07-02,0.12809762367479993,2026-07-21,0.09090048399064221,2026-07-21,0.12809762367479993,NO KNOWN CAUSE,0,,
LENZ,27,5.71999979019165,4.880000114440918,6057864.862680435,0.0851484776431366,2026-07-24,0.14919350109412988,2026-07-20,-0.017182195622028718,2026-07-20,0.14919350109412988,NO KNOWN CAUSE,0,,
LEU,27,159.69000244140625,147.07000732421875,119842377.0904541,0.09495495978944657,2026-07-21,0.16121568147344267,2026-07-16,-0.13060753043866025,2026-07-16,0.16121568147344267,passive stake,2,"4/A,SCHEDULE 13G","insider,passive stake"
LH,27,307.1499938964844,254.42999267578125,199702101.2512207,0.04336420286320264,2026-07-28,0.12466004957304344,2026-07-21,0.2072082802277322,2026-07-21,0.12466004957304344,NO KNOWN CAUSE,0,,
LHSW,27,2.609999895095825,1.4700000286102295,423774.99520778656,2.7777779838185306,2026-07-06,3.625850379855933,2026-06-26,0.24880382884283136,2026-07-06,3.625850379855933,activist stake,3,"4,6-K,SCHEDULE 13D/A","activist stake,insider,periodic report"
LIF,27,55.290000915527344,46.939998626708984,32693024.17602539,0.10171922142076628,2026-07-27,0.20033354942263437,2026-06-22,0.15259536186263456,2026-07-27,0.20033354942263437,passive stake,2,"4,SCHEDULE 13G","insider,passive stake"
LITE,27,602.3499755859375,602.3499755859375,3390391230.9387207,0.11125731390405247,2026-07-09,0.1804087021272036,2026-07-16,-0.3261776867079531,2026-07-09,0.1804087021272036,passive stake,2,"4,SCHEDULE 13G/A","insider,passive stake"
LMND,27,47.380001068115234,47.380001068115234,74677047.8439331,0.10039150786050621,2026-07-06,0.33707095025754064,2026-06-26,-0.17614323681218125,2026-07-06,0.33707095025754064,insider,2,144,insider
LMT,27,569.2000122070312,491.6400146484375,589547102.1118164,0.10543207684952449,2026-07-23,0.146364554135767,2026-07-21,0.15316046428018293,2026-07-23,0.146364554135767,8-K,2,"10-Q,8-K","8-K,periodic report"
LODE,27,2.7200000286102295,2.7200000286102295,4330080.127716064,0.09045229441938796,2026-06-26,0.11111119325360419,2026-07-07,-0.3928571390558262,2026-07-07,0.11111119325360419,insider,7,4,insider
LOPE,27,159.30999755859375,136.72000122070312,50555471.04034424,0.05889000192801319,2026-07-29,0.16522817536714518,2026-07-22,0.12142756790408304,2026-07-22,0.16522817536714518,NO KNOWN CAUSE,0,,
LPTH,27,9.390000343322754,9.390000343322754,35403925.297260284,0.22200774777559595,2026-07-21,0.22230771871713495,2026-06-24,-0.3659689346878642,2026-07-21,0.22230771871713495,proxy/other,29,"POS AM,S-8 POS",proxy/other
LQDA,27,86.81999969482422,71.20999908447266,120972081.1203003,0.07602919486071746,2026-07-22,0.18280859239945224,2026-07-16,0.1500861326225098,2026-07-16,0.18280859239945224,insider,9,4,insider
LRMR,27,3.630000114440918,3.049999952316284,6671859.867095947,0.14404438627588645,2026-07-09,0.31288350378189644,2026-07-02,-0.00819671330225158,2026-07-09,0.31288350378189644,insider,1,4,insider
LRN,27,97.70999908447266,82.31999969482422,51062948.82888794,0.06438715924141736,2026-07-28,0.16017570254384417,2026-07-22,0.186953346048373,2026-07-22,0.16017570254384417,NO KNOWN CAUSE,-1,NOT COVERED,
LSCC,27,112.95999908447266,112.95999908447266,245995725.69580078,0.08179360044721529,2026-07-21,0.10947795086596379,2026-07-16,-0.27249310249096503,2026-07-16,0.10947795086596379,insider,7,4,insider
LSPD,27,11.010000228881836,9.09000015258789,8081864.742279053,0.06589949091151404,2026-06-26,0.1504702800394464,2026-07-23,0.21122112695975348,2026-07-23,0.1504702800394464,NO KNOWN CAUSE,0,,
LTBR,27,7.639999866485596,7.199999809265137,6576656.778717041,0.07919465338162035,2026-07-21,0.11527777023521457,2026-07-16,-0.23216080271966832,2026-07-16,0.11527777023521457,NO KNOWN CAUSE,0,,
LUNG,27,1.25,1.1699999570846558,335601.0065317154,0.13076929425347017,2026-07-01,0.18400001525878906,2026-06-26,-0.015748016714081325,2026-07-01,0.18400001525878906,NO KNOWN CAUSE,0,,
LW,27,53.97999954223633,43.18000030517578,70425939.76593018,0.07119803648506196,2026-07-27,0.15573425458625345,2026-07-21,0.23580584169181118,2026-07-21,0.15573425458625345,8-K,7,"4,8-K","8-K,insider"
LXEO,27,4.309999942779541,4.309999942779541,3751992.0581817627,0.10229650351933706,2026-07-08,0.13483155217680998,2026-07-01,-0.14484127472197272,2026-07-08,0.13483155217680998,insider,8,"144,4",insider
LXP,27,60.66999816894531,53.79999923706055,34918766.998291016,0.03999316731695601,2026-07-20,0.11304189705801493,2026-07-13,0.12685731792348687,2026-07-13,0.11304189705801493,insider,7,4,insider
LXU,27,11.460000038146973,10.640000343322754,7996373.700141907,0.03208069535883151,2026-07-13,0.10298106366306059,2026-07-16,0.03150318562425625,2026-07-16,0.10298106366306059,NO KNOWN CAUSE,0,,
LYB,27,60.4900016784668,52.58000183105469,284975261.97509766,0.03899004483284796,2026-07-29,0.10100053522426711,2026-07-06,0.03366372531259554,2026-07-06,0.10100053522426711,insider,2,4,insider
LYEL,27,12.970000267028809,11.609999656677246,2089854.005241394,0.13319087540170305,2026-07-07,0.2478431252872242,2026-06-29,0.08354218694167326,2026-07-07,0.2478431252872242,insider,1,4,insider
LYFT,27,15.4399995803833,13.819999694824219,168736127.08568573,0.06867550881563944,2026-06-29,0.10128381428356481,2026-07-23,0.08579460551651619,2026-07-23,0.10128381428356481,insider,2,4,insider
MAAS,27,18.360000610351562,12.579999923706055,1300771.992111206,0.2643332014956745,2026-07-16,0.41672574468549595,2026-07-14,0.028571440783344393,2026-07-16,0.41672574468549595,activist stake,2,"6-K,SCHEDULE 13D/A","activist stake,periodic report"
MAGN,27,13.84000015258789,11.75,4309500.074386597,0.0748407284218855,2026-07-15,0.11269841534150093,2026-07-09,0.15141427832880727,2026-07-09,0.11269841534150093,NO KNOWN CAUSE,0,,
MAN,27,55.86000061035156,31.329999923706055,50895502.658081055,0.32368018759472594,2026-07-16,0.3784360780148832,2026-07-09,0.782955657401222,2026-07-16,0.3784360780148832,8-K,1,8-K,8-K
MANH,27,204.02000427246094,127.87000274658203,99084020.95947266,0.21317718079238102,2026-07-29,0.3838432775421001,2026-07-23,0.5843752232917581,2026-07-29,0.3838432775421001,8-K,1,8-K,8-K
MARA,27,10.050000190734863,10.050000190734863,620595771.94767,0.09983359097878086,2026-07-09,0.1337699121896978,2026-07-17,-0.323232327773166,2026-07-17,0.1337699121896978,insider,2,144,insider
MAT,27,15.369999885559082,13.050000190734863,65541360.540390015,0.05699855565814782,2026-07-16,0.11153257050967014,2026-07-09,0.10655144029192187,2026-07-09,0.11153257050967014,NO KNOWN CAUSE,0,,
MATV,27,8.6899995803833,7.21999979019165,3480399.913787842,0.06060606060606055,2026-07-28,0.10700632942110211,2026-07-23,0.10279180890593831,2026-07-23,0.10700632942110211,insider,1,4,insider
MBIN,27,54.279998779296875,46.65999984741211,7626821.852874756,0.112979255071056,2026-07-29,0.1630598009197124,2026-07-23,0.09656563190498746,2026-07-29,0.1630598009197124,8-K,1,8-K,8-K
MEDP,27,584.9299926757812,455.6600036621094,184866521.6064453,0.14712567773501917,2026-07-23,0.17350648818332948,2026-06-22,0.2836983452019872,2026-07-23,0.17350648818332948,8-K,3,"10-Q,144,8-K","8-K,insider,periodic report"
MEOH,27,54.63999938964844,43.81999969482422,41026086.13510132,0.06354729315478935,2026-07-08,0.17606093619725915,2026-07-07,0.03504448649435332,2026-07-07,0.17606093619725915,NO KNOWN CAUSE,0,,
MESO,27,14.130000114440918,13.1899995803833,3490093.0377960205,0.08960573599218202,2026-07-15,0.23243240108448227,2026-07-08,-0.08838708939090856,2026-07-08,0.23243240108448227,periodic report,2,"4,6-K","insider,periodic report"
MF,27,6.829999923706055,4.019999980926514,2706087.9329681396,0.35071092243022894,2026-07-22,0.5829384266474695,2026-07-21,-0.06566347781542825,2026-07-22,0.5829384266474695,periodic report,1,6-K,periodic report
MGPI,27,18.8799991607666,16.25,2795273.863220215,0.06616374505423273,2026-07-16,0.10996989039717331,2026-07-09,0.16184610220102158,2026-07-09,0.10996989039717331,passive stake,2,"4,SCHEDULE 13G/A","insider,passive stake"
MGRT,27,96.98999786376953,72.8499984741211,727559.9868774414,0.12828616832822415,2026-07-23,0.29887001915424993,2026-07-16,0.15560583237348524,2026-07-23,0.29887001915424993,NO KNOWN CAUSE,-1,NOT COVERED,
MH,27,11.199999809265137,9.100000381469727,6788384.71698761,0.09292503586349055,2026-07-01,0.23076915821582,2026-07-22,0.2213740148398795,2026-07-22,0.23076915821582,NO KNOWN CAUSE,0,,
MIND,27,4.769999980926514,4.710000038146973,431799.99351501465,0.06818180026907794,2026-07-09,0.17409769957963417,2026-07-07,-0.06102361169985693,2026-07-07,0.17409769957963417,NO KNOWN CAUSE,0,,
MKTX,27,125.7300033569336,109.08999633789062,58888392.31567383,0.03458507916280906,2026-07-28,0.11314747015484805,2026-07-22,0.07351434774964449,2026-07-22,0.11314747015484805,NO KNOWN CAUSE,0,,
MMM,27,177.9499969482422,154.6999969482422,563347862.878418,0.07321974641313922,2026-07-21,0.1201684057811736,2026-07-20,0.09024626649537537,2026-07-20,0.1201684057811736,8-K,2,"10-Q,8-K","8-K,periodic report"
MMS,27,63.16999816894531,53.7599983215332,36001105.43632507,0.03936593498589036,2026-07-24,0.11101307681727146,2026-07-21,0.168948873033691,2026-07-21,0.11101307681727146,NO KNOWN CAUSE,-1,NOT COVERED,
MMSI,27,80.83999633789062,66.5,48694463.80004883,0.03436476047054482,2026-07-16,0.10573103081665924,2026-07-22,0.21563904267504697,2026-07-22,0.10573103081665924,NO KNOWN CAUSE,0,,
MNDY,27,90.25,67.08999633789062,86228504.67529297,0.08838874092808191,2026-06-26,0.25801509182339233,2026-07-23,0.2826890167298004,2026-07-23,0.25801509182339233,periodic report,2,6-K,periodic report
MNKD,27,3.8499999046325684,3.8399999141693115,16337355.845737457,0.1160493254461723,2026-07-02,0.15012720207308905,2026-06-25,-0.010282827556014063,2026-07-02,0.15012720207308905,NO KNOWN CAUSE,0,,
MNSO,27,13.0,11.300000190734863,7249650.0,0.09453600848497201,2026-07-15,0.13077593418300415,2026-07-09,0.12651646819525064,2026-07-09,0.13077593418300415,periodic report,1,6-K,periodic report
MNTS,27,4.159999847412109,4.159999847412109,6459779.959201813,0.11336719011715823,2026-07-06,0.02453468437736195,2026-07-02,-0.5251141850776972,2026-07-06,0.11336719011715823,NO KNOWN CAUSE,0,,
MOBX,27,1.809999942779541,1.809999942779541,766211.9963645935,0.10497241062266771,2026-07-27,0.09693880281762102,2026-06-24,-0.08816124446570128,2026-07-27,0.10497241062266771,insider,1,4,insider
MOD,27,178.0399932861328,178.0399932861328,329504200.0,0.08429871442629144,2026-07-21,0.10339035420315468,2026-07-16,-0.39765883559709736,2026-07-16,0.10339035420315468,insider,4,"3,DEF 14A,DEFA14A","insider,proxy/other"
MORN,27,198.66000366210938,141.83999633789062,70553297.76306152,0.09031301388416435,2026-06-26,0.19079303171912843,2026-07-22,0.29496120800351866,2026-07-22,0.19079303171912843,NO KNOWN CAUSE,0,,
MOS,27,22.6200008392334,20.649999618530273,168266521.89159393,0.04170656310781884,2026-06-25,0.11573856373597224,2026-07-08,0.028181856328790778,2026-07-08,0.11573856373597224,NO KNOWN CAUSE,0,,
MPB,27,38.439998626708984,33.40999984741211,6000750.160217285,0.04499855896500882,2026-07-23,0.10174833187626264,2026-07-22,0.15055369057975287,2026-07-22,0.10174833187626264,8-K,1,8-K,8-K
MPC,27,308.7200012207031,246.50999450683594,558571832.7209473,0.0538805497954018,2026-07-08,0.13918825965231751,2026-07-07,0.2484128335249347,2026-07-07,0.13918825965231751,NO KNOWN CAUSE,0,,
MPLT,27,15.020000457763672,9.904999732971191,19506492.599487305,0.24280673917030815,2026-07-28,0.5164059427246586,2026-07-27,-0.49580396118971426,2026-07-28,0.5164059427246586,8-K,2,"4,8-K","8-K,insider"
MRAM,27,12.930000305175781,12.930000305175781,22019217.22717285,0.11088013497101845,2026-07-21,0.1311754797761584,2026-07-16,-0.4935370169441735,2026-07-21,0.1311754797761584,8-K,1,8-K,8-K
MRSH,27,197.58999633789062,160.1199951171875,418152253.0517578,0.048442556331244724,2026-07-28,0.12273419041154332,2026-07-22,0.23401200576654935,2026-07-22,0.12273419041154332,8-K,3,"10-Q,144,8-K","8-K,insider,periodic report"
MRVL,27,163.39999389648438,163.39999389648438,5595550466.7907715,0.07251130386476157,2026-06-30,0.11163039793835372,2026-07-16,-0.46923925917202647,2026-07-16,0.11163039793835372,offering/dilution,8,"144,4,424B7,8-K","8-K,insider,offering/dilution"
MTN,27,160.00999450683594,133.33999633789062,95683599.77111816,0.05934720207852129,2026-07-28,0.11071773718276523,2026-07-23,0.12945575333473003,2026-07-23,0.11071773718276523,NO KNOWN CAUSE,0,,
MTW,27,13.65999984741211,12.270000457763672,2869776.0827064514,0.07349664079379692,2026-06-25,0.13838940289623203,2026-07-20,0.030943384710347965,2026-07-20,0.13838940289623203,NO KNOWN CAUSE,0,,
MUR,27,38.689998626708984,31.510000228881836,54983928.87535095,0.05594976176882027,2026-07-29,0.11893761560272886,2026-07-15,0.12405580142116879,2026-07-15,0.11893761560272886,NO KNOWN CAUSE,0,,
MX,27,3.009999990463257,3.009999990463257,4556944.082665443,0.14945650607037653,2026-07-09,0.03693185089356166,2026-07-16,-0.4774305779762833,2026-07-09,0.14945650607037653,insider,3,"3,4,S-8","insider,proxy/other"
MXCT,27,1.0099999904632568,1.0099999904632568,1156193.9575910568,0.06722682341118058,2026-06-25,0.10937499126885064,2026-07-08,-0.14406776664517873,2026-07-08,0.10937499126885064,NO KNOWN CAUSE,0,,
NAKA,27,4.28000020980835,3.369999885559082,908105.0109624863,0.18100894784250277,2026-07-14,0.3738873209702802,2026-07-13,0.046454779983379435,2026-07-14,0.3738873209702802,NO KNOWN CAUSE,0,,
NAMM,27,1.3200000524520874,1.3200000524520874,416826.0032057762,0.14285717934978304,2026-07-21,0.18439716072211065,2026-07-16,-0.2747252668077397,2026-07-21,0.18439716072211065,offering/dilution,4,"424B3,6-K","insider,offering/dilution,periodic report"
NB,27,3.859999895095825,3.859999895095825,11421472.406768799,0.12790690453520903,2026-07-14,0.0923423067856397,2026-07-07,-0.25769230063850335,2026-07-14,0.12790690453520903,8-K,6,"4,8-K","8-K,insider"
NBTX,27,37.849998474121094,34.349998474121094,4116890.0791168213,0.10327452208184473,2026-07-21,0.14934501589512794,2026-06-24,0.07436840664002053,2026-07-21,0.14934501589512794,NO KNOWN CAUSE,0,,
NCLH,27,20.75,18.469999313354492,285056989.02282715,0.06984304079505987,2026-07-09,0.10903265715391353,2026-07-23,0.03542909441299158,2026-07-23,0.10903265715391353,NO KNOWN CAUSE,0,,
NCT,27,3.4700000286102295,2.8499999046325684,1358878.049325943,0.1143791338548934,2026-07-24,0.21180551071410014,2026-07-21,0.19655169465454048,2026-07-24,0.21180551071410014,NO KNOWN CAUSE,0,,
NCTY,27,4.360000133514404,3.2100000381469727,264215.997505188,0.41433018937713784,2026-07-27,0.35825547716544226,2026-07-24,-0.1383398848183811,2026-07-27,0.41433018937713784,offering/dilution,3,"6-K,EFFECT,F-3/A","offering/dilution,periodic report"
NDLS,27,15.9399995803833,10.869999885559082,468456.00299835205,0.24372463014040102,2026-07-24,0.38253826564663274,2026-07-17,0.16011643711156331,2026-07-24,0.38253826564663274,8-K,2,"10-Q,8-K","8-K,periodic report"
NE,27,41.0099983215332,37.08000183105469,61689999.04632568,0.0492610855952329,2026-07-21,0.1170810234156745,2026-07-06,-0.03164109092959533,2026-07-06,0.1170810234156745,NO KNOWN CAUSE,0,,
NEGG,27,13.0,12.920000076293945,957600.0213623047,0.14546781628106054,2026-07-22,0.14463115826152628,2026-07-15,-0.26387315332253436,2026-07-22,0.14546781628106054,NO KNOWN CAUSE,0,,
NEO,27,15.270000457763672,11.199999809265137,35392725.0,0.13955230540808783,2026-07-29,0.2723214502389337,2026-06-22,0.36339292123305666,2026-07-29,0.2723214502389337,8-K,3,"10-Q,8-K,8-K/A","8-K,periodic report"
NEWP,27,4.369999885559082,3.759999990463257,2035098.0174064636,0.07834093635872219,2026-07-22,0.2061854871911466,2026-07-15,0.028235267190372282,2026-07-15,0.2061854871911466,periodic report,2,"6-K,SCHEDULE 13G/A","passive stake,periodic report"
NEXA,27,12.15999984741211,12.020000457763672,7559985.957527161,0.10029720487694593,2026-07-10,0.13573623182067474,2026-07-02,-0.12831541120625445,2026-07-10,0.13573623182067474,NO KNOWN CAUSE,0,,
NEXN,27,10.5600004196167,8.470000267028809,4207104.016113281,0.06651878019351765,2026-07-09,0.13414623315580765,2026-07-08,0.24675325698909822,2026-07-08,0.13414623315580765,insider,4,"144,4",insider
NG,27,5.789999961853027,5.179999828338623,23648363.168907166,0.1030195225428785,2026-07-22,0.1447876495858007,2026-07-17,-0.2341269833761067,2026-07-22,0.1447876495858007,activist stake,14,"8-K,DEFA14A,SCHEDULE 13D/A","8-K,activist stake,proxy/other"
NGNE,27,33.65999984741211,30.06999969482422,7495312.316131592,0.13022105911972126,2026-07-07,0.26446277455714107,2026-07-01,0.04372092550115059,2026-07-07,0.26446277455714107,offering/dilution,5,"4,424B5,8-K","8-K,insider,offering/dilution"
NGVC,27,32.97999954223633,29.350000381469727,3507520.10345459,0.06347101384943188,2026-06-23,0.12367969722611716,2026-07-23,0.09024791875161409,2026-07-23,0.12367969722611716,NO KNOWN CAUSE,0,,
NICE,27,105.0199966430664,84.06999969482422,46638437.51296997,0.06736134493189705,2026-07-28,0.20962908330126595,2026-07-23,0.24919706226110505,2026-07-23,0.20962908330126595,NO KNOWN CAUSE,0,,
NIQ,27,11.970000267028809,7.96999979019165,13939525.0,0.1201629676014877,2026-07-07,0.267281061435082,2026-06-29,0.4925186513476296,2026-07-07,0.267281061435082,NO KNOWN CAUSE,0,,
NKLR,27,4.889999866485596,4.5,1265922.0420837402,0.11982564174591781,2026-07-20,0.1410526476408307,2026-07-16,-0.0020408629973885928,2026-07-20,0.1410526476408307,NO KNOWN CAUSE,0,,
NKSH,27,39.79999923706055,35.54999923706055,915860.0193023682,0.04639740150813809,2026-07-27,0.1092530114897019,2026-07-23,0.11422166508753295,2026-07-23,0.1092530114897019,8-K,1,8-K,8-K
NKTX,27,2.130000114440918,2.130000114440918,1786094.9402332306,0.129824609248667,2026-07-02,0.2968198499058121,2026-06-30,-0.23655908832835926,2026-07-02,0.2968198499058121,NO KNOWN CAUSE,0,,
NKTR,27,70.68000030517578,62.029998779296875,58364298.751831055,0.10327693102832969,2026-07-02,0.14925372776522994,2026-06-26,0.07579914137373245,2026-07-02,0.14925372776522994,insider,2,"144,4",insider
NMAD,27,4.019999980926514,4.019999980926514,2054087.951374054,0.13606556339053744,2026-07-08,0.11644835575856183,2026-06-24,-0.4625668488401351,2026-07-08,0.13606556339053744,8-K,8,"3,4,8-K","8-K,insider"
NMM,27,78.01000213623047,68.97000122070312,6885955.814361572,0.04289975394530621,2026-07-23,0.10830874919518285,2026-07-17,0.08588538575809457,2026-07-17,0.10830874919518285,insider,2,4,insider
NMRA,27,1.649999976158142,1.4600000381469727,1425120.0212359428,0.11409393019904113,2026-07-27,0.12418304625710097,2026-06-22,0.07843137713222958,2026-07-27,0.12418304625710097,8-K,1,8-K,8-K
NNVC,27,1.5399999618530273,1.2999999523162842,565440.0084257126,0.12781951248062962,2026-07-06,0.20408159624317213,2026-07-07,0.16666659140827988,2026-07-06,0.20408159624317213,offering/dilution,2,"424B3,EFFECT","insider,offering/dilution"
NOG,27,21.040000915527344,17.3700008392334,63609417.70362854,0.09935205761922927,2026-07-13,0.17213584494277567,2026-07-06,0.08959096309848258,2026-07-06,0.17213584494277567,insider,6,4,insider
NOW,27,115.76000213623047,89.5199966430664,2151281307.295227,0.09852546945450924,2026-06-26,0.2590819998074809,2026-07-23,0.24459734950525425,2026-07-23,0.2590819998074809,8-K,4,"10-Q,8-K,S-8","8-K,periodic report,proxy/other"
NRGV,27,2.509999990463257,2.509999990463257,16888092.09256172,0.15231789438814758,2026-07-21,0.13740450744572708,2026-06-24,-0.43212670879231607,2026-07-21,0.15231789438814758,offering/dilution,2,"8-K,S-3","8-K,offering/dilution"
NRT,27,8.770000457763672,6.829999923706055,255090.00062942505,0.0725034492417278,2026-07-13,0.15006472462962606,2026-07-17,0.24751069644744117,2026-07-17,0.15006472462962606,NO KNOWN CAUSE,0,,
NRXP,27,3.2300000190734863,3.2300000190734863,3183195.103406906,0.07238605349754934,2026-06-29,0.13775508962835414,2026-07-08,-0.17179488715648927,2026-07-08,0.13775508962835414,NO KNOWN CAUSE,0,,
NSYS,27,14.329999923706055,13.5,253640.99864959717,0.05973447204106197,2026-07-08,0.11333331355342158,2026-07-20,-0.18486917031310568,2026-07-20,0.11333331355342158,NO KNOWN CAUSE,-1,NOT COVERED,
NTGR,27,22.790000915527344,21.450000762939453,7379470.100402832,0.0427272970026189,2026-07-09,0.11680779742478165,2026-07-16,-0.02979986642875554,2026-07-16,0.11680779742478165,NO KNOWN CAUSE,0,,
NTNX,27,59.56999969482422,46.61000061035156,168163714.7972107,0.0592245989630753,2026-06-26,0.1318639271492137,2026-07-23,0.27805189690545484,2026-07-23,0.1318639271492137,NO KNOWN CAUSE,0,,
NUAI,27,4.065000057220459,3.984999895095825,38589557.91544914,0.263803763538373,2026-07-20,0.420673092353274,2026-07-14,-0.39146704166436164,2026-07-20,0.420673092353274,passive stake,1,SCHEDULE 13G,passive stake
NUE,27,256.0199890136719,219.02000427246094,353519001.91192627,0.07165333036029287,2026-07-28,0.13902229242370368,2026-07-21,0.045278229165550465,2026-07-21,0.13902229242370368,NO KNOWN CAUSE,0,,
NUVB,27,6.590000152587891,5.420000076293945,40506480.545043945,0.07931034879650412,2026-07-20,0.1507092065167408,2026-07-16,0.1440972032508372,2026-07-16,0.1507092065167408,insider,1,4,insider
NUWE,27,1.8899999856948853,1.8899999856948853,362367.99545288086,0.15000002980232297,2026-07-14,0.0871080174107044,2026-07-08,-0.5846154051721844,2026-07-14,0.15000002980232297,proxy/other,1,DEF 14A,proxy/other
NVA,27,4.380000114440918,4.28000020980835,1518727.9747009277,0.09297059828468379,2026-07-13,0.13317749226225906,2026-07-20,-0.2329246786025715,2026-07-20,0.13317749226225906,8-K,2,"4,8-K","8-K,insider"
NVCR,27,15.199999809265137,13.609999656677246,21396344.461250305,0.2838792654416842,2026-07-23,0.21741776359540554,2026-07-16,0.11682587749425966,2026-07-23,0.2838792654416842,8-K,3,"10-Q,144,8-K","8-K,insider,periodic report"
NVEC,27,112.26000213623047,84.69000244140625,24220690.837097168,0.5483387891249618,2026-07-23,0.544418922408181,2026-07-16,0.014092188175196307,2026-07-23,0.5483387891249618,8-K,2,"10-Q,8-K","8-K,periodic report"
NVTS,27,9.734999656677246,9.734999656677246,223061330.80062866,0.11135180690293267,2026-07-21,0.023394267618290998,2026-07-16,-0.5892405340382851,2026-07-21,0.11135180690293267,passive stake,1,SCHEDULE 13G,passive stake
NVVE,27,1.1799999475479126,1.1799999475479126,1065840.0423526764,0.6358380881531325,2026-07-08,2.202454043964387,2026-07-06,-0.8126984266947662,2026-07-08,2.202454043964387,8-K,2,8-K,8-K
NWFL,27,33.619998931884766,30.350000381469727,1099680.0132751465,0.06062597107453982,2026-07-23,0.1077429492360582,2026-07-22,0.09085007348428897,2026-07-22,0.1077429492360582,8-K,1,8-K,8-K
NXTC,27,5.019999980926514,1.600000023841858,306250.0,2.018348496426401,2026-07-14,2.724719225284264,2026-07-08,1.8685714176722934,2026-07-14,2.724719225284264,merger/tender,2,"425,8-K","8-K,insider,merger/tender"
OBE,27,9.819999694824219,7.869999885559082,6725326.890945435,0.08680952285211196,2026-07-17,0.20969556715614424,2026-07-16,0.0685527903380645,2026-07-16,0.20969556715614424,periodic report,2,6-K,periodic report
OCC,27,12.800000190734863,12.800000190734863,3887528.9638519287,0.12680678828123515,2026-07-21,0.08758623846646008,2026-07-16,-0.4244604171553319,2026-07-21,0.12680678828123515,NO KNOWN CAUSE,0,,
OCUL,27,8.359999656677246,8.359999656677246,20422709.2130661,0.06935818704732544,2026-07-07,0.11298834896019794,2026-07-01,-0.16148451025381605,2026-07-01,0.11298834896019794,NO KNOWN CAUSE,0,,
OEC,27,7.150000095367432,5.340000152587891,3788167.9094314575,0.06554305142911843,2026-07-10,0.24906364900785727,2026-07-09,-0.0027893975890794787,2026-07-09,0.24906364900785727,NO KNOWN CAUSE,0,,
OFIX,27,12.170000076293945,8.949999809265137,3386739.891433716,0.16398392185626864,2026-07-06,0.2625820052932053,2026-06-30,0.3597765738157257,2026-07-06,0.2625820052932053,8-K,1,8-K,8-K
OI,27,7.699999809265137,7.699999809265137,22779540.382385254,0.11124266926336945,2026-07-15,0.059405935400264065,2026-06-23,-0.1557017647053287,2026-07-15,0.11124266926336945,8-K,1,8-K,8-K
OII,27,46.58000183105469,36.189998626708984,40881541.39709473,0.09808411161127273,2026-07-24,0.2471618037996839,2026-07-17,0.28709598227720456,2026-07-17,0.2471618037996839,NO KNOWN CAUSE,0,,
OIS,27,7.75,7.670000076293945,5008216.045379639,0.06896551304146592,2026-07-08,0.10143045565727604,2026-07-06,-0.018987353614766667,2026-07-06,0.10143045565727604,insider,1,4,insider
OLN,27,22.190000534057617,19.59000015258789,65953647.01309204,0.050126570689527306,2026-07-07,0.1088746154764324,2026-07-15,0.030176396977853237,2026-07-15,0.1088746154764324,merger/tender,6,"424B3,425,EFFECT,S-4/A,SCHEDULE 13G","insider,merger/tender,offering/dilution,passive stake"
OM,27,4.659999847412109,4.039999961853027,737295.9938049316,0.1805554865687009,2026-07-01,0.15346531965676213,2026-07-24,-0.045082020874914086,2026-07-01,0.1805554865687009,insider,3,4,insider
OMER,27,11.670000076293945,8.670000076293945,12769945.905685425,0.15832484134570746,2026-07-27,0.19261823086486052,2026-06-26,0.1297192800081981,2026-07-27,0.19261823086486052,8-K,4,"4,8-K","8-K,insider"
ONDS,27,6.800000190734863,6.525000095367432,643551076.7478943,0.11499271834248903,2026-07-21,0.19540231061033175,2026-07-17,-0.23509562113320748,2026-07-21,0.19540231061033175,NO KNOWN CAUSE,0,,
OOMA,27,21.8799991607666,17.299999237060547,6036448.190307617,0.0654474811387733,2026-07-28,0.13016521027729855,2026-07-23,0.2647398916581829,2026-07-23,0.13016521027729855,insider,2,"144,4",insider
OPAD,27,3.9200000762939453,3.9200000762939453,255192.00496673584,0.11018715511711208,2026-07-15,0.23799130365615428,2026-06-26,-0.1441047725778234,2026-07-15,0.23799130365615428,NO KNOWN CAUSE,0,,
OPAL,27,2.059999942779541,1.7799999713897705,520827.97861099243,0.10294119709503313,2026-07-14,0.2977527977014305,2026-06-22,0.15730335724171662,2026-07-14,0.2977527977014305,NO KNOWN CAUSE,0,,
OPCH,27,23.93000030517578,20.969999313354492,48247774.420166016,0.06450181461147864,2026-07-29,0.13519925957232504,2026-07-23,0.1234742329727041,2026-07-23,0.13519925957232504,NO KNOWN CAUSE,0,,
OPEN,27,3.6700000762939453,3.6700000762939453,367590846.1959839,0.10647186491511795,2026-07-09,0.16475979082015346,2026-06-26,-0.14252338869434755,2026-07-09,0.16475979082015346,NO KNOWN CAUSE,0,,
OPK,27,1.3700000047683716,1.1699999570846558,3533088.0226135254,0.3306451318291299,2026-07-28,0.3636363009417731,2026-07-21,-0.041958003482745365,2026-07-28,0.3636363009417731,8-K,4,"10-Q,4,8-K","8-K,insider,periodic report"
OPRT,27,5.699999809265137,5.300000190734863,2466097.991847992,0.13756608862005848,2026-07-16,0.14564825544513305,2026-07-09,0.05555550159250355,2026-07-16,0.14564825544513305,passive stake,1,SCHEDULE 13G/A,passive stake
ORGO,27,2.5199999809265137,2.2699999809265137,1455570.039987564,0.07228918315975852,2026-07-16,0.1585903685195047,2026-07-13,0.03703700069828186,2026-07-13,0.1585903685195047,NO KNOWN CAUSE,0,,
ORIC,27,11.279999732971191,8.90999984741211,16152584.552001953,0.11111111111111116,2026-07-24,0.23044400596036363,2026-06-25,0.2631578216669672,2026-07-24,0.23044400596036363,NO KNOWN CAUSE,0,,
ORKA,27,88.06999969482422,82.08999633789062,88003881.59103394,0.11632943071064639,2026-07-17,0.14112705548829263,2026-06-23,0.031506237150863425,2026-07-17,0.14112705548829263,insider,4,"144,4",insider
OSS,27,10.869999885559082,10.869999885559082,15745178.722572327,0.12621362968840688,2026-07-21,0.11359403192884909,2026-06-24,-0.4024189353262033,2026-07-21,0.12621362968840688,NO KNOWN CAUSE,0,,
OTEX,27,25.8799991607666,20.010000228881836,31339009.245300293,0.05747124464648423,2026-06-23,0.20260216590422941,2026-07-23,0.2933532666037746,2026-07-23,0.20260216590422941,8-K,1,8-K,8-K
OTLY,27,15.260000228881836,8.289999961853027,632074.9750137329,0.19116016638402433,2026-07-22,0.6751380693817546,2026-07-21,0.8363416917355231,2026-07-22,0.6751380693817546,periodic report,2,6-K,periodic report
OWLT,27,5.050000190734863,5.050000190734863,850093.9661026001,0.07454542680220166,2026-07-09,0.13321491736319047,2026-07-07,-0.00590545933498865,2026-07-07,0.13321491736319047,8-K,4,"8-K,ARS,DEF 14A,DEFA14A","8-K,proxy/other"
OXM,27,38.90999984741211,34.560001373291016,15852228.13949585,0.06971905309366111,2026-07-16,0.12372271901430154,2026-07-13,0.027191096891595823,2026-07-13,0.12372271901430154,passive stake,1,SCHEDULE 13G/A,passive stake
OXSQ,27,1.4299999475479126,1.190000057220459,2044922.9515910149,0.07563017633757818,2026-06-23,0.1212120911087664,2026-07-01,0.20168057040941068,2026-07-01,0.1212120911087664,NO KNOWN CAUSE,0,,
OXY,27,56.029998779296875,47.939998626708984,465075833.5838318,0.05879940280958973,2026-07-07,0.12292562653528671,2026-07-06,0.07749997652494,2026-07-06,0.12292562653528671,NO KNOWN CAUSE,1,11-K,
PACK,27,5.840000152587891,5.840000152587891,2832567.9920196533,0.05817175740981528,2026-06-24,0.12944987264666774,2026-07-08,-0.19669873893952594,2026-07-08,0.12944987264666774,insider,3,4,insider
PAG,27,223.44000244140625,175.0,57676170.36437988,0.09928789712798003,2026-07-22,0.1271581113529643,2026-07-21,0.2768000139508928,2026-07-21,0.1271581113529643,activist stake,3,"8-K,SCHEDULE 13D/A","8-K,activist stake"
PAL,27,6.769999980926514,6.360000133514404,1517368.9543247223,0.045761414866358985,2026-07-10,0.14928730551446967,2026-07-09,-0.09370814309583497,2026-07-09,0.14928730551446967,NO KNOWN CAUSE,0,,
PARR,27,83.06999969482422,50.70000076293945,66119897.91870117,0.11568501002708031,2026-07-08,0.22271750099788878,2026-06-30,0.6272282259804276,2026-07-08,0.22271750099788878,insider,11,4,insider
PASG,27,4.519999980926514,4.329999923706055,267581.99577331543,0.10585580723750732,2026-07-15,0.10585580723750732,2026-07-14,-0.20979018414001205,2026-07-15,0.10585580723750732,NO KNOWN CAUSE,0,,
PAVS,27,4.809999942779541,3.880000114440918,582971.9930648804,0.5231957920350991,2026-07-23,0.3104211856941248,2026-07-16,-0.7012422466576085,2026-07-23,0.5231957920350991,NO KNOWN CAUSE,0,,
PAYC,27,168.9199981689453,123.66999816894531,111951422.90039062,0.06886978161778856,2026-07-28,0.2178803308263959,2026-07-23,0.36589310802919295,2026-07-23,0.2178803308263959,NO KNOWN CAUSE,0,,
PAYX,27,122.12999725341797,95.93000030517578,372008874.823761,0.04454385408172201,2026-07-01,0.10365076099519399,2026-07-23,0.2731157809329081,2026-07-23,0.10365076099519399,8-K,17,"10-K,144,4,8-K","8-K,insider,periodic report"
PCOR,27,50.15999984741211,38.29999923706055,136352246.8345642,0.09425589248728716,2026-06-26,0.22103207428519012,2026-07-23,0.2864836544778664,2026-07-23,0.22103207428519012,NO KNOWN CAUSE,0,,
PCTY,27,144.7899932861328,99.51000213623047,77162824.269104,0.06545781172371079,2026-07-28,0.20058039069712352,2026-07-23,0.4550295465566714,2026-07-23,0.20058039069712352,NO KNOWN CAUSE,0,,
PD,27,10.760000228881836,8.239999771118164,16449643.218135834,0.0748899020803333,2026-07-27,0.24681345147107292,2026-07-23,0.3058253067671759,2026-07-23,0.24681345147107292,insider,2,"144,4",insider
PDC,27,3.569999933242798,3.1700000762939453,276777.00963020325,0.26479747493188355,2026-07-14,0.20171675708154369,2026-06-25,-0.39026474438718683,2026-07-14,0.26479747493188355,periodic report,2,6-K,periodic report
PDFS,27,41.16999816894531,41.16999816894531,32280148.483276367,0.11538460037652176,2026-07-21,0.1693095448462585,2026-06-23,-0.36612778901663146,2026-07-21,0.1693095448462585,NO KNOWN CAUSE,0,,
PDS,27,73.12000274658203,73.12000274658203,6404044.296264648,0.038461589595913726,2026-07-13,0.10298785005798705,2026-07-06,-0.1299381014990889,2026-07-06,0.10298785005798705,periodic report,1,6-K,periodic report
PEGA,27,30.950000762939453,25.989999771118164,79497498.74038696,0.07172706903001691,2026-06-26,0.19084267162376722,2026-07-22,0.053437768788958895,2026-07-22,0.19084267162376722,8-K,2,"10-Q,8-K","8-K,periodic report"
PENG,27,43.70000076293945,43.70000076293945,243421204.83398438,0.25131561738664954,2026-07-08,0.27460544848228796,2026-07-02,-0.35678541076550874,2026-07-08,0.27460544848228796,8-K,3,"10-Q,8-K,8-K/A","8-K,periodic report"
PEPG,27,1.7100000381469727,1.7000000476837158,1418163.9614582062,0.15577886497181814,2026-07-09,0.3295454129822981,2026-07-02,-0.06557377155969979,2026-07-09,0.3295454129822981,NO KNOWN CAUSE,0,,
PESI,27,15.869999885559082,10.979999542236328,6252480.285644531,0.1359791291135426,2026-07-17,0.3934426984155108,2026-06-24,0.4440400560576543,2026-07-17,0.3934426984155108,insider,1,4,insider
PEW,27,2.4700000286102295,2.2799999713897705,1070345.982170105,0.21276596608125264,2026-07-06,0.3390557887214296,2026-06-29,0.029166637692187747,2026-07-06,0.3390557887214296,8-K,1,8-K,8-K
PGEN,27,5.449999809265137,4.949999809265137,20795565.7889843,0.08284015487896101,2026-07-21,0.11919195461049537,2026-07-16,0.013011095415467855,2026-07-16,0.11919195461049537,NO KNOWN CAUSE,0,,
PHAT,27,11.640000343322754,10.34000015258789,9939475.17156601,0.06312292088133087,2026-07-02,0.15424774784398076,2026-07-01,0.0888681758868124,2026-07-01,0.15424774784398076,NO KNOWN CAUSE,0,,
PHOE,27,21.010000228881836,16.149999618530273,494000.0,0.26545453312421086,2026-07-17,0.7632849591652338,2026-07-13,0.30092883747039023,2026-07-17,0.7632849591652338,NO KNOWN CAUSE,-1,NOT COVERED,
PII,27,67.27999877929688,63.119998931884766,51712799.68185425,0.059111079463252336,2026-07-15,0.12076555866799099,2026-07-09,-0.02152419009530193,2026-07-09,0.12076555866799099,insider,6,4,insider
PKG,27,249.42999267578125,224.4600067138672,131700778.3126831,0.08760156489030169,2026-07-24,0.10967967241979815,2026-07-21,0.06580350372521004,2026-07-21,0.10967967241979815,8-K,1,8-K,8-K
PLAY,27,10.25,9.539999961853027,15236099.49016571,0.07861635251561583,2026-07-15,0.11740040776074978,2026-07-14,-0.05963299461270233,2026-07-14,0.11740040776074978,NO KNOWN CAUSE,0,,
PLBY,27,1.1799999475479126,1.1100000143051147,919179.0142536163,0.08108111010696084,2026-07-16,0.14414411221567636,2026-07-15,-0.20270274841846325,2026-07-15,0.14414411221567636,insider,3,"144,4",insider
PLCE,27,2.4200000762939453,2.380000114440918,685906.0021877289,0.1034482560174792,2026-07-06,0.13074209680300064,2026-06-26,-0.20655733963008538,2026-07-06,0.13074209680300064,8-K,1,8-K,8-K
PLSE,27,34.25,25.459999084472656,7541760.112380981,0.08468413536408659,2026-07-27,0.2446808017241504,2026-07-15,0.33216651962796084,2026-07-15,0.2446808017241504,NO KNOWN CAUSE,0,,
PLUS,27,93.11000061035156,79.11000061035156,19540170.150756836,0.03928170662109021,2026-07-28,0.1090076415721386,2026-07-02,0.17696877628601726,2026-07-02,0.1090076415721386,insider,5,4,insider
PMN,27,14.0600004196167,10.239999771118164,1126059.9823951721,0.23890786066037384,2026-07-28,0.3134765732320377,2026-06-24,0.31647940242126116,2026-07-28,0.3134765732320377,8-K,1,8-K,8-K
PMVP,27,1.0700000524520874,1.0700000524520874,282619.9896335602,0.10937499126885064,2026-07-14,0.14516124690608634,2026-07-07,-0.061403450983492314,2026-07-14,0.14516124690608634,passive stake,1,SCHEDULE 13G/A,passive stake
POET,27,6.369999885559082,6.369999885559082,107868133.051157,0.12048194386151923,2026-07-21,0.06529624328449568,2026-07-07,-0.4731182956854165,2026-07-21,0.12048194386151923,NO KNOWN CAUSE,0,,
PONY,27,7.659999847412109,6.579999923706055,23476760.418462753,0.07174235042881838,2026-07-23,0.12152268418411416,2026-07-22,-0.025445328588419525,2026-07-22,0.12152268418411416,periodic report,1,6-K,periodic report
PRDO,27,34.54999923706055,29.40999984741211,21856164.193725586,0.052070617433840116,2026-07-29,0.17477046638273697,2026-07-22,0.053353659777610085,2026-07-22,0.17477046638273697,NO KNOWN CAUSE,0,,
PRE,27,18.020000457763672,16.579999923706055,2466089.967727661,0.13887364029721683,2026-07-20,0.2650386309077253,2026-07-07,-0.09719432443351939,2026-07-20,0.2650386309077253,periodic report,1,6-K,periodic report
PRGS,27,42.709999084472656,27.65999984741211,25649755.111312866,0.1661702713546922,2026-07-01,0.3070761363176253,2026-06-24,0.5441069891570747,2026-07-01,0.3070761363176253,8-K,4,"10-Q,144,8-K,S-8","8-K,insider,periodic report,proxy/other"
PRK,27,212.55999755859375,176.5500030517578,16290275.0,0.09305516001702596,2026-07-28,0.14940791638516604,2026-07-23,0.20396484782998936,2026-07-23,0.14940791638516604,NO KNOWN CAUSE,0,,
PRLD,27,4.710000038146973,3.8299999237060547,1446911.9676589966,0.1928019900657294,2026-07-28,0.22976504751190596,2026-07-24,0.09027774328435045,2026-07-28,0.22976504751190596,NO KNOWN CAUSE,0,,
PRME,27,3.0299999713897705,2.950000047683716,11797695.599365234,0.15789470539261585,2026-07-08,0.2520324698962628,2026-06-30,-0.10089018567218899,2026-07-08,0.2520324698962628,8-K,1,8-K,8-K
PSX,27,206.80999755859375,168.41000366210938,488872239.44244385,0.05271816013805819,2026-07-13,0.12642586151496804,2026-07-07,0.22801492228174558,2026-07-07,0.12642586151496804,NO KNOWN CAUSE,0,,
PTC,27,132.4600067138672,112.33000183105469,190082408.98132324,0.056446191620759034,2026-07-27,0.17169396849306473,2026-07-23,0.15182614533797545,2026-07-23,0.17169396849306473,NO KNOWN CAUSE,-1,NOT COVERED,
PTCT,27,74.48999786376953,74.48999786376953,117647530.59463501,0.04400742508656297,2026-07-07,0.10079907475653238,2026-07-01,-0.07991602388671482,2026-07-01,0.10079907475653238,insider,6,"144,4",insider
PTEN,27,9.329999923706055,8.5600004196167,87655738.3608818,0.06892513668124245,2026-07-07,0.13084110171214602,2026-07-06,-0.08529410802231785,2026-07-06,0.13084110171214602,NO KNOWN CAUSE,0,,
PTHS,27,25.739999771118164,24.329999923706055,900360.013961792,0.13821136446369198,2026-07-08,0.07891492323529281,2026-07-06,-0.12090166777700673,2026-07-08,0.13821136446369198,insider,3,4,insider
PUMP,27,10.210000038146973,10.210000038146973,56209932.59811401,0.05865527005356119,2026-06-25,0.11788616152684028,2026-07-07,-0.32114361276307923,2026-07-07,0.11788616152684028,NO KNOWN CAUSE,0,,
PVH,27,88.33999633789062,72.01000213623047,73944887.92877197,0.043775606053418015,2026-07-27,0.13547548679555832,2026-07-23,0.13299980703904346,2026-07-23,0.13547548679555832,NO KNOWN CAUSE,0,,
PVLA,27,142.60000610351562,118.68000030517578,31108922.819519043,0.15940395225369475,2026-07-21,0.3029283163022267,2026-06-22,0.1999327709340346,2026-07-21,0.3029283163022267,8-K,3,"144,4,8-K","8-K,insider"
PYPD,27,4.079999923706055,3.740000009536743,1279631.930923462,0.11155377388590848,2026-07-06,0.17473682604337992,2026-06-26,-0.20467839518738395,2026-07-06,0.17473682604337992,NO KNOWN CAUSE,0,,
PYPL,27,58.349998474121094,41.70000076293945,672292156.048584,0.1720498566529023,2026-07-15,0.2517652233946328,2026-07-09,0.3781293874311582,2026-07-15,0.2517652233946328,insider,3,4,insider
PYXS,27,2.9200000762939453,2.0999999046325684,2277777.0650863647,0.2479674331856172,2026-07-07,0.4333333938840864,2026-06-23,0.3708919809426332,2026-07-07,0.4333333938840864,8-K,4,"144,4,8-K,SCHEDULE 13G/A","8-K,insider,passive stake"
QBTS,27,16.18000030517578,16.18000030517578,349677461.4784241,0.20357812034488076,2026-07-27,0.16686609031729627,2026-07-20,-0.3387821512383308,2026-07-27,0.20357812034488076,8-K,7,"144,25,4,8-A12B,8-K,CERT","8-K,insider,proxy/other"
QGEN,27,41.810001373291016,36.279998779296875,96995366.2147522,0.10500004417017883,2026-07-09,0.09674758143138207,2026-06-22,0.15242565545922315,2026-07-09,0.10500004417017883,NO KNOWN CAUSE,0,,
QMCO,27,10.449999809265137,9.600000381469727,8539609.238433838,0.10729163458777924,2026-07-17,0.20312497206032387,2026-07-16,-0.25569801726082597,2026-07-17,0.20312497206032387,offering/dilution,1,S-1,offering/dilution
QNCX,27,22.0,16.75,506257.9917907715,0.13577692549396336,2026-07-29,0.23249297085945342,2026-07-27,0.18534486169409758,2026-07-29,0.23249297085945342,NO KNOWN CAUSE,0,,
QTTB,27,14.640000343322754,11.15999984741211,6875777.876472473,0.9072256099921248,2026-07-13,0.6618732639828375,2026-07-06,0.15731231500413956,2026-07-13,0.9072256099921248,offering/dilution,6,"424B5,8-K,EFFECT,SCHEDULE 13G,SCHEDULE 13G/A","8-K,insider,offering/dilution,passive stake"
QUIK,27,11.899999618530273,11.899999618530273,5524691.844177246,0.11435329450846066,2026-07-21,0.024558760940631696,2026-07-16,-0.45761169877558483,2026-07-21,0.11435329450846066,NO KNOWN CAUSE,-1,NOT COVERED,
QXL,27,4.210000038146973,4.210000038146973,352716.0040855408,0.11064722631089907,2026-07-23,0.10602915487502562,2026-07-16,-0.3854014457285171,2026-07-23,0.11064722631089907,NO KNOWN CAUSE,0,,
RAIL,27,8.010000228881836,7.460000038146973,1784857.004404068,0.06471815140883974,2026-06-26,0.14209120833731226,2026-07-20,-0.12934778315809048,2026-07-20,0.14209120833731226,NO KNOWN CAUSE,0,,
RBBN,27,2.190000057220459,2.009999990463257,1519614.0744924545,0.0758294283343659,2026-07-21,0.10377360400291313,2026-07-07,-0.12048190809930892,2026-07-07,0.10377360400291313,NO KNOWN CAUSE,0,,
RBNE,27,2.509999990463257,2.509999990463257,384280.9985399246,0.2735425515149843,2026-07-23,0.3853658440140013,2026-07-16,-0.7599234807480018,2026-07-23,0.3853658440140013,offering/dilution,2,"424B5,6-K","insider,offering/dilution,periodic report"
RCEL,27,4.440000057220459,3.9200000762939453,1238768.9571380615,0.17661692575016752,2026-07-15,0.30730479088618856,2026-06-26,0.1017369295451247,2026-07-15,0.30730479088618856,NO KNOWN CAUSE,0,,
RCKY,27,49.099998474121094,38.959999084472656,1961760.0372314453,0.14907556751991913,2026-07-29,0.2244389112834564,2026-07-23,0.20195839187672093,2026-07-29,0.2244389112834564,8-K,1,8-K,8-K
RCL,27,323.5799865722656,280.95001220703125,669112323.3337402,0.0572383653487436,2026-07-28,0.1417380557887724,2026-07-23,0.04596587113405515,2026-07-23,0.1417380557887724,8-K,2,"3,8-K","8-K,insider"
RDNW,27,6.630000114440918,5.820000171661377,556400.0,0.05909799760276235,2026-06-25,0.11492282762639139,2026-07-20,0.020785255005468795,2026-07-20,0.11492282762639139,NO KNOWN CAUSE,0,,
REAX,27,1.649999976158142,1.649999976158142,7537107.9808831215,0.10500001907348633,2026-07-15,0.25433529038693536,2026-06-25,-0.046242798863198153,2026-07-15,0.25433529038693536,merger/tender,5,"425,6-K","insider,merger/tender,periodic report"
REI,27,1.2100000381469727,1.0399999618530273,5685593.747270107,0.07079649845391889,2026-07-29,0.125,2026-07-06,0.07079649845391889,2026-07-06,0.125,NO KNOWN CAUSE,0,,
RELL,27,16.690000534057617,16.149999618530273,2766791.918182373,0.21154910702513252,2026-07-23,0.3065867483818945,2026-07-16,-0.08847618673599933,2026-07-23,0.3065867483818945,8-K,18,"144,4,8-K","8-K,insider"
RELX,27,38.22999954223633,30.829999923706055,90444062.0475769,0.05918644334762835,2026-07-28,0.16768471540367447,2026-07-22,0.24002593697187158,2026-07-22,0.16768471540367447,periodic report,3,6-K,periodic report
REPL,27,5.409999847412109,5.349999904632568,33850022.22614288,0.07457973217781144,2026-07-17,0.11448836145319863,2026-07-14,-0.5161002057479775,2026-07-14,0.11448836145319863,proxy/other,1,PRE 14A,proxy/other
REXR,27,38.689998626708984,33.369998931884766,83108768.75305176,0.08393553352379968,2026-07-24,0.10431981131652468,2026-07-09,0.1594246288614951,2026-07-09,0.10431981131652468,insider,1,144,insider
REZI,27,35.66999816894531,30.200000762939453,46593146.93984985,0.0934277585581822,2026-07-10,0.1913659294944665,2026-07-09,0.1458399977697562,2026-07-09,0.1913659294944665,insider,4,"3,4",insider
RFL,27,1.9900000095367432,1.9900000095367432,337435.0118637085,0.1524390257199133,2026-07-01,0.3548387179472279,2026-06-24,-0.27636363289572974,2026-07-01,0.3548387179472279,NO KNOWN CAUSE,0,,
RGC,27,5.650000095367432,4.78000020980835,2481744.9204444885,0.31855493132605517,2026-07-01,0.17573214202524312,2026-07-16,-0.46241674858949666,2026-07-01,0.31855493132605517,NO KNOWN CAUSE,-1,NOT COVERED,
RGEN,27,141.22999572753906,126.37000274658203,140377913.9831543,0.10895772199990028,2026-07-28,0.08240499589415973,2026-06-22,0.1158252039824752,2026-07-28,0.10895772199990028,merger/tender,5,"425,8-K","8-K,insider,merger/tender"
RGNT,27,1.7799999713897705,1.7799999713897705,355272.0060348511,0.2946176228613837,2026-07-01,0.08809532838073597,2026-06-24,-0.5690072827925985,2026-07-01,0.2946176228613837,periodic report,2,"6-K,D",periodic report
RGTI,27,13.220000267028809,13.220000267028809,362224779.79984283,0.10530040741776658,2026-07-27,0.09754388374194756,2026-07-20,-0.3816650708158965,2026-07-27,0.10530040741776658,NO KNOWN CAUSE,0,,
RHI,27,40.130001068115234,29.110000610351562,81484918.51272583,0.12615806462845414,2026-07-16,0.29012337248421316,2026-07-10,0.37856407511873913,2026-07-16,0.29012337248421316,NO KNOWN CAUSE,0,,
RIGL,27,39.06999969482422,35.61000061035156,13496399.631500244,0.057128741869014066,2026-07-07,0.14285707169538542,2026-07-01,0.09347887476571848,2026-07-01,0.14285707169538542,8-K,2,"4,8-K","8-K,insider"
RIOT,27,18.239999771118164,18.239999771118164,378146631.97250366,0.0898137661057885,2026-07-20,0.2678002655288787,2026-07-16,-0.36290603193193505,2026-07-16,0.2678002655288787,insider,1,4,insider
RITM,27,9.989999771118164,8.979999542236328,52787131.30912781,0.05958832264487901,2026-07-28,0.11247219157767474,2026-07-23,0.0929977457185085,2026-07-23,0.11247219157767474,NO KNOWN CAUSE,0,,
RLAY,27,18.3700008392334,17.280000686645508,63779938.32435608,0.06357760447898086,2026-06-29,0.1683558407986807,2026-07-01,0.06307871002749876,2026-07-01,0.1683558407986807,insider,4,"144,4",insider
RMD,27,214.2899932861328,188.4499969482422,255542965.0543213,0.042416700747915925,2026-07-02,0.11673351382423713,2026-07-23,0.13711858188561066,2026-07-23,0.11673351382423713,NO KNOWN CAUSE,0,,
RMNI,27,4.940000057220459,4.070000171661377,1592321.9478607178,0.06142505883432192,2026-06-26,0.14883717165050192,2026-07-23,0.21375917662527955,2026-07-23,0.14883717165050192,NO KNOWN CAUSE,0,,
ROP,27,408.07000732421875,325.0899963378906,328527938.6627197,0.05467614305875301,2026-07-23,0.21193317002789636,2026-07-22,0.255252428315514,2026-07-22,0.21193317002789636,8-K,1,8-K,8-K
RPD,27,9.390000343322754,6.340000152587891,27975628.02286148,0.13024758268197245,2026-07-06,0.4322250081083656,2026-06-29,0.48107257371120093,2026-07-06,0.4322250081083656,NO KNOWN CAUSE,0,,
RPM,27,108.37000274658203,101.52999877929688,100591208.5395813,0.058110918908845566,2026-07-22,0.10085686976150732,2026-07-21,0.007530728954758814,2026-07-21,0.10085686976150732,8-K,18,"10-K,3,4,8-K","8-K,insider,periodic report"
RPT,27,12.149999618530273,10.630000114440918,944054.9703598022,0.15428036930073064,2026-07-21,0.11759172027682929,2026-07-20,-0.14915967466882696,2026-07-21,0.15428036930073064,8-K,1,8-K,8-K
RTX,27,215.25,181.8300018310547,821868819.4061279,0.07327585396913294,2026-07-23,0.1286208700243776,2026-07-21,0.18379804120552734,2026-07-21,0.1286208700243776,NO KNOWN CAUSE,0,,
RWT,27,4.679999828338623,4.480000019073486,12127056.198120117,0.0694736681486432,2026-07-09,0.1383928310088054,2026-07-02,-0.06024100192487092,2026-07-02,0.1383928310088054,insider,4,4,insider
RXO,27,22.290000915527344,22.290000915527344,41400015.58818817,0.06324112370430335,2026-06-25,0.11580955868675602,2026-07-10,-0.1367156785832374,2026-07-10,0.11580955868675602,NO KNOWN CAUSE,-1,NOT COVERED,
RXST,27,6.130000114440918,4.820000171661377,5550323.868608475,0.08670516460574706,2026-07-27,0.18111754274698066,2026-07-24,0.23588711034184806,2026-07-24,0.18111754274698066,passive stake,4,"3,4,S-8,SCHEDULE 13G","insider,passive stake,proxy/other"
RXT,27,3.7799999713897705,3.7799999713897705,72703216.49107933,0.22196803030458434,2026-07-10,0.07441474418763017,2026-06-26,-0.44696416235652847,2026-07-10,0.22196803030458434,offering/dilution,5,"424B5,8-K,S-3ASR,S-8","8-K,insider,offering/dilution,proxy/other"
RYAM,27,8.329999923706055,7.050000190734863,6412120.063781738,0.06258142600544248,2026-07-16,0.19087131866710627,2026-07-14,0.01585367286155681,2026-07-14,0.19087131866710627,activist stake,2,"SCHEDULE 13D/A,SCHEDULE 13G/A","activist stake,passive stake"
RYAN,27,46.47999954223633,33.2599983215332,91104281.64978027,0.08150209299011468,2026-06-26,0.18299817915930627,2026-07-22,0.3974745005367071,2026-07-22,0.18299817915930627,NO KNOWN CAUSE,0,,
RYZ,27,28.790000915527344,23.770000457763672,11169917.94204712,0.07615480114085327,2026-07-06,0.1524294404338471,2026-07-09,0.05651379506522369,2026-07-09,0.1524294404338471,NO KNOWN CAUSE,0,,
RZLT,27,4.699999809265137,4.369999885559082,8031462.720346451,0.14382030803467427,2026-07-21,0.21510299355538742,2026-07-16,-0.08737869471246862,2026-07-21,0.21510299355538742,NO KNOWN CAUSE,0,,
SAFT,27,103.0999984741211,70.62000274658203,8921775.035858154,0.4148614408279494,2026-07-24,0.4220689444706358,2026-07-22,0.4599262880814752,2026-07-24,0.4220689444706358,8-K,8,"4,8-K,DEFA14A","8-K,insider,proxy/other"
SANA,27,3.1700000762939453,3.119999885559082,9590714.72697258,0.12640457677955697,2026-07-02,0.2300614235008025,2026-06-25,-0.05654756688510587,2026-07-02,0.2300614235008025,NO KNOWN CAUSE,0,,
SANM,27,163.85000610351562,163.85000610351562,162202541.07666016,0.0868876453617573,2026-07-21,0.10355967781265774,2026-07-16,-0.3535213727503972,2026-07-16,0.10355967781265774,NO KNOWN CAUSE,0,,
SAP,27,185.99000549316406,146.3800048828125,450838302.37731934,0.09304546155802673,2026-07-24,0.2705970712465966,2026-07-23,0.24399713949999624,2026-07-23,0.2705970712465966,NO KNOWN CAUSE,0,,
SAR,27,18.969999313354492,17.450000762939453,2983316.976547241,0.04843143407108297,2026-07-13,0.11232085952886206,2026-07-09,-0.14162900516235555,2026-07-09,0.11232085952886206,8-K,2,"10-Q,8-K","8-K,periodic report"
SB,27,7.579999923706055,6.309999942779541,6546387.860488892,0.04985332363531403,2026-07-20,0.12463341396449046,2026-07-17,0.08131236465239589,2026-07-17,0.12463341396449046,NO KNOWN CAUSE,0,,
SBLK,27,27.389999389648438,24.399999618530273,30281055.39112091,0.04779118683889583,2026-07-20,0.13012047472912402,2026-07-17,0.03280538902215868,2026-07-17,0.13012047472912402,NO KNOWN CAUSE,0,,
SBRA,27,22.049999237060547,18.270000457763672,58884033.38088989,0.10200004577636723,2026-07-21,0.12602454030651633,2026-07-15,0.20689647972562586,2026-07-21,0.12602454030651633,8-K,1,8-K,8-K
SCI,27,85.68000030517578,72.68000030517578,97956038.06762695,0.04265270309720037,2026-06-26,0.10769233348907759,2026-07-22,0.17113171154132534,2026-07-22,0.10769233348907759,NO KNOWN CAUSE,0,,
SCL,27,66.13999938964844,52.75,7043719.8165893555,0.14014827276934083,2026-07-29,0.1494612154550794,2026-07-27,0.23626167083455019,2026-07-29,0.1494612154550794,8-K,1,8-K,8-K
SCLX,27,6.559999942779541,6.559999942779541,577163.0172252655,0.23048335572360612,2026-07-07,0.2730769310712342,2026-06-29,-0.045123718769074395,2026-07-07,0.2730769310712342,trial readout,3,"4,8-K,SCHEDULE 13D/A","8-K,activist stake,insider,trial readout"
SCYX,27,3.7699999809265137,3.569999933242798,293375.9948730469,0.10044638556903429,2026-07-14,0.22857146395823147,2026-06-26,-0.007894729412163293,2026-07-14,0.22857146395823147,passive stake,1,SCHEDULE 13G/A,passive stake
SDRL,27,41.34000015258789,37.70000076293945,33698017.06237793,0.054235496072201794,2026-07-08,0.11208677726661187,2026-07-07,0.03634998207885998,2026-07-07,0.11208677726661187,8-K,1,8-K,8-K
SEZL,27,152.6999969482422,151.61000061035156,104232095.64208984,0.13815912255630858,2026-07-14,0.1320493647639629,2026-06-23,-0.02409410265897094,2026-07-14,0.13815912255630858,8-K,3,"144,4,8-K","8-K,insider"
SG,27,6.360000133514404,6.0,37592695.89071274,0.1382636917240001,2026-07-17,0.06272623162321933,2026-06-23,-0.23557687899064572,2026-07-17,0.1382636917240001,NO KNOWN CAUSE,0,,
SGHT,27,5.340000152587891,4.699999809265137,881050.0383377075,0.044680860993440596,2026-07-24,0.13617029133939917,2026-07-23,0.019084043098801073,2026-07-23,0.13617029133939917,NO KNOWN CAUSE,0,,
SHIP,27,16.09000015258789,13.34000015258789,2757611.947631836,0.07203669603758645,2026-07-23,0.15488936765471673,2026-07-17,0.06274767422208938,2026-07-17,0.15488936765471673,insider,1,4,insider
SHOO,27,43.400001525878906,39.02000045776367,39764151.23939514,0.041947967639080375,2026-06-26,0.1086621684784197,2026-07-08,0.015679896813018068,2026-07-08,0.1086621684784197,NO KNOWN CAUSE,0,,
SHPH,27,2.7799999713897705,2.7799999713897705,429351.99625492096,0.40540533574329407,2026-07-14,0.27607357655880227,2026-07-07,-0.20910387242632578,2026-07-14,0.40540533574329407,insider,5,"3,4",insider
SHW,27,343.8800048828125,310.5400085449219,832120639.3981934,0.08250069027524565,2026-07-28,0.11244739847845242,2026-07-21,0.08513730358461657,2026-07-21,0.11244739847845242,NO KNOWN CAUSE,0,,
SI,27,23.719999313354492,17.770000457763672,2180100.073814392,0.1569656993909223,2026-07-28,0.18683171689923728,2026-06-22,0.3348339168438952,2026-07-28,0.18683171689923728,NO KNOWN CAUSE,0,,
SIBN,27,18.440000534057617,15.819999694824219,8108429.2892456055,0.05161296818139616,2026-07-28,0.11961149379683178,2026-07-23,0.16561320415768255,2026-07-23,0.11961149379683178,NO KNOWN CAUSE,0,,
SIDU,27,1.6799999475479126,1.6799999475479126,14210859.821677208,0.17142854418073372,2026-07-21,0.060000038146972745,2026-06-25,-0.45806451637712653,2026-07-21,0.17142854418073372,8-K,1,8-K,8-K
SIG,27,98.86000061035156,81.45999908447266,67893308.07800293,0.04874572136722688,2026-07-27,0.1024869257172456,2026-07-23,0.13985929648241213,2026-07-23,0.1024869257172456,NO KNOWN CAUSE,0,,
SIMO,27,209.67999267578125,209.67999267578125,226374481.5673828,0.10118369326481602,2026-07-21,0.08526492426929466,2026-07-02,-0.37761948211786744,2026-07-21,0.10118369326481602,NO KNOWN CAUSE,0,,
SION,27,44.810001373291016,38.83000183105469,22463903.0834198,0.09096928347537858,2026-07-17,0.10847614264692695,2026-07-14,0.15400461653992936,2026-07-14,0.10847614264692695,insider,3,4,insider
SITC,27,4.489999771118164,3.9700000286102295,3239580.416237831,0.12342569420793592,2026-07-01,0.053990499971568795,2026-07-23,-0.04670918582738737,2026-07-01,0.12342569420793592,8-K,1,8-K,8-K
SKIL,27,7.389999866485596,5.179999828338623,640528.0106544495,0.2818532985579725,2026-07-01,0.5135135931273587,2026-06-30,0.001354979930841882,2026-07-01,0.5135135931273587,8-K,16,"4,8-K,S-8","8-K,insider,proxy/other"
SKM,27,29.639999389648438,29.639999389648438,81987202.31170654,0.062284751682317285,2026-07-22,0.16492479396804427,2026-07-17,-0.138372148985213,2026-07-17,0.16492479396804427,periodic report,1,6-K,periodic report
SKYW,27,109.66000366210938,93.0999984741211,40894939.41192627,0.07699505222972314,2026-07-24,0.1952296121522621,2026-07-21,0.17787331320517108,2026-07-21,0.1952296121522621,NO KNOWN CAUSE,0,,
SLB,27,48.959999084472656,45.09000015258789,607416256.696701,0.11012276183428615,2026-07-24,0.11555642256907639,2026-07-17,0.02106357258525482,2026-07-24,0.11555642256907639,8-K,1,8-K,8-K
SLGL,27,82.54499816894531,71.26000213623047,2401386.3861083984,0.1203495577189424,2026-07-21,0.1903435281907091,2026-07-14,0.11849586389656941,2026-07-21,0.1903435281907091,trial readout,1,4,"insider,trial readout"
SLNH,27,1.1399999856948853,1.100000023841858,15972739.727985859,0.20353984074693798,2026-07-20,0.22321428476395666,2026-07-14,-0.3173652604847964,2026-07-20,0.22321428476395666,8-K,3,"3,8-K","8-K,insider"
SM,27,31.719999313354492,25.729999542236328,101215621.46530151,0.0747932385346981,2026-07-13,0.13434531145844564,2026-07-06,0.150943393614825,2026-07-06,0.13434531145844564,insider,5,4,insider
SMCI,27,25.700000762939453,23.829999923706055,1070545643.8207626,0.19843135160558356,2026-07-22,0.26418153878208517,2026-07-16,-0.2752396664840001,2026-07-22,0.26418153878208517,8-K,1,8-K,8-K
SMG,27,70.33000183105469,62.709999084472656,52270910.7673645,0.08060014015464145,2026-07-16,0.12597703020234685,2026-07-09,0.12151176619086868,2026-07-09,0.12597703020234685,insider,6,4,insider
SMTC,27,103.55000305175781,103.55000305175781,394735000.0,0.09501111650324501,2026-07-21,0.11835442170789667,2026-07-07,-0.4073713410190545,2026-07-07,0.11835442170789667,8-K,10,"144,4,8-K","8-K,insider"
SMTI,27,30.25,21.75,1374623.9685058594,0.13551053652629985,2026-07-29,0.18627450980392157,2026-07-23,0.3908045977011494,2026-07-29,0.18627450980392157,NO KNOWN CAUSE,0,,
SMWB,27,7.159999847412109,4.96999979019165,5558071.10376358,0.10757576491002996,2026-07-15,0.27713185028347787,2026-06-24,0.3957114400946611,2026-07-15,0.27713185028347787,NO KNOWN CAUSE,0,,
SMX,27,15.039999961853027,13.399999618530273,590939.9831771851,0.1494903404563337,2026-07-21,0.24887458765852233,2026-07-08,-0.04810127972830669,2026-07-21,0.24887458765852233,periodic report,1,6-K,periodic report
SNDX,27,19.219999313354492,19.219999313354492,35481179.43954468,0.07571933571118072,2026-06-26,0.18908572897789488,2026-07-01,-0.005176003263422269,2026-07-01,0.18908572897789488,NO KNOWN CAUSE,0,,
SNWV,27,6.380000114440918,5.920000076293945,1374139.9612426758,0.19752473368409662,2026-07-09,0.3931847909572177,2026-06-25,-0.2918978965184008,2026-07-09,0.3931847909572177,insider,5,4,insider
SOC,27,4.360000133514404,3.0799999237060547,36026782.2201252,0.4285714949216841,2026-07-01,0.33766233364111,2026-06-30,-0.5346851454892783,2026-07-01,0.4285714949216841,offering/dilution,8,"305B2,424B5,8-K","8-K,insider,offering/dilution"
SOLV,27,88.55000305175781,73.55999755859375,84217533.70056152,0.0708338121259493,2026-07-28,0.14642679312260043,2026-07-23,0.2037793092804805,2026-07-23,0.14642679312260043,8-K,1,8-K,8-K
SONO,27,17.520000457763672,13.399999618530273,29826623.678588867,0.0727968966000232,2026-07-28,0.20578119612814794,2026-07-23,0.22346374519100398,2026-07-23,0.20578119612814794,insider,1,4,insider
SONY,27,23.270000457763672,19.31999969482422,104705428.13644409,0.06244048626663501,2026-07-27,0.12469791479507886,2026-07-23,0.19272169065973044,2026-07-23,0.12469791479507886,periodic report,1,6-K,periodic report
SOPH,27,5.550000190734863,5.230000019073486,1893564.054107666,0.0783645736141545,2026-07-20,0.14436623176821883,2026-07-14,0.03932584871654021,2026-07-14,0.14436623176821883,insider,13,"144,4",insider
SPCB,27,10.279999732971191,10.279999732971191,765720.0135231018,0.1592232387649528,2026-07-09,0.15406158848303364,2026-06-24,-0.05946940110301635,2026-07-09,0.1592232387649528,NO KNOWN CAUSE,0,,
SPOT,27,524.010009765625,441.2099914550781,750264340.9790039,0.04263275520248255,2026-06-26,0.11731597832984475,2026-07-23,0.14078898842539078,2026-07-23,0.11731597832984475,NO KNOWN CAUSE,0,,
SPSC,27,69.4000015258789,54.779998779296875,34577855.80368042,0.07341402370289218,2026-07-27,0.17667009265031752,2026-07-23,0.26503829299600445,2026-07-23,0.17667009265031752,periodic report,1,10-Q/A,periodic report
SRXH,27,1.4500000476837158,1.350000023841858,5306983.077073097,0.45925925468057605,2026-07-08,0.7111110385062775,2026-07-07,-0.7842261766436212,2026-07-08,0.7111110385062775,passive stake,2,"S-8,SCHEDULE 13G/A","passive stake,proxy/other"
SSNC,27,78.30999755859375,62.04999923706055,125854537.45574951,0.10351009142738632,2026-07-24,0.16967888167543554,2026-07-23,0.2023645149852069,2026-07-24,0.16967888167543554,8-K,1,8-K,8-K
STAK,27,2.430000066757202,1.309999942779541,1568518.007516861,6.022727340459821,2026-07-24,3.8281253463355904,2026-07-17,-0.5225933214320777,2026-07-24,6.022727340459821,NO KNOWN CAUSE,0,,
STE,27,234.8300018310547,200.39999389648438,156265195.63293457,0.05467034237677448,2026-07-28,0.11521106360357547,2026-07-22,0.17180643205186397,2026-07-22,0.11521106360357547,NO KNOWN CAUSE,0,,
STGW,27,8.079999923706055,6.659999847412109,8726159.929275513,0.06752870511718889,2026-06-30,0.14447591914921976,2026-07-22,0.21321322955370903,2026-07-22,0.14447591914921976,NO KNOWN CAUSE,0,,
STIM,27,1.8200000524520874,1.2000000476837158,1949710.021495819,0.24691356480294235,2026-07-20,0.24822697313994824,2026-07-02,0.5166666501098216,2026-07-20,0.24822697313994824,8-K,3,"3,4,8-K","8-K,insider"
STLA,27,6.010000228881836,5.329999923706055,112968935.49537659,0.043402776053106384,2026-07-29,0.11819889745943302,2026-07-09,-0.05799371142981635,2026-07-09,0.11819889745943302,NO KNOWN CAUSE,0,,
STLD,27,252.33999633789062,220.38999938964844,292048919.5220947,0.039638850244552604,2026-06-25,0.11228154111937116,2026-07-21,0.005418760990927529,2026-07-21,0.11228154111937116,8-K,7,"4,8-K","8-K,insider"
STRA,27,87.62000274658203,73.94000244140625,20969552.45666504,0.07654507192103455,2026-07-29,0.1850148749456222,2026-07-22,0.14610864936858148,2026-07-22,0.1850148749456222,NO KNOWN CAUSE,0,,
STRL,27,494.239990234375,494.239990234375,489001046.3378906,0.07030211627718796,2026-07-09,0.11848453132021519,2026-07-16,-0.4701259820590994,2026-07-16,0.11848453132021519,8-K,2,"4,8-K","8-K,insider"
STX,27,764.4299926757812,745.489990234375,4244972814.404297,0.11138389123701886,2026-07-21,0.22518074999828075,2026-07-16,-0.30127786426278036,2026-07-21,0.22518074999828075,NO KNOWN CAUSE,0,,
SU,27,65.80000305175781,53.56999969482422,231925270.75653076,0.04235795150621624,2026-07-08,0.11582590835959183,2026-07-06,0.1701939105002681,2026-07-06,0.11582590835959183,NO KNOWN CAUSE,1,SD,
SUNE,27,2.1600000858306885,2.059999942779541,699769.989490509,0.4960937536379788,2026-07-10,0.7098213872321104,2026-07-02,-0.17241372695481094,2026-07-10,0.7098213872321104,passive stake,1,SCHEDULE 13G,passive stake
SUPX,27,5.809999942779541,5.809999942779541,1259958.021402359,0.1102362671835031,2026-07-24,0.06478873863742374,2026-07-13,-0.2691823796010139,2026-07-24,0.1102362671835031,periodic report,5,"6-K,6-K/A,SCHEDULE 13G","passive stake,periodic report"
SVCO,27,6.909999847412109,6.909999847412109,4859049.144649506,0.12356685375489218,2026-07-21,0.08206432251039364,2026-06-24,-0.4765151555106879,2026-07-21,0.12356685375489218,NO KNOWN CAUSE,0,,
SVV,27,9.949999809265137,9.020000457763672,7003767.736053467,0.06327797043075511,2026-07-28,0.10310413573216604,2026-07-23,0.03215761980310594,2026-07-23,0.10310413573216604,NO KNOWN CAUSE,0,,
SW,27,48.2599983215332,42.08000183105469,226476238.50479126,0.11095864539931433,2026-07-24,0.17974913183747487,2026-07-21,0.06322976361483046,2026-07-24,0.17974913183747487,NO KNOWN CAUSE,0,,
SWKS,27,61.189998626708984,56.58000183105469,332732574.1668701,0.0536455670378726,2026-07-27,0.1125839294050448,2026-07-14,-0.19677082723046868,2026-07-14,0.1125839294050448,NO KNOWN CAUSE,0,,
SXT,27,122.5999984741211,108.95999908447266,59432251.66320801,0.08339743858868642,2026-07-24,0.1626776466512312,2026-07-17,0.029646416295828093,2026-07-17,0.1626776466512312,NO KNOWN CAUSE,0,,
SYK,27,352.25,304.69000244140625,783551150.0,0.05251338734223743,2026-06-26,0.13908294891947004,2026-07-22,0.15609306894715003,2026-07-22,0.13908294891947004,NO KNOWN CAUSE,0,,
SYRE,27,97.87000274658203,86.23999786376953,123250983.0329895,0.06491713166225388,2026-07-17,0.1282465769663086,2026-07-02,-0.024421819733803196,2026-07-02,0.1282465769663086,offering/dilution,7,"144,4,S-3ASR","insider,offering/dilution"
T,27,23.940000534057617,20.479999542236328,1818271691.6807175,0.0509581935081691,2026-07-24,0.11252843861057427,2026-07-20,0.08325792401934451,2026-07-20,0.11252843861057427,NO KNOWN CAUSE,0,,
TALO,27,14.25,12.90999984741211,26331154.146957397,0.05665723776336895,2026-07-17,0.10518519083658862,2026-07-10,0.013513483265491955,2026-07-10,0.10518519083658862,insider,1,4,insider
TBI,27,7.46999979019165,6.300000190734863,1882330.9203147888,0.210370381673177,2026-07-06,0.20888886628327552,2026-07-02,0.18571421651343045,2026-07-06,0.210370381673177,NO KNOWN CAUSE,0,,
TBN,27,31.530000686645508,30.93000030517578,5424975.0,0.04270671184797936,2026-07-22,0.12836108381118305,2026-07-16,-0.10603911887091888,2026-07-16,0.12836108381118305,NO KNOWN CAUSE,0,,
TCBK,27,57.90999984741211,51.560001373291016,16976652.13394165,0.1198732359869612,2026-07-13,0.15718307853304725,2026-07-09,0.12315745354907048,2026-07-13,0.15718307853304725,merger/tender,9,"425,8-K","8-K,insider,merger/tender"
TCBX,27,44.369998931884766,38.779998779296875,4340662.0681762695,0.05605381251152286,2026-07-23,0.10538115611748577,2026-07-22,0.144146475723258,2026-07-22,0.10538115611748577,8-K,1,8-K,8-K
TDIC,27,2.369999885559082,2.369999885559082,475230.016708374,0.13370481029750447,2026-07-07,0.08078000200696644,2026-07-06,-0.6082644940757911,2026-07-07,0.13370481029750447,periodic report,2,"6-K,SCHEDULE 13G","passive stake,periodic report"
TECX,27,28.43000030517578,28.43000030517578,4989819.9378967285,0.15852163593878066,2026-07-02,0.22236543557344657,2026-06-25,-0.06295319175366565,2026-07-02,0.22236543557344657,insider,2,"144,4",insider
TENX,27,14.819999694824219,12.25,19800100.53396225,0.16328066836137012,2026-07-02,0.3784800411895455,2026-07-01,0.20979589345503835,2026-07-02,0.3784800411895455,8-K,3,8-K,8-K
TER,27,319.4100036621094,319.4100036621094,1387722035.458374,0.12068551534254368,2026-07-21,0.15963392539772747,2026-07-16,-0.301072202052277,2026-07-21,0.15963392539772747,insider,4,"144,4",insider
TEVA,27,34.709999084472656,30.149999618530273,160098184.38568115,0.09598986425182399,2026-07-29,0.15124376529476957,2026-07-22,0.07795025658577259,2026-07-22,0.15124376529476957,NO KNOWN CAUSE,0,,
TGB,27,6.710000038146973,6.360000133514404,30646130.80072403,0.13532760852511472,2026-07-14,0.22052060246803018,2026-07-07,-0.03591954003301412,2026-07-14,0.22052060246803018,periodic report,2,6-K,periodic report
TGTX,27,53.47999954223633,52.68000030517578,120395574.66888428,0.05353074560531379,2026-07-23,0.10351272175155035,2026-07-01,-0.016911800695537105,2026-07-01,0.10351272175155035,NO KNOWN CAUSE,0,,
THC,27,257.6199951171875,178.75,232110158.27178955,0.17174149302593933,2026-07-24,0.33660744842286383,2026-07-21,0.44123074191433576,2026-07-24,0.33660744842286383,8-K,1,8-K,8-K
THM,27,1.8600000143051147,1.8600000143051147,1251114.9708986282,0.12077295075481365,2026-07-02,0.18367341229042888,2026-06-25,-0.1621621665160441,2026-07-02,0.18367341229042888,NO KNOWN CAUSE,0,,
THRM,27,42.88999938964844,33.880001068115234,11164691.669845581,0.265187283650842,2026-07-23,0.22838673036070523,2026-07-16,0.21673757133754434,2026-07-23,0.265187283650842,merger/tender,5,"10-Q,425,8-K","8-K,insider,merger/tender,periodic report"
TIC,27,7.190000057220459,6.539999961853027,13357399.251937866,0.07033639768044231,2026-07-21,0.11162079867453856,2026-07-20,-0.10904580803988839,2026-07-20,0.11162079867453856,NO KNOWN CAUSE,0,,
TMCR,27,6.230000019073486,5.199999809265137,402569.99158859253,0.1385199282192684,2026-07-21,0.21252369821871908,2026-07-20,-0.2355827839661948,2026-07-21,0.21252369821871908,periodic report,2,"4,6-K","insider,periodic report"
TME,27,9.710000038146973,8.15999984741211,49632402.267456055,0.05304743625747177,2026-07-27,0.10844746397756655,2026-07-23,0.16426856840451887,2026-07-23,0.10844746397756655,NO KNOWN CAUSE,0,,
TMO,27,576.4600219726562,464.010009765625,1097797917.4804688,0.08711010036379241,2026-07-23,0.10115376332338322,2026-07-21,0.24234393620911465,2026-07-21,0.10115376332338322,NO KNOWN CAUSE,0,,
TNDM,27,18.59000015258789,14.34000015258789,28365875.714492798,0.06609955498734532,2026-07-16,0.13256115988890005,2026-07-14,0.2963737764837484,2026-07-14,0.13256115988890005,NO KNOWN CAUSE,0,,
TOI,27,4.769999980926514,4.769999980926514,9033120.095014572,0.06617649443524898,2026-07-07,0.14889704673889415,2026-07-06,-0.04790423892034179,2026-07-06,0.14889704673889415,8-K,1,8-K,8-K
TONX,27,2.9800000190734863,2.430000066757202,1031679.9682617188,0.18055554175818456,2026-07-06,0.3281250669388116,2026-06-26,-0.038709641693780994,2026-07-06,0.3281250669388116,8-K,1,8-K,8-K
TOP,27,2.109999895095825,1.3899999856948853,666539.9697303772,0.20000004541306482,2026-07-16,0.3317535935952858,2026-07-10,0.5179855516624337,2026-07-16,0.3317535935952858,8-K,1,8-K,8-K
TPC,27,76.68000030517578,74.73999786376953,45962742.05780029,0.07747700264262747,2026-07-21,0.1158544750565289,2026-07-14,-0.059141100549990444,2026-07-14,0.1158544750565289,NO KNOWN CAUSE,0,,
TRDA,27,6.550000190734863,5.829999923706055,2599013.965988159,0.12349918978577179,2026-07-29,0.12349918978577179,2026-07-28,-0.07355020768045029,2026-07-29,0.12349918978577179,NO KNOWN CAUSE,0,,
TRI,27,106.33999633789062,76.55000305175781,162561586.4807129,0.08441486945695731,2026-07-27,0.24098486764082638,2026-07-23,0.389157310235388,2026-07-23,0.24098486764082638,NO KNOWN CAUSE,0,,
TRMB,27,58.2400016784668,49.189998626708984,155818208.4049225,0.05405406574559746,2026-07-27,0.16247511880764587,2026-07-22,0.18301852975847455,2026-07-22,0.16247511880764587,NO KNOWN CAUSE,0,,
TROO,27,1.649999976158142,1.649999976158142,557228.0108451843,0.10695183313606438,2026-07-10,0.17112302226529907,2026-07-09,-0.4086021509970682,2026-07-10,0.17112302226529907,NO KNOWN CAUSE,-1,NOT COVERED,
TROX,27,6.059999942779541,5.769999980926514,16006272.41821289,0.09075629901906179,2026-07-21,0.10571926092388884,2026-07-16,-0.1743869459399201,2026-07-16,0.10571926092388884,NO KNOWN CAUSE,0,,
TRT,27,9.100000381469727,9.100000381469727,4796124.947071075,0.1208677726661187,2026-07-08,0.05991734560131534,2026-07-07,-0.3724137667951912,2026-07-08,0.1208677726661187,insider,2,4,insider
TRV,27,389.010009765625,310.6099853515625,580789921.307373,0.09223847903183513,2026-07-17,0.130289449293022,2026-07-15,0.2524066453476239,2026-07-15,0.130289449293022,NO KNOWN CAUSE,0,,
TSEM,27,187.83999633789062,187.83999633789062,384053103.1036377,0.11237379676259618,2026-07-14,0.2055396325333838,2026-07-07,-0.4071642962931714,2026-07-14,0.2055396325333838,periodic report,3,"4,6-K","insider,periodic report"
TTEC,27,2.5399999618530273,1.940000057220459,995435.0193738937,0.11374408600425245,2026-07-13,0.2893400634338641,2026-07-22,0.22705316124041697,2026-07-13,0.2893400634338641,NO KNOWN CAUSE,0,,
TTEK,27,33.779998779296875,27.149999618530273,80308815.93933105,0.05079959118502275,2026-07-28,0.10500487787103707,2026-07-23,0.24419886754773756,2026-07-23,0.10500487787103707,NO KNOWN CAUSE,0,,
TTGT,27,4.519999980926514,3.4000000953674316,1421784.0109348297,0.17631574902177793,2026-07-28,0.3294117218070389,2026-07-24,0.26256985398127064,2026-07-28,0.3294117218070389,NO KNOWN CAUSE,0,,
TTMI,27,101.7699966430664,101.7699966430664,338259659.765625,0.1027259001476839,2026-07-21,0.1130321713758764,2026-07-16,-0.5404795408762887,2026-07-21,0.1130321713758764,NO KNOWN CAUSE,0,,
TTRX,27,7.429999828338623,5.769999980926514,674800.0240325928,0.2626787992062305,2026-07-07,0.4052098773610686,2026-06-29,0.28769494850943755,2026-07-07,0.4052098773610686,8-K,1,8-K,8-K
TU,27,11.130000114440918,10.109999656677246,61823918.394088745,0.041160014156131464,2026-07-29,0.10089025641954419,2026-07-23,-0.01851852163326906,2026-07-23,0.10089025641954419,NO KNOWN CAUSE,0,,
TVRD,27,2.140000104904175,1.5,2861438.0651950836,0.6129032754253041,2026-07-08,1.6315789803903855,2026-06-30,-0.20149251806042934,2026-07-08,1.6315789803903855,8-K,1,8-K,8-K
TX,27,48.060001373291016,41.54999923706055,23014151.28479004,0.03330540629840528,2026-07-28,0.10013384619062404,2026-07-21,0.030666958447779002,2026-07-21,0.10013384619062404,NO KNOWN CAUSE,0,,
TYL,27,333.5,275.2699890136719,216785122.17407227,0.0630321769175366,2026-07-27,0.17297408345836107,2026-07-22,0.21153781127747995,2026-07-22,0.17297408345836107,NO KNOWN CAUSE,0,,
TYRA,27,31.110000610351562,29.40999984741211,19796168.457603455,0.04114250248551987,2026-07-02,0.12240729319275645,2026-07-01,0.03218318647465779,2026-07-01,0.12240729319275645,insider,1,144,insider
U,27,32.040000915527344,26.709999084472656,201099538.1450653,0.06359188125282289,2026-07-27,0.11949685450762382,2026-07-24,0.1805453808428541,2026-07-24,0.11949685450762382,NO KNOWN CAUSE,0,,
UCTT,27,69.56999969482422,69.56999969482422,155875431.36749268,0.14592413990759412,2026-07-21,0.2773447984074433,2026-06-23,-0.4350332951140772,2026-07-21,0.2773447984074433,NO KNOWN CAUSE,0,,
UFI,27,6.159999847412109,4.5,508247.98135757446,0.09142857506161639,2026-07-10,0.3039999961853028,2026-07-07,0.350877176471474,2026-07-07,0.3039999961853028,NO KNOWN CAUSE,0,,
UGA,27,121.4800033569336,98.48999786376953,3554668.084716797,0.05535120177528552,2026-07-13,0.13031588210402356,2026-07-10,0.1858649010323663,2026-07-10,0.13031588210402356,NO KNOWN CAUSE,0,,
UGP,27,6.230000019073486,4.860000133514404,16566623.855495453,0.06706107775915893,2026-07-06,0.1834319125937769,2026-07-02,0.27402866854287633,2026-07-02,0.1834319125937769,NO KNOWN CAUSE,0,,
UIS,27,3.4600000381469727,3.119999885559082,2822456.081342697,0.14606741272038137,2026-07-09,0.14999999337726155,2026-07-06,-0.0057471209243954435,2026-07-09,0.14999999337726155,NO KNOWN CAUSE,0,,
UL,27,66.0,57.70000076293945,216713214.8361206,0.08962039938768429,2026-07-28,0.100016478688713,2026-07-21,0.14384747187718605,2026-07-21,0.100016478688713,NO KNOWN CAUSE,0,,
ULCC,27,6.5,5.5,26465837.505102158,0.08479146781069935,2026-06-25,0.18181818181818188,2026-07-23,-0.08963583731838531,2026-07-23,0.18181818181818188,8-K,1,8-K,8-K
ULH,27,14.720000267028809,13.619999885559082,630768.0015563965,0.08223200403596098,2026-07-16,0.17914828200331834,2026-07-15,-0.01075267783478251,2026-07-15,0.17914828200331834,NO KNOWN CAUSE,0,,
UNCY,27,4.739999771118164,4.690000057220459,7240942.1540260315,0.12579960456067796,2026-07-01,0.15778246526434514,2026-06-30,-0.39771285386982747,2026-07-01,0.15778246526434514,8-K,2,"144,8-K","8-K,insider"
URGN,27,40.45000076293945,34.380001068115234,22805171.031188965,0.06468871392283826,2026-07-21,0.11712172272084964,2026-07-14,0.15604455051606347,2026-07-14,0.11712172272084964,insider,2,"144,4",insider
URI,27,1055.1099853515625,1012.7100219726562,499552573.9746094,0.10110514986534125,2026-07-23,0.11375419390304176,2026-07-20,-0.034383411897911276,2026-07-23,0.11375419390304176,8-K,4,"10-Q,144,4,8-K","8-K,insider,periodic report"
UROY,27,3.0299999713897705,2.609999895095825,6124902.119207382,0.08992805847944685,2026-07-29,0.18773947480130193,2026-07-16,0.0306122151080499,2026-07-16,0.18773947480130193,NO KNOWN CAUSE,0,,
USCB,27,22.020000457763672,19.420000076293945,831896.0096359253,0.06381930208646325,2026-07-24,0.11540360511424752,2026-07-20,0.13388261437977822,2026-07-20,0.11540360511424752,activist stake,3,"8-K,SCHEDULE 13D/A,SCHEDULE 13G","8-K,activist stake,passive stake"
USO,27,129.30999755859375,103.2699966430664,768638832.6072693,0.0836246938591303,2026-07-13,0.1692372332349974,2026-07-16,0.1474842022993934,2026-07-16,0.1692372332349974,NO KNOWN CAUSE,0,,
UVE,27,45.02000045776367,37.439998626708984,9363199.829101562,0.10429937031173409,2026-07-24,0.1947983039580723,2026-07-23,0.17484344510170757,2026-07-24,0.1947983039580723,8-K,1,8-K,8-K
UVIX,27,67.66999816894531,54.75,93781275.0,0.12054974089873483,2026-07-29,0.1603223340714608,2026-07-22,0.03155487413068814,2026-07-29,0.1603223340714608,NO KNOWN CAUSE,0,,
UWMC,27,1.9800000190734863,1.7400000095367432,36735772.97959328,0.09047622183283033,2026-06-30,0.13793103920766114,2026-07-23,-0.03414630969318089,2026-07-23,0.13793103920766114,NO KNOWN CAUSE,0,,
VANI,27,1.2599999904632568,1.1299999952316284,294287.0141506195,0.18518518191469724,2026-07-08,0.29032258994869586,2026-06-30,0.11504424405327618,2026-07-08,0.29032258994869586,8-K,1,8-K,8-K
VCTR,27,97.45999908447266,82.12999725341797,37285479.03442383,0.06218736010599857,2026-07-14,0.12493007170828463,2026-07-09,0.11778869544094905,2026-07-09,0.12493007170828463,NO KNOWN CAUSE,0,,
VEEE,27,12.9399995803833,4.590000152587891,3047950.06275177,4.157676291489159,2026-07-13,7.029045515490134,2026-07-10,1.2902653737993939,2026-07-13,7.029045515490134,merger/tender,3,"4,425,8-K","8-K,insider,merger/tender"
VELO,27,8.4399995803833,8.4399995803833,23402148.183059692,0.135270585510189,2026-07-21,0.027054155325459073,2026-07-20,-0.652817780098782,2026-07-21,0.135270585510189,8-K,1,8-K,8-K
VENU,27,2.0899999141693115,2.0899999141693115,1336698.9557027817,0.11926604701898591,2026-07-06,0.22018348824525358,2026-07-01,-0.29865775141199,2026-07-06,0.22018348824525358,insider,1,4,insider
VERX,27,13.319999694824219,10.579999923706055,23212559.074401855,0.09059241785690442,2026-07-01,0.22314042928303746,2026-07-23,0.2589791862832427,2026-07-23,0.22314042928303746,trial readout,0,,trial readout
VET,27,10.8100004196167,8.739999771118164,13229590.373039246,0.08137254306143493,2026-07-22,0.1623577748125442,2026-07-16,0.09523815045154604,2026-07-16,0.1623577748125442,NO KNOWN CAUSE,0,,
VGZ,27,1.7100000381469727,1.5399999618530273,2844841.9295310974,0.09042550931693527,2026-06-26,0.12337666358889954,2026-07-17,-0.2565217071309651,2026-07-17,0.12337666358889954,NO KNOWN CAUSE,0,,
VIAV,27,32.22999954223633,32.22999954223633,204623323.8357544,0.09104742898306917,2026-07-21,0.13187107748824545,2026-07-16,-0.3911975750226817,2026-07-16,0.13187107748824545,NO KNOWN CAUSE,0,,
VIST,27,66.01000213623047,60.36000061035156,56537566.8296814,0.05191038665275349,2026-07-08,0.10708554626641242,2026-07-16,-0.03154344792199748,2026-07-16,0.10708554626641242,periodic report,4,6-K,periodic report
VIVK,27,2.4000000953674316,1.6299999952316284,1695161.8631386757,0.49132941922612905,2026-07-21,0.4723927008517468,2026-07-22,-0.7262773504298605,2026-07-21,0.49132941922612905,offering/dilution,4,"424B3,8-K,EFFECT","8-K,insider,offering/dilution"
VIVO,27,3.1700000762939453,3.1700000762939453,4832567.822742462,0.13449020989212612,2026-07-10,0.11752141258733984,2026-07-02,-0.4599659049240302,2026-07-10,0.13449020989212612,periodic report,4,"6-K,6-K/A",periodic report
VLO,27,301.32000732421875,242.42999267578125,781269809.9121094,0.06257983466951389,2026-07-08,0.13225900117808265,2026-07-07,0.2360325245428152,2026-07-07,0.13225900117808265,insider,1,4,insider
VOD,27,16.1299991607666,13.010000228881836,53880808.43696594,0.1253822899761976,2026-07-10,0.19418960066273083,2026-07-09,0.14235122461036287,2026-07-10,0.19418960066273083,periodic report,2,"6-K,SCHEDULE 13G/A","passive stake,periodic report"
VRAX,27,2.930000066757202,2.740000009536743,434980.0125360489,1.0,2026-07-09,1.321167923860592,2026-07-01,-0.28098154505543826,2026-07-09,1.321167923860592,periodic report,3,"20-F,6-K",periodic report
VRRM,27,5.099999904632568,3.9000000953674316,18027652.093076706,0.22009572107078457,2026-07-29,0.30769225126187605,2026-07-23,0.14093962953271344,2026-07-29,0.30769225126187605,8-K,2,"8-K,8-K/A",8-K
VRSK,27,213.14999389648438,168.99000549316406,349323663.2507324,0.04975514707869788,2026-07-16,0.10853960500146731,2026-07-22,0.2613171605885689,2026-07-22,0.10853960500146731,insider,2,"144,4",insider
VRSN,27,290.9200134277344,247.22000122070312,202456110.6048584,0.07041828264122785,2026-07-24,0.11216464699742268,2026-07-23,0.1745327246163464,2026-07-23,0.11216464699742268,8-K,11,"10-Q,144,4,8-K","8-K,insider,periodic report"
VST,27,142.80999755859375,142.80999755859375,609541979.5227051,0.04084738857523318,2026-07-06,0.10762977472281943,2026-07-16,-0.1461795871770336,2026-07-16,0.10762977472281943,8-K,2,8-K,8-K
VSTS,27,14.920000076293945,13.109999656677246,16303056.51397705,0.05867181392541565,2026-07-16,0.14425084597887716,2026-07-09,0.13806258329647036,2026-07-09,0.14425084597887716,insider,1,4,insider
VSXY,27,89.12999725341797,76.19000244140625,132513789.03808594,0.07317381138337553,2026-07-20,0.10673588182920368,2026-07-13,0.10624298859397463,2026-07-13,0.10673588182920368,NO KNOWN CAUSE,0,,
VVX,27,86.30999755859375,71.02999877929688,39732419.18182373,0.049697294663698655,2026-06-30,0.14655280116996727,2026-07-20,0.052560945836509054,2026-07-20,0.14655280116996727,passive stake,1,SCHEDULE 13G,passive stake
VZ,27,47.220001220703125,41.9900016784668,1191835439.3592834,0.05842084416064908,2026-07-24,0.1007309266874068,2026-07-21,0.041005303909257274,2026-07-21,0.1007309266874068,insider,7,4,insider
WAB,27,291.760009765625,257.8500061035156,244364334.3017578,0.10044397732066712,2026-07-22,0.1669574821560642,2026-07-20,0.054236710986901526,2026-07-22,0.1669574821560642,8-K,2,"10-Q,8-K","8-K,periodic report"
WCC,27,309.3599853515625,307.2099914550781,256667651.61437988,0.04036061999673146,2026-07-09,0.10719059962011213,2026-07-07,-0.16325872462904412,2026-07-07,0.10719059962011213,insider,19,4,insider
WDAY,27,168.00999450683594,113.04000091552734,568113635.2027893,0.09176410960228765,2026-06-26,0.3139124962701767,2026-07-23,0.4862879789994572,2026-07-23,0.3139124962701767,NO KNOWN CAUSE,0,,
WDC,27,462.0400085449219,462.0400085449219,4253341154.8461914,0.12508719285434644,2026-07-21,0.19598978323700367,2026-07-16,-0.36933197070192514,2026-07-21,0.19598978323700367,insider,2,"144,4",insider
WDFC,27,222.39999389648438,222.39999389648438,33594179.177856445,0.10646564901891442,2026-07-10,0.09999550668980017,2026-06-22,-0.003182316847854638,2026-07-10,0.10646564901891442,8-K,3,"10-Q,3,8-K","8-K,insider,periodic report"
WEX,27,188.41000366210938,130.0500030517578,98438391.60766602,0.10142606171498292,2026-07-23,0.21023903215676243,2026-07-22,0.4487504747472033,2026-07-23,0.21023903215676243,8-K,2,"10-Q,8-K","8-K,periodic report"
WIT,27,1.9700000286102295,1.7799999713897705,21762815.513563156,0.05056181731752041,2026-07-24,0.10674160689570833,2026-07-23,-0.12053570525758728,2026-07-23,0.10674160689570833,periodic report,3,6-K,periodic report
WIX,27,61.220001220703125,40.43000030517578,61289021.47293091,0.09589574634912101,2026-07-27,0.2581175793809418,2026-07-22,0.46249403554867663,2026-07-22,0.2581175793809418,NO KNOWN CAUSE,0,,
WKC,27,40.25,31.600000381469727,36975160.44635773,0.05155773113547024,2026-07-24,0.11456582815633332,2026-07-20,0.2705176645286862,2026-07-20,0.11456582815633332,insider,1,4,insider
WKHS,27,3.069999933242798,2.609999895095825,251342.98989772797,0.0722021837764848,2026-07-28,0.13284128783333293,2026-07-24,0.06597215668471024,2026-07-24,0.13284128783333293,8-K,14,"4,8-K,S-8","8-K,insider,proxy/other"
WLFC,26,69.22000122070312,63.119998931884766,30716613.191223145,0.05911177440003401,2026-07-06,0.11533591123552256,2026-07-20,-0.668756276899302,2026-07-20,0.11533591123552256,8-K,3,8-K,8-K
WNW,27,2.490000009536743,2.4700000286102295,265184.9964380264,0.1716868021453939,2026-07-10,0.19047622764462102,2026-06-26,-0.28857142584664486,2026-07-10,0.19047622764462102,periodic report,1,6-K,periodic report
WOK,27,1.8300000429153442,1.8300000429153442,547417.0094490051,0.13861384853149494,2026-07-10,0.04072394236009802,2026-07-02,-0.3999999765489919,2026-07-10,0.13861384853149494,NO KNOWN CAUSE,0,,
WPP,27,21.6299991607666,15.489999771118164,8043790.260314941,0.09007155778250908,2026-07-28,0.19305020198644107,2026-07-23,0.19966712906381345,2026-07-23,0.19305020198644107,NO KNOWN CAUSE,0,,
WRAP,27,1.6299999952316284,1.059999942779541,867791.9815063477,0.4842766324231116,2026-07-09,0.7446809194198447,2026-07-02,0.33606553852990717,2026-07-09,0.7446809194198447,passive stake,9,"4,4/A,SCHEDULE 13G/A","insider,passive stake"
WRLD,27,185.55999755859375,181.0800018310547,22363871.59423828,0.13027389054203664,2026-07-24,0.23105709833459787,2026-06-22,0.02107523205358386,2026-07-24,0.23105709833459787,8-K,3,"8-K,ARS,DEF 14A","8-K,proxy/other"
WT,27,18.239999771118164,16.940000534057617,46986616.942977905,0.062032074870876475,2026-07-09,0.1277683090298929,2026-07-01,-0.022508042857899202,2026-07-01,0.1277683090298929,NO KNOWN CAUSE,0,,
WTI,27,3.5299999713897705,3.0799999237060547,13435577.963495255,0.11006286078147154,2026-07-29,0.15615615400609095,2026-07-16,0.06646526659015173,2026-07-29,0.15615615400609095,NO KNOWN CAUSE,0,,
WU,27,8.09000015258789,7.03000020980835,57619408.08677673,0.06474819568024426,2026-07-17,0.13265305377701253,2026-07-10,0.14104372051882041,2026-07-10,0.13265305377701253,NO KNOWN CAUSE,0,,
WULF,27,15.09000015258789,15.09000015258789,684831140.1626587,0.12796443586346973,2026-07-08,0.11512790586905397,2026-07-16,-0.4669727856850888,2026-07-08,0.12796443586346973,8-K,5,"4,8-K","8-K,insider"
WWW,27,20.530000686645508,16.1200008392334,13830960.720062256,0.0943891543374129,2026-07-28,0.11783614107923235,2026-07-21,0.18533493350929686,2026-07-21,0.11783614107923235,insider,1,4,insider
WYFI,27,20.579999923706055,20.579999923706055,83960554.00428772,0.1304071346000255,2026-07-06,0.22455468657815647,2026-07-02,-0.5403171830851026,2026-07-06,0.22455468657815647,NO KNOWN CAUSE,0,,
XENE,27,63.099998474121094,54.61000061035156,79212618.60961914,0.10383459250851712,2026-07-08,0.17678275260840204,2026-07-01,0.15166996568234614,2026-07-08,0.17678275260840204,trial readout,0,,trial readout
XFOR,27,4.0,3.680000066757202,2502468.0112838745,0.11363631437632704,2026-07-10,0.16750001907348633,2026-06-23,-0.02912618662434696,2026-07-10,0.16750001907348633,NO KNOWN CAUSE,0,,
XGN,27,4.349999904632568,4.090000152587891,845407.9756736755,0.09090911061310525,2026-07-07,0.18826404699259158,2026-07-14,-0.015837142636447754,2026-07-14,0.18826404699259158,NO KNOWN CAUSE,0,,
XMTR,27,80.97000122070312,80.97000122070312,72351465.35339355,0.04724326406094259,2026-07-21,0.1023850860528206,2026-07-08,-0.11566182416194981,2026-07-08,0.1023850860528206,insider,10,"144,4",insider
XNCR,27,19.530000686645508,14.010000228881836,16086399.912834167,0.16856184188896162,2026-07-17,0.3678930450732003,2026-07-14,0.3940043088924512,2026-07-17,0.3678930450732003,NO KNOWN CAUSE,0,,
XRAY,27,14.199999809265137,10.149999618530273,61681547.68180847,0.057510738045712495,2026-07-06,0.16484440551321589,2026-07-09,0.3990148121129984,2026-07-09,0.16484440551321589,passive stake,1,SCHEDULE 13G/A,passive stake
YEXT,27,5.71999979019165,3.930000066757202,6035743.7786102295,0.10600004196167001,2026-07-27,0.19277101096713944,2026-06-25,0.4517765754112508,2026-07-27,0.19277101096713944,NO KNOWN CAUSE,0,,
YYGH,27,1.25,1.059999942779541,763007.9829454422,0.2560000419616699,2026-07-06,0.19999999999999996,2026-06-29,-0.42129631929191447,2026-07-06,0.2560000419616699,activist stake,1,SCHEDULE 13D/A,activist stake
ZCSH,27,30.200000762939453,25.799999237060547,1841242.0547485352,0.16321290102594932,2026-07-07,0.3596666124131944,2026-06-29,0.028960830338059518,2026-07-07,0.3596666124131944,8-K,1,8-K,8-K
ZSQR,27,5.289999961853027,4.525000095367432,4445759.975910187,0.20596588311393638,2026-07-09,0.11134447636270228,2026-07-23,-0.6403806969317036,2026-07-09,0.20596588311393638,offering/dilution,4,"3,8-K,S-3ASR","8-K,insider,offering/dilution"
