ticker,p_pre,p_first,gap,gap_min,up10_hit,up10_min,up10_gap_share,up10_in_gap,dn10_hit,dn10_min,up20_hit,up20_min,up20_gap_share,up20_in_gap,dn20_hit,dn20_min,up50_hit,up50_min,up50_gap_share,up50_in_gap,dn50_hit,dn50_min
AA,48.7400016784668,48.75,0.00020513584712533728,0.0,False,,,False,False,,False,,,False,False,,False,,,False,False,
AA,48.20000076293945,48.220001220703125,0.0004149472499397344,0.0,False,,,False,False,,False,,,False,False,,False,,,False,False,
AA,44.14500045776367,44.14500045776367,0.0,0.0,False,,,False,False,,False,,,False,False,,False,,,False,False,
AA,48.525001525878906,48.529998779296875,0.00010298306565337256,0.0,False,,,False,False,,False,,,False,False,,False,,,False,False,
AA,48.900001525878906,48.90999984741211,0.00020446464665058173,0.0,False,,,False,True,4541.0,False,,,False,False,,False,,,False,False,
AA,44.27510070800781,44.380001068115234,0.0023692856352657277,0.0,False,,,False,False,,False,,,False,False,,False,,,False,False,
AA,50.3650016784668,50.45000076293945,0.001687661702372223,0.0,False,,,False,False,,False,,,False,False,,False,,,False,False,
AAL,14.984999656677246,15.220000267028809,0.015682390105818067,326.0,False,,,False,True,4651.0,False,,,False,False,,False,,,False,False,
AAL,16.334999084472656,16.350000381469727,0.0009183530968992493,0.0,False,,,False,False,,False,,,False,False,,False,,,False,False,
AAL,15.37,14.779999732971191,-0.038386484517163866,900.0,False,,,False,False,,False,,,False,False,,False,,,False,False,
AAL,14.954999923706055,14.984999656677246,0.0020060002089092865,0.0,False,,,False,False,,False,,,False,False,,False,,,False,False,
AAL,15.324999809265137,15.329999923706055,0.0003262717457193087,0.0,False,,,False,True,2709.0,False,,,False,False,,False,,,False,False,
AAL,16.573299407958984,16.579999923706055,0.000404295824394163,0.0,False,,,False,False,,False,,,False,False,,False,,,False,False,
AAL,15.175000190734863,15.194999694824219,0.001317924470377596,0.0,False,,,False,False,,False,,,False,False,,False,,,False,False,
AAL,16.604999542236328,16.610000610351562,0.0003011784554713959,0.0,False,,,False,False,,False,,,False,False,,False,,,False,False,
AAL,13.555000305175781,13.9399995803833,0.028402749283636064,12.0,True,4332.0,0.28402749283636064,False,False,,False,,,False,False,,False,,,False,False,
AAOI,102.36000061035156,102.8333969116211,0.004624817296275507,0.0,True,7229.0,0.046248172962755074,False,True,1420.0,False,,,False,False,,False,,,False,False,
AAOI,99.96,97.5,-0.024609843937574927,71.0,True,5852.0,-0.24609843937574927,False,False,,True,6088.0,-0.12304921968787463,False,False,,False,,,False,False,
AAOI,88.18000030517578,88.11000061035156,-0.0007938273370601268,317.0,False,,,False,True,462.0,False,,,False,False,,False,,,False,False,
AAOI,102.3499984741211,105.37000274658203,0.02950663720063007,3790.0,True,5288.0,0.2950663720063007,False,False,,False,,,False,False,,False,,,False,False,
AAOI,77.73500061035156,77.76000213623047,0.00032162508114241817,0.0,True,1079.0,0.0032162508114241817,False,False,,False,,,False,False,,False,,,False,False,
AAOI,79.94999694824219,79.95999908447266,0.00012510489821471182,0.0,True,1112.0,0.0012510489821471182,False,False,,False,,,False,False,,False,,,False,False,
AAOI,114.52999877929688,114.73999786376953,0.0018335727469738217,0.0,True,1230.0,0.018335727469738217,False,False,,False,,,False,False,,False,,,False,False,
AAOI,110.19000244140625,110.36000061035156,0.0015427730754040692,0.0,True,1074.0,0.015427730754040692,False,True,4118.0,False,,,False,False,,False,,,False,False,
AAOI,102.3499984741211,105.37000274658203,0.02950663720063007,3692.0,True,5190.0,0.2950663720063007,False,False,,False,,,False,False,,False,,,False,False,
AAT,24.329999923706055,24.290000915527344,-0.0016440200700427177,0.0,False,,,False,False,,False,,,False,False,,False,,,False,False,
AB,38.13999938964844,38.130001068115234,-0.0002621479206399435,0.0,False,,,False,False,,False,,,False,False,,False,,,False,False,
AB,38.25,38.2599983215332,0.00026139402701175207,0.0,False,,,False,False,,False,,,False,False,,False,,,False,False,
ABAT,2.2950000762939453,2.2899999618530273,-0.0021786990303688247,0.0,True,2779.0,-0.021786990303688247,False,True,13215.0,False,,,False,False,,False,,,False,False,
ABAT,2.28,2.2799999713897705,-1.254834613995115e-08,294.0,False,,,False,True,7879.0,False,,,False,False,,False,,,False,False,
ABAT,2.234999895095825,2.234999895095825,0.0,0.0,False,,,False,False,,False,,,False,False,,False,,,False,False,
ABAT,2.325000047683716,2.329900026321411,0.002107517650409063,0.0,False,,,False,True,1427.0,False,,,False,False,,False,,,False,False,
ABAT,2.1700000762939453,2.2200000286102295,0.023041451870212448,164.0,False,,,False,False,,False,,,False,False,,False,,,False,False,
ABAT,2.549999952316284,2.549999952316284,0.0,0.0,False,,,False,True,17073.0,False,,,False,False,,False,,,False,False,
ABCB,93.17,92.125,-0.011216056670602104,294.0,False,,,False,False,,False,,,False,False,,False,,,False,False,
ABCB,89.58999633789062,89.55000305175781,-0.00044640347993740725,0.0,False,,,False,False,,False,,,False,False,,False,,,False,False,
ABCL,6.789999961853027,6.710000038146973,-0.011782021230560158,3895.0,False,,,False,True,8482.0,False,,,False,False,,False,,,False,False,
ABCL,5.420000076293945,5.449999809265137,0.005535006005332743,0.0,False,,,False,False,,False,,,False,False,,False,,,False,False,
ABCL,5.28000020980835,5.284999847412109,0.0009469010236917708,0.0,False,,,False,False,,False,,,False,False,,False,,,False,False,
ABCL,6.679999828338623,6.670000076293945,-0.001496968907432561,0.0,False,,,False,True,5686.0,False,,,False,False,,False,,,False,False,
ABG,225.92999267578125,226.81500244140625,0.003917185828864467,0.0,True,18598.0,0.03917185828864467,False,False,,False,,,False,False,,False,,,False,False,
ABG,212.75999450683594,212.69000244140625,-0.00032897192722680657,0.0,True,26980.0,-0.0032897192722680657,False,False,,True,28443.0,-0.0016448596361340329,False,False,,False,,,False,False,
ABR,5.059999942779541,5.059999942779541,0.0,0.0,False,,,False,False,,False,,,False,False,,False,,,False,False,
ABT,99.67,100.62999725341797,0.009631757333379731,1029.0,True,11160.0,0.09631757333379731,False,False,,False,,,False,False,,False,,,False,False,
ABT,96.45999908447266,96.4800033569336,0.00020738412451581922,0.0,False,,,False,False,,False,,,False,False,,False,,,False,False,
ABTC,5.949999809265137,5.960000038146973,0.0016807107903202834,0.0,True,1336.0,0.016807107903202834,False,True,5860.0,False,,,False,False,,False,,,False,False,
ABUS,4.639999866485596,4.715000152587891,0.01616385522853503,0.0,False,,,False,False,,False,,,False,False,,False,,,False,False,
ABVC,1.208899974822998,1.2100000381469727,0.0009099705078046139,0.0,False,,,False,True,14281.0,False,,,False,True,14299.0,False,,,False,False,
ABX,11.970000267028809,11.989999771118164,0.0016708023093736646,0.0,False,,,False,True,8359.0,False,,,False,False,,False,,,False,False,
ABX,10.3100004196167,10.3100004196167,0.0,0.0,False,,,False,False,,False,,,False,False,,False,,,False,False,
ACA,145.25,145.2550048828125,3.445702452675725e-05,0.0,False,,,False,False,,False,,,False,False,,False,,,False,False,
ACA,145.19500732421875,145.13999938964844,-0.0003788555514686598,0.0,False,,,False,False,,False,,,False,False,,False,,,False,False,
ACEL,12.399999618530273,12.399999618530273,0.0,0.0,False,,,False,False,,False,,,False,False,,False,,,False,False,
ACEL,12.25,12.25,0.0,0.0,False,,,False,False,,False,,,False,False,,False,,,False,False,
ACEL,12.46500015258789,12.460000038146973,-0.00040113232087524153,0.0,False,,,False,False,,False,,,False,False,,False,,,False,False,
ACEL,12.380000114440918,12.380000114440918,0.0,0.0,False,,,False,False,,False,,,False,False,,False,,,False,False,
ACEL,12.39,12.520000457763672,0.010492369472451246,88.0,False,,,False,False,,False,,,False,False,,False,,,False,False,
ACEL,12.449999809265137,12.460000038146973,0.000803231247794356,0.0,False,,,False,False,,False,,,False,False,,False,,,False,False,
ACEL,11.779999732971191,11.789999961853027,0.0008489158835756072,0.0,False,,,False,False,,False,,,False,False,,False,,,False,False,
ACEL,11.819999694824219,11.819999694824219,0.0,0.0,False,,,False,False,,False,,,False,False,,False,,,False,False,
ACGL,103.56999969482422,103.62000274658203,0.00048279474659795873,0.0,False,,,False,False,,False,,,False,False,,False,,,False,False,
ACGL,102.34510040283203,102.33499908447266,-9.869860227418314e-05,0.0,False,,,False,False,,False,,,False,False,,False,,,False,False,
ACHC,31.170000076293945,31.420000076293945,0.008020532543730585,0.0,True,14442.0,0.08020532543730585,False,False,,False,,,False,False,,False,,,False,False,
ACHC,31.959999084472656,31.940000534057617,-0.0006257368894843074,0.0,True,17027.0,-0.006257368894843074,False,False,,False,,,False,False,,False,,,False,False,
ACHC,34.68000030517578,34.69499969482422,0.000432508348225058,0.0,False,,,False,True,6841.0,False,,,False,True,6861.0,False,,,False,False,
ACHC,31.469999313354492,31.479999542236328,0.00031777022879042605,0.0,True,14525.0,0.0031777022879042605,False,False,,False,,,False,False,,False,,,False,False,
ACHV,6.289999961853027,6.295000076293945,0.0007949307585439769,0.0,False,,,False,False,,False,,,False,False,,False,,,False,False,
ACHV,6.0,6.0,0.0,0.0,True,12808.0,0.0,False,False,,False,,,False,False,,False,,,False,False,
ACHV,6.041299819946289,6.054999828338623,0.002267725291021261,0.0,False,,,False,False,,False,,,False,False,,False,,,False,False,
ACHV,6.0,6.0,0.0,0.0,True,12806.0,0.0,False,False,,False,,,False,False,,False,,,False,False,
ACI,14.3149995803833,14.335000038146973,0.0013971678903210716,0.0,False,,,False,False,,False,,,False,False,,False,,,False,False,
ACI,11.070199966430664,11.074000358581543,0.00034329932272259,0.0,True,7356.0,0.0034329932272259,False,False,,False,,,False,False,,False,,,False,False,
ACI,14.220000267028809,14.225000381469727,0.0003516254815065789,0.0,False,,,False,False,,False,,,False,False,,False,,,False,False,
ACI,15.130000114440918,15.130000114440918,0.0,0.0,False,,,False,True,8340.0,False,,,False,True,8345.0,False,,,False,False,
ACI,14.149999618530273,14.15999984741211,0.0007067299753662493,0.0,False,,,False,False,,False,,,False,False,,False,,,False,False,
ACNB,58.6150016784668,58.52000045776367,-0.0016207663223188895,0.0,True,27206.0,-0.016207663223188895,False,False,,False,,,False,False,,False,,,False,False,
ACNT,15.015000343322754,15.095000267028809,0.005328000124997123,0.0,False,,,False,False,,False,,,False,False,,False,,,False,False,
ACNT,15.270000457763672,15.229999542236328,-0.0026195752670725714,0.0,False,,,False,False,,False,,,False,False,,False,,,False,False,
ACTU,1.6699999570846558,1.7000000476837158,0.017964126568860372,0.0,True,71.0,0.17964126568860372,False,True,4364.0,False,,,False,True,10153.0,False,,,False,False,
ACU,47.0,47.400001525878906,0.008510670763381079,1052.0,True,4109.0,0.08510670763381079,False,False,,True,9696.0,0.04255335381690539,False,False,,False,,,False,False,
ACU,47.209999084472656,47.380001068115234,0.0036009740931872702,0.0,True,4278.0,0.0360097409318727,False,False,,True,9705.0,0.01800487046593635,False,False,,False,,,False,False,
ACU,46.41999816894531,47.209999084472656,0.017018546891194086,0.0,True,4085.0,0.17018546891194086,False,False,,True,9706.0,0.08509273445597043,False,False,,False,,,False,False,
ADBE,224.72999572753906,224.77000427246094,0.00017802939386157846,0.0,False,,,False,False,,False,,,False,False,,False,,,False,False,
ADBE,230.69000244140625,222.1699981689453,-0.03693269834970403,1036.0,False,,,False,False,,False,,,False,False,,False,,,False,False,
ADBE,234.47000122070312,234.5,0.0001279429314653413,0.0,False,,,False,True,10101.0,False,,,False,False,,False,,,False,False,
ADBE,223.6999969482422,223.72500610351562,0.00011179774525982289,0.0,False,,,False,False,,False,,,False,False,,False,,,False,False,
ADBE,226.90499877929688,227.18499755859375,0.0012339912333496628,0.0,False,,,False,False,,False,,,False,False,,False,,,False,False,
ADBE,264.1000061035156,264.0799865722656,-7.580284281460958e-05,0.0,False,,,False,False,,False,,,False,False,,False,,,False,False,
ADBE,220.78500366210938,220.77999877929688,-2.2668581332485616e-05,0.0,False,,,False,False,,False,,,False,False,,False,,,False,False,
ADBE,249.22000122070312,252.3699951171875,0.012639410484934555,226.0,False,,,False,False,,False,,,False,False,,False,,,False,False,
ADBE,230.69000244140625,222.1699981689453,-0.03693269834970403,16.0,False,,,False,False,,False,,,False,False,,False,,,False,False,
ADBE,249.22000122070312,252.3699951171875,0.012639410484934555,326.0,False,,,False,False,,False,,,False,False,,False,,,False,False,
ADCT,1.225000023841858,1.225000023841858,0.0,0.0,True,3000.0,0.0,False,True,19991.0,False,,,False,False,,False,,,False,False,
ADEA,27.610000610351562,27.614999771118164,0.00018106340659507225,0.0,False,,,False,True,8495.0,False,,,False,False,,False,,,False,False,
ADNT,19.18000030517578,19.190000534057617,0.000521388358848851,0.0,True,20019.0,0.00521388358848851,False,False,,False,,,False,False,,False,,,False,False,
ADSK,246.60499572753906,246.67999267578125,0.0003041177167597553,0.0,False,,,False,False,,False,,,False,False,,False,,,False,False,
ADSK,203.7050018310547,203.5800018310547,-0.0006136324531867965,0.0,True,5849.0,-0.006136324531867965,False,False,,True,8611.0,-0.0030681622659339824,False,False,,False,,,False,False,
ADTN,9.399999618530273,9.399999618530273,0.0,0.0,False,,,False,True,2799.0,False,,,False,False,,False,,,False,False,
ADTN,12.800000190734863,12.8100004196167,0.000781267869751634,0.0,False,,,False,True,11326.0,False,,,False,True,19966.0,False,,,False,False,
ADTN,11.770000457763672,11.795999526977539,0.0022089267801785883,0.0,False,,,False,True,2873.0,False,,,False,True,2874.0,False,,,False,False,
ADTN,11.885000228881836,11.895000457763672,0.000841415960391334,0.0,False,,,False,True,9750.0,False,,,False,True,9750.0,False,,,False,False,
ADTN,13.420000076293945,13.149999618530273,-0.0201192590334347,0.0,False,,,False,True,2947.0,False,,,False,True,12960.0,False,,,False,False,
ADTX,0.0031999999191612005,0.003100000089034438,-0.031249947704053316,0.0,True,1250.0,-0.31249947704053316,False,True,11317.0,True,1255.0,-0.15624973852026658,False,True,12691.0,True,1273.0,-0.06249989540810663,False,False,
ADVB,18.8154,17.0,-0.09648479437056878,3884.0,False,,,False,True,3884.0,False,,,False,True,4252.0,False,,,False,False,
AEBI,11.755000114440918,11.755000114440918,0.0,0.0,True,2667.0,0.0,False,False,,False,,,False,False,,False,,,False,False,
AEHR,93.52999877929688,93.2300033569336,-0.003207478095569982,25.0,False,,,False,True,1471.0,False,,,False,True,5816.0,False,,,False,False,
AEHR,66.81999969482422,65.98999786376953,-0.01242145816889273,1023.0,True,2463.0,-0.1242145816889273,False,False,,True,11103.0,-0.06210729084446365,False,False,,True,11103.0,-0.02484291633778546,False,False,
AEHR,88.62000274658203,87.44999694824219,-0.01320250239311771,937.0,False,,,False,True,961.0,False,,,False,True,6697.0,False,,,False,False,
AEHR,67.64,79.48999786376953,0.17519216238571156,89.0,True,89.0,1.7519216238571156,True,False,,True,8729.0,0.8759608119285578,False,False,,True,8729.0,0.3503843247714231,False,False,
AEHR,77.07499694824219,77.07499694824219,0.0,0.0,True,8405.0,0.0,False,True,5525.0,True,8405.0,0.0,False,False,,False,,,False,False,
AEHR,67.64,79.48999786376953,0.17519216238571156,192.0,True,192.0,1.7519216238571156,True,False,,True,8832.0,0.8759608119285578,False,False,,True,8832.0,0.3503843247714231,False,False,
AEHR,88.62000274658203,87.44999694824219,-0.01320250239311771,246.0,False,,,False,True,270.0,False,,,False,True,6006.0,False,,,False,False,
AEHR,76.27999877929688,76.16000366210938,-0.0015730875604060834,0.0,True,8516.0,-0.015730875604060834,False,True,5636.0,True,8516.0,-0.007865437802030417,False,False,,False,,,False,False,
AEHR,91.0,90.9000015258789,-0.0010988843310010266,0.0,False,,,False,True,1274.0,False,,,False,True,5644.0,False,,,False,False,
AEHR,72.31999969482422,68.12999725341797,-0.05793698090552013,886.0,False,,,False,True,936.0,False,,,False,False,,False,,,False,False,
AEHR,66.30000305175781,66.2699966430664,-0.00045258532896264025,0.0,True,2609.0,-0.0045258532896264025,False,False,,True,11249.0,-0.0022629266448132013,False,False,,True,11249.0,-0.0009051706579252805,False,False,
AEHR,75.33000183105469,75.3499984741211,0.0002654539038942083,0.0,True,8569.0,0.002654539038942083,False,True,5702.0,True,8569.0,0.0013272695194710415,False,False,,False,,,False,False,
AEHR,65.52,72.0,0.098901098901099,1010.0,True,1025.0,0.9890109890109899,False,False,,False,,,False,False,,False,,,False,False,
AEHR,67.64,79.48999786376953,0.17519216238571156,224.0,True,224.0,1.7519216238571156,True,False,,True,8864.0,0.8759608119285578,False,False,,True,8864.0,0.3503843247714231,False,False,
AEHR,67.64,79.48999786376953,0.17519216238571156,181.0,True,181.0,1.7519216238571156,True,False,,True,8821.0,0.8759608119285578,False,False,,True,8821.0,0.3503843247714231,False,False,
AEHR,68.0,68.02999877929688,0.0004411585190717826,0.0,True,1486.0,0.004411585190717826,False,False,,False,,,False,False,,False,,,False,False,
AEHR,89.20999908447266,89.30500030517578,0.0010649167321834518,0.0,False,,,False,True,1314.0,False,,,False,True,7051.0,False,,,False,False,
AEHR,65.37000274658203,65.55680084228516,0.0028575506785164517,0.0,True,2730.0,0.028575506785164517,False,False,,True,2730.0,0.014287753392582259,False,False,,True,11370.0,0.0057151013570329035,False,False,
AEHR,72.29000091552734,72.58000183105469,0.004011632478276184,0.0,True,7121.0,0.040116324782761836,False,False,,True,7121.0,0.020058162391380918,False,False,,True,7128.0,0.008023264956552367,False,False,
AEHR,77.48999786376953,78.24949645996094,0.009801246833515576,0.0,True,8609.0,0.09801246833515576,False,True,5729.0,True,8609.0,0.04900623416757788,False,False,,False,,,False,False,
AEMD,0.6906999945640564,0.6904000043869019,-0.0004343277537506296,0.0,False,,,False,True,14353.0,False,,,False,True,24660.0,False,,,False,False,
AEMD,0.6913999915122986,0.6848000288009644,-0.009545795187092976,0.0,False,,,False,True,14144.0,False,,,False,True,24451.0,False,,,False,False,
AEO,17.40999984741211,17.485000610351562,0.004307912900447297,0.0,False,,,False,False,,False,,,False,False,,False,,,False,False,
AEO,16.145000457763672,16.155000686645508,0.0006194009661379951,0.0,True,4019.0,0.006194009661379951,False,False,,False,,,False,False,,False,,,False,False,
AEO,16.395000457763672,16.415000915527344,0.0012199119978799633,0.0,False,,,False,False,,False,,,False,False,,False,,,False,False,
AEO,17.360000610351562,17.360000610351562,0.0,0.0,False,,,False,False,,False,,,False,False,,False,,,False,False,
AEO,16.940000534057617,16.940000534057617,0.0,0.0,False,,,False,False,,False,,,False,False,,False,,,False,False,
AEO,17.385000228881836,17.385000228881836,0.0,0.0,False,,,False,False,,False,,,False,False,,False,,,False,False,
AEO,16.545000076293945,16.600000381469727,0.0033242855800639237,0.0,False,,,False,False,,False,,,False,False,,False,,,False,False,
AEO,17.600000381469727,17.625,0.0014204328402511734,0.0,False,,,False,False,,False,,,False,False,,False,,,False,False,
AEO,17.34000015258789,17.350000381469727,0.0005767144633124222,0.0,False,,,False,False,,False,,,False,False,,False,,,False,False,
AEO,16.239999771118164,16.239999771118164,0.0,0.0,True,4131.0,0.0,False,False,,False,,,False,False,,False,,,False,False,
AEO,17.540000915527344,17.55500030517578,0.000855153299060607,0.0,False,,,False,False,,False,,,False,False,,False,,,False,False,
AEO,15.904999732971191,15.90999984741211,0.00031437375195619843,0.0,True,1687.0,0.0031437375195619843,False,False,,False,,,False,False,,False,,,False,False,
AEO,17.420000076293945,17.424999237060547,0.00028697822874312884,0.0,False,,,False,False,,False,,,False,False,,False,,,False,False,
AEO,17.34000015258789,17.389999389648438,0.0028834623195250764,0.0,False,,,False,False,,False,,,False,False,,False,,,False,False,
AEO,16.0049991607666,16.010000228881836,0.0003124691269895674,0.0,True,2725.0,0.003124691269895674,False,False,,False,,,False,False,,False,,,False,False,
AEO,17.565000534057617,17.584999084472656,0.00113854539180136,0.0,False,,,False,False,,False,,,False,False,,False,,,False,False,
AEO,16.05500030517578,16.05500030517578,0.0,0.0,True,2714.0,0.0,False,False,,False,,,False,False,,False,,,False,False,
AEO,17.014999389648438,17.024999618530273,0.0005877301933916446,0.0,False,,,False,False,,False,,,False,False,,False,,,False,False,
AEO,17.209999084472656,17.219999313354492,0.0005810708549576216,0.0,False,,,False,False,,False,,,False,False,,False,,,False,False,
AEO,17.41,17.424999237060547,0.0008615299862462233,1025.0,False,,,False,False,,False,,,False,False,,False,,,False,False,
AEO,17.30500030517578,17.315000534057617,0.0005778808844543182,0.0,False,,,False,False,,False,,,False,False,,False,,,False,False,
AEO,17.235000610351562,17.229999542236328,-0.000290169303053589,0.0,False,,,False,False,,False,,,False,False,,False,,,False,False,
AEO,16.325000762939453,16.325000762939453,0.0,0.0,False,,,False,False,,False,,,False,False,,False,,,False,False,
AEON,0.2854999899864197,0.2861500084400177,0.0022767722465733,0.0,False,,,False,True,4105.0,False,,,False,True,9802.0,False,,,False,False,
AEON,0.2937999963760376,0.30070000886917114,0.023485407005594983,0.0,False,,,False,True,8436.0,False,,,False,True,14205.0,False,,,False,False,
AEON,0.29190000891685486,0.2944999933242798,0.008907106296682343,0.0,False,,,False,True,4028.0,False,,,False,True,9791.0,False,,,False,False,
AEON,0.2949,0.27900001406669617,-0.053916534192281595,53.0,False,,,False,True,3293.0,False,,,False,True,10165.0,False,,,False,False,
AEON,0.2974,0.2773999869823456,-0.06724953940031753,326.0,False,,,False,True,7872.0,False,,,False,True,14758.0,False,,,False,False,
AEON,0.28540000319480896,0.28540000319480896,0.0,0.0,False,,,False,True,4188.0,False,,,False,True,9885.0,False,,,False,False,
AEON,0.2974,0.2773999869823456,-0.06724953940031753,242.0,False,,,False,True,7788.0,False,,,False,True,14674.0,False,,,False,False,
AES,14.800000190734863,14.800000190734863,0.0,0.0,False,,,False,False,,False,,,False,False,,False,,,False,False,
AGCO,114.62999725341797,114.5,-0.0011340596399961322,0.0,False,,,False,False,,False,,,False,False,,False,,,False,False,
AGCO,117.27,118.24500274658203,0.008314170261635834,208.0,False,,,False,False,,False,,,False,False,,False,,,False,False,
AGCO,113.28500366210938,113.41000366210938,0.0011034117134589572,0.0,False,,,False,False,,False,,,False,False,,False,,,False,False,
AGCO,113.62999725341797,113.61499786376953,-0.0001320020242100428,0.0,False,,,False,False,,False,,,False,False,,False,,,False,False,
AGCO,123.41000366210938,123.47000122070312,0.00048616446652105516,0.0,False,,,False,True,2737.0,False,,,False,False,,False,,,False,False,
AGCO,117.28,118.0999984741211,0.006991801450555002,54.0,False,,,False,False,,False,,,False,False,,False,,,False,False,
AGCO,113.98999786376953,113.91999816894531,-0.0006140862894644661,0.0,False,,,False,False,,False,,,False,False,,False,,,False,False,
AGEN,3.2699999809265137,3.2699999809265137,0.0,0.0,True,5512.0,0.0,False,False,,True,5512.0,0.0,False,False,,True,5512.0,0.0,False,False,
AGEN,5.719900131225586,5.71999979019165,1.7423200366906144e-05,0.0,True,7241.0,0.00017423200366906144,False,False,,True,8603.0,8.711600183453072e-05,False,False,,False,,,False,False,
AGEN,5.010000228881836,5.005000114440918,-0.0009980267889196925,0.0,True,6979.0,-0.009980267889196925,False,False,,True,9853.0,-0.004990133944598463,False,False,,False,,,False,False,
AGEN,5.809999942779541,5.829999923706055,0.00344233754276857,0.0,True,8516.0,0.0344233754276857,False,False,,False,,,False,False,,False,,,False,False,
AGEN,4.829899787902832,4.820000171661377,-0.0020496525137539967,0.0,True,5579.0,-0.020496525137539967,False,False,,True,7115.0,-0.010248262568769984,False,False,,False,,,False,False,
AGEN,3.299999952316284,3.299999952316284,0.0,0.0,True,6989.0,0.0,False,False,,True,6989.0,0.0,False,False,,True,6989.0,0.0,False,False,
AGEN,3.305000066757202,3.309999942779541,0.0015128217613757933,0.0,True,6996.0,0.015128217613757933,False,False,,True,6996.0,0.007564108806878966,False,False,,True,6996.0,0.0030256435227515865,False,False,
AGEN,5.684999942779541,5.710000038146973,0.004397554198603659,0.0,True,8604.0,0.04397554198603659,False,False,,True,9993.0,0.021987770993018296,False,False,,False,,,False,False,
AGEN,5.01,5.0,-0.001996007984031878,114.0,True,7390.0,-0.01996007984031878,False,False,,True,10264.0,-0.00998003992015939,False,False,,False,,,False,False,
AGL,112.81999969482422,112.8499984741211,0.00026589948039368316,0.0,True,7235.0,0.0026589948039368316,False,True,20313.0,False,,,False,True,27250.0,False,,,False,False,
AGNC,10.639900207519531,10.640000343322754,9.411347970278428e-06,0.0,False,,,False,False,,False,,,False,False,,False,,,False,False,
AGNC,10.604999542236328,10.609999656677246,0.0004714865305750493,0.0,False,,,False,False,,False,,,False,False,,False,,,False,False,
AGPU,6.889999866485596,6.889999866485596,0.0,0.0,True,3932.0,0.0,False,False,,False,,,False,False,,False,,,False,False,
AGPU,6.809999942779541,6.7754998207092285,-0.005066097262877656,0.0,True,5583.0,-0.05066097262877656,False,False,,True,5668.0,-0.02533048631438828,False,False,,False,,,False,False,
AGPU,7.283299922943115,7.295000076293945,0.001606435746792867,0.0,True,5831.0,0.01606435746792867,False,False,,False,,,False,False,,False,,,False,False,
AGYS,96.73999786376953,96.63500213623047,-0.0010853393617696883,0.0,True,5925.0,-0.010853393617696883,False,False,,False,,,False,False,,False,,,False,False,
AGYS,106.71489715576172,106.5199966430664,-0.001826366495118581,0.0,False,,,False,True,21434.0,False,,,False,False,,False,,,False,False,
AGYS,104.31999969482422,104.51000213623047,0.0018213424267836675,0.0,True,19993.0,0.018213424267836675,False,False,,False,,,False,False,,False,,,False,False,
AGYS,100.79000091552734,100.79499816894531,4.9580845049801425e-05,0.0,True,9888.0,0.0004958084504980143,False,False,,False,,,False,False,,False,,,False,False,
AGYS,99.12000274658203,99.11000061035156,-0.00010090936191797795,0.0,True,5400.0,-0.0010090936191797795,False,False,,False,,,False,False,,False,,,False,False,
AHCO,10.359999656677246,10.359999656677246,0.0,0.0,True,11330.0,0.0,False,False,,False,,,False,False,,False,,,False,False,
AHCO,10.90999984741211,10.899999618530273,-0.0009166112760494727,0.0,False,,,False,False,,False,,,False,False,,False,,,False,False,
AHCO,11.260000228881836,11.246000289916992,-0.0012433338081943024,0.0,False,,,False,False,,False,,,False,False,,False,,,False,False,
AHCO,10.069999694824219,10.079999923706055,0.0009930714185597544,0.0,True,8666.0,0.009930714185597544,False,False,,False,,,False,False,,False,,,False,False,
AHR,54.46500015258789,54.46500015258789,0.0,0.0,False,,,False,False,,False,,,False,False,,False,,,False,False,
AHR,54.62,54.599998474121094,-0.00036619417573968693,233.0,False,,,False,False,,False,,,False,False,,False,,,False,False,
AHR,54.540000915527344,54.540000915527344,0.0,0.0,False,,,False,False,,False,,,False,False,,False,,,False,False,
AHR,57.099998474121094,57.125,0.00043785510590232946,0.0,False,,,False,False,,False,,,False,False,,False,,,False,False,
AHR,54.494998931884766,54.494998931884766,0.0,0.0,False,,,False,False,,False,,,False,False,,False,,,False,False,
AIM,0.2540000081062317,0.2540000081062317,0.0,0.0,False,,,False,False,,False,,,False,False,,False,,,False,False,
AIM,0.23999999463558197,0.2409999966621399,0.0041666752037905486,0.0,False,,,False,False,,False,,,False,False,,False,,,False,False,
AIOT,4.224999904632568,4.224999904632568,0.0,0.0,False,,,False,True,9818.0,False,,,False,False,,False,,,False,False,
AIOT,4.215000152587891,4.230000019073486,0.0035586870563661943,0.0,False,,,False,True,19048.0,False,,,False,False,,False,,,False,False,
AIR,135.10000610351562,135.27999877929688,0.0013322921365623852,0.0,False,,,False,False,,False,,,False,False,,False,,,False,False,
AIR,131.4499969482422,131.36000061035156,-0.0006846431341193115,0.0,False,,,False,False,,False,,,False,False,,False,,,False,False,
AIR,138.64999389648438,138.64999389648438,0.0,0.0,False,,,False,True,4151.0,False,,,False,False,,False,,,False,False,
AIR,136.84500122070312,137.0500030517578,0.001498058600796437,0.0,False,,,False,False,,False,,,False,False,,False,,,False,False,
AIR,137.22500610351562,137.22500610351562,0.0,0.0,False,,,False,False,,False,,,False,False,,False,,,False,False,
AIR,137.0124969482422,137.0124969482422,0.0,0.0,False,,,False,False,,False,,,False,False,,False,,,False,False,
AIR,135.34,137.99000549316406,0.019580356828462042,261.0,False,,,False,False,,False,,,False,False,,False,,,False,False,
AIR,133.4199981689453,133.5500030517578,0.0009744032723482121,0.0,False,,,False,False,,False,,,False,False,,False,,,False,False,
AIR,136.4149932861328,136.5399932861328,0.0009163215639926836,0.0,False,,,False,False,,False,,,False,False,,False,,,False,False,
AIR,132.2899932861328,132.69000244140625,0.0030237295001462883,0.0,False,,,False,False,,False,,,False,False,,False,,,False,False,
AIR,143.07000732421875,143.2449951171875,0.0012230920808733448,0.0,False,,,False,True,5387.0,False,,,False,False,,False,,,False,False,
AIR,133.48,130.6199951171875,-0.02142646750683619,1030.0,False,,,False,False,,False,,,False,False,,False,,,False,False,
AIR,131.3699951171875,131.48500061035156,0.0008754319664963095,0.0,False,,,False,False,,False,,,False,False,,False,,,False,False,
AIRI,2.690000057220459,2.690000057220459,0.0,0.0,False,,,False,False,,False,,,False,False,,False,,,False,False,
AKR,21.299999237060547,21.290000915527344,-0.00046940478363055593,0.0,False,,,False,False,,False,,,False,False,,False,,,False,False,
AKTX,14.25,14.220000267028809,-0.002105244419030927,0.0,False,,,False,True,2939.0,False,,,False,True,5707.0,False,,,False,False,
AKTX,12.960000038146973,13.079999923706055,0.009259250401687513,0.0,False,,,False,True,2782.0,False,,,False,True,11204.0,False,,,False,False,
AKTX,12.960000038146973,13.079999923706055,0.009259250401687513,0.0,False,,,False,True,2782.0,False,,,False,True,11204.0,False,,,False,False,
ALB,118.62,120.5999984741211,0.016691944647792,305.0,False,,,False,False,,False,,,False,False,,False,,,False,False,
ALB,128.2700958251953,128.36000061035156,0.0007009021438539875,0.0,False,,,False,False,,False,,,False,False,,False,,,False,False,
ALB,129.14999389648438,129.2100067138672,0.0004646753404489168,0.0,False,,,False,False,,False,,,False,False,,False,,,False,False,
ALB,125.72000122070312,125.77999877929688,0.00047723161001589354,0.0,False,,,False,False,,False,,,False,False,,False,,,False,False,
ALB,118.9000015258789,119.3949966430664,0.004163121201304243,0.0,False,,,False,False,,False,,,False,False,,False,,,False,False,
ALB,114.5199966430664,114.43499755859375,-0.00074222045899619,0.0,False,,,False,False,,False,,,False,False,,False,,,False,False,
ALB,118.30000305175781,118.3499984741211,0.0004226155627520267,0.0,False,,,False,False,,False,,,False,False,,False,,,False,False,
ALB,126.5999984741211,126.77999877929688,0.0014218033755550863,0.0,False,,,False,False,,False,,,False,False,,False,,,False,False,
ALB,117.83499908447266,117.9800033569336,0.0012305704891377722,0.0,False,,,False,False,,False,,,False,False,,False,,,False,False,
ALB,114.58999633789062,115.09500122070312,0.004407059071050101,0.0,False,,,False,False,,False,,,False,False,,False,,,False,False,
ALB,124.74,122.12999725341797,-0.020923542941975515,117.0,False,,,False,False,,False,,,False,False,,False,,,False,False,
ALB,124.74,122.12999725341797,-0.020923542941975515,203.0,False,,,False,False,,False,,,False,False,,False,,,False,False,
ALDX,1.7200000286102295,1.7200000286102295,0.0,0.0,False,,,False,True,1523.0,False,,,False,False,,False,,,False,False,
ALDX,2.1700000762939453,2.1700000762939453,0.0,0.0,False,,,False,True,7177.0,False,,,False,True,11497.0,False,,,False,False,
ALEC,1.5149999856948853,1.5149999856948853,0.0,0.0,False,,,False,False,,False,,,False,False,,False,,,False,False,
ALEC,1.5099999904632568,1.524999976158142,0.009933765423590035,0.0,False,,,False,False,,False,,,False,False,,False,,,False,False,
ALG,160.83999633789062,161.97000122070312,0.007025646036689759,0.0,False,,,False,False,,False,,,False,False,,False,,,False,False,
ALG,164.0800018310547,164.88999938964844,0.004936601350283842,0.0,False,,,False,False,,False,,,False,False,,False,,,False,False,
ALG,164.9250030517578,165.15499877929688,0.0013945473596073121,0.0,False,,,False,False,,False,,,False,False,,False,,,False,False,
ALG,163.50999450683594,163.50999450683594,0.0,0.0,False,,,False,False,,False,,,False,False,,False,,,False,False,
ALGN,185.68499755859375,185.6750030517578,-5.382506377649143e-05,0.0,False,,,False,True,22889.0,False,,,False,False,,False,,,False,False,
ALIT,20.440000534057617,20.479999542236328,0.0019568985877502776,0.0,True,2552.0,0.019568985877502776,False,True,11342.0,False,,,False,False,,False,,,False,False,
ALIT,19.93000030517578,20.0,0.0035122776594258553,0.0,True,1563.0,0.035122776594258553,False,True,14465.0,False,,,False,False,,False,,,False,False,
ALIT,21.364999771118164,21.440000534057617,0.003510449976266372,0.0,False,,,False,True,7049.0,False,,,False,False,,False,,,False,False,
ALIT,19.860000610351562,19.860000610351562,0.0,0.0,True,1566.0,0.0,False,True,14470.0,False,,,False,False,,False,,,False,False,
ALIT,19.62,20.0,0.019367991845056,326.0,True,1898.0,0.19367991845055998,False,False,,True,3257.0,0.09683995922527999,False,False,,False,,,False,False,
ALIT,22.21500015258789,22.229999542236328,0.0006751919669327755,0.0,False,,,False,True,8298.0,False,,,False,True,11245.0,False,,,False,False,
ALIT,21.94,22.110000610351562,0.007748432559323559,119.0,False,,,False,True,8778.0,False,,,False,True,21827.0,False,,,False,False,
ALIT,22.1299991607666,22.1299991607666,0.0,0.0,False,,,False,True,8405.0,False,,,False,True,21415.0,False,,,False,False,
ALIT,21.959999084472656,22.0,0.001821535391393958,0.0,False,,,False,True,8397.0,False,,,False,True,21446.0,False,,,False,False,
ALIT,21.750099182128906,21.719999313354492,-0.0013838957019168818,0.0,False,,,False,True,6902.0,False,,,False,False,,False,,,False,False,
ALIT,20.559999465942383,20.6299991607666,0.0034046545059582822,0.0,True,2852.0,0.03404654505958282,False,True,11638.0,False,,,False,False,,False,,,False,False,
ALIT,21.635000228881836,21.650800704956055,0.0007303201251240843,0.0,False,,,False,True,6970.0,False,,,False,False,,False,,,False,False,
ALIT,20.530000686645508,20.531299591064453,6.326860085259511e-05,0.0,False,,,False,True,5778.0,False,,,False,False,,False,,,False,False,
ALK,45.525001525878906,45.529998779296875,0.00010976942889562302,0.0,False,,,False,False,,False,,,False,False,,False,,,False,False,
ALK,48.334999084472656,48.43000030517578,0.001965474759544339,0.0,False,,,False,True,9972.0,False,,,False,False,,False,,,False,False,
ALKS,51.22999954223633,51.22999954223633,0.0,0.0,False,,,False,False,,False,,,False,False,,False,,,False,False,
ALKS,53.25,53.31999969482422,0.001314548259609749,0.0,False,,,False,True,7328.0,False,,,False,False,,False,,,False,False,
ALKS,51.55500030517578,51.58000183105469,0.00048494861276138224,0.0,False,,,False,False,,False,,,False,False,,False,,,False,False,
ALKS,51.36000061035156,51.3650016784668,9.737282040123141e-05,0.0,False,,,False,False,,False,,,False,False,,False,,,False,False,
ALKS,52.70000076293945,52.72999954223633,0.0005692367905614226,0.0,False,,,False,False,,False,,,False,False,,False,,,False,False,
ALKS,52.36000061035156,52.35749816894531,-4.779299803436832e-05,0.0,False,,,False,False,,False,,,False,False,,False,,,False,False,
ALLE,134.875,134.81500244140625,-0.0004448382472196366,0.0,True,19824.0,-0.004448382472196366,False,False,,False,,,False,False,,False,,,False,False,
ALLE,137.1649932861328,137.2449951171875,0.000583252542343704,0.0,True,8430.0,0.0058325254234370405,False,False,,False,,,False,False,,False,,,False,False,
ALLE,138.13,137.98500061035156,-0.001049731337496751,1030.0,True,3910.0,-0.01049731337496751,False,False,,False,,,False,False,,False,,,False,False,
ALLE,137.3524932861328,137.3800048828125,0.00020029921570019482,0.0,True,8419.0,0.002002992157001948,False,False,,False,,,False,False,,False,,,False,False,
ALLE,136.5,136.63499450683594,0.0009889707460508657,0.0,True,12700.0,0.009889707460508657,False,False,,True,19938.0,0.004944853730254328,False,False,,False,,,False,False,
ALLE,140.02000427246094,140.0449981689453,0.0001785023262514951,0.0,True,9743.0,0.001785023262514951,False,False,,False,,,False,False,,False,,,False,False,
ALLE,137.3000030517578,137.42999267578125,0.0009467561626668175,0.0,True,8395.0,0.009467561626668175,False,False,,False,,,False,False,,False,,,False,False,
ALLE,137.89999389648438,137.8699951171875,-0.00021754010605246066,0.0,True,3981.0,-0.0021754010605246066,False,False,,False,,,False,False,,False,,,False,False,
ALLY,46.619998931884766,46.724998474121094,0.0022522424848130385,0.0,False,,,False,False,,False,,,False,False,,False,,,False,False,
ALLY,46.65999984741211,46.650001525878906,-0.00021428035932058442,0.0,False,,,False,False,,False,,,False,False,,False,,,False,False,
ALLY,46.06999969482422,46.119998931884766,0.0010852884174463728,0.0,False,,,False,False,,False,,,False,False,,False,,,False,False,
ALLY,45.72999954223633,45.7599983215332,0.0006559978044426984,0.0,False,,,False,False,,False,,,False,False,,False,,,False,False,
ALLY,46.11000061035156,46.125,0.0003252958024266839,0.0,False,,,False,False,,False,,,False,False,,False,,,False,False,
ALLY,46.23,46.58000183105469,0.007570881052448408,150.0,False,,,False,False,,False,,,False,False,,False,,,False,False,
ALT,2.772700071334839,2.7701001167297363,-0.0009376977452346669,0.0,True,5668.0,-0.009376977452346669,False,False,,False,,,False,False,,False,,,False,False,
ALTG,5.909999847412109,5.9120001792907715,0.0003384656396459018,0.0,True,1435.0,0.003384656396459018,False,False,,False,,,False,False,,False,,,False,False,
ALTG,6.010000228881836,6.03000020980835,0.0033277837212719596,0.0,True,3105.0,0.033277837212719596,False,False,,False,,,False,False,,False,,,False,False,
ALV,121.41000366210938,121.37999725341797,-0.0002471493928533075,0.0,False,,,False,False,,False,,,False,False,,False,,,False,False,
ALV,118.93000030517578,119.04000091552734,0.0009249189444993089,0.0,False,,,False,False,,False,,,False,False,,False,,,False,False,
AM,22.420000076293945,22.420000076293945,0.0,0.0,False,,,False,False,,False,,,False,False,,False,,,False,False,
AM,22.6200008392334,22.625,0.00022100621490395156,0.0,False,,,False,False,,False,,,False,False,,False,,,False,False,
AM,22.760000228881836,22.75,-0.0004393773629731701,0.0,False,,,False,False,,False,,,False,False,,False,,,False,False,
AM,22.399999618530273,22.40999984741211,0.00044643879697048305,0.0,False,,,False,False,,False,,,False,False,,False,,,False,False,
AM,22.290000915527344,22.299999237060547,0.00044855635363560964,0.0,False,,,False,False,,False,,,False,False,,False,,,False,False,
AM,21.715999603271484,21.739999771118164,0.001105183656526787,0.0,False,,,False,False,,False,,,False,False,,False,,,False,False,
AM,22.600000381469727,22.6200008392334,0.0008849759923044154,0.0,False,,,False,False,,False,,,False,False,,False,,,False,False,
AM,22.799999237060547,22.799999237060547,0.0,0.0,False,,,False,False,,False,,,False,False,,False,,,False,False,
AM,22.540000915527344,22.549999237060547,0.00044358123900134494,0.0,False,,,False,False,,False,,,False,False,,False,,,False,False,
AMAL,46.47999954223633,46.45000076293945,-0.0006454126418313777,0.0,False,,,False,False,,False,,,False,False,,False,,,False,False,
AMAL,45.90999984741211,46.02000045776367,0.002396005461057893,0.0,True,28459.0,0.02396005461057893,False,False,,False,,,False,False,,False,,,False,False,
AMBA,73.57980346679688,73.5999984741211,0.00027446400197761456,0.0,False,,,False,True,131.0,False,,,False,False,,False,,,False,False,
AMBA,70.76000213623047,70.66999816894531,-0.0012719610594680297,0.0,False,,,False,True,7100.0,False,,,False,False,,False,,,False,False,
AMC,1.875,1.8799999952316284,0.002666664123535112,0.0,True,6820.0,0.02666664123535112,False,False,,False,,,False,False,,False,,,False,False,
AMC,1.7599999904632568,1.767699956893921,0.004374980950220042,0.0,True,2858.0,0.04374980950220042,False,False,,False,,,False,False,,False,,,False,False,
AMC,2.7200000286102295,2.7300000190734863,0.0036764670434088487,0.0,False,,,False,False,,False,,,False,False,,False,,,False,False,
AMC,1.74,1.725000023841858,-0.008620675952955237,1043.0,True,2697.0,-0.08620675952955237,False,False,,False,,,False,False,,False,,,False,False,
AMD,536.0449829101562,536.6400146484375,0.0011100406817556863,0.0,False,,,False,True,4145.0,False,,,False,True,7034.0,False,,,False,False,
AMD,503.4200134277344,529.5399780273438,0.051885034172084676,919.0,True,2450.0,0.5188503417208468,False,False,,False,,,False,False,,False,,,False,False,
AMIX,6.570000171661377,5.989999771118164,-0.08828011954169346,26.0,True,23079.0,-0.8828011954169346,False,True,26.0,False,,,False,True,1466.0,False,,,False,True,15868.0
AMIX,4.739999771118164,4.769999980926514,0.006329158493033615,0.0,True,17123.0,0.06329158493033615,False,True,4449.0,True,17124.0,0.03164579246516808,False,True,8479.0,True,17132.0,0.01265831698606723,False,False,
AMIX,5.900000095367432,5.8850998878479,-0.0025254588607940276,0.0,True,22790.0,-0.025254588607940276,False,True,1179.0,True,22792.0,-0.012627294303970138,False,True,5499.0,False,,,False,True,15965.0
AMIX,2.9,2.9700000286102295,0.024137940900079258,3740.0,True,3774.0,0.24137940900079258,False,True,5180.0,True,6620.0,0.12068970450039629,False,False,,True,6620.0,0.048275881800158515,False,False,
AMKR,65.45999908447266,65.41000366210938,-0.0007637553171787603,0.0,True,1257.0,-0.007637553171787603,False,False,,False,,,False,False,,False,,,False,False,
AMKR,70.77,67.80000305175781,-0.041966892019813296,996.0,False,,,False,True,1040.0,False,,,False,False,,False,,,False,False,
AMKR,72.08000183105469,72.16999816894531,0.0012485618147120014,0.0,False,,,False,True,8424.0,False,,,False,False,,False,,,False,False,
AMKR,72.91500091552734,73.05999755859375,0.001988570818704183,0.0,False,,,False,True,5790.0,False,,,False,True,11373.0,False,,,False,False,
AMKR,65.30999755859375,71.5,0.09477878843668308,973.0,False,,,False,True,5359.0,False,,,False,True,6733.0,False,,,False,False,
AMKR,72.70999908447266,73.0,0.0039884598979353925,0.0,False,,,False,True,1409.0,False,,,False,False,,False,,,False,False,
AMKR,70.77,67.80000305175781,-0.041966892019813296,97.0,False,,,False,True,141.0,False,,,False,False,,False,,,False,False,
AMKR,65.30000305175781,65.37989807128906,0.001223507133191415,0.0,False,,,False,True,4146.0,False,,,False,True,5520.0,False,,,False,False,
AMPG,6.260200023651123,6.2600998878479,-1.599562359733131e-05,0.0,True,1274.0,-0.0001599562359733131,False,True,5577.0,False,,,False,True,15709.0,False,,,False,False,
AMPG,6.429999828338623,6.429999828338623,0.0,0.0,True,1350.0,0.0,False,True,9927.0,False,,,False,False,,False,,,False,False,
AMPG,6.769999980926514,6.769499778747559,-7.388510788242098e-05,0.0,False,,,False,True,3955.0,False,,,False,True,10052.0,False,,,False,False,
AMPG,5.06,4.894999980926514,-0.03260869942163758,150.0,False,,,False,False,,False,,,False,False,,False,,,False,False,
AMPG,6.269999980926514,6.340000152587891,0.011164301734341242,0.0,True,1476.0,0.11164301734341242,False,True,10066.0,True,2865.0,0.05582150867170621,False,False,,False,,,False,False,
AMPH,19.81999969482422,19.8799991607666,0.0030272183080835013,0.0,False,,,False,False,,False,,,False,False,,False,,,False,False,
AMPH,19.540000915527344,19.579999923706055,0.0020470320524359487,0.0,False,,,False,False,,False,,,False,False,,False,,,False,False,
AMPH,19.530000686645508,19.540000915527344,0.000512044471594697,0.0,False,,,False,False,,False,,,False,False,,False,,,False,False,
AMPH,18.875,18.90999984741211,0.0018542965516348264,0.0,False,,,False,False,,False,,,False,False,,False,,,False,False,
AMPH,19.149999618530273,19.145000457763672,-0.00026105278674593,0.0,False,,,False,False,,False,,,False,False,,False,,,False,False,
AMR,145.31500244140625,145.5500030517578,0.0016171806517109033,0.0,False,,,False,False,,False,,,False,False,,False,,,False,False,
AMSF,35.20500183105469,35.19499969482422,-0.0002841112259691636,0.0,False,,,False,True,12842.0,False,,,False,False,,False,,,False,False,
AMSF,30.184999465942383,30.15999984741211,-0.0008282133169649208,0.0,False,,,False,False,,False,,,False,False,,False,,,False,False,
AMST,1.159999966621399,1.149999976158142,-0.008620681681899223,967.0,False,,,False,True,8174.0,False,,,False,True,21172.0,False,,,False,False,
AMST,1.1349999904632568,1.1299999952316284,-0.0044052821794189345,0.0,False,,,False,True,10145.0,False,,,False,True,30311.0,False,,,False,False,
AMST,1.1349999904632568,1.1349999904632568,0.0,0.0,False,,,False,True,10136.0,False,,,False,True,30302.0,False,,,False,False,
AMTB,25.475000381469727,25.5,0.0009813392799185028,0.0,True,15817.0,0.009813392799185028,False,False,,True,21957.0,0.004906696399592514,False,False,,False,,,False,False,
AMTB,26.299999237060547,26.360000610351562,0.0022814211038630905,0.0,True,15454.0,0.022814211038630905,False,False,,False,,,False,False,,False,,,False,False,
AMTB,29.450000762939453,29.559999465942383,0.0037351001749839075,0.0,False,,,False,False,,False,,,False,False,,False,,,False,False,
ANGO,13.614999771118164,13.600000381469727,-0.00110168122663179,0.0,False,,,False,False,,False,,,False,False,,False,,,False,False,
ANGO,13.0,13.039999961853027,0.0030769201425404624,0.0,True,11183.0,0.030769201425404624,False,False,,False,,,False,False,,False,,,False,False,
ANGO,13.6899995803833,13.694999694824219,0.00036523846560831963,0.0,False,,,False,False,,False,,,False,False,,False,,,False,False,
ANGO,14.595000267028809,14.609999656677246,0.0010277073911619805,0.0,False,,,False,False,,False,,,False,False,,False,,,False,False,
ANGO,12.949999809265137,12.970000267028809,0.0015444369156949467,0.0,True,8409.0,0.015444369156949467,False,False,,False,,,False,False,,False,,,False,False,
ANGO,13.0,12.994999885559082,-0.0003846241877629719,0.0,True,11157.0,-0.003846241877629719,False,False,,False,,,False,False,,False,,,False,False,
ANGO,12.84000015258789,12.824999809265137,-0.0011682510237144283,0.0,True,6894.0,-0.011682510237144283,False,False,,False,,,False,False,,False,,,False,False,
ANGO,13.720000267028809,13.710000038146973,-0.0007288796419244736,0.0,False,,,False,False,,False,,,False,False,,False,,,False,False,
ANGO,12.720000267028809,12.710000038146973,-0.0007861814993633809,0.0,True,9705.0,-0.007861814993633809,False,False,,False,,,False,False,,False,,,False,False,
ANGO,13.055000305175781,13.05720043182373,0.0001685275064358116,0.0,True,11270.0,0.001685275064358116,False,False,,False,,,False,False,,False,,,False,False,
ANGO,13.649999618530273,13.645000457763672,-0.0003662388942352601,0.0,False,,,False,False,,False,,,False,False,,False,,,False,False,
ANGO,13.824399948120117,13.850000381469727,0.0018518296233964726,0.0,False,,,False,False,,False,,,False,False,,False,,,False,False,
ANGO,12.800000190734863,12.800000190734863,0.0,0.0,True,9768.0,0.0,False,False,,False,,,False,False,,False,,,False,False,
ANGO,12.949999809265137,12.949999809265137,0.0,0.0,True,12591.0,0.0,False,False,,False,,,False,False,,False,,,False,False,
ANGO,12.979999542236328,12.989999771118164,0.0007704336852474292,0.0,True,11356.0,0.007704336852474292,False,False,,False,,,False,False,,False,,,False,False,
ANGO,13.970000267028809,13.975000381469727,0.0003579179917927444,0.0,False,,,False,False,,False,,,False,False,,False,,,False,False,
ANGO,14.869999885559082,14.899999618530273,0.0020174669268373524,0.0,False,,,False,True,5751.0,False,,,False,False,,False,,,False,False,
ANGO,12.970000267028809,12.960000038146973,-0.0007710276542751693,0.0,True,11420.0,-0.007710276542751693,False,False,,False,,,False,False,,False,,,False,False,
ANGO,13.779999732971191,13.770000457763672,-0.0007256368215736719,0.0,False,,,False,False,,False,,,False,False,,False,,,False,False,
ANGO,12.729999542236328,12.739999771118164,0.00078556396240681,0.0,True,9712.0,0.0078556396240681,False,False,,False,,,False,False,,False,,,False,False,
ANGO,13.71500015258789,13.71500015258789,0.0,0.0,False,,,False,False,,False,,,False,False,,False,,,False,False,
ANGO,13.600000381469727,13.600000381469727,0.0,0.0,False,,,False,False,,False,,,False,False,,False,,,False,False,
ANGO,13.630000114440918,13.630000114440918,0.0,0.0,False,,,False,False,,False,,,False,False,,False,,,False,False,
ANGO,13.869999885559082,13.869999885559082,0.0,0.0,False,,,False,False,,False,,,False,False,,False,,,False,False,
ANGO,12.920000076293945,12.975000381469727,0.004256989539551004,0.0,True,8415.0,0.04256989539551004,False,False,,False,,,False,False,,False,,,False,False,
ANIK,15.430000305175781,15.399999618530273,-0.00194430888218744,0.0,True,27214.0,-0.0194430888218744,False,False,,False,,,False,False,,False,,,False,False,
ANIK,15.305000305175781,15.239999771118164,-0.004247012921367643,0.0,True,9850.0,-0.04247012921367643,False,False,,False,,,False,False,,False,,,False,False,
ANRO,25.799999237060547,25.729999542236328,-0.002713166546286838,0.0,True,7493.0,-0.027131665462868382,False,False,,False,,,False,False,,False,,,False,False,
ANRO,27.920000076293945,27.809999465942383,-0.003939849930192585,0.0,False,,,False,False,,False,,,False,False,,False,,,False,False,
ANRO,26.22,26.71500015258789,0.01887872435499216,843.0,True,10923.0,0.1887872435499216,False,False,,False,,,False,False,,False,,,False,False,
ANRO,26.795000076293945,26.75,-0.0016794206443671023,0.0,False,,,False,False,,False,,,False,False,,False,,,False,False,
ANRO,26.190000534057617,25.905000686645508,-0.010882009988563923,0.0,True,5730.0,-0.10882009988563923,False,False,,False,,,False,False,,False,,,False,False,
ANVS,2.0899999141693115,2.0899999141693115,0.0,0.0,False,,,False,True,2838.0,False,,,False,True,17283.0,False,,,False,False,
AOMR,9.098899841308594,9.085000038146973,-0.0015276355827675836,0.0,False,,,False,False,,False,,,False,False,,False,,,False,False,
AOMR,9.02,9.0600004196167,0.004434636321141827,0.0,False,,,False,False,,False,,,False,False,,False,,,False,False,
AOMR,9.050000190734863,9.055000305175781,0.0005524988216063509,0.0,False,,,False,False,,False,,,False,False,,False,,,False,False,
AOMR,9.02,9.0600004196167,0.004434636321141827,105.0,False,,,False,False,,False,,,False,False,,False,,,False,False,
AOMR,9.029999732971191,9.039999961853027,0.001107445091645065,0.0,False,,,False,False,,False,,,False,False,,False,,,False,False,
AOSL,31.8799991607666,31.8799991607666,0.0,0.0,False,,,False,True,5524.0,False,,,False,False,,False,,,False,False,
AOSL,33.59000015258789,33.470001220703125,-0.0035724599982033256,0.0,False,,,False,True,5470.0,False,,,False,False,,False,,,False,False,
AOSL,31.55500030517578,31.469999313354492,-0.0026937408017501108,0.0,True,1294.0,-0.026937408017501108,False,True,11221.0,False,,,False,False,,False,,,False,False,
AOSL,31.579999923706055,31.559999465942383,-0.0006333267198224135,0.0,True,1389.0,-0.006333267198224135,False,True,11316.0,False,,,False,False,,False,,,False,False,
AOSL,38.939998626708984,39.28499984741211,0.008859815944279203,0.0,False,,,False,True,5859.0,False,,,False,True,10239.0,False,,,False,False,
AOSL,39.11000061035156,39.130001068115234,0.0005113898606889933,0.0,False,,,False,True,5842.0,False,,,False,True,10222.0,False,,,False,False,
AOSL,35.970001220703125,35.9900016784668,0.0005560316120356568,0.0,True,1402.0,0.005560316120356568,False,True,11534.0,False,,,False,False,,False,,,False,False,
AP,7.670000076293945,7.679999828338623,0.0013037486238864915,0.0,True,1460.0,0.013037486238864915,False,False,,False,,,False,False,,False,,,False,False,
APA,33.099998474121094,33.125,0.0007553331429441812,0.0,False,,,False,False,,False,,,False,False,,False,,,False,False,
APLD,30.06999969482422,29.75,-0.01064182567581795,997.0,False,,,False,True,2774.0,False,,,False,True,9715.0,False,,,False,False,
APLD,29.920000076293945,29.3799991607666,-0.018048158895400346,51.0,False,,,False,True,421.0,False,,,False,True,7352.0,False,,,False,False,
APLD,29.075000762939453,29.075000762939453,0.0,0.0,False,,,False,True,1279.0,False,,,False,False,,False,,,False,False,
APLD,24.699899673461914,24.709999084472656,0.00040888469768129987,0.0,True,1173.0,0.004088846976812999,False,False,,False,,,False,False,,False,,,False,False,
APLE,16.075000762939453,16.079999923706055,0.00031098976854337934,0.0,False,,,False,False,,False,,,False,False,,False,,,False,False,
APOG,39.834999084472656,39.88999938964844,0.0013807030611234783,0.0,False,,,False,False,,False,,,False,False,,False,,,False,False,
APOG,40.185001373291016,40.2400016784668,0.0013686774492021048,0.0,False,,,False,False,,False,,,False,False,,False,,,False,False,
APOG,39.279998779296875,39.279998779296875,0.0,0.0,False,,,False,False,,False,,,False,False,,False,,,False,False,
APVO,3.890000104904175,3.9600000381469727,0.01799484096531212,996.0,True,5483.0,0.1799484096531212,False,False,,True,11295.0,0.0899742048265606,False,False,,False,,,False,False,
APVO,3.890000104904175,3.9600000381469727,0.01799484096531212,152.0,True,4639.0,0.1799484096531212,False,False,,True,10451.0,0.0899742048265606,False,False,,False,,,False,False,
APYX,4.215000152587891,4.229899883270264,0.0035349300457854227,0.0,False,,,False,True,20265.0,False,,,False,False,,False,,,False,False,
APYX,4.409999847412109,4.389999866485596,-0.004535143224154603,0.0,False,,,False,True,18808.0,False,,,False,False,,False,,,False,False,
ARAI,0.3411000072956085,0.3409000039100647,-0.000586348230038225,0.0,False,,,False,True,1377.0,False,,,False,True,9727.0,False,,,False,False,
ARAI,0.39239999651908875,0.3946000039577484,0.005606542961711369,0.0,False,,,False,True,8396.0,False,,,False,True,10028.0,False,,,False,False,
ARAI,0.39500001072883606,0.39259999990463257,-0.0060759766051020625,0.0,False,,,False,True,11311.0,False,,,False,True,12943.0,False,,,False,False,
ARAI,0.3813999891281128,0.3813999891281128,0.0,0.0,False,,,False,True,9728.0,False,,,False,True,11443.0,False,,,False,False,
ARAI,0.2865000069141388,0.28529998660087585,-0.004188552475751117,1040.0,False,,,False,True,1097.0,False,,,False,True,3920.0,False,,,False,False,
ARCB,150.14999389648438,150.47999572753906,0.002197814481978533,0.0,False,,,False,False,,False,,,False,False,,False,,,False,False,
ARCB,150.0,149.67999267578125,-0.002133382161458308,0.0,False,,,False,False,,False,,,False,False,,False,,,False,False,
ARCC,18.610000610351562,18.739999771118164,0.006985446346212898,58.0,False,,,False,False,,False,,,False,False,,False,,,False,False,
ARCC,18.834999084472656,18.844999313354492,0.0005309386444345421,0.0,False,,,False,False,,False,,,False,False,,False,,,False,False,
ARCC,18.78,18.969999313354492,0.010117109337299812,3869.0,False,,,False,False,,False,,,False,False,,False,,,False,False,
ARDX,5.135000228881836,5.135000228881836,0.0,0.0,False,,,False,False,,False,,,False,False,,False,,,False,False,
ARE,47.5,47.779998779296875,0.005894711143092035,1035.0,True,19756.0,0.05894711143092035,False,False,,False,,,False,False,,False,,,False,False,
ARE,47.47999954223633,47.505001068115234,0.0005265696318439428,0.0,True,19784.0,0.005265696318439428,False,False,,False,,,False,False,,False,,,False,False,
ARE,47.39500045776367,47.404998779296875,0.00021095730428588588,0.0,True,18497.0,0.002109573042858859,False,False,,False,,,False,False,,False,,,False,False,
ARE,48.7,49.20500183105469,0.010369647454921749,257.0,True,17583.0,0.10369647454921749,False,False,,False,,,False,False,,False,,,False,False,
ARE,53.70000076293945,53.69499969482422,-9.312975873709828e-05,0.0,False,,,False,False,,False,,,False,False,,False,,,False,False,
ARE,50.43000030517578,50.439998626708984,0.0001982613815725287,0.0,True,11288.0,0.001982613815725287,False,False,,False,,,False,False,,False,,,False,False,
AREC,1.8849999904632568,1.8899999856948853,0.00265251737767902,0.0,False,,,False,True,2866.0,False,,,False,True,4310.0,False,,,False,False,
AREC,1.7549999952316284,1.7549999952316284,0.0,0.0,False,,,False,False,,False,,,False,False,,False,,,False,False,
AREC,1.76,1.7400000095367432,-0.011363630945032344,981.0,False,,,False,False,,False,,,False,False,,False,,,False,False,
AREC,1.89,1.8700000047683716,-0.01058200805906262,844.0,False,,,False,True,12369.0,False,,,False,True,13811.0,False,,,False,False,
ARES,120.58000183105469,120.80000305175781,0.0018245249408055386,0.0,False,,,False,False,,False,,,False,False,,False,,,False,False,
ARHS,8.1850004196167,8.1899995803833,0.0006107709847662512,0.0,False,,,False,True,20074.0,False,,,False,False,,False,,,False,False,
ARHS,7.639999866485596,7.644999980926514,0.0006544652523949868,0.0,False,,,False,False,,False,,,False,False,,False,,,False,False,
ARHS,7.550000190734863,7.545000076293945,-0.0006622667966358353,0.0,False,,,False,False,,False,,,False,False,,False,,,False,False,
ARHS,7.695000171661377,7.690000057220459,-0.0006497874372156653,0.0,False,,,False,False,,False,,,False,False,,False,,,False,False,
ARI,6.789999961853027,6.795000076293945,0.0007363938835065476,0.0,False,,,False,False,,False,,,False,False,,False,,,False,False,
ARI,10.54,6.880000114440918,-0.3472485659923227,123.0,False,,,False,True,123.0,False,,,False,True,123.0,False,,,False,False,
ARKB,21.809999465942383,21.809999465942383,0.0,0.0,False,,,False,False,,False,,,False,False,,False,,,False,False,
ARLP,24.475000381469727,24.270000457763672,-0.00837589052138532,3908.0,False,,,False,False,,False,,,False,False,,False,,,False,False,
ARLP,24.549999237060547,24.549999237060547,0.0,0.0,False,,,False,False,,False,,,False,False,,False,,,False,False,
ARMP,4.070000171661377,4.050000190734863,-0.004914000020385667,0.0,True,175.0,-0.04914000020385667,False,False,,True,4117.0,-0.024570000101928335,False,False,,False,,,False,False,
ARMP,5.079999923706055,5.079999923706055,0.0,0.0,False,,,False,True,1412.0,False,,,False,True,5720.0,False,,,False,False,
ARMP,5.059999942779541,5.099999904632568,0.007905130890387913,0.0,False,,,False,True,2769.0,False,,,False,True,7179.0,False,,,False,False,
ARMP,5.06,4.860000133514404,-0.03952566531335877,58.0,False,,,False,True,8699.0,False,,,False,False,,False,,,False,False,
ARMP,3.559999942779541,3.549999952316284,-0.002808986130333757,0.0,True,158.0,-0.02808986130333757,False,False,,True,1530.0,-0.014044930651668786,False,False,,True,5568.0,-0.005617972260667514,False,False,
AROW,40.72999954223633,40.76499938964844,0.0008593137197512313,0.0,False,,,False,False,,False,,,False,False,,False,,,False,False,
AROW,41.27519989013672,41.314998626708984,0.0009642288027240653,0.0,False,,,False,False,,False,,,False,False,,False,,,False,False,
ARQ,2.1649999618530273,2.1649999618530273,0.0,0.0,False,,,False,True,5561.0,False,,,False,False,,False,,,False,False,
ARQ,2.2699999809265137,2.2750000953674316,0.0022026936048153978,0.0,False,,,False,True,9958.0,False,,,False,False,,False,,,False,False,
ARQ,2.219899892807007,2.2249999046325684,0.002297406221824172,0.0,False,,,False,True,6985.0,False,,,False,False,,False,,,False,False,
ARQ,2.055000066757202,2.055000066757202,0.0,0.0,False,,,False,False,,False,,,False,False,,False,,,False,False,
ARQ,2.0450000762939453,2.0499000549316406,0.0023960774840534604,0.0,False,,,False,False,,False,,,False,False,,False,,,False,False,
ARQ,1.9900000095367432,1.9884999990463257,-0.0007537741121753649,0.0,True,10071.0,-0.007537741121753649,False,False,,False,,,False,False,,False,,,False,False,
ARQ,2.3340001106262207,2.3399999141693115,0.0025706097937934214,0.0,False,,,False,True,10043.0,False,,,False,False,,False,,,False,False,
ARQ,2.184999942779541,2.184999942779541,0.0,0.0,False,,,False,True,5678.0,False,,,False,False,,False,,,False,False,
ARQT,28.190000534057617,28.190000534057617,0.0,0.0,False,,,False,False,,False,,,False,False,,False,,,False,False,
ARQT,26.81999969482422,26.829999923706055,0.0003728646157952209,0.0,False,,,False,False,,False,,,False,False,,False,,,False,False,
ARQT,28.049999237060547,28.06999969482422,0.0007130288166727894,0.0,False,,,False,False,,False,,,False,False,,False,,,False,False,
ARQT,26.7450008392334,26.780000686645508,0.001308650077167517,0.0,False,,,False,False,,False,,,False,False,,False,,,False,False,
ARQT,27.795000076293945,27.989999771118164,0.007015639298038057,0.0,False,,,False,False,,False,,,False,False,,False,,,False,False,
ARR,17.040000915527344,17.045000076293945,0.00029337796349793166,0.0,False,,,False,False,,False,,,False,False,,False,,,False,False,
ARR,17.575000762939453,17.575000762939453,0.0,0.0,False,,,False,False,,False,,,False,False,,False,,,False,False,
ARR,16.510000228881836,16.510000228881836,0.0,0.0,False,,,False,False,,False,,,False,False,,False,,,False,False,
ARR,17.315000534057617,17.31999969482422,0.00028871848757772156,0.0,False,,,False,False,,False,,,False,False,,False,,,False,False,
ARR,17.09,17.174999237060547,0.004973624169721802,123.0,False,,,False,False,,False,,,False,False,,False,,,False,False,
ARR,17.09,17.174999237060547,0.004973624169721802,926.0,False,,,False,False,,False,,,False,False,,False,,,False,False,
ARR,17.09,17.174999237060547,0.004973624169721802,256.0,False,,,False,False,,False,,,False,False,,False,,,False,False,
ARR,17.05,17.059999465942383,0.0005864789409022464,124.0,False,,,False,False,,False,,,False,False,,False,,,False,False,
ARR,17.084999084472656,17.084999084472656,0.0,0.0,False,,,False,False,,False,,,False,False,,False,,,False,False,
ARR,16.860000610351562,16.854999542236328,-0.000296623246393235,0.0,False,,,False,False,,False,,,False,False,,False,,,False,False,
ARRY,6.005000114440918,6.014999866485596,0.0016652376110084521,0.0,False,,,False,True,5550.0,False,,,False,True,13061.0,False,,,False,False,
ARTL,1.024999976158142,1.0199999809265137,-0.004878044241882984,0.0,True,1489.0,-0.04878044241882984,False,True,21649.0,True,2553.0,-0.02439022120941492,False,True,22938.0,False,,,False,False,
ARTL,1.0699000358581543,1.0499999523162842,-0.018599946607075757,0.0,False,,,False,True,5953.0,False,,,False,True,7058.0,False,,,False,False,
ARTL,1.0399999618530273,1.0428999662399292,0.0027884658589167888,0.0,True,6129.0,0.027884658589167888,False,True,26288.0,False,,,False,True,27504.0,False,,,False,False,
ARTL,1.073699951171875,1.0800000429153442,0.005867646484097433,834.0,False,,,False,True,8391.0,False,,,False,True,9496.0,False,,,False,False,
ARTL,1.125,1.101099967956543,-0.02124447292751741,978.0,False,,,False,True,9617.0,False,,,False,True,11438.0,False,,,False,False,
ARTL,1.0800000429153442,1.0800000429153442,0.0,0.0,True,7159.0,0.0,False,True,26234.0,False,,,False,True,27339.0,False,,,False,False,
ARTL,1.1698999404907227,1.1699999570846558,8.549157963977372e-05,963.0,False,,,False,True,11049.0,False,,,False,True,20063.0,False,,,False,False,
ARTL,1.0494999885559082,1.041200041770935,-0.007908477251527879,0.0,True,7271.0,-0.07908477251527879,False,True,27428.0,False,,,False,True,28643.0,False,,,False,False,
ARTL,1.1176999807357788,1.1100000143051147,-0.006889117440616932,0.0,True,6851.0,-0.06889117440616932,False,True,24128.0,False,,,False,True,25949.0,False,,,False,False,
ARTV,9.569999694824219,9.600000381469727,0.0031348680880034507,0.0,True,24347.0,0.03134868088003451,False,False,,False,,,False,False,,False,,,False,False,
ARTV,9.329999923706055,9.329999923706055,0.0,0.0,True,20253.0,0.0,False,False,,True,22770.0,0.0,False,False,,False,,,False,False,
ARTV,9.149999618530273,9.149999618530273,0.0,0.0,True,10315.0,0.0,False,False,,True,20128.0,0.0,False,False,,False,,,False,False,
ARTV,9.149999618530273,9.145000457763672,-0.0005463563907125435,0.0,True,1413.0,-0.005463563907125435,False,False,,True,11226.0,-0.0027317819535627175,False,False,,False,,,False,False,
ARTV,10.350000381469727,10.364999771118164,0.001449216337739756,0.0,False,,,False,False,,False,,,False,False,,False,,,False,False,
ARTV,8.875,8.875,0.0,0.0,True,2720.0,0.0,False,False,,True,15680.0,0.0,False,False,,False,,,False,False,
ARTV,10.489999771118164,10.479999542236328,-0.0009533106863709451,0.0,False,,,False,False,,False,,,False,False,,False,,,False,False,
ASB,30.969999313354492,30.989999771118164,0.0006458010399452707,0.0,False,,,False,False,,False,,,False,False,,False,,,False,False,
ASB,30.77,30.760000228881836,-0.0003249844367293475,150.0,False,,,False,False,,False,,,False,False,,False,,,False,False,
ASB,30.139999389648438,30.15999984741211,0.0006635852079857063,0.0,False,,,False,False,,False,,,False,False,,False,,,False,False,
ASB,31.150100708007812,31.15999984741211,0.00031778835956552953,0.0,False,,,False,False,,False,,,False,False,,False,,,False,False,
ASB,30.399999618530273,30.43000030517578,0.0009868647046700207,0.0,False,,,False,False,,False,,,False,False,,False,,,False,False,
ASB,30.8799991607666,30.899999618530273,0.0006476832353377038,0.0,False,,,False,False,,False,,,False,False,,False,,,False,False,
ASB,30.559999465942383,30.549999237060547,-0.0003272326261974934,0.0,False,,,False,False,,False,,,False,False,,False,,,False,False,
ASB,30.584999084472656,30.584999084472656,0.0,0.0,False,,,False,False,,False,,,False,False,,False,,,False,False,
ASB,30.649999618530273,30.649999618530273,0.0,0.0,False,,,False,False,,False,,,False,False,,False,,,False,False,
ASBP,6.105899810791016,6.110899925231934,0.0008188988676298692,0.0,True,15744.0,0.008188988676298692,False,True,27299.0,True,15791.0,0.004094494338149346,False,True,27300.0,False,,,False,False,
ASH,66.47000122070312,66.56500244140625,0.0014292345262292283,0.0,True,8255.0,0.014292345262292283,False,False,,False,,,False,False,,False,,,False,False,
ASH,66.02999877929688,66.26000213623047,0.003483316086410504,0.0,False,,,False,False,,False,,,False,False,,False,,,False,False,
ASH,66.55000305175781,66.55000305175781,0.0,0.0,True,21490.0,0.0,False,False,,False,,,False,False,,False,,,False,False,
ASH,68.19999694824219,68.13999938964844,-0.0008797296375142594,0.0,False,,,False,False,,False,,,False,False,,False,,,False,False,
ASIC,24.11199951171875,24.100000381469727,-0.0004976414437629639,0.0,False,,,False,False,,False,,,False,False,,False,,,False,False,
ASIC,22.59000015258789,22.559999465942383,-0.0013280516353635363,0.0,True,14119.0,-0.013280516353635363,False,False,,False,,,False,False,,False,,,False,False,
ASPI,5.15500020980835,5.15500020980835,0.0,0.0,False,,,False,True,5815.0,False,,,False,True,9901.0,False,,,False,False,
ASPI,4.695000171661377,4.690400123596191,-0.00097977590990328,0.0,False,,,False,True,2656.0,False,,,False,True,4096.0,False,,,False,False,
ASPI,4.021399974822998,4.034999847412109,0.003381875136583501,0.0,False,,,False,True,8732.0,False,,,False,False,,False,,,False,False,
ASPI,4.760000228881836,4.755000114440918,-0.0010504441597668501,0.0,False,,,False,True,2525.0,False,,,False,True,3965.0,False,,,False,False,
ASPI,4.579999923706055,4.880000114440918,0.06550222614242074,872.0,False,,,False,True,3753.0,False,,,False,True,5201.0,False,,,False,False,
ASPI,5.014999866485596,4.989999771118164,-0.004985064014558227,64.0,False,,,False,True,4384.0,False,,,False,True,4386.0,False,,,False,False,
ASPI,5.525000095367432,5.425000190734863,-0.018099529937821268,845.0,False,,,False,True,2285.0,False,,,False,True,13805.0,False,,,False,False,
ASPI,4.75,4.75,0.0,0.0,False,,,False,True,2750.0,False,,,False,True,4190.0,False,,,False,False,
ASPI,5.159999847412109,5.179999828338623,0.003875965410453208,0.0,False,,,False,True,4485.0,False,,,False,True,8571.0,False,,,False,False,
ASPI,4.934999942779541,5.099999904632568,0.033434643113712914,4.0,True,1446.0,0.33434643113712914,False,True,10084.0,False,,,False,True,10446.0,False,,,False,False,
ASTC,9.180000305175781,9.180000305175781,0.0,3916.0,False,,,False,True,6867.0,False,,,False,True,8284.0,False,,,False,False,
ASTC,7.809999942779541,7.769999980926514,-0.005121634077604353,0.0,True,11323.0,-0.051216340776043534,False,True,12804.0,False,,,False,True,18798.0,False,,,False,False,
ASTC,9.180000305175781,9.180000305175781,0.0,115.0,False,,,False,True,3066.0,False,,,False,True,4483.0,False,,,False,False,
ASTC,7.570000171661377,7.460000038146973,-0.014531060900922377,0.0,True,10055.0,-0.14531060900922377,False,True,17377.0,False,,,False,True,18787.0,False,,,False,False,
ASTC,7.460000038146973,7.519999980926514,0.008042887730928872,0.0,True,10050.0,0.08042887730928872,False,True,17373.0,False,,,False,False,,False,,,False,False,
ASTC,8.545000076293945,8.529999732971191,-0.001755452684473191,0.0,False,,,False,True,2716.0,False,,,False,True,21360.0,False,,,False,False,
ASTC,9.180000305175781,9.180000305175781,0.0,15.0,False,,,False,True,2966.0,False,,,False,True,4383.0,False,,,False,False,
ASTC,7.679999828338623,7.820000171661377,0.018229211777604837,3920.0,True,8246.0,0.18229211777604837,False,True,14137.0,False,,,False,True,16977.0,False,,,False,False,
ASTC,9.180000305175781,9.180000305175781,0.0,99.0,False,,,False,True,3050.0,False,,,False,True,4467.0,False,,,False,False,
ASTC,8.859999656677246,8.880000114440918,0.0022573880969170013,0.0,False,,,False,True,1138.0,False,,,False,True,14059.0,False,,,False,False,
ASTC,9.5,9.4350004196167,-0.006842061092979024,0.0,False,,,False,True,8649.0,False,,,False,True,12781.0,False,,,False,False,
ASTH,49.529998779296875,49.630001068115234,0.0020190246574396387,0.0,False,,,False,True,21244.0,False,,,False,True,29939.0,False,,,False,False,
ATER,0.9501000046730042,0.9584000110626221,0.008735929216708627,0.0,False,,,False,True,126.0,False,,,False,True,158.0,False,,,False,True,2764.0
ATER,0.6378999948501587,0.6420000195503235,0.006427378481368207,895.0,False,,,False,True,1101.0,False,,,False,True,2335.0,False,,,False,False,
ATER,1.2100000381469727,1.2132999897003174,0.002727232602734775,0.0,True,4205.0,0.02727232602734775,False,True,9969.0,False,,,False,True,11417.0,False,,,False,True,11717.0
ATER,0.364300012588501,0.36480000615119934,0.0013724774785093263,0.0,True,1266.0,0.013724774785093263,False,False,,True,1277.0,0.006862387392546632,False,False,,False,,,False,False,
ATER,0.7001000046730042,0.7001000046730042,0.0,0.0,False,,,False,True,41.0,False,,,False,True,1358.0,False,,,False,False,
ATER,0.5950000286102295,0.6039999723434448,0.015125955126820578,0.0,False,,,False,True,1334.0,False,,,False,True,1334.0,False,,,False,False,
ATII,10.850000381469727,10.84000015258789,-0.000921680048870277,0.0,False,,,False,False,,False,,,False,False,,False,,,False,False,
ATII,10.75,10.75,0.0,0.0,False,,,False,False,,False,,,False,False,,False,,,False,False,
ATII,10.8774995803833,10.875,-0.00022979365476683,0.0,False,,,False,False,,False,,,False,False,,False,,,False,False,
ATLO,30.350000381469727,30.290000915527344,-0.001976918128113625,0.0,False,,,False,False,,False,,,False,False,,False,,,False,False,
ATRC,32.810001373291016,32.65999984741211,-0.004571823212449311,1046.0,True,12607.0,-0.04571823212449311,False,False,,False,,,False,False,,False,,,False,False,
ATRC,33.54999923706055,33.54999923706055,0.0,0.0,True,24338.0,0.0,False,False,,False,,,False,False,,False,,,False,False,
ATRC,33.85499954223633,33.900001525878906,0.0013292566607905343,0.0,True,24560.0,0.013292566607905343,False,False,,False,,,False,False,,False,,,False,False,
ATRC,34.15999984741211,34.150001525878906,-0.0002926909127008992,0.0,True,25562.0,-0.002926909127008992,False,False,,False,,,False,False,,False,,,False,False,
ATRC,35.1349983215332,35.15999984741211,0.000711584661257314,0.0,True,15657.0,0.00711584661257314,False,False,,False,,,False,False,,False,,,False,False,
ATRC,33.69499969482422,33.66999816894531,-0.0007419951359354249,0.0,True,7068.0,-0.007419951359354249,False,False,,True,10167.0,-0.0037099756796771244,False,False,,False,,,False,False,
AUB,42.380001068115234,42.36000061035156,-0.00047193150683333407,0.0,False,,,False,False,,False,,,False,False,,False,,,False,False,
AUB,40.619998931884766,40.630001068115234,0.0002462367428230916,0.0,False,,,False,False,,False,,,False,False,,False,,,False,False,
AUB,41.72999954223633,41.709999084472656,-0.0004792824822207331,0.0,False,,,False,False,,False,,,False,False,,False,,,False,False,
AUB,40.654998779296875,40.654998779296875,0.0,0.0,False,,,False,False,,False,,,False,False,,False,,,False,False,
AUB,42.505001068115234,42.5099983215332,0.00011756859880929227,0.0,False,,,False,False,,False,,,False,False,,False,,,False,False,
AUB,42.29999923706055,42.33000183105469,0.0007092811946873834,0.0,False,,,False,False,,False,,,False,False,,False,,,False,False,
AUB,41.91999816894531,41.90999984741211,-0.00023850958897730923,0.0,False,,,False,False,,False,,,False,False,,False,,,False,False,
AUB,41.875,41.880001068115234,0.00011942849230406338,0.0,False,,,False,False,,False,,,False,False,,False,,,False,False,
AUB,41.9900016784668,42.060001373291016,0.0016670562521106103,0.0,False,,,False,False,,False,,,False,False,,False,,,False,False,
AUB,42.43000030517578,42.439998626708984,0.00023564274007292774,0.0,False,,,False,False,,False,,,False,False,,False,,,False,False,
AUB,43.275001525878906,43.275001525878906,0.0,0.0,False,,,False,False,,False,,,False,False,,False,,,False,False,
AUB,42.0099983215332,42.01499938964844,0.00011904471114121407,0.0,False,,,False,False,,False,,,False,False,,False,,,False,False,
AUB,40.435001373291016,40.470001220703125,0.0008655829411008398,0.0,False,,,False,False,,False,,,False,False,,False,,,False,False,
AUB,41.744998931884766,41.7400016784668,-0.00011970903211955264,0.0,False,,,False,False,,False,,,False,False,,False,,,False,False,
AUB,41.959999084472656,41.95000076293945,-0.00023828221523725102,0.0,False,,,False,False,,False,,,False,False,,False,,,False,False,
AUB,42.459999084472656,42.470001220703125,0.0002355660962349848,0.0,False,,,False,False,,False,,,False,False,,False,,,False,False,
AUB,40.52000045776367,40.560001373291016,0.0009871894144977134,0.0,False,,,False,False,,False,,,False,False,,False,,,False,False,
AUB,43.15999984741211,43.17499923706055,0.0003475298818689243,0.0,False,,,False,False,,False,,,False,False,,False,,,False,False,
AUB,43.27000045776367,43.26499938964844,-0.00011557818493934668,0.0,False,,,False,False,,False,,,False,False,,False,,,False,False,
AUB,42.375,42.36000061035156,-0.0003539678973082383,0.0,False,,,False,False,,False,,,False,False,,False,,,False,False,
AUB,42.650001525878906,42.650001525878906,0.0,0.0,False,,,False,False,,False,,,False,False,,False,,,False,False,
AUB,42.165000915527344,42.13999938964844,-0.00059294498603224,0.0,False,,,False,False,,False,,,False,False,,False,,,False,False,
AUID,0.873199999332428,0.873199999332428,0.0,0.0,False,,,False,True,1465.0,False,,,False,True,8824.0,False,,,False,False,
AUID,0.8798999786376953,0.8895999789237976,0.011023980590521676,0.0,False,,,False,True,4365.0,False,,,False,True,16029.0,False,,,False,False,
AUID,0.9009000062942505,0.9200000166893005,0.021201032591414704,71.0,False,,,False,True,253.0,False,,,False,True,11910.0,False,,,False,False,
AURA,6.985000133514404,6.989999771118164,0.0007157677177085375,0.0,False,,,False,False,,False,,,False,False,,False,,,False,False,
AURA,6.869999885559082,6.869999885559082,0.0,0.0,False,,,False,False,,False,,,False,False,,False,,,False,False,
AURA,7.135000228881836,7.119999885559082,-0.002102360594472552,0.0,False,,,False,False,,False,,,False,False,,False,,,False,False,
AURA,6.974999904632568,6.985000133514404,0.001433724590475416,0.0,False,,,False,False,,False,,,False,False,,False,,,False,False,
AVBH,32.400001525878906,32.42499923706055,0.0007715342593941354,0.0,False,,,False,False,,False,,,False,False,,False,,,False,False,
AVBH,32.650001525878906,32.564998626708984,-0.00260345773958226,0.0,False,,,False,False,,False,,,False,False,,False,,,False,False,
AVGO,383.71,379.1700134277344,-0.011831817185545379,159.0,False,,,False,False,,False,,,False,False,,False,,,False,False,
AVGO,391.1700134277344,391.239990234375,0.000178891030085504,0.0,False,,,False,False,,False,,,False,False,,False,,,False,False,
AVGO,383.71,379.1700134277344,-0.011831817185545379,976.0,False,,,False,False,,False,,,False,False,,False,,,False,False,
AVGO,377.6499938964844,377.69000244140625,0.00010594080648340665,0.0,False,,,False,False,,False,,,False,False,,False,,,False,False,
AVGO,384.0299987792969,395.6050109863281,0.03014090629332178,920.0,False,,,False,False,,False,,,False,False,,False,,,False,False,
AVGO,378.26,390.5834045410156,0.032579190347950204,31.0,False,,,False,False,,False,,,False,False,,False,,,False,False,
AVGO,393.405,386.32501220703125,-0.017996689907267882,202.0,False,,,False,False,,False,,,False,False,,False,,,False,False,
AVNS,24.985000610351562,24.985000610351562,0.0,0.0,False,,,False,False,,False,,,False,False,,False,,,False,False,
AVNS,24.989999771118164,25.0,0.0004001692266277779,0.0,False,,,False,False,,False,,,False,False,,False,,,False,False,
AVNS,24.96,24.969999313354492,0.00040061351580500393,1001.0,False,,,False,False,,False,,,False,False,,False,,,False,False,
AVNS,24.93,24.950000762939453,0.000802276892878151,21.0,False,,,False,False,,False,,,False,False,,False,,,False,False,
AVNS,24.985000610351562,24.985000610351562,0.0,0.0,False,,,False,False,,False,,,False,False,,False,,,False,False,
AVO,12.949999809265137,12.970000267028809,0.0015444369156949467,0.0,False,,,False,False,,False,,,False,False,,False,,,False,False,
AVO,13.364999771118164,13.364999771118164,0.0,0.0,False,,,False,False,,False,,,False,False,,False,,,False,False,
AVO,13.539999961853027,13.53499984741211,-0.00036928467171382096,0.0,False,,,False,True,8535.0,False,,,False,False,,False,,,False,False,
AVO,13.595000267028809,13.600000381469727,0.0003677906835386491,0.0,False,,,False,True,9943.0,False,,,False,False,,False,,,False,False,
AVO,13.15999984741211,13.140000343322754,-0.0015197191733469229,0.0,False,,,False,False,,False,,,False,False,,False,,,False,False,
AVT,85.9000015258789,85.87999725341797,-0.00023287860425602602,0.0,False,,,False,False,,False,,,False,False,,False,,,False,False,
AVTR,10.510000228881836,10.515000343322754,0.00047574827136331876,0.0,False,,,False,False,,False,,,False,False,,False,,,False,False,
AVTR,10.984999656677246,10.989999771118164,0.0004551765677915931,0.0,True,8394.0,0.004551765677915931,False,False,,True,9832.0,0.0022758828389579655,False,False,,False,,,False,False,
AVXL,2.494999885559082,2.494999885559082,0.0,0.0,False,,,False,False,,False,,,False,False,,False,,,False,False,
AWI,155.77999877929688,155.92999267578125,0.0009628572195385932,0.0,True,19790.0,0.009628572195385932,False,False,,True,19802.0,0.004814286097692966,False,False,,False,,,False,False,
AWI,153.24000549316406,153.22000122070312,-0.00013054210221774554,0.0,True,11194.0,-0.0013054210221774554,False,False,,True,11205.0,-0.0006527105110887277,False,False,,False,,,False,False,
AWI,151.93,153.17999267578125,0.008227424970586705,140.0,True,27500.0,0.08227424970586705,False,False,,True,27511.0,0.041137124852933526,False,False,,False,,,False,False,
AWK,132.13999938964844,132.10000610351562,-0.00030265844042332013,0.0,False,,,False,False,,False,,,False,False,,False,,,False,False,
AWK,131.5,131.60000610351562,0.0007605026883317212,0.0,False,,,False,False,,False,,,False,False,,False,,,False,False,
AX,96.77999877929688,96.79000091552734,0.00010334920806598369,0.0,False,,,False,False,,False,,,False,False,,False,,,False,False,
AXON,536.9199829101562,536.1199951171875,-0.001489957197407188,0.0,False,,,False,False,,False,,,False,False,,False,,,False,False,
AXON,491.8999938964844,501.75,0.020024407858782123,859.0,True,6728.0,0.20024407858782123,False,False,,False,,,False,False,,False,,,False,False,
AXON,541.2630004882812,545.3099975585938,0.007476951254125286,116.0,False,,,False,True,10308.0,False,,,False,False,,False,,,False,False,
AXON,526.6300048828125,526.8699951171875,0.00045570938258343574,0.0,False,,,False,False,,False,,,False,False,,False,,,False,False,
AXON,529.0700073242188,530.25,0.002230314815517609,0.0,False,,,False,False,,False,,,False,False,,False,,,False,False,
AXON,524.5700073242188,526.25,0.003202609093780895,0.0,False,,,False,False,,False,,,False,False,,False,,,False,False,
AXON,495.6000061035156,494.69500732421875,-0.0018260669252450068,0.0,True,5797.0,-0.018260669252450068,False,False,,False,,,False,False,,False,,,False,False,
AXON,511.17,511.4599914550781,0.0005673092221336606,972.0,True,11070.0,0.005673092221336606,False,False,,False,,,False,False,,False,,,False,False,
AXS,114.01000213623047,113.98500061035156,-0.0002192923902328836,0.0,False,,,False,False,,False,,,False,False,,False,,,False,False,
AXS,113.93000030517578,113.98500061035156,0.0004827552446982075,0.0,False,,,False,True,8436.0,False,,,False,False,,False,,,False,False,
AXS,112.85,113.95999908447266,0.009836057460989478,20.0,False,,,False,False,,False,,,False,False,,False,,,False,False,
AXSM,248.47000122070312,248.47000122070312,0.0,0.0,False,,,False,True,17289.0,False,,,False,False,,False,,,False,False,
AXSM,222.91000366210938,223.14500427246094,0.001054239856851824,0.0,True,9719.0,0.01054239856851824,False,False,,False,,,False,False,,False,,,False,False,
AXTA,32.83000183105469,32.845001220703125,0.00045688056082426876,0.0,False,,,False,False,,False,,,False,False,,False,,,False,False,
AXTA,32.560001373291016,32.560001373291016,0.0,0.0,True,9969.0,0.0,False,False,,False,,,False,False,,False,,,False,False,
AXTA,33.27000045776367,33.310001373291016,0.0012023118418085232,0.0,False,,,False,False,,False,,,False,False,,False,,,False,False,
AXTA,34.790000915527344,34.79999923706055,0.0002873906659985881,0.0,False,,,False,False,,False,,,False,False,,False,,,False,False,
AXTA,32.17499923706055,32.189998626708984,0.00046618150750910026,0.0,True,19780.0,0.004661815075091003,False,False,,False,,,False,False,,False,,,False,False,
AXTA,34.6150016784668,34.619998931884766,0.00014436669581541217,0.0,False,,,False,False,,False,,,False,False,,False,,,False,False,
AXTA,34.665000915527344,34.65999984741211,-0.00014426851242321792,0.0,False,,,False,False,,False,,,False,False,,False,,,False,False,
AXTA,35.0099983215332,35.01100158691406,2.8656538959115352e-05,0.0,False,,,False,False,,False,,,False,False,,False,,,False,False,
AXTA,33.15999984741211,33.15599822998047,-0.00012067603890397738,0.0,False,,,False,False,,False,,,False,False,,False,,,False,False,
AXTI,55.68000030517578,55.790000915527344,0.001975585663589463,0.0,False,,,False,True,4127.0,False,,,False,True,8511.0,False,,,False,False,
AXTI,63.8797,61.29999923706055,-0.04038373321946487,7.0,False,,,False,True,1562.0,False,,,False,True,8672.0,False,,,False,False,
AXTI,42.83000183105469,44.43989944458008,0.037588081828147546,871.0,False,,,False,True,1016.0,False,,,False,False,,False,,,False,False,
AXTI,45.880001068115234,46.959999084472656,0.023539624917488844,3719.0,True,3733.0,0.23539624917488844,False,False,,True,5261.0,0.11769812458744422,False,False,,False,,,False,False,
AXTI,45.58000183105469,44.040000915527344,-0.03378676730280661,987.0,True,5320.0,-0.3378676730280661,False,False,,True,6842.0,-0.16893383651403304,False,False,,False,,,False,False,
AZIO,2.0,2.015000104904175,0.007500052452087402,0.0,False,,,False,True,1520.0,False,,,False,True,18707.0,False,,,False,False,
AZIO,1.9509999752044678,1.9700000286102295,0.009738623089305953,0.0,False,,,False,True,2868.0,False,,,False,True,18748.0,False,,,False,False,
AZIO,1.7800999879837036,1.809999942779541,0.016796783887238043,4.0,False,,,False,True,4312.0,False,,,False,False,,False,,,False,False,
AZIO,1.7450000047683716,1.725000023841858,-0.011461307089892236,328.0,False,,,False,True,11888.0,False,,,False,False,,False,,,False,False,
AZIO,2.0348000526428223,2.0199999809265137,-0.007273477164051578,0.0,False,,,False,True,1220.0,False,,,False,True,11277.0,False,,,False,False,
AZIO,1.8250000476837158,1.8200000524520874,-0.0027397233430072054,0.0,True,1237.0,-0.027397233430072054,False,True,12787.0,False,,,False,False,,False,,,False,False,
AZIO,1.7556999921798706,1.7582000494003296,0.0014239660714214786,0.0,False,,,False,True,9736.0,False,,,False,False,,False,,,False,False,
AZIO,1.780400037765503,1.767899990081787,-0.00702092081474226,0.0,True,1212.0,-0.0702092081474226,False,True,14202.0,False,,,False,False,,False,,,False,False,
AZIO,1.9700000286102295,1.965000033378601,-0.002538068608636368,0.0,False,,,False,True,2685.0,False,,,False,True,18565.0,False,,,False,False,
AZIO,1.875,1.8650000095367432,-0.005333328247070335,0.0,False,,,False,True,12778.0,False,,,False,False,,False,,,False,False,
AZTA,26.56999969482422,26.579999923706055,0.0003763729392809445,0.0,False,,,False,False,,False,,,False,False,,False,,,False,False,
AZZ,149.7899932861328,149.85000610351562,0.0004006463720722664,0.0,False,,,False,False,,False,,,False,False,,False,,,False,False,
AZZ,150.52999877929688,150.43499755859375,-0.0006311115490169605,0.0,False,,,False,False,,False,,,False,False,,False,,,False,False,
AZZ,147.28250122070312,147.2949981689453,8.485019020332274e-05,0.0,False,,,False,False,,False,,,False,False,,False,,,False,False,
AZZ,151.73500061035156,151.33999633789062,-0.00260325087074198,0.0,False,,,False,False,,False,,,False,False,,False,,,False,False,
AZZ,149.82000732421875,149.96499633789062,0.0009677546828448236,0.0,False,,,False,False,,False,,,False,False,,False,,,False,False,
AZZ,150.42,150.97000122070312,0.003656436781698913,288.0,False,,,False,False,,False,,,False,False,,False,,,False,False,
AZZ,150.42,150.97000122070312,0.003656436781698913,265.0,False,,,False,False,,False,,,False,False,,False,,,False,False,
AZZ,151.92999267578125,151.9600067138672,0.0001975517641865654,0.0,False,,,False,False,,False,,,False,False,,False,,,False,False,
AZZ,150.35000610351562,150.0800018310547,-0.0017958381210509966,0.0,False,,,False,False,,False,,,False,False,,False,,,False,False,
AZZ,146.30999755859375,146.30999755859375,0.0,0.0,False,,,False,False,,False,,,False,False,,False,,,False,False,
BAER,1.875,1.8799999952316284,0.002666664123535112,0.0,False,,,False,False,,False,,,False,False,,False,,,False,False,
BAH,64.66500091552734,64.69999694824219,0.0005411897041578406,0.0,True,5652.0,0.005411897041578406,False,False,,False,,,False,False,,False,,,False,False,
BAH,62.76,64.01000213623047,0.019917178716228,3750.0,False,,,False,False,,False,,,False,False,,False,,,False,False,
BAH,63.31,63.45000076293945,0.002211353071227995,296.0,False,,,False,False,,False,,,False,False,,False,,,False,False,
BAH,63.994998931884766,63.97999954223633,-0.00023438377840123703,0.0,True,4217.0,-0.0023438377840123703,False,False,,False,,,False,False,,False,,,False,False,
BAH,63.27000045776367,63.279998779296875,0.00015802625985239516,0.0,False,,,False,False,,False,,,False,False,,False,,,False,False,
BAH,66.54000091552734,66.59500122070312,0.000826575058897383,0.0,True,10035.0,0.00826575058897383,False,False,,False,,,False,False,,False,,,False,False,
BANF,115.16000366210938,115.31500244140625,0.0013459428131981088,0.0,False,,,False,False,,False,,,False,False,,False,,,False,False,
BANF,114.12999725341797,114.18000030517578,0.00043812365689266386,0.0,False,,,False,False,,False,,,False,False,,False,,,False,False,
BANF,114.61000061035156,114.91999816894531,0.0027048037426304905,0.0,False,,,False,False,,False,,,False,False,,False,,,False,False,
BANR,70.30000305175781,70.30999755859375,0.00014216936560562665,0.0,False,,,False,False,,False,,,False,False,,False,,,False,False,
BANR,72.23999786376953,72.29000091552734,0.0006921795852223855,0.0,False,,,False,False,,False,,,False,False,,False,,,False,False,
BARK,9.4399995803833,9.430000305175781,-0.0010592453021183168,0.0,False,,,False,True,4064.0,False,,,False,False,,False,,,False,False,
BARK,9.4399995803833,9.354999542236328,-0.009004241729375306,0.0,False,,,False,True,18758.0,False,,,False,False,,False,,,False,False,
BARK,9.420000076293945,9.494999885559082,0.007961763127144694,0.0,False,,,False,True,18533.0,False,,,False,False,,False,,,False,False,
BARK,9.649999618530273,9.609999656677246,-0.004145073931010157,0.0,False,,,False,True,18372.0,False,,,False,False,,False,,,False,False,
BATL,1.589900016784668,1.590000033378601,6.290747397774687e-05,0.0,True,6868.0,0.0006290747397774687,False,True,1092.0,True,6977.0,0.0003145373698887344,False,False,,False,,,False,False,
BATL,1.49,1.440000057220459,-0.03355700857687316,126.0,True,4446.0,-0.3355700857687316,False,False,,True,4482.0,-0.1677850428843658,False,False,,False,,,False,False,
BATL,1.3099000453948975,1.3099000453948975,0.0,0.0,True,1289.0,0.0,False,False,,False,,,False,False,,False,,,False,False,
BATL,1.5511,1.7200000286102295,0.1088904832765325,314.0,True,314.0,1.088904832765325,True,False,,True,438.0,0.5444524163826625,False,False,,False,,,False,False,
BAX,22.08989906311035,22.099899291992188,0.0004527059563859126,0.0,True,9835.0,0.004527059563859126,False,False,,True,12712.0,0.002263529781929563,False,False,,False,,,False,False,
BBBY,5.329999923706055,5.335000038146973,0.0009381077884595967,0.0,False,,,False,True,14405.0,False,,,False,False,,False,,,False,False,
BBBY,5.159999847412109,5.175000190734863,0.0029070433655684624,0.0,False,,,False,False,,False,,,False,False,,False,,,False,False,
BBBY,4.869999885559082,4.869999885559082,0.0,0.0,True,5906.0,0.0,False,False,,False,,,False,False,,False,,,False,False,
BBBY,5.21999979019165,5.224999904632568,0.0009578763681779012,0.0,False,,,False,False,,False,,,False,False,,False,,,False,False,
BBBY,5.195000171661377,5.204999923706055,0.0019248800219924256,0.0,False,,,False,False,,False,,,False,False,,False,,,False,False,
BBBY,4.974999904632568,4.974999904632568,0.0,0.0,False,,,False,False,,False,,,False,False,,False,,,False,False,
BBIO,81.45999908447266,81.51000213623047,0.0006138356533242906,0.0,False,,,False,False,,False,,,False,False,,False,,,False,False,
BBIO,78.59500122070312,78.54000091552734,-0.000699793935002746,0.0,True,2698.0,-0.00699793935002746,False,False,,False,,,False,False,,False,,,False,False,
BBIO,78.75499725341797,78.81999969482422,0.0008253754513771749,0.0,True,3971.0,0.00825375451377175,False,False,,False,,,False,False,,False,,,False,False,
BBIO,77.7750015258789,77.7750015258789,0.0,0.0,True,1111.0,0.0,False,False,,True,1133.0,0.0,False,False,,False,,,False,False,
BBIO,82.55999755859375,82.83000183105469,0.003270400683688335,0.0,False,,,False,False,,False,,,False,False,,False,,,False,False,
BBIO,76.51000213623047,76.49500274658203,-0.00019604482067236972,0.0,True,1312.0,-0.0019604482067236972,False,False,,True,1329.0,-0.0009802241033618486,False,False,,False,,,False,False,
BBIO,78.8499984741211,78.84500122070312,-6.337670912714977e-05,0.0,True,3993.0,-0.0006337670912714977,False,False,,False,,,False,False,,False,,,False,False,
BBIO,79.04000091552734,79.38999938964844,0.004428118295382477,0.0,False,,,False,False,,False,,,False,False,,False,,,False,False,
BBIO,81.47000122070312,81.48989868164062,0.0002442305221477259,0.0,False,,,False,False,,False,,,False,False,,False,,,False,False,
BBIO,81.66999816894531,81.51000213623047,-0.001959055176955826,0.0,False,,,False,False,,False,,,False,False,,False,,,False,False,
BBT,29.84000015258789,29.829999923706055,-0.00033512831202076043,0.0,False,,,False,False,,False,,,False,False,,False,,,False,False,
BBWI,20.524999618530273,20.525100708007812,4.925187791382513e-06,0.0,False,,,False,False,,False,,,False,False,,False,,,False,False,
BBWI,19.530000686645508,19.540000915527344,0.000512044471594697,0.0,True,10026.0,0.00512044471594697,False,False,,False,,,False,False,,False,,,False,False,
BCAL,21.31999969482422,21.350000381469727,0.0014071616826893951,0.0,False,,,False,False,,False,,,False,False,,False,,,False,False,
BCAL,20.540000915527344,20.540000915527344,0.0,0.0,False,,,False,False,,False,,,False,False,,False,,,False,False,
BCAX,27.8700008392334,27.829999923706055,-0.0014352678264376584,0.0,False,,,False,False,,False,,,False,False,,False,,,False,False,
BCAX,27.19499969482422,27.239999771118164,0.0016547187644393446,0.0,False,,,False,False,,False,,,False,False,,False,,,False,False,
BCAX,27.219999313354492,27.65999984741211,0.016164604891879986,0.0,False,,,False,False,,False,,,False,False,,False,,,False,False,
BCAX,27.389999389648438,27.405000686645508,0.0005476924911045344,0.0,False,,,False,False,,False,,,False,False,,False,,,False,False,
BCAX,27.579999923706055,27.600000381469727,0.0007251797613849753,76.0,False,,,False,False,,False,,,False,False,,False,,,False,False,
BCAX,27.56999969482422,27.59000015258789,0.000725442799603071,0.0,False,,,False,False,,False,,,False,False,,False,,,False,False,
BCAX,27.829999923706055,27.829999923706055,0.0,0.0,False,,,False,False,,False,,,False,False,,False,,,False,False,
BCAX,28.219999313354492,28.299999237060547,0.002834866252749979,0.0,False,,,False,False,,False,,,False,False,,False,,,False,False,
BCAX,27.65999984741211,27.6200008392334,-0.0014460957483501957,0.0,False,,,False,False,,False,,,False,False,,False,,,False,False,
BCAX,27.25,27.3700008392334,0.004403700522326526,0.0,False,,,False,False,,False,,,False,False,,False,,,False,False,
BCBP,10.220000267028809,10.220000267028809,0.0,0.0,False,,,False,False,,False,,,False,False,,False,,,False,False,
BCBP,10.210000038146973,10.220000267028809,0.0009794543432393166,0.0,False,,,False,False,,False,,,False,False,,False,,,False,False,
BCBP,10.420000076293945,10.430000305175781,0.0009597148568729619,0.0,False,,,False,False,,False,,,False,False,,False,,,False,False,
BCBP,10.175000190734863,10.180000305175781,0.0004914117294534392,0.0,False,,,False,False,,False,,,False,False,,False,,,False,False,
BCBP,10.390000343322754,10.369999885559082,-0.0019249718097001933,0.0,False,,,False,False,,False,,,False,False,,False,,,False,False,
BCHT,1.7000000476837158,1.7000000476837158,0.0,0.0,False,,,False,True,9763.0,False,,,False,True,21296.0,False,,,False,False,
BCML,33.11000061035156,33.189998626708984,0.0024161285074821848,0.0,False,,,False,False,,False,,,False,False,,False,,,False,False,
BCML,34.779998779296875,34.83000183105469,0.001437695615664536,0.0,False,,,False,True,11137.0,False,,,False,False,,False,,,False,False,
BCML,33.41999816894531,33.41999816894531,0.0,0.0,False,,,False,False,,False,,,False,False,,False,,,False,False,
BCML,34.809898376464844,34.779998779296875,-0.0008589395132558852,0.0,False,,,False,True,11139.0,False,,,False,False,,False,,,False,False,
BCML,33.04999923706055,33.224998474121094,0.005294984602127073,1051.0,False,,,False,False,,False,,,False,False,,False,,,False,False,
BCML,33.720001220703125,33.77000045776367,0.001482776846100764,1050.0,False,,,False,True,22693.0,False,,,False,False,,False,,,False,False,
BCML,33.56999969482422,33.47999954223633,-0.002680969717189674,0.0,False,,,False,False,,False,,,False,False,,False,,,False,False,
BCO,121.93000030517578,121.90499877929688,-0.00020504819007893804,0.0,False,,,False,False,,False,,,False,False,,False,,,False,False,
BCO,121.75499725341797,121.87999725341797,0.0010266519060391222,0.0,False,,,False,False,,False,,,False,False,,False,,,False,False,
BCO,104.44999694824219,104.33999633789062,-0.0010531413457682826,0.0,True,9893.0,-0.010531413457682826,False,False,,False,,,False,False,,False,,,False,False,
BCO,103.32499694824219,103.23500061035156,-0.0008710025700334745,0.0,True,11483.0,-0.008710025700334745,False,False,,True,20116.0,-0.004355012850167372,False,False,,False,,,False,False,
BCO,119.59,119.56999969482422,-0.00016724061523354372,129.0,False,,,False,False,,False,,,False,False,,False,,,False,False,
BCO,121.09500122070312,121.38500213623047,0.0023948215252815874,0.0,False,,,False,False,,False,,,False,False,,False,,,False,False,
BCO,115.31999969482422,115.27999877929688,-0.0003468688487097138,0.0,False,,,False,False,,False,,,False,False,,False,,,False,False,
BCO,107.19999694824219,107.27999877929688,0.0007462857586957306,0.0,True,5623.0,0.0074628575869573055,False,False,,False,,,False,False,,False,,,False,False,
BCO,103.91,103.08999633789062,-0.007891479762384468,195.0,True,11722.0,-0.07891479762384468,False,False,,False,,,False,False,,False,,,False,False,
BCO,108.28500366210938,108.33000183105469,0.00041555309990770617,0.0,True,4190.0,0.004155530999077062,False,False,,False,,,False,False,,False,,,False,False,
BCPC,159.74000549316406,160.0500030517578,0.001940638211678447,0.0,False,,,False,False,,False,,,False,False,,False,,,False,False,
BCSF,12.65999984741211,12.65999984741211,0.0,0.0,False,,,False,False,,False,,,False,False,,False,,,False,False,
BDN,3.325000047683716,3.325000047683716,0.0,0.0,False,,,False,False,,False,,,False,False,,False,,,False,False,
BDN,3.2899999618530273,3.2899999618530273,0.0,0.0,False,,,False,False,,False,,,False,False,,False,,,False,False,
BDN,3.115000009536743,3.119999885559082,0.0016050966314706816,0.0,False,,,False,False,,False,,,False,False,,False,,,False,False,
BDN,3.125,3.125,0.0,0.0,False,,,False,False,,False,,,False,False,,False,,,False,False,
BDN,3.075000047683716,3.0799999237060547,0.0016259759170100807,0.0,False,,,False,False,,False,,,False,False,,False,,,False,False,
BE,236.52000427246094,236.5,-8.457750760859639e-05,0.0,False,,,False,True,4316.0,False,,,False,False,,False,,,False,False,
BE,221.98500061035156,222.33999633789062,0.001599187902619592,0.0,False,,,False,True,1192.0,False,,,False,True,5557.0,False,,,False,False,
BE,218.8661,214.19000244140625,-0.02136510660442037,1041.0,False,,,False,True,1313.0,False,,,False,True,6801.0,False,,,False,False,
BE,239.7100067138672,240.8800048828125,0.0048808899761196844,0.0,False,,,False,True,4449.0,False,,,False,False,,False,,,False,False,
BEN,34.435001373291016,34.439998626708984,0.00014512133639255076,0.0,False,,,False,False,,False,,,False,False,,False,,,False,False,
BEN,33.68000030517578,33.68000030517578,0.0,0.0,False,,,False,False,,False,,,False,False,,False,,,False,False,
BEN,34.185001373291016,34.189998626708984,0.000146182630311964,0.0,False,,,False,False,,False,,,False,False,,False,,,False,False,
BEN,33.654998779296875,33.665000915527344,0.0002971961549029789,0.0,False,,,False,False,,False,,,False,False,,False,,,False,False,
BEN,33.970001220703125,33.97999954223633,0.0002943279709719526,0.0,False,,,False,False,,False,,,False,False,,False,,,False,False,
BEN,33.61399841308594,33.61000061035156,-0.00011893267457341317,0.0,False,,,False,False,,False,,,False,False,,False,,,False,False,
BEN,32.790000915527344,32.79499816894531,0.00015240174682640273,0.0,False,,,False,False,,False,,,False,False,,False,,,False,False,
BEN,32.779998779296875,32.790000915527344,0.0003051292435307662,0.0,False,,,False,False,,False,,,False,False,,False,,,False,False,
BEN,32.77000045776367,32.775001525878906,0.0001526111701366517,0.0,False,,,False,False,,False,,,False,False,,False,,,False,False,
BEN,33.630001068115234,33.65999984741211,0.0008920243337522393,0.0,False,,,False,False,,False,,,False,False,,False,,,False,False,
BEN,33.470001220703125,33.459999084472656,-0.0002988388367396455,0.0,False,,,False,False,,False,,,False,False,,False,,,False,False,
BEN,33.279998779296875,33.2599983215332,-0.0006009753154232467,0.0,False,,,False,False,,False,,,False,False,,False,,,False,False,
BEN,33.470001220703125,33.5,0.0008962885629750783,0.0,False,,,False,False,,False,,,False,False,,False,,,False,False,
BEN,33.43000030517578,33.43000030517578,0.0,0.0,False,,,False,False,,False,,,False,False,,False,,,False,False,
BEN,33.72999954223633,33.77000045776367,0.0011859150925055406,0.0,False,,,False,False,,False,,,False,False,,False,,,False,False,
BEN,32.2400016784668,32.369998931884766,0.00403217266284428,0.0,False,,,False,False,,False,,,False,False,,False,,,False,False,
BEN,33.5,33.51499938964844,0.00044774297458016754,0.0,False,,,False,False,,False,,,False,False,,False,,,False,False,
BEN,33.369998931884766,33.380001068115234,0.00029973438869101976,0.0,False,,,False,False,,False,,,False,False,,False,,,False,False,
BEN,33.5,33.71500015258789,0.006417915002623564,172.0,False,,,False,False,,False,,,False,False,,False,,,False,False,
BEN,33.5,33.71500015258789,0.006417915002623564,325.0,False,,,False,False,,False,,,False,False,,False,,,False,False,
BEN,34.01499938964844,34.01499938964844,0.0,0.0,False,,,False,False,,False,,,False,False,,False,,,False,False,
BEN,34.01499938964844,34.095001220703125,0.0023519574449568648,0.0,False,,,False,False,,False,,,False,False,,False,,,False,False,
BEN,33.63,33.560001373291016,-0.0020814340383285,211.0,False,,,False,False,,False,,,False,False,,False,,,False,False,
BEN,33.31999969482422,33.32500076293945,0.0001500920816637219,0.0,False,,,False,False,,False,,,False,False,,False,,,False,False,
BFC,146.83999633789062,147.0749969482422,0.001600385563963247,0.0,False,,,False,False,,False,,,False,False,,False,,,False,False,
BFC,147.10000610351562,145.39999389648438,-0.011556846611107119,0.0,False,,,False,False,,False,,,False,False,,False,,,False,False,
BFH,102.20999908447266,102.21499633789062,4.889202096403089e-05,0.0,False,,,False,False,,False,,,False,False,,False,,,False,False,
BFH,99.31,100.5,0.011982680495418396,149.0,True,13299.0,0.11982680495418396,False,False,,False,,,False,False,,False,,,False,False,
BFH,100.22000122070312,100.22000122070312,0.0,0.0,False,,,False,False,,False,,,False,False,,False,,,False,False,
BFH,100.62999725341797,100.45999908447266,-0.0016893389007772708,0.0,False,,,False,False,,False,,,False,False,,False,,,False,False,
BFH,99.41999816894531,99.41999816894531,0.0,0.0,True,20057.0,0.0,False,False,,False,,,False,False,,False,,,False,False,
BFH,104.73500061035156,104.92500305175781,0.0018141255578267845,0.0,False,,,False,True,1683.0,False,,,False,False,,False,,,False,False,
BFST,30.25,30.274999618530273,0.000826433670422233,0.0,False,,,False,False,,False,,,False,False,,False,,,False,False,
BFST,30.579999923706055,30.6200008392334,0.0013080744155375967,0.0,False,,,False,False,,False,,,False,False,,False,,,False,False,
BFST,30.6299991607666,30.719999313354492,0.0029383008505978747,0.0,False,,,False,False,,False,,,False,False,,False,,,False,False,
BFST,30.34000015258789,30.34000015258789,0.0,0.0,False,,,False,False,,False,,,False,False,,False,,,False,False,
BGDE,7.440000057220459,7.425000190734863,-0.0020161110712678676,0.0,True,2635.0,-0.020161110712678676,False,True,9700.0,False,,,False,True,9703.0,False,,,False,False,
BGDE,7.179999828338623,7.239999771118164,0.008356538191369944,0.0,True,1217.0,0.08356538191369944,False,True,8306.0,False,,,False,True,11199.0,False,,,False,False,
BGDE,6.25,6.340000152587891,0.014400024414062518,0.0,False,,,False,True,1085.0,False,,,False,True,18720.0,False,,,False,False,
BGDE,5.309999942779541,5.230000019073486,-0.015065899165373375,0.0,True,1314.0,-0.15065899165373375,False,False,,True,8293.0,-0.07532949582686688,False,False,,False,,,False,False,
BGDE,5.630000114440918,5.670000076293945,0.007104788817042351,0.0,True,5619.0,0.07104788817042351,False,True,15757.0,False,,,False,False,,False,,,False,False,
BGDE,5.639999866485596,5.650000095367432,0.0017730902692498773,0.0,True,5707.0,0.017730902692498773,False,True,15845.0,False,,,False,False,,False,,,False,False,
BGDE,8.109999656677246,8.145000457763672,0.004315758639719336,0.0,False,,,False,True,1239.0,False,,,False,True,6873.0,False,,,False,False,
BGDE,7.171999931335449,7.190000057220459,0.0025097777547884448,0.0,True,1502.0,0.025097777547884448,False,True,8591.0,False,,,False,True,11484.0,False,,,False,False,
BHB,37.61000061035156,37.66999816894531,0.0015952554538709585,0.0,False,,,False,False,,False,,,False,False,,False,,,False,False,
BHB,38.099998474121094,38.06999969482422,-0.0007873695668846326,0.0,False,,,False,False,,False,,,False,False,,False,,,False,False,
BHB,38.18,38.150001525878906,-0.0007857117370637656,0.0,False,,,False,False,,False,,,False,False,,False,,,False,False,
BHC,4.570000171661377,4.570000171661377,0.0,0.0,True,4212.0,0.0,False,False,,True,4221.0,0.0,False,False,,False,,,False,False,
BHC,4.425000190734863,4.429900169372559,0.0011073397573981847,0.0,True,8573.0,0.011073397573981847,False,False,,True,8574.0,0.0055366987869909234,False,False,,False,,,False,False,
BHC,4.735000133514404,4.735000133514404,0.0,0.0,False,,,False,False,,False,,,False,False,,False,,,False,False,
BHR,2.2699999809265137,2.2699999809265137,0.0,0.0,False,,,False,True,8393.0,False,,,False,False,,False,,,False,False,
BHR,2.03,2.0,-0.01477832512315258,1032.0,True,12572.0,-0.1477832512315258,False,False,,False,,,False,False,,False,,,False,False,
BHR,2.2750000953674316,2.2799999713897705,0.002197747609997913,0.0,False,,,False,True,8382.0,False,,,False,False,,False,,,False,False,
BHR,2.0450000762939453,2.0450000762939453,0.0,0.0,True,22712.0,0.0,False,False,,False,,,False,False,,False,,,False,False,
BHR,2.125,2.125,0.0,0.0,True,21426.0,0.0,False,False,,False,,,False,False,,False,,,False,False,
BHRB,69.30500030517578,69.41999816894531,0.0016593011076135866,0.0,False,,,False,False,,False,,,False,False,,False,,,False,False,
BHRB,70.01000213623047,70.05500030517578,0.0006427391454402187,0.0,False,,,False,False,,False,,,False,False,,False,,,False,False,
BHRB,69.75,69.74500274658203,-7.164521029345838e-05,0.0,False,,,False,False,,False,,,False,False,,False,,,False,False,
BHRB,70.27999877929688,70.16999816894531,-0.0015651766115847288,0.0,False,,,False,False,,False,,,False,False,,False,,,False,False,
BHRB,69.94999694824219,70.0250015258789,0.0010722599129233679,0.0,False,,,False,False,,False,,,False,False,,False,,,False,False,
BHVN,15.390000343322754,15.399999618530273,0.0006497254700750243,0.0,False,,,False,True,10123.0,False,,,False,False,,False,,,False,False,
BHVN,15.130000114440918,15.149999618530273,0.0013218442787892304,0.0,False,,,False,True,12814.0,False,,,False,False,,False,,,False,False,
BHVN,14.385000228881836,14.430000305175781,0.0031282638566523246,0.0,False,,,False,False,,False,,,False,False,,False,,,False,False,
BIAF,0.7174999713897705,0.7206000089645386,0.004320610032587657,21.0,False,,,False,True,11316.0,False,,,False,False,,False,,,False,False,
BIAF,0.6912999749183655,0.6826000213623047,-0.012584918084349916,0.0,False,,,False,True,21331.0,False,,,False,False,,False,,,False,False,
BIAF,0.6657999753952026,0.6678000092506409,0.003003956036872868,1046.0,False,,,False,False,,False,,,False,False,,False,,,False,False,
BJDX,1.340000033378601,1.309999942779541,-0.022388126755056525,97.0,False,,,False,True,7297.0,False,,,False,True,8737.0,False,,,False,False,
BJDX,1.3849999904632568,1.3799999952316284,-0.0036101048852397177,0.0,False,,,False,True,4340.0,False,,,False,True,6856.0,False,,,False,False,
BJDX,1.25,1.2699999809265137,0.015999984741210893,861.0,True,1137.0,0.15999984741210893,False,True,9532.0,False,,,False,True,19636.0,False,,,False,False,
BJDX,1.3049999475479126,1.3004000186920166,-0.003524849839679489,848.0,True,1213.0,-0.03524849839679489,False,True,6608.0,False,,,False,True,8071.0,False,,,False,False,
BJDX,1.25,1.2699999809265137,0.015999984741210893,206.0,True,482.0,0.15999984741210893,False,True,8877.0,False,,,False,True,18981.0,False,,,False,False,
BJDX,1.1549999713897705,1.600000023841858,0.3852814402381626,873.0,True,873.0,3.8528144023816258,True,False,,True,873.0,1.9264072011908129,True,False,,True,878.0,0.7705628804763252,False,False,
BJDX,1.5187000036239624,1.5199999809265137,0.0008559803117462739,0.0,False,,,False,True,63.0,False,,,False,True,1326.0,False,,,False,False,
BKD,15.430500030517578,15.449999809265137,0.0012637165813804696,0.0,False,,,False,True,3997.0,False,,,False,False,,False,,,False,False,
BKKT,8.079999923706055,8.069999694824219,-0.0012376521010224462,0.0,False,,,False,True,12820.0,False,,,False,False,,False,,,False,False,
BKKT,7.590000152587891,7.610000133514404,0.0026350435473567746,0.0,False,,,False,True,7425.0,False,,,False,False,,False,,,False,False,
BKKT,8.265000343322754,8.265000343322754,0.0,0.0,False,,,False,True,14374.0,False,,,False,False,,False,,,False,False,
BKKT,8.1899995803833,8.170000076293945,-0.002441942016365717,0.0,False,,,False,True,2739.0,False,,,False,False,,False,,,False,False,
BKKT,8.4399995803833,8.420000076293945,-0.0023696096070714434,0.0,False,,,False,True,11334.0,False,,,False,False,,False,,,False,False,
BKKT,8.430000305175781,8.430100440979004,1.1878505290274788e-05,0.0,False,,,False,True,9899.0,False,,,False,False,,False,,,False,False,
BKU,48.23,48.45500183105469,0.004665184139637013,325.0,False,,,False,False,,False,,,False,False,,False,,,False,False,
BKU,49.130001068115234,49.130001068115234,0.0,0.0,False,,,False,False,,False,,,False,False,,False,,,False,False,
BKYI,4.75,4.880000114440918,0.027368445145456333,130.0,True,137.0,0.2736844514545633,False,True,399.0,False,,,False,False,,False,,,False,False,
BKYI,4.75,4.880000114440918,0.027368445145456333,157.0,True,164.0,0.2736844514545633,False,True,426.0,False,,,False,False,,False,,,False,False,
BKYI,4.75,4.880000114440918,0.027368445145456333,164.0,True,171.0,0.2736844514545633,False,True,433.0,False,,,False,False,,False,,,False,False,
BKYI,4.800000190734863,4.920000076293945,0.02499997516473229,908.0,True,21007.0,0.2499997516473229,False,True,3972.0,False,,,False,True,21292.0,False,,,False,False,
BKYI,4.75,4.880000114440918,0.027368445145456333,158.0,True,165.0,0.2736844514545633,False,True,427.0,False,,,False,False,,False,,,False,False,
BKYI,4.75,4.880000114440918,0.027368445145456333,14.0,True,21.0,0.2736844514545633,False,True,283.0,False,,,False,False,,False,,,False,False,
BLFS,27.36359977722168,27.475000381469727,0.004071123870945437,0.0,True,11686.0,0.04071123870945437,False,False,,False,,,False,False,,False,,,False,False,
BLFS,27.270000457763672,27.34000015258789,0.002566912125015808,0.0,True,11429.0,0.025669121250158078,False,False,,True,28543.0,0.012834560625079039,False,False,,False,,,False,False,
BLFS,28.010000228881836,28.030000686645508,0.0007140470403512733,0.0,True,9815.0,0.007140470403512733,False,False,,False,,,False,False,,False,,,False,False,
BLFS,29.75,29.75,0.0,0.0,True,16969.0,0.0,False,True,1304.0,False,,,False,False,,False,,,False,False,
BLFS,27.020000457763672,27.02899932861328,0.0003330448074445602,0.0,True,11463.0,0.003330448074445602,False,False,,True,28683.0,0.001665224037222801,False,False,,False,,,False,False,
BLFS,27.934999465942383,27.934999465942383,0.0,0.0,True,9826.0,0.0,False,False,,False,,,False,False,,False,,,False,False,
BLFS,29.989999771118164,29.979999542236328,-0.00033345211597723967,0.0,True,15798.0,-0.0033345211597723967,False,True,118.0,False,,,False,False,,False,,,False,False,
BLIN,1.309999942779541,1.3200000524520874,0.007633671839197387,0.0,False,,,False,True,2857.0,False,,,False,False,,False,,,False,False,
BLIN,1.3700000047683716,1.375,0.0036496315432303916,1023.0,False,,,False,True,2495.0,False,,,False,False,,False,,,False,False,
BLK,1021.2750244140625,1021.3300170898438,5.384707788458343e-05,0.0,True,4153.0,0.0005384707788458343,False,False,,False,,,False,False,,False,,,False,False,
BLK,1036.11,1039.4300537109375,0.003204344819505156,202.0,False,,,False,False,,False,,,False,False,,False,,,False,False,
BLK,1034.4449462890625,1035.0400390625,0.0005752773751490636,0.0,False,,,False,False,,False,,,False,False,,False,,,False,False,
BLK,1021.219970703125,1021.6900024414062,0.00046026492995210333,0.0,True,4105.0,0.004602649299521033,False,False,,False,,,False,False,,False,,,False,False,
BLK,1054.11,1060.43505859375,0.006000378132974937,929.0,False,,,False,False,,False,,,False,False,,False,,,False,False,
BLK,1072.2,1073.1400146484375,0.0008767157698539307,253.0,False,,,False,False,,False,,,False,False,,False,,,False,False,
BLK,1049.699951171875,1050.0,0.0002858424712604002,0.0,False,,,False,False,,False,,,False,False,,False,,,False,False,
BLK,1056.6650390625,1056.22998046875,-0.00041172800998123815,0.0,False,,,False,False,,False,,,False,False,,False,,,False,False,
BLK,1037.16,1043.800048828125,0.0064021451156281994,831.0,False,,,False,False,,False,,,False,False,,False,,,False,False,
BLK,1055.67,1068.4449462890625,0.01210126866261474,3716.0,False,,,False,False,,False,,,False,False,,False,,,False,False,
BLK,1005.156982421875,1004.9924926757812,-0.0001636458274382191,0.0,True,11445.0,-0.001636458274382191,False,False,,False,,,False,False,,False,,,False,False,
BLK,1022.4000244140625,1021.8150024414062,-0.0005722045761800132,0.0,True,4028.0,-0.005722045761800132,False,False,,False,,,False,False,,False,,,False,False,
BLK,1023.9000244140625,1024.0,9.764194116002045e-05,0.0,False,,,False,False,,False,,,False,False,,False,,,False,False,
BLK,1011.21,1015.7150268554688,0.004455085348709753,318.0,True,13278.0,0.04455085348709753,False,False,,False,,,False,False,,False,,,False,False,
BLK,1064.8299560546875,1065.449951171875,0.0005822480046342449,0.0,False,,,False,False,,False,,,False,False,,False,,,False,False,
BLK,1035.4749755859375,1035.47998046875,4.833417446503674e-06,0.0,False,,,False,False,,False,,,False,False,,False,,,False,False,
BLK,1022.3499755859375,1022.5900268554688,0.00023480341885240286,0.0,True,4211.0,0.0023480341885240286,False,False,,False,,,False,False,,False,,,False,False,
BLK,1053.0699462890625,1053.7900390625,0.0006838033655551801,0.0,False,,,False,False,,False,,,False,False,,False,,,False,False,
BLK,1036.3599853515625,1037.3466796875,0.0009520768361224174,0.0,False,,,False,False,,False,,,False,False,,False,,,False,False,
BLK,1054.1650390625,1054.8800048828125,0.0006782294933138644,0.0,False,,,False,False,,False,,,False,False,,False,,,False,False,
BLK,1047.2149658203125,1048.800048828125,0.0015136176043577532,0.0,False,,,False,False,,False,,,False,False,,False,,,False,False,
BLK,1054.11,1060.43505859375,0.006000378132974937,112.0,False,,,False,False,,False,,,False,False,,False,,,False,False,
BLK,1038.9549560546875,1040.2900390625,0.0012850249185800688,0.0,False,,,False,False,,False,,,False,False,,False,,,False,False,
BLK,1055.77001953125,1055.77001953125,0.0,0.0,False,,,False,False,,False,,,False,False,,False,,,False,False,
BLK,1041.8399658203125,1041.8399658203125,0.0,0.0,False,,,False,False,,False,,,False,False,,False,,,False,False,
BLK,1019.9849853515625,1019.3900146484375,-0.0005833131974192218,0.0,True,9814.0,-0.005833131974192218,False,False,,False,,,False,False,,False,,,False,False,
BLK,1051.4849853515625,1051.074951171875,-0.00038995723705026464,0.0,False,,,False,False,,False,,,False,False,,False,,,False,False,
BLK,1021.9249877929688,1022.0,7.340285043166972e-05,0.0,True,4020.0,0.0007340285043166972,False,False,,False,,,False,False,,False,,,False,False,
BLK,1060.06005859375,1061.989990234375,0.001820587074269353,0.0,False,,,False,False,,False,,,False,False,,False,,,False,False,
BLK,1016.6900024414062,1016.1749877929688,-0.0005065601581610846,0.0,True,9745.0,-0.005065601581610846,False,False,,False,,,False,False,,False,,,False,False,
BLK,1036.553955078125,1036.8525390625,0.00028805445477519953,0.0,False,,,False,False,,False,,,False,False,,False,,,False,False,
BLK,1011.21,1015.7150268554688,0.004455085348709753,819.0,True,13779.0,0.04455085348709753,False,False,,False,,,False,False,,False,,,False,False,
BLK,1036.64501953125,1036.52001953125,-0.00012058129605108103,0.0,False,,,False,False,,False,,,False,False,,False,,,False,False,
BLK,1018.6900024414062,1018.5499877929688,-0.00013744578635499494,0.0,True,9867.0,-0.0013744578635499494,False,False,,False,,,False,False,,False,,,False,False,
BLK,1065.9300537109375,1066.72998046875,0.0007504495769001807,0.0,False,,,False,False,,False,,,False,False,,False,,,False,False,
BLK,1036.7900390625,1037.385009765625,0.0005738584291019588,0.0,False,,,False,False,,False,,,False,False,,False,,,False,False,
BLK,1056.6600341796875,1056.1500244140625,-0.0004826621137620224,0.0,False,,,False,False,,False,,,False,False,,False,,,False,False,
BLNE,1.0399999618530273,1.0398999452590942,-9.61698053862925e-05,0.0,False,,,False,True,4393.0,False,,,False,True,5475.0,False,,,False,False,
BLNE,1.0800000429153442,1.090000033378601,0.009259250061012025,0.0,False,,,False,True,10029.0,False,,,False,True,11372.0,False,,,False,False,
BLNE,1.1098999977111816,1.1009999513626099,-0.008018782202833918,0.0,False,,,False,True,4407.0,False,,,False,True,5750.0,False,,,False,False,
BLNE,0.951200008392334,0.9679999947547913,0.01766188626391174,75.0,True,14502.0,0.1766188626391174,False,True,91.0,False,,,False,True,91.0,False,,,False,False,
BLNE,1.1349999904632568,1.1389000415802002,0.0034361684138441984,0.0,False,,,False,True,14036.0,False,,,False,True,15481.0,False,,,False,False,
BLNK,0.5577999949455261,0.5555999875068665,-0.003944079344917362,0.0,False,,,False,True,16969.0,False,,,False,False,,False,,,False,False,
BLNK,0.5535,0.5525000095367432,-0.0018066675036256807,275.0,False,,,False,True,8972.0,False,,,False,False,,False,,,False,False,
BLNK,0.5507000088691711,0.5562999844551086,0.010168831479477669,3802.0,False,,,False,True,16821.0,False,,,False,False,,False,,,False,False,
BLNK,0.5558000206947327,0.5558000206947327,0.0,0.0,False,,,False,True,18491.0,False,,,False,False,,False,,,False,False,
BLNK,0.5552999973297119,0.5565999746322632,0.002341036032419419,0.0,False,,,False,True,18581.0,False,,,False,False,,False,,,False,False,
BLNK,0.5914999842643738,0.5946000218391418,0.005240976597190361,0.0,False,,,False,True,20360.0,False,,,False,True,27395.0,False,,,False,False,
BLNK,0.5694000124931335,0.5769000053405762,0.013171746896533554,0.0,False,,,False,False,,False,,,False,False,,False,,,False,False,
BLZE,15.920000076293945,15.960000038146973,0.002512560405862674,0.0,True,2631.0,0.025125604058626738,False,True,12623.0,False,,,False,True,14047.0,False,,,False,False,
BMBL,3.0,3.0,0.0,0.0,False,,,False,False,,False,,,False,False,,False,,,False,False,
BMI,140.61500549316406,142.15499877929688,0.010951841737883994,0.0,True,4333.0,0.10951841737883994,False,True,11705.0,False,,,False,False,,False,,,False,False,
BMI,141.8300018310547,141.75999450683594,-0.0004936002489948077,0.0,False,,,False,True,10211.0,False,,,False,False,,False,,,False,False,
BMNR,17.80500030517578,17.815000534057617,0.0005616528340597338,0.0,False,,,False,True,2676.0,False,,,False,False,,False,,,False,False,
BMNR,14.960000038146973,14.770000457763672,-0.012700506677728263,3861.0,True,6741.0,-0.12700506677728263,False,False,,False,,,False,False,,False,,,False,False,
BMNR,16.88949966430664,16.889999389648438,2.958793047325159e-05,0.0,False,,,False,False,,False,,,False,False,,False,,,False,False,
BMNR,14.85,14.6899995803833,-0.010774439031427496,63.0,True,7652.0,-0.10774439031427496,False,False,,False,,,False,False,,False,,,False,False,
BMNR,14.725000381469727,14.725000381469727,0.0,0.0,True,6864.0,0.0,False,False,,False,,,False,False,,False,,,False,False,
BMNR,16.899999618530273,16.915000915527344,0.0008876507299220293,0.0,False,,,False,False,,False,,,False,False,,False,,,False,False,
BMNR,14.85,14.479999542236328,-0.02491585574166133,279.0,False,,,False,False,,False,,,False,False,,False,,,False,False,
BMNR,16.63,16.610000610351562,-0.0012026091189679677,949.0,True,5611.0,-0.012026091189679677,False,False,,False,,,False,False,,False,,,False,False,
BMNR,14.387999534606934,14.414999961853027,0.0018765935584825755,0.0,True,5546.0,0.018765935584825755,False,False,,False,,,False,False,,False,,,False,False,
BMNR,17.0,17.010000228881836,0.0005882487577550943,0.0,False,,,False,False,,False,,,False,False,,False,,,False,False,
BMNR,15.57,15.470000267028809,-0.006422590428464492,44.0,False,,,False,False,,False,,,False,False,,False,,,False,False,
BMRC,28.420000076293945,28.420000076293945,0.0,0.0,False,,,False,False,,False,,,False,False,,False,,,False,False,
BMRC,28.405000686645508,28.3700008392334,-0.001232172031897294,0.0,False,,,False,False,,False,,,False,False,,False,,,False,False,
BMRC,29.299999237060547,29.139999389648438,-0.005460745787656207,0.0,False,,,False,False,,False,,,False,False,,False,,,False,False,
BMRC,28.56999969482422,28.625,0.0019251069570624946,0.0,False,,,False,False,,False,,,False,False,,False,,,False,False,
BMRC,28.479999542236328,28.43000030517578,-0.0017555912171416388,0.0,False,,,False,False,,False,,,False,False,,False,,,False,False,
BMRC,28.549999237060547,28.565000534057617,0.0005254394885445546,0.0,False,,,False,False,,False,,,False,False,,False,,,False,False,
BMRC,28.389999389648438,28.395000457763672,0.00017615597825826335,0.0,False,,,False,False,,False,,,False,False,,False,,,False,False,
BMRC,28.940000534057617,28.94499969482422,0.0001727422485953145,0.0,False,,,False,False,,False,,,False,False,,False,,,False,False,
BMRC,29.139999389648438,29.1825008392334,0.001458526097295021,0.0,False,,,False,False,,False,,,False,False,,False,,,False,False,
BNAI,17.725000381469727,17.725000381469727,0.0,0.0,False,,,False,True,6910.0,False,,,False,True,9799.0,False,,,False,False,
BNAI,10.688799858093262,10.829999923706055,0.013210095379031728,0.0,True,104.0,0.13210095379031728,False,False,,True,8634.0,0.06605047689515864,False,False,,False,,,False,False,
BNAI,11.180000305175781,11.029999732971191,-0.013416866557252827,310.0,True,7511.0,-0.13416866557252827,False,False,,False,,,False,False,,False,,,False,False,
BNAI,15.274999618530273,15.210000038146973,-0.004255291784390547,0.0,False,,,False,True,2730.0,False,,,False,True,12982.0,False,,,False,False,
BNAI,14.630000114440918,14.574899673461914,-0.00376626387887824,0.0,False,,,False,True,8616.0,False,,,False,True,14355.0,False,,,False,False,
BNC,2.7850000858306885,2.7850000858306885,0.0,0.0,True,2634.0,0.0,False,True,23160.0,False,,,False,False,,False,,,False,False,
BNC,2.7699999809265137,2.7799999713897705,0.0036101048852397177,0.0,True,2556.0,0.03610104885239718,False,True,23087.0,False,,,False,False,,False,,,False,False,
BNC,3.0,3.009999990463257,0.0033333301544189453,0.0,False,,,False,True,20127.0,False,,,False,False,,False,,,False,False,
BNC,2.9019999504089355,2.930000066757202,0.009648558520588768,0.0,False,,,False,True,17406.0,False,,,False,False,,False,,,False,False,
BNED,12.739999771118164,12.729999542236328,-0.0007849473360671544,0.0,False,,,False,False,,False,,,False,False,,False,,,False,False,
BNED,12.720000267028809,12.720000267028809,0.0,0.0,False,,,False,False,,False,,,False,False,,False,,,False,False,
BNED,12.5,12.529999732971191,0.002399978637695366,0.0,False,,,False,False,,False,,,False,False,,False,,,False,False,
BNED,12.239999771118164,12.369999885559082,0.010620924581033808,0.0,False,,,False,False,,False,,,False,False,,False,,,False,False,
BNED,12.614999771118164,12.600000381469727,-0.00118901228066437,0.0,False,,,False,False,,False,,,False,False,,False,,,False,False,
BNED,12.130000114440918,12.149999618530273,0.0016487637181095138,0.0,False,,,False,False,,False,,,False,False,,False,,,False,False,
BNED,12.359999656677246,12.5,0.011326888932971846,0.0,False,,,False,False,,False,,,False,False,,False,,,False,False,
BNED,12.6899995803833,12.630000114440918,-0.004728090459130696,0.0,False,,,False,False,,False,,,False,False,,False,,,False,False,
BNED,12.579999923706055,12.560099601745605,-0.001581901596274915,0.0,False,,,False,False,,False,,,False,False,,False,,,False,False,
BNED,11.890000343322754,11.885000228881836,-0.00042053105942307933,0.0,True,5465.0,-0.004205310594230793,False,False,,False,,,False,False,,False,,,False,False,
BNED,11.880000114440918,11.890000343322754,0.000841770099789807,0.0,True,6861.0,0.00841770099789807,False,False,,False,,,False,False,,False,,,False,False,
BNED,12.609999656677246,12.585000038146973,-0.0019825233315557966,0.0,False,,,False,False,,False,,,False,False,,False,,,False,False,
BNED,11.84000015258789,11.8100004196167,-0.0025337611980211783,0.0,True,6961.0,-0.025337611980211783,False,False,,False,,,False,False,,False,,,False,False,
BNED,11.880000114440918,11.895000457763672,0.0012626551496848215,0.0,True,5628.0,0.012626551496848215,False,False,,False,,,False,False,,False,,,False,False,
BNED,12.300000190734863,12.300000190734863,0.0,0.0,False,,,False,False,,False,,,False,False,,False,,,False,False,
BNL,22.719999313354492,22.725000381469727,0.00022011744130190358,0.0,False,,,False,False,,False,,,False,False,,False,,,False,False,
BNL,21.905000686645508,21.915000915527344,0.00045652721152089626,0.0,False,,,False,False,,False,,,False,False,,False,,,False,False,
BOH,85.19000244140625,85.3499984741211,0.0018781080893253144,0.0,False,,,False,False,,False,,,False,False,,False,,,False,False,
BOH,82.70999908447266,82.69999694824219,-0.00012093019394487925,0.0,False,,,False,False,,False,,,False,False,,False,,,False,False,
BOH,83.2699966430664,83.29000091552734,0.00024023385693983101,0.0,False,,,False,False,,False,,,False,False,,False,,,False,False,
BOKF,141.6649932861328,141.9499969482422,0.0020118143198137872,0.0,False,,,False,False,,False,,,False,False,,False,,,False,False,
BOKF,137.32000732421875,137.30999755859375,-7.289371607277495e-05,0.0,False,,,False,False,,False,,,False,False,,False,,,False,False,
BOKF,143.27000427246094,143.32000732421875,0.0003490127051488656,0.0,False,,,False,False,,False,,,False,False,,False,,,False,False,
BOKF,137.82000732421875,137.86000061035156,0.000290184907904667,0.0,False,,,False,False,,False,,,False,False,,False,,,False,False,
BOKF,139.44000244140625,139.4250030517578,-0.00010756877069573179,0.0,False,,,False,False,,False,,,False,False,,False,,,False,False,
BOKF,135.52000427246094,135.56500244140625,0.00033204078753446,0.0,False,,,False,False,,False,,,False,False,,False,,,False,False,
BOKF,136.1699981689453,136.1999969482422,0.00022030388264870915,0.0,False,,,False,False,,False,,,False,False,,False,,,False,False,
BOKF,143.1199951171875,142.1699981689453,-0.006637765376279692,1050.0,False,,,False,False,,False,,,False,False,,False,,,False,False,
BOKF,142.25999450683594,142.60000610351562,0.002390071768654245,0.0,False,,,False,False,,False,,,False,False,,False,,,False,False,
BOKF,141.27499389648438,141.25999450683594,-0.00010617158234971225,0.0,False,,,False,False,,False,,,False,False,,False,,,False,False,
BOKF,140.6699981689453,140.5800018310547,-0.0006397692405066824,0.0,False,,,False,False,,False,,,False,False,,False,,,False,False,
BOKF,141.4600067138672,141.3699951171875,-0.0006363042019484899,0.0,False,,,False,False,,False,,,False,False,,False,,,False,False,
BOKF,138.375,138.38499450683594,7.222769167802845e-05,0.0,False,,,False,False,,False,,,False,False,,False,,,False,False,
BOKF,138.4199981689453,138.4199981689453,0.0,0.0,False,,,False,False,,False,,,False,False,,False,,,False,False,
BOKF,140.16000366210938,140.1699981689453,7.130783800524121e-05,0.0,False,,,False,False,,False,,,False,False,,False,,,False,False,
BOX,30.5049991607666,30.510000228881836,0.00016394257508012267,0.0,False,,,False,False,,False,,,False,False,,False,,,False,False,
BOX,31.399999618530273,31.420000076293945,0.0006369572613582619,0.0,False,,,False,False,,False,,,False,False,,False,,,False,False,
BOX,31.5,31.520000457763672,0.0006349351671006698,0.0,False,,,False,False,,False,,,False,False,,False,,,False,False,
BOX,28.75,28.719999313354492,-0.001043502144191577,0.0,True,5972.0,-0.01043502144191577,False,False,,False,,,False,False,,False,,,False,False,
BOX,28.31999969482422,28.329999923706055,0.00035311543042371163,0.0,True,12648.0,0.0035311543042371163,False,False,,False,,,False,False,,False,,,False,False,
BOX,30.6200008392334,30.629899978637695,0.0003232899782161791,0.0,False,,,False,False,,False,,,False,False,,False,,,False,False,
BPOP,171.69000244140625,171.66000366210938,-0.00017472641895444063,3873.0,False,,,False,False,,False,,,False,False,,False,,,False,False,
BPOP,168.85000610351562,168.8000030517578,-0.0002961388803690568,0.0,False,,,False,False,,False,,,False,False,,False,,,False,False,
BPOP,170.85000610351562,170.8699951171875,0.00011699744195370343,0.0,False,,,False,False,,False,,,False,False,,False,,,False,False,
BPOP,170.91000366210938,171.89999389648438,0.00579246511709286,1047.0,False,,,False,False,,False,,,False,False,,False,,,False,False,
BPOP,169.3699951171875,169.25999450683594,-0.0006494692892649034,0.0,False,,,False,False,,False,,,False,False,,False,,,False,False,
BPOP,165.3000030517578,165.3249969482422,0.00015120324272799301,0.0,False,,,False,False,,False,,,False,False,,False,,,False,False,
BPOP,171.11000061035156,171.0399932861328,-0.0004091363682370286,0.0,False,,,False,False,,False,,,False,False,,False,,,False,False,
BPOP,169.5449981689453,169.5399932861328,-2.9519495511776128e-05,0.0,False,,,False,False,,False,,,False,False,,False,,,False,False,
BPOP,165.7050018310547,165.6999969482422,-3.0203571148690322e-05,0.0,False,,,False,False,,False,,,False,False,,False,,,False,False,
BPOP,172.0850067138672,172.09500122070312,5.807889383735443e-05,0.0,False,,,False,False,,False,,,False,False,,False,,,False,False,
BPOP,174.03500366210938,174.00999450683594,-0.0001437018688608127,0.0,False,,,False,False,,False,,,False,False,,False,,,False,False,
BPOP,172.6199951171875,172.86000061035156,0.0013903690183811879,0.0,False,,,False,False,,False,,,False,False,,False,,,False,False,
BPOP,174.25999450683594,174.36000061035156,0.000573890202387739,0.0,False,,,False,False,,False,,,False,False,,False,,,False,False,
BPOP,165.47999572753906,165.46499633789062,-9.064170918360315e-05,0.0,False,,,False,False,,False,,,False,False,,False,,,False,False,
BPOP,171.63499450683594,171.6199951171875,-8.739120883560769e-05,0.0,False,,,False,False,,False,,,False,False,,False,,,False,False,
BRBR,12.6899995803833,12.694999694824219,0.00039402006353461694,0.0,True,15783.0,0.003940200635346169,False,False,,False,,,False,False,,False,,,False,False,
BRBR,12.15,12.130000114440918,-0.001646081115973863,160.0,True,4598.0,-0.01646081115973863,False,False,,False,,,False,False,,False,,,False,False,
BRBR,12.895000457763672,12.895000457763672,0.0,0.0,False,,,False,False,,False,,,False,False,,False,,,False,False,
BRBR,12.48,12.75,0.02163461538461542,3915.0,False,,,False,False,,False,,,False,False,,False,,,False,False,
BRBR,12.210000038146973,12.208399772644043,-0.00013106187534239755,0.0,True,10052.0,-0.0013106187534239755,False,False,,False,,,False,False,,False,,,False,False,
BRBR,12.664999961853027,12.664999961853027,0.0,0.0,False,,,False,False,,False,,,False,False,,False,,,False,False,
BRBR,13.229999542236328,13.229999542236328,0.0,0.0,False,,,False,False,,False,,,False,False,,False,,,False,False,
BRBR,12.175000190734863,12.175000190734863,0.0,0.0,True,14178.0,0.0,False,False,,False,,,False,False,,False,,,False,False,
BRBS,3.384999990463257,3.3801000118255615,-0.001447556470162592,0.0,False,,,False,False,,False,,,False,False,,False,,,False,False,
BRBS,3.434999942779541,3.440000057220459,0.001455637416072797,0.0,False,,,False,False,,False,,,False,False,,False,,,False,False,
BRBS,3.381200075149536,3.380000114440918,-0.0003548919560949493,0.0,False,,,False,False,,False,,,False,False,,False,,,False,False,
BRBS,3.505000114440918,3.509999990463257,0.0014264981053035974,0.0,False,,,False,False,,False,,,False,False,,False,,,False,False,
BRBS,3.434999942779541,3.434999942779541,0.0,0.0,False,,,False,False,,False,,,False,False,,False,,,False,False,
BRBS,3.325000047683716,3.3299999237060547,0.0015037220904168258,0.0,False,,,False,False,,False,,,False,False,,False,,,False,False,
BRBS,3.4649999141693115,3.4600000381469727,-0.0014429656987560158,0.0,False,,,False,False,,False,,,False,False,,False,,,False,False,
BRBS,3.440000057220459,3.440000057220459,0.0,0.0,False,,,False,False,,False,,,False,False,,False,,,False,False,
BRO,68.5,68.4800033569336,-0.00029192179658987794,0.0,False,,,False,False,,False,,,False,False,,False,,,False,False,
BRO,67.06500244140625,67.06500244140625,0.0,0.0,True,5605.0,0.0,False,False,,False,,,False,False,,False,,,False,False,
BRR,1.590000033378601,1.5987999439239502,0.005534534817996262,0.0,True,186.0,0.05534534817996262,False,False,,True,1310.0,0.02767267408998131,False,False,,False,,,False,False,
BRR,1.5950000286102295,1.5299999713897705,-0.040752386241080796,1046.0,True,8585.0,-0.40752386241080796,False,False,,True,9707.0,-0.20376193120540398,False,False,,False,,,False,False,
BRR,1.909999966621399,1.9199999570846558,0.00523559719267741,0.0,False,,,False,True,7191.0,False,,,False,False,,False,,,False,False,
BRR,1.991,1.9850000143051147,-0.003013553839721461,902.0,False,,,False,True,13872.0,False,,,False,False,,False,,,False,False,
BRR,1.4850000143051147,1.4900000095367432,0.0033670001235441838,0.0,True,4485.0,0.03367000123544184,False,False,,True,5644.0,0.01683500061772092,False,False,,False,,,False,False,
BRSP,5.369999885559082,5.375,0.0009311200274628728,0.0,False,,,False,False,,False,,,False,False,,False,,,False,False,
BRT,15.149999618530273,15.18,0.0019802232491830107,0.0,False,,,False,False,,False,,,False,False,,False,,,False,False,
BRX,31.770000457763672,31.760000228881836,-0.0003147695542256024,0.0,False,,,False,False,,False,,,False,False,,False,,,False,False,
BRX,31.450000762939453,31.469999313354492,0.000635883940537374,0.0,False,,,False,False,,False,,,False,False,,False,,,False,False,
BSET,18.940000534057617,19.4950008392334,0.029303077588503035,1050.0,True,2632.0,0.29303077588503035,False,False,,False,,,False,False,,False,,,False,False,
BSRR,41.33000183105469,41.28499984741211,-0.001088845430651908,0.0,False,,,False,False,,False,,,False,False,,False,,,False,False,
BSRR,41.88999938964844,41.974998474121094,0.0020291020699718665,0.0,False,,,False,False,,False,,,False,False,,False,,,False,False,
BSRR,41.34000015258789,41.2599983215332,-0.0019352160319157097,0.0,False,,,False,False,,False,,,False,False,,False,,,False,False,
BSRR,41.625,41.54499816894531,-0.001921965911223733,0.0,False,,,False,False,,False,,,False,False,,False,,,False,False,
BSVN,50.880001068115234,50.689998626708984,-0.0037343246347790737,0.0,False,,,False,False,,False,,,False,False,,False,,,False,False,
BSVN,50.880001068115234,50.689998626708984,-0.0037343246347790737,0.0,False,,,False,False,,False,,,False,False,,False,,,False,False,
BSVN,50.779998779296875,51.2400016784668,0.0090587418319803,1073.0,False,,,False,False,,False,,,False,False,,False,,,False,False,
BSVN,50.779998779296875,51.2400016784668,0.0090587418319803,1073.0,False,,,False,False,,False,,,False,False,,False,,,False,False,
BSVN,50.779998779296875,51.2400016784668,0.0090587418319803,173.0,False,,,False,False,,False,,,False,False,,False,,,False,False,
BSVN,51.095001220703125,51.130001068115234,0.0006849955294243593,0.0,False,,,False,False,,False,,,False,False,,False,,,False,False,
BURU,0.1508,0.13500000536441803,-0.10477450023595469,3916.0,False,,,False,True,3916.0,False,,,False,True,4107.0,False,,,False,True,9791.0
BURU,0.1431,0.14329999685287476,0.0013976020466439643,883.0,True,1048.0,0.013976020466439643,False,True,5314.0,True,1074.0,0.006988010233219821,False,True,8378.0,False,,,False,False,
BURU,0.13050000369548798,0.13054999709129333,0.0003830911447482155,0.0,True,274.0,0.003830911447482155,False,True,8765.0,True,1504.0,0.0019154557237410774,False,False,,False,,,False,False,
BURU,0.1431,0.14329999685287476,0.0013976020466439643,1033.0,True,1198.0,0.013976020466439643,False,True,5464.0,True,1224.0,0.006988010233219821,False,True,8528.0,False,,,False,False,
BURU,0.141,0.13840000331401825,-0.018439692808381092,861.0,True,5345.0,-0.18439692808381092,False,True,1195.0,True,5372.0,-0.09219846404190546,False,False,,False,,,False,False,
BUSE,29.59000015258789,29.299999237060547,-0.00980063920351082,1046.0,False,,,False,False,,False,,,False,False,,False,,,False,False,
BUSE,30.010000228881836,29.969999313354492,-0.0013329195342306477,0.0,False,,,False,False,,False,,,False,False,,False,,,False,False,
BUSE,29.15999984741211,29.149999618530273,-0.0003429433790865799,0.0,False,,,False,False,,False,,,False,False,,False,,,False,False,
BUSE,29.56999969482422,29.56999969482422,0.0,0.0,False,,,False,False,,False,,,False,False,,False,,,False,False,
BW,10.770000457763672,10.770000457763672,0.0,0.0,False,,,False,True,2773.0,False,,,False,False,,False,,,False,False,
BWB,21.780000686645508,21.770000457763672,-0.0004591473171058347,0.0,False,,,False,False,,False,,,False,False,,False,,,False,False,
BWB,21.190000534057617,21.15999984741211,-0.0014157945204998912,297.0,False,,,False,False,,False,,,False,False,,False,,,False,False,
BWB,22.450000762939453,22.440000534057617,-0.0004454444784850464,0.0,False,,,False,True,8313.0,False,,,False,False,,False,,,False,False,
BWFG,59.849998474121094,60.064998626708984,0.003592316759721381,0.0,True,17263.0,0.03592316759721381,False,False,,False,,,False,False,,False,,,False,False,
BWFG,56.29999923706055,56.3849983215332,0.001509752853010804,0.0,True,22793.0,0.01509752853010804,False,False,,True,30009.0,0.00754876426505402,False,False,,False,,,False,False,
BXBL,9.899700164794922,10.009900093078613,0.011131643024460569,0.0,False,,,False,True,1100.0,False,,,False,True,1108.0,False,,,False,True,4014.0
BXBL,4.119999885559082,4.170000076293945,0.01213596896206659,43.0,True,186.0,0.1213596896206659,False,False,,True,233.0,0.06067984481033295,False,False,,False,,,False,False,
BXBL,9.875,9.199999809265137,-0.06835444969466975,947.0,False,,,False,True,947.0,False,,,False,True,956.0,False,,,False,True,3861.0
BXP,67.59500122070312,67.59500122070312,0.0,0.0,True,9972.0,0.0,False,False,,False,,,False,False,,False,,,False,False,
BXSL,23.08009910583496,23.084999084472656,0.00021230318878728838,0.0,False,,,False,False,,False,,,False,False,,False,,,False,False,
BY,37.720001220703125,37.70000076293945,-0.000530234812206043,0.0,False,,,False,False,,False,,,False,False,,False,,,False,False,
BYD,88.7699966430664,88.80000305175781,0.0003380242179353843,0.0,False,,,False,False,,False,,,False,False,,False,,,False,False,
BYD,85.72000122070312,85.69000244140625,-0.0003499624226513953,0.0,False,,,False,False,,False,,,False,False,,False,,,False,False,
BYD,87.26499938964844,87.23999786376953,-0.0002865011866587386,0.0,False,,,False,False,,False,,,False,False,,False,,,False,False,
BYD,87.33000183105469,87.31999969482422,-0.00011453264652183659,0.0,False,,,False,False,,False,,,False,False,,False,,,False,False,
BYD,87.80000305175781,88.05000305175781,0.00284738031105336,0.0,False,,,False,False,,False,,,False,False,,False,,,False,False,
BYD,87.0199966430664,87.20999908447266,0.0021834342534576834,0.0,False,,,False,False,,False,,,False,False,,False,,,False,False,
BYND,0.5746999979019165,0.5746999979019165,0.0,0.0,False,,,False,False,,False,,,False,False,,False,,,False,False,
BYND,0.7400000095367432,0.7394000291824341,-0.0008107842521308806,0.0,False,,,False,True,4025.0,False,,,False,False,,False,,,False,False,
BYND,0.5968999862670898,0.5946000218391418,-0.003853182243027997,26.0,False,,,False,True,7270.0,False,,,False,False,,False,,,False,False,
BYND,0.5647000074386597,0.5777999758720398,0.023198102108761054,3756.0,False,,,False,False,,False,,,False,False,,False,,,False,False,
BYND,0.680899977684021,0.6808000206947327,-0.00014680128148680804,0.0,False,,,False,True,11485.0,False,,,False,False,,False,,,False,False,
BYRN,6.414999961853027,6.420000076293945,0.0007794410710291189,0.0,False,,,False,True,20.0,False,,,False,True,2845.0,False,,,False,True,18878.0
BYRN,3.5950000286102295,3.5973000526428223,0.0006397841486198708,0.0,True,18725.0,0.006397841486198708,False,True,8477.0,True,19914.0,0.003198920743099354,False,False,,False,,,False,False,
BYRN,3.575000047683716,3.5799999237060547,0.001398566700881121,0.0,True,17161.0,0.013985667008811209,False,True,6989.0,True,18359.0,0.0069928335044056045,False,False,,False,,,False,False,
BYRN,3.225399971008301,3.2200000286102295,-0.0016741931067802973,0.0,True,2920.0,-0.016741931067802973,False,False,,True,5475.0,-0.008370965533901487,False,False,,False,,,False,False,
BYRN,3.6549999713897705,3.6547999382019043,-5.4728642799428684e-05,0.0,True,17515.0,-0.0005472864279942868,False,True,7081.0,True,18579.0,-0.0002736432139971434,False,False,,False,,,False,False,
BYRN,5.879899978637695,5.880000114440918,1.7030188198097207e-05,0.0,False,,,False,True,2792.0,False,,,False,True,2792.0,False,,,False,False,
BYRN,6.070000171661377,6.070000171661377,0.0,0.0,False,,,False,True,2520.0,False,,,False,True,2520.0,False,,,False,False,
BYRN,3.190000057220459,3.191499948501587,0.00047018534615173024,0.0,True,1257.0,0.0047018534615173024,False,False,,True,5445.0,0.0023509267307586512,False,False,,True,11207.0,0.0009403706923034605,False,False,
BYRN,3.4005000591278076,3.419800043106079,0.005675631125623859,0.0,True,3938.0,0.05675631125623859,False,False,,True,8635.0,0.028378155628119295,False,False,,False,,,False,False,
BYRN,3.484999895095825,3.484999895095825,0.0,0.0,True,2613.0,0.0,False,False,,True,8373.0,0.0,False,False,,False,,,False,False,
BYRN,3.184999942779541,3.184999942779541,0.0,0.0,True,1244.0,0.0,False,False,,True,5432.0,0.0,False,False,,True,11194.0,0.0,False,False,
BYRN,3.865000009536743,3.9600000381469727,0.024579567496978205,326.0,True,21926.0,0.24579567496978205,False,True,4657.0,True,21926.0,0.12289783748489103,False,False,,False,,,False,False,
BYRN,3.5364999771118164,3.549999952316284,0.0038173265352294816,0.0,True,14035.0,0.038173265352294816,False,True,8493.0,True,19795.0,0.019086632676147408,False,False,,False,,,False,False,
BYRN,3.4000000953674316,3.40939998626709,0.0027646737164701563,0.0,True,4237.0,0.027646737164701563,False,False,,True,8934.0,0.013823368582350781,False,False,,False,,,False,False,
BZAI,0.7833999991416931,0.7839000225067139,0.0006382733795871065,0.0,False,,,False,False,,False,,,False,False,,False,,,False,False,
BZAI,1.0099999904632568,1.0099999904632568,0.0,980.0,False,,,False,True,1360.0,False,,,False,True,6766.0,False,,,False,False,
BZAI,1.0099999904632568,1.0099999904632568,0.0,0.0,False,,,False,True,5996.0,False,,,False,True,11402.0,False,,,False,False,
BZAI,1.0449999570846558,1.0398999452590942,-0.0048803942918711485,1037.0,False,,,False,True,3943.0,False,,,False,True,8377.0,False,,,False,False,
BZAI,1.0,1.0099999904632568,0.009999990463256836,0.0,False,,,False,True,9962.0,False,,,False,True,12891.0,False,,,False,False,
BZAI,1.1399999856948853,1.1449999809265137,0.004385960784535126,0.0,False,,,False,True,1316.0,False,,,False,True,13148.0,False,,,False,False,
BZAI,1.1649999618530273,1.1649999618530273,0.0,0.0,False,,,False,True,1413.0,False,,,False,True,12953.0,False,,,False,False,
BZAI,0.9736999869346619,0.9760000109672546,0.002362148570868916,0.0,False,,,False,True,5726.0,False,,,False,True,8732.0,False,,,False,False,
BZAI,0.9034,0.9261000156402588,0.02512731419112102,3848.0,False,,,False,True,5306.0,False,,,False,False,,False,,,False,False,
CABO,43.17499923706055,43.279998779296875,0.002431952381974689,0.0,False,,,False,True,4295.0,False,,,False,False,,False,,,False,False,
CABO,43.099998474121094,43.224998474121094,0.0029002321212390214,0.0,False,,,False,True,1603.0,False,,,False,False,,False,,,False,False,
CABO,38.88999938964844,38.540000915527344,-0.008999703769968503,0.0,True,1434.0,-0.08999703769968503,False,False,,False,,,False,False,,False,,,False,False,
CAC,54.119998931884766,53.61000061035156,-0.009423472498125585,0.0,False,,,False,False,,False,,,False,False,,False,,,False,False,
CAC,54.150001525878906,54.130001068115234,-0.00036935285688055597,1040.0,False,,,False,False,,False,,,False,False,,False,,,False,False,
CAC,55.15999984741211,55.189998626708984,0.0005438502425645364,0.0,False,,,False,False,,False,,,False,False,,False,,,False,False,
CAC,53.35499954223633,53.41999816894531,0.0012182293555738077,0.0,True,10231.0,0.012182293555738077,False,False,,False,,,False,False,,False,,,False,False,
CAC,53.68000030517578,53.689998626708984,0.00018625785164605446,0.0,True,27299.0,0.0018625785164605446,False,False,,False,,,False,False,,False,,,False,False,
CAC,53.79999923706055,53.650001525878906,-0.0027880615856646918,0.0,True,13122.0,-0.027880615856646918,False,False,,False,,,False,False,,False,,,False,False,
CACC,615.4949951171875,616.22998046875,0.0011941370074384228,0.0,False,,,False,True,17644.0,False,,,False,False,,False,,,False,False,
CACC,615.8499755859375,616.0,0.00024360545589008353,0.0,False,,,False,True,17438.0,False,,,False,False,,False,,,False,False,
CACC,629.7650146484375,629.635009765625,-0.0002064339551873795,0.0,False,,,False,True,18714.0,False,,,False,False,,False,,,False,False,
CACC,627.5900268554688,628.2000122070312,0.0009719487650541314,0.0,False,,,False,True,19935.0,False,,,False,False,,False,,,False,False,
CACC,628.7100219726562,628.8599853515625,0.0002385255104344619,0.0,False,,,False,True,19955.0,False,,,False,False,,False,,,False,False,
CACC,627.97998046875,627.969970703125,-1.5939625364391752e-05,0.0,False,,,False,True,19881.0,False,,,False,False,,False,,,False,False,
CACC,629.02001953125,629.3099975585938,0.00046099967940582687,0.0,False,,,False,True,14405.0,False,,,False,False,,False,,,False,False,
CACC,621.9949951171875,622.2899780273438,0.00047425286774327446,0.0,False,,,False,True,18496.0,False,,,False,False,,False,,,False,False,
CACC,628.5900268554688,629.3350219726562,0.001185184437167086,0.0,False,,,False,True,19843.0,False,,,False,False,,False,,,False,False,
CACC,627.625,628.6400146484375,0.0016172310670186096,0.0,False,,,False,True,20030.0,False,,,False,False,,False,,,False,False,
CACC,626.9600219726562,625.66748046875,-0.0020616011525573796,0.0,False,,,False,True,19805.0,False,,,False,False,,False,,,False,False,
CAG,13.49,13.479999542236328,-0.0007413237778852722,956.0,True,11057.0,-0.0074132377788527215,False,False,,False,,,False,False,,False,,,False,False,
CAG,14.364999771118164,14.369999885559082,0.0003480761935668042,0.0,False,,,False,False,,False,,,False,False,,False,,,False,False,
CAG,14.369999885559082,14.375,0.0003479550786873453,0.0,False,,,False,False,,False,,,False,False,,False,,,False,False,
CAG,13.515000343322754,13.529999732971191,0.0011098327241885197,0.0,True,11382.0,0.011098327241885197,False,False,,False,,,False,False,,False,,,False,False,
CAG,14.234999656677246,14.239999771118164,0.00035125497446508724,0.0,False,,,False,False,,False,,,False,False,,False,,,False,False,
CAG,13.579999923706055,13.59000015258789,0.0007363938835065476,0.0,True,15874.0,0.0073639388350654755,False,False,,False,,,False,False,,False,,,False,False,
CAG,13.49,13.479999542236328,-0.0007413237778852722,1029.0,True,11130.0,-0.0074132377788527215,False,False,,False,,,False,False,,False,,,False,False,
CAG,14.345000267028809,14.350000381469727,0.0003485614742309018,0.0,False,,,False,False,,False,,,False,False,,False,,,False,False,
CAG,13.585000038146973,13.585000038146973,0.0,0.0,False,,,False,False,,False,,,False,False,,False,,,False,False,
CAG,14.47,14.75,0.01935038009675183,27.0,False,,,False,False,,False,,,False,False,,False,,,False,False,
CAG,13.555000305175781,13.5600004196167,0.0003688760109439304,0.0,False,,,False,False,,False,,,False,False,,False,,,False,False,
CAG,14.364999771118164,14.369999885559082,0.0003480761935668042,0.0,False,,,False,False,,False,,,False,False,,False,,,False,False,
CAG,13.550100326538086,13.555000305175781,0.0003616193621902575,0.0,False,,,False,False,,False,,,False,False,,False,,,False,False,
CAG,14.36,14.319999694824219,-0.0027855365721295433,5192.0,False,,,False,False,,False,,,False,False,,False,,,False,False,
CAG,14.28,14.305000305175781,0.0017507216509651258,56.0,False,,,False,False,,False,,,False,False,,False,,,False,False,
CAG,14.225000381469727,14.255000114440918,0.0021089442647939105,0.0,False,,,False,False,,False,,,False,False,,False,,,False,False,
CAG,14.34000015258789,14.345000267028809,0.0003486830116954387,0.0,False,,,False,False,,False,,,False,False,,False,,,False,False,
CAG,14.3149995803833,14.300000190734863,-0.0010478092971090147,0.0,False,,,False,False,,False,,,False,False,,False,,,False,False,
CAG,14.36,14.319999694824219,-0.0027855365721295433,5361.0,False,,,False,False,,False,,,False,False,,False,,,False,False,
CAG,13.49,13.479999542236328,-0.0007413237778852722,956.0,True,11057.0,-0.0074132377788527215,False,False,,False,,,False,False,,False,,,False,False,
CAG,13.755000114440918,13.755000114440918,0.0,0.0,False,,,False,False,,False,,,False,False,,False,,,False,False,
CAG,14.324999809265137,14.329999923706055,0.00034904813315828065,0.0,False,,,False,False,,False,,,False,False,,False,,,False,False,
CAG,14.295000076293945,14.305000305175781,0.0006995613031453018,0.0,False,,,False,False,,False,,,False,False,,False,,,False,False,
CAG,13.729999542236328,13.729999542236328,0.0,0.0,False,,,False,False,,False,,,False,False,,False,,,False,False,
CAG,14.289999961853027,14.3149995803833,0.0017494484672504473,0.0,False,,,False,False,,False,,,False,False,,False,,,False,False,
CAG,14.308500289916992,14.319999694824219,0.0008036764632370907,0.0,False,,,False,False,,False,,,False,False,,False,,,False,False,
CAG,13.4350004196167,13.4399995803833,0.0003720997849245844,0.0,True,11158.0,0.003720997849245844,False,False,,False,,,False,False,,False,,,False,False,
CAG,14.1899995803833,14.199999809265137,0.0007047377855924353,0.0,False,,,False,False,,False,,,False,False,,False,,,False,False,
CAG,13.795000076293945,13.800000190734863,0.00036245845692395307,0.0,False,,,False,False,,False,,,False,False,,False,,,False,False,
CAG,14.270000457763672,14.28,0.0007007387467101722,3.0,False,,,False,False,,False,,,False,False,,False,,,False,False,
CAKE,84.70999908447266,84.73999786376953,0.000354135044517756,0.0,True,6978.0,0.00354135044517756,False,False,,True,7296.0,0.00177067522258878,False,False,,False,,,False,False,
CAKE,86.7249984741211,86.7300033569336,5.770980571417894e-05,0.0,True,11289.0,0.0005770980571417894,False,False,,False,,,False,False,,False,,,False,False,
CALM,83.5,83.52999877929688,0.00035926681792664006,0.0,False,,,False,False,,False,,,False,False,,False,,,False,False,
CALM,88.5,88.48999786376953,-0.00011301848847988794,0.0,False,,,False,False,,False,,,False,False,,False,,,False,False,
CALX,39.34000015258789,39.38999938964844,0.0012709516234523655,0.0,False,,,False,True,8384.0,False,,,False,False,,False,,,False,False,
CALX,39.72999954223633,39.78499984741211,0.0013843520213814298,0.0,False,,,False,True,16943.0,False,,,False,False,,False,,,False,False,
CALX,35.77,36.040000915527344,0.007548250364197484,22.0,False,,,False,False,,False,,,False,False,,False,,,False,False,
CALX,38.439998626708984,38.435001373291016,-0.0001300013942897582,0.0,False,,,False,True,20099.0,False,,,False,False,,False,,,False,False,
CALX,39.47,39.525001525878906,0.001393502049123585,1016.0,False,,,False,True,8217.0,False,,,False,False,,False,,,False,False,
CAPL,22.5,22.5,0.0,0.0,False,,,False,False,,False,,,False,False,,False,,,False,False,
CAPL,22.405000686645508,22.689899444580078,0.01271585580019119,0.0,False,,,False,False,,False,,,False,False,,False,,,False,False,
CAPL,22.440000534057617,22.610000610351562,0.007575760795367703,0.0,False,,,False,False,,False,,,False,False,,False,,,False,False,
CAPL,22.405000686645508,22.689899444580078,0.01271585580019119,0.0,False,,,False,False,,False,,,False,False,,False,,,False,False,
CAPL,22.40999984741211,22.399999618530273,-0.0004462395783100259,0.0,False,,,False,False,,False,,,False,False,,False,,,False,False,
CAPL,22.0,22.020000457763672,0.0009091117165305196,1046.0,False,,,False,False,,False,,,False,False,,False,,,False,False,
CAPL,22.065000534057617,22.13990020751953,0.0033945013210539,0.0,False,,,False,False,,False,,,False,False,,False,,,False,False,
CAPL,22.44,22.309999465942383,-0.005793250180820775,3915.0,False,,,False,False,,False,,,False,False,,False,,,False,False,
CAPL,22.616199493408203,22.549999237060547,-0.0029271167495207306,0.0,False,,,False,False,,False,,,False,False,,False,,,False,False,
CAPL,22.100000381469727,22.025100708007812,-0.00338912543751424,0.0,False,,,False,False,,False,,,False,False,,False,,,False,False,
CAPL,22.5,22.5,0.0,0.0,False,,,False,False,,False,,,False,False,,False,,,False,False,
CAPL,22.5,22.500999450683594,4.442003038196418e-05,0.0,False,,,False,False,,False,,,False,False,,False,,,False,False,
CAPL,22.06999969482422,22.219900131225586,0.0067920452412386645,0.0,False,,,False,False,,False,,,False,False,,False,,,False,False,
CAPL,22.3700008392334,22.3700008392334,0.0,0.0,False,,,False,False,,False,,,False,False,,False,,,False,False,
CAPR,19.139999389648438,19.18000030517578,0.002089912058669041,0.0,False,,,False,True,4201.0,False,,,False,True,4201.0,False,,,False,True,4201.0
CAR,159.03500366210938,159.05999755859375,0.00015715971898533354,0.0,False,,,False,False,,False,,,False,False,,False,,,False,False,
CAR,159.44000244140625,159.55999755859375,0.0007526035834801714,0.0,False,,,False,False,,False,,,False,False,,False,,,False,False,
CAR,158.27999877929688,158.96290588378906,0.004314550857714039,0.0,False,,,False,False,,False,,,False,False,,False,,,False,False,
CARE,32.89500045776367,33.0,0.0031919605038810417,0.0,False,,,False,False,,False,,,False,False,,False,,,False,False,
CARE,31.924999237060547,31.90999984741211,-0.00046983210671547315,0.0,True,14231.0,-0.0046983210671547315,False,False,,False,,,False,False,,False,,,False,False,
CARE,32.17499923706055,32.189998626708984,0.00046618150750910026,0.0,False,,,False,False,,False,,,False,False,,False,,,False,False,
CARE,32.779998779296875,32.79999923706055,0.0006101421143525076,0.0,False,,,False,False,,False,,,False,False,,False,,,False,False,
CARE,32.63999938964844,32.650001525878906,0.0003064380029873526,0.0,False,,,False,False,,False,,,False,False,,False,,,False,False,
CARE,32.869998931884766,32.90999984741211,0.001216943012691818,0.0,False,,,False,False,,False,,,False,False,,False,,,False,False,
CARE,32.8400993347168,32.970001220703125,0.003955587486576206,0.0,False,,,False,False,,False,,,False,False,,False,,,False,False,
CARE,34.665000915527344,34.66999816894531,0.00014415846779147756,0.0,False,,,False,False,,False,,,False,False,,False,,,False,False,
CARE,33.09000015258789,33.209999084472656,0.0036264409589428226,0.0,False,,,False,False,,False,,,False,False,,False,,,False,False,
CARE,32.29999923706055,32.310001373291016,0.00030966366770046605,0.0,False,,,False,False,,False,,,False,False,,False,,,False,False,
CASH,88.4800033569336,88.62999725341797,0.0016952293263290397,0.0,False,,,False,True,21505.0,False,,,False,False,,False,,,False,False,
CASS,53.470001220703125,53.40999984741211,-0.0011221502136001815,0.0,False,,,False,False,,False,,,False,False,,False,,,False,False,
CATX,3.265000104904175,3.2699999809265137,0.0015313555472260543,0.0,False,,,False,True,1355.0,False,,,False,False,,False,,,False,False,
CATY,61.31999969482422,61.33000183105469,0.0001631137684319217,0.0,False,,,False,False,,False,,,False,False,,False,,,False,False,
CBAN,20.11,20.389999389648438,0.013923390832841331,205.0,True,21884.0,0.13923390832841331,False,False,,False,,,False,False,,False,,,False,False,
CBAN,20.19499969482422,20.190000534057617,-0.0002475444833942575,0.0,True,21529.0,-0.002475444833942575,False,False,,False,,,False,False,,False,,,False,False,
CBAN,20.760000228881836,20.739999771118164,-0.0009634131764529874,0.0,False,,,False,False,,False,,,False,False,,False,,,False,False,
CBAN,21.645000457763672,21.65999984741211,0.0006929724800748271,0.0,False,,,False,False,,False,,,False,False,,False,,,False,False,
CBAN,21.2549991607666,21.25,-0.0002351992925894164,0.0,False,,,False,False,,False,,,False,False,,False,,,False,False,
CBAN,21.94499969482422,21.959999084472656,0.0006834991960367187,0.0,False,,,False,False,,False,,,False,False,,False,,,False,False,
CBAN,20.89,20.844999313354492,-0.002154173606773946,317.0,False,,,False,False,,False,,,False,False,,False,,,False,False,
CBAN,20.59000015258789,20.594999313354492,0.00024279556724393636,0.0,False,,,False,False,,False,,,False,False,,False,,,False,False,
CBAN,20.100000381469727,20.104999542236328,0.00024871446127971986,0.0,True,27076.0,0.0024871446127971986,False,False,,False,,,False,False,,False,,,False,False,
CBAN,19.80500030517578,19.834999084472656,0.0015147073382792975,0.0,True,22651.0,0.015147073382792975,False,False,,False,,,False,False,,False,,,False,False,
CBAN,20.09000015258789,20.165000915527344,0.0037332385450377092,0.0,True,21596.0,0.03733238545037709,False,False,,False,,,False,False,,False,,,False,False,
CBAN,20.20009994506836,20.209999084472656,0.0004900539814760574,0.0,True,21504.0,0.004900539814760574,False,False,,False,,,False,False,,False,,,False,False,
CBAN,19.79,19.75,-0.002021222839818093,140.0,True,21740.0,-0.02021222839818093,False,False,,False,,,False,False,,False,,,False,False,
CBAN,19.810100555419922,19.829999923706055,0.001004506172518571,0.0,True,21496.0,0.010045061725185711,False,False,,False,,,False,False,,False,,,False,False,
CBAN,20.030000686645508,20.030000686645508,0.0,0.0,True,20069.0,0.0,False,False,,False,,,False,False,,False,,,False,False,
CBAN,21.57,21.81999969482422,0.01159015738638014,836.0,False,,,False,False,,False,,,False,False,,False,,,False,False,
CBAN,19.79,19.75,-0.002021222839818093,1046.0,True,22646.0,-0.02021222839818093,False,False,,False,,,False,False,,False,,,False,False,
CBAN,20.3700008392334,20.360000610351562,-0.0004909292326868986,0.0,False,,,False,False,,False,,,False,False,,False,,,False,False,
CBAN,20.577499389648438,20.6299991607666,0.0025513192892900882,0.0,False,,,False,False,,False,,,False,False,,False,,,False,False,
CBAN,20.25,20.264999389648438,0.0007407105999228669,0.0,True,21410.0,0.007407105999228669,False,False,,False,,,False,False,,False,,,False,False,
CBAN,20.84000015258789,20.860000610351562,0.0009597148568729619,0.0,False,,,False,False,,False,,,False,False,,False,,,False,False,
CBAN,20.360000610351562,20.350000381469727,-0.0004911703625760655,0.0,False,,,False,False,,False,,,False,False,,False,,,False,False,
CBAN,20.079999923706055,20.09000015258789,0.000498019368517566,0.0,True,25937.0,0.00498019368517566,False,False,,False,,,False,False,,False,,,False,False,
CBAN,20.895000457763672,20.895000457763672,0.0,0.0,False,,,False,False,,False,,,False,False,,False,,,False,False,
CBIO,16.969999313354492,17.09000015258789,0.00707135203823861,0.0,False,,,False,True,8446.0,False,,,False,False,,False,,,False,False,
CBIO,16.514999389648438,16.389999389648438,-0.007568877058412138,0.0,False,,,False,True,7272.0,False,,,False,False,,False,,,False,False,
CBIO,16.71500015258789,16.56999969482422,-0.008674870262637802,0.0,False,,,False,True,8697.0,False,,,False,False,,False,,,False,False,
CBIO,17.03,17.149999618530273,0.007046366325911491,1038.0,False,,,False,True,8418.0,False,,,False,False,,False,,,False,False,
CBIO,14.619999885559082,14.710000038146973,0.006155961237509278,0.0,True,5464.0,0.061559612375092776,False,False,,True,5467.0,0.030779806187546388,False,False,,False,,,False,False,
CBIO,17.010000228881836,16.864999771118164,-0.008524424210028525,0.0,False,,,False,True,7553.0,False,,,False,False,,False,,,False,False,
CBNK,35.65999984741211,35.95000076293945,0.008132386897595323,0.0,False,,,False,False,,False,,,False,False,,False,,,False,False,
CBNK,36.4900016784668,36.5,0.00027400167369973083,0.0,False,,,False,False,,False,,,False,False,,False,,,False,False,
CBNK,35.595001220703125,35.53499984741211,-0.0016856685274143635,0.0,False,,,False,False,,False,,,False,False,,False,,,False,False,
CBOE,286.8399963378906,286.739990234375,-0.0003486476948556527,0.0,False,,,False,False,,False,,,False,False,,False,,,False,False,
CBRL,52.525001525878906,52.525001525878906,0.0,0.0,False,,,False,False,,False,,,False,False,,False,,,False,False,
CBRL,51.22010040283203,51.29999923706055,0.001559911706539685,0.0,True,1491.0,0.01559911706539685,False,False,,False,,,False,False,,False,,,False,False,
CBRL,53.70000076293945,53.70000076293945,0.0,0.0,False,,,False,False,,False,,,False,False,,False,,,False,False,
CBSH,58.43000030517578,58.400001525878906,-0.0005134139849425345,0.0,False,,,False,False,,False,,,False,False,,False,,,False,False,
CBSH,57.92499923706055,57.970001220703125,0.0007769008931428623,0.0,False,,,False,False,,False,,,False,False,,False,,,False,False,
CBSH,58.349998474121094,58.34000015258789,-0.00017135084481001428,0.0,False,,,False,False,,False,,,False,False,,False,,,False,False,
CBSH,58.400001525878906,58.41999816894531,0.0003424082627385694,0.0,False,,,False,False,,False,,,False,False,,False,,,False,False,
CBSH,58.0099983215332,58.0,-0.00017235514260460771,0.0,False,,,False,False,,False,,,False,False,,False,,,False,False,
CBSH,59.47999954223633,59.470001220703125,-0.0001680955213542168,0.0,False,,,False,False,,False,,,False,False,,False,,,False,False,
CBSH,58.3849983215332,58.380001068115234,-8.55913943929032e-05,0.0,False,,,False,False,,False,,,False,False,,False,,,False,False,
CBU,67.66999816894531,67.66999816894531,0.0,0.0,False,,,False,False,,False,,,False,False,,False,,,False,False,
CBU,70.99,70.45500183105469,-0.007536246921331258,1040.0,False,,,False,True,16893.0,False,,,False,False,,False,,,False,False,
CCB,78.5199966430664,78.54000091552734,0.00025476659852485817,0.0,False,,,False,True,28844.0,False,,,False,True,29895.0,False,,,False,True,29970.0
CCB,78.06999969482422,78.05000305175781,-0.0002561373529470501,0.0,False,,,False,True,28659.0,False,,,False,True,28659.0,False,,,False,True,28749.0
CCBG,51.38999938964844,51.45500183105469,0.0012648850394683109,0.0,False,,,False,False,,False,,,False,False,,False,,,False,False,
CCBG,49.130001068115234,49.119998931884766,-0.0002035851010180334,0.0,False,,,False,False,,False,,,False,False,,False,,,False,False,
CCBG,49.7599983215332,49.970001220703125,0.0042203156401443565,0.0,False,,,False,False,,False,,,False,False,,False,,,False,False,
CCBG,49.75,49.779998779296875,0.0006029905386306655,1046.0,False,,,False,False,,False,,,False,False,,False,,,False,False,
CCBG,50.63999938964844,50.6349983215332,-9.87572704485018e-05,0.0,False,,,False,False,,False,,,False,False,,False,,,False,False,
CCBG,51.29999923706055,51.400001525878906,0.0019493623841249086,0.0,False,,,False,False,,False,,,False,False,,False,,,False,False,
CCBG,49.52000045776367,49.57500076293945,0.0011106685110533476,0.0,False,,,False,False,,False,,,False,False,,False,,,False,False,
CCBG,50.157501220703125,49.65999984741211,-0.009918783057032865,0.0,False,,,False,False,,False,,,False,False,,False,,,False,False,
CCBG,51.060001373291016,51.060001373291016,0.0,0.0,False,,,False,False,,False,,,False,False,,False,,,False,False,
CCBG,48.772499084472656,48.83000183105469,0.001178999388209201,0.0,False,,,False,False,,False,,,False,False,,False,,,False,False,
CCK,117.88,119.58499908447266,0.014463853787518355,3846.0,False,,,False,False,,False,,,False,False,,False,,,False,False,
CCK,109.74,110.61000061035156,0.007927834976777515,967.0,True,11165.0,0.07927834976777515,False,False,,False,,,False,False,,False,,,False,False,
CCK,109.30000305175781,109.2959976196289,-3.6646221565184156e-05,0.0,True,18440.0,-0.00036646221565184156,False,False,,False,,,False,False,,False,,,False,False,
CCK,116.37000274658203,116.52999877929688,0.0013748906843567,0.0,False,,,False,False,,False,,,False,False,,False,,,False,False,
CCK,112.91999816894531,112.92500305175781,4.432237773333014e-05,0.0,False,,,False,False,,False,,,False,False,,False,,,False,False,
CCK,117.04000091552734,117.08999633789062,0.00042716525950270423,0.0,False,,,False,False,,False,,,False,False,,False,,,False,False,
CCK,113.62999725341797,113.625,-4.397829392555064e-05,0.0,False,,,False,False,,False,,,False,False,,False,,,False,False,
CCLD,2.319999933242798,2.319999933242798,0.0,0.0,False,,,False,False,,False,,,False,False,,False,,,False,False,
CCLD,2.1549999713897705,2.1549999713897705,0.0,0.0,True,8544.0,0.0,False,False,,False,,,False,False,,False,,,False,False,
CCNE,33.45000076293945,33.5099983215332,0.001793648945449977,0.0,False,,,False,False,,False,,,False,False,,False,,,False,False,
CCNE,34.459999084472656,34.41999816894531,-0.0011607927042971422,0.0,False,,,False,False,,False,,,False,False,,False,,,False,False,
CCNE,33.54999923706055,33.56999969482422,0.0005961388440682835,0.0,False,,,False,False,,False,,,False,False,,False,,,False,False,
CCNE,34.2400016784668,34.22990036010742,-0.0002950151245385557,0.0,False,,,False,False,,False,,,False,False,,False,,,False,False,
CCRN,13.210000038146973,13.210000038146973,0.0,0.0,False,,,False,False,,False,,,False,False,,False,,,False,False,
CCRN,13.234999656677246,13.234999656677246,0.0,0.0,False,,,False,False,,False,,,False,False,,False,,,False,False,
CCRN,13.21500015258789,13.21500015258789,0.0,0.0,False,,,False,False,,False,,,False,False,,False,,,False,False,
CCRN,13.220000267028809,13.220000267028809,0.0,0.0,False,,,False,False,,False,,,False,False,,False,,,False,False,
CCS,64.33999633789062,64.43000030517578,0.0013988805161331275,0.0,True,21334.0,0.013988805161331275,False,False,,False,,,False,False,,False,,,False,False,
CCS,70.87000274658203,70.86000061035156,-0.00014113356628808749,0.0,False,,,False,False,,False,,,False,False,,False,,,False,False,
CD,4.329999923706055,4.355000019073486,0.005773694181969935,1049.0,False,,,False,True,1235.0,False,,,False,True,2622.0,False,,,False,False,
CD,3.1500000953674316,3.234999895095825,0.026984062588886637,0.0,False,,,False,True,4315.0,False,,,False,False,,False,,,False,False,
CDNA,28.610000610351562,28.75,0.004893372480313074,0.0,True,10020.0,0.04893372480313074,False,False,,True,10020.0,0.02446686240156537,False,False,,False,,,False,False,
CDNA,37.61000061035156,37.720001220703125,0.0029247702357464433,0.0,False,,,False,False,,False,,,False,False,,False,,,False,False,
CDNA,38.63999938964844,38.63999938964844,0.0,0.0,False,,,False,False,,False,,,False,False,,False,,,False,False,
CDNA,37.33000183105469,37.369998931884766,0.0010714465274095364,0.0,False,,,False,False,,False,,,False,False,,False,,,False,False,
CDNA,38.779998779296875,38.7599983215332,-0.0005157415779587504,0.0,False,,,False,False,,False,,,False,False,,False,,,False,False,
CDNA,28.420000076293945,28.469999313354492,0.0017592975695399637,0.0,True,4234.0,0.017592975695399637,False,False,,True,4234.0,0.008796487847699819,False,False,,False,,,False,False,
CDNA,37.439998626708984,37.41999816894531,-0.0005342002803762069,0.0,False,,,False,False,,False,,,False,False,,False,,,False,False,
CDNA,38.80500030517578,38.810001373291016,0.0001288768992631084,0.0,False,,,False,False,,False,,,False,False,,False,,,False,False,
CDNS,371.30499267578125,371.6099853515625,0.0008214074192305354,0.0,False,,,False,True,14199.0,False,,,False,False,,False,,,False,False,
CDNS,383.2300109863281,383.2200012207031,-2.6119472217867035e-05,0.0,False,,,False,True,10002.0,False,,,False,False,,False,,,False,False,
CDNS,331.6549987792969,331.7300109863281,0.000226175415137142,0.0,False,,,False,False,,False,,,False,False,,False,,,False,False,
CDNS,370.9700012207031,371.3599853515625,0.0010512551677388515,0.0,False,,,False,True,2503.0,False,,,False,False,,False,,,False,False,
CDP,37.45000076293945,37.46500015258789,0.00040051773946236935,0.0,False,,,False,False,,False,,,False,False,,False,,,False,False,
CDP,37.369998931884766,37.380001068115234,0.00026765149896568197,0.0,False,,,False,False,,False,,,False,False,,False,,,False,False,
CDT,0.4000000059604645,0.4108000099658966,0.02700000961124882,0.0,True,9993.0,0.2700000961124882,False,True,5739.0,True,9993.0,0.1350000480562441,False,False,,True,9993.0,0.05400001922249764,False,False,
CDXS,2.390000104904175,2.390000104904175,0.0,0.0,False,,,False,True,5775.0,False,,,False,True,19862.0,False,,,False,False,
CDXS,2.0999999046325684,2.0999999046325684,0.0,0.0,False,,,False,True,2638.0,False,,,False,True,2638.0,False,,,False,False,
CDXS,2.3687000274658203,2.375,0.0026596751218515013,0.0,False,,,False,True,1607.0,False,,,False,True,15627.0,False,,,False,False,
CDXS,2.180000066757202,2.180000066757202,0.0,0.0,False,,,False,True,4143.0,False,,,False,True,4143.0,False,,,False,False,
CDXS,2.5299999713897705,2.5250000953674316,-0.0019762356043001583,0.0,False,,,False,True,5840.0,False,,,False,True,19973.0,False,,,False,False,
CDZI,3.309999942779541,3.309999942779541,0.0,0.0,False,,,False,True,8454.0,False,,,False,False,,False,,,False,False,
CDZI,3.744999885559082,3.734999895095825,-0.00267022450436305,0.0,False,,,False,True,5640.0,False,,,False,True,20114.0,False,,,False,False,
CDZI,3.734999895095825,3.740000009536743,0.00133871876341507,0.0,False,,,False,True,5482.0,False,,,False,True,19980.0,False,,,False,False,
CDZI,3.2049999237060547,3.2049999237060547,0.0,0.0,False,,,False,True,8682.0,False,,,False,False,,False,,,False,False,
CDZI,3.130000114440918,3.119999885559082,-0.003194961187284906,0.0,False,,,False,False,,False,,,False,False,,False,,,False,False,
CDZI,4.085000038146973,4.085000038146973,0.0,0.0,True,2516.0,0.0,False,True,6894.0,False,,,False,True,16941.0,False,,,False,False,
CDZI,3.29010009765625,3.2850000858306885,-0.001550108408310935,0.0,False,,,False,True,10052.0,False,,,False,False,,False,,,False,False,
CDZI,3.819999933242798,3.8189001083374023,-0.00028791228393076906,0.0,False,,,False,True,4019.0,False,,,False,True,15586.0,False,,,False,False,
CDZI,4.070000171661377,4.074999809265137,0.001228412135845014,0.0,True,2718.0,0.01228412135845014,False,True,10199.0,True,2727.0,0.00614206067922507,False,True,17190.0,False,,,False,False,
CDZI,3.515000104904175,3.509999990463257,-0.00142250762210272,0.0,False,,,False,True,11423.0,False,,,False,False,,False,,,False,False,
CDZI,4.045000076293945,4.039999961853027,-0.001236122211769941,0.0,True,2858.0,-0.01236122211769941,False,True,10341.0,True,2868.0,-0.006180611058849705,False,True,17340.0,False,,,False,False,
CDZI,3.7850000858306885,3.7899999618530273,0.0013209711780604039,0.0,False,,,False,True,3992.0,False,,,False,True,19886.0,False,,,False,False,
CELC,91.12000274658203,91.24500274658203,0.0013718173423198365,0.0,False,,,False,True,8318.0,False,,,False,False,,False,,,False,False,
CELC,83.78500366210938,83.86499786376953,0.0009547556025988335,0.0,False,,,False,False,,False,,,False,False,,False,,,False,False,
CELC,115.7300033569336,114.91999816894531,-0.006999094137153605,0.0,False,,,False,True,7306.0,False,,,False,True,10056.0,False,,,False,False,
CELC,85.82499694824219,85.70999908447266,-0.001339911073214295,0.0,False,,,False,False,,False,,,False,False,,False,,,False,False,
CELC,111.16999816894531,111.30999755859375,0.001259327084234263,0.0,False,,,False,True,8530.0,False,,,False,True,8530.0,False,,,False,False,
CELC,108.76499938964844,108.72000122070312,-0.00041371920376798155,0.0,False,,,False,True,6832.0,False,,,False,True,6832.0,False,,,False,False,
CELC,84.51499938964844,84.80999755859375,0.003490483003913303,0.0,False,,,False,False,,False,,,False,False,,False,,,False,False,
CELH,30.239999771118164,30.34000015258789,0.0033068909466473784,0.0,False,,,False,False,,False,,,False,False,,False,,,False,False,
CELH,28.040000915527344,28.5,0.016405102334284383,998.0,False,,,False,False,,False,,,False,False,,False,,,False,False,
CELH,28.950000762939453,28.969999313354492,0.0006907961964768283,0.0,False,,,False,False,,False,,,False,False,,False,,,False,False,
CELH,26.950000762939453,26.979999542236328,0.0011131272151252425,0.0,False,,,False,False,,False,,,False,False,,False,,,False,False,
CELH,30.6995,30.799999237060547,0.003273644100410422,72.0,False,,,False,False,,False,,,False,False,,False,,,False,False,
CELH,32.880001068115234,32.88999938964844,0.0003040851949027701,0.0,False,,,False,True,8681.0,False,,,False,False,,False,,,False,False,
CELH,33.6,33.970001220703125,0.011011941092354816,111.0,False,,,False,True,2991.0,False,,,False,False,,False,,,False,False,
CELH,29.42,28.770000457763672,-0.022093798172546864,965.0,False,,,False,False,,False,,,False,False,,False,,,False,False,
CELH,27.125,27.1200008392334,-0.00018430085775489324,0.0,False,,,False,False,,False,,,False,False,,False,,,False,False,
CELH,30.684999465942383,30.809999465942383,0.004073651692213298,0.0,False,,,False,False,,False,,,False,False,,False,,,False,False,
CELH,29.05500030517578,29.059999465942383,0.00017205853430013462,0.0,False,,,False,False,,False,,,False,False,,False,,,False,False,
CELH,28.9950008392334,28.940000534057617,-0.0018968892424159334,138.0,False,,,False,False,,False,,,False,False,,False,,,False,False,
CELH,30.149999618530273,30.15999984741211,0.0003316825541745949,0.0,False,,,False,False,,False,,,False,False,,False,,,False,False,
CELH,30.300100326538086,30.334999084472656,0.001151770375624972,0.0,False,,,False,False,,False,,,False,False,,False,,,False,False,
CELH,28.139999389648438,28.139999389648438,0.0,0.0,False,,,False,False,,False,,,False,False,,False,,,False,False,
CELH,28.700000762939453,28.699899673461914,-3.522281353696144e-06,0.0,False,,,False,False,,False,,,False,False,,False,,,False,False,
CELZ,1.2000999450683594,1.2020000219345093,0.001583265522140831,0.0,False,,,False,True,1361.0,False,,,False,True,2975.0,False,,,False,False,
CELZ,1.070099949836731,1.0569000244140625,-0.012335226653063969,991.0,False,,,False,True,1171.0,False,,,False,True,3931.0,False,,,False,False,
CEPL,8.710000038146973,8.650099754333496,-0.006877185252713303,0.0,False,,,False,True,104.0,False,,,False,True,1421.0,False,,,False,False,
CEPL,9.020000457763672,9.194000244140625,0.01929044096967747,0.0,False,,,False,True,174.0,False,,,False,True,189.0,False,,,False,False,
CERS,2.9749999046325684,2.9749999046325684,0.0,0.0,True,2665.0,0.0,False,False,,False,,,False,False,,False,,,False,False,
CERS,3.0799999237060547,3.0799999237060547,0.0,0.0,False,,,False,False,,False,,,False,False,,False,,,False,False,
CERS,2.9200000762939453,2.9149999618530273,-0.0017123679144775972,0.0,False,,,False,False,,False,,,False,False,,False,,,False,False,
CETX,2.6839001178741455,2.699899911880493,0.00596139696100928,0.0,True,10090.0,0.0596139696100928,False,False,,False,,,False,False,,False,,,False,False,
CEVA,37.34000015258789,37.470001220703125,0.003481549747830437,0.0,True,7131.0,0.03481549747830437,False,True,15758.0,False,,,False,True,17355.0,False,,,False,False,
CEVA,42.209999084472656,42.10499954223633,-0.002487551398098753,0.0,False,,,False,True,1348.0,False,,,False,True,18402.0,False,,,False,False,
CFBK,33.165000915527344,33.22999954223633,0.00195985602034332,0.0,True,11375.0,0.019598560203433202,False,False,,False,,,False,False,,False,,,False,False,
CFBK,32.52000045776367,32.599998474121094,0.002459963567999379,0.0,True,8300.0,0.024599635679993792,False,False,,False,,,False,False,,False,,,False,False,
CFG,70.88500213623047,70.9000015258789,0.00021160173797563075,0.0,False,,,False,False,,False,,,False,False,,False,,,False,False,
CFG,72.15499877929688,72.20500183105469,0.0006929949775311695,0.0,False,,,False,False,,False,,,False,False,,False,,,False,False,
CFG,71.88,72.67500305175781,0.011060142623230629,77.0,False,,,False,False,,False,,,False,False,,False,,,False,False,
CFG,68.27999877929688,68.27999877929688,0.0,0.0,False,,,False,False,,False,,,False,False,,False,,,False,False,
CFG,72.45500183105469,72.4749984741211,0.0002759870617770055,0.0,False,,,False,False,,False,,,False,False,,False,,,False,False,
CFG,72.41000366210938,72.4000015258789,-0.00013813196691914165,0.0,False,,,False,False,,False,,,False,False,,False,,,False,False,
CFG,72.19000244140625,72.22000122070312,0.00041555309990770617,0.0,False,,,False,False,,False,,,False,False,,False,,,False,False,
CGBD,10.255000114440918,10.255000114440918,0.0,0.0,False,,,False,False,,False,,,False,False,,False,,,False,False,
CHCO,137.8800048828125,137.9199981689453,0.00029005863589004477,0.0,False,,,False,False,,False,,,False,False,,False,,,False,False,
CHCO,137.1750030517578,137.1750030517578,0.0,0.0,False,,,False,False,,False,,,False,False,,False,,,False,False,
CHCO,130.63999938964844,132.02000427246094,0.010563417707133427,0.0,True,26188.0,0.10563417707133427,False,False,,False,,,False,False,,False,,,False,False,
CHCO,135.16000366210938,135.0500030517578,-0.0008138547452732903,0.0,False,,,False,False,,False,,,False,False,,False,,,False,False,
CHCO,133.1300048828125,132.75999450683594,-0.0027793161752097673,0.0,True,27013.0,-0.027793161752097673,False,False,,False,,,False,False,,False,,,False,False,
CHCO,136.81500244140625,137.0800018310547,0.0019369176254038223,0.0,False,,,False,False,,False,,,False,False,,False,,,False,False,
CHE,503.7799987792969,503.989990234375,0.00041683166379558045,0.0,False,,,False,False,,False,,,False,False,,False,,,False,False,
CHGG,1.0399999618530273,1.034999966621399,-0.0048076878990646055,0.0,True,1255.0,-0.048076878990646055,False,False,,False,,,False,False,,False,,,False,False,
CHGG,0.917900025844574,0.917900025844574,0.0,0.0,True,1195.0,0.0,False,False,,True,8372.0,0.0,False,False,,False,,,False,False,
CHMG,75.5250015258789,75.69999694824219,0.002317052880870474,0.0,True,9954.0,0.023170528808704738,False,False,,False,,,False,False,,False,,,False,False,
CHMG,75.33999633789062,75.23999786376953,-0.001327295977990417,0.0,True,21648.0,-0.01327295977990417,False,False,,False,,,False,False,,False,,,False,False,
CHMG,75.41000366210938,75.86000061035156,0.005967337573122178,0.0,True,11501.0,0.05967337573122178,False,False,,False,,,False,False,,False,,,False,False,
CHMG,75.87999725341797,76.4800033569336,0.007907302651998904,0.0,True,11579.0,0.07907302651998904,False,False,,False,,,False,False,,False,,,False,False,
CHMG,75.80000305175781,76.0,0.002638482060556502,0.0,True,11503.0,0.026384820605565018,False,False,,False,,,False,False,,False,,,False,False,
CHPT,5.800000190734863,5.800000190734863,0.0,0.0,False,,,False,True,4144.0,False,,,False,False,,False,,,False,False,
CHPT,5.079999923706055,5.085000038146973,0.0009842745110260065,0.0,False,,,False,False,,False,,,False,False,,False,,,False,False,
CHPT,6.275000095367432,6.28000020980835,0.0007968309744903479,0.0,False,,,False,True,1425.0,False,,,False,False,,False,,,False,False,
CHPT,5.519999980926514,5.534999847412109,0.0027173671263451826,0.0,False,,,False,False,,False,,,False,False,,False,,,False,False,
CHPT,5.139999866485596,5.131999969482422,-0.001556400235598332,0.0,False,,,False,False,,False,,,False,False,,False,,,False,False,
CHPT,6.26,6.25,-0.0015974440894568342,1036.0,False,,,False,True,2496.0,False,,,False,False,,False,,,False,False,
CHPT,5.12,5.239999771118164,0.02343745529651642,3881.0,False,,,False,False,,False,,,False,False,,False,,,False,False,
CHPT,5.764999866485596,5.75,-0.002601884966692891,0.0,False,,,False,True,4223.0,False,,,False,False,,False,,,False,False,
CHPT,5.96999979019165,5.96999979019165,0.0,0.0,True,1224.0,0.0,False,True,15566.0,False,,,False,False,,False,,,False,False,
CHPT,5.138700008392334,5.135000228881836,-0.0007199835570194102,0.0,False,,,False,False,,False,,,False,False,,False,,,False,False,
CHPT,6.440000057220459,6.445000171661377,0.0007764152789582202,0.0,False,,,False,True,1432.0,False,,,False,True,13172.0,False,,,False,False,
CHPT,6.340000152587891,6.380000114440918,0.006309142096266429,0.0,False,,,False,True,2874.0,False,,,False,False,,False,,,False,False,
CHRW,189.38999938964844,189.42999267578125,0.00021116894377581907,0.0,True,11494.0,0.0021116894377581907,False,False,,False,,,False,False,,False,,,False,False,
CHRW,196.5399932861328,196.60499572753906,0.0003307339148608257,0.0,False,,,False,True,19997.0,False,,,False,False,,False,,,False,False,
CHRW,208.41000366210938,209.64999389648438,0.005949763507443473,329.0,False,,,False,True,6465.0,False,,,False,True,13308.0,False,,,False,False,
CHTR,130.25,130.32000732421875,0.0005374842550383008,0.0,False,,,False,False,,False,,,False,False,,False,,,False,False,
CHTR,127.79,130.8000030517578,0.02355429260316,818.0,True,9584.0,0.2355429260316,False,True,3698.0,False,,,False,False,,False,,,False,False,
CHTR,128.6699981689453,128.6999969482422,0.00023314509772109915,0.0,True,11241.0,0.0023314509772109915,False,True,3967.0,False,,,False,False,,False,,,False,False,
CHTR,128.22500610351562,128.42999267578125,0.0015986473972178228,0.0,True,8588.0,0.015986473972178228,False,True,2696.0,False,,,False,False,,False,,,False,False,
CHTR,143.00999450683594,143.03500366210938,0.00017487697527496238,0.0,False,,,False,False,,False,,,False,False,,False,,,False,False,
CHTR,135.50999450683594,135.80999755859375,0.0022138813660912415,0.0,False,,,False,True,11242.0,False,,,False,False,,False,,,False,False,
CHTR,134.89999389648438,135.16000366210938,0.0019274260740480553,0.0,False,,,False,False,,False,,,False,False,,False,,,False,False,
CINF,181.35000610351562,181.47000122070312,0.0006616769404408362,0.0,False,,,False,False,,False,,,False,False,,False,,,False,False,
CINF,174.4600067138672,174.51499938964844,0.00031521651762544955,0.0,False,,,False,False,,False,,,False,False,,False,,,False,False,
CING,4.849999904632568,4.855000019073486,0.001030951451389095,0.0,False,,,False,True,11376.0,False,,,False,False,,False,,,False,False,
CING,5.019999980926514,5.019999980926514,0.0,0.0,False,,,False,True,12914.0,False,,,False,False,,False,,,False,False,
CING,4.900000095367432,4.8871002197265625,-0.0026326276305719265,0.0,False,,,False,True,10084.0,False,,,False,False,,False,,,False,False,
CING,4.929999828338623,4.940000057220459,0.0020284440628888234,0.0,False,,,False,True,12851.0,False,,,False,False,,False,,,False,False,
CING,5.335000038146973,5.340000152587891,0.0009372285670412595,0.0,False,,,False,True,2541.0,False,,,False,True,15468.0,False,,,False,False,
CING,4.889999866485596,4.889999866485596,0.0,0.0,False,,,False,True,9810.0,False,,,False,False,,False,,,False,False,
CING,4.409999847412109,4.46999979019165,0.013605429672463698,0.0,True,7059.0,0.13605429672463698,False,False,,False,,,False,False,,False,,,False,False,
CING,4.900000095367432,4.900000095367432,0.0,0.0,False,,,False,True,11503.0,False,,,False,False,,False,,,False,False,
CING,4.795000076293945,4.855000019073486,0.012513022278388464,0.0,False,,,False,True,8277.0,False,,,False,False,,False,,,False,False,
CING,4.809999942779541,4.820000171661377,0.0020790496883160703,0.0,False,,,False,True,8540.0,False,,,False,False,,False,,,False,False,
CING,5.309999942779541,5.300000190734863,-0.0018831924957504187,0.0,False,,,False,True,1520.0,False,,,False,True,14417.0,False,,,False,False,
CING,4.909999847412109,4.909999847412109,0.0,0.0,False,,,False,True,11396.0,False,,,False,False,,False,,,False,False,
CION,6.469900131225586,6.462800025939941,-0.0010974057004956572,0.0,False,,,False,False,,False,,,False,False,,False,,,False,False,
CION,6.414999961853027,6.418399810791016,0.0005299842491357509,0.0,False,,,False,False,,False,,,False,False,,False,,,False,False,
CISO,0.2766999900341034,0.27390000224113464,-0.010119218987408196,0.0,False,,,False,True,19835.0,False,,,False,False,,False,,,False,False,
CISO,0.2703000009059906,0.2703999876976013,0.0003699104375716189,0.0,False,,,False,False,,False,,,False,False,,False,,,False,False,
CISO,0.27079999446868896,0.2800000011920929,0.03397343763412697,1017.0,False,,,False,False,,False,,,False,False,,False,,,False,False,
CIVB,28.0,27.969999313354492,-0.0010714530944824219,0.0,False,,,False,False,,False,,,False,False,,False,,,False,False,
CIVB,27.829999923706055,27.8700008392334,0.0014373307810637836,0.0,False,,,False,False,,False,,,False,False,,False,,,False,False,
CIVB,27.68000030517578,27.65999984741211,-0.0007225598823397128,0.0,False,,,False,False,,False,,,False,False,,False,,,False,False,
CIVB,28.334999084472656,28.3799991607666,0.0015881446178906966,0.0,False,,,False,False,,False,,,False,False,,False,,,False,False,
CLDI,0.1056,0.10400000214576721,-0.015151494831749934,916.0,True,6797.0,-0.15151494831749934,False,True,9573.0,False,,,False,False,,False,,,False,False,
CLDX,39.439998626708984,39.470001220703125,0.0007607148843515876,0.0,False,,,False,True,12905.0,False,,,False,False,,False,,,False,False,
CLF,12.0,12.0,0.0,0.0,False,,,False,False,,False,,,False,False,,False,,,False,False,
CLF,9.050000190734863,9.0600004196167,0.0011049976432127018,0.0,True,4247.0,0.011049976432127018,False,False,,True,4248.0,0.005524988216063509,False,False,,False,,,False,False,
CLF,9.4156,9.555399894714355,0.014847688380385415,852.0,False,,,False,False,,False,,,False,False,,False,,,False,False,
CLFD,33.18000030517578,33.130001068115234,-0.001506908878863067,0.0,False,,,False,True,2841.0,False,,,False,False,,False,,,False,False,
CLFD,30.64,30.5,-0.004569190600522188,1046.0,False,,,False,False,,False,,,False,False,,False,,,False,False,
CLFD,34.275001525878906,34.36000061035156,0.0024799148268010995,0.0,False,,,False,True,10012.0,False,,,False,False,,False,,,False,False,
CLMB,25.520000457763672,25.440000534057617,-0.0031347931924397,0.0,True,11518.0,-0.031347931924397,False,False,,False,,,False,False,,False,,,False,False,
CLMB,25.639999389648438,25.594999313354492,-0.0017550732201698782,0.0,True,17410.0,-0.017550732201698782,False,False,,False,,,False,False,,False,,,False,False,
CLRB,2.631999969482422,2.5999999046325684,-0.012158079491219054,96.0,False,,,False,True,13084.0,False,,,False,False,,False,,,False,False,
CLRB,2.7049999237060547,2.7149999141693115,0.003696854249650494,0.0,False,,,False,True,14336.0,False,,,False,False,,False,,,False,False,
CLRB,2.617500066757202,2.6500000953674316,0.012416438502900862,314.0,False,,,False,True,20500.0,False,,,False,False,,False,,,False,False,
CLRB,2.631999969482422,2.5999999046325684,-0.012158079491219054,69.0,False,,,False,True,13057.0,False,,,False,False,,False,,,False,False,
CLRB,2.690000057220459,2.6600000858306885,-0.011152405483875416,0.0,False,,,False,True,12736.0,False,,,False,False,,False,,,False,False,
CLRB,2.5164999961853027,2.5399999618530273,0.009338353150545542,0.0,False,,,False,False,,False,,,False,False,,False,,,False,False,
CLRB,2.631999969482422,2.5999999046325684,-0.012158079491219054,96.0,False,,,False,True,13084.0,False,,,False,False,,False,,,False,False,
CLRB,2.5899999141693115,2.5799999237060547,-0.003861000306814355,0.0,False,,,False,False,,False,,,False,False,,False,,,False,False,
CLRB,2.700000047683716,2.700000047683716,0.0,0.0,False,,,False,True,12742.0,False,,,False,False,,False,,,False,False,
CLRB,2.6489999294281006,2.6500000953674316,0.00037756359606500034,0.0,False,,,False,True,12772.0,False,,,False,False,,False,,,False,False,
CLRB,2.617500066757202,2.6500000953674316,0.012416438502900862,976.0,False,,,False,True,21162.0,False,,,False,False,,False,,,False,False,
CLRO,11.600000381469727,11.699999809265137,0.008620640043698113,0.0,False,,,False,True,15.0,False,,,False,True,2552.0,False,,,False,True,8363.0
CLS,316.3299865722656,316.6099853515625,0.000885147760826932,0.0,True,10107.0,0.00885147760826932,False,True,1430.0,False,,,False,False,,False,,,False,False,
CLS,334.75,332.20001220703125,-0.00761758862724049,88.0,False,,,False,True,4440.0,False,,,False,False,,False,,,False,False,
CLS,302.9800109863281,303.14300537109375,0.0005379707533674782,0.0,True,7180.0,0.005379707533674782,False,False,,False,,,False,False,,False,,,False,False,
CLS,342.1424865722656,342.45001220703125,0.0008988232880591251,0.0,False,,,False,True,4104.0,False,,,False,False,,False,,,False,False,
CLSK,15.350000381469727,15.324999809265137,-0.0016287017318104002,0.0,False,,,False,True,7210.0,False,,,False,True,10084.0,False,,,False,False,
CLSK,12.739999771118164,12.739999771118164,0.0,0.0,True,5541.0,0.0,False,False,,False,,,False,False,,False,,,False,False,
CLSK,12.869999885559082,13.079999923706055,0.016317019426131063,1046.0,True,6806.0,0.16317019426131063,False,False,,False,,,False,False,,False,,,False,False,
CLSK,15.470000267028809,15.549699783325195,0.0051518755604840205,0.0,False,,,False,True,7152.0,False,,,False,True,10026.0,False,,,False,False,
CLVT,2.2799999713897705,2.2850000858306885,0.002193032677044293,0.0,False,,,False,True,12840.0,False,,,False,False,,False,,,False,False,
CLVT,1.934999942779541,1.934999942779541,0.0,0.0,True,4273.0,0.0,False,False,,True,5773.0,0.0,False,False,,False,,,False,False,
CLVT,2.140000104904175,2.1449999809265137,0.002336390550113032,0.0,True,1524.0,0.023363905501130322,False,True,2765.0,False,,,False,False,,False,,,False,False,
CLVT,2.1449999809265137,2.1401000022888184,-0.0022843723455786558,0.0,True,1621.0,-0.022843723455786558,False,True,2862.0,False,,,False,False,,False,,,False,False,
CLVT,2.3350000381469727,2.3299999237060547,-0.002141376599242406,0.0,False,,,False,True,2752.0,False,,,False,True,4221.0,False,,,False,False,
CLW,16.43000030517578,16.489999771118164,0.003651823787457875,0.0,True,9861.0,0.03651823787457875,False,False,,True,11273.0,0.018259118937289376,False,False,,False,,,False,False,
CLW,16.424999237060547,16.424999237060547,0.0,0.0,True,9961.0,0.0,False,False,,True,11373.0,0.0,False,False,,False,,,False,False,
CLW,15.260000228881836,15.260000228881836,0.0,0.0,True,18787.0,0.0,False,False,,True,29944.0,0.0,False,False,,False,,,False,False,
CLW,16.860000610351562,16.905000686645508,0.0026690435744300967,0.0,True,10000.0,0.026690435744300967,False,False,,True,10011.0,0.013345217872150483,False,False,,False,,,False,False,
CLW,16.895000457763672,16.86,-0.0020716458606302446,0.0,True,11130.0,-0.020716458606302446,False,False,,True,11141.0,-0.010358229303151223,False,False,,False,,,False,False,
CLYM,12.725000381469727,12.760000228881836,0.0027504790854919747,0.0,False,,,False,False,,False,,,False,False,,False,,,False,False,
CLYM,12.34000015258789,12.34000015258789,0.0,0.0,True,9709.0,0.0,False,False,,False,,,False,False,,False,,,False,False,
CMCO,13.15999984741211,13.199999809265137,0.0030395108143479455,0.0,True,4331.0,0.030395108143479455,False,False,,True,12962.0,0.015197554071739727,False,False,,False,,,False,False,
CMCO,12.680000305175781,12.670000076293945,-0.0007886615647598738,0.0,True,10004.0,-0.007886615647598738,False,False,,True,20005.0,-0.003943307823799369,False,False,,False,,,False,False,
CMCO,13.760000228881836,13.800000190734863,0.002906973923522793,0.0,True,10048.0,0.02906973923522793,False,False,,True,17248.0,0.014534869617613966,False,False,,False,,,False,False,
CMCO,14.329999923706055,14.329999923706055,0.0,0.0,True,6877.0,0.0,False,False,,False,,,False,False,,False,,,False,False,
CMG,32.900001525878906,32.970001220703125,0.002127650199929443,0.0,True,11398.0,0.021276501999294428,False,False,,False,,,False,False,,False,,,False,False,
CMG,31.709999084472656,31.725000381469727,0.0004730778123678281,0.0,True,8381.0,0.004730778123678281,False,False,,True,8383.0,0.0023653890618391404,False,False,,False,,,False,False,
CMG,32.2599983215332,32.2599983215332,0.0,0.0,True,8492.0,0.0,False,False,,True,8499.0,0.0,False,False,,False,,,False,False,
CMPR,102.05999755859375,102.41500091552734,0.0034783790459114172,0.0,False,,,False,True,14100.0,False,,,False,False,,False,,,False,False,
CMPS,12.835000038146973,12.829999923706055,-0.00038956871258721826,0.0,True,1298.0,-0.0038956871258721826,False,True,8499.0,False,,,False,False,,False,,,False,False,
CMT,23.6924991607666,23.62,-0.0030600047835669386,0.0,False,,,False,False,,False,,,False,False,,False,,,False,False,
CMT,24.665000915527344,24.665000915527344,0.0,0.0,False,,,False,False,,False,,,False,False,,False,,,False,False,
CNC,65.81999969482422,65.88999938964844,0.0010635019013791602,0.0,False,,,False,False,,False,,,False,False,,False,,,False,False,
CNC,67.6449966430664,67.6500015258789,7.398747964915131e-05,0.0,False,,,False,False,,False,,,False,False,,False,,,False,False,
CNC,65.74500274658203,65.82499694824219,0.0012167343268429942,0.0,False,,,False,False,,False,,,False,False,,False,,,False,False,
CNC,63.91999816894531,63.915000915527344,-7.817981165703092e-05,0.0,False,,,False,True,6962.0,False,,,False,False,,False,,,False,False,
CNC,67.35,67.9000015258789,0.008166318127378114,64.0,False,,,False,False,,False,,,False,False,,False,,,False,False,
CNDT,1.534999966621399,1.5099999904632568,-0.016286629773138106,1043.0,False,,,False,False,,False,,,False,False,,False,,,False,False,
CNDT,1.590000033378601,1.5950000286102295,0.003144651023059275,0.0,False,,,False,False,,False,,,False,False,,False,,,False,False,
CNET,1.2539000511169434,1.2899999618530273,0.028790102292385322,0.0,True,218.0,0.2879010229238532,False,True,11.0,False,,,False,False,,False,,,False,False,
CNH,11.069999694824219,11.074999809265137,0.0004516815337634039,0.0,False,,,False,False,,False,,,False,False,,False,,,False,False,
CNNE,14.779999732971191,14.779999732971191,0.0,0.0,False,,,False,False,,False,,,False,False,,False,,,False,False,
CNOB,32.22999954223633,32.2599983215332,0.0009307719430018402,0.0,False,,,False,False,,False,,,False,False,,False,,,False,False,
CNOB,33.310001373291016,33.36000061035156,0.0015010277694145202,0.0,False,,,False,False,,False,,,False,False,,False,,,False,False,
CNOB,32.54970169067383,32.525001525878906,-0.0007588445826525181,0.0,False,,,False,False,,False,,,False,False,,False,,,False,False,
CNP,43.66999816894531,43.69499969482422,0.0005725103486879934,0.0,False,,,False,False,,False,,,False,False,,False,,,False,False,
CNP,43.720001220703125,43.76499938964844,0.001029235308529719,0.0,False,,,False,False,,False,,,False,False,,False,,,False,False,
CNP,43.14500045776367,43.15999984741211,0.0003476507008759455,0.0,False,,,False,False,,False,,,False,False,,False,,,False,False,
CNS,77.03500366210938,76.98999786376953,-0.0005842253027888988,0.0,True,4452.0,-0.005842253027888988,False,False,,False,,,False,False,,False,,,False,False,
CNS,79.00499725341797,79.0,-6.325237126381111e-05,0.0,False,,,False,False,,False,,,False,False,,False,,,False,False,
CNS,77.4,77.70999908447266,0.004005156130137522,146.0,False,,,False,False,,False,,,False,False,,False,,,False,False,
CNS,77.4800033569336,77.70999908447266,0.0029684527306939046,0.0,False,,,False,False,,False,,,False,False,,False,,,False,False,
CNS,77.7699966430664,77.73999786376953,-0.0003857371813266175,0.0,False,,,False,False,,False,,,False,False,,False,,,False,False,
CNS,80.11000061035156,80.01000213623047,-0.0012482645532294612,0.0,False,,,False,False,,False,,,False,False,,False,,,False,False,
CNS,78.36000061035156,78.36000061035156,0.0,0.0,False,,,False,False,,False,,,False,False,,False,,,False,False,
CNS,81.58000183105469,81.55999755859375,-0.00024521049291426067,0.0,False,,,False,False,,False,,,False,False,,False,,,False,False,
CNS,77.34500122070312,77.3499984741211,6.460990806256284e-05,0.0,False,,,False,False,,False,,,False,False,,False,,,False,False,
CNS,79.25,79.34500122070312,0.0011987535735409338,0.0,False,,,False,False,,False,,,False,False,,False,,,False,False,
CNS,79.98,80.7699966430664,0.009877427395178717,167.0,False,,,False,False,,False,,,False,False,,False,,,False,False,
CNTN,2.075000047683716,2.075000047683716,0.0,0.0,False,,,False,True,12760.0,False,,,False,False,,False,,,False,False,
CNTN,2.5199999809265137,2.5199999809265137,0.0,0.0,False,,,False,True,3234.0,False,,,False,True,18997.0,False,,,False,False,
CNTN,2.0399999618530273,2.0399999618530273,0.0,0.0,False,,,False,False,,False,,,False,False,,False,,,False,False,
CNTN,2.0199999809265137,2.0199999809265137,0.0,0.0,False,,,False,False,,False,,,False,False,,False,,,False,False,
CNTN,2.03,2.0999999046325684,0.03448271164165928,8.0,False,,,False,False,,False,,,False,False,,False,,,False,False,
CNTN,2.125,2.125,0.0,0.0,False,,,False,True,12824.0,False,,,False,False,,False,,,False,False,
CNXC,23.5,23.600000381469727,0.004255335381690539,0.0,True,4537.0,0.04255335381690539,False,False,,False,,,False,False,,False,,,False,False,
CNXC,21.704999923706055,21.739999771118164,0.0016125246503171375,0.0,True,5449.0,0.016125246503171375,False,False,,True,6873.0,0.008062623251585688,False,False,,False,,,False,False,
CNXC,23.5,23.614999771118164,0.004893607281623913,0.0,True,2775.0,0.04893607281623913,False,False,,False,,,False,False,,False,,,False,False,
COCO,74.91000366210938,74.94999694824219,0.0005338844503759432,0.0,False,,,False,True,10057.0,False,,,False,False,,False,,,False,False,
COCO,67.55359649658203,67.69999694824219,0.0021671747953133647,0.0,False,,,False,False,,False,,,False,False,,False,,,False,False,
COCO,66.84500122070312,66.83000183105469,-0.00022439059577417098,0.0,False,,,False,False,,False,,,False,False,,False,,,False,False,
COCO,74.08000183105469,73.87999725341797,-0.0026998457436980816,0.0,False,,,False,True,14366.0,False,,,False,False,,False,,,False,False,
COCO,74.58999633789062,74.58999633789062,0.0,0.0,False,,,False,True,11536.0,False,,,False,False,,False,,,False,False,
CODI,9.970000267028809,9.949999809265137,-0.002006063914543166,0.0,False,,,False,False,,False,,,False,False,,False,,,False,False,
CODI,10.149999618530273,10.180000305175781,0.002955732785520304,0.0,False,,,False,False,,False,,,False,False,,False,,,False,False,
CODI,10.489999771118164,10.494999885559082,0.000476655343185417,0.0,False,,,False,False,,False,,,False,False,,False,,,False,False,
CODI,9.899999618530273,9.899999618530273,0.0,0.0,False,,,False,False,,False,,,False,False,,False,,,False,False,
CODX,2.4700000286102295,2.4749999046325684,0.002024241281143757,0.0,False,,,False,True,5894.0,False,,,False,True,14329.0,False,,,False,False,
CODX,2.4700000286102295,2.4800000190734863,0.004048579088026694,0.0,False,,,False,True,8923.0,False,,,False,True,17358.0,False,,,False,False,
CODX,2.390000104904175,2.4035000801086426,0.005648524942223343,0.0,False,,,False,True,10062.0,False,,,False,True,14548.0,False,,,False,False,
CODX,2.134999990463257,2.134999990463257,0.0,0.0,False,,,False,True,4319.0,False,,,False,True,5887.0,False,,,False,False,
COFS,32.77000045776367,32.83000183105469,0.0018309848169928422,0.0,False,,,False,False,,False,,,False,False,,False,,,False,False,
COFS,34.51499938964844,34.525001525878906,0.00028979100122672463,0.0,False,,,False,True,11404.0,False,,,False,False,,False,,,False,False,
COFS,34.404998779296875,34.31999969482422,-0.0024705446152727406,0.0,False,,,False,True,11431.0,False,,,False,False,,False,,,False,False,
COFS,33.94499969482422,33.95000076293945,0.00014732856562660324,0.0,False,,,False,False,,False,,,False,False,,False,,,False,False,
COFS,34.779998779296875,34.7400016784668,-0.001150002939444783,0.0,False,,,False,True,11243.0,False,,,False,False,,False,,,False,False,
COFS,32.65999984741211,32.73500061035156,0.0022964103885443343,0.0,False,,,False,False,,False,,,False,False,,False,,,False,False,
COFS,33.9900016784668,33.90999984741211,-0.002353687175760566,0.0,False,,,False,False,,False,,,False,False,,False,,,False,False,
COFS,32.93000030517578,32.939998626708984,0.0003036234874140842,0.0,False,,,False,False,,False,,,False,False,,False,,,False,False,
COFS,33.8650016784668,33.77000045776367,-0.0028052920712988705,0.0,False,,,False,False,,False,,,False,False,,False,,,False,False,
COFS,33.584999084472656,33.59000015258789,0.00014890779370446694,0.0,False,,,False,False,,False,,,False,False,,False,,,False,False,
COFS,34.34000015258789,34.349998474121094,0.000291156711962115,0.0,False,,,False,True,4009.0,False,,,False,False,,False,,,False,False,
COFS,32.900001525878906,32.97999954223633,0.002431550536388105,0.0,False,,,False,False,,False,,,False,False,,False,,,False,False,
COFS,34.62,34.380001068115234,-0.00693237815958303,281.0,False,,,False,True,10361.0,False,,,False,False,,False,,,False,False,
COFS,33.529998779296875,33.470001220703125,-0.0017893695430372114,0.0,False,,,False,False,,False,,,False,False,,False,,,False,False,
COLB,31.8700008392334,31.875,0.00015686101772693917,0.0,False,,,False,False,,False,,,False,False,,False,,,False,False,
COLB,33.084999084472656,33.095001220703125,0.00030231635204014395,0.0,False,,,False,False,,False,,,False,False,,False,,,False,False,
COLD,14.779999732971191,14.774999618530273,-0.0003383027423040641,0.0,False,,,False,False,,False,,,False,False,,False,,,False,False,
COLD,15.838600158691406,15.854999542236328,0.0010354061205291032,0.0,False,,,False,False,,False,,,False,False,,False,,,False,False,
COLD,15.835000038146973,15.835000038146973,0.0,0.0,False,,,False,True,11409.0,False,,,False,False,,False,,,False,False,
CON,30.81999969482422,30.809999465942383,-0.00032447206297392395,0.0,False,,,False,False,,False,,,False,False,,False,,,False,False,
CON,31.229999542236328,31.209999084472656,-0.0006404245295176247,0.0,False,,,False,False,,False,,,False,False,,False,,,False,False,
CON,31.09000015258789,31.09000015258789,0.0,0.0,False,,,False,False,,False,,,False,False,,False,,,False,False,
CORZ,23.93000030517578,23.954999923706055,0.001044697794043259,0.0,False,,,False,True,7020.0,False,,,False,False,,False,,,False,False,
CORZ,21.334999084472656,21.344999313354492,0.00046872412987886136,0.0,True,8651.0,0.004687241298788614,False,False,,False,,,False,False,,False,,,False,False,
CORZ,22.360000610351562,22.389999389648438,0.0013416269444548323,0.0,True,10040.0,0.013416269444548323,False,True,4050.0,False,,,False,False,,False,,,False,False,
CORZ,23.829999923706055,23.81999969482422,-0.00041964871648558777,0.0,False,,,False,True,6968.0,False,,,False,False,,False,,,False,False,
CORZ,22.405000686645508,22.415000915527344,0.00044633914641201144,0.0,True,11730.0,0.0044633914641201144,False,True,5728.0,False,,,False,False,,False,,,False,False,
CORZ,22.5,22.610000610351562,0.004888916015624911,0.0,False,,,False,True,4220.0,False,,,False,False,,False,,,False,False,
CORZ,22.81999969482422,22.834999084472656,0.0006572914044271627,0.0,False,,,False,True,4181.0,False,,,False,False,,False,,,False,False,
CORZ,21.02,20.381200790405273,-0.03039006705969205,180.0,True,5940.0,-0.3039006705969205,False,False,,False,,,False,False,,False,,,False,False,
CORZ,21.17009925842285,21.219999313354492,0.0023571006598746003,0.0,True,8661.0,0.023571006598746003,False,False,,False,,,False,False,,False,,,False,False,
COSM,0.24690000712871552,0.24799999594688416,0.004455199620934769,0.0,True,1417.0,0.04455199620934769,False,False,,True,3197.0,0.022275998104673844,False,False,,False,,,False,False,
COSM,0.20190000534057617,0.20100000500679016,-0.0044576538384327735,0.0,False,,,False,False,,False,,,False,False,,False,,,False,False,
COSM,0.3149000108242035,0.31439998745918274,-0.0015878797962312063,0.0,True,87.0,-0.015878797962312063,False,True,1371.0,False,,,False,True,5802.0,False,,,False,False,
COTY,2.2750000953674316,2.2799999713897705,0.002197747609997913,0.0,True,2711.0,0.021977476099979132,False,False,,True,8593.0,0.010988738049989566,False,False,,False,,,False,False,
COTY,2.174999952316284,2.180000066757202,0.0022989032416267374,0.0,True,12691.0,0.022989032416267374,False,False,,True,15635.0,0.011494516208133687,False,False,,False,,,False,False,
COTY,2.7049999237060547,2.7100000381469727,0.0018484711948041355,0.0,False,,,False,False,,False,,,False,False,,False,,,False,False,
COUR,5.650000095367432,5.65500020980835,0.0008849759923044154,0.0,True,18561.0,0.008849759923044154,False,False,,False,,,False,False,,False,,,False,False,
CP,90.9800033569336,90.97000122070312,-0.00010993774303602599,0.0,False,,,False,False,,False,,,False,False,,False,,,False,False,
CPF,38.439998626708984,38.439998626708984,0.0,0.0,False,,,False,False,,False,,,False,False,,False,,,False,False,
CPF,38.29,38.29999923706055,0.00026114486969297523,985.0,False,,,False,False,,False,,,False,False,,False,,,False,False,
CPHI,1.29,1.1950000524520874,-0.07364337019218037,88.0,False,,,False,True,91.0,False,,,False,False,,False,,,False,False,
CPHI,1.1200000047683716,1.1025999784469604,-0.015535737720831166,0.0,True,1092.0,-0.15535737720831166,False,True,5483.0,True,1123.0,-0.07767868860415583,False,True,6848.0,True,6902.0,-0.031071475441662333,False,False,
CPIX,7.039999961853027,6.989999771118164,-0.007102299858777639,0.0,True,3944.0,-0.07102299858777639,False,True,8299.0,False,,,False,False,,False,,,False,False,
CPK,135.5500030517578,135.64999389648438,0.0007376675948018718,0.0,False,,,False,False,,False,,,False,False,,False,,,False,False,
CPK,128.85000610351562,128.89999389648438,0.0003879533612796138,0.0,False,,,False,False,,False,,,False,False,,False,,,False,False,
CPRT,29.625,29.6299991607666,0.000168748042754574,0.0,False,,,False,False,,False,,,False,False,,False,,,False,False,
CPRT,27.315000534057617,27.325000762939453,0.0003661075850747153,0.0,True,8448.0,0.003661075850747153,False,False,,False,,,False,False,,False,,,False,False,
CPRT,29.729999542236328,29.739999771118164,0.000336368282402022,0.0,False,,,False,False,,False,,,False,False,,False,,,False,False,
CPRT,27.590200424194336,27.604999542236328,0.0005363903782669155,0.0,True,11191.0,0.005363903782669155,False,False,,False,,,False,False,,False,,,False,False,
CPRT,28.024999618530273,28.024999618530273,0.0,0.0,True,17027.0,0.0,False,False,,False,,,False,False,,False,,,False,False,
CPRT,27.934999465942383,28.579999923706055,0.023089331308205008,3921.0,True,5362.0,0.23089331308205008,False,False,,False,,,False,False,,False,,,False,False,
CR,218.50999450683594,218.50999450683594,0.0,0.0,False,,,False,False,,False,,,False,False,,False,,,False,False,
CRAI,168.6999969482422,169.16000366210938,0.002726773694064155,0.0,True,20047.0,0.02726773694064155,False,True,12838.0,False,,,False,False,,False,,,False,False,
CRAI,152.24000549316406,152.51499938964844,0.0018063182249210552,0.0,True,5759.0,0.018063182249210552,False,False,,True,27427.0,0.009031591124605276,False,False,,False,,,False,False,
CRAI,164.9499969482422,165.25,0.0018187514841359054,0.0,True,20166.0,0.018187514841359054,False,False,,False,,,False,False,,False,,,False,False,
CRAI,166.1999969482422,166.3800048828125,0.0010830802519592453,0.0,True,21524.0,0.010830802519592453,False,False,,False,,,False,False,,False,,,False,False,
CRAI,151.93499755859375,151.93499755859375,0.0,0.0,True,5615.0,0.0,False,False,,True,27283.0,0.0,False,False,,False,,,False,False,
CRAI,160.6300048828125,166.6300048828125,0.03735292173076443,3932.0,True,8465.0,0.3735292173076443,False,False,,True,27107.0,0.18676460865382216,False,False,,False,,,False,False,
CRAI,160.6300048828125,166.6300048828125,0.03735292173076443,77.0,True,4610.0,0.3735292173076443,False,False,,True,23252.0,0.18676460865382216,False,False,,False,,,False,False,
CRAI,153.22000122070312,153.7899932861328,0.0037200891586512963,0.0,True,6886.0,0.03720089158651296,False,False,,True,29920.0,0.01860044579325648,False,False,,False,,,False,False,
CRAI,161.07000732421875,161.22999572753906,0.0009932848826303964,0.0,True,8586.0,0.009932848826303964,False,False,,True,27179.0,0.004966424413151982,False,False,,False,,,False,False,
CRAI,165.39999389648438,165.6750030517578,0.0016626914475315058,0.0,True,21526.0,0.016626914475315058,False,False,,False,,,False,False,,False,,,False,False,
CRAI,157.69000244140625,157.72999572753906,0.00025361966842307737,0.0,True,8633.0,0.0025361966842307737,False,False,,True,27423.0,0.0012680983421153869,False,False,,False,,,False,False,
CRAI,167.6699981689453,168.6699981689453,0.00596409620636118,0.0,True,22661.0,0.0596409620636118,False,True,15455.0,False,,,False,False,,False,,,False,False,
CRBP,9.40999984741211,9.40999984741211,0.0,0.0,False,,,False,False,,False,,,False,False,,False,,,False,False,
CRBP,9.53499984741211,9.529999732971191,-0.0005243958595630982,0.0,False,,,False,True,11314.0,False,,,False,False,,False,,,False,False,
CRC,53.27000045776367,53.28499984741211,0.0002815729213354601,0.0,False,,,False,False,,False,,,False,False,,False,,,False,False,
CRC,52.34000015258789,52.34000015258789,0.0,0.0,False,,,False,False,,False,,,False,False,,False,,,False,False,
CRC,52.27,52.279998779296875,0.00019129097564318798,235.0,False,,,False,False,,False,,,False,False,,False,,,False,False,
CRC,52.880001068115234,52.619998931884766,-0.004916833036662682,0.0,False,,,False,False,,False,,,False,False,,False,,,False,False,
CRDF,1.2999999523162842,1.3200000524520874,0.01538469297646361,0.0,True,5840.0,0.1538469297646361,False,True,8616.0,False,,,False,True,8616.0,False,,,False,False,
CRDF,1.2799999713897705,1.281000018119812,0.000781286525308067,0.0,True,5841.0,0.00781286525308067,False,True,8634.0,False,,,False,True,8634.0,False,,,False,False,
CRDF,0.8385000228881836,0.8385000228881836,0.0,0.0,False,,,False,False,,False,,,False,False,,False,,,False,False,
CRDF,1.274999976158142,1.274999976158142,0.0,0.0,True,8720.0,0.0,False,True,11513.0,False,,,False,True,11513.0,False,,,False,False,
CRDF,1.2799999713897705,1.284999966621399,0.003906246362021193,0.0,True,6957.0,0.03906246362021193,False,True,9750.0,False,,,False,True,9750.0,False,,,False,False,
CRDF,1.25,1.2599999904632568,0.007999992370605558,0.0,True,7022.0,0.07999992370605558,False,True,9888.0,False,,,False,True,9888.0,False,,,False,False,
CREG,1.649899959564209,1.649999976158142,6.0619792947580464e-05,0.0,False,,,False,True,5668.0,False,,,False,True,10205.0,False,,,False,True,10213.0
CRGY,10.734999656677246,10.739999771118164,0.0004657768608131718,0.0,False,,,False,False,,False,,,False,False,,False,,,False,False,
CRGY,10.045000076293945,10.045000076293945,0.0,0.0,True,11559.0,0.0,False,False,,False,,,False,False,,False,,,False,False,
CRIS,4.909999847412109,4.90500020980835,-0.0010182561627563036,0.0,True,19774.0,-0.010182561627563036,False,True,9711.0,False,,,False,False,,False,,,False,False,
CRIS,6.380000114440918,6.429999828338623,0.007836945611416679,0.0,False,,,False,True,1328.0,False,,,False,True,1400.0,False,,,False,False,
CRIS,7.0,6.53000020980835,-0.06714282717023579,3.0,False,,,False,True,4.0,False,,,False,True,1449.0,False,,,False,False,
CRIS,4.909999847412109,4.960000038146973,0.010183338551673637,259.0,False,,,False,False,,False,,,False,False,,False,,,False,False,
CRIS,6.730000019073486,6.730000019073486,0.0,0.0,False,,,False,True,324.0,False,,,False,True,1476.0,False,,,False,False,
CRIS,5.90500020980835,5.900000095367432,-0.0008467594010602708,184.0,False,,,False,True,229.0,False,,,False,True,1705.0,False,,,False,False,
CRIS,7.197999954223633,7.099999904632568,-0.013614900001987396,0.0,False,,,False,True,5394.0,False,,,False,True,6834.0,False,,,False,False,
CRIS,4.900000095367432,4.900400161743164,8.164619753991964e-05,0.0,False,,,False,False,,False,,,False,False,,False,,,False,False,
CRMD,8.09000015258789,8.09000015258789,0.0,0.0,False,,,False,True,11503.0,False,,,False,False,,False,,,False,False,
CRMT,4.045000076293945,4.045000076293945,0.0,0.0,False,,,False,True,4228.0,False,,,False,True,5670.0,False,,,False,False,
CRMT,3.0306999683380127,3.049999952316284,0.006368160550334956,0.0,True,1279.0,0.06368160550334956,False,False,,True,2793.0,0.03184080275167478,False,False,,True,11570.0,0.012736321100669912,False,False,
CRMT,3.3231000900268555,3.3499999046325684,0.008094795184304893,0.0,True,1417.0,0.08094795184304893,False,True,8478.0,True,8685.0,0.04047397592152446,False,False,,False,,,False,False,
CRMT,3.3499999046325684,3.3487000465393066,-0.0003880173523181929,0.0,True,1527.0,-0.003880173523181929,False,True,257.0,True,8794.0,-0.0019400867615909645,False,False,,False,,,False,False,
CRNX,83.95500183105469,83.94999694824219,-5.9613872947950064e-05,0.0,False,,,False,False,,False,,,False,False,,False,,,False,False,
CRNX,83.87999725341797,83.88500213623047,5.966717902228247e-05,0.0,False,,,False,False,,False,,,False,False,,False,,,False,False,
CRNX,83.73500061035156,83.80000305175781,0.0007762875850294559,3917.0,False,,,False,False,,False,,,False,False,,False,,,False,False,
CRNX,83.8949966430664,83.9000015258789,5.965651126715876e-05,0.0,False,,,False,False,,False,,,False,False,,False,,,False,False,
CRNX,83.88999938964844,83.8949966430664,5.9569119732039155e-05,0.0,False,,,False,False,,False,,,False,False,,False,,,False,False,
CRNX,83.57499694824219,83.56999969482422,-5.979364164454548e-05,0.0,False,,,False,False,,False,,,False,False,,False,,,False,False,
CRNX,83.55500030517578,83.55000305175781,-5.9807951645174384e-05,0.0,False,,,False,False,,False,,,False,False,,False,,,False,False,
CRNX,83.875,83.87000274658203,-5.957977249437807e-05,0.0,False,,,False,False,,False,,,False,False,,False,,,False,False,
CRS,598.2999877929688,597.9500122070312,-0.0005849500135015617,0.0,False,,,False,True,11460.0,False,,,False,False,,False,,,False,False,
CRS,556.9000244140625,557.5399780273438,0.0011491355453872032,0.0,True,5649.0,0.011491355453872032,False,True,14117.0,False,,,False,False,,False,,,False,False,
CRS,571.1599731445312,571.3699951171875,0.00036771129373791567,0.0,False,,,False,False,,False,,,False,False,,False,,,False,False,
CRS,602.6298828125,602.3499755859375,-0.00046447618106182365,0.0,False,,,False,True,8335.0,False,,,False,True,9758.0,False,,,False,False,
CRS,576.030029296875,575.2899780273438,-0.0012847442527164077,0.0,False,,,False,True,12888.0,False,,,False,False,,False,,,False,False,
CRS,568.6500244140625,569.0,0.0006154498741086645,0.0,False,,,False,False,,False,,,False,False,,False,,,False,False,
CRS,563.89501953125,563.8150024414062,-0.00014190068553943114,0.0,False,,,False,True,14273.0,False,,,False,False,,False,,,False,False,
CRVO,2.9098000526428223,2.9098000526428223,0.0,0.0,False,,,False,True,1482.0,False,,,False,False,,False,,,False,False,
CRVO,3.0399999618530273,3.0201001167297363,-0.006546001767434584,0.0,False,,,False,True,1391.0,False,,,False,True,14351.0,False,,,False,False,
CRVO,3.2809998989105225,3.319999933242798,0.011886630763147998,0.0,False,,,False,True,2718.0,False,,,False,True,14347.0,False,,,False,False,
CRVO,2.880000114440918,2.8947999477386475,0.005138830801957317,0.0,False,,,False,True,10183.0,False,,,False,False,,False,,,False,False,
CRVO,3.119999885559082,3.0899999141693115,-0.0096153757981291,988.0,False,,,False,True,5606.0,False,,,False,True,16886.0,False,,,False,False,
CRVS,14.904999732971191,14.914999961853027,0.0006709311681309948,0.0,False,,,False,True,14172.0,False,,,False,False,,False,,,False,False,
CRVS,15.744999885559082,15.738800048828125,-0.00039376543512348317,0.0,False,,,False,True,8376.0,False,,,False,True,25635.0,False,,,False,False,
CSGP,30.760000228881836,30.739999771118164,-0.0006502099354632751,0.0,False,,,False,True,7202.0,False,,,False,False,,False,,,False,False,
CSGP,30.09000015258789,30.079999923706055,-0.00033234392924974543,0.0,False,,,False,True,9918.0,False,,,False,False,,False,,,False,False,
CSGP,28.209999084472656,28.229999542236328,0.0007089847009134065,0.0,False,,,False,False,,False,,,False,False,,False,,,False,False,
CSWC,23.459999084472656,23.540000915527344,0.003410137859197082,836.0,False,,,False,False,,False,,,False,False,,False,,,False,False,
CSWC,23.829999923706055,23.829999923706055,0.0,0.0,False,,,False,False,,False,,,False,False,,False,,,False,False,
CSWC,23.889999389648438,23.8799991607666,-0.0004185947734335338,0.0,False,,,False,False,,False,,,False,False,,False,,,False,False,
CSWC,23.56999969482422,23.56999969482422,0.0,0.0,False,,,False,False,,False,,,False,False,,False,,,False,False,
CSWC,23.469999313354492,23.690000534057617,0.009373720798446783,69.0,False,,,False,False,,False,,,False,False,,False,,,False,False,
CSX,49.35499954223633,49.5,0.002937908197923944,1016.0,False,,,False,False,,False,,,False,False,,False,,,False,False,
CSX,50.71500015258789,50.71500015258789,0.0,0.0,False,,,False,False,,False,,,False,False,,False,,,False,False,
CSX,50.0,49.994998931884766,-0.00010002136230469194,0.0,False,,,False,False,,False,,,False,False,,False,,,False,False,
CSX,49.404998779296875,49.40999984741211,0.0001012259536241622,0.0,False,,,False,False,,False,,,False,False,,False,,,False,False,
CSX,50.1150016784668,50.13999938964844,0.0004988069509010984,0.0,False,,,False,False,,False,,,False,False,,False,,,False,False,
CSX,49.74829864501953,49.790000915527344,0.0008382652601928164,0.0,False,,,False,False,,False,,,False,False,,False,,,False,False,
CSX,49.27000045776367,49.27000045776367,0.0,0.0,False,,,False,False,,False,,,False,False,,False,,,False,False,
CTAS,217.52999877929688,217.5124969482422,-8.045709167880943e-05,0.0,False,,,False,False,,False,,,False,False,,False,,,False,False,
CTAS,216.4250030517578,216.4250030517578,0.0,0.0,False,,,False,False,,False,,,False,False,,False,,,False,False,
CTAS,181.5399932861328,181.64999389648438,0.0006059304529013598,0.0,True,11160.0,0.006059304529013598,False,False,,False,,,False,False,,False,,,False,False,
CTAS,217.03750610351562,217.08999633789062,0.0002418486800617181,0.0,False,,,False,False,,False,,,False,False,,False,,,False,False,
CTAS,178.69000244140625,178.75990295410156,0.00039118312015373746,0.0,True,7237.0,0.003911831201537375,False,False,,False,,,False,False,,False,,,False,False,
CTAS,183.07000732421875,183.10000610351562,0.00016386506853494076,0.0,True,4022.0,0.0016386506853494076,False,False,,False,,,False,False,,False,,,False,False,
CTBI,72.08999633789062,72.0,-0.0012483887149724593,0.0,True,23131.0,-0.012483887149724593,False,False,,False,,,False,False,,False,,,False,False,
CTBI,72.11000061035156,72.08999633789062,-0.00027741328930275255,0.0,True,28719.0,-0.0027741328930275255,False,False,,False,,,False,False,,False,,,False,False,
CTEV,32.93000030517578,32.775001525878906,-0.004706917031899072,0.0,False,,,False,True,7122.0,False,,,False,True,8484.0,False,,,False,False,
CTGO,15.850000381469727,15.979999542236328,0.008201839598602323,0.0,False,,,False,False,,False,,,False,False,,False,,,False,False,
CTGO,15.4399995803833,15.539999961853027,0.006476708820431387,0.0,True,2764.0,0.06476708820431387,False,False,,False,,,False,False,,False,,,False,False,
CTKB,4.525000095367432,4.53000020980835,0.0011049976432127018,0.0,False,,,False,False,,False,,,False,False,,False,,,False,False,
CTKB,4.534999847412109,4.545000076293945,0.0022051222091092892,0.0,False,,,False,False,,False,,,False,False,,False,,,False,False,
CTMX,3.615000009536743,3.615000009536743,0.0,0.0,False,,,False,True,9933.0,False,,,False,False,,False,,,False,False,
CTMX,3.3550000190734863,3.3608999252319336,0.0017585413188989651,0.0,False,,,False,False,,False,,,False,False,,False,,,False,False,
CTNM,14.40999984741211,14.40999984741211,0.0,0.0,False,,,False,False,,False,,,False,False,,False,,,False,False,
CTNM,14.739999771118164,14.779999732971191,0.0027137016603897557,0.0,False,,,False,False,,False,,,False,False,,False,,,False,False,
CTNM,14.850000381469727,14.850000381469727,0.0,0.0,False,,,False,True,8402.0,False,,,False,False,,False,,,False,False,
CTNM,14.392499923706055,14.397500038146973,0.0003474111146377634,0.0,False,,,False,False,,False,,,False,False,,False,,,False,False,
CTNM,14.710000038146973,14.75,0.002719236012868498,0.0,False,,,False,False,,False,,,False,False,,False,,,False,False,
CTNM,13.760000228881836,13.751899719238281,-0.0005886998189543746,0.0,True,3128.0,-0.005886998189543746,False,False,,False,,,False,False,,False,,,False,False,
CTO,22.06999969482422,22.06999969482422,0.0,0.0,False,,,False,False,,False,,,False,False,,False,,,False,False,
CTO,22.200000762939453,22.190000534057617,-0.0004504607449622444,0.0,False,,,False,False,,False,,,False,False,,False,,,False,False,
CTS,60.14,59.47999954223633,-0.010974400694440889,3868.0,True,25509.0,-0.10974400694440889,False,False,,False,,,False,False,,False,,,False,False,
CTS,60.654998779296875,60.7400016784668,0.0014014162209321501,0.0,False,,,False,False,,False,,,False,False,,False,,,False,False,
CTS,59.06,60.04999923706055,0.016762601372511732,930.0,True,28297.0,0.16762601372511732,False,False,,False,,,False,False,,False,,,False,False,
CTS,60.9900016784668,60.779998779296875,-0.003443234848181098,0.0,False,,,False,False,,False,,,False,False,,False,,,False,False,
CTS,59.369998931884766,59.275001525878906,-0.0016000910849746086,0.0,True,15684.0,-0.016000910849746086,False,False,,False,,,False,False,,False,,,False,False,
CTSH,43.220001220703125,43.27000045776367,0.0011568541334652238,0.0,True,6963.0,0.011568541334652238,False,False,,True,9719.0,0.005784270667326119,False,False,,False,,,False,False,
CTSH,42.900001525878906,42.95000076293945,0.0011654833399104003,0.0,False,,,False,False,,False,,,False,False,,False,,,False,False,
CTSH,43.20140075683594,43.20000076293945,-3.240621535316457e-05,0.0,False,,,False,False,,False,,,False,False,,False,,,False,False,
CTSH,43.404998779296875,43.39500045776367,-0.00023034954070710878,0.0,True,7297.0,-0.002303495407071088,False,False,,True,9944.0,-0.001151747703535544,False,False,,False,,,False,False,
CTSO,0.39980000257492065,0.38999998569488525,-0.024512298191391113,246.0,False,,,False,True,6006.0,False,,,False,False,,False,,,False,False,
CUBI,80.11000061035156,80.20999908447266,0.0012482645532294612,0.0,False,,,False,False,,False,,,False,False,,False,,,False,False,
CUBI,76.8499984741211,76.7699966430664,-0.0010410127865081442,0.0,False,,,False,False,,False,,,False,False,,False,,,False,False,
CUBI,76.20999908447266,76.24500274658203,0.00045930537370275637,0.0,False,,,False,False,,False,,,False,False,,False,,,False,False,
CUE,31.329999923706055,31.260000228881836,-0.0022342705073310487,0.0,False,,,False,True,7485.0,False,,,False,False,,False,,,False,False,
CUE,31.16,30.989999771118164,-0.005455719797234804,37.0,True,1831.0,-0.05455719797234804,False,True,13384.0,False,,,False,False,,False,,,False,False,
CUE,30.954999923706055,31.064699172973633,0.0035438297379406514,0.0,True,5740.0,0.035438297379406514,False,True,18352.0,False,,,False,False,,False,,,False,False,
CUE,26.82699966430664,27.140100479125977,0.011671108164805988,0.0,True,46.0,0.11671108164805988,False,False,,True,4420.0,0.05835554082402994,False,False,,False,,,False,False,
CUE,33.75,33.5,-0.007407407407407418,0.0,False,,,False,True,8933.0,False,,,False,False,,False,,,False,False,
CUE,31.260000228881836,31.290000915527344,0.0009597148568729619,0.0,True,5726.0,0.009597148568729619,False,True,17279.0,False,,,False,False,,False,,,False,False,
CUE,34.95000076293945,34.720001220703125,-0.006580816515466714,0.0,False,,,False,True,1063.0,False,,,False,True,11149.0,False,,,False,False,
CUE,34.494998931884766,33.9901008605957,-0.01463684843956814,0.0,True,2572.0,-0.1463684843956814,False,True,7140.0,True,2572.0,-0.0731842421978407,False,True,11217.0,False,,,False,False,
CUE,34.654998779296875,34.654998779296875,0.0,0.0,False,,,False,True,1149.0,False,,,False,True,11235.0,False,,,False,False,
CUE,31.579999923706055,31.579999923706055,0.0,0.0,True,11544.0,0.0,False,True,2728.0,False,,,False,False,,False,,,False,False,
CURB,31.3799991607666,31.350000381469727,-0.0009559840694445265,0.0,False,,,False,False,,False,,,False,False,,False,,,False,False,
CURI,2.4700000286102295,2.4749999046325684,0.002024241281143757,0.0,False,,,False,False,,False,,,False,False,,False,,,False,False,
CURI,2.5899999141693115,2.5899999141693115,0.0,0.0,False,,,False,False,,False,,,False,False,,False,,,False,False,
CURI,2.625,2.625,0.0,0.0,False,,,False,True,10282.0,False,,,False,False,,False,,,False,False,
CVBF,22.635000228881836,22.6299991607666,-0.00022094402759731402,0.0,False,,,False,False,,False,,,False,False,,False,,,False,False,
CVBF,22.575000762939453,22.594999313354492,0.0008858715277595408,0.0,False,,,False,False,,False,,,False,False,,False,,,False,False,
CVBF,22.59000015258789,22.59000015258789,0.0,0.0,False,,,False,False,,False,,,False,False,,False,,,False,False,
CVBF,22.614999771118164,22.6299991607666,0.0006632496042557889,0.0,False,,,False,False,,False,,,False,False,,False,,,False,False,
CVEO,35.154998779296875,35.0099983215332,-0.004124604261089182,0.0,False,,,False,False,,False,,,False,False,,False,,,False,False,
CVGI,4.690000057220459,4.699999809265137,0.002132143267095099,0.0,False,,,False,False,,False,,,False,False,,False,,,False,False,
CVGI,4.699999809265137,4.710000038146973,0.002127708359077385,0.0,False,,,False,False,,False,,,False,False,,False,,,False,False,
CVKD,3.069999933242798,3.25,0.05863194484407375,0.0,False,,,False,True,7041.0,False,,,False,True,7233.0,False,,,False,False,
CVKD,3.055000066757202,3.1050000190734863,0.016366596145235945,1050.0,False,,,False,True,6811.0,False,,,False,True,7003.0,False,,,False,False,
CVKD,3.1050000190734863,3.125,0.00644121765013117,0.0,False,,,False,True,5619.0,False,,,False,True,5811.0,False,,,False,False,
CVKD,3.0826001167297363,3.1050000190734863,0.007266561180667708,0.0,False,,,False,True,7078.0,False,,,False,True,7270.0,False,,,False,False,
CVKD,3.055000066757202,3.1050000190734863,0.016366596145235945,1003.0,False,,,False,True,6764.0,False,,,False,True,6956.0,False,,,False,False,
CVKD,2.440000057220459,2.4786999225616455,0.015860600177719508,0.0,False,,,False,True,3115.0,False,,,False,True,11582.0,False,,,False,False,
CVLT,152.92999267578125,152.9199981689453,-6.535347750347142e-05,0.0,False,,,False,True,25868.0,False,,,False,True,25893.0,False,,,False,False,
CVLT,145.2449951171875,145.27000427246094,0.00017218600374668824,0.0,False,,,False,True,18397.0,False,,,False,True,21361.0,False,,,False,False,
CVSA,116.36000061035156,115.9800033569336,-0.003265703432663636,0.0,True,11407.0,-0.03265703432663636,False,False,,False,,,False,False,,False,,,False,False,
CVSA,115.44999694824219,115.80999755859375,0.003118238370443338,0.0,True,6978.0,0.03118238370443338,False,False,,False,,,False,False,,False,,,False,False,
CVSA,114.30000305175781,114.58000183105469,0.0024496830430535965,0.0,True,7330.0,0.024496830430535965,False,False,,False,,,False,False,,False,,,False,False,
CVSA,115.99500274658203,116.19999694824219,0.001767267527102101,0.0,True,12851.0,0.01767267527102101,False,False,,False,,,False,False,,False,,,False,False,
CVSA,113.5,113.54000091552734,0.0003524309738092146,0.0,True,7253.0,0.003524309738092146,False,False,,False,,,False,False,,False,,,False,False,
CVSA,117.28500366210938,117.54000091552734,0.0021741675871247423,0.0,True,12886.0,0.021741675871247423,False,False,,False,,,False,False,,False,,,False,False,
CVSA,114.08999633789062,114.37999725341797,0.002541861029327075,0.0,True,7085.0,0.02541861029327075,False,False,,False,,,False,False,,False,,,False,False,
CVSA,117.94499969482422,117.94999694824219,4.2369353774107665e-05,0.0,True,2770.0,0.00042369353774107665,False,False,,False,,,False,False,,False,,,False,False,
CWBC,27.030000686645508,27.024999618530273,-0.0001850191634551468,0.0,False,,,False,False,,False,,,False,False,,False,,,False,False,
CWBC,27.170000076293945,27.239999771118164,0.0025763597581029973,0.0,False,,,False,False,,False,,,False,False,,False,,,False,False,
CWCO,28.760000228881836,28.829999923706055,0.0024339253917642356,0.0,False,,,False,False,,False,,,False,False,,False,,,False,False,
CWCO,29.100000381469727,29.499900817871094,0.013742282857701182,883.0,False,,,False,False,,False,,,False,False,,False,,,False,False,
CXW,31.549999237060547,31.53499984741211,-0.00047541648212845455,0.0,False,,,False,False,,False,,,False,False,,False,,,False,False,
CXW,31.549999237060547,31.56999969482422,0.0006339289460324249,0.0,False,,,False,False,,False,,,False,False,,False,,,False,False,
CYCU,0.27570000290870667,0.2721000015735626,-0.013057676086917325,2.0,True,44.0,-0.13057676086917325,False,False,,True,1445.0,-0.06528838043458662,False,False,,True,1535.0,-0.02611535217383465,False,False,
CYCU,0.3201,0.32829999923706055,0.02561699230571879,31.0,False,,,False,True,218.0,False,,,False,False,,False,,,False,False,
CYCU,0.4999000132083893,0.5008000135421753,0.0018003606921506154,0.0,False,,,False,True,1270.0,False,,,False,True,2680.0,False,,,False,False,
CYCU,0.5163000226020813,0.5198000073432922,0.00677897460389687,0.0,False,,,False,True,1437.0,False,,,False,True,4074.0,False,,,False,False,
CYCU,0.2831999957561493,0.28540000319480896,0.007768387964786516,0.0,True,2567.0,0.07768387964786516,False,False,,True,2667.0,0.03884193982393258,False,False,,True,2704.0,0.015536775929573032,False,False,
CYCU,0.28999999165534973,0.2833999991416931,-0.02275859552954873,212.0,True,213.0,-0.2275859552954873,False,True,378.0,True,326.0,-0.11379297764774365,False,False,,True,350.0,-0.04551719105909746,False,False,
CYH,3.234999895095825,3.234999895095825,0.0,0.0,False,,,False,True,2558.0,False,,,False,False,,False,,,False,False,
CYH,3.555000066757202,3.559999942779541,0.0014064348603233245,0.0,False,,,False,True,8924.0,False,,,False,True,21506.0,False,,,False,False,
CYPH,0.6762999892234802,0.6614999771118164,-0.021883797645268377,970.0,False,,,False,True,8182.0,False,,,False,False,,False,,,False,False,
CZNC,23.395000457763672,23.479999542236328,0.0036332157644582974,0.0,False,,,False,False,,False,,,False,False,,False,,,False,False,
CZNC,23.610000610351562,23.530000686645508,-0.003388391428968407,0.0,False,,,False,False,,False,,,False,False,,False,,,False,False,
CZNC,22.899999618530273,22.8700008392334,-0.0013099903841308214,0.0,True,19830.0,-0.013099903841308214,False,False,,False,,,False,False,,False,,,False,False,
CZR,29.895000457763672,29.899999618530273,0.0001672239735759362,0.0,False,,,False,False,,False,,,False,False,,False,,,False,False,
CZR,29.790000915527344,29.795000076293945,0.00016781338076410357,0.0,False,,,False,False,,False,,,False,False,,False,,,False,False,
CZR,29.78499984741211,29.78499984741211,0.0,0.0,False,,,False,False,,False,,,False,False,,False,,,False,False,
CZWI,23.850000381469727,23.94499969482422,0.003983199657652925,0.0,False,,,False,True,15628.0,False,,,False,False,,False,,,False,False,
CZWI,23.530000686645508,23.584999084472656,0.0023373734051084227,0.0,False,,,False,True,15763.0,False,,,False,False,,False,,,False,False,
CZWI,23.059999465942383,23.020999908447266,-0.0016912210927287896,0.0,False,,,False,True,19880.0,False,,,False,False,,False,,,False,False,
DAIO,3.3499999046325684,3.365000009536743,0.0044776433824467166,0.0,False,,,False,True,17148.0,False,,,False,False,,False,,,False,False,
DAIO,3.640000104904175,3.640000104904175,0.0,0.0,False,,,False,True,11137.0,False,,,False,True,27047.0,False,,,False,False,
DAIO,3.3299999237060547,3.359999895095825,0.009009000623754648,0.0,False,,,False,True,17027.0,False,,,False,False,,False,,,False,False,
DAIO,3.3842999935150146,3.4600000381469727,0.022368006612006663,0.0,False,,,False,True,18479.0,False,,,False,False,,False,,,False,False,
DAIO,3.4000000953674316,3.4600000381469727,0.01764704149899643,1043.0,False,,,False,True,16945.0,False,,,False,False,,False,,,False,False,
DAKT,19.459999084472656,19.459999084472656,0.0,0.0,False,,,False,False,,False,,,False,False,,False,,,False,False,
DAKT,19.809999465942383,19.8700008392334,0.0030288427515694494,0.0,False,,,False,False,,False,,,False,False,,False,,,False,False,
DAKT,19.280099868774414,19.280000686645508,-5.144274644930391e-06,0.0,False,,,False,False,,False,,,False,False,,False,,,False,False,
DAKT,20.43429946899414,20.389999389648438,-0.002167927479624243,0.0,False,,,False,False,,False,,,False,False,,False,,,False,False,
DAKT,19.350000381469727,19.43000030517578,0.004134362900719335,0.0,False,,,False,False,,False,,,False,False,,False,,,False,False,
DAKT,19.604999542236328,19.600000381469727,-0.0002549941792057142,0.0,False,,,False,False,,False,,,False,False,,False,,,False,False,
DAKT,19.7450008392334,19.735000610351562,-0.0005064689013315471,0.0,False,,,False,False,,False,,,False,False,,False,,,False,False,
DAKT,19.729999542236328,19.700000762939453,-0.0015204652809370778,0.0,False,,,False,False,,False,,,False,False,,False,,,False,False,
DAKT,19.760000228881836,19.889999389648438,0.006578904820891074,0.0,False,,,False,False,,False,,,False,False,,False,,,False,False,
DAN,27.795000076293945,27.795000076293945,0.0,0.0,False,,,False,False,,False,,,False,False,,False,,,False,False,
DAN,26.8700008392334,26.8700008392334,0.0,0.0,False,,,False,False,,False,,,False,False,,False,,,False,False,
DAN,27.020000457763672,27.030000686645508,0.0003701046895787652,0.0,False,,,False,False,,False,,,False,False,,False,,,False,False,
DAN,26.489999771118164,26.489999771118164,0.0,0.0,False,,,False,False,,False,,,False,False,,False,,,False,False,
DARE,1.2200000286102295,1.2200000286102295,0.0,319.0,True,6269.0,0.0,False,False,,False,,,False,False,,False,,,False,False,
DARE,2.0299999713897705,2.0299999713897705,0.0,0.0,False,,,False,True,17033.0,False,,,False,True,17060.0,False,,,False,False,
DARE,1.9900000095367432,1.9945000410079956,0.002261322336525984,0.0,False,,,False,True,5630.0,False,,,False,True,5651.0,False,,,False,False,
DARE,2.059999942779541,2.065000057220459,0.0024272400872844546,0.0,False,,,False,True,7131.0,False,,,False,True,7159.0,False,,,False,False,
DARE,2.059999942779541,2.069999933242798,0.004854364437391068,2.0,False,,,False,True,15537.0,False,,,False,True,15565.0,False,,,False,False,
DARE,1.26419997215271,1.2799999713897705,0.012498022136605336,0.0,False,,,False,False,,False,,,False,False,,False,,,False,False,
DARE,1.284999966621399,1.2851999998092651,0.0001556678545231449,0.0,False,,,False,False,,False,,,False,False,,False,,,False,False,
DARE,2.069999933242798,2.069999933242798,0.0,0.0,False,,,False,True,15607.0,False,,,False,True,15637.0,False,,,False,False,
DBGI,0.4880000054836273,0.48809999227523804,0.00020489096411302476,0.0,True,1228.0,0.0020489096411302476,False,False,,True,1228.0,0.0010244548205651238,False,False,,True,1228.0,0.00040978192822604953,False,False,
DBGI,0.4925000071525574,0.492000013589859,-0.0010152153409888065,0.0,True,1202.0,-0.010152153409888065,False,False,,True,1202.0,-0.0050760767049440325,False,False,,True,1202.0,-0.002030430681977613,False,False,
DBGI,0.7426999807357788,0.7310000061988831,-0.015753298559809892,0.0,True,14370.0,-0.15753298559809892,False,True,5731.0,True,14370.0,-0.07876649279904946,False,True,10050.0,True,14370.0,-0.031506597119619784,False,False,
DBGI,0.6899999976158142,0.7001000046730042,0.01463769143781013,0.0,True,9936.0,0.1463769143781013,False,True,1315.0,True,9936.0,0.07318845718905065,False,True,5616.0,True,9936.0,0.02927538287562026,False,False,
DBGI,0.6888999938964844,0.6859999895095825,-0.00420961592770408,0.0,True,9761.0,-0.0420961592770408,False,True,1140.0,True,9761.0,-0.0210480796385204,False,True,5441.0,True,9761.0,-0.00841923185540816,False,False,
DBGI,0.7157999873161316,0.691100001335144,-0.034506826513925115,52.0,True,10130.0,-0.34506826513925115,False,True,1509.0,True,10130.0,-0.17253413256962558,False,True,5810.0,True,10130.0,-0.06901365302785023,False,False,
DBVT,15.390000343322754,15.390000343322754,0.0,0.0,True,1558.0,0.0,False,True,22801.0,False,,,False,False,,False,,,False,False,
DBVT,13.539999961853027,13.569999694824219,0.0022156375964337283,0.0,False,,,False,False,,False,,,False,False,,False,,,False,False,
DBVT,14.380000114440918,14.345000267028809,-0.0024339253917641246,0.0,False,,,False,False,,False,,,False,False,,False,,,False,False,
DCGO,0.5651000142097473,0.5651000142097473,0.0,0.0,True,2869.0,0.0,False,False,,True,8767.0,0.0,False,False,,False,,,False,False,
DCI,90.7300033569336,90.7249984741211,-5.516237878677721e-05,0.0,False,,,False,False,,False,,,False,False,,False,,,False,False,
DCI,89.7300033569336,89.7300033569336,0.0,0.0,False,,,False,False,,False,,,False,False,,False,,,False,False,
DCI,90.44000244140625,90.3550033569336,-0.000939839475653792,0.0,False,,,False,False,,False,,,False,False,,False,,,False,False,
DCI,90.9800033569336,91.01000213623047,0.00032972937118036505,0.0,False,,,False,False,,False,,,False,False,,False,,,False,False,
DCI,89.76000213623047,89.80999755859375,0.0005569899863349104,0.0,False,,,False,False,,False,,,False,False,,False,,,False,False,
DCOM,39.880001068115234,39.89,0.00025072546682447516,0.0,False,,,False,False,,False,,,False,False,,False,,,False,False,
DCOM,41.20500183105469,41.20000076293945,-0.0001213704136148186,0.0,False,,,False,False,,False,,,False,False,,False,,,False,False,
DCOM,41.040000915527344,41.060001373291016,0.00048734057791177676,0.0,False,,,False,False,,False,,,False,False,,False,,,False,False,
DCOM,40.345001220703125,40.36000061035156,0.00037177814337852055,0.0,False,,,False,False,,False,,,False,False,,False,,,False,False,
DCOY,5.179999828338623,5.15500020980835,-0.004826181343386526,1040.0,False,,,False,True,9680.0,False,,,False,True,9680.0,False,,,False,False,
DCOY,4.909999847412109,5.0,0.018329970546806962,846.0,False,,,False,True,8046.0,False,,,False,True,8055.0,False,,,False,False,
DCOY,5.409999847412109,5.239999771118164,-0.031423305192007644,0.0,False,,,False,True,6062.0,False,,,False,True,10032.0,False,,,False,False,
DCOY,5.849999904632568,5.769999980926514,-0.013675200856448466,101.0,False,,,False,True,10229.0,False,,,False,True,20261.0,False,,,False,False,
DECK,109.0199966430664,109.23999786376953,0.0020179896117902274,0.0,False,,,False,True,10287.0,False,,,False,False,,False,,,False,False,
DECK,107.66500091552734,107.93000030517578,0.002461332720893772,0.0,False,,,False,True,14563.0,False,,,False,False,,False,,,False,False,
DECK,103.20999908447266,103.2699966430664,0.0005813153679483651,0.0,False,,,False,False,,False,,,False,False,,False,,,False,False,
DFNS,5.3500004,5.150000095367432,-0.03738323171575242,3864.0,True,5375.0,-0.3738323171575242,False,True,3864.0,True,5375.0,-0.1869161585787621,False,True,3994.0,True,5420.0,-0.07476646343150484,False,False,
DFNS,4.329999923706055,6.5,0.5011547608612055,214.0,True,214.0,5.0,True,False,,True,214.0,2.505773804306027,True,False,,True,214.0,1.002309521722411,True,False,
DFNS,7.430099964141846,7.979700088500977,0.07396941185334494,0.0,True,1.0,0.7396941185334494,False,True,43.0,True,8537.0,0.3698470592667247,False,True,1168.0,True,8589.0,0.14793882370668987,False,True,4073.0
DFNS,0.14190000295639038,0.14190000295639038,0.0,0.0,True,2560.0,0.0,False,True,2574.0,True,2560.0,0.0,False,True,2574.0,True,11200.0,0.0,False,True,8371.0
DFNS,4.7,4.400000095367432,-0.06382976694309972,8.0,True,5768.0,-0.6382976694309972,False,True,56.0,True,5768.0,-0.3191488347154986,False,True,1471.0,True,5770.0,-0.12765953388619944,False,False,
DFNS,4.409999847412109,4.467299938201904,0.01299321831573752,0.0,True,1510.0,0.1299321831573752,False,True,87.0,True,5745.0,0.0649660915786876,False,False,,True,5746.0,0.02598643663147504,False,False,
DFNS,13.539999961853027,21.699899673461914,0.6026513836483169,145.0,True,145.0,5.0,True,False,,True,145.0,3.0132569182415847,True,False,,True,145.0,1.2053027672966339,True,False,
DFNS,24.0,42.970001220703125,0.7904167175292969,171.0,True,171.0,5.0,True,False,,True,171.0,3.9520835876464844,True,False,,True,171.0,1.5808334350585938,True,False,
DGX,206.2449951171875,206.4499969482422,0.0009939723916121412,0.0,True,3967.0,0.009939723916121412,False,False,,False,,,False,False,,False,,,False,False,
DGX,213.45,216.88999938964844,0.016116183601070366,97.0,False,,,False,False,,False,,,False,False,,False,,,False,False,
DGX,207.66,206.17999267578125,-0.007127069845992207,67.0,True,2948.0,-0.07127069845992207,False,False,,False,,,False,False,,False,,,False,False,
DGX,208.97000122070312,208.97000122070312,0.0,0.0,True,18522.0,0.0,False,False,,False,,,False,False,,False,,,False,False,
DGX,206.05999755859375,206.05999755859375,0.0,0.0,True,12765.0,0.0,False,False,,False,,,False,False,,False,,,False,False,
DGX,227.86,226.64999389648438,-0.005310305027278361,3800.0,False,,,False,False,,False,,,False,False,,False,,,False,False,
DGX,201.85000610351562,203.77000427246094,0.009512004512700845,892.0,True,10972.0,0.09512004512700845,False,False,,False,,,False,False,,False,,,False,False,
DGX,209.61000061035156,209.57000732421875,-0.00019079855930703715,0.0,True,4211.0,-0.0019079855930703715,False,False,,False,,,False,False,,False,,,False,False,
DGX,210.38999938964844,210.625,0.0011169761444618231,0.0,True,4291.0,0.011169761444618231,False,False,,False,,,False,False,,False,,,False,False,
DGX,208.72500610351562,208.51499938964844,-0.0010061406526586936,0.0,True,21413.0,-0.010061406526586936,False,False,,False,,,False,False,,False,,,False,False,
DGX,209.09500122070312,208.9600067138672,-0.0006456132669256931,0.0,True,14237.0,-0.006456132669256931,False,False,,False,,,False,False,,False,,,False,False,
DGXX,4.269999980926514,4.329999923706055,0.01405150891043383,0.0,False,,,False,True,8674.0,False,,,False,True,10103.0,False,,,False,False,
DGXX,4.089900016784668,4.085000038146973,-0.001198068074423908,0.0,True,3951.0,-0.01198068074423908,False,True,9842.0,False,,,False,False,,False,,,False,False,
DHI,156.52999877929688,156.5800018310547,0.0003194470845702124,0.0,False,,,False,False,,False,,,False,False,,False,,,False,False,
DHI,148.85,153.97000122070312,0.03439705220492528,330.0,False,,,False,False,,False,,,False,False,,False,,,False,False,
DHI,151.3000030517578,151.21499633789062,-0.0005618421160117348,0.0,False,,,False,False,,False,,,False,False,,False,,,False,False,
DHR,192.27999877929688,192.31500244140625,0.00018204525864162768,0.0,False,,,False,False,,False,,,False,False,,False,,,False,False,
DHR,193.75999450683594,193.75,-5.158189058263041e-05,0.0,False,,,False,False,,False,,,False,False,,False,,,False,False,
DHR,190.7050018310547,190.74749755859375,0.00022283488702989906,0.0,False,,,False,False,,False,,,False,False,,False,,,False,False,
DHR,190.58999633789062,190.75,0.000839517630430775,0.0,True,6990.0,0.00839517630430775,False,False,,False,,,False,False,,False,,,False,False,
DHR,193.77000427246094,193.77000427246094,0.0,0.0,False,,,False,False,,False,,,False,False,,False,,,False,False,
DHR,193.94749450683594,194.11000061035156,0.0008378870989225184,0.0,False,,,False,True,17147.0,False,,,False,False,,False,,,False,False,
DINO,82.4000015258789,82.72000122070312,0.0038834913701271123,0.0,True,7246.0,0.03883491370127112,False,False,,False,,,False,False,,False,,,False,False,
DINO,89.09,90.88619995117188,0.020161633754314456,835.0,False,,,False,False,,False,,,False,False,,False,,,False,False,
DINO,74.80000305175781,74.82499694824219,0.00033414298749523397,0.0,True,11246.0,0.0033414298749523397,False,False,,False,,,False,False,,False,,,False,False,
DINO,89.08300018310547,89.80989837646484,0.00815978572640419,0.0,False,,,False,False,,False,,,False,False,,False,,,False,False,
DINO,83.11,83.1050033569336,-6.012084064976886e-05,38.0,True,7506.0,-0.0006012084064976886,False,False,,False,,,False,False,,False,,,False,False,
DINO,83.11,83.1050033569336,-6.012084064976886e-05,963.0,True,8431.0,-0.0006012084064976886,False,False,,False,,,False,False,,False,,,False,False,
DINO,88.87000274658203,88.86499786376953,-5.631689724117095e-05,0.0,False,,,False,False,,False,,,False,False,,False,,,False,False,
DINO,82.83000183105469,82.83999633789062,0.00012066288319445562,0.0,True,8474.0,0.0012066288319445562,False,False,,False,,,False,False,,False,,,False,False,
DIOD,96.15499877929688,96.15499877929688,0.0,0.0,False,,,False,True,11212.0,False,,,False,True,28549.0,False,,,False,False,
DIOD,95.94000244140625,95.75,-0.001980429816252016,0.0,False,,,False,True,21296.0,False,,,False,False,,False,,,False,False,
DIOD,87.51000213623047,87.56999969482422,0.0006856080119888031,0.0,False,,,False,True,15810.0,False,,,False,False,,False,,,False,False,
DIOD,92.33499908447266,92.48500061035156,0.0016245359545807858,0.0,False,,,False,True,12770.0,False,,,False,False,,False,,,False,False,
DJT,8.204999923706055,8.204999923706055,0.0,0.0,True,9896.0,0.0,False,False,,True,12654.0,0.0,False,False,,False,,,False,False,
DJT,8.755000114440918,8.75,-0.0005711152913260298,0.0,True,5974.0,-0.005711152913260298,False,False,,False,,,False,False,,False,,,False,False,
DJT,8.975000381469727,8.975700378417969,7.799408562569887e-05,0.0,True,5981.0,0.0007799408562569887,False,False,,False,,,False,False,,False,,,False,False,
DK,61.59,63.220001220703125,0.026465355101528143,1031.0,True,8231.0,0.26465355101528143,False,False,,False,,,False,False,,False,,,False,False,
DK,54.150001525878906,54.29949951171875,0.002760812218415065,0.0,True,8660.0,0.027608122184150652,False,False,,True,17477.0,0.013804061092075326,False,False,,False,,,False,False,
DK,58.01,59.18000030517578,0.02016894165102201,51.0,True,4412.0,0.2016894165102201,False,False,,False,,,False,False,,False,,,False,False,
DKL,55.45109939575195,55.540000915527344,0.0016032417886056027,0.0,False,,,False,False,,False,,,False,False,,False,,,False,False,
DKL,55.630001068115234,55.71500015258789,0.0015279360568154488,0.0,False,,,False,False,,False,,,False,False,,False,,,False,False,
DKL,55.522274017333984,55.310001373291016,-0.003823197947128376,0.0,False,,,False,False,,False,,,False,False,,False,,,False,False,
DKL,55.07,54.84000015258789,-0.0041764998622136895,93.0,False,,,False,False,,False,,,False,False,,False,,,False,False,
DLR,178.34500122070312,178.32000732421875,-0.00014014352133950858,0.0,False,,,False,False,,False,,,False,False,,False,,,False,False,
DLR,180.41,180.99989318847656,0.0032697366469518485,3862.0,False,,,False,False,,False,,,False,False,,False,,,False,False,
DLR,179.5,179.49000549316406,-5.567970382136522e-05,0.0,False,,,False,False,,False,,,False,False,,False,,,False,False,
DLR,176.44000244140625,176.52999877929688,0.0005100676527167725,0.0,False,,,False,False,,False,,,False,False,,False,,,False,False,
DMC,28.8700008392334,28.889999389648438,0.0006927104202871792,0.0,False,,,False,False,,False,,,False,False,,False,,,False,False,
DMLP,27.3799991607666,27.459999084472656,0.0029218380627522578,1040.0,False,,,False,False,,False,,,False,False,,False,,,False,False,
DMLP,26.829999923706055,26.84000015258789,0.0003727256395926748,0.0,False,,,False,False,,False,,,False,False,,False,,,False,False,
DMRA,29.655000686645508,29.655000686645508,0.0,0.0,True,14218.0,0.0,False,True,4119.0,False,,,False,False,,False,,,False,False,
DMRA,30.434999465942383,30.8700008392334,0.014292800424648977,0.0,True,7341.0,0.14292800424648977,False,False,,False,,,False,False,,False,,,False,False,
DMRA,27.1299991607666,27.399999618530273,0.009952099746251664,0.0,True,1340.0,0.09952099746251664,False,False,,True,9922.0,0.04976049873125832,False,False,,False,,,False,False,
DNLI,23.010000228881836,22.989999771118164,-0.0008692071953378955,0.0,False,,,False,False,,False,,,False,False,,False,,,False,False,
DNLI,23.40999984741211,23.405000686645508,-0.00021354809052487322,0.0,False,,,False,False,,False,,,False,False,,False,,,False,False,
DOCN,132.19000244140625,132.57000732421875,0.0028746870095637256,0.0,False,,,False,True,7042.0,False,,,False,False,,False,,,False,False,
DOCN,140.86500549316406,140.9600067138672,0.0006744132112197487,0.0,False,,,False,True,6970.0,False,,,False,True,10014.0,False,,,False,False,
DOCN,123.87999725341797,123.87000274658203,-8.067893976049234e-05,0.0,True,11446.0,-0.0008067893976049234,False,True,5449.0,False,,,False,False,,False,,,False,False,
DOCN,135.02999877929688,135.05999755859375,0.00022216381224970938,0.0,False,,,False,True,8413.0,False,,,False,True,9897.0,False,,,False,False,
DOCN,131.6897,129.75,-0.014729322035056613,329.0,False,,,False,True,3275.0,False,,,False,False,,False,,,False,False,
DOCN,126.4000015258789,126.5999984741211,0.0015822543182584248,0.0,True,6929.0,0.015822543182584248,False,False,,False,,,False,False,,False,,,False,False,
DOCN,133.68499755859375,133.9199981689453,0.0017578682323613481,0.0,False,,,False,True,8458.0,False,,,False,True,11409.0,False,,,False,False,
DOLE,14.100000381469727,14.100000381469727,0.0,0.0,False,,,False,False,,False,,,False,False,,False,,,False,False,
DOLE,14.079999923706055,14.109999656677246,0.00213066286461272,0.0,False,,,False,False,,False,,,False,False,,False,,,False,False,
DOUG,1.9249999523162842,1.9249999523162842,0.0,0.0,False,,,False,True,14085.0,False,,,False,False,,False,,,False,False,
DOUG,1.9500000476837158,1.9500000476837158,0.0,0.0,False,,,False,True,18749.0,False,,,False,False,,False,,,False,False,
DOUG,1.8350000381469727,1.8300000429153442,-0.0027247929851148545,0.0,False,,,False,False,,False,,,False,False,,False,,,False,False,
DOV,210.47500610351562,210.49000549316406,7.126446947847143e-05,0.0,False,,,False,False,,False,,,False,False,,False,,,False,False,
DOV,217.44000244140625,217.89999389648438,0.002115486800558175,0.0,False,,,False,True,8622.0,False,,,False,False,,False,,,False,False,
DOW,29.7,29.75,0.0016835016835017313,46.0,True,10127.0,0.016835016835017313,False,False,,False,,,False,False,,False,,,False,False,
DOW,28.75,29.100000381469727,0.012173926311990435,68.0,False,,,False,False,,False,,,False,False,,False,,,False,False,
DOW,29.2,28.959999084472656,-0.008219209435867958,1038.0,False,,,False,False,,False,,,False,False,,False,,,False,False,
DOW,30.47,31.139999389648438,0.021988821452196827,827.0,False,,,False,False,,False,,,False,False,,False,,,False,False,
DOW,30.40999984741211,30.434999465942383,0.0008220854539859879,0.0,False,,,False,False,,False,,,False,False,,False,,,False,False,
DOW,29.2,28.959999084472656,-0.008219209435867958,950.0,False,,,False,False,,False,,,False,False,,False,,,False,False,
DPZ,304.5,303.9700012207031,-0.001740554283405138,0.0,True,12958.0,-0.01740554283405138,False,False,,False,,,False,False,,False,,,False,False,
DPZ,346.8450012207031,347.2900085449219,0.0012830149566882554,0.0,False,,,False,False,,False,,,False,False,,False,,,False,False,
DPZ,313.30999755859375,313.2449951171875,-0.0002074700517467054,0.0,True,18352.0,-0.002074700517467054,False,False,,False,,,False,False,,False,,,False,False,
DPZ,361.8699951171875,361.8900146484375,5.5322440434713016e-05,0.0,False,,,False,False,,False,,,False,False,,False,,,False,False,
DPZ,351.9700012207031,352.1499938964844,0.0005113864112196165,0.0,False,,,False,False,,False,,,False,False,,False,,,False,False,
DPZ,313.14,309.6499938964844,-0.011145194173582507,241.0,True,17521.0,-0.11145194173582507,False,False,,False,,,False,False,,False,,,False,False,
DPZ,353.8450012207031,354.1000061035156,0.0007206683206850695,0.0,False,,,False,False,,False,,,False,False,,False,,,False,False,
DPZ,343.53,353.0,0.027566733618606953,71.0,False,,,False,False,,False,,,False,False,,False,,,False,False,
DPZ,359.0849914550781,358.7550048828125,-0.0009189650921594961,0.0,False,,,False,False,,False,,,False,False,,False,,,False,False,
DPZ,345.8299865722656,345.4800109863281,-0.0010119873912795008,0.0,False,,,False,False,,False,,,False,False,,False,,,False,False,
DPZ,307.0400085449219,307.0450134277344,1.630042559019884e-05,0.0,True,17276.0,0.00016300425590198842,False,False,,False,,,False,False,,False,,,False,False,
DPZ,313.9100036621094,313.8999938964844,-3.188737379578033e-05,0.0,True,18430.0,-0.00031887373795780327,False,False,,False,,,False,False,,False,,,False,False,
DPZ,315.1199951171875,315.19000244140625,0.00022216084445148,0.0,True,18511.0,0.0022216084445148,False,False,,False,,,False,False,,False,,,False,False,
DPZ,306.25,306.05999755859375,-0.0006204161352040272,0.0,True,9964.0,-0.006204161352040272,False,False,,False,,,False,False,,False,,,False,False,
DPZ,310.2699890136719,310.3599853515625,0.0002900581463798346,0.0,True,9813.0,0.0029005814637983462,False,False,,False,,,False,False,,False,,,False,False,
DPZ,306.3699951171875,306.51800537109375,0.00048310949592056396,0.0,False,,,False,False,,False,,,False,False,,False,,,False,False,
DRS,48.316001892089844,48.40999984741211,0.0019454828967886417,0.0,False,,,False,False,,False,,,False,False,,False,,,False,False,
DRS,45.75,45.75,0.0,0.0,False,,,False,False,,False,,,False,False,,False,,,False,False,
DRS,48.939998626708984,48.9900016784668,0.0010217215602970064,0.0,False,,,False,True,4357.0,False,,,False,False,,False,,,False,False,
DRS,43.689998626708984,43.619998931884766,-0.0016021903644882762,0.0,True,14335.0,-0.016021903644882762,False,False,,False,,,False,False,,False,,,False,False,
DSGR,27.3799991607666,27.440000534057617,0.0021914307936499178,0.0,True,1085.0,0.021914307936499178,False,False,,True,1085.0,0.010957153968249589,False,False,,False,,,False,False,
DSGR,27.6299991607666,27.545000076293945,-0.003076333226725181,0.0,True,1288.0,-0.03076333226725181,False,False,,True,1288.0,-0.015381666133625904,False,False,,False,,,False,False,
DSGR,34.505001068115234,34.5099983215332,0.0001448269312642747,0.0,False,,,False,False,,False,,,False,False,,False,,,False,False,
DT,44.025001525878906,44.040000915527344,0.0003407016269976193,0.0,False,,,False,False,,False,,,False,False,,False,,,False,False,
DT,43.68,44.41999816894531,0.016941350021641766,324.0,False,,,False,False,,False,,,False,False,,False,,,False,False,
DT,45.79999923706055,45.79999923706055,0.0,0.0,False,,,False,False,,False,,,False,False,,False,,,False,False,
DT,45.19499969482422,45.23500061035156,0.0008850739196248902,0.0,False,,,False,True,12854.0,False,,,False,False,,False,,,False,False,
DT,43.68,44.41999816894531,0.016941350021641766,0.0,False,,,False,False,,False,,,False,False,,False,,,False,False,
DT,44.11000061035156,44.119998931884766,0.00022666790738745668,0.0,False,,,False,False,,False,,,False,False,,False,,,False,False,
DT,45.85499954223633,45.85499954223633,0.0,0.0,False,,,False,False,,False,,,False,False,,False,,,False,False,
DT,41.5099983215332,41.560001373291016,0.0012046025964755902,0.0,False,,,False,False,,False,,,False,False,,False,,,False,False,
DTIL,8.305000305175781,8.329999923706055,0.0030101887551639006,0.0,True,1466.0,0.030101887551639006,False,True,20265.0,False,,,False,False,,False,,,False,False,
DTIL,9.229999542236328,9.270000457763672,0.004333793879869763,0.0,False,,,False,True,8408.0,False,,,False,True,18818.0,False,,,False,False,
DUOT,8.319999694824219,8.390000343322754,0.008413539791603863,0.0,False,,,False,True,7434.0,False,,,False,False,,False,,,False,False,
DVLT,0.37549999356269836,0.37549999356269836,0.0,138.0,False,,,False,False,,False,,,False,False,,False,,,False,False,
DVLT,0.3893,0.40689998865127563,0.04520932096397545,5328.0,False,,,False,True,6823.0,False,,,False,False,,False,,,False,False,
DX,12.95,12.680000305175781,-0.02084939728372337,988.0,False,,,False,False,,False,,,False,False,,False,,,False,False,
DX,13.175000190734863,13.170000076293945,-0.0003795153220896852,0.0,False,,,False,False,,False,,,False,False,,False,,,False,False,
DX,13.330100059509277,13.350000381469727,0.001492886165265661,0.0,False,,,False,False,,False,,,False,False,,False,,,False,False,
DX,13.17,13.137700080871582,-0.002452537519242015,210.0,False,,,False,False,,False,,,False,False,,False,,,False,False,
DXC,9.39,9.5,0.011714589989350266,1029.0,True,15429.0,0.11714589989350266,False,False,,True,18335.0,0.05857294994675133,False,False,,False,,,False,False,
DXC,9.425000190734863,9.4399995803833,0.0015914471453466472,0.0,True,14036.0,0.015914471453466472,False,False,,True,16943.0,0.007957235726733236,False,False,,False,,,False,False,
DXC,9.489999771118164,9.489999771118164,0.0,0.0,True,15811.0,0.0,False,False,,True,18722.0,0.0,False,False,,False,,,False,False,
DXC,10.175000190734863,10.175000190734863,0.0,0.0,False,,,False,True,4076.0,False,,,False,False,,False,,,False,False,
DXPE,161.6699981689453,161.67999267578125,6.182041782110126e-05,0.0,True,8455.0,0.0006182041782110126,False,False,,False,,,False,False,,False,,,False,False,
DXPE,163.6300048828125,163.2899932861328,-0.002077929392736988,0.0,False,,,False,True,21561.0,False,,,False,False,,False,,,False,False,
DXPE,168.375,168.3699951171875,-2.9724619524884588e-05,0.0,False,,,False,True,18611.0,False,,,False,False,,False,,,False,False,
DXPE,170.8000030517578,169.1999969482422,-0.009367717066321002,0.0,False,,,False,True,17055.0,False,,,False,False,,False,,,False,False,
DXPE,170.38999938964844,170.80999755859375,0.002464922650682544,0.0,False,,,False,True,11512.0,False,,,False,False,,False,,,False,False,
DYAI,1.090000033378601,1.089900016784668,-9.175834024799379e-05,100.0,True,6066.0,-0.0009175834024799379,False,True,4625.0,True,6105.0,-0.00045879170123996893,False,False,,False,,,False,False,
DYAI,1.2400000095367432,1.2450000047683716,0.004032254188043316,2.0,True,9801.0,0.04032254188043316,False,True,19888.0,True,9815.0,0.02016127094021658,False,False,,False,,,False,False,
DYAI,1.0499999523162842,1.0099999904632568,-0.03809520349480777,134.0,True,8970.0,-0.3809520349480777,False,False,,True,9005.0,-0.19047601747403886,False,False,,True,20313.0,-0.07619040698961554,False,False,
DYN,23.469999313354492,23.450000762939453,-0.0008520899446153862,0.0,True,14124.0,-0.008520899446153862,False,False,,False,,,False,False,,False,,,False,False,
DYN,23.895000457763672,23.905000686645508,0.0004185071642710536,0.0,True,17569.0,0.004185071642710536,False,True,1546.0,False,,,False,False,,False,,,False,False,
DYN,24.5,24.5,0.0,0.0,False,,,False,False,,False,,,False,False,,False,,,False,False,
DYN,23.260000228881836,23.28499984741211,0.0010747901240013569,0.0,True,14285.0,0.010747901240013569,False,False,,False,,,False,False,,False,,,False,False,
DYN,23.940000534057617,23.959999084472656,0.0008353613186677933,0.0,True,18874.0,0.008353613186677933,False,True,2851.0,False,,,False,False,,False,,,False,False,
DYN,23.389999389648438,23.46500015258789,0.003206531205496521,0.0,True,14363.0,0.03206531205496521,False,False,,False,,,False,False,,False,,,False,False,
DYN,22.650100708007812,22.684999465942383,0.0015407771640605361,0.0,True,15664.0,0.015407771640605361,False,False,,False,,,False,False,,False,,,False,False,
DYN,22.979999542236328,22.969999313354492,-0.00043517097828726925,0.0,False,,,False,False,,False,,,False,False,,False,,,False,False,
DYN,23.190000534057617,23.235000610351562,0.0019404948364643015,0.0,True,19930.0,0.019404948364643015,False,False,,False,,,False,False,,False,,,False,False,
DYN,23.229999542236328,23.225000381469727,-0.00021520279229936268,0.0,True,20071.0,-0.0021520279229936268,False,False,,False,,,False,False,,False,,,False,False,
DYN,24.600000381469727,24.649999618530273,0.00203248927988664,0.0,False,,,False,False,,False,,,False,False,,False,,,False,False,
DYN,24.770000457763672,24.799999237060547,0.0012110932072055824,0.0,False,,,False,False,,False,,,False,False,,False,,,False,False,
DYN,23.079999923706055,23.1200008392334,0.0017331419263246772,0.0,True,15742.0,0.017331419263246772,False,False,,False,,,False,False,,False,,,False,False,
DYN,22.600000381469727,22.59000015258789,-0.0004424879961522077,0.0,True,11469.0,-0.004424879961522077,False,False,,False,,,False,False,,False,,,False,False,
EAF,7.860000133514404,7.840000152587891,-0.00254452679221151,0.0,False,,,False,True,1161.0,False,,,False,False,,False,,,False,False,
EAF,5.489999771118164,5.489999771118164,0.0,0.0,True,3045.0,0.0,False,False,,True,8973.0,0.0,False,False,,True,27333.0,0.0,False,False,
EARN,4.4,4.400000095367432,2.1674416261774354e-08,86.0,False,,,False,False,,False,,,False,False,,False,,,False,False,
EARN,4.449999809265137,4.449999809265137,0.0,0.0,False,,,False,False,,False,,,False,False,,False,,,False,False,
EBC,23.05500030517578,23.05500030517578,0.0,0.0,False,,,False,False,,False,,,False,False,,False,,,False,False,
EBC,23.174999237060547,23.18000030517578,0.00021579582653186158,0.0,False,,,False,False,,False,,,False,False,,False,,,False,False,
EBC,22.690000534057617,22.690000534057617,0.0,0.0,False,,,False,False,,False,,,False,False,,False,,,False,False,
EBF,20.959999084472656,20.959999084472656,0.0,0.0,False,,,False,False,,False,,,False,False,,False,,,False,False,
EBF,21.15999984741211,21.190000534057617,0.001417801836571142,0.0,False,,,False,False,,False,,,False,False,,False,,,False,False,
EBF,21.350000381469727,21.350000381469727,0.0,0.0,False,,,False,False,,False,,,False,False,,False,,,False,False,
EBF,21.6299991607666,21.56999969482422,-0.002773900521050976,0.0,False,,,False,False,,False,,,False,False,,False,,,False,False,
EBF,21.02,21.15999984741211,0.006660316242250719,981.0,False,,,False,False,,False,,,False,False,,False,,,False,False,
EBF,20.889999389648438,20.850000381469727,-0.0019147443440583611,0.0,False,,,False,False,,False,,,False,False,,False,,,False,False,
EBF,21.170000076293945,21.170000076293945,0.0,0.0,False,,,False,False,,False,,,False,False,,False,,,False,False,
EBF,21.530000686645508,21.59000015258789,0.0027867842094218,0.0,False,,,False,False,,False,,,False,False,,False,,,False,False,
EBF,21.21,20.889999389648438,-0.015087251784609346,327.0,False,,,False,False,,False,,,False,False,,False,,,False,False,
EBF,21.18000030517578,21.19499969482422,0.0007081864698921247,0.0,False,,,False,False,,False,,,False,False,,False,,,False,False,
EBF,21.1299991607666,21.18000030517578,0.00236635808779484,0.0,False,,,False,False,,False,,,False,False,,False,,,False,False,
EBMT,23.19,23.200000762939453,0.0004312532531027813,1058.0,False,,,False,False,,False,,,False,False,,False,,,False,False,
EBMT,23.200000762939453,23.274999618530273,0.003232709186399063,0.0,False,,,False,False,,False,,,False,False,,False,,,False,False,
EBMT,23.100000381469727,23.139999389648438,0.00173155876702058,0.0,False,,,False,False,,False,,,False,False,,False,,,False,False,
ECPG,89.13999938964844,89.12000274658203,-0.00022432850800235826,0.0,False,,,False,False,,False,,,False,False,,False,,,False,False,
ECPG,92.7300033569336,92.7300033569336,0.0,0.0,False,,,False,True,18524.0,False,,,False,False,,False,,,False,False,
EDBL,4.105000019073486,3.5199999809265137,-0.14250914383162638,61.0,True,18781.0,-1.4250914383162638,False,True,61.0,True,18781.0,-0.7125457191581319,False,True,1502.0,True,18781.0,-0.28501828766325277,False,False,
EDBL,3.109999895095825,3.2049999237060547,0.030546634024019026,256.0,True,4576.0,0.30546634024019026,False,True,6016.0,True,4576.0,0.15273317012009513,False,True,6032.0,True,4576.0,0.06109326804803805,False,False,
EDBL,0.12790000438690186,0.12720000743865967,-0.005473001753187434,0.0,True,8535.0,-0.05473001753187434,False,True,5763.0,True,9959.0,-0.02736500876593717,False,True,5780.0,True,9959.0,-0.010946003506374868,False,False,
EDBL,3.4149999618530273,3.299999952316284,-0.03367496656554647,1046.0,True,7045.0,-0.3367496656554647,False,True,2551.0,True,16886.0,-0.16837483282773236,False,True,18326.0,True,16886.0,-0.06734993313109294,False,False,
EDBL,4.590000152587891,4.599699974060059,0.002113250795144017,0.0,True,19997.0,0.02113250795144017,False,True,34.0,True,19997.0,0.010566253975720086,False,True,1277.0,True,19997.0,0.004226501590288034,False,False,
EDUC,1.5,1.4900000095367432,-0.006666660308837891,0.0,False,,,False,False,,False,,,False,False,,False,,,False,False,
EDUC,1.4900000095367432,1.4950000047683716,0.0033557014762590764,0.0,True,3999.0,0.033557014762590764,False,False,,False,,,False,False,,False,,,False,False,
EDUC,1.5037000179290771,1.5099999904632568,0.004189647176340516,0.0,False,,,False,False,,False,,,False,False,,False,,,False,False,
EFC,13.800000190734863,13.800000190734863,0.0,0.0,False,,,False,False,,False,,,False,False,,False,,,False,False,
EFC,13.505000114440918,13.510000228881836,0.0003702417177746664,0.0,False,,,False,False,,False,,,False,False,,False,,,False,False,
EFC,13.53499984741211,13.539999961853027,0.00036942109326099093,0.0,False,,,False,False,,False,,,False,False,,False,,,False,False,
EFOR,17.959999084472656,18.030000686645508,0.0038976395178869083,0.0,True,8589.0,0.03897639517886908,False,False,,True,15807.0,0.01948819758943454,False,False,,True,20111.0,0.007795279035773817,False,False,
EFSC,67.98999786376953,67.9749984741211,-0.00022061170936482632,0.0,False,,,False,True,8522.0,False,,,False,False,,False,,,False,False,
EFSC,67.19000244140625,67.23999786376953,0.0007440902001287775,0.0,False,,,False,True,8378.0,False,,,False,False,,False,,,False,False,
EFSC,65.58999633789062,65.61000061035156,0.0003049896871145652,0.0,False,,,False,False,,False,,,False,False,,False,,,False,False,
EFSC,66.27999877929688,66.47000122070312,0.002866663320844731,0.0,False,,,False,True,11272.0,False,,,False,False,,False,,,False,False,
EFSC,66.05999755859375,66.12000274658203,0.0009083437815005091,0.0,False,,,False,False,,False,,,False,False,,False,,,False,False,
EFSC,66.7699966430664,66.75,-0.0002994854586155782,0.0,False,,,False,True,3936.0,False,,,False,False,,False,,,False,False,
EFSC,68.13999938964844,68.1500015258789,0.00014678802935219615,0.0,False,,,False,True,8560.0,False,,,False,False,,False,,,False,False,
EFSC,66.43000030517578,66.54499816894531,0.0017311134011928075,0.0,False,,,False,True,11251.0,False,,,False,False,,False,,,False,False,
EFSC,67.54000091552734,67.72000122070312,0.002665091837960043,0.0,False,,,False,True,10036.0,False,,,False,False,,False,,,False,False,
EFSI,41.959999084472656,41.86000061035156,-0.002383185803216503,0.0,False,,,False,False,,False,,,False,False,,False,,,False,False,
EFSI,40.75,41.064998626708984,0.007730027649300197,0.0,False,,,False,False,,False,,,False,False,,False,,,False,False,
EGBN,27.079999923706055,26.989999771118164,-0.00332349161157508,0.0,False,,,False,True,12901.0,False,,,False,False,,False,,,False,False,
EGBN,26.850000381469727,26.8700008392334,0.000744895995512751,0.0,False,,,False,True,18440.0,False,,,False,False,,False,,,False,False,
EGBN,26.704999923706055,26.704999923706055,0.0,0.0,False,,,False,False,,False,,,False,False,,False,,,False,False,
EGP,221.83999633789062,221.6199951171875,-0.0009917112528619043,0.0,False,,,False,False,,False,,,False,False,,False,,,False,False,
EGP,220.9250030517578,220.93499755859375,4.523936493328051e-05,0.0,False,,,False,False,,False,,,False,False,,False,,,False,False,
EIG,49.38999938964844,49.41999816894531,0.0006073856988781934,0.0,False,,,False,False,,False,,,False,False,,False,,,False,False,
ELAB,0.9496999979019165,0.949999988079071,0.00031587888577155887,0.0,False,,,False,True,5582.0,False,,,False,False,,False,,,False,False,
ELAB,1.1133999824523926,1.0750999450683594,-0.03439917189478747,3788.0,False,,,False,True,13946.0,False,,,False,True,19636.0,False,,,False,False,
ELME,1.56,1.5700000524520874,0.006410290033389332,105.0,False,,,False,False,,False,,,False,False,,False,,,False,False,
ELME,1.5399999618530273,1.5399999618530273,0.0,0.0,False,,,False,False,,False,,,False,False,,False,,,False,False,
ELS,66.15499877929688,66.1500015258789,-7.553856110920076e-05,0.0,False,,,False,False,,False,,,False,False,,False,,,False,False,
ELS,63.9900016784668,64.01000213623047,0.00031255598123225425,0.0,False,,,False,False,,False,,,False,False,,False,,,False,False,
ELS,66.01000213623047,66.02999877929688,0.000302933531575178,0.0,False,,,False,False,,False,,,False,False,,False,,,False,False,
ELTX,3.2300000190734863,3.240000009536743,0.003095972261363933,0.0,False,,,False,True,1505.0,False,,,False,False,,False,,,False,False,
ELTX,3.049999952316284,3.0473999977111816,-0.0008524441461476018,0.0,False,,,False,False,,False,,,False,False,,False,,,False,False,
ELTX,3.1798999309539795,3.174999952316284,-0.0015409222755715657,0.0,False,,,False,True,22876.0,False,,,False,False,,False,,,False,False,
ELTX,3.030100107192993,3.0899999141693115,0.01976826007633381,0.0,False,,,False,False,,False,,,False,False,,False,,,False,False,
ELTX,3.130000114440918,3.1449999809265137,0.004792289436792885,0.0,False,,,False,True,9833.0,False,,,False,False,,False,,,False,False,
ELTX,3.1500000953674316,3.179500102996826,0.009365081503577954,0.0,False,,,False,True,12983.0,False,,,False,False,,False,,,False,False,
EMPD,3.3949999809265137,3.390000104904175,-0.0014727175406270554,0.0,False,,,False,True,17203.0,False,,,False,False,,False,,,False,False,
EMPD,3.390199899673462,3.390000104904175,-5.8933034983055244e-05,0.0,False,,,False,True,5566.0,False,,,False,False,,False,,,False,False,
EMPD,3.6800999641418457,3.6700000762939453,-0.002744460190296949,0.0,False,,,False,True,2858.0,False,,,False,True,20165.0,False,,,False,False,
EMPD,3.549999952316284,3.555000066757202,0.0014084829600224946,0.0,False,,,False,True,8588.0,False,,,False,False,,False,,,False,False,
ENGN,1.906000018119812,1.906000018119812,0.0,0.0,False,,,False,True,27432.0,False,,,False,False,,False,,,False,False,
ENGN,1.8799999952316284,1.8849999904632568,0.0026595719384630012,0.0,False,,,False,False,,False,,,False,False,,False,,,False,False,
ENGN,1.9049999713897705,1.9049999713897705,0.0,0.0,False,,,False,True,21471.0,False,,,False,False,,False,,,False,False,
ENGN,1.8650000095367432,1.8650000095367432,0.0,0.0,False,,,False,False,,False,,,False,False,,False,,,False,False,
ENGN,1.8849999904632568,1.8849999904632568,0.0,0.0,False,,,False,False,,False,,,False,False,,False,,,False,False,
ENPH,36.71659851074219,37.64500045776367,0.025285619710928797,9.0,False,,,False,False,,False,,,False,False,,False,,,False,False,
ENPH,44.9900016784668,45.439998626708984,0.0100021545110891,30.0,False,,,False,True,2910.0,False,,,False,False,,False,,,False,False,
ENPH,42.15999984741211,42.18000030517578,0.00047439416119687827,0.0,True,2571.0,0.004743941611968783,False,False,,False,,,False,False,,False,,,False,False,
ENPH,45.44499969482422,45.619998931884766,0.003850791907486384,0.0,False,,,False,True,11404.0,False,,,False,False,,False,,,False,False,
ENS,195.42999267578125,195.42999267578125,0.0,0.0,False,,,False,True,12989.0,False,,,False,False,,False,,,False,False,
ENS,202.27,196.8300018310547,-0.026894735595715202,205.0,False,,,False,True,17489.0,False,,,False,False,,False,,,False,False,
ENS,183.0,182.05499267578125,-0.005163974449282738,0.0,False,,,False,False,,False,,,False,False,,False,,,False,False,
ENS,178.38999938964844,178.0,-0.00218621778677508,0.0,False,,,False,False,,False,,,False,False,,False,,,False,False,
ENS,192.28,198.72999572753906,0.03354480823558914,74.0,False,,,False,False,,False,,,False,False,,False,,,False,False,
ENS,204.375,205.1999053955078,0.00403623435110867,0.0,False,,,False,True,25881.0,False,,,False,False,,False,,,False,False,
ENS,182.63999938964844,182.61000061035156,-0.0001642508727394132,0.0,False,,,False,False,,False,,,False,False,,False,,,False,False,
ENS,195.98,194.27000427246094,-0.008725358340336054,52.0,False,,,False,False,,False,,,False,False,,False,,,False,False,
ENS,190.75,191.47999572753906,0.0038269762911615768,89.0,False,,,False,False,,False,,,False,False,,False,,,False,False,
ENS,195.72999572753906,195.71499633789062,-7.66330658348302e-05,0.0,False,,,False,True,12852.0,False,,,False,False,,False,,,False,False,
ENS,182.75,181.94000244140625,-0.004432271182455594,0.0,False,,,False,False,,False,,,False,False,,False,,,False,False,
ENS,200.11000061035156,200.3300018310547,0.0010994014293743692,0.0,False,,,False,True,8381.0,False,,,False,False,,False,,,False,False,
ENS,207.63999938964844,207.63999938964844,0.0,0.0,False,,,False,True,25607.0,False,,,False,False,,False,,,False,False,
ENS,181.77499389648438,181.75,-0.0001374990913139973,0.0,False,,,False,False,,False,,,False,False,,False,,,False,False,
ENS,194.85000610351562,194.9949951171875,0.0007441057692081365,0.0,False,,,False,False,,False,,,False,False,,False,,,False,False,
ENS,199.9499969482422,199.8699951171875,-0.00040010918867583456,0.0,False,,,False,True,18602.0,False,,,False,False,,False,,,False,False,
ENS,195.8000030517578,195.5500030517578,-0.0012768130546653156,0.0,False,,,False,True,18764.0,False,,,False,False,,False,,,False,False,
ENS,197.77999877929688,197.58999633789062,-0.0009606757133124866,0.0,False,,,False,True,28585.0,False,,,False,False,,False,,,False,False,
ENS,202.125,201.98500061035156,-0.0006926376729669004,0.0,False,,,False,True,21274.0,False,,,False,False,,False,,,False,False,
ENS,200.31500244140625,200.33999633789062,0.00012477296348123446,0.0,False,,,False,True,9893.0,False,,,False,False,,False,,,False,False,
ENSC,0.28790000081062317,0.28780001401901245,-0.00034729694799995325,0.0,False,,,False,True,8285.0,False,,,False,False,,False,,,False,False,
ENSG,164.9425048828125,164.85000610351562,-0.0005607940740477435,0.0,True,18636.0,-0.005607940740477435,False,False,,False,,,False,False,,False,,,False,False,
ENSG,169.0449981689453,168.8446044921875,-0.0011854457625390946,0.0,True,28608.0,-0.011854457625390946,False,False,,False,,,False,False,,False,,,False,False,
ENSG,169.88499450683594,169.6999969482422,-0.0010889576158905623,0.0,False,,,False,False,,False,,,False,False,,False,,,False,False,
ENSG,170.87,170.47000122070312,-0.0023409538204299807,118.0,False,,,False,False,,False,,,False,False,,False,,,False,False,
ENSG,169.44500732421875,169.1999969482422,-0.0014459580712682385,0.0,False,,,False,False,,False,,,False,False,,False,,,False,False,
ENSG,168.3699951171875,168.63999938964844,0.001603636516547935,0.0,True,19844.0,0.01603636516547935,False,False,,False,,,False,False,,False,,,False,False,
ENSG,170.25999450683594,170.25999450683594,0.0,0.0,False,,,False,False,,False,,,False,False,,False,,,False,False,
ENSG,168.87879943847656,168.50999450683594,-0.0021838438742275423,0.0,True,19853.0,-0.021838438742275423,False,False,,False,,,False,False,,False,,,False,False,
ENSG,170.2050018310547,170.36500549316406,0.0009400643952179877,0.0,False,,,False,False,,False,,,False,False,,False,,,False,False,
ENSG,170.60499572753906,170.60499572753906,0.0,0.0,False,,,False,False,,False,,,False,False,,False,,,False,False,
ENSG,170.1699981689453,170.11500549316406,-0.0003231631684372793,0.0,False,,,False,False,,False,,,False,False,,False,,,False,False,
ENSG,168.9499969482422,169.36500549316406,0.002456398652963543,0.0,True,19827.0,0.02456398652963543,False,False,,False,,,False,False,,False,,,False,False,
ENSG,165.33999633789062,165.44000244140625,0.0006048512503367132,0.0,True,18574.0,0.006048512503367132,False,False,,False,,,False,False,,False,,,False,False,
ENTG,134.05999755859375,134.05499267578125,-3.733315607667986e-05,0.0,False,,,False,True,6907.0,False,,,False,True,8735.0,False,,,False,False,
ENVA,228.85000610351562,228.9149932861328,0.000283972824487444,0.0,True,8659.0,0.00283972824487444,False,False,,False,,,False,False,,False,,,False,False,
ENVA,232.97000122070312,232.55499267578125,-0.0017813819064571579,0.0,False,,,False,False,,False,,,False,False,,False,,,False,False,
ENVA,243.7899932861328,243.55999755859375,-0.0009434174243120319,0.0,False,,,False,False,,False,,,False,False,,False,,,False,False,
ENVA,247.40499877929688,247.39999389648438,-2.0229513700953383e-05,0.0,False,,,False,False,,False,,,False,False,,False,,,False,False,
ENVA,232.55999755859375,231.0749969482422,-0.006385451607933579,0.0,False,,,False,False,,False,,,False,False,,False,,,False,False,
ENVA,226.0800018310547,226.25999450683594,0.0007961459409211447,0.0,True,27223.0,0.007961459409211447,False,False,,False,,,False,False,,False,,,False,False,
ENVA,224.75999450683594,225.17999267578125,0.001868651802857002,0.0,True,27222.0,0.01868651802857002,False,False,,False,,,False,False,,False,,,False,False,
ENVX,4.425000190734863,4.425000190734863,0.0,0.0,False,,,False,True,1310.0,False,,,False,False,,False,,,False,False,
ENVX,4.425000190734863,4.420000076293945,-0.001129969316473134,0.0,False,,,False,True,1281.0,False,,,False,False,,False,,,False,False,
ENVX,4.110000133514404,4.110000133514404,0.0,0.0,False,,,False,True,3045.0,False,,,False,False,,False,,,False,False,
ENVX,4.414999961853027,4.409999847412109,-0.0011325287619752267,0.0,False,,,False,True,1162.0,False,,,False,False,,False,,,False,False,
ENVX,4.991,4.980000019073486,-0.0022039633192774133,187.0,True,1627.0,-0.022039633192774133,False,False,,False,,,False,False,,False,,,False,False,
ENVX,4.099999904632568,4.110000133514404,0.002439080271815719,0.0,False,,,False,True,3054.0,False,,,False,False,,False,,,False,False,
ENVX,4.590099811553955,4.605000019073486,0.0032461619858517032,0.0,False,,,False,True,5710.0,False,,,False,True,13274.0,False,,,False,False,
ENVX,4.974999904632568,4.989999771118164,0.003015048597614811,0.0,False,,,False,True,14076.0,False,,,False,False,,False,,,False,False,
ENVX,4.028600215911865,4.03000020980835,0.0003475137321780064,0.0,False,,,False,False,,False,,,False,False,,False,,,False,False,
ENVX,3.944999933242798,4.079999923706055,0.03422053048104523,3802.0,False,,,False,False,,False,,,False,False,,False,,,False,False,
ENVX,4.170000076293945,4.170000076293945,0.0,0.0,False,,,False,True,3061.0,False,,,False,False,,False,,,False,False,
ENVX,4.329999923706055,4.320000171661377,-0.002309411598353739,145.0,False,,,False,True,5949.0,False,,,False,False,,False,,,False,False,
ENVX,4.329999923706055,4.320000171661377,-0.002309411598353739,86.0,False,,,False,True,5890.0,False,,,False,False,,False,,,False,False,
EOLS,5.804999828338623,5.804999828338623,0.0,0.0,True,9723.0,0.0,False,False,,False,,,False,False,,False,,,False,False,
EOSE,4.1519999504089355,4.150000095367432,-0.00048166066122112827,0.0,False,,,False,True,2836.0,False,,,False,True,9977.0,False,,,False,False,
EOSE,4.349999904632568,4.480000019073486,0.029885084434708498,948.0,False,,,False,True,4207.0,False,,,False,False,,False,,,False,False,
EOSE,4.385000228881836,4.260000228881836,-0.02850626989177485,58.0,False,,,False,True,4640.0,False,,,False,False,,False,,,False,False,
EOSE,4.199999809265137,4.206200122833252,0.0014762652023072587,0.0,False,,,False,True,2676.0,False,,,False,True,9812.0,False,,,False,False,
EOSE,3.9700000286102295,3.880000114440918,-0.02267000340572234,70.0,False,,,False,False,,False,,,False,False,,False,,,False,False,
EOSE,4.05,4.179999828338623,0.032098723046573685,76.0,False,,,False,True,4402.0,False,,,False,False,,False,,,False,False,
EOSE,4.170000076293945,4.184999942779541,0.003597090218503407,0.0,False,,,False,True,2940.0,False,,,False,True,10075.0,False,,,False,False,
EOSE,4.05,4.179999828338623,0.032098723046573685,28.0,False,,,False,True,4354.0,False,,,False,False,,False,,,False,False,
EOSE,4.192800045013428,4.21019983291626,0.004149920748909963,0.0,False,,,False,True,8647.0,False,,,False,False,,False,,,False,False,
EOSE,4.05,4.179999828338623,0.032098723046573685,1028.0,False,,,False,True,5354.0,False,,,False,False,,False,,,False,False,
EOSE,3.9700000286102295,3.880000114440918,-0.02267000340572234,324.0,False,,,False,False,,False,,,False,False,,False,,,False,False,
EOSE,4.184999942779541,4.184999942779541,0.0,0.0,False,,,False,True,2791.0,False,,,False,True,9926.0,False,,,False,False,
EOSE,4.169899940490723,4.175000190734863,0.0012231109419715835,0.0,False,,,False,True,8672.0,False,,,False,False,,False,,,False,False,
EOSE,4.144999980926514,4.157899856567383,0.0031121533655558142,0.0,False,,,False,True,8580.0,False,,,False,False,,False,,,False,False,
EOSE,5.244999885559082,5.260000228881836,0.0028599320591129462,0.0,False,,,False,True,1239.0,False,,,False,True,9858.0,False,,,False,False,
EOSE,4.235000133514404,4.239999771118164,0.00118055193533384,0.0,False,,,False,True,8413.0,False,,,False,False,,False,,,False,False,
EOSE,4.385000228881836,4.260000228881836,-0.02850626989177485,24.0,False,,,False,True,4606.0,False,,,False,False,,False,,,False,False,
EOSE,5.229899883270264,5.389999866485596,0.030612437482306243,282.0,False,,,False,True,1743.0,False,,,False,False,,False,,,False,False,
EOSE,4.074999809265137,4.099899768829346,0.006110419810964274,0.0,False,,,False,True,8612.0,False,,,False,False,,False,,,False,False,
EOSE,4.15500020980835,4.190000057220459,0.00842354889164354,0.0,False,,,False,True,8667.0,False,,,False,False,,False,,,False,False,
EOSE,4.1305,4.130000114440918,-0.0001210230139405688,3757.0,False,,,False,True,8152.0,False,,,False,False,,False,,,False,False,
EOSE,4.114999771118164,4.119900226593018,0.001190876244817396,0.0,True,1292.0,0.01190876244817396,False,False,,False,,,False,False,,False,,,False,False,
EOSE,4.349999904632568,4.480000019073486,0.029885084434708498,156.0,False,,,False,True,3415.0,False,,,False,False,,False,,,False,False,
EPAC,33.85499954223633,33.84000015258789,-0.00044304799442473897,0.0,True,11210.0,-0.00443047994424739,False,False,,False,,,False,False,,False,,,False,False,
EPAC,35.099998474121094,35.09000015258789,-0.0002848524777165906,0.0,False,,,False,False,,False,,,False,False,,False,,,False,False,
EPAC,34.63999938964844,34.66999816894531,0.0008660155838755568,0.0,False,,,False,False,,False,,,False,False,,False,,,False,False,
EPAC,34.07500076293945,34.060001373291016,-0.0004401875073397621,0.0,False,,,False,False,,False,,,False,False,,False,,,False,False,
EPAC,34.88999938964844,34.88990020751953,-2.842709390660225e-06,0.0,False,,,False,False,,False,,,False,False,,False,,,False,False,
EPAC,34.720001220703125,34.75,0.0008640201106613343,0.0,False,,,False,False,,False,,,False,False,,False,,,False,False,
EPAC,34.18000030517578,34.18000030517578,0.0,0.0,False,,,False,False,,False,,,False,False,,False,,,False,False,
EPAC,34.39699935913086,34.220001220703125,-0.0051457435743083035,0.0,False,,,False,False,,False,,,False,False,,False,,,False,False,
EPR,59.529998779296875,59.8650016784668,0.005627463565250901,256.0,False,,,False,False,,False,,,False,False,,False,,,False,False,
EPR,61.779998779296875,61.7599983215332,-0.00032373677822694624,0.0,False,,,False,False,,False,,,False,False,,False,,,False,False,
EPR,63.994998931884766,64.02999877929688,0.0005469153527037918,0.0,False,,,False,False,,False,,,False,False,,False,,,False,False,
EPR,59.34000015258789,59.334999084472656,-8.427819518663782e-05,0.0,False,,,False,False,,False,,,False,False,,False,,,False,False,
EPR,59.744998931884766,59.755001068115234,0.00016741378206175384,0.0,False,,,False,False,,False,,,False,False,,False,,,False,False,
EPRT,33.45000076293945,33.470001220703125,0.0005979209957396314,0.0,False,,,False,False,,False,,,False,False,,False,,,False,False,
EPRT,33.14500045776367,33.13999938964844,-0.00015088453903044918,0.0,False,,,False,False,,False,,,False,False,,False,,,False,False,
EPRT,33.35,33.19499969482422,-0.004647685312617167,968.0,False,,,False,False,,False,,,False,False,,False,,,False,False,
EPRT,32.939998626708984,32.939998626708984,0.0,0.0,False,,,False,False,,False,,,False,False,,False,,,False,False,
EPRT,31.18,31.219999313354492,0.0012828516149612224,92.0,False,,,False,False,,False,,,False,False,,False,,,False,False,
EPRT,31.375,31.375,0.0,0.0,False,,,False,False,,False,,,False,False,,False,,,False,False,
EPRT,33.18000030517578,33.18000030517578,0.0,0.0,False,,,False,False,,False,,,False,False,,False,,,False,False,
EPRT,32.18000030517578,32.18000030517578,0.0,0.0,False,,,False,False,,False,,,False,False,,False,,,False,False,
EPRT,31.135000228881836,31.1299991607666,-0.00016062527953975003,0.0,False,,,False,False,,False,,,False,False,,False,,,False,False,
EPRT,33.31999969482422,33.31999969482422,0.0,0.0,False,,,False,False,,False,,,False,False,,False,,,False,False,
EQBK,49.84000015258789,49.880001068115234,0.0008025865851701841,0.0,False,,,False,False,,False,,,False,False,,False,,,False,False,
EQBK,51.54499816894531,51.54499816894531,0.0,0.0,False,,,False,False,,False,,,False,False,,False,,,False,False,
EQBK,47.9,48.06999969482422,0.003549054171695598,168.0,False,,,False,False,,False,,,False,False,,False,,,False,False,
EQBK,47.7599983215332,47.79999923706055,0.0008375401367908264,0.0,False,,,False,False,,False,,,False,False,,False,,,False,False,
EQH,46.654998779296875,46.71500015258789,0.001286065263335523,0.0,False,,,False,False,,False,,,False,False,,False,,,False,False,
EQH,47.8,47.75,-0.0010460251046024993,91.0,False,,,False,False,,False,,,False,False,,False,,,False,False,
EQH,47.470001220703125,47.470001220703125,0.0,0.0,False,,,False,False,,False,,,False,False,,False,,,False,False,
EQH,47.44,47.61000061035156,0.0035834867274782134,985.0,False,,,False,False,,False,,,False,False,,False,,,False,False,
EQH,49.0,49.189998626708984,0.0038775229940608558,147.0,False,,,False,False,,False,,,False,False,,False,,,False,False,
EQT,53.04,52.45000076293945,-0.01112366585709923,3765.0,False,,,False,False,,False,,,False,False,,False,,,False,False,
EQT,49.130001068115234,49.201499938964844,0.0014552995989249862,0.0,True,8934.0,0.014552995989249862,False,False,,False,,,False,False,,False,,,False,False,
EQT,48.974998474121094,48.98500061035156,0.00020422943424391882,0.0,True,3094.0,0.002042294342439188,False,False,,False,,,False,False,,False,,,False,False,
EQT,49.4,50.099998474121094,0.014170009597592959,121.0,True,8761.0,0.14170009597592959,False,False,,False,,,False,False,,False,,,False,False,
EQT,49.79999923706055,49.810001373291016,0.00020084611212256576,0.0,False,,,False,False,,False,,,False,False,,False,,,False,False,
EQT,48.85,49.380001068115234,0.010849561271550234,100.0,False,,,False,False,,False,,,False,False,,False,,,False,False,
EQT,48.5,48.59000015258789,0.0018556732492349681,0.0,False,,,False,False,,False,,,False,False,,False,,,False,False,
EQT,53.04,52.45000076293945,-0.01112366585709923,23.0,False,,,False,False,,False,,,False,False,,False,,,False,False,
ERAS,18.045000076293945,18.049999237060547,0.00027703855613547823,0.0,False,,,False,False,,False,,,False,False,,False,,,False,False,
ERAS,18.479999542236328,18.491899490356445,0.0006439366025372539,0.0,True,11254.0,0.006439366025372539,False,False,,False,,,False,False,,False,,,False,False,
ERAS,19.469999313354492,19.40999984741211,-0.0030816367775231557,0.0,False,,,False,True,13001.0,False,,,False,False,,False,,,False,False,
ERAS,19.479999542236328,19.5,0.0010267175684632868,0.0,False,,,False,True,2905.0,False,,,False,False,,False,,,False,False,
ERAS,18.149999618530273,18.190000534057617,0.0022039072379100855,0.0,True,10019.0,0.022039072379100855,False,False,,False,,,False,False,,False,,,False,False,
ERAS,18.405000686645508,18.389999389648438,-0.0008150663644340694,0.0,True,9923.0,-0.008150663644340694,False,False,,False,,,False,False,,False,,,False,False,
ERII,8.619999885559082,8.619999885559082,0.0,0.0,False,,,False,False,,False,,,False,False,,False,,,False,False,
ERII,8.5,8.5,0.0,0.0,False,,,False,False,,False,,,False,False,,False,,,False,False,
ERII,8.664999961853027,8.710000038146973,0.005193315232781881,946.0,False,,,False,False,,False,,,False,False,,False,,,False,False,
ERII,8.510000228881836,8.5,-0.001175114995637272,0.0,False,,,False,False,,False,,,False,False,,False,,,False,False,
ERII,8.680000305175781,8.699999809265137,0.0023040902518667306,0.0,False,,,False,False,,False,,,False,False,,False,,,False,False,
ERII,8.739999771118164,8.75,0.0011441909775424808,0.0,False,,,False,True,27487.0,False,,,False,False,,False,,,False,False,
ERNA,5.250100135803223,5.420000076293945,0.0323612761844454,0.0,False,,,False,True,51.0,False,,,False,True,2958.0,False,,,False,False,
ERNA,6.42,6.210000038146973,-0.03271027443193575,49.0,False,,,False,True,81.0,False,,,False,True,1519.0,False,,,False,False,
ESI,40.2400016784668,40.25,0.0002484672245566255,0.0,False,,,False,True,18694.0,False,,,False,False,,False,,,False,False,
ESI,36.94499969482422,37.020999908447266,0.0020571177223123183,0.0,False,,,False,False,,False,,,False,False,,False,,,False,False,
ESI,40.400001525878906,40.439998626708984,0.0009900272108767094,0.0,False,,,False,False,,False,,,False,False,,False,,,False,False,
ESI,40.55500030517578,40.564998626708984,0.0002465373309816776,0.0,False,,,False,True,8804.0,False,,,False,False,,False,,,False,False,
ESI,37.75,37.7599983215332,0.00026485619955507467,0.0,False,,,False,False,,False,,,False,False,,False,,,False,False,
ESI,43.665000915527344,43.709999084472656,0.0010305317302605754,0.0,False,,,False,True,6938.0,False,,,False,False,,False,,,False,False,
ESI,38.630001068115234,38.650001525878906,0.0005177441680213057,0.0,False,,,False,True,8641.0,False,,,False,False,,False,,,False,False,
ESI,39.75,39.779998779296875,0.0007546862716194536,0.0,False,,,False,True,18623.0,False,,,False,False,,False,,,False,False,
ESI,40.375,40.375,0.0,0.0,False,,,False,False,,False,,,False,False,,False,,,False,False,
ESI,43.01499938964844,43.08000183105469,0.0015111575573307778,0.0,False,,,False,True,6985.0,False,,,False,False,,False,,,False,False,
ESI,40.20000076293945,40.20000076293945,0.0,0.0,False,,,False,False,,False,,,False,False,,False,,,False,False,
ESI,38.06999969482422,38.084999084472656,0.00039399500311732005,0.0,False,,,False,True,11495.0,False,,,False,False,,False,,,False,False,
ESI,37.02000045776367,37.025001525878906,0.00013509097929209624,0.0,False,,,False,False,,False,,,False,False,,False,,,False,False,
ESI,38.47999954223633,38.4900016784668,0.0002599307783122118,0.0,False,,,False,True,8501.0,False,,,False,False,,False,,,False,False,
ESI,37.720001220703125,37.72999954223633,0.00026506684012828075,0.0,False,,,False,False,,False,,,False,False,,False,,,False,False,
ESI,39.70500183105469,39.709999084472656,0.0001258595438236032,0.0,False,,,False,False,,False,,,False,False,,False,,,False,False,
ESI,38.13999938964844,38.130001068115234,-0.0002621479206399435,0.0,False,,,False,True,18679.0,False,,,False,False,,False,,,False,False,
ESI,37.67499923706055,37.70000076293945,0.0006636105211732524,0.0,False,,,False,False,,False,,,False,False,,False,,,False,False,
ESI,40.0,39.9900016784668,-0.0002499580383300559,0.0,False,,,False,True,18660.0,False,,,False,False,,False,,,False,False,
ESI,38.38999938964844,38.40999984741211,0.0005209809346613525,0.0,False,,,False,True,9831.0,False,,,False,False,,False,,,False,False,
ESI,39.119998931884766,39.18000030517578,0.001533777477741971,0.0,False,,,False,True,8669.0,False,,,False,False,,False,,,False,False,
ESI,43.599998474121094,43.619998931884766,0.0004587261115511776,0.0,False,,,False,True,6919.0,False,,,False,False,,False,,,False,False,
ESI,38.29499816894531,38.33000183105469,0.0009140531083184911,0.0,False,,,False,True,8613.0,False,,,False,False,,False,,,False,False,
ESI,38.61000061035156,38.64500045776367,0.0009064969401406664,0.0,False,,,False,True,9929.0,False,,,False,False,,False,,,False,False,
ESQ,123.08000183105469,123.09500122070312,0.00012186699240568366,0.0,False,,,False,False,,False,,,False,False,,False,,,False,False,
ET,19.635000228881836,19.639999389648438,0.0002546045687970011,0.0,False,,,False,False,,False,,,False,False,,False,,,False,False,
ET,20.36,20.190000534057617,-0.008349679073790917,126.0,False,,,False,False,,False,,,False,False,,False,,,False,False,
ET,20.354999542236328,20.359899520874023,0.00024072605000702296,0.0,False,,,False,False,,False,,,False,False,,False,,,False,False,
ET,19.96500015258789,19.969999313354492,0.00025039622982192533,0.0,False,,,False,False,,False,,,False,False,,False,,,False,False,
ET,20.36,20.190000534057617,-0.008349679073790917,3740.0,False,,,False,False,,False,,,False,False,,False,,,False,False,
ET,19.575000762939453,19.575000762939453,0.0,0.0,False,,,False,False,,False,,,False,False,,False,,,False,False,
ET,20.365,20.56209945678711,0.00967834307817883,136.0,False,,,False,False,,False,,,False,False,,False,,,False,False,
ETH,17.084999084472656,17.094999313354492,0.0005853221783853613,0.0,False,,,False,False,,False,,,False,False,,False,,,False,False,
ETH,17.989999771118164,17.989999771118164,0.0,0.0,False,,,False,False,,False,,,False,False,,False,,,False,False,
ETH,17.75,18.594999313354492,0.04760559511856299,145.0,False,,,False,False,,False,,,False,False,,False,,,False,False,
ETHE,14.28499984741211,14.291299819946289,0.0004410201331097596,0.0,True,12793.0,0.004410201331097596,False,False,,False,,,False,False,,False,,,False,False,
ETHE,15.412199974060059,15.46500015258789,0.003425869026920214,0.0,False,,,False,False,,False,,,False,False,,False,,,False,False,
ETHE,14.390000343322754,14.385000228881836,-0.0003474714608494578,0.0,False,,,False,False,,False,,,False,False,,False,,,False,False,
ETSY,84.12999725341797,84.1500015258789,0.0002377781185547434,0.0,False,,,False,False,,False,,,False,False,,False,,,False,False,
ETSY,82.62999725341797,82.62999725341797,0.0,0.0,False,,,False,False,,False,,,False,False,,False,,,False,False,
ETSY,79.48999786376953,79.44000244140625,-0.0006289523676797915,0.0,False,,,False,False,,False,,,False,False,,False,,,False,False,
ETSY,78.5999984741211,78.72000122070312,0.0015267525306827956,0.0,True,7492.0,0.015267525306827956,False,False,,False,,,False,False,,False,,,False,False,
ETSY,81.44000244140625,81.44000244140625,0.0,0.0,False,,,False,False,,False,,,False,False,,False,,,False,False,
ETSY,81.75,81.9000015258789,0.0018348810505064428,0.0,False,,,False,False,,False,,,False,False,,False,,,False,False,
ETSY,81.91999816894531,81.95999908447266,0.0004882924367850539,0.0,False,,,False,False,,False,,,False,False,,False,,,False,False,
ETSY,80.1500015258789,80.16500091552734,0.00018714147676712756,0.0,False,,,False,False,,False,,,False,False,,False,,,False,False,
ETSY,79.55000305175781,79.55000305175781,0.0,0.0,False,,,False,False,,False,,,False,False,,False,,,False,False,
ETSY,79.5999984741211,79.62899780273438,0.0003643131805173283,0.0,False,,,False,False,,False,,,False,False,,False,,,False,False,
ETSY,79.38500213623047,79.4000015258789,0.0001889448793199744,0.0,False,,,False,False,,False,,,False,False,,False,,,False,False,
ETSY,83.2300033569336,83.2249984741211,-6.013315644159967e-05,0.0,False,,,False,False,,False,,,False,False,,False,,,False,False,
ETSY,79.44000244140625,79.5,0.0007552562531452089,0.0,False,,,False,False,,False,,,False,False,,False,,,False,False,
ETSY,85.70999908447266,85.73999786376953,0.00035000326236511725,0.0,False,,,False,False,,False,,,False,False,,False,,,False,False,
ETSY,81.27999877929688,81.30999755859375,0.00036907947523889817,0.0,False,,,False,False,,False,,,False,False,,False,,,False,False,
ETSY,82.88999938964844,82.97000122070312,0.0009651566129058597,0.0,False,,,False,False,,False,,,False,False,,False,,,False,False,
ETSY,84.31999969482422,84.44999694824219,0.0015417131628139291,0.0,False,,,False,False,,False,,,False,False,,False,,,False,False,
ETSY,86.05999755859375,86.01000213623047,-0.0005809368322284847,0.0,False,,,False,False,,False,,,False,False,,False,,,False,False,
EU,1.2100000381469727,1.215000033378601,0.0041322273338813,0.0,False,,,False,True,10107.0,False,,,False,False,,False,,,False,False,
EVI,15.359999656677246,15.345000267028809,-0.0009765227853971714,0.0,True,7226.0,-0.009765227853971714,False,True,25630.0,False,,,False,False,,False,,,False,False,
EVI,16.610000610351562,16.43000030517578,-0.010836863248734785,0.0,False,,,False,True,2779.0,False,,,False,False,,False,,,False,False,
EVTC,28.8,29.209999084472656,0.014236079321967132,0.0,True,30498.0,0.14236079321967132,False,False,,False,,,False,False,,False,,,False,False,
EW,91.41999816894531,91.41999816894531,0.0,0.0,False,,,False,False,,False,,,False,False,,False,,,False,False,
EW,86.03500366210938,86.06999969482422,0.0004067650517256549,0.0,False,,,False,False,,False,,,False,False,,False,,,False,False,
EW,83.5999984741211,83.62999725341797,0.00035883707947870214,0.0,False,,,False,False,,False,,,False,False,,False,,,False,False,
EW,85.58000183105469,85.58999633789062,0.00011678554127247942,0.0,False,,,False,False,,False,,,False,False,,False,,,False,False,
EW,91.54499816894531,91.5199966430664,-0.0002731064108250081,0.0,False,,,False,False,,False,,,False,False,,False,,,False,False,
EW,85.7300033569336,85.72000122070312,-0.00011667019525041233,0.0,False,,,False,False,,False,,,False,False,,False,,,False,False,
EW,90.08999633789062,89.76000213623047,-0.003662939450263525,54.0,False,,,False,False,,False,,,False,False,,False,,,False,False,
EW,85.73,86.05999755859375,0.00384926581819367,150.0,False,,,False,False,,False,,,False,False,,False,,,False,False,
EW,95.37999725341797,95.4000015258789,0.000209732365663573,0.0,False,,,False,True,15562.0,False,,,False,False,,False,,,False,False,
EWBC,132.33999633789062,132.39999389648438,0.0004533592281548149,0.0,False,,,False,False,,False,,,False,False,,False,,,False,False,
EWTX,39.27000045776367,39.33000183105469,0.0015279188335011185,0.0,False,,,False,False,,False,,,False,False,,False,,,False,False,
EWTX,44.93000030517578,44.93000030517578,0.0,0.0,False,,,False,True,8562.0,False,,,False,False,,False,,,False,False,
EWTX,47.06999969482422,47.04499816894531,-0.0005311562787551072,0.0,False,,,False,True,5880.0,False,,,False,True,10312.0,False,,,False,False,
EXE,87.44999694824219,87.45999908447266,0.00011437548976012124,0.0,False,,,False,False,,False,,,False,False,,False,,,False,False,
EXE,85.47599792480469,85.5,0.0002808048549070019,0.0,True,18586.0,0.002808048549070019,False,False,,False,,,False,False,,False,,,False,False,
EXE,91.75,91.77999877929688,0.0003269621721730953,0.0,False,,,False,False,,False,,,False,False,,False,,,False,False,
EXLS,26.565000534057617,26.559999465942383,-0.00018825778335007648,0.0,True,6885.0,-0.0018825778335007648,False,False,,True,8325.0,-0.0009412889167503824,False,False,,False,,,False,False,
EXLS,26.520000457763672,26.489999771118164,-0.0011312475915408182,0.0,True,7173.0,-0.011312475915408182,False,False,,True,8613.0,-0.005656237957704091,False,False,,False,,,False,False,
EXLS,27.264999389648438,27.25,-0.0005501335039138633,0.0,False,,,False,False,,False,,,False,False,,False,,,False,False,
EXLS,28.18000030517578,28.149999618530273,-0.0010646091668067292,0.0,False,,,False,False,,False,,,False,False,,False,,,False,False,
EXLS,27.549999237060547,27.540000915527344,-0.000362915492199134,0.0,True,19936.0,-0.00362915492199134,False,False,,False,,,False,False,,False,,,False,False,
EXLS,27.1200008392334,27.114999771118164,-0.00018440516078443991,0.0,False,,,False,False,,False,,,False,False,,False,,,False,False,
EXLS,27.809999465942383,27.799999237060547,-0.0003595911209592906,0.0,False,,,False,False,,False,,,False,False,,False,,,False,False,
EXLS,26.520000457763672,26.510000228881836,-0.0003770825305136061,0.0,True,6955.0,-0.0037708253051360607,False,False,,True,8395.0,-0.0018854126525680304,False,False,,False,,,False,False,
EXOD,5.03000020980835,5.269999980926514,0.04771367020028583,126.0,True,16115.0,0.4771367020028583,False,False,,False,,,False,False,,False,,,False,False,
EXOD,5.019999980926514,5.03000020980835,0.001992077474070042,0.0,True,15658.0,0.01992077474070042,False,False,,False,,,False,False,,False,,,False,False,
EXR,150.11500549316406,150.22000122070312,0.0006994352576155105,0.0,False,,,False,False,,False,,,False,False,,False,,,False,False,
EXR,145.75,145.6300048828125,-0.0008232941144939998,0.0,False,,,False,False,,False,,,False,False,,False,,,False,False,
EXR,145.82000732421875,145.97999572753906,0.001097163594050432,0.0,False,,,False,False,,False,,,False,False,,False,,,False,False,
EXR,145.30999755859375,145.27499389648438,-0.00024088956505052828,0.0,False,,,False,False,,False,,,False,False,,False,,,False,False,
EXR,150.1300048828125,150.11000061035156,-0.00013324633191447166,0.0,False,,,False,False,,False,,,False,False,,False,,,False,False,
EYPT,14.529999732971191,14.520000457763672,-0.0006881813758625732,0.0,False,,,False,True,8475.0,False,,,False,False,,False,,,False,False,
EYPT,14.4399995803833,14.520000457763672,0.005540227126394903,0.0,False,,,False,True,8706.0,False,,,False,False,,False,,,False,False,
EYPT,12.460000038146973,12.460000038146973,0.0,0.0,False,,,False,False,,False,,,False,False,,False,,,False,False,
EYPT,14.020000457763672,14.020000457763672,0.0,0.0,False,,,False,True,12801.0,False,,,False,False,,False,,,False,False,
EYPT,12.880000114440918,12.890000343322754,0.0007764152789582202,0.0,False,,,False,True,12867.0,False,,,False,False,,False,,,False,False,
EYPT,13.050000190734863,13.050000190734863,0.0,0.0,False,,,False,True,17027.0,False,,,False,False,,False,,,False,False,
EZRA,2.25,2.2750000953674316,0.011111153496636383,0.0,False,,,False,True,8682.0,False,,,False,True,10192.0,False,,,False,False,
EZRA,2.234999895095825,2.234999895095825,0.0,0.0,False,,,False,True,11293.0,False,,,False,True,12807.0,False,,,False,False,
FAF,70.62999725341797,70.62999725341797,0.0,0.0,False,,,False,False,,False,,,False,False,,False,,,False,False,
FAF,70.51000213623047,70.53500366210938,0.0003545812667911097,0.0,False,,,False,False,,False,,,False,False,,False,,,False,False,
FAF,69.83999633789062,69.83000183105469,-0.00014310577548692915,0.0,True,19907.0,-0.0014310577548692915,False,False,,False,,,False,False,,False,,,False,False,
FAF,69.58000183105469,69.5999984741211,0.0002873906659985881,0.0,True,16984.0,0.002873906659985881,False,False,,False,,,False,False,,False,,,False,False,
FANG,182.3699951171875,182.39999389648438,0.00016449405110519066,0.0,True,16932.0,0.0016449405110519066,False,False,,False,,,False,False,,False,,,False,False,
FAST,45.08000183105469,45.1150016784668,0.0007763940991678542,0.0,False,,,False,False,,False,,,False,False,,False,,,False,False,
FAST,48.31999969482422,48.5,0.0037251719021649254,1040.0,False,,,False,False,,False,,,False,False,,False,,,False,False,
FAST,46.1349983215332,46.28369903564453,0.0032231650486898022,1047.0,False,,,False,False,,False,,,False,False,,False,,,False,False,
FAST,45.01,45.27000045776367,0.005776504282685391,5.0,False,,,False,False,,False,,,False,False,,False,,,False,False,
FAST,45.5099983215332,45.54999923706055,0.0008789478576713972,0.0,False,,,False,False,,False,,,False,False,,False,,,False,False,
FATN,5.0,4.96999979019165,-0.006000041961669922,0.0,True,4036.0,-0.06000041961669922,False,True,12784.0,False,,,False,False,,False,,,False,False,
FATN,4.650000095367432,4.610000133514404,-0.008602142157561943,0.0,True,14244.0,-0.08602142157561943,False,False,,False,,,False,False,,False,,,False,False,
FATN,4.514999866485596,4.519999980926514,0.001107445091645065,0.0,True,6965.0,0.011074450916450651,False,False,,True,14283.0,0.0055372254582253255,False,False,,False,,,False,False,
FATN,4.860000133514404,5.289999961853027,0.08847732850321499,1046.0,True,1047.0,0.8847732850321499,False,False,,False,,,False,False,,False,,,False,False,
FATN,4.519999980926514,4.599999904632568,0.017699098239742916,0.0,True,8512.0,0.17699098239742916,False,False,,True,15838.0,0.08849549119871458,False,False,,False,,,False,False,
FATN,5.099999904632568,5.099999904632568,0.0,0.0,False,,,False,True,11370.0,False,,,False,False,,False,,,False,False,
FBK,56.470001220703125,56.41999816894531,-0.000885479912819287,0.0,False,,,False,False,,False,,,False,False,,False,,,False,False,
FBK,56.880001068115234,56.86000061035156,-0.0003516254815065789,0.0,False,,,False,False,,False,,,False,False,,False,,,False,False,
FBK,57.939998626708984,57.95000076293945,0.00017262921069272075,0.0,False,,,False,False,,False,,,False,False,,False,,,False,False,
FBK,58.189998626708984,58.19499969482422,8.5943774415842e-05,0.0,False,,,False,False,,False,,,False,False,,False,,,False,False,
FBLA,15.074999809265137,15.100000381469727,0.0016584127708727525,0.0,False,,,False,False,,False,,,False,False,,False,,,False,False,
FBLA,15.074999809265137,15.0600004196167,-0.0009949844005450181,0.0,False,,,False,False,,False,,,False,False,,False,,,False,False,
FBLG,0.8011999726295471,0.8158000111579895,0.018222714711940036,0.0,False,,,False,True,5859.0,False,,,False,True,9924.0,False,,,False,False,
FBLG,0.885699987411499,0.8962000012397766,0.01185504570115703,0.0,False,,,False,True,10282.0,False,,,False,True,16139.0,False,,,False,False,
FBLG,0.8100000023841858,0.8299999833106995,0.024691334404499887,0.0,False,,,False,True,5980.0,False,,,False,True,10059.0,False,,,False,False,
FBLG,0.8100000023841858,0.8299999833106995,0.024691334404499887,0.0,False,,,False,True,5980.0,False,,,False,True,10059.0,False,,,False,False,
FBLG,0.7810999751091003,0.7982000112533569,0.021892250274195835,0.0,False,,,False,True,4642.0,False,,,False,True,8864.0,False,,,False,False,
FBLG,0.866599977016449,0.8472999930381775,-0.022270926021389803,14.0,False,,,False,True,8814.0,False,,,False,True,18615.0,False,,,False,False,
FBNC,65.55999755859375,65.62000274658203,0.0009152713578832739,0.0,False,,,False,False,,False,,,False,False,,False,,,False,False,
FBNC,65.93000030517578,65.95500183105469,0.0003792131922217834,0.0,False,,,False,False,,False,,,False,False,,False,,,False,False,
FBP,27.0,27.0,0.0,0.0,False,,,False,False,,False,,,False,False,,False,,,False,False,
FBP,26.56999969482422,26.56999969482422,0.0,0.0,False,,,False,False,,False,,,False,False,,False,,,False,False,
FBRX,41.7400016784668,41.72999954223633,-0.0002396295119372338,0.0,True,2707.0,-0.002396295119372338,False,False,,True,9843.0,-0.001198147559686169,False,False,,True,19923.0,-0.0004792590238744676,False,False,
FBRX,55.40999984741211,55.41999816894531,0.00018044254756799383,0.0,True,1434.0,0.0018044254756799383,False,False,,True,6843.0,0.0009022127378399691,False,False,,False,,,False,False,
FBRX,49.599998474121094,49.58000183105469,-0.0004031581387414773,0.0,True,270.0,-0.004031581387414773,False,False,,True,1728.0,-0.0020157906937073866,False,False,,True,7172.0,-0.0008063162774829546,False,False,
FBRX,43.959999084472656,44.02510070800781,0.0014809286826884538,0.0,True,10164.0,0.014809286826884538,False,False,,True,17414.0,0.007404643413442269,False,False,,True,24347.0,0.0029618573653769076,False,False,
FBRX,55.0,55.0,0.0,0.0,True,1450.0,0.0,False,False,,True,6871.0,0.0,False,False,,False,,,False,False,
FBRX,41.685001373291016,41.685001373291016,0.0,0.0,True,2632.0,0.0,False,False,,True,9768.0,0.0,False,False,,True,19848.0,0.0,False,False,
FBRX,51.775001525878906,52.20500183105469,0.008305172235694824,0.0,True,2719.0,0.08305172235694824,False,False,,True,3072.0,0.04152586117847412,False,False,,False,,,False,False,
FC,21.08,21.149999618530273,0.0033206650156676343,1040.0,False,,,False,False,,False,,,False,False,,False,,,False,False,
FC,20.524999618530273,20.5,-0.001218008233612955,0.0,False,,,False,False,,False,,,False,False,,False,,,False,False,
FCBC,43.97999954223633,44.099998474121094,0.002728488702450349,0.0,True,14432.0,0.02728488702450349,False,False,,False,,,False,False,,False,,,False,False,
FCCO,32.83000183105469,32.79999923706055,-0.0009138773171117887,0.0,False,,,False,False,,False,,,False,False,,False,,,False,False,
FCCO,33.040000915527344,32.5,-0.016343852922642288,0.0,False,,,False,False,,False,,,False,False,,False,,,False,False,
FCCO,32.36000061035156,32.38999938964844,0.0009270327172763437,0.0,True,12818.0,0.009270327172763437,False,False,,False,,,False,False,,False,,,False,False,
FCCO,32.20500183105469,32.2599983215332,0.0017077002748524528,0.0,True,11175.0,0.017077002748524528,False,False,,False,,,False,False,,False,,,False,False,
FCCO,32.61000061035156,32.61000061035156,0.0,0.0,False,,,False,False,,False,,,False,False,,False,,,False,False,
FCCO,32.61000061035156,32.69499969482422,0.0026065342803358593,0.0,False,,,False,False,,False,,,False,False,,False,,,False,False,
FCEL,18.485000610351562,19.530000686645508,0.05653232576626199,3756.0,True,5196.0,0.5653232576626199,False,False,,True,6774.0,0.28266162883130996,False,False,,False,,,False,False,
FCEL,21.25,21.5,0.0117647058823529,3812.0,False,,,False,True,5307.0,False,,,False,False,,False,,,False,False,
FCEL,18.520000457763672,18.520000457763672,0.0,0.0,True,1069.0,0.0,False,False,,True,1159.0,0.0,False,False,,False,,,False,False,
FCEL,22.4719,22.799999237060547,0.014600422619384545,877.0,True,913.0,0.14600422619384545,False,True,8077.0,False,,,False,False,,False,,,False,False,
FCEL,20.239999771118164,20.35,0.005434793978545516,0.0,True,9829.0,0.05434793978545516,False,True,1111.0,False,,,False,False,,False,,,False,False,
FCEL,23.290000915527344,23.329999923706055,0.0017174326580657873,21.0,False,,,False,True,393.0,False,,,False,True,7376.0,False,,,False,False,
FCEL,21.3799991607666,22.299999237060547,0.04303087522950855,124.0,False,,,False,True,286.0,False,,,False,True,1809.0,False,,,False,False,
FCEL,17.99,20.190000534057617,0.12229019088702708,994.0,True,994.0,1.2229019088702708,True,False,,True,1009.0,0.6114509544351354,False,False,,False,,,False,False,
FCEL,21.3700008392334,21.389999389648438,0.0009358235671346193,0.0,False,,,False,True,148.0,False,,,False,True,1671.0,False,,,False,False,
FCEL,19.165000915527344,19.18000030517578,0.0007826448699141952,0.0,True,8537.0,0.007826448699141952,False,True,1469.0,False,,,False,False,,False,,,False,False,
FCEL,21.010000228881836,21.0049991607666,-0.00023803274920286555,0.0,False,,,False,True,8422.0,False,,,False,True,9866.0,False,,,False,False,
FCEL,18.485000610351562,19.530000686645508,0.05653232576626199,3813.0,True,5253.0,0.5653232576626199,False,False,,True,6831.0,0.28266162883130996,False,False,,False,,,False,False,
FCEL,19.020000457763672,19.15999984741211,0.007360640708675259,0.0,True,1146.0,0.07360640708675259,False,False,,False,,,False,False,,False,,,False,False,
FCF,20.700000762939453,20.704999923706055,0.0002415053421422897,0.0,False,,,False,False,,False,,,False,False,,False,,,False,False,
FCF,21.139999389648438,21.170000076293945,0.0014191432124732728,0.0,False,,,False,False,,False,,,False,False,,False,,,False,False,
FCF,20.940000534057617,20.93000030517578,-0.00047756583700042654,0.0,False,,,False,False,,False,,,False,False,,False,,,False,False,
FCF,20.969999313354492,20.96500015258789,-0.0002383958478919812,0.0,False,,,False,False,,False,,,False,False,,False,,,False,False,
FCF,21.200000762939453,21.190000534057617,-0.00047170889254488646,0.0,False,,,False,False,,False,,,False,False,,False,,,False,False,
FCFS,213.75,213.19000244140625,-0.0026198716191520033,0.0,False,,,False,True,12899.0,False,,,False,False,,False,,,False,False,
FCFS,218.61,217.1699981689453,-0.006587081245389981,35.0,False,,,False,True,14498.0,False,,,False,False,,False,,,False,False,
FCFS,221.6999969482422,221.69500732421875,-2.2506197979832443e-05,0.0,False,,,False,True,19842.0,False,,,False,False,,False,,,False,False,
FCFS,218.72000122070312,218.72999572753906,4.56954406553578e-05,0.0,False,,,False,True,21596.0,False,,,False,False,,False,,,False,False,
FCPT,25.489999771118164,25.5,0.0003923196928847794,0.0,False,,,False,False,,False,,,False,False,,False,,,False,False,
FCPT,24.90999984741211,24.887500762939453,-0.0009032149582688387,0.0,False,,,False,False,,False,,,False,False,,False,,,False,False,
FCPT,26.200000762939453,26.209999084472656,0.00038161531458213993,0.0,False,,,False,False,,False,,,False,False,,False,,,False,False,
FCPT,26.420000076293945,26.459999084472656,0.0015139669970933856,0.0,False,,,False,False,,False,,,False,False,,False,,,False,False,
FCPT,25.825000762939453,25.829999923706055,0.00019357833955124804,0.0,False,,,False,False,,False,,,False,False,,False,,,False,False,
FCPT,24.950000762939453,24.969999313354492,0.0008015450823048997,0.0,False,,,False,False,,False,,,False,False,,False,,,False,False,
FCPT,25.395000457763672,25.3700008392334,-0.0009844307178435985,0.0,False,,,False,False,,False,,,False,False,,False,,,False,False,
FCPT,26.219999313354492,26.229999542236328,0.00038139699251416026,0.0,False,,,False,False,,False,,,False,False,,False,,,False,False,
FCPT,24.84000015258789,24.829999923706055,-0.0004025857013045808,0.0,False,,,False,False,,False,,,False,False,,False,,,False,False,
FCPT,25.15,25.459199905395508,0.012294230830835362,985.0,False,,,False,False,,False,,,False,False,,False,,,False,False,
FCPT,25.489999771118164,25.489999771118164,0.0,0.0,False,,,False,False,,False,,,False,False,,False,,,False,False,
FCPT,25.94499969482422,25.94499969482422,0.0,0.0,False,,,False,False,,False,,,False,False,,False,,,False,False,
FCPT,25.170000076293945,25.190000534057617,0.0007946149266209179,0.0,False,,,False,False,,False,,,False,False,,False,,,False,False,
FCX,58.79,61.189998626708984,0.04082324590421815,60.0,True,1630.0,0.40823245904218153,False,False,,False,,,False,False,,False,,,False,False,
FDMT,10.84000015258789,10.845000267028809,0.00046126516333333534,0.0,True,6963.0,0.004612651633333353,False,True,16979.0,False,,,False,False,,False,,,False,False,
FDMT,10.725000381469727,10.680000305175781,-0.004195811160221052,0.0,False,,,False,True,7169.0,False,,,False,False,,False,,,False,False,
FDMT,10.3100004196167,10.319999694824219,0.0009698617653297603,0.0,False,,,False,False,,False,,,False,False,,False,,,False,False,
FDMT,11.319999694824219,11.329999923706055,0.0008834124692078671,0.0,False,,,False,True,15576.0,False,,,False,False,,False,,,False,False,
FEED,0.4706000089645386,0.4717000126838684,0.0023374494228127762,0.0,True,1621.0,0.023374494228127762,False,True,1291.0,False,,,False,True,17269.0,False,,,False,False,
FEED,0.4848000109195709,0.5098999738693237,0.05177384980281463,82.0,True,445.0,0.5177384980281463,False,True,86.0,False,,,False,True,15952.0,False,,,False,False,
FEED,0.42010000348091125,0.4260999858379364,0.014282271619399767,222.0,False,,,False,True,6124.0,False,,,False,True,17678.0,False,,,False,False,
FEED,0.47099998593330383,0.47099998593330383,0.0,0.0,True,217.0,0.0,False,True,8593.0,False,,,False,True,15865.0,False,,,False,False,
FEIM,57.440101623535156,57.435001373291016,-8.879250036097908e-05,0.0,True,9973.0,-0.0008879250036097908,False,True,8489.0,True,15690.0,-0.0004439625018048954,False,False,,False,,,False,False,
FEIM,73.20999908447266,73.2249984741211,0.0002048817079089993,1040.0,False,,,False,True,8240.0,False,,,False,True,8346.0,False,,,False,False,
FEIM,66.38999938964844,66.4800033569336,0.0013556856169996134,0.0,True,1103.0,0.013556856169996134,False,True,12610.0,True,1452.0,0.006778428084998067,False,False,,False,,,False,False,
FEIM,64.84500122070312,64.76499938964844,-0.001233739371557685,0.0,True,1323.0,-0.01233739371557685,False,True,12932.0,True,1669.0,-0.006168696857788425,False,False,,False,,,False,False,
FEIM,57.0099983215332,57.29999923706055,0.005086843081309356,0.0,True,9735.0,0.05086843081309356,False,True,8252.0,True,15453.0,0.02543421540654678,False,False,,False,,,False,False,
FELE,103.78500366210938,104.8136978149414,0.009911780281678606,0.0,True,7195.0,0.09911780281678606,False,False,,False,,,False,False,,False,,,False,False,
FELE,104.31999969482422,104.23999786376953,-0.0007668887201756069,0.0,True,25795.0,-0.007668887201756069,False,False,,False,,,False,False,,False,,,False,False,
FELE,103.97000122070312,103.9800033569336,9.620213631844621e-05,0.0,True,25652.0,0.0009620213631844621,False,False,,False,,,False,False,,False,,,False,False,
FF,4.824999809265137,4.824999809265137,0.0,0.0,False,,,False,False,,False,,,False,False,,False,,,False,False,
FFBC,34.650001525878906,34.65999984741211,0.0002885518352930827,0.0,False,,,False,False,,False,,,False,False,,False,,,False,False,
FFBC,35.970001220703125,35.98500061035156,0.00041699719598020657,0.0,False,,,False,False,,False,,,False,False,,False,,,False,False,
FFBC,33.900001525878906,34.0,0.002949807363423096,0.0,False,,,False,False,,False,,,False,False,,False,,,False,False,
FFIN,34.45000076293945,34.435001373291016,-0.0004353959162919363,0.0,False,,,False,False,,False,,,False,False,,False,,,False,False,
FFIN,34.060001373291016,34.095001220703125,0.0010275938344370683,0.0,False,,,False,False,,False,,,False,False,,False,,,False,False,
FFIV,405.92999267578125,406.32879638671875,0.000982444554807893,0.0,False,,,False,False,,False,,,False,False,,False,,,False,False,
FFIV,416.7049865722656,416.82000732421875,0.00027602441933627375,0.0,False,,,False,False,,False,,,False,False,,False,,,False,False,
FG,30.56999969482422,30.520000457763672,-0.0016355655073497788,0.0,False,,,False,False,,False,,,False,False,,False,,,False,False,
FG,30.3700008392334,30.3799991607666,0.00032921703183785844,0.0,True,4032.0,0.0032921703183785844,False,False,,False,,,False,False,,False,,,False,False,
FG,29.0,29.024999618530273,0.0008620558113887622,0.0,False,,,False,False,,False,,,False,False,,False,,,False,False,
FG,29.40999984741211,29.43000030517578,0.0006800563708753149,0.0,True,8426.0,0.006800563708753149,False,False,,False,,,False,False,,False,,,False,False,
FG,30.200000762939453,30.200000762939453,0.0,0.0,False,,,False,False,,False,,,False,False,,False,,,False,False,
FGNX,6.159999847412109,6.21999979019165,0.00974025069249751,1060.0,True,2616.0,0.0974025069249751,False,False,,True,14080.0,0.04870125346248755,False,False,,False,,,False,False,
FGNX,6.309999942779541,6.239999771118164,-0.011093529682433267,0.0,True,12910.0,-0.11093529682433267,False,True,6882.0,False,,,False,False,,False,,,False,False,
FGNX,5.800000190734863,5.820000171661377,0.0034482724601392345,0.0,True,187.0,0.034482724601392345,False,False,,True,13113.0,0.017241362300696172,False,False,,False,,,False,False,
FGNX,5.789999961853027,5.789999961853027,0.0,0.0,True,233.0,0.0,False,False,,True,13159.0,0.0,False,False,,False,,,False,False,
FGNX,5.081399917602539,5.119999885559082,0.007596325536753934,0.0,True,5965.0,0.07596325536753934,False,False,,True,7420.0,0.03798162768376967,False,False,,False,,,False,False,
FGNX,6.25,6.335000038146973,0.013600006103515527,0.0,True,11507.0,0.13600006103515527,False,False,,False,,,False,False,,False,,,False,False,
FGNX,5.090000152587891,5.189899921417236,0.019626673051974963,0.0,True,5975.0,0.19626673051974963,False,False,,True,7430.0,0.09813336525987482,False,False,,False,,,False,False,
FHB,29.540000915527344,29.545000076293945,0.00016923360229048612,0.0,False,,,False,False,,False,,,False,False,,False,,,False,False,
FHB,27.895000457763672,27.905000686645508,0.0003584953833206672,0.0,False,,,False,False,,False,,,False,False,,False,,,False,False,
FHB,29.44499969482422,29.44499969482422,0.0,0.0,False,,,False,False,,False,,,False,False,,False,,,False,False,
FHB,30.045000076293945,30.040000915527344,-0.00016638910813471242,0.0,False,,,False,False,,False,,,False,False,,False,,,False,False,
FHB,30.31999969482422,30.315000534057617,-0.00016487997417280464,0.0,False,,,False,False,,False,,,False,False,,False,,,False,False,
FHB,27.844999313354492,27.844999313354492,0.0,0.0,False,,,False,False,,False,,,False,False,,False,,,False,False,
FHB,27.850000381469727,27.8700008392334,0.0007181492814980484,0.0,False,,,False,False,,False,,,False,False,,False,,,False,False,
FHB,27.899999618530273,27.915000915527344,0.000537680903303972,0.0,False,,,False,False,,False,,,False,False,,False,,,False,False,
FHN,25.56999969482422,25.56999969482422,0.0,0.0,False,,,False,False,,False,,,False,False,,False,,,False,False,
FHN,25.934999465942383,25.950000762939453,0.0005784190208590889,0.0,False,,,False,False,,False,,,False,False,,False,,,False,False,
FIBK,38.22999954223633,38.220001220703125,-0.0002615307782610765,0.0,False,,,False,False,,False,,,False,False,,False,,,False,False,
FIBK,39.45000076293945,39.45000076293945,0.0,0.0,False,,,False,False,,False,,,False,False,,False,,,False,False,
FIBK,38.20000076293945,38.20000076293945,0.0,0.0,False,,,False,False,,False,,,False,False,,False,,,False,False,
FIBK,38.92499923706055,38.91999816894531,-0.00012847959443174073,0.0,False,,,False,False,,False,,,False,False,,False,,,False,False,
FIBK,39.01499938964844,39.0099983215332,-0.00012818321654417542,0.0,False,,,False,False,,False,,,False,False,,False,,,False,False,
FIBK,38.95000076293945,38.95000076293945,0.0,0.0,False,,,False,False,,False,,,False,False,,False,,,False,False,
FIBK,39.060001373291016,39.060001373291016,0.0,0.0,False,,,False,False,,False,,,False,False,,False,,,False,False,
FIBK,38.880001068115234,38.875,-0.00012862829161119915,0.0,False,,,False,False,,False,,,False,False,,False,,,False,False,
FIBK,38.77000045776367,38.76499938964844,-0.0001289932436467911,0.0,False,,,False,False,,False,,,False,False,,False,,,False,False,
FIBK,38.099998474121094,38.09000015258789,-0.000262423147864288,0.0,False,,,False,False,,False,,,False,False,,False,,,False,False,
FINW,14.079999923706055,14.40999984741211,0.023437494708394402,1047.0,False,,,False,False,,False,,,False,False,,False,,,False,False,
FINW,14.079999923706055,14.40999984741211,0.023437494708394402,1047.0,False,,,False,False,,False,,,False,False,,False,,,False,False,
FISI,38.790000915527344,38.79999923706055,0.00025775512496051256,0.0,False,,,False,False,,False,,,False,False,,False,,,False,False,
FISI,39.0099983215332,39.0,-0.0002563015114943612,0.0,False,,,False,False,,False,,,False,False,,False,,,False,False,
FISI,38.91999816894531,38.91999816894531,0.0,0.0,False,,,False,False,,False,,,False,False,,False,,,False,False,
FISN,11.5,11.449999809265137,-0.004347842672596802,0.0,True,2977.0,-0.04347842672596802,False,True,257.0,False,,,False,True,21609.0,False,,,False,False,
FISN,10.295000076293945,10.140000343322754,-0.015055826306218822,0.0,False,,,False,True,5385.0,False,,,False,False,,False,,,False,False,
FISN,10.34000015258789,10.25160026550293,-0.008549311971028928,0.0,True,2550.0,-0.08549311971028928,False,True,29899.0,True,11265.0,-0.04274655985514464,False,False,,False,,,False,False,
FISN,10.9350004196167,10.96780014038086,0.002999517101555771,0.0,False,,,False,True,15756.0,False,,,False,False,,False,,,False,False,
FISN,11.29010009765625,11.395000457763672,0.009291357844488868,0.0,True,8602.0,0.09291357844488868,False,True,11551.0,False,,,False,True,27237.0,False,,,False,False,
FISN,10.880000114440918,11.449999809265137,0.05238967728204935,86.0,False,,,False,True,7354.0,False,,,False,False,,False,,,False,False,
FISV,51.849998474121094,51.82500076293945,-0.00048211594826019777,0.0,False,,,False,False,,False,,,False,False,,False,,,False,False,
FIVE,179.80999755859375,179.80999755859375,0.0,0.0,True,11185.0,0.0,False,False,,False,,,False,False,,False,,,False,False,
FIX,1629.5849609375,1637.175048828125,0.004657681601490937,0.0,True,5722.0,0.04657681601490937,False,False,,False,,,False,False,,False,,,False,False,
FIX,1650.7049560546875,1659.4449462890625,0.005294701637816868,0.0,True,8483.0,0.052947016378168676,False,False,,False,,,False,False,,False,,,False,False,
FIX,1684.94,1795.0,0.06531983334718139,999.0,False,,,False,False,,False,,,False,False,,False,,,False,False,
FJET,4.37,4.340000152587891,-0.006864953641214977,821.0,False,,,False,True,2261.0,False,,,False,True,10962.0,False,,,False,False,
FJET,4.699999809265137,4.71999979019165,0.004255315263436366,0.0,False,,,False,True,4029.0,False,,,False,True,5459.0,False,,,False,False,
FJET,3.940000057220459,3.940000057220459,0.0,0.0,False,,,False,True,8465.0,False,,,False,False,,False,,,False,False,
FJET,3.565000057220459,3.5999999046325684,0.00981762885002535,0.0,False,,,False,False,,False,,,False,False,,False,,,False,False,
FJET,4.275000095367432,4.269999980926514,-0.0011696173869881754,0.0,False,,,False,True,1429.0,False,,,False,True,11812.0,False,,,False,False,
FLD,0.3725999891757965,0.38179999589920044,0.024691376786549757,0.0,True,14.0,0.24691376786549757,False,False,,True,31.0,0.12345688393274878,False,False,,False,,,False,False,
FLD,0.4415000081062317,0.4415000081062317,0.0,0.0,True,1507.0,0.0,False,False,,False,,,False,False,,False,,,False,False,
FLD,0.43560001254081726,0.43549999594688416,-0.00022960649920489296,0.0,True,2737.0,-0.0022960649920489296,False,False,,False,,,False,False,,False,,,False,False,
FLD,0.4797999858856201,0.4560000002384186,-0.049603973212444474,0.0,False,,,False,True,1191.0,False,,,False,True,2604.0,False,,,False,False,
FLD,0.47609999775886536,0.4758000075817108,-0.0006300990938178375,0.0,False,,,False,True,1496.0,False,,,False,True,2783.0,False,,,False,False,
FLD,0.478,0.46399998664855957,-0.02928873086075401,1.0,False,,,False,True,4348.0,False,,,False,True,5761.0,False,,,False,False,
FLD,0.4641999900341034,0.46149998903274536,-0.005816460705136306,0.0,False,,,False,True,1405.0,False,,,False,True,2798.0,False,,,False,False,
FLG,14.880000114440918,14.895000457763672,0.0010080875811415702,0.0,False,,,False,False,,False,,,False,False,,False,,,False,False,
FLG,13.65999984741211,13.680000305175781,0.0014641623709432672,0.0,False,,,False,False,,False,,,False,False,,False,,,False,False,
FLZH,1.649999976158142,1.649999976158142,0.0,0.0,True,303.0,0.0,False,True,21699.0,False,,,False,True,28980.0,False,,,False,False,
FLZH,1.8624000549316406,1.840000033378601,-0.012027502626905662,0.0,False,,,False,True,9750.0,False,,,False,True,14190.0,False,,,False,False,
FLZH,1.8799999952316284,1.8876999616622925,0.004095726835209534,3921.0,False,,,False,True,8524.0,False,,,False,True,19888.0,False,,,False,False,
FLZH,1.6799999475479126,1.690000057220459,0.005952446419502655,247.0,True,2041.0,0.05952446419502655,False,True,23413.0,False,,,False,True,27699.0,False,,,False,False,
FMAO,30.030000686645508,30.010000228881836,-0.0006660158943174732,0.0,True,20044.0,-0.006660158943174732,False,False,,False,,,False,False,,False,,,False,False,
FMAO,30.639999389648438,30.635000228881836,-0.0001631579917161785,0.0,True,9993.0,-0.001631579917161785,False,False,,False,,,False,False,,False,,,False,False,
FMAO,30.809999465942383,30.93000030517578,0.0038948666443843205,0.0,True,9800.0,0.038948666443843205,False,False,,False,,,False,False,,False,,,False,False,
FMAO,30.040000915527344,30.204999923706055,0.005492643247338336,0.0,True,20121.0,0.05492643247338336,False,False,,False,,,False,False,,False,,,False,False,
FMAO,30.149999618530273,30.100099563598633,-0.0016550598860032295,0.0,True,20029.0,-0.016550598860032295,False,False,,False,,,False,False,,False,,,False,False,
FMAO,30.05500030517578,30.0,-0.0018299885083118417,0.0,True,19898.0,-0.018299885083118417,False,False,,False,,,False,False,,False,,,False,False,
FMAO,30.049999237060547,30.19499969482422,0.004825306537274088,0.0,True,20150.0,0.04825306537274088,False,False,,False,,,False,False,,False,,,False,False,
FMAO,30.264999389648438,30.219999313354492,-0.0014868685677005278,0.0,True,20113.0,-0.014868685677005278,False,False,,False,,,False,False,,False,,,False,False,
FMAO,30.649999618530273,30.670000076293945,0.0006525434914388395,0.0,True,9958.0,0.006525434914388395,False,False,,False,,,False,False,,False,,,False,False,
FMAO,30.030000686645508,30.010000228881836,-0.0006660158943174732,0.0,True,20044.0,-0.006660158943174732,False,False,,False,,,False,False,,False,,,False,False,
FMAO,29.84000015258789,29.8799991607666,0.0013404493288933228,0.0,True,19811.0,0.013404493288933228,False,False,,True,21249.0,0.006702246644466614,False,False,,False,,,False,False,
FMAO,30.200000762939453,30.030000686645508,-0.005629141456928832,0.0,True,20074.0,-0.05629141456928832,False,False,,False,,,False,False,,False,,,False,False,
FMAO,30.90999984741211,30.84000015258789,-0.002264629413451069,0.0,True,9906.0,-0.02264629413451069,False,False,,False,,,False,False,,False,,,False,False,
FMAO,30.0,30.03499984741211,0.0011666615804035718,0.0,True,27063.0,0.011666615804035718,False,False,,False,,,False,False,,False,,,False,False,
FMBH,47.685001373291016,47.685001373291016,0.0,0.0,True,27348.0,0.0,False,False,,False,,,False,False,,False,,,False,False,
FMBH,49.040000915527344,49.02000045776367,-0.00040783966945934225,0.0,False,,,False,False,,False,,,False,False,,False,,,False,False,
FMBH,47.875,48.2400016784668,0.007624055947087038,3926.0,True,25656.0,0.07624055947087038,False,False,,False,,,False,False,,False,,,False,False,
FMBH,47.60499954223633,47.71500015258789,0.0023106944944715213,0.0,True,27368.0,0.023106944944715213,False,False,,False,,,False,False,,False,,,False,False,
FMBH,47.33000183105469,47.28499984741211,-0.0009508130551783012,0.0,True,28757.0,-0.009508130551783012,False,False,,False,,,False,False,,False,,,False,False,
FMBH,49.95000076293945,50.13999938964844,0.0038037762523910335,0.0,False,,,False,False,,False,,,False,False,,False,,,False,False,
FMBH,47.7599983215332,47.72999954223633,-0.0006281151664813134,0.0,True,26038.0,-0.006281151664813134,False,False,,False,,,False,False,,False,,,False,False,
FMBH,50.349998474121094,50.34000015258789,-0.0001985764019107883,0.0,False,,,False,False,,False,,,False,False,,False,,,False,False,
FMNB,14.170000076293945,14.15999984741211,-0.0007057324508110696,0.0,True,28519.0,-0.007057324508110696,False,False,,False,,,False,False,,False,,,False,False,
FNB,18.96500015258789,18.96500015258789,0.0,0.0,False,,,False,False,,False,,,False,False,,False,,,False,False,
FNB,18.360000610351562,18.364999771118164,0.0002722854357521953,0.0,False,,,False,False,,False,,,False,False,,False,,,False,False,
FNGR,0.36160001158714294,0.3671000003814697,0.015210145514614526,0.0,False,,,False,True,8403.0,False,,,False,True,11354.0,False,,,False,False,
FNGR,0.3799000084400177,0.3813000023365021,0.0036851641626256537,0.0,False,,,False,True,4326.0,False,,,False,True,9924.0,False,,,False,False,
FNGR,0.30970001220703125,0.3061000108718872,-0.011624156258468243,0.0,True,169.0,-0.11624156258468243,False,True,20074.0,True,1337.0,-0.05812078129234122,False,True,28873.0,False,,,False,False,
FNGR,0.35499998927116394,0.35429999232292175,-0.0019718224490071767,0.0,True,2808.0,-0.019718224490071767,False,True,1371.0,True,2811.0,-0.009859112245035884,False,True,20166.0,False,,,False,False,
FNGR,0.4115999937057495,0.4115000069141388,-0.00024292223794886159,1.0,False,,,False,True,3983.0,False,,,False,True,10038.0,False,,,False,False,
FNLC,34.658199310302734,35.0,0.009862044090549693,0.0,False,,,False,False,,False,,,False,False,,False,,,False,False,
FNLC,34.915000915527344,34.79999923706055,-0.003293761290312669,0.0,False,,,False,False,,False,,,False,False,,False,,,False,False,
FNLC,34.29999923706055,34.38999938964844,0.002623911212529917,0.0,False,,,False,False,,False,,,False,False,,False,,,False,False,
FOA,25.93000030517578,25.899999618530273,-0.0011569875160980514,0.0,False,,,False,True,8867.0,False,,,False,False,,False,,,False,False,
FOA,25.489999771118164,25.479999542236328,-0.0003923196928846684,0.0,False,,,False,True,11293.0,False,,,False,False,,False,,,False,False,
FOR,30.020000457763672,30.079700469970703,0.0019886745934940553,0.0,False,,,False,True,18386.0,False,,,False,False,,False,,,False,False,
FOR,30.735000610351562,30.729999542236328,-0.0001627157317689587,0.0,False,,,False,True,6971.0,False,,,False,False,,False,,,False,False,
FOSL,4.170000076293945,4.164999961853027,-0.001199068189313257,0.0,True,4284.0,-0.011990681893132571,False,False,,True,4313.0,-0.0059953409465662855,False,False,,False,,,False,False,
FOSL,4.144999980926514,4.159999847412109,0.003618785658532797,0.0,True,11353.0,0.03618785658532797,False,False,,True,11382.0,0.018093928292663986,False,False,,False,,,False,False,
FR,65.19499969482422,65.19499969482422,0.0,0.0,False,,,False,False,,False,,,False,False,,False,,,False,False,
FR,68.68000030517578,68.66999816894531,-0.00014563389903943236,0.0,False,,,False,False,,False,,,False,False,,False,,,False,False,
FR,63.83000183105469,63.85499954223633,0.00039162949184623486,0.0,False,,,False,False,,False,,,False,False,,False,,,False,False,
FRAF,62.45000076293945,62.5,0.0008006282858241676,0.0,False,,,False,False,,False,,,False,False,,False,,,False,False,
FRAF,63.95000076293945,63.18000030517578,-0.012040663777597715,0.0,False,,,False,False,,False,,,False,False,,False,,,False,False,
FRAF,62.36000061035156,62.25,-0.0017639610210860024,0.0,False,,,False,False,,False,,,False,False,,False,,,False,False,
FRAF,63.099998474121094,63.13999938964844,0.0006339289460324249,0.0,False,,,False,False,,False,,,False,False,,False,,,False,False,
FRHC,158.36000061035156,158.49000549316406,0.0008209452027749808,0.0,False,,,False,False,,False,,,False,False,,False,,,False,False,
FRHC,141.33999633789062,140.97000122070312,-0.0026177665683744245,0.0,True,1380.0,-0.026177665683744245,False,False,,True,8578.0,-0.013088832841872122,False,False,,False,,,False,False,
FRHC,142.5,145.0800018310547,0.018105276007401416,0.0,True,1362.0,0.18105276007401416,False,False,,False,,,False,False,,False,,,False,False,
FRHC,142.63999938964844,143.82000732421875,0.008272629974898527,0.0,True,1253.0,0.08272629974898527,False,False,,True,8451.0,0.04136314987449263,False,False,,False,,,False,False,
FRHC,158.25,158.0,-0.0015797788309637184,0.0,False,,,False,True,1624.0,False,,,False,False,,False,,,False,False,
FRHC,157.22000122070312,157.7899932861328,0.003625442443735416,0.0,False,,,False,False,,False,,,False,False,,False,,,False,False,
FRME,45.11000061035156,45.130001068115234,0.0004433708156297289,0.0,False,,,False,True,9775.0,False,,,False,False,,False,,,False,False,
FRME,44.21500015258789,44.189998626708984,-0.0005654534839448777,0.0,False,,,False,True,11269.0,False,,,False,False,,False,,,False,False,
FRME,42.66999816894531,42.939998626708984,0.006327641653384841,200.0,False,,,False,False,,False,,,False,False,,False,,,False,False,
FRME,42.79999923706055,42.81999969482422,0.00046730042336906585,0.0,False,,,False,False,,False,,,False,False,,False,,,False,False,
FRME,44.529998779296875,44.5099983215332,-0.00044914570653364905,0.0,False,,,False,True,8255.0,False,,,False,False,,False,,,False,False,
FRME,43.224998474121094,43.21500015258789,-0.00023130877700761054,0.0,False,,,False,False,,False,,,False,False,,False,,,False,False,
FRME,42.939998626708984,42.94499969482422,0.00011646642466645041,0.0,False,,,False,False,,False,,,False,False,,False,,,False,False,
FRME,45.125,45.125,0.0,0.0,False,,,False,True,9832.0,False,,,False,False,,False,,,False,False,
FRME,45.23500061035156,45.2599983215332,0.0005526187873183819,0.0,False,,,False,True,9734.0,False,,,False,False,,False,,,False,False,
FRME,44.334999084472656,44.33000183105469,-0.00011271576680194073,0.0,False,,,False,True,8365.0,False,,,False,False,,False,,,False,False,
FRME,43.209999084472656,43.209999084472656,0.0,0.0,False,,,False,False,,False,,,False,False,,False,,,False,False,
FRME,43.279998779296875,43.28499984741211,0.00011555148466468879,0.0,False,,,False,False,,False,,,False,False,,False,,,False,False,
FRME,44.130001068115234,44.119998931884766,-0.0002266516199496138,0.0,False,,,False,True,11258.0,False,,,False,False,,False,,,False,False,
FRME,43.43000030517578,43.43000030517578,0.0,0.0,False,,,False,False,,False,,,False,False,,False,,,False,False,
FRME,43.91999816894531,43.91999816894531,0.0,0.0,False,,,False,False,,False,,,False,False,,False,,,False,False,
FRMI,7.090000152587891,7.085000038146973,-0.000705234743766936,0.0,False,,,False,True,1169.0,False,,,False,False,,False,,,False,False,
FRMI,6.53000020980835,6.539899826049805,0.0015160208152191768,0.0,False,,,False,True,1466.0,False,,,False,False,,False,,,False,False,
FRMI,6.251299858093262,6.255000114440918,0.0005919179101392391,0.0,True,9941.0,0.005919179101392391,False,False,,True,10024.0,0.0029595895506961956,False,False,,False,,,False,False,
FRMI,6.269999980926514,6.284999847412109,0.002392323210721692,0.0,False,,,False,False,,False,,,False,False,,False,,,False,False,
FRMI,6.894999980926514,6.909999847412109,0.0021754701272065358,0.0,False,,,False,True,43.0,False,,,False,False,,False,,,False,False,
FRMI,7.635000228881836,7.630000114440918,-0.0006548938167680873,0.0,False,,,False,True,4117.0,False,,,False,True,4117.0,False,,,False,False,
FRMI,7.3689,7.400000095367432,0.004220452898998639,952.0,False,,,False,True,3832.0,False,,,False,True,3832.0,False,,,False,False,
FRMM,6.309999942779541,6.309999942779541,0.0,0.0,True,1310.0,0.0,False,True,4128.0,False,,,False,False,,False,,,False,False,
FRMM,6.383600234985352,6.375,-0.0013472389668478524,0.0,False,,,False,True,4152.0,False,,,False,False,,False,,,False,False,
FRMM,6.349999904632568,6.434999942779541,0.013385832980085777,0.0,True,1402.0,0.13385832980085777,False,True,4149.0,False,,,False,False,,False,,,False,False,
FRMM,6.269999980926514,6.289999961853027,0.003189789631157014,0.0,True,1232.0,0.03189789631157014,False,True,4052.0,False,,,False,False,,False,,,False,False,
FRMM,6.449999809265137,6.5,0.007751967785028402,0.0,False,,,False,True,3948.0,False,,,False,True,21242.0,False,,,False,False,
FRMM,5.715000152587891,5.989999771118164,0.04811891709324745,66.0,False,,,False,True,1521.0,False,,,False,False,,False,,,False,False,
FRMM,6.730000019073486,6.659999847412109,-0.010401214184693863,0.0,False,,,False,True,1464.0,False,,,False,True,31586.0,False,,,False,False,
FRMM,6.480000019073486,6.480000019073486,0.0,0.0,True,250.0,0.0,False,True,1710.0,False,,,False,True,31607.0,False,,,False,False,
FRMM,7.090000152587891,7.050000190734863,-0.005641743440361835,0.0,False,,,False,True,1258.0,False,,,False,True,1590.0,False,,,False,False,
FRNM,13.029999732971191,13.0,-0.0023023586788939454,1021.0,False,,,False,True,3913.0,False,,,False,True,9934.0,False,,,False,False,
FRNM,13.25,13.249199867248535,-6.0387377469051096e-05,0.0,False,,,False,True,2697.0,False,,,False,True,9865.0,False,,,False,False,
FRNM,13.345000267028809,13.30090045928955,-0.003304593994517546,0.0,False,,,False,True,2701.0,False,,,False,True,3998.0,False,,,False,False,
FRNM,13.119999885559082,13.109999656677246,-0.0007622125738615537,0.0,False,,,False,True,2687.0,False,,,False,True,9967.0,False,,,False,False,
FRNM,13.029999732971191,13.0,-0.0023023586788939454,1046.0,False,,,False,True,3938.0,False,,,False,True,9959.0,False,,,False,False,
FRST,15.760000228881836,15.74,-0.0012690500375236446,0.0,False,,,False,True,19770.0,False,,,False,False,,False,,,False,False,
FRST,15.770000457763672,15.770000457763672,0.0,0.0,False,,,False,True,24115.0,False,,,False,False,,False,,,False,False,
FSBC,47.2400016784668,47.79999923706055,0.01185430860915937,0.0,False,,,False,False,,False,,,False,False,,False,,,False,False,
FSBC,48.22999954223633,48.380001068115234,0.003110129116786542,0.0,False,,,False,False,,False,,,False,False,,False,,,False,False,
FSBC,48.56999969482422,48.619998931884766,0.0010294263408421322,0.0,False,,,False,False,,False,,,False,False,,False,,,False,False,
FSBC,47.880001068115234,47.970001220703125,0.001879702393069227,0.0,False,,,False,False,,False,,,False,False,,False,,,False,False,
FSBC,48.189998626708984,48.185001373291016,-0.00010369897406881101,0.0,False,,,False,False,,False,,,False,False,,False,,,False,False,
FSBC,47.75,47.7400016784668,-0.0002093889326325593,1047.0,False,,,False,False,,False,,,False,False,,False,,,False,False,
FSBC,49.814998626708984,49.86000061035156,0.0009033822118476031,0.0,False,,,False,True,9716.0,False,,,False,False,,False,,,False,False,
FSBC,48.91999816894531,48.869998931884766,-0.0010220613027800418,0.0,False,,,False,False,,False,,,False,False,,False,,,False,False,
FSBC,47.98500061035156,47.98500061035156,0.0,0.0,False,,,False,False,,False,,,False,False,,False,,,False,False,
FSBC,47.75,47.7400016784668,-0.0002093889326325593,327.0,False,,,False,False,,False,,,False,False,,False,,,False,False,
FSBC,49.849998474121094,49.84809875488281,-3.810871206477717e-05,0.0,False,,,False,True,9767.0,False,,,False,False,,False,,,False,False,
FSBC,48.275001525878906,48.20000076293945,-0.0015536149263351007,0.0,False,,,False,False,,False,,,False,False,,False,,,False,False,
FSK,11.050000190734863,11.050000190734863,0.0,0.0,False,,,False,False,,False,,,False,False,,False,,,False,False,
FSK,10.805000305175781,10.800000190734863,-0.0004627593058487145,0.0,False,,,False,False,,False,,,False,False,,False,,,False,False,
FSK,10.545000076293945,10.545000076293945,0.0,0.0,False,,,False,False,,False,,,False,False,,False,,,False,False,
FSP,0.5088499784469604,0.5094000101089478,0.0010809308937498319,0.0,False,,,False,True,21434.0,False,,,False,False,,False,,,False,False,
FSP,0.4865500032901764,0.48399999737739563,-0.0052409945443160355,0.0,False,,,False,True,4385.0,False,,,False,False,,False,,,False,False,
FSP,0.44999998807907104,0.4500499963760376,0.00011112955175840433,0.0,True,9744.0,0.0011112955175840433,False,False,,False,,,False,False,,False,,,False,False,
FSP,0.49195000529289246,0.49195000529289246,0.0,0.0,False,,,False,True,17401.0,False,,,False,False,,False,,,False,False,
FSUN,34.52000045776367,34.52000045776367,0.0,0.0,True,5444.0,0.0,False,False,,False,,,False,False,,False,,,False,False,
FSUN,37.755001068115234,37.79999923706055,0.0011918465811755485,0.0,False,,,False,True,19935.0,False,,,False,False,,False,,,False,False,
FTH,32.9900016784668,33.29999923706055,0.009396712422603315,0.0,False,,,False,True,3147.0,False,,,False,True,3172.0,False,,,False,False,
FTH,29.594999313354492,29.28499984741211,-0.010474724552620551,0.0,False,,,False,False,,False,,,False,False,,False,,,False,False,
FTH,27.834999084472656,27.80500030517578,-0.0010777359541430664,0.0,True,8324.0,-0.010777359541430664,False,False,,False,,,False,False,,False,,,False,False,
FTH,25.889999389648438,25.75,-0.005407469793313857,0.0,True,5466.0,-0.05407469793313857,False,False,,True,15551.0,-0.027037348966569286,False,False,,False,,,False,False,
FTHM,0.930899977684021,0.9300000071525574,-0.0009667746836804492,0.0,False,,,False,True,9969.0,False,,,False,False,,False,,,False,False,
FTHM,0.991599977016449,0.9901000261306763,-0.0015126572413663997,0.0,False,,,False,True,7558.0,False,,,False,False,,False,,,False,False,
FTHM,0.9107999801635742,0.9200000166893005,0.010101050423907632,1040.0,False,,,False,True,14039.0,False,,,False,False,,False,,,False,False,
FTHM,0.9638000130653381,0.9632999897003174,-0.0005188040654102721,0.0,False,,,False,True,12985.0,False,,,False,False,,False,,,False,False,
FTK,24.174999237060547,24.219999313354492,0.0018614303087529649,0.0,False,,,False,True,2606.0,False,,,False,False,,False,,,False,False,
FTK,25.239999771118164,25.235000610351562,-0.0001980650083968083,0.0,True,12837.0,-0.001980650083968083,False,True,21452.0,False,,,False,False,,False,,,False,False,
FTK,25.84,25.760000228881836,-0.003095966374541903,69.0,False,,,False,True,1514.0,False,,,False,False,,False,,,False,False,
FTK,22.920000076293945,22.860000610351562,-0.0026177777374634115,0.0,True,1456.0,-0.026177777374634115,False,False,,True,19919.0,-0.013088888687317057,False,False,,False,,,False,False,
FTK,25.46500015258789,25.459999084472656,-0.00019638987179526612,0.0,True,2626.0,-0.0019638987179526612,False,True,11170.0,False,,,False,False,,False,,,False,False,
FTRE,17.05500030517578,17.049999237060547,-0.00029323178104645464,0.0,True,22919.0,-0.0029323178104645464,False,False,,False,,,False,False,,False,,,False,False,
FTRE,19.645000457763672,19.690000534057617,0.0022906630310697285,0.0,False,,,False,False,,False,,,False,False,,False,,,False,False,
FTRE,18.18000030517578,18.184999465942383,0.00027498133568126804,0.0,True,1151.0,0.0027498133568126804,False,False,,False,,,False,False,,False,,,False,False,
FUBO,8.675000190734863,8.6899995803833,0.0017290362326973785,0.0,False,,,False,False,,False,,,False,False,,False,,,False,False,
FUBO,8.35,8.669899940490723,0.03831137011864949,51.0,False,,,False,False,,False,,,False,False,,False,,,False,False,
FUBO,8.75,8.76990032196045,0.0022743225097656694,0.0,False,,,False,False,,False,,,False,False,,False,,,False,False,
FUBO,9.84000015258789,9.850000381469727,0.0010162834071913984,0.0,False,,,False,True,8416.0,False,,,False,False,,False,,,False,False,
FUBO,9.829999923706055,9.829999923706055,0.0,0.0,False,,,False,True,8414.0,False,,,False,False,,False,,,False,False,
FUBO,9.059499740600586,9.050000190734863,-0.0010485733360253713,0.0,False,,,False,False,,False,,,False,False,,False,,,False,False,
FUL,55.9900016784668,55.97999954223633,-0.00017864147045232315,0.0,False,,,False,False,,False,,,False,False,,False,,,False,False,
FUL,56.2400016784668,56.23500061035156,-8.892368360557956e-05,0.0,False,,,False,False,,False,,,False,False,,False,,,False,False,
FUL,55.9900016784668,55.869998931884766,-0.0021432888548774676,0.0,False,,,False,False,,False,,,False,False,,False,,,False,False,
FUL,55.81999969482422,55.83000183105469,0.00017918553000995097,0.0,False,,,False,False,,False,,,False,False,,False,,,False,False,
FUL,55.869998931884766,55.82500076293945,-0.0008054084447034482,0.0,False,,,False,False,,False,,,False,False,,False,,,False,False,
FUL,54.68000030517578,54.720001220703125,0.0007315456346761451,0.0,False,,,False,False,,False,,,False,False,,False,,,False,False,
FUL,55.68000030517578,55.540000915527344,-0.0025143568405372463,0.0,False,,,False,False,,False,,,False,False,,False,,,False,False,
FUL,57.025001525878906,57.025001525878906,0.0,0.0,False,,,False,False,,False,,,False,False,,False,,,False,False,
FUL,55.80500030517578,55.86000061035156,0.0009855802325060559,0.0,False,,,False,False,,False,,,False,False,,False,,,False,False,
FUL,55.119998931884766,55.15999984741211,0.0007257060287098049,0.0,False,,,False,False,,False,,,False,False,,False,,,False,False,
FUL,57.8650016784668,57.8650016784668,0.0,0.0,False,,,False,False,,False,,,False,False,,False,,,False,False,
FUL,55.025001525878906,55.034698486328125,0.00017622826315877305,0.0,False,,,False,False,,False,,,False,False,,False,,,False,False,
FUL,54.939998626708984,54.915000915527344,-0.00045500021489786047,0.0,False,,,False,False,,False,,,False,False,,False,,,False,False,
FUL,55.12,55.650001525878906,0.00961541229823859,172.0,False,,,False,False,,False,,,False,False,,False,,,False,False,
FUL,56.69499969482422,56.779998779296875,0.001499234234591862,0.0,False,,,False,False,,False,,,False,False,,False,,,False,False,
FULT,24.68000030517578,24.700000762939453,0.0008103913094148485,0.0,False,,,False,False,,False,,,False,False,,False,,,False,False,
FULT,24.540000915527344,24.549999237060547,0.0004074295501299563,0.0,False,,,False,False,,False,,,False,False,,False,,,False,False,
FULT,24.549999237060547,24.559999465942383,0.00040734131130815143,0.0,False,,,False,False,,False,,,False,False,,False,,,False,False,
FULT,24.170000076293945,24.174999237060547,0.00020683329544146645,0.0,False,,,False,False,,False,,,False,False,,False,,,False,False,
FUN,16.790000915527344,16.780000686645508,-0.0005956062142074003,0.0,True,7236.0,-0.005956062142074003,False,False,,False,,,False,False,,False,,,False,False,
FUN,16.920000076293945,16.920000076293945,0.0,0.0,True,7405.0,0.0,False,False,,False,,,False,False,,False,,,False,False,
FUNC,44.959999084472656,45.099998474121094,0.0031138654915316977,0.0,False,,,False,False,,False,,,False,False,,False,,,False,False,
FUNC,45.5,45.5,0.0,0.0,False,,,False,False,,False,,,False,False,,False,,,False,False,
FUNC,45.95000076293945,46.0,0.0010881226600734095,0.0,False,,,False,False,,False,,,False,False,,False,,,False,False,
FUNC,45.86,45.52000045776367,-0.007413858313046862,2.0,False,,,False,False,,False,,,False,False,,False,,,False,False,
FVCB,17.329999923706055,17.274999618530273,-0.003173704871201166,3934.0,False,,,False,False,,False,,,False,False,,False,,,False,False,
FVCB,17.25,17.270000457763672,0.0011594468268796287,0.0,True,28555.0,0.011594468268796287,False,False,,False,,,False,False,,False,,,False,False,
FWDI,4.092299938201904,4.09499979019165,0.0006597395182457166,0.0,False,,,False,False,,False,,,False,False,,False,,,False,False,
FWDI,4.065000057220459,4.065000057220459,0.0,0.0,True,8315.0,0.0,False,False,,False,,,False,False,,False,,,False,False,
FWRD,15.890000343322754,15.800000190734863,-0.005663949065030094,0.0,False,,,False,True,10026.0,False,,,False,False,,False,,,False,False,
FWRD,13.789999961853027,13.789999961853027,0.0,0.0,True,7115.0,0.0,False,False,,True,8557.0,0.0,False,False,,False,,,False,False,
FWRD,13.75,13.789999961853027,0.002909088134765536,0.0,True,7048.0,0.029090881347655362,False,False,,True,8489.0,0.014545440673827681,False,False,,False,,,False,False,
FWRD,12.925000190734863,12.925000190734863,0.0,0.0,True,16927.0,0.0,False,False,,True,16927.0,0.0,False,False,,False,,,False,False,
GABC,46.86000061035156,46.83000183105469,-0.0006401788072160075,0.0,True,10023.0,-0.006401788072160075,False,False,,False,,,False,False,,False,,,False,False,
GABC,47.529998779296875,47.52000045776367,-0.0002103581272877575,0.0,False,,,False,False,,False,,,False,False,,False,,,False,False,
GABC,46.95000076293945,46.97999954223633,0.0006389516253331173,0.0,True,31515.0,0.006389516253331173,False,False,,False,,,False,False,,False,,,False,False,
GABC,47.68000030517578,47.689998626708984,0.00020969633953882294,0.0,False,,,False,False,,False,,,False,False,,False,,,False,False,
GABC,46.91999816894531,46.959999084472656,0.0008525344647991595,0.0,True,28417.0,0.008525344647991595,False,False,,False,,,False,False,,False,,,False,False,
GABC,46.570098876953125,46.70000076293945,0.002789383942034318,0.0,True,28777.0,0.02789383942034318,False,False,,False,,,False,False,,False,,,False,False,
GABC,47.0,47.01499938964844,0.00031913594996679784,0.0,True,10070.0,0.0031913594996679784,False,False,,False,,,False,False,,False,,,False,False,
GAIN,16.510000228881836,16.5049991607666,-0.00030291145038785494,0.0,False,,,False,False,,False,,,False,False,,False,,,False,False,
GAIN,16.610000610351562,16.610000610351562,0.0,0.0,False,,,False,False,,False,,,False,False,,False,,,False,False,
GAME,0.3147999942302704,0.3149999976158142,0.0006353347814789245,0.0,True,7056.0,0.006353347814789245,False,False,,True,9936.0,0.0031766739073946226,False,False,,False,,,False,False,
GAME,0.3709000051021576,0.3725000023841858,0.0043138238339670565,0.0,False,,,False,False,,False,,,False,False,,False,,,False,False,
GAME,0.3122999966144562,0.3149999976158142,0.008645536441331592,3.0,True,6875.0,0.08645536441331592,False,False,,True,9755.0,0.04322768220665796,False,False,,False,,,False,False,
GAME,0.38839998841285706,0.3898000121116638,0.003604592534947715,0.0,False,,,False,True,8784.0,False,,,False,False,,False,,,False,False,
GAME,0.3725000023841858,0.37720000743865967,0.012617463152728936,0.0,False,,,False,False,,False,,,False,False,,False,,,False,False,
GAME,0.3221000134944916,0.3246999979019165,0.008071978573417127,0.0,True,3994.0,0.08071978573417127,False,False,,True,6876.0,0.040359892867085634,False,False,,False,,,False,False,
GAME,0.350600004196167,0.350600004196167,0.0,0.0,True,4228.0,0.0,False,False,,True,5695.0,0.0,False,False,,False,,,False,False,
GAME,0.3262999951839447,0.3264999985694885,0.0006129432684516267,0.0,True,4104.0,0.006129432684516267,False,False,,True,6937.0,0.0030647163422581336,False,False,,False,,,False,False,
GAME,0.3156999945640564,0.3158000111579895,0.0003168089821199427,0.0,True,6826.0,0.003168089821199427,False,False,,True,9706.0,0.0015840449105997134,False,False,,False,,,False,False,
GAME,0.32190001010894775,0.3237000107765198,0.005591800593491181,0.0,True,4121.0,0.05591800593491181,False,False,,True,7003.0,0.027959002967455904,False,False,,False,,,False,False,
GAME,0.3474999964237213,0.34769999980926514,0.0005755493168406733,0.0,True,4172.0,0.005755493168406733,False,False,,True,5704.0,0.0028777465842033667,False,False,,False,,,False,False,
GAME,0.31470000743865967,0.3165999948978424,0.006037456035183242,1046.0,True,6817.0,0.06037456035183242,False,False,,True,9697.0,0.03018728017591621,False,False,,False,,,False,False,
GANX,1.8700000047683716,1.8700000047683716,0.0,0.0,False,,,False,True,8507.0,False,,,False,False,,False,,,False,False,
GANX,1.8350000381469727,1.840000033378601,0.0027247929851148545,0.0,False,,,False,False,,False,,,False,False,,False,,,False,False,
GANX,1.7400000095367432,1.75,0.0057471209243953325,0.0,False,,,False,False,,False,,,False,False,,False,,,False,False,
GANX,1.751099944114685,1.7589000463485718,0.004454401509235595,0.0,False,,,False,False,,False,,,False,False,,False,,,False,False,
GANX,1.7802000045776367,1.7899999618530273,0.005504975424216907,0.0,False,,,False,True,1378.0,False,,,False,False,,False,,,False,False,
GANX,1.7350000143051147,1.7350000143051147,0.0,0.0,False,,,False,False,,False,,,False,False,,False,,,False,False,
GANX,1.625,1.649999976158142,0.015384600712702756,28.0,True,295.0,0.15384600712702756,False,False,,False,,,False,False,,False,,,False,False,
GAP,19.954999923706055,19.954999923706055,0.0,0.0,False,,,False,False,,False,,,False,False,,False,,,False,False,
GBCI,53.369998931884766,53.380001068115234,0.00018741121286569573,0.0,False,,,False,False,,False,,,False,False,,False,,,False,False,
GBDC,12.6899995803833,12.6850004196167,-0.00039394491189181924,0.0,False,,,False,False,,False,,,False,False,,False,,,False,False,
GBDC,12.984999656677246,12.984999656677246,0.0,0.0,False,,,False,False,,False,,,False,False,,False,,,False,False,
GBFH,30.549999237060547,30.799999237060547,0.008183306260012069,914.0,False,,,False,True,23953.0,False,,,False,True,24018.0,False,,,False,False,
GBFH,30.725000381469727,30.690000534057617,-0.0011391325297823718,3932.0,False,,,False,True,18327.0,False,,,False,True,18385.0,False,,,False,False,
GBFH,31.924999237060547,31.454999923706055,-0.014721983542254513,0.0,False,,,False,True,18688.0,False,,,False,True,18711.0,False,,,False,False,
GBFH,31.934999465942383,31.90999984741211,-0.000782828211941422,0.0,False,,,False,True,18697.0,False,,,False,True,18720.0,False,,,False,False,
GBFH,31.309999465942383,31.229999542236328,-0.0025550918259540367,0.0,False,,,False,True,21477.0,False,,,False,True,21528.0,False,,,False,False,
GBFH,31.040000915527344,30.895000457763672,-0.004671406362334762,0.0,False,,,False,True,24452.0,False,,,False,True,24511.0,False,,,False,False,
GBFH,31.5,31.600000381469727,0.0031746152847531572,0.0,False,,,False,True,20125.0,False,,,False,True,20176.0,False,,,False,False,
GBFH,30.90999984741211,30.954999923706055,0.0014558420095791558,0.0,False,,,False,True,18444.0,False,,,False,True,18502.0,False,,,False,False,
GBFH,31.0049991607666,30.56999969482422,-0.014029978316942748,0.0,False,,,False,True,24438.0,False,,,False,True,24497.0,False,,,False,False,
GBTG,9.40999984741211,9.40999984741211,0.0,0.0,False,,,False,False,,False,,,False,False,,False,,,False,False,
GBTG,9.395000457763672,9.395000457763672,0.0,0.0,False,,,False,False,,False,,,False,False,,False,,,False,False,
GBX,52.349998474121094,52.30500030517578,-0.0008595639017555667,0.0,False,,,False,False,,False,,,False,False,,False,,,False,False,
GBX,46.18000030517578,46.22999954223633,0.0010827032639699752,0.0,True,11431.0,0.010827032639699752,False,False,,False,,,False,False,,False,,,False,False,
GBX,49.720001220703125,49.779998779296875,0.001206708711197102,0.0,False,,,False,False,,False,,,False,False,,False,,,False,False,
GCBC,32.560001373291016,32.84000015258789,0.008599470745924487,0.0,False,,,False,False,,False,,,False,False,,False,,,False,False,
GCBC,31.889999389648438,32.08000183105469,0.005958057229312086,0.0,False,,,False,False,,False,,,False,False,,False,,,False,False,
GCO,34.70500183105469,34.70000076293945,-0.00014410222882510482,0.0,True,2891.0,-0.0014410222882510482,False,False,,False,,,False,False,,False,,,False,False,
GCO,37.119998931884766,36.959999084472656,-0.004310340840949611,0.0,False,,,False,False,,False,,,False,False,,False,,,False,False,
GCO,36.81999969482422,36.880001068115234,0.0016295864689930273,0.0,False,,,False,False,,False,,,False,False,,False,,,False,False,
GCO,36.97,37.9900016784668,0.027589983188174072,250.0,False,,,False,False,,False,,,False,False,,False,,,False,False,
GCO,35.959999084472656,36.02000045776367,0.0016685588103066973,0.0,True,20382.0,0.016685588103066973,False,False,,False,,,False,False,,False,,,False,False,
GCO,35.974998474121094,36.02000045776367,0.0012509238513227494,0.0,True,11507.0,0.012509238513227494,False,False,,False,,,False,False,,False,,,False,False,
GCO,37.255001068115234,37.209999084472656,-0.0012079447685506839,0.0,False,,,False,False,,False,,,False,False,,False,,,False,False,
GCO,36.880001068115234,37.029998779296875,0.004067182940277192,0.0,False,,,False,False,,False,,,False,False,,False,,,False,False,
GCO,35.34000015258789,35.47999954223633,0.003961499407016511,0.0,True,18553.0,0.03961499407016511,False,False,,False,,,False,False,,False,,,False,False,
GCO,36.45000076293945,36.43000030517578,-0.0005487093921822117,0.0,False,,,False,False,,False,,,False,False,,False,,,False,False,
GCO,36.53990173339844,36.54999923706055,0.00027634183955349556,0.0,False,,,False,False,,False,,,False,False,,False,,,False,False,
GCO,36.459999084472656,36.59000015258789,0.003565580674153024,0.0,False,,,False,False,,False,,,False,False,,False,,,False,False,
GCO,34.375,34.48500061035156,0.0032000177556819054,0.0,True,3963.0,0.032000177556819054,False,False,,False,,,False,False,,False,,,False,False,
GCO,36.59000015258789,36.58000183105469,-0.00027325284207457834,0.0,False,,,False,False,,False,,,False,False,,False,,,False,False,
GCTK,0.414000004529953,0.414000004529953,0.0,0.0,True,7401.0,0.0,False,True,10.0,True,7490.0,0.0,False,True,285.0,True,10059.0,0.0,False,False,
GCTK,0.45010000467300415,0.4690000116825104,0.04199068387754634,1003.0,True,1031.0,0.4199068387754634,False,True,9849.0,True,1367.0,0.2099534193877317,False,True,11083.0,False,,,False,False,
GCTK,0.3564999997615814,0.35659998655319214,0.0002804678588430587,0.0,True,12720.0,0.002804678588430587,False,True,1235.0,False,,,False,True,9882.0,False,,,False,False,
GCTK,0.31529998779296875,0.3345000147819519,0.060894474254119535,99.0,True,445.0,0.6089447425411953,False,False,,True,482.0,0.3044723712705977,False,False,,True,9120.0,0.12178894850823907,False,False,
GECC,5.440000057220459,5.390100002288818,-0.00917280411889132,0.0,False,,,False,False,,False,,,False,False,,False,,,False,False,
GECC,5.420000076293945,5.485000133514404,0.011992630314666686,0.0,False,,,False,False,,False,,,False,False,,False,,,False,False,
GEHC,65.19499969482422,65.16000366210938,-0.0005367901354192961,0.0,False,,,False,False,,False,,,False,False,,False,,,False,False,
GETY,0.4374,0.4399999976158142,0.005944210369945635,281.0,False,,,False,True,1847.0,False,,,False,False,,False,,,False,False,
GETY,0.6395000219345093,0.6402999758720398,0.0012509052542495347,0.0,False,,,False,True,1241.0,False,,,False,True,1563.0,False,,,False,False,
GETY,0.5161,0.5379999876022339,0.042433612870051984,111.0,False,,,False,True,4431.0,False,,,False,True,10194.0,False,,,False,False,
GETY,0.7275999784469604,0.7299000024795532,0.0031611106387086085,0.0,True,100.0,0.031611106387086085,False,True,17390.0,True,159.0,0.015805553193543043,False,False,,False,,,False,False,
GETY,0.645,0.6703000068664551,0.039224816847217125,987.0,False,,,False,True,2461.0,False,,,False,True,2787.0,False,,,False,False,
GEVO,1.5850000381469727,1.5850000381469727,0.0,0.0,False,,,False,True,2688.0,False,,,False,False,,False,,,False,False,
GEVO,1.4800000190734863,1.475000023841858,-0.0033783751129669026,0.0,True,11341.0,-0.033783751129669026,False,False,,False,,,False,False,,False,,,False,False,
GGRP,0.8565000295639038,0.8766999840736389,0.023584301006994934,0.0,True,213.0,0.23584301006994934,False,False,,True,7335.0,0.11792150503497467,False,False,,False,,,False,False,
GGRP,0.979200005531311,0.979200005531311,0.0,0.0,True,7006.0,0.0,False,True,2721.0,False,,,False,False,,False,,,False,False,
GGRP,0.8565000295639038,0.8766999840736389,0.023584301006994934,5.0,True,218.0,0.23584301006994934,False,False,,True,7340.0,0.11792150503497467,False,False,,False,,,False,False,
GGRP,0.8565000295639038,0.8766999840736389,0.023584301006994934,148.0,True,361.0,0.23584301006994934,False,False,,True,7483.0,0.11792150503497467,False,False,,False,,,False,False,
GGRP,0.8047999739646912,0.8047999739646912,0.0,0.0,True,9878.0,0.0,False,False,,True,10053.0,0.0,False,False,,False,,,False,False,
GHI,5.380000114440918,5.429999828338623,0.00929362692084279,0.0,False,,,False,False,,False,,,False,False,,False,,,False,False,
GHI,5.25,5.25,0.0,0.0,False,,,False,False,,False,,,False,False,,False,,,False,False,
GHI,5.38,5.429999828338623,0.009293648390078735,3920.0,False,,,False,False,,False,,,False,False,,False,,,False,False,
GHI,5.25,5.269999980926514,0.003809520176478731,0.0,False,,,False,False,,False,,,False,False,,False,,,False,False,
GIC,34.709999084472656,34.70000076293945,-0.0002880530624294053,0.0,False,,,False,False,,False,,,False,False,,False,,,False,False,
GL,184.25,184.25,0.0,0.0,False,,,False,False,,False,,,False,False,,False,,,False,False,
GL,179.18499755859375,179.18499755859375,0.0,0.0,False,,,False,False,,False,,,False,False,,False,,,False,False,
GL,177.36000061035156,177.4550018310547,0.0005356406200731634,0.0,False,,,False,False,,False,,,False,False,,False,,,False,False,
GLP,48.47,48.880001068115234,0.008458862556534719,1035.0,False,,,False,False,,False,,,False,False,,False,,,False,False,
GLW,186.37159729003906,186.5500030517578,0.000957258317860088,0.0,False,,,False,True,2915.0,False,,,False,True,5616.0,False,,,False,False,
GM,75.92500305175781,75.9000015258789,-0.0003292923921499602,0.0,False,,,False,False,,False,,,False,False,,False,,,False,False,
GM,77.6449966430664,77.67500305175781,0.00038645643619950043,0.0,False,,,False,False,,False,,,False,False,,False,,,False,False,
GM,77.85,77.72000122070312,-0.00166986229026167,40.0,False,,,False,False,,False,,,False,False,,False,,,False,False,
GM,76.69000244140625,76.66999816894531,-0.0002608458967806593,0.0,False,,,False,False,,False,,,False,False,,False,,,False,False,
GM,76.03,75.5,-0.006970932526634277,856.0,False,,,False,False,,False,,,False,False,,False,,,False,False,
GM,82.13,81.74400329589844,-0.004699825935730595,909.0,True,8224.0,-0.04699825935730595,False,False,,False,,,False,False,,False,,,False,False,
GM,76.70500183105469,76.70439910888672,-7.857664475308113e-06,0.0,False,,,False,False,,False,,,False,False,,False,,,False,False,
GME,21.700000762939453,21.719999313354492,0.0009215921526231075,0.0,False,,,False,False,,False,,,False,False,,False,,,False,False,
GME,22.295000076293945,22.309999465942383,0.0006727692126984319,0.0,False,,,False,False,,False,,,False,False,,False,,,False,False,
GME,21.7549991607666,21.7549991607666,0.0,0.0,False,,,False,False,,False,,,False,False,,False,,,False,False,
GME,21.690000534057617,21.690000534057617,0.0,0.0,False,,,False,False,,False,,,False,False,,False,,,False,False,
GME,21.68,21.84000015258789,0.00738008083892483,3846.0,False,,,False,False,,False,,,False,False,,False,,,False,False,
GME,22.21500015258789,22.225000381469727,0.00045015659748592896,0.0,False,,,False,False,,False,,,False,False,,False,,,False,False,
GME,21.28499984741211,21.299999237060547,0.0007046929648093503,0.0,False,,,False,False,,False,,,False,False,,False,,,False,False,
GME,22.3700008392334,22.360000610351562,-0.0004470374835344737,0.0,False,,,False,False,,False,,,False,False,,False,,,False,False,
GME,21.79,21.829999923706055,0.0018357009502549815,118.0,False,,,False,False,,False,,,False,False,,False,,,False,False,
GME,21.8174991607666,21.81999969482422,0.00011461139698876188,0.0,False,,,False,False,,False,,,False,False,,False,,,False,False,
GNL,8.930000305175781,8.930000305175781,0.0,0.0,False,,,False,False,,False,,,False,False,,False,,,False,False,
GNL,9.175000190734863,9.170000076293945,-0.0005449715898607765,0.0,False,,,False,False,,False,,,False,False,,False,,,False,False,
GNL,8.85,8.944999694824219,0.010734428793697015,71.0,False,,,False,False,,False,,,False,False,,False,,,False,False,
GNL,9.130000114440918,9.125,-0.0005476576536959099,0.0,False,,,False,False,,False,,,False,False,,False,,,False,False,
GNL,9.079400062561035,9.079999923706055,6.606836805134186e-05,0.0,False,,,False,False,,False,,,False,False,,False,,,False,False,
GNL,8.9350004196167,8.930000305175781,-0.0005596098719750087,0.0,False,,,False,False,,False,,,False,False,,False,,,False,False,
GNL,9.164999961853027,9.175000190734863,0.001091132452095911,0.0,False,,,False,False,,False,,,False,False,,False,,,False,False,
GNL,8.970000267028809,8.984999656677246,0.0016721727092441352,0.0,False,,,False,False,,False,,,False,False,,False,,,False,False,
GNPX,10.694199562072754,9.569999694824219,-0.1051223946891302,1016.0,False,,,False,True,1016.0,False,,,False,True,1071.0,False,,,False,True,1191.0
GNSS,1.8049999475479126,1.8049999475479126,0.0,0.0,False,,,False,True,24162.0,False,,,False,False,,False,,,False,False,
GNTX,23.014999389648438,23.010000228881836,-0.0002172131609462502,0.0,False,,,False,False,,False,,,False,False,,False,,,False,False,
GNW,10.0,10.0068998336792,0.0006899833679199219,213.0,False,,,False,False,,False,,,False,False,,False,,,False,False,
GNW,10.055000305175781,10.055000305175781,0.0,0.0,False,,,False,False,,False,,,False,False,,False,,,False,False,
GNW,10.085000038146973,10.085000038146973,0.0,0.0,False,,,False,False,,False,,,False,False,,False,,,False,False,
GOGO,4.045000076293945,4.045000076293945,0.0,0.0,False,,,False,False,,False,,,False,False,,False,,,False,False,
GOGO,3.6449999809265137,3.6449999809265137,0.0,0.0,True,18844.0,0.0,False,False,,False,,,False,False,,False,,,False,False,
GOGO,3.6649999618530273,3.6600000858306885,-0.0013642226669522417,0.0,True,18810.0,-0.013642226669522417,False,False,,False,,,False,False,,False,,,False,False,
GOSS,0.14839999377727509,0.148499995470047,0.0006738658825147237,0.0,True,9844.0,0.006738658825147237,False,True,5616.0,True,9959.0,0.0033693294125736184,False,False,,True,11284.0,0.0013477317650294474,False,False,
GOSS,0.15219999849796295,0.1543000042438507,0.013797672579581866,0.0,True,234.0,0.13797672579581866,False,True,8850.0,True,15949.0,0.06898836289790933,False,False,,False,,,False,False,
GOSS,0.1704999953508377,0.16449999809265137,-0.035190600714329334,1005.0,True,15522.0,-0.35190600714329334,False,True,5468.0,True,15581.0,-0.17595300357164667,False,True,9704.0,True,16845.0,-0.07038120142865867,False,False,
GOVX,0.9049999713897705,0.880299985408783,-0.027292803051757963,0.0,True,10.0,-0.27292803051757963,False,True,10291.0,False,,,False,True,11533.0,False,,,False,False,
GOVX,0.9470000267028809,0.9449999928474426,-0.0021119681088095366,0.0,False,,,False,True,4503.0,False,,,False,True,5820.0,False,,,False,False,
GOVX,0.8805000185966492,0.9150000214576721,0.03918228521563183,107.0,False,,,False,True,220.0,False,,,False,True,319.0,False,,,False,False,
GPC,122.20999908447266,122.16000366210938,-0.0004090943682008019,0.0,False,,,False,True,9727.0,False,,,False,False,,False,,,False,False,
GPC,122.43000030517578,122.41000366210938,-0.0001633312343098936,0.0,False,,,False,True,9908.0,False,,,False,False,,False,,,False,False,
GPC,121.12000274658203,121.1449966430664,0.00020635647223921083,0.0,False,,,False,False,,False,,,False,False,,False,,,False,False,
GPC,129.14999389648438,129.2899932861328,0.0010840061654253663,0.0,False,,,False,True,19798.0,False,,,False,False,,False,,,False,False,
GPI,298.625,298.7200012207031,0.0003181288261302484,0.0,True,9925.0,0.003181288261302484,False,False,,True,28637.0,0.001590644130651242,False,False,,False,,,False,False,
GPUS,0.13089999556541443,0.13099999725818634,0.000763954898088226,0.0,False,,,False,False,,False,,,False,False,,False,,,False,False,
GPUS,0.135,0.13169999420642853,-0.02444448735978877,3731.0,False,,,False,False,,False,,,False,False,,False,,,False,False,
GPUS,0.1200999990105629,0.12020000070333481,0.000832653568657582,0.0,True,2706.0,0.00832653568657582,False,False,,False,,,False,False,,False,,,False,False,
GRC,79.58000183105469,79.69499969482422,0.0014450598281421367,0.0,False,,,False,False,,False,,,False,False,,False,,,False,False,
GRC,79.5,79.11000061035156,-0.004905652699980334,317.0,False,,,False,False,,False,,,False,False,,False,,,False,False,
GRC,78.07,80.00499725341797,0.024785413775047616,1035.0,False,,,False,False,,False,,,False,False,,False,,,False,False,
GRCE,2.509999990463257,2.509999990463257,0.0,0.0,False,,,False,True,19947.0,False,,,False,True,21699.0,False,,,False,False,
GRCE,2.450000047683716,2.440000057220459,-0.004081628681073313,0.0,False,,,False,True,21501.0,False,,,False,True,23246.0,False,,,False,False,
GRCE,2.434999942779541,2.440000057220459,0.0020534351369265735,0.0,False,,,False,True,11149.0,False,,,False,True,12892.0,False,,,False,False,
GRDX,4.039999961853027,4.019999980926514,-0.0049504903750891005,0.0,False,,,False,True,2983.0,False,,,False,True,7344.0,False,,,False,False,
GRDX,3.9200000762939453,3.940000057220459,0.005102035851341613,0.0,False,,,False,True,7068.0,False,,,False,True,12722.0,False,,,False,False,
GRDX,3.9000000953674316,3.8299999237060547,-0.01794876152555125,0.0,False,,,False,True,7308.0,False,,,False,True,12962.0,False,,,False,False,
GRDX,4.480000019073486,4.420199871063232,-0.013348247266887547,0.0,False,,,False,True,297.0,False,,,False,True,10106.0,False,,,False,False,
GRDX,4.380000114440918,4.355000019073486,-0.005707784181330444,0.0,False,,,False,True,1658.0,False,,,False,True,10221.0,False,,,False,False,
GSBC,76.95999908447266,77.8949966430664,0.012149136820642115,1040.0,False,,,False,False,,False,,,False,False,,False,,,False,False,
GSBC,77.93499755859375,77.94999694824219,0.00019246025685903945,0.0,False,,,False,False,,False,,,False,False,,False,,,False,False,
GSBD,8.595000267028809,8.595000267028809,0.0,0.0,False,,,False,False,,False,,,False,False,,False,,,False,False,
GSHD,56.779998779296875,56.9900016784668,0.003698536521393736,0.0,True,9867.0,0.03698536521393736,False,True,3940.0,True,11501.0,0.01849268260696868,False,False,,False,,,False,False,
GSHD,55.70000076293945,55.665000915527344,-0.0006283634996895326,0.0,True,28441.0,-0.0062836349968953265,False,True,10064.0,True,29958.0,-0.0031418174984476632,False,False,,False,,,False,False,
GSHD,62.25,62.15999984741211,-0.0014457855837411993,0.0,True,1620.0,-0.014457855837411993,False,False,,False,,,False,False,,False,,,False,False,
GSHD,62.20000076293945,62.189998626708984,-0.00016080604674895138,0.0,True,1437.0,-0.0016080604674895138,False,False,,False,,,False,False,,False,,,False,False,
GSHD,54.560001373291016,54.540000915527344,-0.00036657729582578735,0.0,True,8473.0,-0.0036657729582578735,False,True,2716.0,True,9978.0,-0.0018328864791289368,False,False,,False,,,False,False,
GSHD,55.220001220703125,55.45500183105469,0.004255715413918892,0.0,True,10011.0,0.042557154139188924,False,True,4245.0,True,11516.0,0.021278577069594462,False,False,,False,,,False,False,
GSHD,61.54999923706055,61.630001068115234,0.001299786060866781,0.0,True,1458.0,0.01299786060866781,False,False,,False,,,False,False,,False,,,False,False,
GSHD,56.9,56.849998474121094,-0.000878761438996567,1000.0,True,27234.0,-0.00878761438996567,False,True,1245.0,True,28721.0,-0.004393807194982835,False,False,,False,,,False,False,
GSOL,5.829899787902832,5.84499979019165,0.0025900963718366032,0.0,False,,,False,False,,False,,,False,False,,False,,,False,False,
GSOL,5.849899768829346,5.855000019073486,0.0008718525864865878,0.0,False,,,False,False,,False,,,False,False,,False,,,False,False,
GT,6.679999828338623,6.679999828338623,0.0,0.0,True,15594.0,0.0,False,False,,False,,,False,False,,False,,,False,False,
GT,7.324999809265137,7.335000038146973,0.0013652189955264404,0.0,False,,,False,False,,False,,,False,False,,False,,,False,False,
GT,7.025000095367432,7.070000171661377,0.006405704723565719,0.0,False,,,False,False,,False,,,False,False,,False,,,False,False,
GT,7.275000095367432,7.275000095367432,0.0,0.0,False,,,False,False,,False,,,False,False,,False,,,False,False,
GTES,27.299999237060547,27.309999465942383,0.00036630876048748817,0.0,False,,,False,False,,False,,,False,False,,False,,,False,False,
GTES,26.06999969482422,26.079999923706055,0.00038359144606436857,0.0,False,,,False,False,,False,,,False,False,,False,,,False,False,
GTES,25.735000610351562,25.735000610351562,0.0,0.0,False,,,False,False,,False,,,False,False,,False,,,False,False,
GTES,25.68000030517578,25.665000915527344,-0.0005840883750073411,0.0,False,,,False,False,,False,,,False,False,,False,,,False,False,
GTES,27.290000915527344,27.309999465942383,0.000732816040458939,0.0,False,,,False,False,,False,,,False,False,,False,,,False,False,
GTES,26.344999313354492,26.350000381469727,0.00018982988216276198,0.0,False,,,False,False,,False,,,False,False,,False,,,False,False,
GTES,25.969999313354492,25.969999313354492,0.0,0.0,False,,,False,False,,False,,,False,False,,False,,,False,False,
GTES,26.4950008392334,26.520000457763672,0.0009435598316061,0.0,False,,,False,False,,False,,,False,False,,False,,,False,False,
GTX,32.595001220703125,32.619998931884766,0.0007669185533198952,0.0,False,,,False,False,,False,,,False,False,,False,,,False,False,
GTX,31.549999237060547,31.540000915527344,-0.0003169040182244842,0.0,False,,,False,False,,False,,,False,False,,False,,,False,False,
GTX,31.93000030517578,31.975000381469727,0.0014093352916959567,0.0,False,,,False,True,17113.0,False,,,False,False,,False,,,False,False,
GTX,31.579999923706055,31.600000381469727,0.0006333267198224135,0.0,False,,,False,False,,False,,,False,False,,False,,,False,False,
GTY,35.349998474121094,35.35499954223633,0.0001414729372306578,0.0,False,,,False,False,,False,,,False,False,,False,,,False,False,
GTY,36.040000915527344,36.05500030517578,0.00041618727157066715,0.0,False,,,False,False,,False,,,False,False,,False,,,False,False,
GTY,34.70000076293945,34.69499969482422,-0.00014412299727029065,0.0,False,,,False,False,,False,,,False,False,,False,,,False,False,
GUTS,0.800599992275238,0.8007000088691711,0.00012492704833633184,0.0,False,,,False,True,2693.0,False,,,False,False,,False,,,False,False,
GVA,124.69499969482422,124.68499755859375,-8.021280929426666e-05,0.0,False,,,False,True,18377.0,False,,,False,False,,False,,,False,False,
GWH,0.8794500231742859,0.8815000057220459,0.0023309824250852262,0.0,True,12802.0,0.023309824250852262,False,True,1325.0,True,13011.0,0.011654912125426131,False,False,,False,,,False,False,
GWH,0.8754000067710876,0.998199999332428,0.14027872014107934,0.0,True,0.0,1.4027872014107934,True,True,2882.0,False,,,False,False,,False,,,False,False,
GWRE,142.75999450683594,142.92999267578125,0.0011907969703457422,0.0,True,18692.0,0.011907969703457422,False,False,,False,,,False,False,,False,,,False,False,
GWRE,150.38499450683594,150.38999938964844,3.3280466770646555e-05,0.0,True,18447.0,0.00033280466770646555,False,True,8354.0,False,,,False,False,,False,,,False,False,
GWRE,136.11000061035156,136.13250732421875,0.00016535679793006075,0.0,True,11520.0,0.0016535679793006075,False,False,,False,,,False,False,,False,,,False,False,
GWRE,149.3699951171875,149.5,0.0008703547369772746,0.0,True,18412.0,0.008703547369772746,False,True,8327.0,False,,,False,False,,False,,,False,False,
GWRE,135.14999389648438,135.14500427246094,-3.691915833348158e-05,0.0,True,4414.0,-0.00036919158333481583,False,False,,True,7179.0,-0.00018459579166740792,False,False,,False,,,False,False,
GWRE,150.02000427246094,150.4600067138672,0.0029329584647066476,0.0,True,17239.0,0.029329584647066476,False,True,7152.0,False,,,False,False,,False,,,False,False,
GWRE,144.72999572753906,144.7899932861328,0.00041454819570851953,0.0,False,,,False,False,,False,,,False,False,,False,,,False,False,
GWRE,143.34750366210938,143.6999969482422,0.002459012379899539,0.0,False,,,False,False,,False,,,False,False,,False,,,False,False,
GWRE,137.06,136.19500732421875,-0.006311051187664174,119.0,True,11936.0,-0.06311051187664174,False,False,,False,,,False,False,,False,,,False,False,
GWRE,149.19000244140625,149.27000427246094,0.0005362412343019596,0.0,True,17076.0,0.005362412343019596,False,True,6992.0,False,,,False,False,,False,,,False,False,
GWRE,137.52999877929688,137.94000244140625,0.00298119439939315,0.0,True,4477.0,0.0298119439939315,False,False,,True,7152.0,0.01490597199696575,False,False,,False,,,False,False,
GYRE,6.929999828338623,6.869999885559082,-0.00865800061555344,0.0,False,,,False,True,8304.0,False,,,False,False,,False,,,False,False,
GYRE,6.920000076293945,6.900000095367432,-0.0028901706222559387,0.0,False,,,False,True,8601.0,False,,,False,False,,False,,,False,False,
GYRE,7.03000020980835,7.03000020980835,0.0,0.0,False,,,False,True,8323.0,False,,,False,True,31705.0,False,,,False,False,
HAE,80.5199966430664,80.51000213623047,-0.0001241245312048056,0.0,False,,,False,False,,False,,,False,False,,False,,,False,False,
HAE,75.3499984741211,75.33999633789062,-0.0001327423547845541,0.0,True,27204.0,-0.001327423547845541,False,False,,False,,,False,False,,False,,,False,False,
HAE,74.47509765625,74.55999755859375,0.0011399770529421094,0.0,True,28494.0,0.011399770529421094,False,False,,False,,,False,False,,False,,,False,False,
HAE,76.43499755859375,76.42500305175781,-0.00013075825413977338,0.0,True,19864.0,-0.0013075825413977338,False,False,,False,,,False,False,,False,,,False,False,
HAE,78.7249984741211,78.69000244140625,-0.00044453519711851186,0.0,False,,,False,False,,False,,,False,False,,False,,,False,False,
HAE,77.1050033569336,77.19000244140625,0.0011023809191625933,0.0,True,10295.0,0.011023809191625933,False,False,,False,,,False,False,,False,,,False,False,
HAE,77.81999969482422,77.7699966430664,-0.0006425475707260153,0.0,True,17441.0,-0.006425475707260153,False,False,,False,,,False,False,,False,,,False,False,
HAE,75.28500366210938,75.30000305175781,0.00019923476016225905,0.0,True,27226.0,0.0019923476016225905,False,False,,False,,,False,False,,False,,,False,False,
HAE,80.38999938964844,80.33999633789062,-0.0006220058730869171,0.0,False,,,False,False,,False,,,False,False,,False,,,False,False,
HAE,76.29000091552734,76.30000305175781,0.00013110677822036898,0.0,True,19898.0,0.0013110677822036898,False,False,,False,,,False,False,,False,,,False,False,
HAFC,32.290000915527344,32.279998779296875,-0.0003097595523963159,0.0,False,,,False,False,,False,,,False,False,,False,,,False,False,
HAFC,31.8799991607666,31.940000534057617,0.0018821008428651087,0.0,False,,,False,False,,False,,,False,False,,False,,,False,False,
HAFC,32.560001373291016,32.529998779296875,-0.0009214555506361632,0.0,False,,,False,False,,False,,,False,False,,False,,,False,False,
HAL,35.290000915527344,35.29499816894531,0.00014160536379503874,0.0,False,,,False,False,,False,,,False,False,,False,,,False,False,
HAL,35.05500030517578,35.05500030517578,0.0,0.0,False,,,False,False,,False,,,False,False,,False,,,False,False,
HAL,34.255001068115234,34.2599983215332,0.00014588390781344884,0.0,False,,,False,False,,False,,,False,False,,False,,,False,False,
HALO,78.3550033569336,78.45500183105469,0.0012762232127738748,0.0,False,,,False,False,,False,,,False,False,,False,,,False,False,
HAPN,18.079999923706055,18.079999923706055,0.0,0.0,False,,,False,False,,False,,,False,False,,False,,,False,False,
HAPN,19.709999084472656,19.700000762939453,-0.0005072715371701175,0.0,False,,,False,False,,False,,,False,False,,False,,,False,False,
HAS,78.9000015258789,78.9000015258789,0.0,0.0,True,15649.0,0.0,False,False,,False,,,False,False,,False,,,False,False,
HAS,79.13500213623047,79.13500213623047,0.0,0.0,False,,,False,False,,False,,,False,False,,False,,,False,False,
HAS,79.05000305175781,79.2750015258789,0.0028462803976589957,0.0,True,10046.0,0.028462803976589957,False,False,,False,,,False,False,,False,,,False,False,
HAS,80.58000183105469,80.56999969482422,-0.00012412678087847517,0.0,True,11422.0,-0.0012412678087847517,False,False,,False,,,False,False,,False,,,False,False,
HAS,88.20999908447266,88.13999938964844,-0.0007935573693542697,0.0,False,,,False,False,,False,,,False,False,,False,,,False,False,
HASI,37.33000183105469,37.375,0.0012054156640270985,0.0,False,,,False,False,,False,,,False,False,,False,,,False,False,
HBAN,17.920000076293945,17.91950035095215,-2.7886458686898763e-05,0.0,False,,,False,False,,False,,,False,False,,False,,,False,False,
HBAN,18.114999771118164,18.114999771118164,0.0,0.0,False,,,False,False,,False,,,False,False,,False,,,False,False,
HBAN,18.260000228881836,18.299999237060547,0.0021905261597665593,0.0,False,,,False,False,,False,,,False,False,,False,,,False,False,
HBAN,17.795000076293945,17.809999465942383,0.000842899105598649,0.0,False,,,False,False,,False,,,False,False,,False,,,False,False,
HBAN,17.910200119018555,17.915000915527344,0.00026804817795933467,0.0,False,,,False,False,,False,,,False,False,,False,,,False,False,
HBAN,18.150999069213867,18.155000686645508,0.0002204626542252619,0.0,False,,,False,False,,False,,,False,False,,False,,,False,False,
HBAN,18.4950008392334,18.4950008392334,0.0,0.0,False,,,False,False,,False,,,False,False,,False,,,False,False,
HBAN,18.06999969482422,18.075000762939453,0.0002767608300882074,0.0,False,,,False,False,,False,,,False,False,,False,,,False,False,
HBAN,17.885000228881836,17.889999389648438,0.0002795169529004049,0.0,False,,,False,False,,False,,,False,False,,False,,,False,False,
HBAN,17.920000076293945,17.921899795532227,0.00010601111775621064,0.0,False,,,False,False,,False,,,False,False,,False,,,False,False,
HBAN,18.01,17.950000762939453,-0.003331440147726128,258.0,False,,,False,False,,False,,,False,False,,False,,,False,False,
HBAN,18.524999618530273,18.524999618530273,0.0,0.0,False,,,False,False,,False,,,False,False,,False,,,False,False,
HBAN,17.885099411010742,17.889999389648438,0.00027396988549477364,0.0,False,,,False,False,,False,,,False,False,,False,,,False,False,
HBAN,18.135000228881836,18.135000228881836,0.0,0.0,False,,,False,False,,False,,,False,False,,False,,,False,False,
HBAN,17.485000610351562,17.5,0.0008578432442007955,0.0,False,,,False,False,,False,,,False,False,,False,,,False,False,
HBAN,17.932100296020508,17.940000534057617,0.0004405640112810083,0.0,False,,,False,False,,False,,,False,False,,False,,,False,False,
HBAN,17.915000915527344,17.91510009765625,5.5362614477250105e-06,0.0,False,,,False,False,,False,,,False,False,,False,,,False,False,
HBAN,17.2450008392334,17.25,0.00028989043336125064,0.0,False,,,False,False,,False,,,False,False,,False,,,False,False,
HBAN,17.46500015258789,17.469999313354492,0.0002862388046336317,0.0,False,,,False,False,,False,,,False,False,,False,,,False,False,
HBAN,17.420000076293945,17.44499969482422,0.0014351101274847622,0.0,False,,,False,False,,False,,,False,False,,False,,,False,False,
HBAN,17.93,17.93000030517578,1.7020400422396165e-08,960.0,False,,,False,False,,False,,,False,False,,False,,,False,False,
HBAN,18.155000686645508,18.184999465942383,0.0016523700447415024,0.0,False,,,False,False,,False,,,False,False,,False,,,False,False,
HBAN,17.815000534057617,17.81999969482422,0.0002806152465191225,0.0,False,,,False,False,,False,,,False,False,,False,,,False,False,
HBAN,17.889999389648438,17.899999618530273,0.0005589843053668275,0.0,False,,,False,False,,False,,,False,False,,False,,,False,False,
HBCP,69.0999984741211,69.1050033569336,7.242956473252349e-05,0.0,False,,,False,False,,False,,,False,False,,False,,,False,False,
HBCP,68.25,68.16000366210938,-0.0013186276614011172,0.0,False,,,False,False,,False,,,False,False,,False,,,False,False,
HBCP,69.01000213623047,69.01000213623047,0.0,0.0,False,,,False,False,,False,,,False,False,,False,,,False,False,
HBCP,68.13500213623047,68.1449966430664,0.00014668682061458327,0.0,False,,,False,False,,False,,,False,False,,False,,,False,False,
HBNC,19.68000030517578,19.66900062561035,-0.0005589267985192103,0.0,False,,,False,False,,False,,,False,False,,False,,,False,False,
HBNC,19.81999969482422,19.81999969482422,0.0,0.0,False,,,False,False,,False,,,False,False,,False,,,False,False,
HBNC,20.209999084472656,20.204999923706055,-0.0002473607616559903,0.0,False,,,False,False,,False,,,False,False,,False,,,False,False,
HBNC,19.614999771118164,19.6200008392334,0.00025496141593639443,0.0,False,,,False,False,,False,,,False,False,,False,,,False,False,
HBNC,20.34000015258789,20.34000015258789,0.0,0.0,False,,,False,False,,False,,,False,False,,False,,,False,False,
HBNC,19.704999923706055,19.690000534057617,-0.0007611971431876752,0.0,False,,,False,False,,False,,,False,False,,False,,,False,False,
HBNC,19.799999237060547,19.815000534057617,0.0007576412916718844,0.0,False,,,False,False,,False,,,False,False,,False,,,False,False,
HBNC,19.709999084472656,19.690000534057617,-0.0010146398449502048,0.0,False,,,False,False,,False,,,False,False,,False,,,False,False,
HBT,31.969999313354492,31.9950008392334,0.0007820308544224108,0.0,True,27115.0,0.007820308544224108,False,False,,False,,,False,False,,False,,,False,False,
HCA,373.18499755859375,373.18499755859375,0.0,0.0,True,8613.0,0.0,False,False,,False,,,False,False,,False,,,False,False,
HCA,373.19000244140625,373.2699890136719,0.00021433203393006472,0.0,True,8733.0,0.0021433203393006472,False,False,,False,,,False,False,,False,,,False,False,
HCA,365.0,366.20001220703125,0.0032877046767978424,22.0,False,,,False,False,,False,,,False,False,,False,,,False,False,
HCAT,2.359999895095825,2.365000009536743,0.002118692653888754,0.0,False,,,False,True,8458.0,False,,,False,False,,False,,,False,False,
HCAT,2.2899999618530273,2.2899999618530273,0.0,0.0,False,,,False,True,21358.0,False,,,False,False,,False,,,False,False,
HCAT,2.200000047683716,2.2049999237060547,0.00227267086998606,0.0,False,,,False,False,,False,,,False,False,,False,,,False,False,
HCAT,2.190000057220459,2.184999942779541,-0.0022831572193035,0.0,False,,,False,False,,False,,,False,False,,False,,,False,False,
HCAT,2.2750000953674316,2.2750000953674316,0.0,0.0,False,,,False,True,17116.0,False,,,False,False,,False,,,False,False,
HCAT,2.359999895095825,2.369999885559082,0.004237284282951448,0.0,False,,,False,True,7180.0,False,,,False,False,,False,,,False,False,
HCAT,2.174999952316284,2.174999952316284,0.0,0.0,False,,,False,False,,False,,,False,False,,False,,,False,False,
HCSG,24.06999969482422,24.05500030517578,-0.0006231570352559501,0.0,False,,,False,True,20099.0,False,,,False,False,,False,,,False,False,
HCSG,23.15999984741211,23.165000915527344,0.0002159355849820077,0.0,False,,,False,False,,False,,,False,False,,False,,,False,False,
HCSG,24.860000610351562,24.860000610351562,0.0,0.0,False,,,False,True,8272.0,False,,,False,False,,False,,,False,False,
HCTI,1.9249999523162842,1.940000057220459,0.007792262480903256,999.0,False,,,False,True,5319.0,False,,,False,True,25481.0,False,,,False,False,
HCTI,1.7400000095367432,1.7200000286102295,-0.011494241848790776,0.0,True,2814.0,-0.11494241848790776,False,True,18495.0,False,,,False,True,22854.0,False,,,False,False,
HCTI,1.7200000286102295,1.7400000095367432,0.011627895694091173,0.0,True,1480.0,0.11627895694091173,False,True,18409.0,False,,,False,True,22786.0,False,,,False,False,
HCTI,1.7549999952316284,1.7200000286102295,-0.019943000978059566,330.0,True,4809.0,-0.19943000978059566,False,True,20490.0,False,,,False,True,24837.0,False,,,False,False,
HEI,357.15,360.0299987792969,0.008063835305325284,330.0,False,,,False,False,,False,,,False,False,,False,,,False,False,
HEI,348.04998779296875,347.8999938964844,-0.0004309550402099571,0.0,False,,,False,False,,False,,,False,False,,False,,,False,False,
HEI,354.4599914550781,354.760009765625,0.0008464095180820141,0.0,False,,,False,False,,False,,,False,False,,False,,,False,False,
HEI,345.1240539550781,345.32000732421875,0.0005677766208846968,0.0,False,,,False,False,,False,,,False,False,,False,,,False,False,
HELE,27.290000915527344,27.594999313354492,0.01117619595438013,0.0,False,,,False,False,,False,,,False,False,,False,,,False,False,
HELE,27.8799991607666,27.8700008392334,-0.0003586198649271344,0.0,False,,,False,False,,False,,,False,False,,False,,,False,False,
HFFG,1.6699999570846558,1.6502000093460083,-0.011856256435606505,0.0,False,,,False,True,13070.0,False,,,False,False,,False,,,False,False,
HFFG,1.6160999536514282,1.6190999746322632,0.0018563338078543268,0.0,False,,,False,False,,False,,,False,False,,False,,,False,False,
HFFG,1.6799999475479126,1.69,0.005952412359704562,0.0,False,,,False,True,19885.0,False,,,False,False,,False,,,False,False,
HFFG,1.6449999809265137,1.659999966621399,0.009118532443044058,0.0,False,,,False,True,24528.0,False,,,False,False,,False,,,False,False,
HFWA,30.104999542236328,30.1200008392334,0.000498299193661289,0.0,False,,,False,False,,False,,,False,False,,False,,,False,False,
HFWA,29.809999465942383,29.799999237060547,-0.0003354655840654974,0.0,False,,,False,False,,False,,,False,False,,False,,,False,False,
HGV,49.83000183105469,49.84000015258789,0.00020064862865343258,0.0,False,,,False,False,,False,,,False,False,,False,,,False,False,
HGV,49.42499923706055,49.47999954223633,0.0011128033591256692,0.0,False,,,False,False,,False,,,False,False,,False,,,False,False,
HGV,50.59000015258789,50.619998931884766,0.0005929784385529935,0.0,False,,,False,False,,False,,,False,False,,False,,,False,False,
HGV,51.310001373291016,51.31999969482422,0.00019486106539856607,0.0,False,,,False,False,,False,,,False,False,,False,,,False,False,
HHH,72.16500091552734,72.16000366210938,-6.924760416504583e-05,0.0,False,,,False,True,29997.0,False,,,False,False,,False,,,False,False,
HHH,72.06500244140625,72.07009887695312,7.071998021523918e-05,0.0,False,,,False,True,30276.0,False,,,False,False,,False,,,False,False,
HHH,72.15179443359375,72.20999908447266,0.0008066972046338883,0.0,False,,,False,True,22809.0,False,,,False,False,,False,,,False,False,
HLLY,2.61,2.640000104904175,0.011494293066733663,53.0,False,,,False,False,,False,,,False,False,,False,,,False,False,
HLMN,8.4399995803833,8.444999694824219,0.0005924306504161425,0.0,False,,,False,False,,False,,,False,False,,False,,,False,False,
HLMN,8.505000114440918,8.505000114440918,0.0,0.0,False,,,False,False,,False,,,False,False,,False,,,False,False,
HMN,51.22999954223633,51.224998474121094,-9.761991333046005e-05,0.0,False,,,False,False,,False,,,False,False,,False,,,False,False,
HMN,51.939998626708984,52.11000061035156,0.0032730455937124425,0.0,False,,,False,False,,False,,,False,False,,False,,,False,False,
HNVR,25.239999771118164,25.239999771118164,0.0,0.0,False,,,False,False,,False,,,False,False,,False,,,False,False,
HNVR,25.399999618530273,25.350000381469727,-0.0019684739295849907,0.0,False,,,False,False,,False,,,False,False,,False,,,False,False,
HODO,1.0199999809265137,1.024999976158142,0.004901956201103674,0.0,True,1141.0,0.049019562011036744,False,True,11235.0,True,5459.0,0.024509781005518372,False,True,11235.0,False,,,False,True,11247.0
HODO,1.15,1.2000000476837158,0.04347830233366601,3706.0,True,3773.0,0.4347830233366601,False,True,6753.0,True,3945.0,0.21739151166833004,False,True,9529.0,False,,,False,True,9541.0
HODO,1.2899999618530273,1.2999999523162842,0.007751930820906638,0.0,True,1405.0,0.07751930820906638,False,True,2787.0,True,1440.0,0.03875965410453319,False,True,2951.0,False,,,False,True,15815.0
HODO,1.1204999685287476,1.1699999570846558,0.044176697854711566,0.0,True,3982.0,0.44176697854711566,False,True,6982.0,True,4165.0,0.22088348927355783,False,True,9758.0,False,,,False,True,9770.0
HODO,1.2799999713897705,1.274999976158142,-0.003906246362021082,0.0,False,,,False,True,1238.0,False,,,False,True,1401.0,False,,,False,True,14265.0
HODO,1.1411999464035034,1.1449999809265137,0.003329858658849494,0.0,True,4307.0,0.03329858658849494,False,True,7306.0,True,4493.0,0.01664929329424747,False,True,10082.0,False,,,False,True,10094.0
HODO,1.2900999784469604,1.2100000381469727,-0.06208816497804548,863.0,False,,,False,True,870.0,False,,,False,True,1034.0,False,,,False,True,13898.0
HODO,1.15,1.2000000476837158,0.04347830233366601,33.0,True,100.0,0.4347830233366601,False,True,3080.0,True,272.0,0.21739151166833004,False,True,5856.0,False,,,False,True,5868.0
HOG,26.809999465942383,26.81999969482422,0.00037300369567483393,0.0,False,,,False,False,,False,,,False,False,,False,,,False,False,
HOG,25.389999389648438,25.389999389648438,0.0,0.0,True,17312.0,0.0,False,False,,False,,,False,False,,False,,,False,False,
HOG,25.8799991607666,25.875,-0.00019316696015125867,0.0,True,8735.0,-0.0019316696015125867,False,False,,False,,,False,False,,False,,,False,False,
HOG,25.799999237060547,25.799999237060547,0.0,0.0,True,11507.0,0.0,False,False,,False,,,False,False,,False,,,False,False,
HOG,26.760000228881836,26.764999389648438,0.0001868146757788569,0.0,False,,,False,False,,False,,,False,False,,False,,,False,False,
HOMB,29.094999313354492,29.104999542236328,0.0003437095417715419,0.0,False,,,False,False,,False,,,False,False,,False,,,False,False,
HOPE,13.375,13.380000114440918,0.00037384033203125,0.0,False,,,False,False,,False,,,False,False,,False,,,False,False,
HOVR,1.815000057220459,1.7999999523162842,-0.00826452034781,0.0,True,17080.0,-0.0826452034781,False,True,9790.0,False,,,False,False,,False,,,False,False,
HOVR,1.7100000381469727,1.7196999788284302,0.005672479804134323,0.0,True,11417.0,0.05672479804134323,False,True,11757.0,False,,,False,False,,False,,,False,False,
HOVR,1.7583999633789062,1.75,-0.004777049336810224,0.0,False,,,False,True,1644.0,False,,,False,False,,False,,,False,False,
HOVR,1.7300000190734863,1.7300000190734863,0.0,0.0,True,2569.0,0.0,False,True,2759.0,False,,,False,False,,False,,,False,False,
HOVR,1.7201999425888062,1.725000023841858,0.002790420540200733,0.0,True,11433.0,0.02790420540200733,False,True,11629.0,False,,,False,False,,False,,,False,False,
HOVR,1.649999976158142,1.7300000190734863,0.048484875194735544,75.0,True,120.0,0.48484875194735544,False,False,,True,162.0,0.24242437597367772,False,False,,False,,,False,False,
HPE,43.290000915527344,43.33000183105469,0.0009240220531618881,0.0,True,4209.0,0.009240220531618881,False,False,,False,,,False,False,,False,,,False,False,
HPE,47.28499984741211,47.31999969482422,0.0007401892254426112,0.0,False,,,False,False,,False,,,False,False,,False,,,False,False,
HPE,47.150001525878906,47.16999816894531,0.00042410694420502715,0.0,False,,,False,False,,False,,,False,False,,False,,,False,False,
HPE,44.67,46.489898681640625,0.040740959965091195,201.0,True,505.0,0.40740959965091195,False,False,,False,,,False,False,,False,,,False,False,
HPE,46.060001373291016,46.09000015258789,0.0006512978376564948,0.0,False,,,False,False,,False,,,False,False,,False,,,False,False,
HRI,153.14,149.05999755859375,-0.02664230404470569,69.0,False,,,False,False,,False,,,False,False,,False,,,False,False,
HRI,150.0,147.94000244140625,-0.013733317057291639,0.0,True,20137.0,-0.13733317057291639,False,False,,False,,,False,False,,False,,,False,False,
HRI,146.47000122070312,146.0500030517578,-0.0028674688703829165,0.0,True,13059.0,-0.028674688703829165,False,False,,False,,,False,False,,False,,,False,False,
HRMY,33.38999938964844,33.404998779296875,0.00044921802703257185,0.0,True,315.0,0.0044921802703257185,False,False,,False,,,False,False,,False,,,False,False,
HRMY,34.650001525878906,34.650001525878906,0.0,0.0,False,,,False,False,,False,,,False,False,,False,,,False,False,
HRMY,34.994998931884766,34.9900016784668,-0.00014279907331027353,0.0,False,,,False,False,,False,,,False,False,,False,,,False,False,
HSCS,2.549999952316284,2.549999952316284,0.0,0.0,True,3024.0,0.0,False,True,13067.0,False,,,False,True,21360.0,False,,,False,False,
HSCS,2.5999999046325684,2.5999999046325684,0.0,0.0,True,2906.0,0.0,False,True,12948.0,False,,,False,True,21242.0,False,,,False,False,
HSCS,2.5411999225616455,2.680000066757202,0.05461992303842034,0.0,True,3066.0,0.5461992303842034,False,True,13110.0,False,,,False,True,21403.0,False,,,False,False,
HSCS,2.6800999641418457,2.6700000762939453,-0.003768474304328584,0.0,False,,,False,True,11624.0,False,,,False,True,22863.0,False,,,False,False,
HSCS,2.7100000381469727,2.63700008392334,-0.026937252101866482,856.0,False,,,False,True,18300.0,False,,,False,True,29627.0,False,,,False,False,
HSCS,2.825000047683716,2.809999942779541,-0.005309771557870824,0.0,False,,,False,True,8615.0,False,,,False,True,21878.0,False,,,False,False,
HSCS,2.7699999809265137,2.7699999809265137,0.0,0.0,False,,,False,True,8510.0,False,,,False,True,30054.0,False,,,False,False,
HSCS,2.509999990463257,2.5411999225616455,0.01243025187925606,0.0,True,3096.0,0.1243025187925606,False,True,13144.0,False,,,False,True,21442.0,False,,,False,False,
HSCS,2.640000104904175,2.6600000858306885,0.00757575004991895,0.0,False,,,False,True,14536.0,False,,,False,True,22834.0,False,,,False,False,
HSCS,2.7799999713897705,2.890000104904175,0.039568393757721365,0.0,False,,,False,True,8667.0,False,,,False,True,30218.0,False,,,False,False,
HSCS,2.690000057220459,2.75,0.022304810967750832,0.0,False,,,False,True,11657.0,False,,,False,True,22896.0,False,,,False,False,
HSCS,2.6649999618530273,2.6649999618530273,0.0,0.0,False,,,False,True,11838.0,False,,,False,True,23009.0,False,,,False,False,
HSCS,2.740000009536743,2.7049999237060547,-0.01277375390834612,0.0,False,,,False,True,4328.0,False,,,False,True,22930.0,False,,,False,False,
HTB,49.20000076293945,49.20500183105469,0.00010164772434317904,0.0,False,,,False,False,,False,,,False,False,,False,,,False,False,
HTB,49.6349983215332,49.540000915527344,-0.0019139197988982115,0.0,False,,,False,False,,False,,,False,False,,False,,,False,False,
HTB,49.52000045776367,49.54999923706055,0.0006057911756778278,0.0,False,,,False,False,,False,,,False,False,,False,,,False,False,
HTB,48.47999954223633,48.44499969482422,-0.0007219440540963129,0.0,False,,,False,False,,False,,,False,False,,False,,,False,False,
HTGC,16.084999084472656,16.084999084472656,0.0,0.0,False,,,False,False,,False,,,False,False,,False,,,False,False,
HTGC,15.640000343322754,15.630000114440918,-0.0006394008096108905,0.0,False,,,False,False,,False,,,False,False,,False,,,False,False,
HTGC,16.040000915527344,16.04840087890625,0.0005236884600656744,0.0,False,,,False,False,,False,,,False,False,,False,,,False,False,
HTGC,16.1299991607666,16.1299991607666,0.0,0.0,False,,,False,False,,False,,,False,False,,False,,,False,False,
HTGC,15.96500015258789,15.960000038146973,-0.0003131922576341539,0.0,False,,,False,False,,False,,,False,False,,False,,,False,False,
HTGC,16.28499984741211,16.28499984741211,0.0,0.0,False,,,False,False,,False,,,False,False,,False,,,False,False,
HTGC,15.845000267028809,15.845000267028809,0.0,0.0,False,,,False,False,,False,,,False,False,,False,,,False,False,
HTGC,16.135000228881836,16.1299991607666,-0.00030995153667756625,0.0,False,,,False,False,,False,,,False,False,,False,,,False,False,
HTGC,15.835000038146973,15.84000015258789,0.00031576346251172005,0.0,False,,,False,False,,False,,,False,False,,False,,,False,False,
HTH,38.560001373291016,38.58000183105469,0.0005186840521620439,0.0,False,,,False,False,,False,,,False,False,,False,,,False,False,
HTH,38.43000030517578,38.45000076293945,0.0005204386574251263,0.0,False,,,False,False,,False,,,False,False,,False,,,False,False,
HTH,38.314998626708984,38.310001373291016,-0.0001304255147352995,0.0,False,,,False,False,,False,,,False,False,,False,,,False,False,
HTH,39.58000183105469,39.560001373291016,-0.0005053172521073401,0.0,False,,,False,False,,False,,,False,False,,False,,,False,False,
HTH,38.95000076293945,38.88999938964844,-0.001540471684614353,0.0,False,,,False,False,,False,,,False,False,,False,,,False,False,
HTH,39.59000015258789,39.56999969482422,-0.0005051896359329344,0.0,False,,,False,False,,False,,,False,False,,False,,,False,False,
HTH,38.47999954223633,38.459999084472656,-0.0005197624220789621,0.0,False,,,False,False,,False,,,False,False,,False,,,False,False,
HTH,37.77000045776367,37.68000030517578,-0.002382847537651833,0.0,False,,,False,False,,False,,,False,False,,False,,,False,False,
HTH,38.279998779296875,38.29999923706055,0.0005224780146673158,0.0,False,,,False,False,,False,,,False,False,,False,,,False,False,
HTH,38.70000076293945,38.689998626708984,-0.00025845312747507787,0.0,False,,,False,False,,False,,,False,False,,False,,,False,False,
HTH,39.41,39.13999938964844,-0.006851068519450831,311.0,False,,,False,False,,False,,,False,False,,False,,,False,False,
HTH,38.20500183105469,38.22999954223633,0.0006543046717333301,0.0,False,,,False,False,,False,,,False,False,,False,,,False,False,
HTH,38.13999938964844,38.04999923706055,-0.0023597313588924473,0.0,False,,,False,False,,False,,,False,False,,False,,,False,False,
HTH,38.880001068115234,38.814998626708984,-0.0016718734470292373,0.0,False,,,False,False,,False,,,False,False,,False,,,False,False,
HTH,38.36000061035156,38.36000061035156,0.0,0.0,False,,,False,False,,False,,,False,False,,False,,,False,False,
HTH,38.470001220703125,38.494998931884766,0.000649797514646,0.0,False,,,False,False,,False,,,False,False,,False,,,False,False,
HTH,38.13999938964844,38.11000061035156,-0.0007865437802030417,0.0,False,,,False,False,,False,,,False,False,,False,,,False,False,
HTH,38.27000045776367,38.310001373291016,0.0010452290318494484,0.0,False,,,False,False,,False,,,False,False,,False,,,False,False,
HTH,38.744998931884766,38.78499984741211,0.0010324149343161615,0.0,False,,,False,False,,False,,,False,False,,False,,,False,False,
HTH,39.310001373291016,39.290000915527344,-0.0005087880199684536,0.0,False,,,False,False,,False,,,False,False,,False,,,False,False,
HTH,37.9900016784668,37.95000076293945,-0.0010529327128200316,0.0,False,,,False,False,,False,,,False,False,,False,,,False,False,
HTH,38.814998626708984,38.84000015258789,0.0006441202309279692,0.0,False,,,False,False,,False,,,False,False,,False,,,False,False,
HTH,39.41,39.13999938964844,-0.006851068519450831,169.0,False,,,False,False,,False,,,False,False,,False,,,False,False,
HTO,64.5199966430664,64.63500213623047,0.001782478288092415,8.0,False,,,False,False,,False,,,False,False,,False,,,False,False,
HTO,64.18000030517578,64.26499938964844,0.0013243858533575903,0.0,False,,,False,False,,False,,,False,False,,False,,,False,False,
HTO,63.939998626708984,63.95000076293945,0.0001564300351155623,0.0,False,,,False,False,,False,,,False,False,,False,,,False,False,
HTO,64.2699966430664,64.27999877929688,0.00015562683604941618,0.0,False,,,False,False,,False,,,False,False,,False,,,False,False,
HTO,64.1500015258789,64.19499969482422,0.0007014523441151166,0.0,False,,,False,False,,False,,,False,False,,False,,,False,False,
HTO,60.560001373291016,60.59000015258789,0.0004953563179757037,0.0,True,27213.0,0.004953563179757037,False,False,,False,,,False,False,,False,,,False,False,
HTO,64.8499984741211,64.87999725341797,0.0004625872012755661,0.0,False,,,False,False,,False,,,False,False,,False,,,False,False,
HTZ,1.9600000381469727,1.975000023841858,0.007653053777012531,0.0,True,1239.0,0.0765305377701253,False,True,8259.0,False,,,False,False,,False,,,False,False,
HTZ,1.8350000381469727,1.840000033378601,0.0027247929851148545,0.0,True,11236.0,0.027247929851148545,False,False,,False,,,False,False,,False,,,False,False,
HTZ,1.9550000429153442,1.9600000381469727,0.002557542261826473,0.0,True,1259.0,0.02557542261826473,False,True,8280.0,False,,,False,False,,False,,,False,False,
HUBB,479.29998779296875,479.67999267578125,0.0007928330742554834,0.0,False,,,False,False,,False,,,False,False,,False,,,False,False,
HUBB,485.760009765625,485.6000061035156,-0.00032938829646878,0.0,False,,,False,False,,False,,,False,False,,False,,,False,False,
HUBB,486.42999267578125,487.07000732421875,0.0013157384578958986,0.0,False,,,False,False,,False,,,False,False,,False,,,False,False,
HURA,2.1600000858306885,2.1649999618530273,0.0023147573257693566,0.0,False,,,False,False,,False,,,False,False,,False,,,False,False,
HURA,2.1700000762939453,2.1700000762939453,0.0,0.0,False,,,False,False,,False,,,False,False,,False,,,False,False,
HURA,2.2799999713897705,2.2799999713897705,0.0,0.0,True,1196.0,0.0,False,True,22843.0,False,,,False,False,,False,,,False,False,
HURN,118.06999969482422,118.16999816894531,0.0008469422747485744,0.0,True,17172.0,0.008469422747485744,False,False,,True,17175.0,0.004234711373742872,False,False,,False,,,False,False,
HURN,117.41999816894531,117.62750244140625,0.001767197033697654,0.0,True,17156.0,0.01767197033697654,False,False,,True,17158.0,0.00883598516848827,False,False,,False,,,False,False,
HURN,102.16000366210938,102.30999755859375,0.001468225245767174,0.0,True,5557.0,0.01468225245767174,False,False,,True,27029.0,0.00734112622883587,False,False,,True,28455.0,0.002936450491534348,False,False,
HURN,104.18499755859375,104.43000030517578,0.0023516125384965836,0.0,True,9956.0,0.023516125384965836,False,False,,True,28684.0,0.011758062692482918,False,False,,True,30111.0,0.004703225076993167,False,False,
HUT,115.70999908447266,116.01000213623047,0.0025927150128037812,0.0,False,,,False,True,5449.0,False,,,False,True,6897.0,False,,,False,False,
HWC,78.33999633789062,78.3499984741211,0.00012767598542295922,0.0,False,,,False,False,,False,,,False,False,,False,,,False,False,
HWC,79.19000244140625,78.56999969482422,-0.007829305814717968,257.0,False,,,False,False,,False,,,False,False,,False,,,False,False,
HWC,79.09500122070312,79.08999633789062,-6.32768535970829e-05,0.0,False,,,False,False,,False,,,False,False,,False,,,False,False,
HWC,75.25,75.30999755859375,0.0007973097487541381,0.0,False,,,False,False,,False,,,False,False,,False,,,False,False,
HYLN,4.010000228881836,4.010000228881836,0.0,0.0,True,1228.0,0.0,False,True,7061.0,False,,,False,True,11308.0,False,,,False,False,
HYLN,3.74,3.6649999618530273,-0.020053486135554244,58.0,True,7282.0,-0.20053486135554244,False,False,,True,8698.0,-0.10026743067777122,False,False,,False,,,False,False,
HYMC,18.59000015258789,18.600000381469727,0.0005379359225257119,0.0,True,1518.0,0.005379359225257119,False,False,,True,2819.0,0.0026896796126285594,False,False,,False,,,False,False,
HYMC,22.131999969482422,22.15850067138672,0.0011973930029296476,0.0,False,,,False,True,1458.0,False,,,False,False,,False,,,False,False,
HYMC,21.420000076293945,21.389999389648438,-0.0014005922753805855,0.0,False,,,False,True,8505.0,False,,,False,False,,False,,,False,False,
HYMC,20.43000030517578,20.415199279785156,-0.0007244750450089432,0.0,False,,,False,False,,False,,,False,False,,False,,,False,False,
HYMC,21.389999389648438,21.3799991607666,-0.0004675188951466236,0.0,False,,,False,True,8392.0,False,,,False,False,,False,,,False,False,
HYPD,2.880000114440918,2.8810999393463135,0.00038188363253199853,0.0,False,,,False,True,4262.0,False,,,False,False,,False,,,False,False,
HZO,33.97,33.75,-0.006476302619958796,142.0,False,,,False,False,,False,,,False,False,,False,,,False,False,
HZO,36.36000061035156,36.30500030517578,-0.001512659632907809,0.0,False,,,False,False,,False,,,False,False,,False,,,False,False,
IBCP,37.560001373291016,37.58000183105469,0.0005324935312140955,0.0,False,,,False,False,,False,,,False,False,,False,,,False,False,
IBCP,36.1349983215332,36.13999938964844,0.00013839956683359134,0.0,False,,,False,False,,False,,,False,False,,False,,,False,False,
IBCP,36.18000030517578,36.119998931884766,-0.0016584127359012824,0.0,False,,,False,False,,False,,,False,False,,False,,,False,False,
IBIO,1.4643000364303589,1.4500000476837158,-0.009765750454738265,836.0,False,,,False,True,2470.0,False,,,False,False,,False,,,False,False,
ICCC,10.949999809265137,11.09000015258789,0.012785419704235634,0.0,True,1582.0,0.12785419704235634,False,False,,False,,,False,False,,False,,,False,False,
ICU,4.880000114440918,4.959799766540527,0.01635238734184985,0.0,False,,,False,True,2740.0,False,,,False,True,8480.0,False,,,False,False,
IDN,4.135000228881836,4.139999866485596,0.001209102134708262,0.0,False,,,False,True,5569.0,False,,,False,False,,False,,,False,False,
IDN,3.7799999713897705,3.7850000858306885,0.0013227816081384791,0.0,False,,,False,False,,False,,,False,False,,False,,,False,False,
IDN,3.9049999713897705,3.9100000858306885,0.0012804390467482385,0.0,False,,,False,False,,False,,,False,False,,False,,,False,False,
IDN,4.099999904632568,4.099999904632568,0.0,0.0,False,,,False,True,4398.0,False,,,False,False,,False,,,False,False,
IDN,3.8073999881744385,3.819999933242798,0.003309330542494715,0.0,False,,,False,False,,False,,,False,False,,False,,,False,False,
IDN,4.300000190734863,4.300000190734863,0.0,0.0,False,,,False,True,12611.0,False,,,False,False,,False,,,False,False,
IDN,3.8550000190734863,3.85,-0.001297021802528553,0.0,False,,,False,False,,False,,,False,False,,False,,,False,False,
IDN,3.75,3.733799934387207,-0.004320017496744821,1040.0,False,,,False,False,,False,,,False,False,,False,,,False,False,
IE,9.050000190734863,9.0649995803833,0.0016573910864436936,0.0,False,,,False,True,8675.0,False,,,False,False,,False,,,False,False,
IEP,7.748899936676025,7.744999885559082,-0.0005033038429731462,0.0,False,,,False,False,,False,,,False,False,,False,,,False,False,
IGC,0.26875001192092896,0.2703000009059906,0.005767400618823748,0.0,False,,,False,True,12934.0,False,,,False,False,,False,,,False,False,
IGC,0.26980000734329224,0.2687999904155731,-0.0037065118624948212,0.0,False,,,False,True,10271.0,False,,,False,False,,False,,,False,False,
IHT,1.84,1.7599999904632568,-0.043478266052577874,1051.0,False,,,False,True,1141.0,False,,,False,True,1141.0,False,,,False,False,
IHT,1.6710000038146973,1.6399999856948853,-0.01855177621127624,271.0,True,295.0,-0.18551776211276239,False,True,1809.0,False,,,False,False,,False,,,False,False,
IIIN,29.700000762939453,29.760000228881836,0.002020183986569224,0.0,True,20236.0,0.02020183986569224,False,False,,False,,,False,False,,False,,,False,False,
IIIN,32.154998779296875,32.119998931884766,-0.001088472982143096,0.0,False,,,False,False,,False,,,False,False,,False,,,False,False,
IIIN,29.610000610351562,29.579999923706055,-0.0010131943947012667,0.0,True,15653.0,-0.010131943947012667,False,False,,False,,,False,False,,False,,,False,False,
IIPR,63.744998931884766,63.744998931884766,0.0,0.0,False,,,False,False,,False,,,False,False,,False,,,False,False,
IKT,1.9850000143051147,1.9850000143051147,0.0,0.0,True,7192.0,0.0,False,False,,True,21524.0,0.0,False,False,,False,,,False,False,
IKT,1.9550000429153442,1.965000033378601,0.005115084523652724,0.0,True,11207.0,0.05115084523652724,False,False,,True,11283.0,0.02557542261826362,False,False,,False,,,False,False,
IKT,2.119999885559082,2.119999885559082,0.0,0.0,True,9902.0,0.0,False,False,,False,,,False,False,,False,,,False,False,
IKT,2.234999895095825,2.234999895095825,0.0,0.0,True,4178.0,0.0,False,False,,False,,,False,False,,False,,,False,False,
IKT,2.2149999141693115,2.2149999141693115,0.0,0.0,True,4092.0,0.0,False,False,,False,,,False,False,,False,,,False,False,
ILLR,2.3399999141693115,2.2500998973846436,-0.03841881200093211,3910.0,False,,,False,True,4139.0,False,,,False,True,6954.0,False,,,False,True,8231.0
IMAX,38.84000015258789,38.88999938964844,0.0012873129985613296,0.0,True,21260.0,0.012873129985613296,False,False,,False,,,False,False,,False,,,False,False,
IMAX,39.349998474121094,39.38999938964844,0.001016541730075371,0.0,True,4207.0,0.01016541730075371,False,False,,True,11795.0,0.005082708650376855,False,False,,False,,,False,False,
IMMR,6.789999961853027,6.809999942779541,0.0029455053076399285,0.0,True,24259.0,0.029455053076399285,False,False,,False,,,False,False,,False,,,False,False,
IMMR,6.864999771118164,6.875,0.0014566976278582722,0.0,True,29986.0,0.014566976278582722,False,False,,False,,,False,False,,False,,,False,False,
IMMR,6.590000152587891,6.585000038146973,-0.0007587426897029959,0.0,True,15743.0,-0.0075874268970299585,False,False,,True,17182.0,-0.0037937134485149793,False,False,,False,,,False,False,
IMMR,6.590000152587891,6.590000152587891,0.0,0.0,True,28743.0,0.0,False,False,,True,30182.0,0.0,False,False,,False,,,False,False,
IMMR,6.590000152587891,6.6097002029418945,0.002989385416974244,0.0,True,14110.0,0.02989385416974244,False,False,,True,15549.0,0.01494692708487122,False,False,,False,,,False,False,
IMMX,8.770000457763672,8.779899597167969,0.0011287501582206705,0.0,False,,,False,False,,False,,,False,False,,False,,,False,False,
IMO,122.56199645996094,122.52739715576172,-0.0002823004291588882,0.0,False,,,False,False,,False,,,False,False,,False,,,False,False,
IMSR,5.78000020980835,5.789999961853027,0.0017300608445842691,0.0,False,,,False,True,10076.0,False,,,False,True,12846.0,False,,,False,False,
IMSR,5.389999866485596,5.389800071716309,-3.706767611055817e-05,0.0,False,,,False,True,4096.0,False,,,False,False,,False,,,False,False,
IMSR,6.010000228881836,6.014999866485596,0.0008318864248513247,0.0,False,,,False,True,8560.0,False,,,False,True,12678.0,False,,,False,False,
IMSR,6.159999847412109,6.159999847412109,0.0,0.0,False,,,False,True,5458.0,False,,,False,True,9737.0,False,,,False,False,
IMSR,5.014999866485596,5.025000095367432,0.0019940636386983623,0.0,True,9881.0,0.019940636386983623,False,True,2683.0,False,,,False,False,,False,,,False,False,
IMUX,15.789899826049805,15.800000190734863,0.0006396724992767666,0.0,False,,,False,True,9869.0,False,,,False,False,,False,,,False,False,
IMUX,14.760000228881836,14.765000343322754,0.0003387611357303921,0.0,False,,,False,True,20201.0,False,,,False,False,,False,,,False,False,
IMUX,14.9399995803833,14.9399995803833,0.0,0.0,False,,,False,True,21644.0,False,,,False,False,,False,,,False,False,
IMUX,14.75,14.770000457763672,0.0013559632382149633,0.0,False,,,False,True,20185.0,False,,,False,False,,False,,,False,False,
IMUX,13.800000190734863,13.760000228881836,-0.002898547920302419,0.0,False,,,False,False,,False,,,False,False,,False,,,False,False,
IMUX,14.5600004196167,14.78499984741211,0.01545325695817068,0.0,False,,,False,True,8652.0,False,,,False,False,,False,,,False,False,
IMUX,15.0600004196167,15.430800437927246,0.024621514474033823,0.0,False,,,False,True,6036.0,False,,,False,False,,False,,,False,False,
IMUX,15.0,14.800000190734863,-0.013333320617675781,9.0,False,,,False,True,10407.0,False,,,False,False,,False,,,False,False,
INBS,2.2200000286102295,2.259999990463257,0.018018000602490147,0.0,False,,,False,True,8983.0,False,,,False,True,10073.0,False,,,False,False,
INBS,2.2850000858306885,2.259999990463257,-0.010940960362521457,175.0,False,,,False,True,7741.0,False,,,False,True,8830.0,False,,,False,False,
INBX,93.05000305175781,92.51000213623047,-0.005803341190939837,0.0,False,,,False,True,7544.0,False,,,False,False,,False,,,False,False,
INCY,114.27999877929688,114.4000015258789,0.001050076547636225,0.0,False,,,False,False,,False,,,False,False,,False,,,False,False,
INCY,114.19999694824219,114.66000366210938,0.004028079913834581,0.0,False,,,False,False,,False,,,False,False,,False,,,False,False,
INCY,118.00499725341797,118.00499725341797,0.0,0.0,False,,,False,False,,False,,,False,False,,False,,,False,False,
INCY,118.05000305175781,118.11000061035156,0.0005082385179393523,0.0,True,8797.0,0.005082385179393523,False,False,,False,,,False,False,,False,,,False,False,
INCY,118.37999725341797,118.55000305175781,0.001436102401454864,0.0,True,5940.0,0.01436102401454864,False,False,,False,,,False,False,,False,,,False,False,
INCY,116.69999694824219,116.0199966430664,-0.005826909365536426,0.0,False,,,False,False,,False,,,False,False,,False,,,False,False,
INCY,116.77999877929688,116.86000061035156,0.0006850644964115915,0.0,True,8520.0,0.006850644964115915,False,False,,False,,,False,False,,False,,,False,False,
INCY,117.61499786376953,117.62000274658203,4.255310039869009e-05,0.0,False,,,False,False,,False,,,False,False,,False,,,False,False,
INCY,117.31500244140625,117.2300033569336,-0.0007245372092551383,0.0,True,5878.0,-0.007245372092551383,False,False,,False,,,False,False,,False,,,False,False,
INCY,116.79499816894531,116.87999725341797,0.0007277630532576129,0.0,True,8545.0,0.007277630532576129,False,False,,False,,,False,False,,False,,,False,False,
INCY,118.33000183105469,118.55000305175781,0.0018592175889360352,0.0,False,,,False,False,,False,,,False,False,,False,,,False,False,
INCY,117.47000122070312,117.43000030517578,-0.00034052026144271164,0.0,True,8747.0,-0.0034052026144271164,False,False,,False,,,False,False,,False,,,False,False,
INCY,115.06500244140625,115.04000091552734,-0.00021728175681945405,0.0,True,20095.0,-0.0021728175681945405,False,False,,False,,,False,False,,False,,,False,False,
INCY,117.86499786376953,117.91999816894531,0.0004666381552846932,0.0,True,5820.0,0.004666381552846932,False,False,,False,,,False,False,,False,,,False,False,
INCY,113.44000244140625,113.34500122070312,-0.0008374578513623554,0.0,True,20169.0,-0.008374578513623554,False,False,,False,,,False,False,,False,,,False,False,
INCY,116.68000030517578,116.72000122070312,0.0003428258092450509,0.0,True,8584.0,0.003428258092450509,False,False,,False,,,False,False,,False,,,False,False,
INCY,116.88999938964844,116.90499877929688,0.00012832055545186627,0.0,True,8533.0,0.0012832055545186627,False,False,,False,,,False,False,,False,,,False,False,
INCY,118.52,118.92990112304688,0.003458497494489343,888.0,False,,,False,False,,False,,,False,False,,False,,,False,False,
INCY,117.62999725341797,117.58999633789062,-0.000340057098200619,0.0,True,5892.0,-0.0034005709820061902,False,False,,False,,,False,False,,False,,,False,False,
INCY,116.02999877929688,116.04000091552734,8.620301935446939e-05,0.0,True,6990.0,0.0008620301935446939,False,False,,False,,,False,False,,False,,,False,False,
INCY,113.27999877929688,113.28500366210938,4.418152247920304e-05,0.0,True,20164.0,0.0004418152247920304,False,False,,False,,,False,False,,False,,,False,False,
INCY,114.83499908447266,114.88999938964844,0.0004789507172402452,0.0,True,19988.0,0.004789507172402452,False,False,,False,,,False,False,,False,,,False,False,
INCY,117.80500030517578,117.93000030517578,0.00106107550338419,0.0,False,,,False,False,,False,,,False,False,,False,,,False,False,
INCY,117.5999984741211,117.62000274658203,0.00017010435986808403,0.0,False,,,False,False,,False,,,False,False,,False,,,False,False,
INCY,116.12000274658203,116.08000183105469,-0.00034447911282464716,0.0,True,7011.0,-0.0034447911282464716,False,False,,False,,,False,False,,False,,,False,False,
INCY,116.96499633789062,117.00250244140625,0.00032066092155713655,0.0,False,,,False,False,,False,,,False,False,,False,,,False,False,
INDB,84.55000305175781,84.47000122070312,-0.0009462073112607161,0.0,False,,,False,False,,False,,,False,False,,False,,,False,False,
INDB,84.09500122070312,84.16000366210938,0.0007729643910183714,0.0,False,,,False,False,,False,,,False,False,,False,,,False,False,
INFU,9.994999885559082,10.03499984741211,0.004001997229716725,0.0,False,,,False,True,11601.0,False,,,False,False,,False,,,False,False,
INFU,9.954999923706055,9.770000457763672,-0.01858357281368128,0.0,False,,,False,True,7487.0,False,,,False,False,,False,,,False,False,
INGN,6.409999847412109,6.5,0.01404058576135947,245.0,False,,,False,False,,False,,,False,False,,False,,,False,False,
INGN,6.559999942779541,6.559999942779541,0.0,0.0,False,,,False,False,,False,,,False,False,,False,,,False,False,
INGN,6.715000152587891,6.71999979019165,0.0007445476530381079,0.0,False,,,False,False,,False,,,False,False,,False,,,False,False,
INGN,6.480000019073486,6.480000019073486,0.0,0.0,False,,,False,False,,False,,,False,False,,False,,,False,False,
INGR,101.94499969482422,101.94000244140625,-4.9019112589365754e-05,0.0,False,,,False,False,,False,,,False,False,,False,,,False,False,
INGR,99.87000274658203,99.91500091552734,0.0004505674147170513,0.0,False,,,False,False,,False,,,False,False,,False,,,False,False,
INGR,96.7300033569336,96.75,0.00020672637622709544,0.0,False,,,False,False,,False,,,False,False,,False,,,False,False,
INGR,98.76000213623047,98.83999633789062,0.0008099858235099955,0.0,False,,,False,False,,False,,,False,False,,False,,,False,False,
INGR,98.29000091552734,98.26000213623047,-0.0003052068269147057,0.0,False,,,False,False,,False,,,False,False,,False,,,False,False,
INGR,99.80268096923828,99.80500030517578,2.323921476832247e-05,0.0,False,,,False,False,,False,,,False,False,,False,,,False,False,
INGR,102.32499694824219,102.30500030517578,-0.00019542285524343228,0.0,False,,,False,False,,False,,,False,False,,False,,,False,False,
INM,1.8200000524520874,1.8799999952316284,0.03296700057711699,131.0,False,,,False,True,4758.0,False,,,False,False,,False,,,False,False,
INM,1.7649999856948853,1.7539000511169434,-0.006288914826008796,0.0,False,,,False,False,,False,,,False,False,,False,,,False,False,
INM,1.71,1.6699999570846558,-0.023391837962189577,3732.0,False,,,False,False,,False,,,False,False,,False,,,False,False,
INM,1.71,1.6699999570846558,-0.023391837962189577,3782.0,False,,,False,False,,False,,,False,False,,False,,,False,False,
INM,1.5800000429153442,1.5724999904632568,-0.004746868511629088,1034.0,True,12534.0,-0.047468685116290876,False,False,,True,12534.0,-0.023734342558145438,False,False,,False,,,False,False,
INM,1.8200000524520874,1.8799999952316284,0.03296700057711699,952.0,False,,,False,True,5579.0,False,,,False,False,,False,,,False,False,
INM,1.71,1.6699999570846558,-0.023391837962189577,75.0,False,,,False,False,,False,,,False,False,,False,,,False,False,
INM,1.8200000524520874,1.8799999952316284,0.03296700057711699,130.0,False,,,False,True,4757.0,False,,,False,False,,False,,,False,False,
INSM,107.5999984741211,107.76000213623047,0.0014870229031449522,0.0,False,,,False,False,,False,,,False,False,,False,,,False,False,
INSM,108.2699966430664,108.36499786376953,0.0008774473413564188,0.0,False,,,False,False,,False,,,False,False,,False,,,False,False,
INSM,107.70999908447266,107.70999908447266,0.0,0.0,False,,,False,False,,False,,,False,False,,False,,,False,False,
INSM,104.91500091552734,104.98999786376953,0.0007148353199040169,0.0,False,,,False,False,,False,,,False,False,,False,,,False,False,
INSM,104.23999786376953,104.2300033569336,-9.587976823444144e-05,0.0,False,,,False,False,,False,,,False,False,,False,,,False,False,
INSM,107.81500244140625,107.81500244140625,0.0,0.0,False,,,False,False,,False,,,False,False,,False,,,False,False,
INSM,109.11499786376953,109.02999877929688,-0.0007789862634537403,0.0,False,,,False,False,,False,,,False,False,,False,,,False,False,
INSM,105.16000366210938,105.16500091552734,4.752047588385544e-05,0.0,False,,,False,False,,False,,,False,False,,False,,,False,False,
INSP,50.6,50.77000045776367,0.003359692841179207,266.0,False,,,False,False,,False,,,False,False,,False,,,False,False,
INSP,51.04999923706055,51.04999923706055,0.0,0.0,False,,,False,False,,False,,,False,False,,False,,,False,False,
INSP,49.77000045776367,49.92499923706055,0.0031143013436059075,0.0,False,,,False,False,,False,,,False,False,,False,,,False,False,
INSP,49.915000915527344,50.0,0.0017028765484048414,0.0,False,,,False,False,,False,,,False,False,,False,,,False,False,
INSP,49.540000915527344,49.58000183105469,0.0008074468063807849,0.0,False,,,False,False,,False,,,False,False,,False,,,False,False,
INSP,51.84000015258789,51.86000061035156,0.0003858112983179396,0.0,False,,,False,False,,False,,,False,False,,False,,,False,False,
INSP,51.959999084472656,51.9900016784668,0.0005774171386216942,0.0,False,,,False,False,,False,,,False,False,,False,,,False,False,
INSP,52.689998626708984,52.810001373291016,0.002277524192631164,0.0,False,,,False,False,,False,,,False,False,,False,,,False,False,
INSP,50.54499816894531,50.54499816894531,0.0,0.0,False,,,False,False,,False,,,False,False,,False,,,False,False,
INTA,28.5,28.5,0.0,0.0,True,18558.0,0.0,False,True,11321.0,False,,,False,False,,False,,,False,False,
INTA,28.219999313354492,28.219999313354492,0.0,0.0,True,18346.0,0.0,False,False,,False,,,False,False,,False,,,False,False,
INTA,27.43000030517578,27.469999313354492,0.0014582212079363721,0.0,True,24626.0,0.014582212079363721,False,False,,False,,,False,False,,False,,,False,False,
INTA,30.43000030517578,30.364999771118164,-0.0021360674796496726,0.0,False,,,False,False,,False,,,False,False,,False,,,False,False,
INTA,27.43000030517578,27.43000030517578,0.0,0.0,True,26050.0,0.0,False,False,,False,,,False,False,,False,,,False,False,
INTA,27.959999084472656,27.969999313354492,0.00035766198888720346,0.0,True,25571.0,0.0035766198888720346,False,False,,False,,,False,False,,False,,,False,False,
INTZ,0.9284999966621399,0.9286999702453613,0.00021537273445382255,0.0,True,4266.0,0.0021537273445382255,False,True,17143.0,False,,,False,True,20124.0,False,,,False,False,
INTZ,0.7930999994277954,0.792900025844574,-0.00025214170138154746,0.0,False,,,False,False,,False,,,False,False,,False,,,False,False,
INTZ,0.7998999953269958,0.7659000158309937,-0.04250528777925944,5173.0,True,6705.0,-0.4250528777925944,False,False,,True,15541.0,-0.2125264388962972,False,False,,False,,,False,False,
INTZ,0.9180999994277954,0.9100000262260437,-0.008822539164361154,3910.0,False,,,False,True,7030.0,False,,,False,True,15430.0,False,,,False,False,
INTZ,0.8109999895095825,0.8137999773025513,0.003452512736358937,0.0,False,,,False,True,7159.0,False,,,False,False,,False,,,False,False,
INTZ,1.0199999809265137,1.0196000337600708,-0.00039210507247222637,0.0,False,,,False,True,235.0,False,,,False,True,11737.0,False,,,False,False,
INTZ,1.02,0.9837999939918518,-0.03549020196877273,135.0,False,,,False,True,412.0,False,,,False,True,11914.0,False,,,False,False,
INTZ,0.9180999994277954,0.9100000262260437,-0.008822539164361154,3914.0,False,,,False,True,7034.0,False,,,False,True,15434.0,False,,,False,False,
INTZ,0.9635999798774719,0.9614999890327454,-0.0021793180661892064,0.0,False,,,False,True,8438.0,False,,,False,True,13042.0,False,,,False,False,
INTZ,0.8636000156402588,0.8700000047683716,0.007410825627843343,278.0,True,4883.0,0.07410825627843343,False,True,19312.0,True,4925.0,0.03705412813921671,False,False,,False,,,False,False,
INTZ,0.7491000294685364,0.7699000239372253,0.027766644841071386,1050.0,False,,,False,False,,False,,,False,False,,False,,,False,False,
INTZ,0.9225000143051147,0.9180999994277954,-0.004769663749689679,155.0,True,476.0,-0.04769663749689679,False,True,13353.0,False,,,False,True,21753.0,False,,,False,False,
INUV,1.2699999809265137,1.2400000095367432,-0.023622025071121988,1005.0,False,,,False,True,1261.0,False,,,False,True,9699.0,False,,,False,False,
INUV,0.97,0.9900000095367432,0.02061856653272498,118.0,False,,,False,True,3159.0,False,,,False,False,,False,,,False,False,
INUV,1.1800999641418457,1.191100001335144,0.009321275762682824,0.0,True,4125.0,0.09321275762682824,False,True,15948.0,False,,,False,True,27182.0,False,,,False,False,
INUV,1.281999945640564,1.2999999523162842,0.01404056742508386,0.0,False,,,False,True,1692.0,False,,,False,True,10125.0,False,,,False,False,
INUV,1.26,1.340000033378601,0.0634920899830167,75.0,False,,,False,True,3212.0,False,,,False,True,11657.0,False,,,False,False,
INUV,1.125,1.1200000047683716,-0.004444440205891964,0.0,True,228.0,-0.04444440205891964,False,True,7245.0,False,,,False,True,17420.0,False,,,False,False,
INVE,3.0199999809265137,3.0399999618530273,0.006622510282393357,0.0,False,,,False,True,7536.0,False,,,False,False,,False,,,False,False,
INVE,2.700000047683716,2.690000057220459,-0.0037037001061669406,0.0,True,9898.0,-0.037037001061669406,False,False,,False,,,False,False,,False,,,False,False,
INVE,2.6700000762939453,2.6700000762939453,0.0,0.0,True,4310.0,0.0,False,False,,False,,,False,False,,False,,,False,False,
INVE,3.049999952316284,3.0399999618530273,-0.00327868544904808,0.0,False,,,False,True,2807.0,False,,,False,False,,False,,,False,False,
INVH,30.040000915527344,30.049999237060547,0.000332833596154547,0.0,False,,,False,False,,False,,,False,False,,False,,,False,False,
INVH,29.625,29.635000228881836,0.00033756046858512967,0.0,False,,,False,False,,False,,,False,False,,False,,,False,False,
INVH,29.575000762939453,29.579999923706055,0.0001690333267163613,0.0,False,,,False,False,,False,,,False,False,,False,,,False,False,
IONQ,35.2072,35.40999984741211,0.005760181082622662,842.0,False,,,False,False,,False,,,False,False,,False,,,False,False,
IONQ,34.75,34.470001220703125,-0.008057518828687105,227.0,False,,,False,False,,False,,,False,False,,False,,,False,False,
IONS,53.814998626708984,53.84000015258789,0.00046458285825345946,0.0,False,,,False,False,,False,,,False,False,,False,,,False,False,
IONS,56.86000061035156,57.0,0.0024621770690405054,0.0,False,,,False,False,,False,,,False,False,,False,,,False,False,
IONS,56.18000030517578,56.30500030517578,0.0022249910879492685,0.0,False,,,False,True,12731.0,False,,,False,False,,False,,,False,False,
IONS,53.84000015258789,53.84000015258789,0.0,0.0,False,,,False,False,,False,,,False,False,,False,,,False,False,
IONS,55.2400016784668,55.2599983215332,0.0003619956998335283,0.0,False,,,False,False,,False,,,False,False,,False,,,False,False,
IONS,53.689998626708984,53.69499969482422,9.314710827257322e-05,0.0,False,,,False,False,,False,,,False,False,,False,,,False,False,
IONS,56.75,56.779998779296875,0.0005286128510462174,0.0,False,,,False,True,12910.0,False,,,False,False,,False,,,False,False,
IONS,54.02000045776367,53.709999084472656,-0.005738640700927,912.0,False,,,False,False,,False,,,False,False,,False,,,False,False,
IONS,55.08000183105469,55.095001220703125,0.0002723200644481061,0.0,False,,,False,False,,False,,,False,False,,False,,,False,False,
IONS,52.91999816894531,52.75,-0.003212361580259282,16.0,False,,,False,False,,False,,,False,False,,False,,,False,False,
IONS,56.75,56.45500183105469,-0.005198205620181695,887.0,False,,,False,True,12407.0,False,,,False,False,,False,,,False,False,
IONS,55.2400016784668,55.2599983215332,0.0003619956998335283,0.0,False,,,False,False,,False,,,False,False,,False,,,False,False,
IONS,54.79499816894531,54.77000045776367,-0.000456204252522574,0.0,False,,,False,False,,False,,,False,False,,False,,,False,False,
IONS,56.25,56.2400016784668,-0.0001777479383680003,0.0,False,,,False,False,,False,,,False,False,,False,,,False,False,
IONS,54.08000183105469,54.13100051879883,0.0009430230402627249,0.0,False,,,False,False,,False,,,False,False,,False,,,False,False,
IONS,53.375,51.630001068115234,-0.03269318841938673,69.0,False,,,False,False,,False,,,False,False,,False,,,False,False,
IONS,56.209999084472656,56.33000183105469,0.0021349003475643613,0.0,False,,,False,False,,False,,,False,False,,False,,,False,False,
IONS,55.31999969482422,55.130001068115234,-0.0034345377396443055,3.0,False,,,False,False,,False,,,False,False,,False,,,False,False,
IONS,54.73500061035156,54.0,-0.013428347531845297,820.0,False,,,False,False,,False,,,False,False,,False,,,False,False,
IOVA,4.819900035858154,4.815000057220459,-0.001016614162377083,0.0,True,1386.0,-0.01016614162377083,False,False,,False,,,False,False,,False,,,False,False,
IP,38.150001525878906,38.16579818725586,0.00041406712307034965,0.0,False,,,False,False,,False,,,False,False,,False,,,False,False,
IP,37.529998779296875,37.53499984741211,0.0001332552165707046,0.0,True,11495.0,0.001332552165707046,False,False,,False,,,False,False,,False,,,False,False,
IPAR,119.30000305175781,119.72000122070312,0.0035205210243214324,0.0,False,,,False,False,,False,,,False,False,,False,,,False,False,
IPGP,103.08499908447266,103.08499908447266,0.0,0.0,False,,,False,True,4154.0,False,,,False,True,9909.0,False,,,False,False,
IPGP,96.0,95.9000015258789,-0.0010416507720947266,0.0,True,2726.0,-0.010416507720947266,False,True,30088.0,False,,,False,False,,False,,,False,False,
IPGP,105.61000061035156,105.61000061035156,0.0,0.0,False,,,False,True,13025.0,False,,,False,True,20136.0,False,,,False,False,
IPGP,107.16500091552734,107.62999725341797,0.004339069042300192,0.0,False,,,False,True,20091.0,False,,,False,True,27298.0,False,,,False,False,
IPW,1.184999942779541,1.190000057220459,0.0042195060610632495,0.0,True,1379.0,0.042195060610632495,False,True,3004.0,True,1379.0,0.021097530305316248,False,True,4256.0,False,,,False,True,15821.0
IPW,1.2200000286102295,1.2200000286102295,0.0,1017.0,True,1033.0,0.0,False,True,2658.0,False,,,False,True,2815.0,False,,,False,True,15475.0
IPW,0.666100025177002,0.6198999881744385,-0.06935900804130246,3742.0,False,,,False,True,5182.0,False,,,False,False,,False,,,False,False,
IPW,1.2200000286102295,1.2200000286102295,0.0,861.0,True,877.0,0.0,False,True,2502.0,False,,,False,True,2659.0,False,,,False,True,15319.0
IPW,0.6434999704360962,0.6499999761581421,0.010101019457142923,0.0,False,,,False,True,7010.0,False,,,False,False,,False,,,False,False,
IPW,1.2200000286102295,1.2200000286102295,0.0,1050.0,True,1066.0,0.0,False,True,2691.0,False,,,False,True,2848.0,False,,,False,True,15508.0
IPW,0.666100025177002,0.6198999881744385,-0.06935900804130246,3928.0,False,,,False,True,5368.0,False,,,False,False,,False,,,False,False,
IPW,1.2037999629974365,1.215000033378601,0.00930392982674344,0.0,True,1418.0,0.0930392982674344,False,True,3043.0,False,,,False,True,4283.0,False,,,False,True,15860.0
IPW,1.7100000381469727,1.7100000381469727,0.0,136.0,False,,,False,True,3105.0,False,,,False,True,7367.0,False,,,False,True,13118.0
IPW,1.6828999519348145,1.7000000476837158,0.010161088738068758,0.0,False,,,False,True,2840.0,False,,,False,True,7102.0,False,,,False,True,18835.0
IQST,1.1202000379562378,1.125,0.004284915087594099,0.0,False,,,False,True,4039.0,False,,,False,False,,False,,,False,False,
IQST,1.2452000379562378,1.2200000286102295,-0.020237719705959334,3720.0,False,,,False,True,3834.0,False,,,False,True,8133.0,False,,,False,False,
IQST,1.125,1.1100000143051147,-0.013333320617675781,953.0,False,,,False,True,3833.0,False,,,False,False,,False,,,False,False,
IQV,208.47500610351562,208.63999938964844,0.0007914295781379366,0.0,False,,,False,True,4454.0,False,,,False,False,,False,,,False,False,
IQV,207.32,208.35000610351562,0.004968194595386999,1040.0,True,6800.0,0.04968194595386999,False,False,,True,8265.0,0.024840972976934994,False,False,,False,,,False,False,
IQV,208.3000030517578,208.5800018310547,0.0013442091944055878,0.0,False,,,False,False,,False,,,False,False,,False,,,False,False,
IQV,208.41000366210938,208.2301025390625,-0.0008632077150122486,0.0,False,,,False,True,4557.0,False,,,False,False,,False,,,False,False,
IQV,208.11000061035156,207.63499450683594,-0.0022824761045721065,0.0,False,,,False,True,1791.0,False,,,False,False,,False,,,False,False,
IQV,204.69000244140625,204.68499755859375,-2.445103694759254e-05,0.0,True,11420.0,-0.0002445103694759254,False,False,,True,11430.0,-0.0001222551847379627,False,False,,False,,,False,False,
IRDM,46.29499816894531,46.27000045776367,-0.000539965701919165,0.0,False,,,False,False,,False,,,False,False,,False,,,False,False,
IRDM,48.439998626708984,48.45000076293945,0.00020648506428644353,0.0,False,,,False,False,,False,,,False,False,,False,,,False,False,
IRDM,48.630001068115234,48.619998931884766,-0.00020567830579443225,0.0,False,,,False,False,,False,,,False,False,,False,,,False,False,
IRDM,47.2599983215332,47.255001068115234,-0.00010573960210424893,0.0,False,,,False,False,,False,,,False,False,,False,,,False,False,
IRDM,51.20500183105469,51.20000076293945,-9.766757028417672e-05,0.0,False,,,False,True,11375.0,False,,,False,False,,False,,,False,False,
IRDM,50.0,50.0099983215332,0.00019996643066400033,0.0,False,,,False,False,,False,,,False,False,,False,,,False,False,
IRDM,45.95000076293945,45.95000076293945,0.0,0.0,False,,,False,False,,False,,,False,False,,False,,,False,False,
IRDM,45.40999984741211,45.439998626708984,0.000660620554892688,0.0,False,,,False,False,,False,,,False,False,,False,,,False,False,
IRDM,45.83000183105469,45.84000015258789,0.00021816105463101643,0.0,False,,,False,False,,False,,,False,False,,False,,,False,False,
IRDM,47.43000030517578,47.529998779296875,0.002108338045070157,0.0,False,,,False,False,,False,,,False,False,,False,,,False,False,
IRDM,48.67,48.20000076293945,-0.009656857141166042,290.0,False,,,False,False,,False,,,False,False,,False,,,False,False,
IRDM,47.029998779296875,47.025001525878906,-0.00010625672012920528,0.0,False,,,False,False,,False,,,False,False,,False,,,False,False,
IRDM,46.709999084472656,46.72999954223633,0.00042818364709229506,0.0,False,,,False,False,,False,,,False,False,,False,,,False,False,
IRDM,45.314998626708984,45.349998474121094,0.0007723678356570396,0.0,False,,,False,False,,False,,,False,False,,False,,,False,False,
IRDM,49.720001220703125,49.72999954223633,0.00020109254400102472,0.0,False,,,False,False,,False,,,False,False,,False,,,False,False,
IRDM,45.72999954223633,45.709999084472656,-0.00043735967557134714,0.0,False,,,False,False,,False,,,False,False,,False,,,False,False,
IREN,36.3854,35.09000015258789,-0.03560218789437819,1030.0,False,,,False,True,1055.0,False,,,False,True,2846.0,False,,,False,False,
IREN,38.900001525878906,38.88999938964844,-0.00025712431460478413,0.0,False,,,False,True,1452.0,False,,,False,False,,False,,,False,False,
ISPC,2.430000066757202,2.490000009536743,0.024691333798854576,3814.0,False,,,False,True,6835.0,False,,,False,True,25419.0,False,,,False,False,
ISPC,2.430000066757202,2.490000009536743,0.024691333798854576,2.0,False,,,False,True,3023.0,False,,,False,True,21607.0,False,,,False,False,
ISPC,2.450000047683716,2.5899999141693115,0.05714280153502638,972.0,False,,,False,True,8313.0,False,,,False,True,26897.0,False,,,False,False,
ISPR,1.9091999530792236,1.899999976158142,-0.004818760290792756,0.0,False,,,False,True,1225.0,False,,,False,True,20043.0,False,,,False,False,
ISRG,361.95001220703125,361.79998779296875,-0.00041448931897447583,987.0,False,,,False,False,,False,,,False,False,,False,,,False,False,
ISRG,414.9164,416.25,0.0032141414511452915,1024.0,False,,,False,False,,False,,,False,False,,False,,,False,False,
ISRG,426.3999938964844,426.8900146484375,0.001149204406583726,0.0,False,,,False,True,9961.0,False,,,False,False,,False,,,False,False,
ISRG,412.1449890136719,412.1000061035156,-0.00010914341155499052,0.0,False,,,False,True,11224.0,False,,,False,False,,False,,,False,False,
ISRG,427.3,428.4700012207031,0.0027381259553080906,893.0,False,,,False,True,9637.0,False,,,False,False,,False,,,False,False,
ISSC,19.407899856567383,19.399999618530273,-0.00040706300503889903,0.0,False,,,False,True,7303.0,False,,,False,False,,False,,,False,False,
ISSC,19.209999084472656,19.219999313354492,0.0005205741467171343,0.0,False,,,False,False,,False,,,False,False,,False,,,False,False,
ISSC,18.204999923706055,18.184999465942383,-0.0010986244354567187,0.0,False,,,False,False,,False,,,False,False,,False,,,False,False,
ISSC,18.309999465942383,18.34000015258789,0.001638486483918733,0.0,False,,,False,False,,False,,,False,False,,False,,,False,False,
ISSC,18.360000610351562,18.3700008392334,0.0005446747575921229,0.0,False,,,False,False,,False,,,False,False,,False,,,False,False,
ISSC,18.665000915527344,18.729999542236328,0.0034823800439738317,0.0,False,,,False,False,,False,,,False,False,,False,,,False,False,
ISTR,29.540000915527344,29.530000686645508,-0.000338531772914763,0.0,False,,,False,False,,False,,,False,False,,False,,,False,False,
ITRI,84.57499694824219,84.66999816894531,0.0011232778496139684,0.0,True,30066.0,0.011232778496139684,False,False,,True,30069.0,0.005616389248069842,False,False,,False,,,False,False,
ITRI,85.13500213623047,85.12999725341797,-5.878760423938534e-05,0.0,True,10059.0,-0.0005878760423938534,False,False,,True,10065.0,-0.0002939380211969267,False,False,,False,,,False,False,
IVF,1.159999966621399,1.1699999570846558,0.008620681681899223,1034.0,True,6874.0,0.08620681681899223,False,True,11488.0,False,,,False,True,25515.0,False,,,False,False,
IVF,1.2690999507904053,1.2649999856948853,-0.003230608505631505,0.0,False,,,False,True,4406.0,False,,,False,True,18553.0,False,,,False,False,
IVR,8.125,8.125,0.0,0.0,False,,,False,False,,False,,,False,False,,False,,,False,False,
IVVD,0.8127999901771545,0.8127999901771545,0.0,0.0,False,,,False,True,9999.0,False,,,False,True,12922.0,False,,,False,False,
IVVD,0.6949999928474426,0.6973000168800354,0.003309387131314123,0.0,False,,,False,True,1780.0,False,,,False,True,11685.0,False,,,False,False,
IVVD,0.605,0.6299999952316284,0.04132230616798083,868.0,False,,,False,False,,False,,,False,False,,False,,,False,False,
IVZ,30.145000457763672,30.184999465942383,0.0013268869653777493,0.0,False,,,False,False,,False,,,False,False,,False,,,False,False,
IVZ,29.5049991607666,29.4950008392334,-0.00033886872793065237,0.0,False,,,False,False,,False,,,False,False,,False,,,False,False,
IVZ,29.63,29.760000228881836,0.004387452881601028,157.0,False,,,False,False,,False,,,False,False,,False,,,False,False,
IVZ,29.84000015258789,29.850000381469727,0.00033512831202076043,0.0,False,,,False,False,,False,,,False,False,,False,,,False,False,
IVZ,30.0,30.059999465942383,0.0019999821980793975,0.0,False,,,False,False,,False,,,False,False,,False,,,False,False,
IVZ,30.559999465942383,30.571300506591797,0.00036979845703233316,0.0,False,,,False,False,,False,,,False,False,,False,,,False,False,
IVZ,29.34000015258789,29.350000381469727,0.00034083942841944825,0.0,False,,,False,False,,False,,,False,False,,False,,,False,False,
IVZ,27.05500030517578,27.06999969482422,0.000554403603002962,0.0,True,9738.0,0.00554403603002962,False,False,,False,,,False,False,,False,,,False,False,
IVZ,28.649999618530273,28.709999084472656,0.0020942222248259146,0.0,False,,,False,False,,False,,,False,False,,False,,,False,False,
IVZ,30.1,30.040000915527344,-0.001993325065536844,204.0,False,,,False,False,,False,,,False,False,,False,,,False,False,
IVZ,29.66,29.940000534057617,0.00944034167422858,1017.0,False,,,False,False,,False,,,False,False,,False,,,False,False,
IVZ,29.66,29.940000534057617,0.00944034167422858,234.0,False,,,False,False,,False,,,False,False,,False,,,False,False,
IXHL,3.309999942779541,3.2899999618530273,-0.0060422904145789325,0.0,False,,,False,True,15904.0,False,,,False,False,,False,,,False,False,
JACK,15.420000076293945,15.420000076293945,0.0,0.0,True,20309.0,0.0,False,True,11349.0,False,,,False,False,,False,,,False,False,
JACK,15.71500015258789,15.850000381469727,0.008590533093924657,0.0,False,,,False,True,7211.0,False,,,False,False,,False,,,False,False,
JAKK,24.739999771118164,24.75,0.00040421297390280664,0.0,False,,,False,True,11132.0,False,,,False,False,,False,,,False,False,
JAKK,24.399999618530273,24.479999542236328,0.00327868544904808,0.0,False,,,False,True,2759.0,False,,,False,False,,False,,,False,False,
JAKK,23.959999084472656,24.030000686645508,0.0029216028734415644,0.0,True,11453.0,0.029216028734415644,False,False,,False,,,False,False,,False,,,False,False,
JAZZ,247.72,247.55999755859375,-0.0006459003770638017,8.0,False,,,False,False,,False,,,False,False,,False,,,False,False,
JAZZ,248.44500732421875,248.03500366210938,-0.001650279337569116,0.0,False,,,False,False,,False,,,False,False,,False,,,False,False,
JAZZ,255.60000610351562,255.7899932861328,0.0007432988187812128,0.0,False,,,False,False,,False,,,False,False,,False,,,False,False,
JBHT,285.4800109863281,285.54998779296875,0.00024511981206276623,0.0,False,,,False,False,,False,,,False,False,,False,,,False,False,
JBHT,284.875,284.8949890136719,7.01676653684924e-05,0.0,False,,,False,False,,False,,,False,False,,False,,,False,False,
JBIO,20.899999618530273,20.93000030517578,0.0014354395786164709,0.0,False,,,False,True,25804.0,False,,,False,False,,False,,,False,False,
JBIO,21.344999313354492,21.31999969482422,-0.0011712166471999907,0.0,False,,,False,True,14197.0,False,,,False,False,,False,,,False,False,
JBLU,5.769999980926514,5.699999809265137,-0.01213174556200547,3920.0,False,,,False,True,16880.0,False,,,False,False,,False,,,False,False,
JBLU,5.360000133514404,5.364999771118164,0.0009327681864219617,0.0,True,9985.0,0.009327681864219617,False,True,2829.0,False,,,False,False,,False,,,False,False,
JFB,4.720200061798096,4.729899883270264,0.00205495982059567,0.0,False,,,False,True,5522.0,False,,,False,True,9882.0,False,,,False,False,
JFB,4.719200134277344,4.71999979019165,0.00016944734098012226,0.0,False,,,False,True,2579.0,False,,,False,True,6939.0,False,,,False,False,
JFB,4.710000038146973,4.704999923706055,-0.0010615954141022232,0.0,False,,,False,True,5498.0,False,,,False,True,9858.0,False,,,False,False,
JFB,3.75,3.7699999809265137,0.005333328247070224,80.0,False,,,False,True,7445.0,False,,,False,False,,False,,,False,False,
JFB,3.880000114440918,3.9700000286102295,0.023195853483184647,0.0,False,,,False,True,5704.0,False,,,False,False,,False,,,False,False,
JFB,3.7200000286102295,3.680000066757202,-0.01075267783478251,0.0,False,,,False,True,6995.0,False,,,False,False,,False,,,False,False,
JFB,3.744999885559082,3.694999933242798,-0.013351122521815473,0.0,False,,,False,True,7363.0,False,,,False,False,,False,,,False,False,
JFB,4.699999809265137,4.689899921417236,-0.002148912395270819,0.0,False,,,False,True,5551.0,False,,,False,True,10197.0,False,,,False,False,
JFB,4.860000133514404,4.860000133514404,0.0,0.0,False,,,False,True,14191.0,False,,,False,True,14327.0,False,,,False,False,
JHX,24.350000381469727,24.360000610351562,0.0004106870113007588,0.0,True,4095.0,0.004106870113007588,False,False,,False,,,False,False,,False,,,False,False,
JHX,26.5,26.5049991607666,0.0001886475760981554,0.0,False,,,False,False,,False,,,False,False,,False,,,False,False,
JMSB,21.709999084472656,21.864999771118164,0.007139598948963988,0.0,False,,,False,False,,False,,,False,False,,False,,,False,False,
JMSB,21.729999542236328,21.80500030517578,0.003451484791505699,0.0,False,,,False,False,,False,,,False,False,,False,,,False,False,
JMSB,21.702499389648438,21.809999465942383,0.004953350043415794,0.0,False,,,False,False,,False,,,False,False,,False,,,False,False,
JOBY,7.59499979019165,7.590000152587891,-0.0006582801503453029,0.0,False,,,False,False,,False,,,False,False,,False,,,False,False,
JOBY,7.505000114440918,7.509900093078613,0.0006528952115891773,0.0,False,,,False,True,8435.0,False,,,False,False,,False,,,False,False,
JOBY,7.54,7.539999961853027,-5.059280216990203e-09,867.0,False,,,False,True,8176.0,False,,,False,False,,False,,,False,False,
JOBY,7.72,7.630000114440918,-0.011658016264129767,3762.0,False,,,False,True,9529.0,False,,,False,False,,False,,,False,False,
JOBY,6.95,7.139999866485596,0.027338110285697104,186.0,False,,,False,False,,False,,,False,False,,False,,,False,False,
JOBY,7.95,7.949999809265137,-2.399180676349033e-08,977.0,False,,,False,False,,False,,,False,False,,False,,,False,False,
JOBY,7.735000133514404,7.760000228881836,0.003232074329140744,0.0,False,,,False,True,3208.0,False,,,False,False,,False,,,False,False,
JOBY,7.95,7.949999809265137,-2.399180676349033e-08,170.0,False,,,False,False,,False,,,False,False,,False,,,False,False,
JOBY,7.66,7.510000228881836,-0.019582215550674187,171.0,False,,,False,True,8867.0,False,,,False,False,,False,,,False,False,
JOBY,8.12,8.029999732971191,-0.011083776727685679,191.0,False,,,False,False,,False,,,False,False,,False,,,False,False,
JOBY,7.47,7.71999979019165,0.03346717405510713,148.0,False,,,False,False,,False,,,False,False,,False,,,False,False,
JOBY,7.95,7.949999809265137,-2.399180676349033e-08,959.0,False,,,False,False,,False,,,False,False,,False,,,False,False,
JOBY,6.95,7.139999866485596,0.027338110285697104,3925.0,False,,,False,False,,False,,,False,False,,False,,,False,False,
JOBY,7.149899959564209,7.159999847412109,0.0014125914914921989,0.0,False,,,False,False,,False,,,False,False,,False,,,False,False,
JOBY,7.72,7.630000114440918,-0.011658016264129767,3837.0,False,,,False,True,9604.0,False,,,False,False,,False,,,False,False,
JOBY,8.12,8.029999732971191,-0.011083776727685679,45.0,False,,,False,False,,False,,,False,False,,False,,,False,False,
JOBY,8.01,8.074999809265137,0.008114832617370338,286.0,False,,,False,False,,False,,,False,False,,False,,,False,False,
JOBY,7.715000152587891,7.719900131225586,0.0006351235956945089,0.0,False,,,False,True,4637.0,False,,,False,False,,False,,,False,False,
JOBY,7.66,7.860000133514404,0.026109678004491377,927.0,False,,,False,False,,False,,,False,False,,False,,,False,False,
JOBY,7.47,7.71999979019165,0.03346717405510713,36.0,False,,,False,False,,False,,,False,False,,False,,,False,False,
JOBY,7.54,7.539999961853027,-5.059280216990203e-09,235.0,False,,,False,True,7544.0,False,,,False,False,,False,,,False,False,
JOBY,6.95,7.139999866485596,0.027338110285697104,63.0,False,,,False,False,,False,,,False,False,,False,,,False,False,
JOBY,8.010000228881836,8.015000343322754,0.000624233994761747,0.0,False,,,False,False,,False,,,False,False,,False,,,False,False,
JOBY,7.29,7.385000228881836,0.01303158146527239,306.0,False,,,False,False,,False,,,False,False,,False,,,False,False,
JOBY,7.735000133514404,7.744999885559082,0.001292792743642135,0.0,False,,,False,True,3074.0,False,,,False,False,,False,,,False,False,
JOBY,7.724999904632568,7.75,0.003236258339943676,0.0,False,,,False,False,,False,,,False,False,,False,,,False,False,
JOBY,7.66,7.860000133514404,0.026109678004491377,939.0,False,,,False,False,,False,,,False,False,,False,,,False,False,
JOBY,8.01,8.074999809265137,0.008114832617370338,933.0,False,,,False,False,,False,,,False,False,,False,,,False,False,
JRSH,4.599999904632568,4.610000133514404,0.002173962845469779,0.0,False,,,False,False,,False,,,False,False,,False,,,False,False,
JRSH,4.599899768829346,4.619900226593018,0.00434802034148718,0.0,False,,,False,False,,False,,,False,False,,False,,,False,False,
JRSH,4.489999771118164,4.614999771118164,0.027839645071712438,0.0,False,,,False,False,,False,,,False,False,,False,,,False,False,
JSPR,0.6000999808311462,0.6243000030517578,0.040326650547620746,0.0,True,1063.0,0.40326650547620746,False,False,,True,1063.0,0.20163325273810373,False,False,,True,5581.0,0.08065330109524149,False,False,
JSPR,0.670799970626831,0.6848999857902527,0.02101970152182009,0.0,True,1382.0,0.2101970152182009,False,True,2826.0,True,1723.0,0.10509850760910044,False,False,,True,3109.0,0.04203940304364018,False,False,
JSPR,0.6617000102996826,0.6624000072479248,0.0010578765865896234,0.0,True,139.0,0.010578765865896234,False,True,2701.0,True,1598.0,0.005289382932948117,False,False,,True,2984.0,0.0021157531731792467,False,False,
JSPR,0.6812000274658203,0.6797999739646912,-0.0020552751683490245,0.0,True,2680.0,-0.020552751683490245,False,True,4066.0,True,4200.0,-0.010276375841745122,False,False,,True,4365.0,-0.004110550336698049,False,False,
JSPR,0.7002000212669373,0.6700000166893005,-0.04313053936072875,0.0,True,1782.0,-0.4313053936072875,False,True,124.0,True,3030.0,-0.21565269680364374,False,False,,False,,,False,False,
JSPR,0.5231000185012817,0.5230000019073486,-0.00019119975223791386,0.0,True,147.0,-0.0019119975223791386,False,False,,True,1314.0,-0.0009559987611895693,False,False,,True,10318.0,-0.0003823995044758277,False,False,
JSPR,0.6047000288963318,0.6043999791145325,-0.0004961960765025308,0.0,True,1073.0,-0.004961960765025308,False,False,,True,1074.0,-0.002480980382512654,False,False,,True,5591.0,-0.0009923921530050617,False,False,
JSPR,0.5497999787330627,0.5328999757766724,-0.030738456911792,0.0,True,2780.0,-0.30738456911792,False,False,,True,2859.0,-0.15369228455896,False,False,,True,13033.0,-0.061476913823584,False,False,
JSPR,0.5496000051498413,0.5566999912261963,0.012918460716570213,0.0,True,1388.0,0.12918460716570213,False,False,,True,1467.0,0.06459230358285106,False,False,,True,11641.0,0.025836921433140425,False,False,
JSPR,0.5889999866485596,0.6000000238418579,0.018675785131828437,3.0,True,9.0,0.18675785131828437,False,False,,True,1453.0,0.09337892565914219,False,False,,True,5970.0,0.037351570263656875,False,False,
JTAI,3.119999885559082,3.299999952316284,0.057692331204988845,867.0,False,,,False,True,887.0,False,,,False,True,1120.0,False,,,False,False,
JTAI,2.6298999786376953,2.615000009536743,-0.005665602959041172,0.0,True,34.0,-0.056656029590411716,False,True,137.0,False,,,False,True,1671.0,False,,,False,False,
JTAI,4.199999809265137,4.166999816894531,-0.007857141397437206,0.0,False,,,False,True,90.0,False,,,False,True,186.0,False,,,False,True,3099.0
JTAI,3.119999885559082,3.299999952316284,0.057692331204988845,144.0,False,,,False,True,164.0,False,,,False,True,397.0,False,,,False,False,
JTAI,2.0000998973846436,2.009999990463257,0.004949799303304081,0.0,False,,,False,True,5664.0,False,,,False,False,,False,,,False,False,
JXN,118.86499786376953,118.9000015258789,0.00029448250316299607,0.0,False,,,False,False,,False,,,False,False,,False,,,False,False,
KALA,0.8495000004768372,0.9079999923706055,0.06886402808820646,841.0,False,,,False,True,1196.0,False,,,False,True,9512.0,False,,,False,False,
KALA,0.9408000111579895,0.9677000045776367,0.02859267974129498,0.0,True,1081.0,0.2859267974129498,False,True,2840.0,True,1126.0,0.1429633987064749,False,True,8352.0,False,,,False,False,
KALU,161.5,161.22000122070312,-0.0017337385714977227,0.0,False,,,False,False,,False,,,False,False,,False,,,False,False,
KALU,160.14999389648438,160.47000122070312,0.0019981725658109184,0.0,False,,,False,False,,False,,,False,False,,False,,,False,False,
KALU,157.02999877929688,156.8800048828125,-0.0009551926233865027,0.0,True,3955.0,-0.009551926233865027,False,False,,False,,,False,False,,False,,,False,False,
KALU,159.52999877929688,159.3350067138672,-0.0012222908977731484,0.0,False,,,False,False,,False,,,False,False,,False,,,False,False,
KBDC,13.350000381469727,13.354999542236328,0.00037446896058068724,0.0,False,,,False,False,,False,,,False,False,,False,,,False,False,
KBR,37.34000015258789,37.34000015258789,0.0,0.0,False,,,False,True,8303.0,False,,,False,False,,False,,,False,False,
KBR,36.13999938964844,36.25,0.0030437358109935975,0.0,False,,,False,False,,False,,,False,False,,False,,,False,False,
KBR,35.619998931884766,35.66999816894531,0.0014036844065088427,0.0,False,,,False,False,,False,,,False,False,,False,,,False,False,
KBR,36.334999084472656,36.310001373291016,-0.000687978858167182,0.0,False,,,False,False,,False,,,False,False,,False,,,False,False,
KD,12.149999618530273,12.145000457763672,-0.0004114535739554448,0.0,True,15572.0,-0.004114535739554448,False,False,,False,,,False,False,,False,,,False,False,
KD,12.664999961853027,12.675000190734863,0.0007895956503716217,0.0,True,2989.0,0.007895956503716217,False,False,,False,,,False,False,,False,,,False,False,
KEEL,4.8495,4.650000095367432,-0.0411382420110461,880.0,False,,,False,True,933.0,False,,,False,False,,False,,,False,False,
KEEL,4.815000057220459,4.820000171661377,0.0010384453544127759,831.0,False,,,False,True,900.0,False,,,False,True,6591.0,False,,,False,False,
KEEL,4.889999866485596,4.889900207519531,-2.038015721583797e-05,0.0,False,,,False,True,5449.0,False,,,False,True,9930.0,False,,,False,False,
KEEL,3.369999885559082,3.4000000953674316,0.008902139711311152,0.0,True,1158.0,0.08902139711311152,False,False,,True,1174.0,0.04451069855655576,False,False,,False,,,False,False,
KEEL,4.425000190734863,4.429999828338623,0.0011298615566679437,0.0,True,1268.0,0.011298615566679437,False,False,,False,,,False,False,,False,,,False,False,
KEEL,4.789999961853027,4.800000190734863,0.002087730472124516,0.0,False,,,False,True,1407.0,False,,,False,True,6861.0,False,,,False,False,
KEY,23.375,23.3799991607666,0.00021386784028232242,0.0,False,,,False,False,,False,,,False,False,,False,,,False,False,
KEY,23.1,23.360000610351562,0.011255437677556657,30.0,False,,,False,False,,False,,,False,False,,False,,,False,False,
KEY,23.334999084472656,23.34000015258789,0.0002143161907626201,0.0,False,,,False,False,,False,,,False,False,,False,,,False,False,
KEY,23.379499435424805,23.420000076293945,0.0017323142858984841,0.0,False,,,False,False,,False,,,False,False,,False,,,False,False,
KEY,23.165000915527344,23.165000915527344,0.0,0.0,False,,,False,False,,False,,,False,False,,False,,,False,False,
KEY,23.954999923706055,23.969999313354492,0.0006261485992991034,0.0,False,,,False,False,,False,,,False,False,,False,,,False,False,
KEY,22.635000228881836,22.635000228881836,0.0,0.0,False,,,False,False,,False,,,False,False,,False,,,False,False,
KFRC,58.2599983215332,57.869998931884766,-0.006694119479648042,0.0,False,,,False,False,,False,,,False,False,,False,,,False,False,
KIDZ,0.6140000224113464,0.6200000047683716,0.009771957879515236,0.0,True,9810.0,0.09771957879515236,False,True,2612.0,True,9810.0,0.04885978939757618,False,True,2640.0,True,9810.0,0.019543915759030472,False,False,
KIDZ,0.8177000284194946,0.8235999941825867,0.007215318035999063,0.0,True,1419.0,0.07215318035999063,False,True,38.0,True,20089.0,0.036076590179995316,False,True,8951.0,False,,,False,True,14517.0
KIDZ,0.7322999835014343,0.699999988079071,-0.04410760091502863,879.0,True,923.0,-0.44107600915028633,False,True,8461.0,True,928.0,-0.22053800457514317,False,True,11329.0,False,,,False,False,
KIDZ,0.8133999705314636,0.8330000042915344,0.024096427920035968,0.0,True,18653.0,0.24096427920035968,False,True,1402.0,True,18653.0,0.12048213960017984,False,True,7515.0,False,,,False,True,13081.0
KIDZ,0.7569000124931335,0.7580999732017517,0.0015853622523609445,0.0,True,1277.0,0.015853622523609445,False,True,1231.0,True,1281.0,0.007926811261804723,False,True,10245.0,False,,,False,False,
KIDZ,0.8198999762535095,0.8198999762535095,0.0,0.0,True,18522.0,0.0,False,True,1271.0,True,18522.0,0.0,False,True,7384.0,False,,,False,True,12950.0
KINS,20.059999465942383,20.094999313354492,0.0017447581427671999,0.0,False,,,False,False,,False,,,False,False,,False,,,False,False,
KINS,19.7450008392334,19.7450008392334,0.0,0.0,False,,,False,False,,False,,,False,False,,False,,,False,False,
KITT,0.7889000177383423,0.781000018119812,-0.01001394275687606,0.0,True,4147.0,-0.1001394275687606,False,False,,False,,,False,False,,False,,,False,False,
KITT,1.0800000429153442,1.090000033378601,0.009259250061012025,0.0,False,,,False,True,8847.0,False,,,False,True,11542.0,False,,,False,False,
KITT,1.05,1.0499999523162842,-4.541306275474e-08,30.0,False,,,False,True,325.0,False,,,False,True,2964.0,False,,,False,False,
KITT,1.024999976158142,1.0299999713897705,0.004878044241882984,0.0,False,,,False,True,1275.0,False,,,False,True,2740.0,False,,,False,False,
KITT,0.8299999833106995,0.8109999895095825,-0.022891559256820515,0.0,False,,,False,False,,False,,,False,False,,False,,,False,False,
KITT,0.8299999833106995,0.8388000130653381,0.01060244570070612,0.0,False,,,False,False,,False,,,False,False,,False,,,False,False,
KITT,0.7800999879837036,0.7900000214576721,0.01269072378728886,7.0,True,4271.0,0.1269072378728886,False,False,,False,,,False,False,,False,,,False,False,
KITT,1.024999976158142,1.024999976158142,0.0,1.0,False,,,False,True,1296.0,False,,,False,True,2761.0,False,,,False,False,
KITT,1.1349999904632568,1.1399999856948853,0.0044052821794189345,0.0,False,,,False,True,2767.0,False,,,False,True,11394.0,False,,,False,False,
KITT,1.05,1.0499999523162842,-4.541306275474e-08,33.0,False,,,False,True,328.0,False,,,False,True,2967.0,False,,,False,False,
KITT,0.824999988079071,0.8349000215530396,0.012000040747903284,0.0,False,,,False,False,,False,,,False,False,,False,,,False,False,
KITT,1.0950000286102295,1.100000023841858,0.004566205571678639,950.0,False,,,False,True,2579.0,False,,,False,True,11417.0,False,,,False,False,
KLAC,212.77000427246094,213.03990173339844,0.0012684939395493089,0.0,False,,,False,False,,False,,,False,False,,False,,,False,False,
KLAC,198.1750030517578,198.19000244140625,7.568759640452782e-05,0.0,False,,,False,True,2774.0,False,,,False,False,,False,,,False,False,
KLAC,218.01,215.5,-0.011513233337920203,329.0,False,,,False,True,4771.0,False,,,False,True,7598.0,False,,,False,False,
KLRS,4.5,4.599999904632568,0.02222220102945971,0.0,True,3989.0,0.2222220102945971,False,True,8548.0,True,3992.0,0.11111100514729855,False,True,9821.0,False,,,False,False,
KLRS,4.425000190734863,4.425000190734863,0.0,0.0,True,2883.0,0.0,False,True,10078.0,True,5389.0,0.0,False,True,11221.0,False,,,False,False,
KLRS,4.599999904632568,4.554999828338623,-0.009782625484106355,0.0,True,3944.0,-0.09782625484106355,False,True,8307.0,True,3984.0,-0.04891312742053178,False,True,9741.0,False,,,False,False,
KLRS,4.5,4.539999961853027,0.008888880411783928,0.0,True,2667.0,0.08888880411783928,False,True,7226.0,True,2670.0,0.04444440205891964,False,True,8499.0,False,,,False,False,
KLRS,4.429999828338623,4.394999980926514,-0.00790064306283178,0.0,True,2935.0,-0.0790064306283178,False,True,10130.0,True,5441.0,-0.0395032153141589,False,True,11273.0,False,,,False,False,
KLRS,4.550000190734863,4.579999923706055,0.006593347629364921,0.0,True,2640.0,0.0659334762936492,False,True,7003.0,True,2672.0,0.0329667381468246,False,True,8462.0,False,,,False,False,
KMPR,29.571199417114258,29.6299991607666,0.001988412536906292,0.0,False,,,False,False,,False,,,False,False,,False,,,False,False,
KMT,35.080501556396484,35.11000061035156,0.0008408960147749944,0.0,False,,,False,False,,False,,,False,False,,False,,,False,False,
KMTS,28.110000610351562,28.1200008392334,0.0003557534210139046,0.0,False,,,False,True,4333.0,False,,,False,True,11215.0,False,,,False,False,
KMTS,22.204999923706055,22.225000381469727,0.0009007186594187644,0.0,False,,,False,False,,False,,,False,False,,False,,,False,False,
KMTS,22.8799991607666,22.889999389648438,0.00043707295667139157,0.0,False,,,False,True,2684.0,False,,,False,False,,False,,,False,False,
KMTS,25.829999923706055,25.709999084472656,-0.004645793247690433,0.0,False,,,False,True,7035.0,False,,,False,True,18555.0,False,,,False,False,
KMTS,27.899999618530273,27.90999984741211,0.00035843114761879846,0.0,False,,,False,True,8575.0,False,,,False,True,11407.0,False,,,False,False,
KMTS,21.235000610351562,21.260000228881836,0.0011772836266408238,0.0,True,6869.0,0.011772836266408238,False,False,,False,,,False,False,,False,,,False,False,
KMTS,21.299999237060547,21.274999618530273,-0.0011736910528511446,0.0,True,8301.0,-0.011736910528511446,False,False,,False,,,False,False,,False,,,False,False,
KMTS,23.540000915527344,23.68000030517578,0.005947297544754537,0.0,False,,,False,True,3062.0,False,,,False,False,,False,,,False,False,
KMTS,21.235000610351562,21.190000534057617,-0.002119146456346588,0.0,True,6828.0,-0.021191464563465878,False,False,,False,,,False,False,,False,,,False,False,
KMTS,22.674999237060547,22.690000534057617,0.0006615787211383672,0.0,False,,,False,True,2817.0,False,,,False,False,,False,,,False,False,
KN,35.20000076293945,35.2400016784668,0.0011363896210325741,0.0,True,4359.0,0.011363896210325741,False,False,,False,,,False,False,,False,,,False,False,
KN,35.54999923706055,35.54499816894531,-0.00014067702454467756,0.0,True,4410.0,-0.0014067702454467756,False,False,,False,,,False,False,,False,,,False,False,
KN,35.23,35.58000183105469,0.009934766706065634,0.0,True,4705.0,0.09934766706065634,False,False,,False,,,False,False,,False,,,False,False,
KN,35.58000183105469,35.59000015258789,0.00028100958456045433,0.0,True,4549.0,0.0028100958456045433,False,False,,False,,,False,False,,False,,,False,False,
KN,36.79999923706055,36.81999969482422,0.0005434907113675003,0.0,False,,,False,False,,False,,,False,False,,False,,,False,False,
KN,35.099998474121094,35.060001373291016,-0.0011395185917050243,0.0,True,10161.0,-0.011395185917050243,False,False,,False,,,False,False,,False,,,False,False,
KN,37.18000030517578,37.220001220703125,0.0010758718450514237,0.0,False,,,False,False,,False,,,False,False,,False,,,False,False,
KNSL,346.125,345.9599914550781,-0.00047673107958645655,0.0,False,,,False,False,,False,,,False,False,,False,,,False,False,
KNSL,347.989990234375,347.86749267578125,-0.00035201460395817286,0.0,False,,,False,False,,False,,,False,False,,False,,,False,False,
KNX,76.04000091552734,76.05000305175781,0.00013153782364594413,0.0,False,,,False,True,11323.0,False,,,False,False,,False,,,False,False,
KPTI,7.198599815368652,7.190000057220459,-0.0011946431762790422,0.0,False,,,False,False,,False,,,False,False,,False,,,False,False,
KPTI,9.819999694824219,9.800000190734863,-0.00203660944102646,0.0,False,,,False,True,7135.0,False,,,False,True,7213.0,False,,,False,False,
KRC,39.56,39.459999084472656,-0.00252782900726356,1046.0,False,,,False,False,,False,,,False,False,,False,,,False,False,
KRC,40.060001373291016,40.09000015258789,0.0007488461874312069,0.0,False,,,False,False,,False,,,False,False,,False,,,False,False,
KRC,39.52000045776367,39.52000045776367,0.0,0.0,False,,,False,False,,False,,,False,False,,False,,,False,False,
KRC,39.185001373291016,39.20500183105469,0.0005104110517475391,0.0,False,,,False,False,,False,,,False,False,,False,,,False,False,
KRC,39.79999923706055,39.810001373291016,0.000251309960356938,0.0,False,,,False,False,,False,,,False,False,,False,,,False,False,
KRC,38.345001220703125,38.380001068115234,0.0009127616716102516,0.0,False,,,False,False,,False,,,False,False,,False,,,False,False,
KRC,39.29999923706055,39.33000183105469,0.0007634247983865361,0.0,False,,,False,False,,False,,,False,False,,False,,,False,False,
KRC,39.130001068115234,39.125,-0.00012780649063948157,0.0,False,,,False,False,,False,,,False,False,,False,,,False,False,
KRC,38.845001220703125,38.845001220703125,0.0,0.0,False,,,False,False,,False,,,False,False,,False,,,False,False,
KRC,39.505001068115234,39.52000045776367,0.0003796833120590648,0.0,False,,,False,False,,False,,,False,False,,False,,,False,False,
KRC,40.005001068115234,40.029998779296875,0.0006248646547735159,0.0,False,,,False,False,,False,,,False,False,,False,,,False,False,
KRC,40.26499938964844,40.275001525878906,0.0002484077084834446,0.0,False,,,False,False,,False,,,False,False,,False,,,False,False,
KRC,38.369998931884766,38.459999084472656,0.0023455865283619204,0.0,False,,,False,False,,False,,,False,False,,False,,,False,False,
KRC,38.779998779296875,38.77000045776367,-0.0002578216051554172,0.0,False,,,False,False,,False,,,False,False,,False,,,False,False,
KRC,38.35,38.994998931884766,0.016818746594126743,276.0,False,,,False,False,,False,,,False,False,,False,,,False,False,
KRC,40.029998779296875,40.029998779296875,0.0,0.0,False,,,False,False,,False,,,False,False,,False,,,False,False,
KRC,38.650001525878906,38.630001068115234,-0.0005174762477119232,0.0,False,,,False,False,,False,,,False,False,,False,,,False,False,
KRC,39.40999984741211,39.40999984741211,0.0,0.0,False,,,False,False,,False,,,False,False,,False,,,False,False,
KRC,38.4,38.689998626708984,0.007552047570546616,207.0,False,,,False,False,,False,,,False,False,,False,,,False,False,
KREF,7.434999942779541,7.445000171661377,0.001345020707303135,0.0,False,,,False,False,,False,,,False,False,,False,,,False,False,
KREF,7.380000114440918,7.380000114440918,0.0,0.0,False,,,False,False,,False,,,False,False,,False,,,False,False,
KRG,29.639999389648438,29.665000915527344,0.0008435062885878697,0.0,False,,,False,False,,False,,,False,False,,False,,,False,False,
KRNY,9.40999984741211,9.399999618530273,-0.001062723596598758,0.0,False,,,False,False,,False,,,False,False,,False,,,False,False,
KRNY,9.4350004196167,9.449999809265137,0.0015897603583834297,0.0,False,,,False,False,,False,,,False,False,,False,,,False,False,
KRNY,9.444999694824219,9.4399995803833,-0.0005293927583351898,1.0,False,,,False,False,,False,,,False,False,,False,,,False,False,
KROS,10.5600004196167,10.550000190734863,-0.0009469913337559754,0.0,False,,,False,False,,False,,,False,False,,False,,,False,False,
KROS,11.295000076293945,11.279999732971191,-0.0013280516353635363,0.0,False,,,False,True,20091.0,False,,,False,False,,False,,,False,False,
KROS,11.329999923706055,11.354999542236328,0.0022064976786069224,0.0,False,,,False,True,20046.0,False,,,False,False,,False,,,False,False,
KROS,11.149999618530273,11.220000267028809,0.006278085281922419,0.0,False,,,False,True,18590.0,False,,,False,False,,False,,,False,False,
KROS,11.789999961853027,11.8149995803833,0.002120408703236709,0.0,False,,,False,True,5760.0,False,,,False,False,,False,,,False,False,
KRP,15.154999732971191,15.154999732971191,0.0,0.0,False,,,False,False,,False,,,False,False,,False,,,False,False,
KRP,14.9399995803833,14.960000038146973,0.00133871876341507,0.0,False,,,False,False,,False,,,False,False,,False,,,False,False,
KRYS,365.885009765625,367.2300109863281,0.003676021659276829,0.0,False,,,False,True,8433.0,False,,,False,False,,False,,,False,False,
KSCP,1.6449999809265137,1.6491999626159668,0.002553180387933951,0.0,True,11428.0,0.02553180387933951,False,True,3140.0,True,11453.0,0.012765901939669755,False,False,,False,,,False,False,
KSCP,1.7649999856948853,1.7649999856948853,0.0,0.0,False,,,False,True,1130.0,False,,,False,True,8425.0,False,,,False,False,
KSS,18.110000610351562,18.139999389648438,0.001656475885468911,0.0,False,,,False,False,,False,,,False,False,,False,,,False,False,
KSS,18.514999389648438,18.540000915527344,0.001350339006378043,0.0,False,,,False,False,,False,,,False,False,,False,,,False,False,
KSS,16.645000457763672,16.674999237060547,0.0018022696588682052,0.0,False,,,False,False,,False,,,False,False,,False,,,False,False,
KTB,86.58999633789062,86.63999938964844,0.0005774691520101793,0.0,False,,,False,False,,False,,,False,False,,False,,,False,False,
KTB,84.0999984741211,84.22000122070312,0.0014269054549265192,0.0,False,,,False,False,,False,,,False,False,,False,,,False,False,
KTB,86.625,86.68000030517578,0.0006349241578733622,0.0,False,,,False,False,,False,,,False,False,,False,,,False,False,
KTB,87.41999816894531,87.42500305175781,5.72510056888742e-05,0.0,False,,,False,False,,False,,,False,False,,False,,,False,False,
KTB,85.5999984741211,85.66999816894531,0.0008177534587852087,0.0,False,,,False,False,,False,,,False,False,,False,,,False,False,
KTB,86.91000366210938,86.93000030517578,0.00023008448077099786,0.0,False,,,False,False,,False,,,False,False,,False,,,False,False,
KTB,84.91000366210938,85.12999725341797,0.0025909030952824263,0.0,False,,,False,False,,False,,,False,False,,False,,,False,False,
KULR,2.5999999046325684,2.609999895095825,0.003846150319251729,0.0,True,5681.0,0.03846150319251729,False,False,,True,7236.0,0.019230751596258644,False,False,,False,,,False,False,
KUST,1.3799999952316284,1.340000033378601,-0.028985479703797723,920.0,True,2376.0,-0.28985479703797723,False,True,6718.0,False,,,False,True,8170.0,False,,,False,False,
KWR,148.6999969482422,148.9499969482422,0.0016812374252235252,0.0,False,,,False,False,,False,,,False,False,,False,,,False,False,
KYMR,115.94000244140625,115.56999969482422,-0.0031913294703355133,0.0,False,,,False,True,28801.0,False,,,False,False,,False,,,False,False,
KYMR,111.06999969482422,112.0199966430664,0.00855313721844242,97.0,False,,,False,False,,False,,,False,False,,False,,,False,False,
KYMR,111.62000274658203,111.63999938964844,0.0001791492794691596,0.0,False,,,False,False,,False,,,False,False,,False,,,False,False,
KYMR,111.19000244140625,111.19000244140625,0.0,0.0,False,,,False,False,,False,,,False,False,,False,,,False,False,
KYMR,113.25,113.32499694824219,0.0006622247085403821,0.0,False,,,False,False,,False,,,False,False,,False,,,False,False,
KYTX,7.460999965667725,7.46999979019165,0.001206249104052981,310.0,False,,,False,False,,False,,,False,False,,False,,,False,False,
KYTX,7.342599868774414,7.330100059509277,-0.0017023683012190594,0.0,True,15514.0,-0.017023683012190594,False,False,,False,,,False,False,,False,,,False,False,
LAB,0.8686000108718872,0.8679999709129333,-0.0006908127463083336,0.0,True,2853.0,-0.006908127463083336,False,False,,False,,,False,False,,False,,,False,False,
LAB,0.906499981880188,0.9023000001907349,-0.004633184526647072,0.0,False,,,False,True,13132.0,False,,,False,False,,False,,,False,False,
LAB,0.8870999813079834,0.8885999917984009,0.0016909148033188437,0.0,False,,,False,False,,False,,,False,False,,False,,,False,False,
LAB,0.9337000250816345,0.9398000240325928,0.006533146392948774,0.0,False,,,False,True,1407.0,False,,,False,False,,False,,,False,False,
LAB,0.8561999797821045,0.8564000129699707,0.00023362904997625833,0.0,False,,,False,True,20119.0,False,,,False,False,,False,,,False,False,
LAB,0.8342999815940857,0.8342000246047974,-0.00011980941087563757,0.0,False,,,False,False,,False,,,False,False,,False,,,False,False,
LAND,8.585000038146973,8.59000015258789,0.0005824245100407577,0.0,False,,,False,False,,False,,,False,False,,False,,,False,False,
LASE,1.4200999736785889,1.4210000038146973,0.0006337794189072987,0.0,False,,,False,True,6919.0,False,,,False,True,21292.0,False,,,False,False,
LASE,1.401,1.409999966621399,0.006423959044538741,5320.0,False,,,False,True,8200.0,False,,,False,True,21160.0,False,,,False,False,
LASE,1.3899999856948853,1.3949999809265137,0.003597118908694741,0.0,False,,,False,True,9724.0,False,,,False,True,15484.0,False,,,False,False,
LASE,1.08,1.065000057220459,-0.013888835906982533,102.0,False,,,False,True,1568.0,False,,,False,False,,False,,,False,False,
LAW,4.210000038146973,4.210000038146973,0.0,0.0,False,,,False,True,8510.0,False,,,False,False,,False,,,False,False,
LAW,4.230000019073486,4.230000019073486,0.0,0.0,False,,,False,True,8558.0,False,,,False,False,,False,,,False,False,
LAW,4.139999866485596,4.139999866485596,0.0,0.0,False,,,False,True,12729.0,False,,,False,False,,False,,,False,False,
LAZ,40.25,40.209999084472656,-0.0009938115658967295,0.0,True,9974.0,-0.009938115658967295,False,False,,False,,,False,False,,False,,,False,False,
LAZ,44.595001220703125,44.599998474121094,0.00011205860031804349,0.0,False,,,False,False,,False,,,False,False,,False,,,False,False,
LAZ,44.35,45.2400016784668,0.02006768158887917,3923.0,False,,,False,False,,False,,,False,False,,False,,,False,False,
LAZ,44.65999984741211,44.72999954223633,0.0015673912911640109,0.0,False,,,False,False,,False,,,False,False,,False,,,False,False,
LAZ,42.20500183105469,42.25,0.0010661809499603603,0.0,False,,,False,False,,False,,,False,False,,False,,,False,False,
LBRX,34.619998931884766,34.755001068115234,0.0038995418947322946,0.0,True,6973.0,0.038995418947322946,False,False,,False,,,False,False,,False,,,False,False,
LBRX,32.46500015258789,32.59000015258789,0.0038503003053285134,0.0,True,11516.0,0.038503003053285134,False,False,,True,21698.0,0.019251501526642567,False,False,,False,,,False,False,
LBRX,35.220001220703125,35.5099983215332,0.00823387537702902,0.0,True,3203.0,0.08233875377029021,False,False,,False,,,False,False,,False,,,False,False,
LCID,5.947800159454346,5.974999904632568,0.004573076507116136,0.0,True,10042.0,0.04573076507116136,False,True,7306.0,False,,,False,True,7324.0,False,,,False,True,7357.0
LCID,5.635000228881836,5.658999919891357,0.004259039935173847,0.0,True,19.0,0.04259039935173847,False,False,,True,83.0,0.021295199675869236,False,False,,False,,,False,False,
LCID,6.800099849700928,6.869999885559082,0.010279266099486595,0.0,True,1717.0,0.10279266099486595,False,True,89.0,False,,,False,False,,False,,,False,False,
LCII,102.08000183105469,103.0,0.009012521085843384,0.0,False,,,False,False,,False,,,False,False,,False,,,False,False,
LCII,100.7699966430664,100.87999725341797,0.0010916008138930344,0.0,True,12607.0,0.010916008138930344,False,False,,False,,,False,False,,False,,,False,False,
LCII,104.12,104.43000030517578,0.0029773367765633107,44.0,False,,,False,False,,False,,,False,False,,False,,,False,False,
LCII,105.80000305175781,105.87999725341797,0.0007560888407633914,0.0,False,,,False,False,,False,,,False,False,,False,,,False,False,
LCII,101.83999633789062,101.875,0.00034371232686658537,0.0,False,,,False,False,,False,,,False,False,,False,,,False,False,
LCNB,19.895000457763672,19.6200008392334,-0.01382254899235047,0.0,False,,,False,False,,False,,,False,False,,False,,,False,False,
LE,12.079999923706055,12.079999923706055,0.0,0.0,False,,,False,True,1279.0,False,,,False,False,,False,,,False,False,
LE,11.0,10.970000267028809,-0.0027272484519265117,0.0,True,9914.0,-0.027272484519265117,False,False,,False,,,False,False,,False,,,False,False,
LE,12.009400367736816,12.069999694824219,0.005045991076307432,0.0,False,,,False,False,,False,,,False,False,,False,,,False,False,
LE,11.010000228881836,11.010000228881836,0.0,0.0,True,9892.0,0.0,False,False,,False,,,False,False,,False,,,False,False,
LE,11.079999923706055,11.024999618530273,-0.004963926494088389,0.0,True,18742.0,-0.04963926494088389,False,False,,False,,,False,False,,False,,,False,False,
LEDS,2.959399938583374,2.97379994392395,0.004865853091646999,0.0,False,,,False,True,4016.0,False,,,False,True,6935.0,False,,,False,False,
LEDS,2.3499999046325684,2.350800037384033,0.0003404820357173488,0.0,True,49.0,0.003404820357173488,False,True,10371.0,True,123.0,0.001702410178586744,False,True,14542.0,True,294.0,0.0006809640714346976,False,False,
LEDS,2.440000057220459,2.440000057220459,0.0,0.0,True,1322.0,0.0,False,True,11391.0,True,1392.0,0.0,False,True,15691.0,False,,,False,False,
LEDS,2.759999990463257,2.9000000953674316,0.050724675865189583,128.0,False,,,False,True,351.0,False,,,False,True,4518.0,False,,,False,False,
LEDS,2.799999952316284,2.7708001136779785,-0.010428513976991405,0.0,False,,,False,True,1331.0,False,,,False,True,5493.0,False,,,False,False,
LEDS,3.01,2.930000066757202,-0.026578050911228446,133.0,False,,,False,True,171.0,False,,,False,True,1910.0,False,,,False,False,
LEDS,2.440000057220459,2.4100000858306885,-0.01229506995337748,0.0,True,1239.0,-0.1229506995337748,False,True,11308.0,True,1309.0,-0.0614753497668874,False,True,15608.0,False,,,False,False,
LEE,8.09000015258789,8.109999656677246,0.0024721265404374915,0.0,False,,,False,True,5590.0,False,,,False,False,,False,,,False,False,
LEE,7.760000228881836,7.864999771118164,0.013530868445793542,0.0,False,,,False,True,20018.0,False,,,False,False,,False,,,False,False,
LEGH,26.670000076293945,26.670000076293945,0.0,0.0,False,,,False,False,,False,,,False,False,,False,,,False,False,
LEU,163.89,167.0,0.018976142534626872,3895.0,False,,,False,False,,False,,,False,False,,False,,,False,False,
LEU,169.3300018310547,169.35499572753906,0.00014760465489938035,0.0,False,,,False,False,,False,,,False,False,,False,,,False,False,
LEU,175.9600067138672,175.65499877929688,-0.0017333935151883084,0.0,False,,,False,True,8500.0,False,,,False,False,,False,,,False,False,
LEVI,24.559999465942383,24.579999923706055,0.0008143509038509578,0.0,False,,,False,False,,False,,,False,False,,False,,,False,False,
LEVI,24.440000534057617,24.44499969482422,0.00020454830840255234,0.0,False,,,False,False,,False,,,False,False,,False,,,False,False,
LEVI,24.6200008392334,24.670000076293945,0.0020308381541918052,0.0,False,,,False,False,,False,,,False,False,,False,,,False,False,
LEVI,24.260099411010742,24.290000915527344,0.0012325384166822495,0.0,False,,,False,False,,False,,,False,False,,False,,,False,False,
LFST,11.25,11.300000190734863,0.004444461398654509,92.0,False,,,False,False,,False,,,False,False,,False,,,False,False,
LFST,11.335000038146973,11.345000267028809,0.0008822433919877248,0.0,False,,,False,False,,False,,,False,False,,False,,,False,False,
LFST,11.473899841308594,11.477499961853027,0.0003137660772907225,0.0,False,,,False,False,,False,,,False,False,,False,,,False,False,
LFST,11.180000305175781,11.1899995803833,0.0008943895290316473,0.0,False,,,False,False,,False,,,False,False,,False,,,False,False,
LFST,11.255000114440918,11.25,-0.00044425716482243693,0.0,False,,,False,False,,False,,,False,False,,False,,,False,False,
LFST,11.524999618530273,11.539999961853027,0.0013015482706510983,0.0,False,,,False,False,,False,,,False,False,,False,,,False,False,
LFST,11.470000267028809,11.494999885559082,0.0021795656450100953,0.0,False,,,False,False,,False,,,False,False,,False,,,False,False,
LFST,11.039999961853027,11.039999961853027,0.0,0.0,False,,,False,False,,False,,,False,False,,False,,,False,False,
LFST,11.364999771118164,11.369999885559082,0.0004399572847879618,0.0,False,,,False,False,,False,,,False,False,,False,,,False,False,
LFST,10.975000381469727,10.984999656677246,0.0009110956592222053,0.0,False,,,False,False,,False,,,False,False,,False,,,False,False,
LFST,10.930000305175781,10.930000305175781,0.0,0.0,False,,,False,False,,False,,,False,False,,False,,,False,False,
LGND,300.17999267578125,299.8699951171875,-0.0010327055971667276,0.0,False,,,False,False,,False,,,False,False,,False,,,False,False,
LGND,298.6400146484375,298.5050048828125,-0.0004520819682651833,0.0,False,,,False,False,,False,,,False,False,,False,,,False,False,
LGND,299.8900146484375,299.75,-0.00046688666377114885,0.0,False,,,False,False,,False,,,False,False,,False,,,False,False,
LGND,317.5249938964844,317.5350036621094,3.152433924080711e-05,0.0,False,,,False,False,,False,,,False,False,,False,,,False,False,
LGND,295.05999755859375,295.57000732421875,0.0017284951191112174,0.0,False,,,False,False,,False,,,False,False,,False,,,False,False,
LH,281.46,290.29998779296875,0.031407616687873174,62.0,True,7271.0,0.31407616687873174,False,False,,False,,,False,False,,False,,,False,False,
LH,312.2149963378906,312.2799987792969,0.00020819769123425758,0.0,False,,,False,False,,False,,,False,False,,False,,,False,False,
LH,280.78448486328125,280.9100036621094,0.0004470289691727025,0.0,True,8329.0,0.004470289691727025,False,False,,False,,,False,False,,False,,,False,False,
LH,279.3299865722656,279.2900085449219,-0.0001431211444010705,0.0,True,9729.0,-0.0014312114440107049,False,False,,False,,,False,False,,False,,,False,False,
LH,284.0199890136719,284.0199890136719,0.0,0.0,True,15793.0,0.0,False,False,,False,,,False,False,,False,,,False,False,
LHAI,0.9793999791145325,1.440000057220459,0.4702880211640921,63.0,True,63.0,4.70288021164092,True,True,14656.0,True,63.0,2.35144010582046,True,False,,True,68.0,0.9405760423281841,False,False,
LHAI,1.2350000143051147,1.1201000213623047,-0.09303643045499044,148.0,False,,,False,True,148.0,False,,,False,True,7350.0,False,,,False,False,
LHX,294.3129,292.9750061035156,-0.004545821459013166,36.0,False,,,False,False,,False,,,False,False,,False,,,False,False,
LIMN,0.1476999968290329,0.125,-0.15368989381434328,34.0,False,,,False,True,34.0,False,,,False,True,52.0,False,,,False,False,
LIMN,0.11879999935626984,0.11029999703168869,-0.07154884150369778,140.0,True,7359.0,-0.7154884150369778,False,True,155.0,True,8794.0,-0.3577442075184889,False,False,,True,8956.0,-0.14309768300739556,False,False,
LIMN,0.124,0.11779999732971191,-0.050000021534581385,3722.0,False,,,False,True,3998.0,False,,,False,True,13887.0,False,,,False,False,
LIMN,0.15629999339580536,0.15700000524520874,0.0044786428597645145,0.0,True,63.0,0.044786428597645145,False,True,66.0,True,78.0,0.022393214298822572,False,True,66.0,False,,,False,False,
LIMN,0.11420000344514847,0.11420000344514847,0.0,0.0,True,51.0,0.0,False,True,7307.0,True,10089.0,0.0,False,False,,True,11676.0,0.0,False,False,
LIMN,0.1476999968290329,0.125,-0.15368989381434328,183.0,False,,,False,True,183.0,False,,,False,True,201.0,False,,,False,False,
LIMN,0.1476999968290329,0.125,-0.15368989381434328,120.0,False,,,False,True,120.0,False,,,False,True,138.0,False,,,False,False,
LIMN,0.12070000171661377,0.12099999934434891,0.0024854815531774044,0.0,False,,,False,True,5426.0,False,,,False,False,,False,,,False,False,
LIMN,0.16259999573230743,0.16349999606609344,0.00553505754863437,0.0,False,,,False,True,56.0,False,,,False,True,215.0,False,,,False,False,
LINC,42.58000183105469,42.55500030517578,-0.0005871659183600553,0.0,False,,,False,False,,False,,,False,False,,False,,,False,False,
LION,13.34000015258789,13.350000381469727,0.0007496423363906324,0.0,False,,,False,False,,False,,,False,False,,False,,,False,False,
LION,13.40999984741211,13.404999732971191,-0.0003728646157951099,0.0,False,,,False,False,,False,,,False,False,,False,,,False,False,
LION,13.279999732971191,13.270000457763672,-0.0007529574855859034,0.0,False,,,False,False,,False,,,False,False,,False,,,False,False,
LION,13.94,13.9399995803833,-3.010162830108243e-08,1034.0,False,,,False,False,,False,,,False,False,,False,,,False,False,
LION,13.545000076293945,13.539999961853027,-0.0003691483508861948,0.0,False,,,False,False,,False,,,False,False,,False,,,False,False,
LION,13.569999694824219,13.569999694824219,0.0,0.0,False,,,False,False,,False,,,False,False,,False,,,False,False,
LION,13.630000114440918,13.630000114440918,0.0,0.0,False,,,False,False,,False,,,False,False,,False,,,False,False,
LION,13.359999656677246,13.380000114440918,0.0014970402902425572,0.0,False,,,False,False,,False,,,False,False,,False,,,False,False,
LION,13.59000015258789,13.59000015258789,0.0,0.0,False,,,False,False,,False,,,False,False,,False,,,False,False,
LION,13.29,14.364999771118164,0.08088786840618245,864.0,False,,,False,False,,False,,,False,False,,False,,,False,False,
LION,13.29,14.364999771118164,0.08088786840618245,104.0,False,,,False,False,,False,,,False,False,,False,,,False,False,
LION,13.319999694824219,13.319999694824219,0.0,0.0,False,,,False,False,,False,,,False,False,,False,,,False,False,
LIQT,0.7300000190734863,0.7300000190734863,0.0,1.0,False,,,False,True,5656.0,False,,,False,False,,False,,,False,False,
LITS,0.9846000075340271,0.9818999767303467,-0.0027422616118425447,0.0,False,,,False,False,,False,,,False,False,,False,,,False,False,
LKFN,60.86000061035156,60.849998474121094,-0.00016434663375219927,0.0,False,,,False,False,,False,,,False,False,,False,,,False,False,
LKFN,62.70000076293945,62.70000076293945,0.0,0.0,False,,,False,False,,False,,,False,False,,False,,,False,False,
LKFN,59.4900016784668,59.29999923706055,-0.003193855035223958,0.0,False,,,False,False,,False,,,False,False,,False,,,False,False,
LKFN,62.11000061035156,62.372501373291016,0.004226384806953254,0.0,False,,,False,False,,False,,,False,False,,False,,,False,False,
LKFN,62.0099983215332,61.9900016784668,-0.00032247449778533,0.0,False,,,False,False,,False,,,False,False,,False,,,False,False,
LKFN,61.75,62.474998474121094,0.011740865977669435,1046.0,False,,,False,False,,False,,,False,False,,False,,,False,False,
LKFN,61.209999084472656,61.34000015258789,0.0021238534562928457,0.0,False,,,False,False,,False,,,False,False,,False,,,False,False,
LKFN,63.540000915527344,63.57500076293945,0.0005508317108562366,0.0,False,,,False,False,,False,,,False,False,,False,,,False,False,
LKFN,61.9900016784668,62.029998779296875,0.0006452185795629006,0.0,False,,,False,False,,False,,,False,False,,False,,,False,False,
LKFN,61.584999084472656,61.63,0.0007307122870232607,0.0,False,,,False,False,,False,,,False,False,,False,,,False,False,
LMB,78.4000015258789,78.36000061035156,-0.000510215749347176,0.0,False,,,False,True,27063.0,False,,,False,False,,False,,,False,False,
LMB,73.41500091552734,73.18000030517578,-0.003200988999808918,0.0,False,,,False,False,,False,,,False,False,,False,,,False,False,
LMND,66.36000061035156,66.2699966430664,-0.0013562984698212155,0.0,False,,,False,False,,False,,,False,False,,False,,,False,False,
LMND,68.36499786376953,68.5,0.001974725962830881,0.0,False,,,False,True,2643.0,False,,,False,True,11277.0,False,,,False,False,
LMND,67.44999694824219,67.44000244140625,-0.00014817653503540473,0.0,False,,,False,True,3984.0,False,,,False,True,12598.0,False,,,False,False,
LMND,70.33000183105469,70.47000122070312,0.001990606938767625,0.0,False,,,False,True,5664.0,False,,,False,False,,False,,,False,False,
LMND,63.529998779296875,63.77000045776367,0.0037777692913321115,0.0,False,,,False,True,9776.0,False,,,False,True,9776.0,False,,,False,False,
LMND,70.37999725341797,70.38909912109375,0.00012932463812131978,0.0,False,,,False,True,5426.0,False,,,False,False,,False,,,False,False,
LMND,61.97999954223633,62.05799865722656,0.0012584562046840109,0.0,False,,,False,True,7088.0,False,,,False,True,7088.0,False,,,False,False,
LMT,514.99,517.0499877929688,0.004000053967977424,213.0,True,11737.0,0.04000053967977424,False,False,,False,,,False,False,,False,,,False,False,
LMT,518.31,518.6199951171875,0.0005980882429192924,161.0,False,,,False,False,,False,,,False,False,,False,,,False,False,
LNG,271.99,273.1199951171875,0.004154546553871485,1049.0,False,,,False,False,,False,,,False,False,,False,,,False,False,
LNG,252.52000427246094,252.66000366210938,0.0005544091053371059,0.0,False,,,False,False,,False,,,False,False,,False,,,False,False,
LNG,246.60000610351562,247.10499572753906,0.0020478086436521714,0.0,False,,,False,False,,False,,,False,False,,False,,,False,False,
LNG,262.8800048828125,262.9700012207031,0.0003423475966943812,0.0,False,,,False,False,,False,,,False,False,,False,,,False,False,
LNG,246.09,249.5,0.013856719086513092,92.0,False,,,False,False,,False,,,False,False,,False,,,False,False,
LNN,116.56999969482422,116.91999816894531,0.003002474693637902,0.0,False,,,False,False,,False,,,False,False,,False,,,False,False,
LNN,112.87,112.95999908447266,0.0007973694026104372,174.0,False,,,False,False,,False,,,False,False,,False,,,False,False,
LOB,41.51499938964844,41.47999954223633,-0.000843065107230534,0.0,False,,,False,False,,False,,,False,False,,False,,,False,False,
LOB,41.459999084472656,41.400001525878906,-0.001447119149026177,0.0,False,,,False,False,,False,,,False,False,,False,,,False,False,
LOB,42.45000076293945,42.470001220703125,0.0004711532957411002,0.0,False,,,False,False,,False,,,False,False,,False,,,False,False,
LOB,41.11,40.790000915527344,-0.007783971891818453,120.0,False,,,False,False,,False,,,False,False,,False,,,False,False,
LOB,42.529998779296875,42.38999938964844,-0.003291779771143255,0.0,False,,,False,False,,False,,,False,False,,False,,,False,False,
LOB,41.32,41.20000076293945,-0.0029041441689386938,298.0,False,,,False,False,,False,,,False,False,,False,,,False,False,
LODE,4.269999980926514,4.264999866485596,-0.0011709869937359674,0.0,False,,,False,True,9789.0,False,,,False,True,19869.0,False,,,False,False,
LODE,4.239999771118164,4.242099761962891,0.0004952808863414315,0.0,False,,,False,True,5601.0,False,,,False,True,15679.0,False,,,False,False,
LODE,4.230000019073486,4.235000133514404,0.0011820601461871583,0.0,False,,,False,True,2517.0,False,,,False,True,12595.0,False,,,False,False,
LODE,3.990000009536743,3.990000009536743,0.0,0.0,False,,,False,True,4033.0,False,,,False,True,4042.0,False,,,False,False,
LODE,3.880000114440918,3.869999885559082,-0.0025773785017727535,0.0,False,,,False,True,10011.0,False,,,False,True,10080.0,False,,,False,False,
LODE,3.884999990463257,3.890000104904175,0.001287030747282314,0.0,False,,,False,True,5443.0,False,,,False,True,5512.0,False,,,False,False,
LODE,4.270999908447266,4.269999980926514,-0.00023412023933189197,0.0,False,,,False,True,2753.0,False,,,False,True,12833.0,False,,,False,False,
LODE,3.8499999046325684,3.8499999046325684,0.0,0.0,False,,,False,True,9984.0,False,,,False,True,10054.0,False,,,False,False,
LODE,3.9700000286102295,3.9700000286102295,0.0,0.0,False,,,False,True,2843.0,False,,,False,True,2852.0,False,,,False,False,
LODE,3.950000047683716,3.9700000286102295,0.005063286249386678,0.0,False,,,False,True,5756.0,False,,,False,True,5765.0,False,,,False,False,
LOGC,9.119999885559082,9.100000381469727,-0.0021929281074908324,0.0,False,,,False,False,,False,,,False,False,,False,,,False,False,
LOGI,99.12000274658203,99.16000366210938,0.0004035604763814593,0.0,True,18666.0,0.004035604763814593,False,False,,False,,,False,False,,False,,,False,False,
LOGI,100.55000305175781,101.62000274658203,0.010641468546484623,21.0,True,19060.0,0.10641468546484623,False,False,,False,,,False,False,,False,,,False,False,
LOGI,107.12000274658203,107.12000274658203,0.0,0.0,False,,,False,False,,False,,,False,False,,False,,,False,False,
LOGI,101.69000244140625,103.86499786376953,0.021388488250027482,136.0,False,,,False,False,,False,,,False,False,,False,,,False,False,
LOGI,101.27999877929688,101.2699966430664,-9.87572704485018e-05,0.0,False,,,False,False,,False,,,False,False,,False,,,False,False,
LOOP,0.8270000219345093,0.800000011920929,-0.03264813699813718,818.0,True,9684.0,-0.3264813699813718,False,True,6629.0,False,,,False,False,,False,,,False,False,
LOOP,0.8270000219345093,0.800000011920929,-0.03264813699813718,990.0,True,9856.0,-0.3264813699813718,False,True,6801.0,False,,,False,False,,False,,,False,False,
LOOP,0.8270000219345093,0.800000011920929,-0.03264813699813718,0.0,True,8866.0,-0.3264813699813718,False,True,5811.0,False,,,False,False,,False,,,False,False,
LPG,45.189998626708984,45.20500183105469,0.00033200276170930465,0.0,False,,,False,False,,False,,,False,False,,False,,,False,False,
LPG,40.150001525878906,40.19499969482422,0.0011207513632673916,0.0,True,11447.0,0.011207513632673916,False,False,,False,,,False,False,,False,,,False,False,
LPSN,1.684999942779541,1.6890000104904175,0.0023739275054681652,0.0,True,16024.0,0.023739275054681652,False,True,7358.0,False,,,False,False,,False,,,False,False,
LPSN,1.6549999713897705,1.649999976158142,-0.0030211452072894662,0.0,True,11656.0,-0.030211452072894662,False,True,4077.0,False,,,False,False,,False,,,False,False,
LPSN,1.7799999713897705,1.760699987411499,-0.010842687802518736,0.0,False,,,False,True,8633.0,False,,,False,True,11513.0,False,,,False,False,
LPSN,1.7200000286102295,1.7100000381469727,-0.005813947847045586,0.0,False,,,False,True,8686.0,False,,,False,False,,False,,,False,False,
LPSN,1.690000057220459,1.690000057220459,0.0,0.0,True,16063.0,0.0,False,True,7396.0,False,,,False,False,,False,,,False,False,
LPSN,1.7200000286102295,1.7300000190734863,0.005813947847045586,0.0,False,,,False,True,10087.0,False,,,False,False,,False,,,False,False,
LPSN,1.8049999475479126,1.815000057220459,0.005540227126394903,0.0,False,,,False,True,7146.0,False,,,False,True,11436.0,False,,,False,False,
LPSN,1.7699999809265137,1.774999976158142,0.0028248560935075773,0.0,False,,,False,True,9691.0,False,,,False,True,12571.0,False,,,False,False,
LPSN,1.725000023841858,1.7299000024795532,0.0028405672869395993,0.0,False,,,False,True,9954.0,False,,,False,False,,False,,,False,False,
LPSN,1.57,1.5800000429153442,0.006369454086206483,1046.0,True,9865.0,0.06369454086206483,False,True,2486.0,True,11143.0,0.031847270431032415,False,False,,False,,,False,False,
LPSN,1.565000057220459,1.565000057220459,0.0,0.0,True,10095.0,0.0,False,False,,True,10301.0,0.0,False,False,,False,,,False,False,
LPSN,1.7799999713897705,1.774999976158142,-0.002808986130333757,0.0,False,,,False,True,9744.0,False,,,False,True,12624.0,False,,,False,False,
LPSN,1.7598999738693237,1.7549999952316284,-0.0027842370080398693,0.0,False,,,False,True,11409.0,False,,,False,False,,False,,,False,False,
LPSN,1.5700000524520874,1.57,-3.3408971700232826e-08,0.0,True,9869.0,-3.3408971700232826e-07,False,True,2490.0,True,11147.0,-1.6704485850116413e-07,False,False,,False,,,False,False,
LPSN,1.7100000381469727,1.7000000476837158,-0.005847947508874518,0.0,True,18666.0,-0.05847947508874518,False,True,8829.0,False,,,False,False,,False,,,False,False,
LPSN,1.7799999713897705,1.7949999570846558,0.008426958391001493,0.0,False,,,False,True,8598.0,False,,,False,True,11478.0,False,,,False,False,
LPSN,1.75,1.75,0.0,0.0,False,,,False,True,11351.0,False,,,False,False,,False,,,False,False,
LPSN,1.6890000104904175,1.684999942779541,-0.0023683053203268356,0.0,True,16020.0,-0.023683053203268356,False,True,7353.0,False,,,False,False,,False,,,False,False,
LPSN,1.7599999904632568,1.7649999856948853,0.002840906397000742,0.0,False,,,False,True,11322.0,False,,,False,False,,False,,,False,False,
LPSN,1.5950000286102295,1.5950000286102295,0.0,0.0,True,10231.0,0.0,False,True,2825.0,False,,,False,False,,False,,,False,False,
LPTH,9.369999885559082,9.369999885559082,0.0,0.0,True,1312.0,0.0,False,False,,False,,,False,False,,False,,,False,False,
LPTH,10.510000228881836,10.25,-0.024738365672661633,943.0,True,6745.0,-0.24738365672661633,False,False,,True,6921.0,-0.12369182836330816,False,False,,False,,,False,False,
LPTH,12.625,12.649999618530273,0.0019801678043780413,0.0,False,,,False,True,8570.0,False,,,False,False,,False,,,False,False,
LPTH,10.34000015258789,10.329999923706055,-0.0009671401096965626,0.0,True,1194.0,-0.009671401096965626,False,True,12853.0,True,1372.0,-0.004835700548482813,False,False,,False,,,False,False,
LPTH,10.364999771118164,10.34000015258789,-0.0024119265877781126,923.0,False,,,False,True,1001.0,False,,,False,False,,False,,,False,False,
LPTH,10.350000381469727,10.399999618530273,0.004830843982388977,0.0,True,5664.0,0.04830843982388977,False,False,,True,5843.0,0.024154219911944885,False,False,,False,,,False,False,
LPTH,9.890000343322754,9.890000343322754,0.0,0.0,False,,,False,False,,False,,,False,False,,False,,,False,False,
LPTH,11.720000267028809,11.550000190734863,-0.014505125633161975,82.0,True,13044.0,-0.14505125633161975,False,True,4427.0,False,,,False,False,,False,,,False,False,
LQDT,37.84000015258789,37.82500076293945,-0.00039638978826517235,0.0,False,,,False,False,,False,,,False,False,,False,,,False,False,
LQDT,38.66999816894531,38.72999954223633,0.001551625966695891,0.0,False,,,False,False,,False,,,False,False,,False,,,False,False,
LQDT,37.880001068115234,37.86000061035156,-0.0005279951742268585,0.0,False,,,False,False,,False,,,False,False,,False,,,False,False,
LRHC,1.1549999713897705,1.159999966621399,0.00432900030777672,270.0,False,,,False,True,6040.0,False,,,False,True,19377.0,False,,,False,False,
LRHC,1.0499999523162842,1.0700000524520874,0.01904771528006588,76.0,True,439.0,0.1904771528006588,False,True,10539.0,False,,,False,False,,False,,,False,False,
LSCC,138.63499450683594,139.5998992919922,0.006960037677274045,0.0,False,,,False,True,14539.0,False,,,False,False,,False,,,False,False,
LSCC,136.91000366210938,132.17999267578125,-0.03454832269234087,220.0,False,,,False,True,14620.0,False,,,False,False,,False,,,False,False,
LSCC,138.97999572753906,139.23500061035156,0.0018348315631870893,0.0,False,,,False,True,7031.0,False,,,False,False,,False,,,False,False,
LSCC,137.75799560546875,137.8760986328125,0.0008573224866161855,0.0,False,,,False,True,14407.0,False,,,False,False,,False,,,False,False,
LSCC,136.91000366210938,132.17999267578125,-0.03454832269234087,858.0,False,,,False,True,15258.0,False,,,False,False,,False,,,False,False,
LSCC,125.19000244140625,125.13500213623047,-0.0004393346441663448,0.0,True,2567.0,-0.004393346441663448,False,True,12780.0,False,,,False,False,,False,,,False,False,
LSCC,135.4949951171875,135.52000427246094,0.00018457622919432204,0.0,False,,,False,True,8506.0,False,,,False,False,,False,,,False,False,
LSCC,125.30000305175781,125.41500091552734,0.0009177802152329217,0.0,True,6912.0,0.009177802152329217,False,True,17124.0,False,,,False,False,,False,,,False,False,
LSCC,129.5399932861328,129.61500549316406,0.0005790660098736744,0.0,False,,,False,True,2690.0,False,,,False,False,,False,,,False,False,
LSCC,137.44,133.66000366210938,-0.02750288371573506,0.0,False,,,False,True,5760.0,False,,,False,False,,False,,,False,False,
LSF,4.6,4.559999942779541,-0.008695664613143195,187.0,False,,,False,True,4814.0,False,,,False,True,7532.0,False,,,False,False,
LSF,4.5,4.519999980926514,0.004444440205891853,0.0,False,,,False,True,17040.0,False,,,False,True,18504.0,False,,,False,False,
LSF,4.550000190734863,4.465199947357178,-0.01863741534568808,0.0,False,,,False,True,14596.0,False,,,False,True,17314.0,False,,,False,False,
LSF,4.6,4.559999942779541,-0.008695664613143195,181.0,False,,,False,True,4808.0,False,,,False,True,7526.0,False,,,False,False,
LSF,4.36,4.389999866485596,0.0068807033223843295,0.0,False,,,False,True,16054.0,False,,,False,False,,False,,,False,False,
LSF,4.65500020980835,4.650000095367432,-0.0010741383921707426,0.0,False,,,False,True,5711.0,False,,,False,True,8481.0,False,,,False,False,
LSF,4.449999809265137,4.5,0.011235998399541591,0.0,False,,,False,True,5657.0,False,,,False,True,7037.0,False,,,False,False,
LSF,4.400000095367432,4.414999961853027,0.003409060491018634,0.0,False,,,False,True,17099.0,False,,,False,False,,False,,,False,False,
LSF,4.4,4.329999923706055,-0.015909108248624015,3868.0,False,,,False,True,5515.0,False,,,False,False,,False,,,False,False,
LSF,4.65,4.684999942779541,0.007526869414955062,1040.0,False,,,False,True,17135.0,False,,,False,True,19905.0,False,,,False,False,
LSF,4.360000133514404,4.369999885559082,0.002293521040931168,0.0,False,,,False,True,5602.0,False,,,False,False,,False,,,False,False,
LSF,4.650000095367432,4.644999980926514,-0.0010752934061011299,0.0,False,,,False,True,4460.0,False,,,False,True,7230.0,False,,,False,False,
LSTA,2.199899911880493,2.1600000858306885,-0.018137109708640353,0.0,False,,,False,True,3028.0,False,,,False,True,3091.0,False,,,False,True,8996.0
LSTA,2.199899911880493,2.1600000858306885,-0.018137109708640353,0.0,False,,,False,True,3028.0,False,,,False,True,3091.0,False,,,False,True,8996.0
LSTA,2.1700000762939453,2.1600000858306885,-0.004608290374042534,0.0,False,,,False,True,1589.0,False,,,False,True,1793.0,False,,,False,True,7557.0
LSTA,2.1700000762939453,2.1700000762939453,0.0,0.0,False,,,False,True,1597.0,False,,,False,True,1801.0,False,,,False,True,7565.0
LSTA,2.190000057220459,2.1700000762939453,-0.0091324111433575,0.0,False,,,False,True,2661.0,False,,,False,True,2724.0,False,,,False,True,8629.0
LSTA,3.7699999809265137,3.799999952316284,0.007957552133036838,1046.0,False,,,False,True,8246.0,False,,,False,True,8246.0,False,,,False,True,12741.0
LSTA,2.180000066757202,2.180000066757202,0.0,0.0,False,,,False,True,2917.0,False,,,False,True,3121.0,False,,,False,True,8885.0
LSTA,3.734999895095825,3.7950000762939453,0.01606430599286024,0.0,False,,,False,True,8619.0,False,,,False,True,8619.0,False,,,False,True,13114.0
LSTR,208.75750732421875,208.61000061035156,-0.0007065935771981557,0.0,False,,,False,True,27211.0,False,,,False,False,,False,,,False,False,
LSTR,210.8699951171875,210.83999633789062,-0.0001422619623062671,0.0,False,,,False,True,19828.0,False,,,False,False,,False,,,False,False,
LSTR,210.43499755859375,210.43499755859375,0.0,0.0,False,,,False,True,20034.0,False,,,False,False,,False,,,False,False,
LUCY,0.6507999897003174,0.6674000024795532,0.02550708826359971,73.0,True,264.0,0.2550708826359971,False,False,,True,462.0,0.12753544131799854,False,False,,False,,,False,False,
LUCY,0.7400000095367432,0.7439000010490417,0.005270258732483102,1040.0,False,,,False,True,3929.0,False,,,False,False,,False,,,False,False,
LUCY,0.9555000066757202,0.9563000202178955,0.00083727214713325,0.0,False,,,False,True,1066.0,False,,,False,True,8277.0,False,,,False,False,
LVLU,10.097000122070312,9.880000114440918,-0.021491532634041466,0.0,True,1468.0,-0.21491532634041466,False,False,,True,1506.0,-0.10745766317020733,False,False,,True,5933.0,-0.04298306526808293,False,False,
LVO,5.139999866485596,5.159999847412109,0.003891046973934831,0.0,True,1402.0,0.03891046973934831,False,True,13222.0,False,,,False,False,,False,,,False,False,
LVO,5.114999771118164,5.150000095367432,0.006842683443877506,0.0,True,2549.0,0.06842683443877506,False,True,14369.0,False,,,False,False,,False,,,False,False,
LVO,5.114999771118164,5.150000095367432,0.006842683443877506,0.0,True,2549.0,0.06842683443877506,False,True,14369.0,False,,,False,False,,False,,,False,False,
LVWR,0.6629999876022339,0.6700000166893005,0.01055811345092561,0.0,True,1136.0,0.1055811345092561,False,False,,True,1149.0,0.05279056725462805,False,False,,True,12638.0,0.02111622690185122,False,False,
LVWR,2.49,2.7699999809265137,0.11244979153675239,874.0,True,874.0,1.1244979153675239,True,True,954.0,False,,,False,False,,False,,,False,False,
LW,45.55500030517578,45.59000015258789,0.0007682986977859407,0.0,False,,,False,False,,False,,,False,False,,False,,,False,False,
LW,47.04499816894531,47.040000915527344,-0.00010622284222483458,0.0,False,,,False,False,,False,,,False,False,,False,,,False,False,
LW,46.20000076293945,46.255001068115234,0.0011904827763531411,0.0,False,,,False,False,,False,,,False,False,,False,,,False,False,
LW,54.935001373291016,54.935001373291016,0.0,0.0,False,,,False,False,,False,,,False,False,,False,,,False,False,
LW,46.45000076293945,46.45000076293945,0.0,0.0,False,,,False,False,,False,,,False,False,,False,,,False,False,
LW,50.86000061035156,50.91999816894531,0.001179660988473108,0.0,False,,,False,False,,False,,,False,False,,False,,,False,False,
LW,46.93000030517578,46.970001220703125,0.0008523527651231877,0.0,True,8497.0,0.008523527651231877,False,False,,False,,,False,False,,False,,,False,False,
LW,46.23500061035156,46.310001373291016,0.001622164203511689,0.0,False,,,False,False,,False,,,False,False,,False,,,False,False,
LW,46.33000183105469,46.345001220703125,0.00032375111279159263,0.0,False,,,False,False,,False,,,False,False,,False,,,False,False,
LWAY,31.540000915527344,31.729999542236328,0.006024052669429292,0.0,False,,,False,False,,False,,,False,False,,False,,,False,False,
LWAY,32.040000915527344,31.799999237060547,-0.007490688876681251,0.0,False,,,False,False,,False,,,False,False,,False,,,False,False,
LWAY,30.940000534057617,30.719999313354492,-0.007110575853447543,0.0,False,,,False,False,,False,,,False,False,,False,,,False,False,
LWAY,31.389999389648438,31.3799991607666,-0.00031858009163054923,0.0,False,,,False,False,,False,,,False,False,,False,,,False,False,
LWAY,31.610000610351562,31.725000381469727,0.003638081901222945,0.0,False,,,False,False,,False,,,False,False,,False,,,False,False,
LWAY,32.0,32.11000061035156,0.003437519073486328,0.0,False,,,False,False,,False,,,False,False,,False,,,False,False,
LWAY,31.75,31.94499969482422,0.006141722671628935,3714.0,False,,,False,False,,False,,,False,False,,False,,,False,False,
LWAY,31.239999771118164,31.34000015258789,0.003201036562176185,0.0,False,,,False,False,,False,,,False,False,,False,,,False,False,
LWAY,31.700000762939453,31.780000686645508,0.0025236568385065272,0.0,False,,,False,False,,False,,,False,False,,False,,,False,False,
LWLG,5.839900016784668,5.840000152587891,1.7146835208592393e-05,0.0,False,,,False,False,,False,,,False,False,,False,,,False,False,
LWLG,6.699699878692627,6.704999923706055,0.0007910869306673174,0.0,False,,,False,True,5687.0,False,,,False,True,7175.0,False,,,False,False,
LWLG,6.90500020980835,6.909999847412109,0.000724060456458453,0.0,False,,,False,True,12989.0,False,,,False,False,,False,,,False,False,
LXFR,16.530000686645508,16.510000228881836,-0.0012099489977535072,0.0,False,,,False,False,,False,,,False,False,,False,,,False,False,
LXFR,16.850000381469727,17.030000686645508,0.010682510451081706,0.0,False,,,False,False,,False,,,False,False,,False,,,False,False,
LXFR,17.15,17.010000228881836,-0.008163251960242701,78.0,False,,,False,False,,False,,,False,False,,False,,,False,False,
LXFR,16.639999389648438,16.6299991607666,-0.0006009753154232467,0.0,False,,,False,False,,False,,,False,False,,False,,,False,False,
LXFR,17.18000030517578,17.165000915527344,-0.000873072723049928,0.0,False,,,False,False,,False,,,False,False,,False,,,False,False,
LXFR,17.139999389648438,17.170000076293945,0.0017503318386129507,0.0,False,,,False,False,,False,,,False,False,,False,,,False,False,
LXFR,17.079999923706055,17.079999923706055,0.0,0.0,False,,,False,False,,False,,,False,False,,False,,,False,False,
LXP,60.810001373291016,60.80500030517578,-8.224088147168462e-05,0.0,False,,,False,False,,False,,,False,False,,False,,,False,False,
LXP,58.369998931884766,58.34000015258789,-0.0005139417482580289,0.0,False,,,False,False,,False,,,False,False,,False,,,False,False,
LXP,60.81,60.810001373291016,2.2583308778578726e-08,24.0,False,,,False,False,,False,,,False,False,,False,,,False,False,
LXP,61.06999969482422,61.08000183105469,0.00016378150123541602,0.0,False,,,False,False,,False,,,False,False,,False,,,False,False,
LXP,54.970001220703125,54.92499923706055,-0.0008186644104645202,0.0,True,14277.0,-0.008186644104645202,False,False,,False,,,False,False,,False,,,False,False,
LXP,55.040000915527344,55.064998626708984,0.000454173524088608,0.0,True,14011.0,0.00454173524088608,False,False,,False,,,False,False,,False,,,False,False,
LXP,54.79999923706055,54.79999923706055,0.0,0.0,True,9854.0,0.0,False,False,,False,,,False,False,,False,,,False,False,
LXP,56.01499938964844,56.040000915527344,0.00044633626977286234,0.0,False,,,False,False,,False,,,False,False,,False,,,False,False,
LXP,54.880001068115234,54.91999816894531,0.000728810132136104,0.0,True,14275.0,0.00728810132136104,False,False,,False,,,False,False,,False,,,False,False,
LYFT,15.604999542236328,15.635000228881836,0.001922504807789771,0.0,False,,,False,True,8338.0,False,,,False,False,,False,,,False,False,
LYFT,15.664999961853027,15.695199966430664,0.0019278649633691636,0.0,False,,,False,False,,False,,,False,False,,False,,,False,False,
LYFT,15.545000076293945,15.555000305175781,0.000643308384223662,0.0,False,,,False,False,,False,,,False,False,,False,,,False,False,
LYFT,15.4350004196167,15.430000305175781,-0.0003239465050201007,0.0,False,,,False,False,,False,,,False,False,,False,,,False,False,
LYFT,15.755000114440918,15.760000228881836,0.0003173668298697141,0.0,False,,,False,True,14240.0,False,,,False,False,,False,,,False,False,
LYFT,16.2268,16.520000457763672,0.01806890192543631,0.0,False,,,False,True,8990.0,False,,,False,False,,False,,,False,False,
MAIN,52.75,52.755001068115234,9.480697848784914e-05,0.0,False,,,False,False,,False,,,False,False,,False,,,False,False,
MAIN,52.76139831542969,52.790000915527344,0.0005421122451430005,0.0,False,,,False,False,,False,,,False,False,,False,,,False,False,
MAMA,18.530000686645508,18.530000686645508,0.0,0.0,False,,,False,True,20311.0,False,,,False,False,,False,,,False,False,
MAMA,18.864999771118164,18.860000610351562,-0.0002649965983172464,0.0,False,,,False,True,15540.0,False,,,False,False,,False,,,False,False,
MAMA,17.600000381469727,17.645000457763672,0.0025568224612837476,0.0,False,,,False,False,,False,,,False,False,,False,,,False,False,
MAMA,18.735000610351562,18.735000610351562,0.0,0.0,False,,,False,True,15494.0,False,,,False,False,,False,,,False,False,
MAMA,17.149999618530273,17.46500015258789,0.018367378487709418,0.0,False,,,False,False,,False,,,False,False,,False,,,False,False,
MAMA,16.850000381469727,16.850000381469727,0.0,0.0,True,12889.0,0.0,False,False,,False,,,False,False,,False,,,False,False,
MAMA,18.860000610351562,18.90999984741211,0.0026510729290805113,0.0,False,,,False,True,15744.0,False,,,False,False,,False,,,False,False,
MAN,37.57500076293945,37.630001068115234,0.0014637472803467055,0.0,True,11161.0,0.014637472803467055,False,False,,True,11161.0,0.007318736401733528,False,False,,False,,,False,False,
MANH,161.8699951171875,162.3000030517578,0.0026565018072621793,0.0,True,20109.0,0.026565018072621793,False,False,,True,20109.0,0.013282509036310897,False,False,,False,,,False,False,
MARA,12.930000305175781,12.729999542236328,-0.015467962739288854,1015.0,True,3971.0,-0.15467962739288854,False,True,2455.0,False,,,False,False,,False,,,False,False,
MARA,12.930000305175781,12.729999542236328,-0.015467962739288854,811.0,True,3767.0,-0.15467962739288854,False,True,2251.0,False,,,False,False,,False,,,False,False,
MARA,12.74,12.619999885559082,-0.009419161259098807,1027.0,False,,,False,True,5497.0,False,,,False,True,8596.0,False,,,False,False,
MARA,12.095000267028809,12.125,0.002480341654309104,0.0,True,2802.0,0.02480341654309104,False,False,,False,,,False,False,,False,,,False,False,
MARA,12.295000076293945,12.300100326538086,0.00041482311610341327,0.0,False,,,False,True,5435.0,False,,,False,False,,False,,,False,False,
MARA,12.12,12.289999961853027,0.014026399492824027,286.0,False,,,False,True,1728.0,False,,,False,False,,False,,,False,False,
MARA,11.79,11.329999923706055,-0.039016121823065686,7.0,False,,,False,True,1511.0,False,,,False,False,,False,,,False,False,
MASS,8.104999542236328,8.104999542236328,0.0,0.0,False,,,False,True,8618.0,False,,,False,False,,False,,,False,False,
MASS,8.140000343322754,8.130000114440918,-0.0012285292948469584,0.0,False,,,False,True,8935.0,False,,,False,False,,False,,,False,False,
MASS,7.940000057220459,8.119999885559082,0.02267000340572234,1050.0,False,,,False,True,9777.0,False,,,False,False,,False,,,False,False,
MASS,8.0,8.0,0.0,0.0,False,,,False,True,14292.0,False,,,False,False,,False,,,False,False,
MATV,8.095000267028809,8.109999656677246,0.0018529202166341907,0.0,False,,,False,False,,False,,,False,False,,False,,,False,False,
MATV,8.249899864196777,8.260000228881836,0.0012243014886632597,0.0,False,,,False,False,,False,,,False,False,,False,,,False,False,
MATV,8.140000343322754,8.149999618530273,0.001228412135845014,0.0,False,,,False,False,,False,,,False,False,,False,,,False,False,
MATV,8.180000305175781,8.164999961853027,-0.001833782733878686,0.0,False,,,False,False,,False,,,False,False,,False,,,False,False,
MATV,8.154999732971191,8.170000076293945,0.0018394045142768878,0.0,False,,,False,False,,False,,,False,False,,False,,,False,False,
MATV,8.335000038146973,8.34000015258789,0.0005998937514137825,0.0,False,,,False,False,,False,,,False,False,,False,,,False,False,
MATV,7.974999904632568,8.0,0.0031348082340301175,0.0,True,13127.0,0.031348082340301175,False,False,,False,,,False,False,,False,,,False,False,
MATV,7.590000152587891,7.599999904632568,0.0013174903614814326,0.0,True,11455.0,0.013174903614814326,False,False,,False,,,False,False,,False,,,False,False,
MATX,202.0050048828125,202.0050048828125,0.0,0.0,True,11234.0,0.0,False,False,,False,,,False,False,,False,,,False,False,
MBIN,48.7599983215332,48.5,-0.005332205301130655,0.0,True,10071.0,-0.05332205301130655,False,False,,False,,,False,False,,False,,,False,False,
MBLY,9.029999732971191,9.029999732971191,0.0,0.0,True,8348.0,0.0,False,False,,False,,,False,False,,False,,,False,False,
MBLY,8.279999732971191,8.279999732971191,0.0,0.0,False,,,False,False,,False,,,False,False,,False,,,False,False,
MBLY,9.164999961853027,9.164999961853027,0.0,0.0,False,,,False,True,8257.0,False,,,False,True,8384.0,False,,,False,False,
MBLY,8.074999809265137,8.09000015258789,0.0018576276999464625,0.0,False,,,False,False,,False,,,False,False,,False,,,False,False,
MBLY,8.944999694824219,8.954999923706055,0.001117968610733655,0.0,False,,,False,True,9720.0,False,,,False,True,9955.0,False,,,False,False,
MBLY,8.96500015258789,8.975000381469727,0.0011154744798247407,0.0,False,,,False,True,9800.0,False,,,False,True,10033.0,False,,,False,False,
MBLY,9.083000183105469,9.09850025177002,0.0017064921669143196,0.0,False,,,False,True,9997.0,False,,,False,True,10161.0,False,,,False,False,
MBLY,9.65999984741211,9.65999984741211,0.0,0.0,False,,,False,True,12957.0,False,,,False,False,,False,,,False,False,
MBOT,1.7549999952316284,1.75,-0.0028490001397227793,0.0,False,,,False,False,,False,,,False,False,,False,,,False,False,
MBOT,1.8600000143051147,1.8700000047683716,0.00537633891739131,0.0,False,,,False,True,19898.0,False,,,False,False,,False,,,False,False,
MBWM,56.5099983215332,56.540000915527344,0.0005309254094014726,0.0,True,31404.0,0.005309254094014726,False,False,,False,,,False,False,,False,,,False,False,
MBX,61.255001068115234,61.52000045776367,0.004326167415355409,0.0,False,,,False,False,,False,,,False,False,,False,,,False,False,
MBX,58.665000915527344,58.59000015258789,-0.0012784583954486006,0.0,True,11135.0,-0.012784583954486006,False,False,,False,,,False,False,,False,,,False,False,
MBX,56.56999969482422,55.9900016784668,-0.010252749151251739,23.0,True,2964.0,-0.10252749151251739,False,False,,False,,,False,False,,False,,,False,False,
MCB,95.90499877929688,95.87999725341797,-0.00026069053956656596,0.0,False,,,False,False,,False,,,False,False,,False,,,False,False,
MCB,97.88,98.31500244140625,0.004444242351923311,231.0,False,,,False,True,17521.0,False,,,False,False,,False,,,False,False,
MCB,97.11000061035156,96.94999694824219,-0.0016476538060316015,59.0,False,,,False,True,10149.0,False,,,False,False,,False,,,False,False,
MCBS,35.63999938964844,35.57500076293945,-0.0018237549893972416,0.0,False,,,False,False,,False,,,False,False,,False,,,False,False,
MCBS,36.375,36.439998626708984,0.0017869038270510451,0.0,False,,,False,False,,False,,,False,False,,False,,,False,False,
MCHP,88.71499633789062,88.79000091552734,0.0008454554554795379,0.0,False,,,False,True,9759.0,False,,,False,False,,False,,,False,False,
MCHP,88.87000274658203,88.95500183105469,0.0009564429148836151,0.0,False,,,False,True,9845.0,False,,,False,False,,False,,,False,False,
MCHP,89.08999633789062,89.2699966430664,0.002020432288414309,0.0,False,,,False,True,11450.0,False,,,False,False,,False,,,False,False,
MCHP,85.61000061035156,85.7699966430664,0.001868894189629211,0.0,False,,,False,False,,False,,,False,False,,False,,,False,False,
MCHP,77.83,77.61000061035156,-0.0028266656770966625,76.0,False,,,False,False,,False,,,False,False,,False,,,False,False,
MCHP,71.41000366210938,71.55000305175781,0.0019605010848462445,0.0,False,,,False,False,,False,,,False,False,,False,,,False,False,
MCHP,81.19999694824219,81.26000213623047,0.000738980175412296,0.0,False,,,False,True,8394.0,False,,,False,False,,False,,,False,False,
MCHP,78.78,80.1500015258789,0.01739021992737877,174.0,False,,,False,False,,False,,,False,False,,False,,,False,False,
MCHP,86.66000366210938,86.91999816894531,0.003000167272663168,0.0,False,,,False,False,,False,,,False,False,,False,,,False,False,
MCHP,75.55999755859375,75.55999755859375,0.0,0.0,False,,,False,False,,False,,,False,False,,False,,,False,False,
MCRB,5.75,5.805300235748291,0.009617432304050544,0.0,False,,,False,True,1412.0,False,,,False,True,21588.0,False,,,False,False,
MCRB,5.614999771118164,5.635000228881836,0.0035619694708712846,0.0,False,,,False,True,1425.0,False,,,False,False,,False,,,False,False,
MCRB,5.429999828338623,5.429999828338623,0.0,0.0,False,,,False,True,16209.0,False,,,False,False,,False,,,False,False,
MCRB,5.244999885559082,5.319900035858154,0.014280295888145389,0.0,False,,,False,True,17078.0,False,,,False,False,,False,,,False,False,
MCRB,5.440000057220459,5.425000190734863,-0.0027573283690845996,0.0,False,,,False,True,17366.0,False,,,False,False,,False,,,False,False,
MCRB,5.349999904632568,5.370999813079834,0.003925216602168824,0.0,False,,,False,True,21350.0,False,,,False,False,,False,,,False,False,
MCRB,5.599999904632568,5.599999904632568,0.0,0.0,False,,,False,True,10229.0,False,,,False,False,,False,,,False,False,
MCRB,5.420000076293945,5.389999866485596,-0.00553509398266705,0.0,False,,,False,True,20315.0,False,,,False,False,,False,,,False,False,
MCRB,5.420000076293945,5.380000114440918,-0.00738006665866664,0.0,False,,,False,True,17284.0,False,,,False,False,,False,,,False,False,
MCRB,5.429999828338623,5.429999828338623,0.0,0.0,False,,,False,True,16209.0,False,,,False,False,,False,,,False,False,
MCRB,5.239999771118164,5.199999809265137,-0.007633580839735754,0.0,False,,,False,True,20170.0,False,,,False,False,,False,,,False,False,
MCRB,5.429999828338623,5.440000057220459,0.001841662835723401,0.0,False,,,False,True,20239.0,False,,,False,False,,False,,,False,False,
MCRB,5.300000190734863,5.434999942779541,0.025471650412518088,0.0,False,,,False,True,18578.0,False,,,False,False,,False,,,False,False,
MCRB,5.386899948120117,5.360000133514404,-0.00499356120677541,0.0,False,,,False,True,21313.0,False,,,False,False,,False,,,False,False,
MCRB,5.635000228881836,5.727700233459473,0.016450754358892317,0.0,False,,,False,True,1408.0,False,,,False,False,,False,,,False,False,
MCRB,5.335000038146973,5.28000020980835,-0.010309246100348002,0.0,False,,,False,True,19977.0,False,,,False,False,,False,,,False,False,
MCRB,5.465000152587891,5.420000076293945,-0.008234231479872123,0.0,False,,,False,True,18406.0,False,,,False,False,,False,,,False,False,
MCRI,125.30000305175781,125.37000274658203,0.0005586567687096977,0.0,False,,,False,True,11384.0,False,,,False,False,,False,,,False,False,
MCRI,125.94999694824219,126.08999633789062,0.0011115473842049362,0.0,False,,,False,True,18338.0,False,,,False,False,,False,,,False,False,
MCRI,118.94000244140625,118.76000213623047,-0.0015133706194806473,0.0,False,,,False,False,,False,,,False,False,,False,,,False,False,
MCRI,127.56500244140625,127.20999908447266,-0.00278292125692281,0.0,False,,,False,True,8474.0,False,,,False,False,,False,,,False,False,
MCRI,124.13999938964844,124.0,-0.0011277540707005373,0.0,False,,,False,True,15571.0,False,,,False,False,,False,,,False,False,
MD,26.53499984741211,26.559999465942383,0.0009421375042031332,0.0,False,,,False,False,,False,,,False,False,,False,,,False,False,
MD,26.79,26.81999969482422,0.0011198094372608658,64.0,False,,,False,True,7652.0,False,,,False,False,,False,,,False,False,
MD,26.350000381469727,26.360000610351562,0.00037951532208957417,0.0,False,,,False,False,,False,,,False,False,,False,,,False,False,
MDAI,1.6615999937057495,1.659999966621399,-0.0009629436027994709,0.0,False,,,False,False,,False,,,False,False,,False,,,False,False,
MDB,319.7900085449219,319.7850036621094,-1.5650529030852844e-05,0.0,False,,,False,False,,False,,,False,False,,False,,,False,False,
MDB,310.7099914550781,310.6700134277344,-0.0001286666938405956,0.0,False,,,False,False,,False,,,False,False,,False,,,False,False,
MDB,297.95001220703125,298.4700012207031,0.0017452223271283707,0.0,True,7024.0,0.017452223271283707,False,False,,False,,,False,False,,False,,,False,False,
MDB,325.0899963378906,326.1044921875,0.003120661543073,0.0,False,,,False,True,5678.0,False,,,False,False,,False,,,False,False,
MDB,311.6099853515625,311.614990234375,1.6061368530495557e-05,0.0,False,,,False,False,,False,,,False,False,,False,,,False,False,
MDB,296.1099853515625,296.1700134277344,0.00020272222870354462,0.0,True,7104.0,0.002027222287035446,False,False,,False,,,False,False,,False,,,False,False,
MDB,360.2300109863281,360.2799987792969,0.0001387663199738931,0.0,False,,,False,True,6983.0,False,,,False,False,,False,,,False,False,
MDB,304.97,310.0799865722656,0.016755702437176057,125.0,False,,,False,False,,False,,,False,False,,False,,,False,False,
MED,10.783300399780273,10.795000076293945,0.001084981042901223,0.0,False,,,False,True,12667.0,False,,,False,False,,False,,,False,False,
MED,9.680000305175781,9.680000305175781,0.0,0.0,False,,,False,False,,False,,,False,False,,False,,,False,False,
MEDP,553.4749755859375,553.4749755859375,0.0,0.0,True,22825.0,0.0,False,False,,True,22826.0,0.0,False,False,,False,,,False,False,
MEDP,537.4650268554688,537.489990234375,4.6446517743214955e-05,0.0,True,18403.0,0.00046446517743214955,False,False,,True,18403.0,0.00023223258871607477,False,False,,False,,,False,False,
MEDP,536.3800048828125,536.3800048828125,0.0,0.0,True,18488.0,0.0,False,False,,True,18488.0,0.0,False,False,,False,,,False,False,
MEDP,537.4849853515625,536.8300170898438,-0.0012185796432813145,0.0,True,12674.0,-0.012185796432813145,False,False,,True,12674.0,-0.006092898216406573,False,False,,False,,,False,False,
MEDP,533.1900024414062,534.3250122070312,0.002128715393064251,0.0,True,14308.0,0.02128715393064251,False,False,,True,14308.0,0.010643576965321255,False,False,,False,,,False,False,
MEDP,527.8300170898438,528.3599853515625,0.0010040510099078581,0.0,True,3932.0,0.010040510099078581,False,False,,True,3932.0,0.005020255049539291,False,False,,False,,,False,False,
MERC,0.6205999851226807,0.6205999851226807,0.0,0.0,True,2604.0,0.0,False,False,,False,,,False,False,,False,,,False,False,
MERC,0.5981000065803528,0.5981000065803528,0.0,0.0,True,215.0,0.0,False,False,,False,,,False,False,,False,,,False,False,
MERC,0.6158000230789185,0.6157000064849854,-0.00016241732735411407,0.0,True,2656.0,-0.0016241732735411407,False,False,,False,,,False,False,,False,,,False,False,
MERC,0.7560999989509583,0.7523999810218811,-0.004893556320871184,0.0,False,,,False,True,7135.0,False,,,False,True,8454.0,False,,,False,False,
METC,12.020000457763672,12.0649995803833,0.003743687263386475,0.0,False,,,False,True,1356.0,False,,,False,True,7138.0,False,,,False,False,
METC,11.300000190734863,11.295000076293945,-0.0004424879961522077,0.0,True,2941.0,-0.004424879961522077,False,True,9787.0,False,,,False,False,,False,,,False,False,
MGNX,4.699999809265137,4.715000152587891,0.0031915625386162993,0.0,False,,,False,True,5554.0,False,,,False,True,25713.0,False,,,False,False,
MGNX,4.839000225067139,4.864999771118164,0.005372916892283142,0.0,False,,,False,True,5744.0,False,,,False,True,25908.0,False,,,False,False,
MGNX,4.400000095367432,4.389999866485596,-0.0022727792420651483,0.0,False,,,False,True,19780.0,False,,,False,True,19803.0,False,,,False,False,
MGNX,3.7200000286102295,3.7149999141693115,-0.0013441167748554639,0.0,False,,,False,False,,False,,,False,False,,False,,,False,False,
MGNX,4.275000095367432,4.275000095367432,0.0,0.0,False,,,False,True,12794.0,False,,,False,True,12831.0,False,,,False,False,
MGRX,0.5300999879837036,0.5454000234603882,0.0288625463563581,0.0,True,1469.0,0.288625463563581,False,True,4143.0,False,,,False,True,4143.0,False,,,False,False,
MGTX,11.859999656677246,11.859999656677246,0.0,0.0,False,,,False,False,,False,,,False,False,,False,,,False,False,
MGTX,12.579999923706055,12.600000381469727,0.0015898615170881758,0.0,False,,,False,False,,False,,,False,False,,False,,,False,False,
MGTX,12.850000381469727,12.8100004196167,-0.003112837405881308,0.0,False,,,False,True,23017.0,False,,,False,False,,False,,,False,False,
MGTX,13.414999961853027,13.4399995803833,0.0018635571078167157,0.0,False,,,False,True,9972.0,False,,,False,False,,False,,,False,False,
MGTX,12.305000305175781,12.300000190734863,-0.000406348176912652,0.0,False,,,False,False,,False,,,False,False,,False,,,False,False,
MIDD,138.4600067138672,138.46499633789062,3.6036572161668445e-05,0.0,False,,,False,False,,False,,,False,False,,False,,,False,False,
MIDD,132.6750030517578,132.76499938964844,0.0006783217322068325,0.0,False,,,False,False,,False,,,False,False,,False,,,False,False,
MIDD,133.1750030517578,133.24000549316406,0.00048809791565007643,0.0,False,,,False,False,,False,,,False,False,,False,,,False,False,
MIND,5.627999782562256,5.639999866485596,0.0021322111561767887,0.0,False,,,False,True,9812.0,False,,,False,False,,False,,,False,False,
MLI,59.084999084472656,59.06999969482422,-0.0002538612148743624,0.0,True,15707.0,-0.002538612148743624,False,False,,False,,,False,False,,False,,,False,False,
MLI,55.47200012207031,55.52000045776367,0.0008653074630036173,0.0,True,19977.0,0.008653074630036173,False,False,,False,,,False,False,,False,,,False,False,
MLKN,21.739999771118164,21.71500015258789,-0.0011499364670410905,0.0,False,,,False,False,,False,,,False,False,,False,,,False,False,
MLKN,21.239999771118164,21.239999771118164,0.0,0.0,True,18528.0,0.0,False,False,,False,,,False,False,,False,,,False,False,
MLKN,20.81999969482422,20.790000915527344,-0.00144086358004758,0.0,True,28754.0,-0.0144086358004758,False,False,,False,,,False,False,,False,,,False,False,
MLKN,19.704999923706055,19.770000457763672,0.0032986822790808112,0.0,True,10061.0,0.03298682279080811,False,False,,True,27392.0,0.016493411395404056,False,False,,False,,,False,False,
MLKN,20.239999771118164,20.25,0.0004940824602235327,0.0,True,5402.0,0.0049408246022353275,False,False,,False,,,False,False,,False,,,False,False,
MLKN,20.3700008392334,20.350000381469727,-0.0009818584653737972,0.0,True,20120.0,-0.009818584653737972,False,False,,False,,,False,False,,False,,,False,False,
MLKN,21.110000610351562,21.174999237060547,0.0030790442837369536,0.0,True,18480.0,0.030790442837369536,False,False,,False,,,False,False,,False,,,False,False,
MLKN,23.450000762939453,23.459999084472656,0.00042636764212833356,0.0,False,,,False,False,,False,,,False,False,,False,,,False,False,
MLKN,19.530000686645508,19.549999237060547,0.0010239912806921936,0.0,True,9778.0,0.010239912806921936,False,False,,True,28486.0,0.005119956403460968,False,False,,False,,,False,False,
MLKN,21.09000015258789,21.110000610351562,0.0009483384361768099,0.0,True,18500.0,0.009483384361768099,False,False,,False,,,False,False,,False,,,False,False,
MLKN,20.649999618530273,20.690000534057617,0.001937090376091355,0.0,True,18622.0,0.01937090376091355,False,False,,False,,,False,False,,False,,,False,False,
MLKN,23.25,23.31999969482422,0.003010739562331999,0.0,False,,,False,False,,False,,,False,False,,False,,,False,False,
MLKN,20.7450008392334,20.760000228881836,0.0007230363481147695,0.0,True,18410.0,0.007230363481147695,False,False,,False,,,False,False,,False,,,False,False,
MLKN,20.360000610351562,20.360000610351562,0.0,0.0,True,19855.0,0.0,False,False,,False,,,False,False,,False,,,False,False,
MLKN,20.079999923706055,19.979999542236328,-0.004980098697693114,0.0,True,11539.0,-0.04980098697693114,False,False,,False,,,False,False,,False,,,False,False,
MLM,552.7899780273438,552.7222290039062,-0.00012255834246355235,0.0,False,,,False,False,,False,,,False,False,,False,,,False,False,
MMM,154.7,156.44000244140625,0.011247591735011442,232.0,False,,,False,False,,False,,,False,False,,False,,,False,False,
MMM,181.7550048828125,181.92999267578125,0.0009627673971430717,0.0,False,,,False,False,,False,,,False,False,,False,,,False,False,
MMM,160.41000366210938,160.3350067138672,-0.0004675328628516162,0.0,False,,,False,False,,False,,,False,False,,False,,,False,False,
MMM,156.58,157.8000030517578,0.007791563748612784,20.0,True,8661.0,0.07791563748612784,False,False,,False,,,False,False,,False,,,False,False,
MMM,157.55999755859375,157.52000427246094,-0.0002538289334381716,3777.0,True,15298.0,-0.002538289334381716,False,False,,False,,,False,False,,False,,,False,False,
MMM,178.5012,181.53500366210938,0.016995984688670696,867.0,False,,,False,False,,False,,,False,False,,False,,,False,False,
MMM,154.9250030517578,155.0030059814453,0.0005034883211294527,0.0,False,,,False,False,,False,,,False,False,,False,,,False,False,
MMM,161.8800048828125,161.9600067138672,0.0004942045258313765,0.0,True,15536.0,0.004942045258313765,False,False,,False,,,False,False,,False,,,False,False,
MMM,161.22000122070312,161.25,0.00018607355830368988,0.0,True,14220.0,0.0018607355830368988,False,False,,False,,,False,False,,False,,,False,False,
MMM,155.19000244140625,155.32000732421875,0.0008377142906585977,0.0,True,16904.0,0.008377142906585977,False,False,,False,,,False,False,,False,,,False,False,
MMM,158.05999755859375,158.05999755859375,0.0,0.0,True,15481.0,0.0,False,False,,False,,,False,False,,False,,,False,False,
MNKD,3.984999895095825,3.9899001121520996,0.0012296655421006886,0.0,False,,,False,False,,False,,,False,False,,False,,,False,False,
MNKD,3.880000114440918,3.890000104904175,0.0025773170536871337,935.0,False,,,False,False,,False,,,False,False,,False,,,False,False,
MNKD,3.8399999141693115,3.8450000286102295,0.0013021131647601436,0.0,True,1407.0,0.013021131647601436,False,False,,False,,,False,False,,False,,,False,False,
MNKD,3.950000047683716,3.950000047683716,0.0,0.0,False,,,False,False,,False,,,False,False,,False,,,False,False,
MNKD,3.8350000381469727,3.839900016784668,0.0012776997624392994,0.0,True,2647.0,0.012776997624392994,False,False,,False,,,False,False,,False,,,False,False,
MNKD,3.9000000953674316,3.930000066757202,0.007692300168250066,0.0,False,,,False,False,,False,,,False,False,,False,,,False,False,
MNKD,4.05109977722168,4.065000057220459,0.0034312361489927667,0.0,False,,,False,False,,False,,,False,False,,False,,,False,False,
MNKD,4.239999771118164,4.239999771118164,0.0,0.0,False,,,False,False,,False,,,False,False,,False,,,False,False,
MNKD,3.9149999618530273,3.9149999618530273,0.0,0.0,False,,,False,False,,False,,,False,False,,False,,,False,False,
MNKD,3.8736000061035156,3.875,0.0003614193242147401,0.0,False,,,False,False,,False,,,False,False,,False,,,False,False,
MNPR,106.0,106.45999908447266,0.004339614004458925,0.0,True,9730.0,0.04339614004458925,False,False,,False,,,False,False,,False,,,False,False,
MNPR,107.0199966430664,105.04000091552734,-0.018501175384472823,0.0,False,,,False,False,,False,,,False,False,,False,,,False,False,
MNPR,99.45999908447266,99.56999969482422,0.0011059783969848969,1040.0,True,2517.0,0.011059783969848969,False,False,,False,,,False,False,,False,,,False,False,
MNPR,102.22000122070312,102.2249984741211,4.888723692331176e-05,0.0,True,15794.0,0.0004888723692331176,False,False,,False,,,False,False,,False,,,False,False,
MNPR,107.26000213623047,107.59500122070312,0.0031232433134504856,0.0,False,,,False,False,,False,,,False,False,,False,,,False,False,
MNPR,110.83999633789062,115.0,0.03753161132762761,146.0,False,,,False,False,,False,,,False,False,,False,,,False,False,
MNPR,107.94000244140625,107.9749984741211,0.0003242174534305864,0.0,False,,,False,False,,False,,,False,False,,False,,,False,False,
MNPR,110.83999633789062,115.0,0.03753161132762761,99.0,False,,,False,False,,False,,,False,False,,False,,,False,False,
MNPR,113.37000274658203,112.2300033569336,-0.010055564629355196,0.0,False,,,False,True,4325.0,False,,,False,False,,False,,,False,False,
MNPR,95.25,95.26000213623047,0.00010500930425694222,0.0,True,1194.0,0.0010500930425694222,False,False,,True,16965.0,0.0005250465212847111,False,False,,False,,,False,False,
MNPR,108.4000015258789,108.375,-0.00023064137940009832,0.0,False,,,False,False,,False,,,False,False,,False,,,False,False,
MNSB,24.510000228881836,24.510000228881836,0.0,0.0,False,,,False,False,,False,,,False,False,,False,,,False,False,
MNSB,24.459999084472656,24.31999969482422,-0.005723605678191079,0.0,False,,,False,False,,False,,,False,False,,False,,,False,False,
MNSB,24.3799991607666,24.459999084472656,0.003281375162423883,0.0,False,,,False,False,,False,,,False,False,,False,,,False,False,
MNST,99.26840209960938,99.30000305175781,0.00031833847911366675,0.0,False,,,False,False,,False,,,False,False,,False,,,False,False,
MNST,97.78500366210938,97.79000091552734,5.110449691492214e-05,0.0,False,,,False,False,,False,,,False,False,,False,,,False,False,
MNST,94.80000305175781,94.77999877929688,-0.00021101552549540603,0.0,False,,,False,False,,False,,,False,False,,False,,,False,False,
MNST,94.86000061035156,94.87000274658203,0.00010544103063581112,0.0,False,,,False,False,,False,,,False,False,,False,,,False,False,
MOD,232.99099731445312,233.77000427246094,0.003343506689043485,0.0,False,,,False,False,,False,,,False,False,,False,,,False,False,
MOD,226.99000549316406,226.44500732421875,-0.002400978702834178,0.0,False,,,False,True,2563.0,False,,,False,True,2938.0,False,,,False,False,
MOD,210.88499450683594,210.85000610351562,-0.00016591224710948982,0.0,False,,,False,True,1182.0,False,,,False,False,,False,,,False,False,
MOD,226.7725067138672,227.88999938964844,0.0049278137459196625,0.0,False,,,False,False,,False,,,False,False,,False,,,False,False,
MOD,223.00999450683594,223.44000244140625,0.0019282002832259337,0.0,True,1274.0,0.019282002832259337,False,False,,False,,,False,False,,False,,,False,False,
MOH,192.7949981689453,192.5800018310547,-0.001115155164462478,0.0,False,,,False,False,,False,,,False,False,,False,,,False,False,
MOH,191.7100067138672,192.42999267578125,0.0037555992733788734,0.0,False,,,False,False,,False,,,False,False,,False,,,False,False,
MOVE,14.289999961853027,14.449999809265137,0.011196630359638027,0.0,False,,,False,True,2654.0,False,,,False,True,18549.0,False,,,False,False,
MOVE,14.449999809265137,14.529999732971191,0.0055363269731505405,0.0,False,,,False,True,2732.0,False,,,False,True,18598.0,False,,,False,False,
MOVE,16.125,15.84000015258789,-0.017674409141836267,0.0,False,,,False,True,298.0,False,,,False,True,5688.0,False,,,False,False,
MOVE,14.609999656677246,15.1899995803833,0.039698832124268835,0.0,True,1179.0,0.39698832124268835,False,True,5379.0,False,,,False,True,21245.0,False,,,False,False,
MOVE,15.619999885559082,15.6899995803833,0.004481414554230234,0.0,False,,,False,True,1532.0,False,,,False,True,4250.0,False,,,False,False,
MOVE,15.300000190734863,16.510000228881836,0.07908496882762828,0.0,False,,,False,True,2829.0,False,,,False,True,4205.0,False,,,False,False,
MOVE,15.09000015258789,15.300000190734863,0.013916503381277812,0.0,False,,,False,True,2859.0,False,,,False,True,4225.0,False,,,False,False,
MOVE,14.609999656677246,14.739999771118164,0.008898023100329278,0.0,False,,,False,True,2620.0,False,,,False,True,18486.0,False,,,False,False,
MPAA,14.1899995803833,14.229999542236328,0.0028188839348750605,0.0,False,,,False,False,,False,,,False,False,,False,,,False,False,
MPAA,14.354999542236328,14.454999923706055,0.0069662406589074966,0.0,False,,,False,False,,False,,,False,False,,False,,,False,False,
MPAA,14.640000343322754,14.579999923706055,-0.004098389221969145,0.0,False,,,False,False,,False,,,False,False,,False,,,False,False,
MPAA,14.039999961853027,14.029999732971191,-0.0007122670163109968,0.0,False,,,False,False,,False,,,False,False,,False,,,False,False,
MPAA,14.140000343322754,14.140000343322754,0.0,0.0,False,,,False,False,,False,,,False,False,,False,,,False,False,
MPAA,14.1899995803833,14.170000076293945,-0.001409408363690412,0.0,False,,,False,False,,False,,,False,False,,False,,,False,False,
MPAA,14.145000457763672,14.239999771118164,0.006716105357377433,0.0,False,,,False,False,,False,,,False,False,,False,,,False,False,
MPAA,14.520000457763672,14.561400413513184,0.002851236531977941,0.0,False,,,False,False,,False,,,False,False,,False,,,False,False,
MPB,34.82500076293945,34.82500076293945,0.0,0.0,True,16973.0,0.0,False,False,,False,,,False,False,,False,,,False,False,
MPB,34.0,33.994998931884766,-0.00014709023868331172,0.0,True,22840.0,-0.0014709023868331172,False,False,,False,,,False,False,,False,,,False,False,
MPLT,36.3650016784668,36.2400016784668,-0.0034373709399281305,0.0,False,,,False,True,7077.0,False,,,False,True,7077.0,False,,,False,True,7077.0
MPLT,38.119998931884766,38.23249816894531,0.0029511867841751638,0.0,False,,,False,True,25796.0,False,,,False,True,25796.0,False,,,False,True,25796.0
MPLT,35.67499923706055,35.720001220703125,0.0012614431564115236,0.0,False,,,False,True,5639.0,False,,,False,True,5639.0,False,,,False,True,5639.0
MPLT,39.1349983215332,39.130001068115234,-0.0001276926953441837,0.0,False,,,False,True,18680.0,False,,,False,True,24440.0,False,,,False,True,24440.0
MPLT,38.34000015258789,38.369998931884766,0.0007824407714522863,0.0,False,,,False,True,18705.0,False,,,False,True,24176.0,False,,,False,True,24176.0
MPLT,37.18000030517578,37.19499969482422,0.00040342629169765054,0.0,False,,,False,True,18468.0,False,,,False,True,18468.0,False,,,False,True,18468.0
MPLT,37.625,37.625,0.0,0.0,False,,,False,True,19978.0,False,,,False,True,19978.0,False,,,False,True,19978.0
MPLT,36.82500076293945,36.9900016784668,0.004480676499901026,0.0,False,,,False,True,27119.0,False,,,False,True,27119.0,False,,,False,True,27119.0
MPLT,36.90999984741211,37.119998931884766,0.005689490255778917,0.0,False,,,False,True,19825.0,False,,,False,True,19825.0,False,,,False,True,19825.0
MPLT,38.96500015258789,38.94499969482422,-0.0005132928958129224,0.0,False,,,False,True,14311.0,False,,,False,True,20071.0,False,,,False,True,20071.0
MPLT,38.599998474121094,38.77000045776367,0.0044041966415244715,0.0,False,,,False,True,18700.0,False,,,False,True,24207.0,False,,,False,True,24207.0
MPLT,37.02000045776367,37.0099983215332,-0.0002701819585843035,0.0,False,,,False,True,28525.0,False,,,False,True,28525.0,False,,,False,True,28525.0
MPLT,37.54359817504883,37.439998626708984,-0.0027594464402906915,0.0,False,,,False,True,24322.0,False,,,False,True,24322.0,False,,,False,True,24322.0
MPLT,37.310001373291016,37.619998931884766,0.008308698664794667,0.0,False,,,False,True,27025.0,False,,,False,True,27025.0,False,,,False,True,27025.0
MPLT,38.470001220703125,38.439998626708984,-0.0007798958420098812,0.0,False,,,False,True,20342.0,False,,,False,True,25813.0,False,,,False,True,25813.0
MPLT,38.095001220703125,38.349998474121094,0.006693719523478858,0.0,False,,,False,True,24269.0,False,,,False,True,24269.0,False,,,False,True,24269.0
MPLT,36.20000076293945,36.185001373291016,-0.0004143477716108679,0.0,False,,,False,True,7036.0,False,,,False,True,7036.0,False,,,False,True,7036.0
MPLT,37.040000915527344,37.23500061035156,0.005264570464480478,0.0,False,,,False,True,28421.0,False,,,False,True,28421.0,False,,,False,True,28421.0
MRAM,16.545000076293945,16.510000228881836,-0.0021154334995898694,0.0,False,,,False,True,1248.0,False,,,False,False,,False,,,False,False,
MRAM,16.389999389648438,15.949999809265137,-0.02684561298160848,8.0,False,,,False,True,174.0,False,,,False,False,,False,,,False,False,
MRAM,17.43000030517578,17.469999313354492,0.0022948369178648065,0.0,False,,,False,True,2556.0,False,,,False,True,3996.0,False,,,False,False,
MRAM,14.4399995803833,14.449999809265137,0.0006925366462906535,0.0,True,1212.0,0.006925366462906535,False,True,12798.0,False,,,False,False,,False,,,False,False,
MRAM,14.899800300598145,14.90999984741211,0.0006845425178991782,0.0,False,,,False,True,5390.0,False,,,False,False,,False,,,False,False,
MRAM,17.489999771118164,17.459999084472656,-0.0017153051479765757,0.0,False,,,False,True,4190.0,False,,,False,True,5630.0,False,,,False,False,
MRAM,14.529999732971191,14.550000190734863,0.0013764940214202603,0.0,True,6966.0,0.013764940214202603,False,True,18538.0,False,,,False,False,,False,,,False,False,
MRAM,15.914999961853027,15.904999732971191,-0.0006283524288913656,0.0,False,,,False,True,9980.0,False,,,False,False,,False,,,False,False,
MRAM,14.789999961853027,14.854999542236328,0.00439483303251853,0.0,True,2900.0,0.0439483303251853,False,True,11537.0,False,,,False,False,,False,,,False,False,
MRAM,14.539999961853027,14.555000305175781,0.0010316604788245254,0.0,True,7070.0,0.010316604788245254,False,True,18641.0,False,,,False,False,,False,,,False,False,
MRAM,17.30500030517578,17.299999237060547,-0.00028899555198147464,0.0,False,,,False,True,4184.0,False,,,False,True,5627.0,False,,,False,False,
MRBK,20.350000381469727,20.34000015258789,-0.0004914117294534392,0.0,False,,,False,False,,False,,,False,False,,False,,,False,False,
MRNA,61.380001068115234,61.36000061035156,-0.0003258464877098355,0.0,False,,,False,True,5491.0,False,,,False,False,,False,,,False,False,
MRNA,55.869998931884766,55.869998931884766,0.0,0.0,False,,,False,False,,False,,,False,False,,False,,,False,False,
MRNA,73.05,74.0199966430664,0.013278530363674212,131.0,False,,,False,True,5895.0,False,,,False,False,,False,,,False,False,
MRNA,55.08000183105469,55.13999938964844,0.0010892802577926464,0.0,False,,,False,False,,False,,,False,False,,False,,,False,False,
MRNA,53.43949890136719,53.71500015258789,0.005155386126078687,0.0,False,,,False,False,,False,,,False,False,,False,,,False,False,
MRNA,66.76000213623047,66.7300033569336,-0.00044935258144029877,0.0,False,,,False,True,8957.0,False,,,False,False,,False,,,False,False,
MRNA,56.470001220703125,56.505001068115234,0.0006197954073936529,0.0,False,,,False,False,,False,,,False,False,,False,,,False,False,
MRNA,58.08000183105469,57.40999984741211,-0.011535846462118027,227.0,False,,,False,False,,False,,,False,False,,False,,,False,False,
MRSH,181.1344757080078,181.1300048828125,-2.4682353692351278e-05,0.0,False,,,False,False,,False,,,False,False,,False,,,False,False,
MRSH,178.55499267578125,178.56500244140625,5.605984730538971e-05,0.0,False,,,False,False,,False,,,False,False,,False,,,False,False,
MRSH,176.25,176.33999633789062,0.0005106175199467433,0.0,True,10075.0,0.005106175199467433,False,False,,False,,,False,False,,False,,,False,False,
MRSH,180.88999938964844,180.88999938964844,0.0,0.0,False,,,False,False,,False,,,False,False,,False,,,False,False,
MRSH,179.78500366210938,179.83999633789062,0.00030588021615307603,0.0,False,,,False,False,,False,,,False,False,,False,,,False,False,
MRTN,17.614999771118164,17.649999618530273,0.001986934309786026,0.0,False,,,False,True,10063.0,False,,,False,False,,False,,,False,False,
MRTN,17.260000228881836,17.28499984741211,0.0014484135688734856,0.0,False,,,False,True,17171.0,False,,,False,False,,False,,,False,False,
MRVL,209.56500244140625,210.58999633789062,0.004891054730242761,0.0,False,,,False,True,7172.0,False,,,False,True,8615.0,False,,,False,False,
MRVL,235.67999267578125,228.8000030517578,-0.029192081796642233,3723.0,False,,,False,True,6652.0,False,,,False,True,8203.0,False,,,False,False,
MRVL,210.0,204.0,-0.02857142857142858,988.0,False,,,False,True,5355.0,False,,,False,True,6797.0,False,,,False,False,
MRVL,231.63999938964844,232.11000061035156,0.0020290158087616916,0.0,False,,,False,False,,False,,,False,False,,False,,,False,False,
MRVL,195.08,207.85000610351562,0.06546035525689775,215.0,True,1750.0,0.6546035525689775,False,False,,False,,,False,False,,False,,,False,False,
MRVL,210.0,204.0,-0.02857142857142858,977.0,False,,,False,True,5344.0,False,,,False,True,6786.0,False,,,False,False,
MRVL,188.6199951171875,192.68499755859375,0.021551280599284794,189.0,True,1629.0,0.21551280599284794,False,False,,False,,,False,False,,False,,,False,False,
MRVL,174.4499969482422,175.4799041748047,0.005903738862592656,970.0,False,,,False,False,,False,,,False,False,,False,,,False,False,
MSA,175.2050018310547,175.3800048828125,0.0009988473498407924,0.0,False,,,False,False,,False,,,False,False,,False,,,False,False,
MSA,171.03500366210938,171.07000732421875,0.00020465788499368642,0.0,False,,,False,False,,False,,,False,False,,False,,,False,False,
MSA,175.27999877929688,175.41000366210938,0.0007416983324846083,0.0,False,,,False,False,,False,,,False,False,,False,,,False,False,
MSB,24.1299991607666,23.81999969482422,-0.012847056640035714,0.0,False,,,False,True,2853.0,False,,,False,False,,False,,,False,False,
MSBI,30.780000686645508,30.780000686645508,0.0,0.0,True,21346.0,0.0,False,False,,False,,,False,False,,False,,,False,False,
MSBI,31.040000915527344,30.969999313354492,-0.002255206189051173,0.0,True,10170.0,-0.022552061890511732,False,False,,False,,,False,False,,False,,,False,False,
MSBI,30.69499969482422,30.760000228881836,0.00211762615096478,0.0,True,21319.0,0.021176261509647798,False,False,,False,,,False,False,,False,,,False,False,
MSCI,627.6749877929688,627.8200073242188,0.00023104239307025765,0.0,False,,,False,True,8394.0,False,,,False,False,,False,,,False,False,
MSCI,610.97998046875,610.7100219726562,-0.0004418450763093995,0.0,False,,,False,True,15812.0,False,,,False,False,,False,,,False,False,
MSDL,15.399999618530273,15.399999618530273,0.0,0.0,False,,,False,False,,False,,,False,False,,False,,,False,False,
MSDL,15.75,15.750100135803223,6.3578287761156815e-06,0.0,False,,,False,False,,False,,,False,False,,False,,,False,False,
MSIF,11.25,11.300000190734863,0.004444461398654509,923.0,False,,,False,False,,False,,,False,False,,False,,,False,False,
MSIF,11.829999923706055,11.789899826049805,-0.0033896955126681005,0.0,False,,,False,False,,False,,,False,False,,False,,,False,False,
MSM,119.63999938964844,119.68000030517578,0.0003343439964176298,0.0,False,,,False,False,,False,,,False,False,,False,,,False,False,
MSM,125.56999969482422,125.66000366210938,0.0007167632993858586,0.0,False,,,False,False,,False,,,False,False,,False,,,False,False,
MSM,127.34500122070312,127.29869842529297,-0.000363601201196051,0.0,False,,,False,False,,False,,,False,False,,False,,,False,False,
MSS,1.84,1.75,-0.048913043478260865,3893.0,True,4055.0,-0.48913043478260865,False,True,3895.0,True,4056.0,-0.24456521739130432,False,False,,True,6823.0,-0.09782608695652173,False,False,
MSS,1.84,1.75,-0.048913043478260865,3813.0,True,3975.0,-0.48913043478260865,False,True,3815.0,True,3976.0,-0.24456521739130432,False,False,,True,6743.0,-0.09782608695652173,False,False,
MSS,2.5199999809265137,2.639899969100952,0.04757936074680269,0.0,True,7223.0,0.4757936074680269,False,True,8.0,True,7223.0,0.23789680373401345,False,True,27.0,False,,,False,False,
MSS,0.5795000195503235,0.5795000195503235,0.0,0.0,True,2535.0,0.0,False,False,,True,2535.0,0.0,False,False,,True,2535.0,0.0,False,False,
MSS,0.6399999856948853,0.6399999856948853,0.0,0.0,True,8272.0,0.0,False,True,4098.0,True,8272.0,0.0,False,False,,True,8272.0,0.0,False,False,
MSS,0.6043999791145325,0.6040999889373779,-0.0004963437913979574,0.0,True,8594.0,-0.004963437913979574,False,False,,True,8594.0,-0.002481718956989787,False,False,,True,8594.0,-0.0009926875827959147,False,False,
MTDR,53.54999923706055,53.57500076293945,0.0004668819091524501,0.0,False,,,False,True,9991.0,False,,,False,False,,False,,,False,False,
MTDR,50.64500045776367,50.880001068115234,0.004640154175683087,0.0,False,,,False,False,,False,,,False,False,,False,,,False,False,
MTNB,0.24140000343322754,0.3799999952316284,0.5741507449345928,181.0,True,181.0,5.0,True,False,,True,181.0,2.870753724672964,True,False,,True,181.0,1.1483014898691857,True,False,
MTNB,0.2969000041484833,0.2969000041484833,0.0,0.0,True,1093.0,0.0,False,True,1061.0,True,1182.0,0.0,False,False,,False,,,False,False,
MTNB,0.291,0.29899999499320984,0.02749139172924342,971.0,False,,,False,False,,False,,,False,False,,False,,,False,False,
MTNB,0.2897999882698059,0.289000004529953,-0.00276046850322198,0.0,True,37.0,-0.0276046850322198,False,True,2910.0,True,9733.0,-0.0138023425161099,False,True,5478.0,True,12743.0,-0.00552093700644396,False,False,
MTNB,0.30000001192092896,0.2980000078678131,-0.006666679912142759,0.0,True,10004.0,-0.06666679912142759,False,True,2852.0,True,10004.0,-0.033333399560713795,False,True,5718.0,False,,,False,False,
MTNB,0.3478989899158478,0.3529999852180481,0.014662288336721563,0.0,True,2834.0,0.14662288336721563,False,True,49.0,True,2837.0,0.07331144168360781,False,True,1357.0,False,,,False,False,
MTVA,1.8316999673843384,1.850000023841858,0.009990750004571947,0.0,False,,,False,True,6983.0,False,,,False,True,11240.0,False,,,False,False,
MTVA,1.693600058555603,1.6799999475479126,-0.008030296727368658,0.0,True,4265.0,-0.08030296727368658,False,True,15796.0,True,4337.0,-0.04015148363684329,False,False,,True,4364.0,-0.016060593454737315,False,False,
MTVA,1.7300000190734863,1.7300000190734863,0.0,0.0,True,4062.0,0.0,False,True,15588.0,True,4135.0,0.0,False,False,,True,4156.0,0.0,False,False,
MTX,73.44000244140625,73.44000244140625,0.0,0.0,False,,,False,False,,False,,,False,False,,False,,,False,False,
MTX,74.47000122070312,74.47000122070312,0.0,0.0,False,,,False,False,,False,,,False,False,,False,,,False,False,
MTZ,359.6474914550781,359.5299987792969,-0.00032668843401606473,0.0,False,,,False,True,5527.0,False,,,False,True,8503.0,False,,,False,False,
MTZ,366.8900146484375,367.5199890136719,0.001717065987304256,0.0,False,,,False,True,5703.0,False,,,False,False,,False,,,False,False,
MTZ,338.92498779296875,338.92498779296875,0.0,0.0,False,,,False,True,17015.0,False,,,False,False,,False,,,False,False,
MVBF,28.665000915527344,28.665000915527344,0.0,0.0,True,21230.0,0.0,False,False,,False,,,False,False,,False,,,False,False,
MVBF,28.735000610351562,28.690000534057617,-0.0015660370745819163,0.0,True,22882.0,-0.015660370745819163,False,False,,False,,,False,False,,False,,,False,False,
MVBF,28.8799991607666,28.80500030517578,-0.0025969133576951853,0.0,True,22724.0,-0.025969133576951853,False,False,,False,,,False,False,,False,,,False,False,
MVIS,0.24240000545978546,0.24040000140666962,-0.008250841617442273,0.0,False,,,False,False,,False,,,False,False,,False,,,False,False,
MVIS,0.36500000953674316,0.36500000953674316,0.0,0.0,True,8539.0,0.0,False,True,7132.0,True,17188.0,0.0,False,False,,False,,,False,False,
MVIS,0.2493000030517578,0.2492000013589859,-0.000401129929995081,0.0,False,,,False,False,,False,,,False,False,,False,,,False,False,
MVIS,0.24060000479221344,0.24060000479221344,0.0,0.0,False,,,False,False,,False,,,False,False,,False,,,False,False,
MVIS,0.24220000207424164,0.24310000240802765,0.0037159385882670204,0.0,False,,,False,False,,False,,,False,False,,False,,,False,False,
MVIS,0.3100999891757965,0.3179999887943268,0.025475652674246785,1024.0,True,8510.0,0.25475652674246785,False,True,11491.0,False,,,False,True,16866.0,False,,,False,False,
MVIS,0.3919999897480011,0.3921999931335449,0.0005102127315677052,0.0,True,5538.0,0.005102127315677052,False,True,5868.0,False,,,False,True,7089.0,False,,,False,False,
MVIS,0.2451000064611435,0.24500000476837158,-0.0004080036317247737,0.0,False,,,False,False,,False,,,False,False,,False,,,False,False,
MVIS,0.29019999504089355,0.29019999504089355,0.0,0.0,False,,,False,True,1351.0,False,,,False,False,,False,,,False,False,
MVIS,0.30410000681877136,0.30489999055862427,0.002630660052334921,0.0,True,1121.0,0.02630660052334921,False,True,5440.0,False,,,False,True,9755.0,False,,,False,False,
MXL,75.0,70.5999984741211,-0.05866668701171873,985.0,True,6745.0,-0.5866668701171873,False,False,,True,8275.0,-0.29333343505859366,False,False,,False,,,False,False,
MXL,87.83000183105469,88.09559631347656,0.003023960797960079,0.0,True,2711.0,0.03023960797960079,False,True,1278.0,False,,,False,False,,False,,,False,False,
MYFW,33.220001220703125,33.2400016784668,0.0006020607173009562,0.0,False,,,False,True,17094.0,False,,,False,False,,False,,,False,False,
MYFW,33.439998626708984,33.4900016784668,0.001495306633113147,0.0,False,,,False,True,18749.0,False,,,False,False,,False,,,False,False,
MYSE,2.3399999141693115,2.3499999046325684,0.004273500354724069,0.0,True,5856.0,0.04273500354724069,False,False,,True,7271.0,0.021367501773620345,False,False,,False,,,False,False,
NABL,4.715000152587891,4.715000152587891,0.0,0.0,False,,,False,True,8742.0,False,,,False,False,,False,,,False,False,
NABL,4.215000152587891,4.215000152587891,0.0,0.0,True,8588.0,0.0,False,False,,False,,,False,False,,False,,,False,False,
NABL,4.800000190734863,4.804999828338623,0.0010415911260608368,0.0,False,,,False,True,10046.0,False,,,False,True,11790.0,False,,,False,False,
NAMS,33.30500030517578,33.494998931884766,0.005704807835700709,238.0,False,,,False,True,7684.0,False,,,False,False,,False,,,False,False,
NAMS,34.73500061035156,34.790000915527344,0.0015834260604385975,0.0,False,,,False,True,14021.0,False,,,False,False,,False,,,False,False,
NAMS,30.299999237060547,30.31999969482422,0.0006600811309331878,0.0,False,,,False,True,4116.0,False,,,False,False,,False,,,False,False,
NAUT,1.7050000429153442,1.7100000381469727,0.002932548449136041,0.0,False,,,False,True,5659.0,False,,,False,True,5679.0,False,,,False,False,
NAUT,1.6950000524520874,1.6950000524520874,0.0,0.0,False,,,False,True,10029.0,False,,,False,True,10049.0,False,,,False,False,
NAVI,8.100000381469727,8.100000381469727,0.0,0.0,False,,,False,False,,False,,,False,False,,False,,,False,False,
NB,4.255000114440918,4.2795000076293945,0.005757906587435135,3927.0,False,,,False,True,17055.0,False,,,False,False,,False,,,False,False,
NB,4.585000038146973,4.585000038146973,0.0,0.0,False,,,False,True,14331.0,False,,,False,False,,False,,,False,False,
NB,4.494999885559082,4.494999885559082,0.0,0.0,True,11274.0,0.0,False,False,,False,,,False,False,,False,,,False,False,
NB,4.735000133514404,4.735000133514404,0.0,0.0,False,,,False,True,9899.0,False,,,False,False,,False,,,False,False,
NB,4.389999866485596,4.394999980926514,0.0011389782671953341,0.0,True,1502.0,0.011389782671953341,False,False,,False,,,False,False,,False,,,False,False,
NB,4.300000190734863,4.315000057220459,0.003488340888429642,0.0,False,,,False,True,17269.0,False,,,False,False,,False,,,False,False,
NBBK,22.415000915527344,22.415000915527344,0.0,0.0,False,,,False,False,,False,,,False,False,,False,,,False,False,
NBHC,43.16,43.400001525878906,0.005560739709891349,301.0,False,,,False,False,,False,,,False,False,,False,,,False,False,
NBHC,43.97999954223633,43.97999954223633,0.0,0.0,False,,,False,False,,False,,,False,False,,False,,,False,False,
NBR,79.66000366210938,79.66000366210938,0.0,0.0,True,19829.0,0.0,False,False,,False,,,False,False,,False,,,False,False,
NBR,83.44499969482422,82.5199966430664,-0.011085182517115988,0.0,False,,,False,False,,False,,,False,False,,False,,,False,False,
NBTB,51.5099983215332,51.54999923706055,0.0007765660421430454,0.0,False,,,False,False,,False,,,False,False,,False,,,False,False,
NCDL,12.289999961853027,12.289999961853027,0.0,0.0,False,,,False,False,,False,,,False,False,,False,,,False,False,
NCDL,12.13,12.270000457763672,0.011541670054713293,173.0,False,,,False,False,,False,,,False,False,,False,,,False,False,
NCDL,12.390000343322754,12.395000457763672,0.0004035604763814593,0.0,False,,,False,False,,False,,,False,False,,False,,,False,False,
NCDL,12.414999961853027,12.414999961853027,0.0,0.0,False,,,False,False,,False,,,False,False,,False,,,False,False,
NCDL,12.6899995803833,12.69,3.306672291536472e-08,0.0,False,,,False,False,,False,,,False,False,,False,,,False,False,
NCPL,0.4699999988079071,0.47510001063346863,0.010851089018078852,302.0,False,,,False,True,4778.0,False,,,False,True,22097.0,False,,,False,False,
NCPL,0.589900016784668,0.589900016784668,0.0,0.0,False,,,False,True,1197.0,False,,,False,True,4212.0,False,,,False,False,
NCRA,1.9299999475479126,1.9657000303268433,0.018497452719772323,0.0,True,1321.0,0.18497452719772323,False,True,1638.0,True,31561.0,0.09248726359886161,False,True,2792.0,True,31561.0,0.036994905439544645,False,False,
NCRA,1.600000023841858,1.5700000524520874,-0.01874998183921006,96.0,True,23136.0,-0.18749981839210061,False,True,135.0,True,23136.0,-0.09374990919605031,False,False,,True,23136.0,-0.03749996367842012,False,False,
NDAQ,84.4800033569336,85.27999877929688,0.009469642407366585,999.0,True,14030.0,0.09469642407366585,False,False,,False,,,False,False,,False,,,False,False,
NDAQ,88.97000122070312,88.9800033569336,0.00011242144647893859,0.0,False,,,False,False,,False,,,False,False,,False,,,False,False,
NDAQ,94.55500030517578,94.55500030517578,0.0,0.0,False,,,False,False,,False,,,False,False,,False,,,False,False,
NDAQ,85.16000366210938,85.23999786376953,0.0009393400448589606,0.0,True,13028.0,0.009393400448589606,False,False,,False,,,False,False,,False,,,False,False,
NDAQ,85.3499984741211,85.38999938964844,0.0004686692002633386,0.0,True,10199.0,0.004686692002633386,False,False,,False,,,False,False,,False,,,False,False,
NDAQ,84.9000015258789,84.94999694824219,0.0005888742221993315,0.0,True,11501.0,0.005888742221993315,False,False,,False,,,False,False,,False,,,False,False,
NDAQ,85.03500366210938,85.05999755859375,0.0002939248004703021,0.0,True,14426.0,0.002939248004703021,False,False,,False,,,False,False,,False,,,False,False,
NDAQ,87.79000091552734,87.80999755859375,0.00022777813939933722,0.0,False,,,False,False,,False,,,False,False,,False,,,False,False,
NDLS,11.739999771118164,11.880000114440918,0.011925072065773978,0.0,True,14044.0,0.11925072065773978,False,False,,True,14044.0,0.05962536032886989,False,False,,False,,,False,False,
NDLS,11.899999618530273,11.960000038146973,0.005042052230259664,0.0,True,14011.0,0.05042052230259664,False,False,,True,14011.0,0.02521026115129832,False,False,,False,,,False,False,
NDLS,12.694999694824219,12.500100135803223,-0.015352466617266414,0.0,True,19857.0,-0.15352466617266414,False,True,6898.0,True,19857.0,-0.07676233308633207,False,False,,False,,,False,False,
NE,39.875,39.875,0.0,0.0,True,17042.0,0.0,False,False,,False,,,False,False,,False,,,False,False,
NE,37.98500061035156,37.9900016784668,0.00013165902421685693,0.0,True,8633.0,0.0013165902421685693,False,False,,False,,,False,False,,False,,,False,False,
NECB,26.559999465942383,26.450000762939453,-0.004141517515615201,0.0,False,,,False,False,,False,,,False,False,,False,,,False,False,
NECB,26.475000381469727,26.530000686645508,0.0020774430361965024,0.0,False,,,False,False,,False,,,False,False,,False,,,False,False,
NEM,95.29000091552734,95.33000183105469,0.0004197808284502891,0.0,False,,,False,False,,False,,,False,False,,False,,,False,False,
NEM,90.125,90.13700103759766,0.0001331599178657772,0.0,False,,,False,False,,False,,,False,False,,False,,,False,False,
NEM,94.81,94.51000213623047,-0.0031642006515086862,0.0,False,,,False,False,,False,,,False,False,,False,,,False,False,
NEM,94.68000030517578,94.76260375976562,0.0008724488204858716,0.0,False,,,False,False,,False,,,False,False,,False,,,False,False,
NEO,14.079999923706055,14.079999923706055,0.0,0.0,False,,,False,False,,False,,,False,False,,False,,,False,False,
NEO,14.625,14.619999885559082,-0.0003418881669003948,0.0,True,18476.0,-0.003418881669003948,False,True,15972.0,False,,,False,False,,False,,,False,False,
NEO,14.149999618530273,14.140000343322754,-0.0007066625778862079,0.0,True,8297.0,-0.007066625778862079,False,False,,False,,,False,False,,False,,,False,False,
NEO,14.239999771118164,14.305000305175781,0.00456464431898751,28.0,False,,,False,False,,False,,,False,False,,False,,,False,False,
NESR,28.1299991607666,28.139999389648438,0.000355500504094719,0.0,False,,,False,True,15702.0,False,,,False,False,,False,,,False,False,
NEXT,8.029999732971191,8.039999961853027,0.0012453585572083092,0.0,False,,,False,False,,False,,,False,False,,False,,,False,False,
NEXT,7.855000019073486,7.864999771118164,0.0012730429052063563,0.0,False,,,False,False,,False,,,False,False,,False,,,False,False,
NEXT,6.0920000076293945,6.09499979019165,0.0004924134206334418,0.0,True,2525.0,0.0049241342063344185,False,False,,False,,,False,False,,False,,,False,False,
NFLX,73.5999984741211,73.63500213623047,0.00047559324504176104,0.0,False,,,False,True,3988.0,False,,,False,False,,False,,,False,False,
NFLX,73.9800033569336,73.98999786376953,0.0001350974098732749,0.0,False,,,False,True,2593.0,False,,,False,False,,False,,,False,False,
NFLX,73.63999938964844,73.70950317382812,0.0009438319494263769,0.0,False,,,False,True,3996.0,False,,,False,False,,False,,,False,False,
NFLX,73.62999725341797,71.31999969482422,-0.03137304963686549,823.0,False,,,False,False,,False,,,False,False,,False,,,False,False,
NFLX,75.45999908447266,75.69860076904297,0.0031619624630954135,960.0,False,,,False,False,,False,,,False,False,,False,,,False,False,
NG,5.699999809265137,5.709799766540527,0.0017192908075998048,0.0,False,,,False,False,,False,,,False,False,,False,,,False,False,
NG,5.789999961853027,5.784999847412109,-0.0008635776293369757,0.0,False,,,False,False,,False,,,False,False,,False,,,False,False,
NG,6.010499954223633,6.014999866485596,0.0007486752011038877,0.0,True,17353.0,0.0074867520110388774,False,True,8487.0,False,,,False,False,,False,,,False,False,
NG,5.699999809265137,5.709799766540527,0.0017192908075998048,0.0,False,,,False,False,,False,,,False,False,,False,,,False,False,
NG,5.875,5.880000114440918,0.0008510833090924486,0.0,False,,,False,True,11530.0,False,,,False,False,,False,,,False,False,
NG,5.82,5.820000171661377,2.9495081932395806e-08,996.0,False,,,False,False,,False,,,False,False,,False,,,False,False,
NG,5.82,5.820000171661377,2.9495081932395806e-08,811.0,False,,,False,False,,False,,,False,False,,False,,,False,False,
NG,5.97,5.889999866485596,-0.013400357372597038,330.0,False,,,False,False,,False,,,False,False,,False,,,False,False,
NG,5.875,5.869999885559082,-0.0008510833090924486,0.0,False,,,False,True,11580.0,False,,,False,False,,False,,,False,False,
NG,5.989999771118164,6.0,0.001669487356252386,0.0,True,17294.0,0.01669487356252386,False,True,8470.0,False,,,False,False,,False,,,False,False,
NG,6.114999771118164,6.114999771118164,0.0,0.0,False,,,False,True,12737.0,False,,,False,False,,False,,,False,False,
NG,6.420000076293945,6.425000190734863,0.0007788340158096929,0.0,False,,,False,True,2786.0,False,,,False,True,15639.0,False,,,False,False,
NG,5.97,5.889999866485596,-0.013400357372597038,187.0,False,,,False,False,,False,,,False,False,,False,,,False,False,
NG,5.230000019073486,5.230000019073486,0.0,0.0,True,2804.0,0.0,False,False,,True,3036.0,0.0,False,False,,False,,,False,False,
NGNE,37.904998779296875,38.02330017089844,0.0031209971088608235,0.0,False,,,False,True,11388.0,False,,,False,False,,False,,,False,False,
NGS,36.47,37.334999084472656,0.023718099382304736,325.0,False,,,False,False,,False,,,False,False,,False,,,False,False,
NGS,39.369998931884766,39.380001068115234,0.0002540547752560851,0.0,False,,,False,True,8309.0,False,,,False,False,,False,,,False,False,
NGS,39.61,39.2599983215332,-0.008836194861570168,97.0,False,,,False,True,15953.0,False,,,False,False,,False,,,False,False,
NHC,208.80999755859375,208.8800048828125,0.0003352680668420316,0.0,True,5644.0,0.003352680668420316,False,False,,False,,,False,False,,False,,,False,False,
NHI,79.01499938964844,79.04000091552734,0.00031641493478495875,0.0,False,,,False,False,,False,,,False,False,,False,,,False,False,
NHI,80.55000305175781,80.45999908447266,-0.0011173676458748893,0.0,False,,,False,False,,False,,,False,False,,False,,,False,False,
NHI,79.09500122070312,79.19999694824219,0.0013274635048816652,0.0,False,,,False,False,,False,,,False,False,,False,,,False,False,
NIC,165.25,165.5399932861328,0.0017548761641925648,0.0,False,,,False,False,,False,,,False,False,,False,,,False,False,
NIC,167.10000610351562,167.02,-0.00047879174502274413,0.0,False,,,False,False,,False,,,False,False,,False,,,False,False,
NIC,164.05999755859375,164.50999450683594,0.0027428803787556966,0.0,False,,,False,False,,False,,,False,False,,False,,,False,False,
NIC,164.18499755859375,164.05999755859375,-0.0007613363087902725,0.0,False,,,False,False,,False,,,False,False,,False,,,False,False,
NIC,172.58819580078125,172.89999389648438,0.0018066015132520707,0.0,False,,,False,False,,False,,,False,False,,False,,,False,False,
NIC,163.5449981689453,163.61000061035156,0.00039745906101695816,0.0,False,,,False,False,,False,,,False,False,,False,,,False,False,
NIC,167.10000610351562,167.02,-0.00047879174502274413,0.0,False,,,False,False,,False,,,False,False,,False,,,False,False,
NIXX,1.07,1.0895999670028687,0.018317726170905324,109.0,False,,,False,True,461.0,False,,,False,True,1555.0,False,,,False,False,
NIXX,1.1399999856948853,1.1399999856948853,0.0,822.0,False,,,False,True,6655.0,False,,,False,True,8022.0,False,,,False,False,
NIXX,0.7050999999046326,0.7049999833106995,-0.00014184738894718052,0.0,False,,,False,False,,False,,,False,False,,False,,,False,False,
NKLR,4.534999847412109,4.510000228881836,-0.005512595230744988,0.0,True,208.0,-0.05512595230744988,False,False,,True,1395.0,-0.02756297615372494,False,False,,False,,,False,False,
NKLR,4.650000095367432,4.675000190734863,0.005376364484882101,0.0,True,8915.0,0.05376364484882101,False,False,,True,10191.0,0.026881822424410506,False,False,,False,,,False,False,
NKLR,5.550000190734863,5.539999961853027,-0.0018018429798489777,0.0,False,,,False,True,1434.0,False,,,False,False,,False,,,False,False,
NKSH,35.994998931884766,36.150001525878906,0.004306225825633669,0.0,True,20146.0,0.043062258256336694,False,False,,False,,,False,False,,False,,,False,False,
NKSH,36.0,36.06999969482422,0.0019444359673395084,0.0,True,21751.0,0.019444359673395084,False,False,,False,,,False,False,,False,,,False,False,
NLCP,15.130000114440918,15.119999885559082,-0.0006609536553996431,0.0,False,,,False,False,,False,,,False,False,,False,,,False,False,
NLST,2.4600000381469727,2.4600000381469727,0.0,0.0,False,,,False,True,9813.0,False,,,False,False,,False,,,False,False,
NLY,22.842300415039062,22.850000381469727,0.00033709242461377187,0.0,False,,,False,False,,False,,,False,False,,False,,,False,False,
NLY,22.475000381469727,22.485000610351562,0.0004449489972013776,0.0,False,,,False,False,,False,,,False,False,,False,,,False,False,
NLY,23.075000762939453,23.079999923706055,0.00021664834675250155,0.0,False,,,False,False,,False,,,False,False,,False,,,False,False,
NMAD,6.029900074005127,6.03000020980835,1.6606544386066346e-05,0.0,False,,,False,True,192.0,False,,,False,True,11512.0,False,,,False,False,
NMAD,5.75,5.71999979019165,-0.005217427792756468,0.0,False,,,False,True,3030.0,False,,,False,True,16024.0,False,,,False,False,
NMAD,6.014999866485596,6.03000020980835,0.002493822719154659,0.0,False,,,False,True,1499.0,False,,,False,True,12819.0,False,,,False,False,
NMRA,1.7100000381469727,1.715000033378601,0.0029239737544373146,0.0,False,,,False,True,22711.0,False,,,False,False,,False,,,False,False,
NNBR,3.180000066757202,3.189199924468994,0.0028930369555537627,0.0,True,5694.0,0.028930369555537627,False,False,,False,,,False,False,,False,,,False,False,
NNBR,3.4649999141693115,3.7899999618530273,0.09379510988000428,5162.0,False,,,False,True,19673.0,False,,,False,False,,False,,,False,False,
NNBR,3.444999933242798,3.448499917984009,0.0010159607573392293,0.0,True,5598.0,0.010159607573392293,False,True,20138.0,False,,,False,False,,False,,,False,False,
NNBR,3.4820001125335693,3.490000009536743,0.002297500501041938,0.0,False,,,False,True,12833.0,False,,,False,False,,False,,,False,False,
NNBR,3.5899999141693115,3.5950000286102295,0.001392789571159403,0.0,False,,,False,True,18780.0,False,,,False,False,,False,,,False,False,
NNBR,3.4649999141693115,3.7899999618530273,0.09379510988000428,5251.0,False,,,False,True,19762.0,False,,,False,False,,False,,,False,False,
NNBR,3.7249999046325684,3.7249999046325684,0.0,0.0,False,,,False,True,2718.0,False,,,False,True,15637.0,False,,,False,False,
NNBR,3.390000104904175,3.3949999809265137,0.0014748896364651376,0.0,True,12900.0,0.014748896364651376,False,True,1402.0,False,,,False,False,,False,,,False,False,
NNDM,1.4850000143051147,1.4800000190734863,-0.0033670001235441838,1006.0,False,,,False,False,,False,,,False,False,,False,,,False,False,
NNDM,1.475000023841858,1.475000023841858,0.0,0.0,False,,,False,False,,False,,,False,False,,False,,,False,False,
NNDM,1.4500000476837158,1.4500000476837158,0.0,0.0,False,,,False,False,,False,,,False,False,,False,,,False,False,
NNDM,1.4850000143051147,1.4850000143051147,0.0,0.0,False,,,False,False,,False,,,False,False,,False,,,False,False,
NNDM,1.4800000190734863,1.4850000143051147,0.0033783751129670136,0.0,False,,,False,False,,False,,,False,False,,False,,,False,False,
NNDM,1.475000023841858,1.4800000190734863,0.0033898272208872093,0.0,False,,,False,False,,False,,,False,False,,False,,,False,False,
NNDM,1.5099999904632568,1.5099999904632568,0.0,0.0,False,,,False,False,,False,,,False,False,,False,,,False,False,
NNDM,1.4500999450683594,1.4500000476837158,-6.888999960541486e-05,0.0,False,,,False,False,,False,,,False,False,,False,,,False,False,
NNVC,1.5449999570846558,1.5399999618530273,-0.003236242958260749,0.0,True,8321.0,-0.03236242958260749,False,False,,False,,,False,False,,False,,,False,False,
NNVC,1.6201000213623047,1.6398999691009521,0.012221435391376767,0.0,True,158.0,0.12221435391376767,False,True,20142.0,False,,,False,False,,False,,,False,False,
NNVC,1.7799999713897705,1.7699999809265137,-0.005617972260667625,0.0,False,,,False,True,8710.0,False,,,False,False,,False,,,False,False,
NNVC,1.7699999809265137,1.7549999952316284,-0.00847456828052251,0.0,False,,,False,True,2667.0,False,,,False,False,,False,,,False,False,
NOG,17.690000534057617,17.699899673461914,0.0005595895480747792,0.0,True,9962.0,0.005595895480747792,False,False,,False,,,False,False,,False,,,False,False,
NOVT,152.57000732421875,152.52499389648438,-0.0002950345780525776,0.0,False,,,False,True,21471.0,False,,,False,False,,False,,,False,False,
NOVT,156.82000732421875,156.86000061035156,0.000255026681959869,0.0,False,,,False,True,18433.0,False,,,False,False,,False,,,False,False,
NOW,105.0,107.68000030517578,0.025523812430245485,319.0,False,,,False,False,,False,,,False,False,,False,,,False,False,
NOW,100.62000274658203,100.62000274658203,0.0,0.0,False,,,False,False,,False,,,False,False,,False,,,False,False,
NOW,105.0,107.68000030517578,0.025523812430245485,940.0,False,,,False,False,,False,,,False,False,,False,,,False,False,
NOW,104.9749984741211,105.0999984741211,0.001190759722000001,0.0,False,,,False,False,,False,,,False,False,,False,,,False,False,
NPB,16.860000610351562,16.860000610351562,0.0,0.0,False,,,False,False,,False,,,False,False,,False,,,False,False,
NPB,18.30500030517578,18.30500030517578,0.0,0.0,False,,,False,False,,False,,,False,False,,False,,,False,False,
NPCE,17.1200008392334,17.170000076293945,0.002920516040277654,0.0,False,,,False,True,15826.0,False,,,False,True,27331.0,False,,,False,False,
NPKI,14.739999771118164,14.739999771118164,0.0,0.0,False,,,False,True,9977.0,False,,,False,False,,False,,,False,False,
NRC,21.6299991607666,21.610000610351562,-0.0009245747198785015,0.0,False,,,False,True,12930.0,False,,,False,False,,False,,,False,False,
NRG,132.0,131.99000549316406,-7.571596087829757e-05,0.0,False,,,False,False,,False,,,False,False,,False,,,False,False,
NRG,140.48,142.85000610351562,0.016870772376962107,1046.0,False,,,False,False,,False,,,False,False,,False,,,False,False,
NRG,138.9949951171875,138.9499969482422,-0.0003237394908167657,0.0,False,,,False,False,,False,,,False,False,,False,,,False,False,
NRG,132.4250030517578,132.72999572753906,0.00230313512367486,0.0,False,,,False,False,,False,,,False,False,,False,,,False,False,
NRGV,2.815000057220459,2.815000057220459,0.0,0.0,False,,,False,True,2727.0,False,,,False,False,,False,,,False,False,
NRGV,3.08,3.0799999237060547,-2.4770761442027833e-08,214.0,True,1736.0,-2.4770761442027833e-07,False,True,10356.0,True,3094.0,-1.2385380721013917e-07,False,False,,False,,,False,False,
NRGV,3.8399999141693115,3.8399999141693115,0.0,0.0,False,,,False,True,4305.0,False,,,False,True,12866.0,False,,,False,False,
NRGV,3.4488000869750977,3.444999933242798,-0.0011018770692600155,0.0,False,,,False,True,4085.0,False,,,False,True,8461.0,False,,,False,False,
NRGV,3.0299999713897705,3.0350000858306885,0.0016502028013631875,0.0,True,1198.0,0.016502028013631875,False,True,11226.0,True,2583.0,0.008251014006815938,False,False,,False,,,False,False,
NRGV,3.4049999713897705,3.4100000858306885,0.0014684624032101912,0.0,True,16943.0,0.014684624032101912,False,True,8500.0,False,,,False,False,,False,,,False,False,
NRGV,3.809999942779541,3.819999933242798,0.0026246694523468506,0.0,False,,,False,True,4049.0,False,,,False,True,12816.0,False,,,False,False,
NRGV,3.0299999713897705,3.0350000858306885,0.0016502028013631875,0.0,True,1417.0,0.016502028013631875,False,True,11445.0,True,2802.0,0.008251014006815938,False,False,,False,,,False,False,
NRIM,27.889999389648438,27.8799991607666,-0.00035855966657161176,0.0,False,,,False,False,,False,,,False,False,,False,,,False,False,
NRIM,27.299999237060547,27.424999237060547,0.0045787547067146495,0.0,False,,,False,False,,False,,,False,False,,False,,,False,False,
NRIM,27.200000762939453,27.18000030517578,-0.0007353109265688662,0.0,False,,,False,False,,False,,,False,False,,False,,,False,False,
NRIX,24.395000457763672,24.049999237060547,-0.014142292036454118,267.0,False,,,False,True,7467.0,False,,,False,False,,False,,,False,False,
NRIX,22.989999771118164,22.940000534057617,-0.0021748254701315917,0.0,False,,,False,False,,False,,,False,False,,False,,,False,False,
NRXP,4.164999961853027,4.179999828338623,0.003601408552936114,0.0,True,221.0,0.03601408552936114,False,True,18708.0,False,,,False,True,20186.0,False,,,False,False,
NSA,44.099998474121094,44.10499954223633,0.00011340290903105732,0.0,False,,,False,False,,False,,,False,False,,False,,,False,False,
NSA,43.91999816894531,43.939998626708984,0.0004553838478484895,0.0,False,,,False,False,,False,,,False,False,,False,,,False,False,
NSA,44.9900016784668,45.0099983215332,0.0004444686001419118,0.0,False,,,False,False,,False,,,False,False,,False,,,False,False,
NSA,45.77000045776367,45.77000045776367,0.0,0.0,False,,,False,False,,False,,,False,False,,False,,,False,False,
NSA,45.310001373291016,45.29499816894531,-0.0003311234581985234,0.0,False,,,False,False,,False,,,False,False,,False,,,False,False,
NSLR,10.807499885559082,10.802900314331055,-0.0004255906802436149,0.0,False,,,False,False,,False,,,False,False,,False,,,False,False,
NSLR,11.1899995803833,11.1899995803833,0.0,0.0,False,,,False,True,12731.0,False,,,False,False,,False,,,False,False,
NSLR,11.520000457763672,11.520000457763672,0.0,0.0,False,,,False,True,14230.0,False,,,False,False,,False,,,False,False,
NSSC,36.36000061035156,36.37969970703125,0.0005417793275306337,0.0,False,,,False,False,,False,,,False,False,,False,,,False,False,
NTHI,4.355000019073486,4.309999942779541,-0.010332968104904583,0.0,False,,,False,True,8721.0,False,,,False,True,11508.0,False,,,False,False,
NTHI,4.489999771118164,4.489999771118164,0.0,0.0,False,,,False,True,8329.0,False,,,False,True,9814.0,False,,,False,False,
NTHI,3.233099937438965,3.2100000381469727,-0.007144814493513674,0.0,True,1245.0,-0.07144814493513674,False,False,,False,,,False,False,,False,,,False,False,
NTHI,4.5,4.5,0.0,921.0,False,,,False,True,8166.0,False,,,False,True,9651.0,False,,,False,False,
NTIP,1.4700000286102295,1.47,-1.9462740752373975e-08,0.0,True,12774.0,-1.9462740752373975e-07,False,False,,False,,,False,False,,False,,,False,False,
NTIP,1.440000057220459,1.4450000524520874,0.0034722187728795095,0.0,True,18693.0,0.034722187728795095,False,False,,False,,,False,False,,False,,,False,False,
NTIP,1.475000023841858,1.4775999784469604,0.0017626810597131115,1077.0,True,11332.0,0.017626810597131115,False,False,,False,,,False,False,,False,,,False,False,
NTRA,265.7699890136719,265.6700134277344,-0.0003761733456382199,0.0,False,,,False,False,,False,,,False,False,,False,,,False,False,
NTRA,262.635009765625,263.9100036621094,0.004854622761916616,0.0,False,,,False,False,,False,,,False,False,,False,,,False,False,
NTRA,267.31500244140625,267.0199890136719,-0.0011036171746441337,0.0,False,,,False,False,,False,,,False,False,,False,,,False,False,
NTRA,271.989990234375,272.0299987792969,0.00014709565189297003,0.0,False,,,False,False,,False,,,False,False,,False,,,False,False,
NTRA,265.07000732421875,264.95001220703125,-0.00045269217139576323,0.0,False,,,False,False,,False,,,False,False,,False,,,False,False,
NTRA,262.0,263.3999938964844,0.005343488154520459,0.0,False,,,False,False,,False,,,False,False,,False,,,False,False,
NTRA,264.4949951171875,264.3999938964844,-0.000359179653516839,0.0,False,,,False,False,,False,,,False,False,,False,,,False,False,
NTRA,262.63,262.1499938964844,-0.0018276895385737069,76.0,False,,,False,False,,False,,,False,False,,False,,,False,False,
NTRA,264.5799865722656,264.5799865722656,0.0,0.0,False,,,False,False,,False,,,False,False,,False,,,False,False,
NTRA,268.7300109863281,269.30999755859375,0.0021582500969536955,0.0,False,,,False,False,,False,,,False,False,,False,,,False,False,
NTRA,263.8500061035156,263.67498779296875,-0.0006633250198910812,0.0,False,,,False,False,,False,,,False,False,,False,,,False,False,
NTRA,264.6600036621094,265.3800048828125,0.0027204761231029995,0.0,False,,,False,False,,False,,,False,False,,False,,,False,False,
NTRA,263.69500732421875,263.7699890136719,0.00028435005354854326,0.0,False,,,False,False,,False,,,False,False,,False,,,False,False,
NTRA,264.32000732421875,264.7099914550781,0.0014754241830094994,0.0,False,,,False,False,,False,,,False,False,,False,,,False,False,
NTRA,264.7900085449219,264.8900146484375,0.0003776808047448732,0.0,False,,,False,False,,False,,,False,False,,False,,,False,False,
NTRA,266.19000244140625,266.3299865722656,0.00052588049729696,0.0,False,,,False,False,,False,,,False,False,,False,,,False,False,
NTRA,270.3699951171875,270.8349914550781,0.001719851855932042,0.0,False,,,False,False,,False,,,False,False,,False,,,False,False,
NTRA,266.2900085449219,266.2099914550781,-0.00030048851731612203,0.0,False,,,False,False,,False,,,False,False,,False,,,False,False,
NTRA,264.2900085449219,264.32000732421875,0.00011350705031198949,0.0,False,,,False,False,,False,,,False,False,,False,,,False,False,
NTRA,264.22,265.8599853515625,0.006206893314520068,24.0,False,,,False,False,,False,,,False,False,,False,,,False,False,
NTRA,266.510009765625,265.80999755859375,-0.0026265888010992278,0.0,False,,,False,False,,False,,,False,False,,False,,,False,False,
NTRA,262.7908020019531,262.6449890136719,-0.0005548633634451239,0.0,False,,,False,False,,False,,,False,False,,False,,,False,False,
NTRA,271.5299987792969,272.1405029296875,0.0022483856411270597,0.0,False,,,False,False,,False,,,False,False,,False,,,False,False,
NTRA,262.69000244140625,263.3500061035156,0.002512481084073981,0.0,False,,,False,False,,False,,,False,False,,False,,,False,False,
NTRA,260.260009765625,260.2550048828125,-1.92303182383613e-05,0.0,False,,,False,False,,False,,,False,False,,False,,,False,False,
NTST,22.0,22.0,0.0,0.0,False,,,False,False,,False,,,False,False,,False,,,False,False,
NTST,21.639999389648438,21.635000228881836,-0.00023101482937160078,0.0,False,,,False,False,,False,,,False,False,,False,,,False,False,
NTST,21.979999542236328,21.979999542236328,0.0,0.0,False,,,False,False,,False,,,False,False,,False,,,False,False,
NTST,21.53499984741211,21.540000915527344,0.00023222977249459653,0.0,False,,,False,False,,False,,,False,False,,False,,,False,False,
NUAI,4.269999980926514,4.289999961853027,0.004683836303478017,0.0,True,14336.0,0.04683836303478017,False,True,10016.0,True,14536.0,0.023419181517390086,False,False,,False,,,False,False,
NUAI,4.355000019073486,4.449999809265137,0.02181395861666635,1038.0,True,2595.0,0.2181395861666635,False,True,12928.0,False,,,False,False,,False,,,False,False,
NUAI,4.505000114440918,4.53000020980835,0.005549410595416582,0.0,True,6935.0,0.05549410595416582,False,True,1210.0,True,8270.0,0.02774705297708291,False,False,,False,,,False,False,
NUAI,4.429999828338623,4.420000076293945,-0.0022572804587280837,0.0,True,6926.0,-0.022572804587280837,False,True,1389.0,True,8346.0,-0.011286402293640418,False,False,,False,,,False,False,
NUAI,4.175000190734863,4.179999828338623,0.0011975179342158526,0.0,True,8302.0,0.011975179342158526,False,True,3989.0,True,8412.0,0.005987589671079263,False,False,,True,11189.0,0.0023950358684317052,False,False,
NUE,237.16000366210938,237.27000427246094,0.00046382445881687495,0.0,True,17153.0,0.0046382445881687495,False,False,,False,,,False,False,,False,,,False,False,
NUE,235.0,235.02000427246094,8.512456366349674e-05,0.0,True,18647.0,0.0008512456366349674,False,False,,False,,,False,False,,False,,,False,False,
NUE,233.0,236.7899932861328,0.016266065605720303,1022.0,False,,,False,False,,False,,,False,False,,False,,,False,False,
NUTX,163.69479370117188,164.84640502929688,0.007035112736861304,0.0,False,,,False,True,11482.0,False,,,False,False,,False,,,False,False,
NUVB,5.989999771118164,6.025000095367432,0.005843126141344301,0.0,True,15636.0,0.058431261413443014,False,True,9816.0,False,,,False,False,,False,,,False,False,
NUVB,6.66,6.710000038146973,0.007507513235281094,329.0,False,,,False,False,,False,,,False,False,,False,,,False,False,
NUWE,3.2799999713897705,3.2799999713897705,0.0,0.0,True,21532.0,0.0,False,True,263.0,True,21532.0,0.0,False,True,11452.0,True,21532.0,0.0,False,False,
NUWE,2.9800000190734863,2.8450000286102295,-0.04530200993261391,0.0,True,7420.0,-0.45302009932613907,False,True,20023.0,True,30103.0,-0.22651004966306953,False,True,20208.0,True,30103.0,-0.09060401986522781,False,False,
NVA,4.619999885559082,4.690000057220459,0.015151552682972858,0.0,False,,,False,True,10222.0,False,,,False,False,,False,,,False,False,
NVA,4.710000038146973,4.71999979019165,0.002123089588893512,0.0,False,,,False,True,10188.0,False,,,False,False,,False,,,False,False,
NVA,4.940000057220459,4.945000171661377,0.0010121689034414683,0.0,False,,,False,True,3200.0,False,,,False,False,,False,,,False,False,
NVA,4.175000190734863,4.190000057220459,0.003592782227623159,0.0,True,1453.0,0.03592782227623159,False,False,,False,,,False,False,,False,,,False,False,
NVA,4.414999961853027,4.369999885559082,-0.010192542850002262,0.0,True,5890.0,-0.10192542850002262,False,False,,False,,,False,False,,False,,,False,False,
NVCR,16.010000228881836,16.014999389648438,0.00031225238570464775,0.0,True,14047.0,0.0031225238570464775,False,False,,True,14048.0,0.0015612619285232388,False,False,,False,,,False,False,
NVCR,16.270000457763672,16.270000457763672,0.0,0.0,True,18675.0,0.0,False,False,,True,18677.0,0.0,False,False,,False,,,False,False,
NVCR,17.889999389648438,17.899999618530273,0.0005589843053668275,0.0,True,21527.0,0.005589843053668275,False,True,7122.0,False,,,False,False,,False,,,False,False,
NVDA,196.5189,195.41000366210938,-0.005642695628209959,150.0,False,,,False,False,,False,,,False,False,,False,,,False,False,
NVDA,207.97999572753906,208.05499267578125,0.00036059693135315207,0.0,False,,,False,False,,False,,,False,False,,False,,,False,False,
NVDA,206.47999572753906,206.5800018310547,0.0004843379774550627,0.0,False,,,False,False,,False,,,False,False,,False,,,False,False,
NVEC,134.0,134.1699981689453,0.0012686430518307201,870.0,False,,,False,True,919.0,False,,,False,False,,False,,,False,False,
NVEC,88.1500015258789,88.37999725341797,0.002609140369345786,0.0,True,2645.0,0.02609140369345786,False,False,,True,2645.0,0.01304570184672893,False,False,,True,2792.0,0.005218280738691572,False,False,
NVEC,90.94999694824219,90.86000061035156,-0.0009895144685033719,0.0,True,12871.0,-0.009895144685033719,False,False,,True,12872.0,-0.004947572342516859,False,False,,False,,,False,False,
NVR,6448.669921875,6448.43994140625,-3.566324087544981e-05,0.0,False,,,False,False,,False,,,False,False,,False,,,False,False,
NVTS,11.795000076293945,11.811699867248535,0.0014158364431173798,0.0,True,2629.0,0.014158364431173798,False,False,,False,,,False,False,,False,,,False,False,
NVTS,12.65999984741211,12.229999542236328,-0.033965269380605845,77.0,False,,,False,True,1533.0,False,,,False,True,7277.0,False,,,False,False,
NVTS,12.489999771118164,12.460000038146973,-0.0024019002018368374,0.0,False,,,False,True,1435.0,False,,,False,True,7172.0,False,,,False,False,
NVTS,13.069999694824219,13.135000228881836,0.004973262094516873,0.0,False,,,False,True,1518.0,False,,,False,False,,False,,,False,False,
NVVE,16.860000610351562,16.6299991607666,-0.013641841118543385,0.0,True,38.0,-0.13641841118543385,False,True,138.0,True,40.0,-0.06820920559271693,False,True,4106.0,True,2703.0,-0.02728368223708677,False,True,4122.0
NVVE,8.470000267028809,7.099899768829346,-0.16175920366057794,909.0,True,941.0,-1.6175920366057794,False,True,909.0,True,941.0,-0.8087960183028897,False,True,910.0,False,,,False,True,9805.0
NVVE,15.6850004196167,15.574999809265137,-0.007013108537376134,0.0,True,126.0,-0.07013108537376134,False,True,2792.0,True,1352.0,-0.03506554268688067,False,True,2792.0,True,1375.0,-0.014026217074752267,False,True,2809.0
NVVE,8.6899995803833,8.6899995803833,0.0,0.0,True,61.0,0.0,False,True,9842.0,True,1191.0,0.0,False,True,11266.0,True,1206.0,0.0,False,False,
NVVE,11.574999809265137,11.639800071716309,0.005598294904445966,0.0,True,13.0,0.05598294904445966,False,True,4296.0,True,43.0,0.02799147452222983,False,True,4302.0,True,115.0,0.011196589808891932,False,False,
NVVE,8.479999542236328,8.04990005493164,-0.05071928190119479,959.0,True,1275.0,-0.5071928190119479,False,True,960.0,True,2399.0,-0.25359640950597395,False,False,,True,2420.0,-0.10143856380238958,False,False,
NVVE,13.859999656677246,13.849900245666504,-0.0007286732511481153,0.0,True,42.0,-0.007286732511481153,False,True,133.0,True,4228.0,-0.0036433662557405766,False,True,8407.0,True,6974.0,-0.0014573465022962306,False,True,9845.0
NWBI,15.875,15.875,0.0,0.0,False,,,False,False,,False,,,False,False,,False,,,False,False,
NWBI,14.8100004196167,14.8149995803833,0.00033755304692495436,0.0,False,,,False,False,,False,,,False,False,,False,,,False,False,
NWBO,0.18310000002384186,0.18310000002384186,0.0,0.0,False,,,False,True,12833.0,False,,,False,True,14259.0,False,,,False,False,
NXGL,0.5450000166893005,0.5485000014305115,0.006421990154187984,1040.0,False,,,False,True,8548.0,False,,,False,True,12878.0,False,,,False,False,
NXGL,0.45669999718666077,0.45899999141693115,0.00503611614722721,0.0,False,,,False,True,12631.0,False,,,False,False,,False,,,False,False,
NXTC,6.578999996185303,5.590000152587891,-0.15032677369978165,68.0,False,,,False,True,68.0,False,,,False,True,7477.0,False,,,False,False,
NYC,8.569999694824219,8.670000076293945,0.011668656362977536,0.0,True,29936.0,0.11668656362977536,False,False,,False,,,False,False,,False,,,False,False,
NYC,8.720000267028809,8.760000228881836,0.0045871514481794495,0.0,True,29961.0,0.045871514481794495,False,False,,False,,,False,False,,False,,,False,False,
NYC,8.579999923706055,8.699999809265137,0.013986000772276075,0.0,True,29946.0,0.13986000772276075,False,False,,False,,,False,False,,False,,,False,False,
NYC,8.640000343322754,8.699999809265137,0.006944382356275369,0.0,True,29920.0,0.06944382356275369,False,False,,False,,,False,False,,False,,,False,False,
NYC,8.5,8.579999923706055,0.009411755730124094,0.0,True,29944.0,0.09411755730124094,False,False,,False,,,False,False,,False,,,False,False,
NYC,8.680000305175781,8.600000381469727,-0.009216580748084957,0.0,True,29964.0,-0.09216580748084957,False,False,,False,,,False,False,,False,,,False,False,
NYC,8.640000343322754,8.760000228881836,0.013888875091518038,0.0,True,29951.0,0.13888875091518038,False,False,,False,,,False,False,,False,,,False,False,
OBK,51.04010009765625,51.09510040283203,0.0010775900727182375,0.0,False,,,False,False,,False,,,False,False,,False,,,False,False,
OBK,50.85499954223633,50.900001525878906,0.000884907758286424,0.0,False,,,False,False,,False,,,False,False,,False,,,False,False,
OBK,51.34000015258789,51.290000915527344,-0.0009738846301508008,0.0,False,,,False,False,,False,,,False,False,,False,,,False,False,
OBT,36.59000015258789,36.689998626708984,0.002732945441488832,0.0,False,,,False,False,,False,,,False,False,,False,,,False,False,
OBT,37.11000061035156,37.400001525878906,0.007814629769810733,0.0,False,,,False,False,,False,,,False,False,,False,,,False,False,
OBT,37.779998779296875,37.790000915527344,0.00026474686483979326,0.0,False,,,False,False,,False,,,False,False,,False,,,False,False,
OBT,37.7599983215332,37.54999923706055,-0.005561416679219056,0.0,False,,,False,False,,False,,,False,False,,False,,,False,False,
OBT,37.30500030517578,36.94990158081055,-0.009518796983254973,0.0,False,,,False,False,,False,,,False,False,,False,,,False,False,
OBT,37.21,37.84000015258789,0.016930936645737527,0.0,False,,,False,False,,False,,,False,False,,False,,,False,False,
OBT,37.70000076293945,37.70000076293945,0.0,0.0,False,,,False,False,,False,,,False,False,,False,,,False,False,
OBT,38.59000015258789,38.47999954223633,-0.0028504952038510556,0.0,False,,,False,False,,False,,,False,False,,False,,,False,False,
OBT,37.21500015258789,37.32680130004883,0.003004195808209875,0.0,False,,,False,False,,False,,,False,False,,False,,,False,False,
OBT,37.0,37.040000915527344,0.0010811058250632666,0.0,False,,,False,False,,False,,,False,False,,False,,,False,False,
OBT,38.255001068115234,38.22999954223633,-0.0006535492139809751,0.0,False,,,False,False,,False,,,False,False,,False,,,False,False,
OBT,38.66999816894531,38.650001525878906,-0.0005171100081009516,0.0,False,,,False,False,,False,,,False,False,,False,,,False,False,
OBT,37.279998779296875,37.29999923706055,0.0005364929833306942,0.0,False,,,False,False,,False,,,False,False,,False,,,False,False,
OCGN,1.4450000524520874,1.4500000476837158,0.003460204186943594,0.0,False,,,False,True,8379.0,False,,,False,False,,False,,,False,False,
OCGN,1.4249999523162842,1.4249999523162842,0.0,0.0,False,,,False,True,10110.0,False,,,False,False,,False,,,False,False,
ODFL,215.9600067138672,216.13999938964844,0.0008334537422927113,0.0,True,14208.0,0.008334537422927113,False,False,,False,,,False,False,,False,,,False,False,
OFG,50.125,50.09000015258789,-0.000698251319942278,0.0,False,,,False,False,,False,,,False,False,,False,,,False,False,
OFG,49.70500183105469,49.80500030517578,0.0020118392603822866,0.0,False,,,False,False,,False,,,False,False,,False,,,False,False,
OFG,49.35,50.119998931884766,0.015602815235760126,274.0,False,,,False,False,,False,,,False,False,,False,,,False,False,
OGE,49.45000076293945,49.45000076293945,0.0,0.0,False,,,False,False,,False,,,False,False,,False,,,False,False,
OGE,49.994998931884766,49.994998931884766,0.0,0.0,False,,,False,False,,False,,,False,False,,False,,,False,False,
OGEN,0.5896999835968018,0.5879999995231628,-0.0028827948464066333,3853.0,False,,,False,True,15373.0,False,,,False,False,,False,,,False,False,
OGEN,0.574999988079071,0.573324978351593,-0.002913060456007699,0.0,False,,,False,True,12854.0,False,,,False,False,,False,,,False,False,
OGEN,0.5733000040054321,0.5724999904632568,-0.0013954535785555278,0.0,False,,,False,True,12848.0,False,,,False,False,,False,,,False,False,
OGN,13.545000076293945,13.545000076293945,0.0,0.0,False,,,False,False,,False,,,False,False,,False,,,False,False,
OGN,13.494999885559082,13.489999771118164,-0.0003705160787936812,0.0,False,,,False,False,,False,,,False,False,,False,,,False,False,
OGN,13.524999618530273,13.524999618530273,0.0,0.0,False,,,False,False,,False,,,False,False,,False,,,False,False,
OGS,79.73500061035156,79.69999694824219,-0.00043899996038665456,0.0,False,,,False,False,,False,,,False,False,,False,,,False,False,
OGS,81.26000213623047,81.29000091552734,0.0003691702991415191,0.0,False,,,False,False,,False,,,False,False,,False,,,False,False,
OGS,78.69999694824219,78.69999694824219,0.0,0.0,False,,,False,False,,False,,,False,False,,False,,,False,False,
OI,8.94,8.994999885559082,0.006152112478644556,315.0,False,,,False,True,7515.0,False,,,False,False,,False,,,False,False,
OI,8.524999618530273,8.529999732971191,0.0005865237143294344,0.0,True,1479.0,0.005865237143294344,False,False,,False,,,False,False,,False,,,False,False,
OII,40.904998779296875,40.86000061035156,-0.00110006528023876,0.0,True,17302.0,-0.0110006528023876,False,False,,True,19910.0,-0.0055003264011938,False,False,,False,,,False,False,
OII,39.560001373291016,39.564998626708984,0.00012632086057862146,0.0,True,9754.0,0.0012632086057862146,False,False,,False,,,False,False,,False,,,False,False,
OII,42.349998474121094,42.310001373291016,-0.0009444416120704124,0.0,True,9812.0,-0.009444416120704124,False,False,,True,9821.0,-0.004722208060352062,False,False,,False,,,False,False,
OII,53.5,53.400001525878906,-0.0018691303574036588,0.0,False,,,False,True,1583.0,False,,,False,False,,False,,,False,False,
OIS,8.335000038146973,8.324999809265137,-0.001199787502827565,0.0,False,,,False,False,,False,,,False,False,,False,,,False,False,
OIS,8.479999542236328,8.489999771118164,0.001179272337460402,0.0,False,,,False,False,,False,,,False,False,,False,,,False,False,
OIS,8.25,8.350000381469727,0.012121258359966802,39.0,False,,,False,True,13000.0,False,,,False,False,,False,,,False,False,
OKLO,45.52,44.35960006713867,-0.025492089913473848,818.0,False,,,False,True,2258.0,False,,,False,False,,False,,,False,False,
OKLO,41.72,40.86000061035156,-0.020613599943634653,246.0,True,7451.0,-0.20613599943634653,False,False,,False,,,False,False,,False,,,False,False,
OKLO,41.72,40.86000061035156,-0.020613599943634653,88.0,True,7293.0,-0.20613599943634653,False,False,,False,,,False,False,,False,,,False,False,
OLOX,5.5,5.199999809265137,-0.05454548922452063,321.0,True,13582.0,-0.5454548922452063,False,True,321.0,False,,,False,False,,False,,,False,False,
OMER,9.260000228881836,9.274999618530273,0.0016198044576343218,0.0,True,5416.0,0.016198044576343218,False,False,,False,,,False,False,,False,,,False,False,
OMER,10.539999961853027,10.539999961853027,0.0,0.0,True,18527.0,0.0,False,True,2764.0,False,,,False,False,,False,,,False,False,
OMER,10.220000267028809,10.220000267028809,0.0,0.0,False,,,False,True,10244.0,False,,,False,False,,False,,,False,False,
OMER,10.920000076293945,10.9399995803833,0.0018314564056434168,0.0,False,,,False,False,,False,,,False,False,,False,,,False,False,
OMER,9.859999656677246,9.869999885559082,0.0010142220314444117,0.0,True,5735.0,0.010142220314444117,False,False,,True,8948.0,0.0050711101572220585,False,False,,False,,,False,False,
OMEX,0.6930000185966492,0.6930999755859375,0.00014423807591046334,0.0,True,21294.0,0.0014423807591046334,False,False,,False,,,False,False,,False,,,False,False,
ONB,26.485000610351562,26.485000610351562,0.0,0.0,False,,,False,False,,False,,,False,False,,False,,,False,False,
ONB,27.2450008392334,27.2549991607666,0.00036697820610109844,0.0,False,,,False,False,,False,,,False,False,,False,,,False,False,
ONB,26.424999237060547,26.425500869750977,1.898326224836211e-05,0.0,False,,,False,False,,False,,,False,False,,False,,,False,False,
ONB,26.114999771118164,26.15999984741211,0.0017231505528754187,0.0,False,,,False,False,,False,,,False,False,,False,,,False,False,
ONB,26.405000686645508,26.399999618530273,-0.00018939852244592714,0.0,False,,,False,False,,False,,,False,False,,False,,,False,False,
ONB,26.184999465942383,26.21500015258789,0.001145720345899992,0.0,False,,,False,False,,False,,,False,False,,False,,,False,False,
ONCY,0.8276,0.823199987411499,-0.005316593267884251,32.0,False,,,False,False,,False,,,False,False,,False,,,False,False,
ONCY,0.8215000033378601,0.8295000195503235,0.009738303323138409,0.0,False,,,False,False,,False,,,False,False,,False,,,False,False,
ONCY,0.8364999890327454,0.8422999978065491,0.0069336627015503804,0.0,True,3117.0,0.0693366270155038,False,False,,True,8497.0,0.0346683135077519,False,False,,False,,,False,False,
ONCY,0.8309999704360962,0.8313999772071838,0.0004813559390113298,0.0,False,,,False,True,11379.0,False,,,False,False,,False,,,False,False,
ONDS,7.75,7.760000228881836,0.0012903521137852536,0.0,False,,,False,False,,False,,,False,False,,False,,,False,False,
ONDS,7.92,7.869999885559082,-0.006313145762742112,216.0,False,,,False,True,361.0,False,,,False,False,,False,,,False,False,
ONDS,7.409999847412109,7.559999942779541,0.020242928266701377,5253.0,False,,,False,False,,False,,,False,False,,False,,,False,False,
ONDS,7.855000019073486,7.869999885559082,0.0019095947102703015,0.0,False,,,False,False,,False,,,False,False,,False,,,False,False,
ONDS,7.349999904632568,7.409999847412109,0.008163257626945475,330.0,False,,,False,True,1854.0,False,,,False,False,,False,,,False,False,
OPAL,2.009999990463257,2.009999990463257,0.0,0.0,True,9003.0,0.0,False,False,,True,10131.0,0.0,False,False,,False,,,False,False,
OPBK,15.039999961853027,15.039999961853027,0.0,0.0,True,18588.0,0.0,False,False,,False,,,False,False,,False,,,False,False,
OPK,1.1799999475479126,1.184999942779541,0.004237284282951448,0.0,True,6859.0,0.04237284282951448,False,False,,True,6859.0,0.02118642141475724,False,False,,False,,,False,False,
OPK,1.1950000524520874,1.1994999647140503,0.0037656167903334925,0.0,True,20031.0,0.037656167903334925,False,False,,True,20031.0,0.018828083951667463,False,False,,False,,,False,False,
OPK,1.4801000356674194,1.4850000143051147,0.003310572609699136,0.0,False,,,False,True,8592.0,False,,,False,True,12944.0,False,,,False,False,
OPK,1.350000023841858,1.350000023841858,0.0,3833.0,False,,,False,True,5282.0,False,,,False,False,,False,,,False,False,
OPRT,6.45,6.309999942779541,-0.021705435227978187,937.0,False,,,False,True,6708.0,False,,,False,False,,False,,,False,False,
OPRT,6.090000152587891,6.090000152587891,0.0,0.0,False,,,False,True,9863.0,False,,,False,False,,False,,,False,False,
OPRT,5.724999904632568,5.730000019073486,0.0008733824496436338,0.0,True,1454.0,0.008733824496436338,False,False,,False,,,False,False,,False,,,False,False,
OPTT,0.19629999995231628,0.1962900012731552,-5.093570638559086e-05,0.0,False,,,False,True,9808.0,False,,,False,True,9826.0,False,,,False,False,
OPTT,0.2508000135421753,0.25,-0.003189846487152481,0.0,False,,,False,True,2964.0,False,,,False,True,8771.0,False,,,False,False,
OPTT,0.19670000672340393,0.19709999859333038,0.0020335122331180955,0.0,False,,,False,True,10020.0,False,,,False,True,10040.0,False,,,False,False,
OPTT,0.22499999403953552,0.22499999403953552,0.0,0.0,False,,,False,True,5743.0,False,,,False,False,,False,,,False,False,
OPTU,1.0199999809265137,1.0199999809265137,0.0,0.0,False,,,False,True,1681.0,False,,,False,True,8782.0,False,,,False,False,
OPTU,0.7483999729156494,0.7494000196456909,0.0013362463471844332,0.0,False,,,False,False,,False,,,False,False,,False,,,False,False,
ORBS,0.7132999897003174,0.7135999798774719,0.0004205666360383997,0.0,False,,,False,True,8356.0,False,,,False,False,,False,,,False,False,
ORBS,0.6215999722480774,0.6216999888420105,0.00016090186357531344,0.0,False,,,False,False,,False,,,False,False,,False,,,False,False,
ORBS,0.5766000151634216,0.5873000025749207,0.018557036299186258,78.0,True,1854.0,0.18557036299186258,False,False,,False,,,False,False,,False,,,False,False,
ORC,6.77,6.820000171661377,0.0073855497284160965,890.0,False,,,False,False,,False,,,False,False,,False,,,False,False,
ORC,6.71,6.775000095367432,0.009687048489930294,969.0,False,,,False,False,,False,,,False,False,,False,,,False,False,
ORC,6.954999923706055,6.960000038146973,0.0007189237233311552,0.0,False,,,False,False,,False,,,False,False,,False,,,False,False,
ORC,6.90500020980835,6.90500020980835,0.0,0.0,False,,,False,False,,False,,,False,False,,False,,,False,False,
ORI,41.48500061035156,41.4900016784668,0.00012055123639043153,0.0,False,,,False,False,,False,,,False,False,,False,,,False,False,
ORI,41.41999816894531,41.400001525878906,-0.0004827774975952881,0.0,False,,,False,False,,False,,,False,False,,False,,,False,False,
ORLY,85.92500305175781,86.11000061035156,0.0021530119525547953,0.0,False,,,False,False,,False,,,False,False,,False,,,False,False,
ORLY,83.91999816894531,83.9800033569336,0.0007150284711336941,0.0,False,,,False,False,,False,,,False,False,,False,,,False,False,
ORRF,40.70500183105469,40.70500183105469,0.0,0.0,False,,,False,False,,False,,,False,False,,False,,,False,False,
ORRF,41.119998931884766,41.130001068115234,0.0002432426189269421,0.0,False,,,False,False,,False,,,False,False,,False,,,False,False,
ORRF,40.709999084472656,40.81999969482422,0.0027020538645385894,326.0,False,,,False,False,,False,,,False,False,,False,,,False,False,
OSBC,24.06999969482422,24.059999465942383,-0.0004154644374169125,0.0,False,,,False,False,,False,,,False,False,,False,,,False,False,
OSBC,23.1200008392334,23.125,0.0002162266689074155,0.0,True,20173.0,0.002162266689074155,False,False,,False,,,False,False,,False,,,False,False,
OSBC,23.860000610351562,23.885000228881836,0.0010477626945000207,0.0,False,,,False,False,,False,,,False,False,,False,,,False,False,
OSBC,25.06719970703125,25.065000534057617,-8.773109877990848e-05,0.0,False,,,False,False,,False,,,False,False,,False,,,False,False,
OSBC,23.75,23.760000228881836,0.00042106226870886054,0.0,False,,,False,False,,False,,,False,False,,False,,,False,False,
OSBC,23.1200008392334,23.1200008392334,0.0,0.0,True,22752.0,0.0,False,False,,False,,,False,False,,False,,,False,False,
OSBC,22.950000762939453,22.940000534057617,-0.00043573980607380935,0.0,True,28506.0,-0.0043573980607380935,False,False,,False,,,False,False,,False,,,False,False,
OSBC,23.020000457763672,23.049999237060547,0.0013031615421519316,0.0,True,22706.0,0.013031615421519316,False,False,,False,,,False,False,,False,,,False,False,
OSK,140.8000030517578,140.94500732421875,0.001029859867315741,0.0,True,3017.0,0.01029859867315741,False,False,,False,,,False,False,,False,,,False,False,
OSK,146.9600067138672,147.26499938964844,0.002075344732224149,0.0,False,,,False,False,,False,,,False,False,,False,,,False,False,
OSK,143.5399932861328,143.47999572753906,-0.00041798496168343746,0.0,True,24473.0,-0.004179849616834375,False,False,,False,,,False,False,,False,,,False,False,
OSK,141.61000061035156,141.60499572753906,-3.534272149519069e-05,0.0,False,,,False,False,,False,,,False,False,,False,,,False,False,
OSTX,1.5199999809265137,1.5299999713897705,0.006578941176802688,0.0,False,,,False,False,,False,,,False,False,,False,,,False,False,
OSTX,1.6549999713897705,1.6549999713897705,0.0,0.0,False,,,False,True,9986.0,False,,,False,False,,False,,,False,False,
OSTX,1.5750000476837158,1.5750000476837158,0.0,0.0,False,,,False,False,,False,,,False,False,,False,,,False,False,
OSTX,1.53,1.5299999713897705,-1.8699496395768733e-08,994.0,False,,,False,False,,False,,,False,False,,False,,,False,False,
OTEX,23.575000762939453,23.559999465942383,-0.0006363222274271552,0.0,False,,,False,False,,False,,,False,False,,False,,,False,False,
OTLK,1.4450000524520874,1.4500000476837158,0.003460204186943594,166.0,True,3090.0,0.03460204186943594,False,True,190.0,True,4491.0,0.01730102093471797,False,False,,False,,,False,False,
OTLK,0.85589998960495,0.8600000143051147,0.004790308155111944,0.0,True,1154.0,0.04790308155111944,False,False,,True,1160.0,0.02395154077555972,False,False,,False,,,False,False,
OTLK,0.8970999717712402,0.9100000262260437,0.014379728971937844,328.0,True,337.0,0.14379728971937844,False,False,,True,341.0,0.07189864485968922,False,False,,False,,,False,False,
OTLK,1.4504,1.4299999475479126,-0.014065121657534041,330.0,True,374.0,-0.1406512165753404,False,False,,True,1775.0,-0.0703256082876702,False,False,,False,,,False,False,
OTLK,1.725000023841858,1.7350000143051147,0.005797095840604838,0.0,False,,,False,True,2654.0,False,,,False,True,4094.0,False,,,False,False,
OTLK,1.7200000286102295,1.725000023841858,0.002906973923522793,0.0,False,,,False,True,2688.0,False,,,False,True,4128.0,False,,,False,False,
OTLK,1.7300000190734863,1.7300000190734863,0.0,0.0,False,,,False,True,1634.0,False,,,False,True,4130.0,False,,,False,False,
OTLK,1.440000057220459,1.4450000524520874,0.0034722187728795095,0.0,True,8388.0,0.034722187728795095,False,False,,True,9789.0,0.017361093864397548,False,False,,False,,,False,False,
OUST,34.7599983215332,34.75,-0.00028763872312986827,0.0,True,1098.0,-0.0028763872312986827,False,True,11174.0,False,,,False,False,,False,,,False,False,
OUST,37.04,37.650001525878906,0.01646872370083452,134.0,True,1963.0,0.1646872370083452,False,True,10281.0,False,,,False,False,,False,,,False,False,
OVBC,43.47999954223633,43.540000915527344,0.0013799764011663829,0.0,False,,,False,False,,False,,,False,False,,False,,,False,False,
OVBC,44.540000915527344,44.79999923706055,0.005837411679139981,0.0,False,,,False,False,,False,,,False,False,,False,,,False,False,
OVID,2.2899999618530273,2.2899999618530273,0.0,0.0,False,,,False,False,,False,,,False,False,,False,,,False,False,
OVID,2.494999885559082,2.5,0.0020040539760575182,0.0,False,,,False,True,18671.0,False,,,False,False,,False,,,False,False,
OVID,2.390000104904175,2.375,-0.006276194245094513,0.0,False,,,False,False,,False,,,False,False,,False,,,False,False,
OVID,2.4000000953674316,2.4000000953674316,0.0,0.0,False,,,False,False,,False,,,False,False,,False,,,False,False,
OVV,56.51,57.099998474121094,0.010440602975068103,59.0,True,13020.0,0.10440602975068103,False,False,,False,,,False,False,,False,,,False,False,
OVV,55.15999984741211,55.18000030517578,0.00036258988069248765,0.0,True,17276.0,0.0036258988069248765,False,False,,False,,,False,False,,False,,,False,False,
OWLT,6.449999809265137,6.449999809265137,0.0,0.0,False,,,False,True,3113.0,False,,,False,True,12917.0,False,,,False,False,
OXY,56.5,57.66999816894531,0.020707932193722245,64.0,False,,,False,False,,False,,,False,False,,False,,,False,False,
PACB,1.375,1.3700000047683716,-0.0036363601684570312,0.0,False,,,False,False,,False,,,False,False,,False,,,False,False,
PAG,198.36500549316406,198.3699951171875,2.515375134359843e-05,0.0,True,10033.0,0.0002515375134359843,False,False,,False,,,False,False,,False,,,False,False,
PAG,192.6824951171875,192.6699981689453,-6.485772480047114e-05,0.0,True,11210.0,-0.0006485772480047114,False,False,,False,,,False,False,,False,,,False,False,
PAG,193.93499755859375,193.69000244140625,-0.0012632847101951006,0.0,True,12718.0,-0.012632847101951006,False,False,,False,,,False,False,,False,,,False,False,
PAG,204.97999572753906,205.19500732421875,0.0010489394143879949,0.0,True,18687.0,0.010489394143879949,False,False,,False,,,False,False,,False,,,False,False,
PAYC,149.71,145.38499450683594,-0.028889222451166097,320.0,True,11840.0,-0.28889222451166097,False,False,,False,,,False,False,,False,,,False,False,
PAYC,137.52499389648438,137.52000427246094,-3.6281579675612186e-05,0.0,True,11476.0,-0.00036281579675612186,False,False,,False,,,False,False,,False,,,False,False,
PAYC,161.72,164.72000122070312,0.018550588799796763,24.0,False,,,False,False,,False,,,False,False,,False,,,False,False,
PAYC,142.2100067138672,142.66000366210938,0.0031643128260840925,0.0,True,8633.0,0.031643128260840925,False,False,,True,10136.0,0.015821564130420462,False,False,,False,,,False,False,
PAYC,145.35,149.25,0.026831785345717174,150.0,True,1597.0,0.26831785345717174,False,False,,False,,,False,False,,False,,,False,False,
PAYX,109.19999694824219,109.16999816894531,-0.00027471410380253136,0.0,False,,,False,False,,False,,,False,False,,False,,,False,False,
PAYX,113.56999969482422,113.57,2.6871160851982268e-09,0.0,False,,,False,False,,False,,,False,False,,False,,,False,False,
PAYX,109.33499908447266,109.37000274658203,0.00032015056845913215,0.0,False,,,False,False,,False,,,False,False,,False,,,False,False,
PAYX,105.38999938964844,107.9800033569336,0.024575424445249183,3.0,True,14403.0,0.24575424445249183,False,False,,False,,,False,False,,False,,,False,False,
PAYX,105.38999938964844,107.9800033569336,0.024575424445249183,45.0,True,14445.0,0.24575424445249183,False,False,,False,,,False,False,,False,,,False,False,
PAYX,119.31999969482422,119.33000183105469,8.382615031887752e-05,0.0,False,,,False,False,,False,,,False,False,,False,,,False,False,
PAYX,106.70999908447266,106.72000122070312,9.373194936079798e-05,0.0,True,12599.0,0.0009373194936079798,False,False,,False,,,False,False,,False,,,False,False,
PAYX,106.87000274658203,106.86000061035156,-9.359161573319064e-05,0.0,True,9828.0,-0.0009359161573319064,False,False,,False,,,False,False,,False,,,False,False,
PAYX,119.38500213623047,119.44999694824219,0.0005444135431480479,0.0,False,,,False,False,,False,,,False,False,,False,,,False,False,
PAYX,118.98999786376953,119.0,8.405863022131754e-05,0.0,False,,,False,False,,False,,,False,False,,False,,,False,False,
PAYX,119.16000366210938,119.18000030517578,0.00016781338076410357,0.0,False,,,False,False,,False,,,False,False,,False,,,False,False,
PAYX,115.69000244140625,115.72000122070312,0.000259303126145749,0.0,False,,,False,False,,False,,,False,False,,False,,,False,False,
PAYX,115.71499633789062,115.66999816894531,-0.0003888706768301331,0.0,False,,,False,False,,False,,,False,False,,False,,,False,False,
PAYX,105.38999938964844,107.9800033569336,0.024575424445249183,1031.0,True,15431.0,0.24575424445249183,False,False,,False,,,False,False,,False,,,False,False,
PAYX,110.04000091552734,110.06500244140625,0.00022720397738007492,0.0,True,8321.0,0.002272039773800749,False,False,,False,,,False,False,,False,,,False,False,
PAYX,119.19999694824219,119.19999694824219,0.0,0.0,False,,,False,False,,False,,,False,False,,False,,,False,False,
PAYX,106.04000091552734,106.11000061035156,0.0006601253698590437,0.0,True,11144.0,0.006601253698590437,False,False,,False,,,False,False,,False,,,False,False,
PAYX,109.56999969482422,109.54499816894531,-0.00022817857030699162,0.0,False,,,False,False,,False,,,False,False,,False,,,False,False,
PAYX,106.43000030517578,106.41999816894531,-9.397854178139209e-05,0.0,True,11284.0,-0.0009397854178139209,False,False,,False,,,False,False,,False,,,False,False,
PB,71.20999908447266,71.19999694824219,-0.00014045971575715743,0.0,False,,,False,False,,False,,,False,False,,False,,,False,False,
PB,73.0,73.01000213623047,0.00013701556480083532,0.0,False,,,False,False,,False,,,False,False,,False,,,False,False,
PB,72.11000061035156,72.18000030517578,0.0009707349082197503,0.0,False,,,False,False,,False,,,False,False,,False,,,False,False,
PB,73.19999694824219,73.22000122070312,0.00027328242206192677,0.0,False,,,False,False,,False,,,False,False,,False,,,False,False,
PB,73.34500122070312,73.36499786376953,0.00027263811757571865,0.0,False,,,False,False,,False,,,False,False,,False,,,False,False,
PB,71.00140380859375,71.05999755859375,0.0008252477677477277,0.0,False,,,False,False,,False,,,False,False,,False,,,False,False,
PBH,50.939998626708984,50.939998626708984,0.0,0.0,False,,,False,False,,False,,,False,False,,False,,,False,False,
PBH,49.67499923706055,49.70500183105469,0.0006039777444375449,0.0,False,,,False,False,,False,,,False,False,,False,,,False,False,
PBH,48.59000015258789,48.619998931884766,0.0006173858654594522,0.0,False,,,False,False,,False,,,False,False,,False,,,False,False,
PBH,51.84000015258789,51.95000076293945,0.0021219253477582356,0.0,False,,,False,False,,False,,,False,False,,False,,,False,False,
PBI,17.655000686645508,17.670000076293945,0.0008495830679735583,0.0,False,,,False,False,,False,,,False,False,,False,,,False,False,
PBI,18.200000762939453,18.290000915527344,0.00494506312170917,0.0,False,,,False,False,,False,,,False,False,,False,,,False,False,
PBI,18.33,18.290000915527344,-0.002182165001235914,328.0,False,,,False,False,,False,,,False,False,,False,,,False,False,
PBI,18.459999084472656,18.469999313354492,0.0005417242349836648,0.0,False,,,False,False,,False,,,False,False,,False,,,False,False,
PCB,29.93000030517578,30.079999923706055,0.005011681156058545,0.0,False,,,False,False,,False,,,False,False,,False,,,False,False,
PCB,29.440000534057617,29.600000381469727,0.005434777327093299,0.0,False,,,False,False,,False,,,False,False,,False,,,False,False,
PCG,17.389999389648438,17.420000076293945,0.0017251689303316997,0.0,False,,,False,False,,False,,,False,False,,False,,,False,False,
PCG,17.18,17.219999313354492,0.0023282487400753116,862.0,False,,,False,False,,False,,,False,False,,False,,,False,False,
PCG,17.059999465942383,17.065000534057617,0.00029314585414952354,0.0,False,,,False,False,,False,,,False,False,,False,,,False,False,
PCG,17.145000457763672,17.149999618530273,0.00029158125594208606,0.0,False,,,False,False,,False,,,False,False,,False,,,False,False,
PCG,17.165000915527344,17.165000915527344,0.0,0.0,False,,,False,False,,False,,,False,False,,False,,,False,False,
PCG,17.44499969482422,17.44499969482422,0.0,0.0,False,,,False,False,,False,,,False,False,,False,,,False,False,
PCG,17.084999084472656,17.084999084472656,0.0,0.0,False,,,False,False,,False,,,False,False,,False,,,False,False,
PCG,17.385000228881836,17.389999389648438,0.0002875559793376059,0.0,False,,,False,False,,False,,,False,False,,False,,,False,False,
PCOR,44.02000045776367,44.04999923706055,0.0006814806675357055,0.0,False,,,False,False,,False,,,False,False,,False,,,False,False,
PCOR,43.56999969482422,43.540000915527344,-0.0006885191532475243,0.0,False,,,False,False,,False,,,False,False,,False,,,False,False,
PCVX,56.84000015258789,57.02000045776367,0.00316678931549208,0.0,False,,,False,False,,False,,,False,False,,False,,,False,False,
PCVX,57.959999084472656,57.91999816894531,-0.0006901469316630271,0.0,False,,,False,False,,False,,,False,False,,False,,,False,False,
PCVX,54.54999923706055,54.52000045776367,-0.000549931800484682,0.0,False,,,False,False,,False,,,False,False,,False,,,False,False,
PCVX,57.165000915527344,57.310001373291016,0.002536525066761275,0.0,False,,,False,False,,False,,,False,False,,False,,,False,False,
PCVX,56.27000045776367,56.279998779296875,0.00017768476011847945,0.0,False,,,False,False,,False,,,False,False,,False,,,False,False,
PCVX,56.935001373291016,56.959999084472656,0.00043905700498259037,0.0,False,,,False,False,,False,,,False,False,,False,,,False,False,
PCVX,56.279998779296875,56.290000915527344,0.00017772097454527014,0.0,False,,,False,False,,False,,,False,False,,False,,,False,False,
PCVX,56.29999923706055,56.369998931884766,0.001243333850316386,0.0,False,,,False,False,,False,,,False,False,,False,,,False,False,
PCYO,10.949999809265137,10.960000038146973,0.0009132629274910542,0.0,False,,,False,False,,False,,,False,False,,False,,,False,False,
PCYO,10.864999771118164,10.84000015258789,-0.0023009313444007917,0.0,False,,,False,False,,False,,,False,False,,False,,,False,False,
PCYO,10.829999923706055,10.829999923706055,0.0,0.0,False,,,False,False,,False,,,False,False,,False,,,False,False,
PD,10.59000015258789,10.59000015258789,0.0,0.0,False,,,False,False,,False,,,False,False,,False,,,False,False,
PD,10.289999961853027,10.279999732971191,-0.0009718395450833972,0.0,False,,,False,True,17164.0,False,,,False,False,,False,,,False,False,
PD,9.75,9.75,0.0,0.0,True,2936.0,0.0,False,False,,False,,,False,False,,False,,,False,False,
PD,10.04,9.800000190734863,-0.023904363472623147,324.0,True,7588.0,-0.23904363472623147,False,True,19113.0,False,,,False,False,,False,,,False,False,
PD,10.270000457763672,10.279999732971191,0.0009736392173147479,0.0,False,,,False,True,17145.0,False,,,False,False,,False,,,False,False,
PD,8.984999656677246,8.984999656677246,0.0,0.0,True,7236.0,0.0,False,False,,True,10179.0,0.0,False,False,,False,,,False,False,
PD,9.085000038146973,9.085000038146973,0.0,0.0,True,5513.0,0.0,False,False,,False,,,False,False,,False,,,False,False,
PD,8.75,8.734999656677246,-0.0017143249511718528,0.0,True,5785.0,-0.017143249511718528,False,False,,True,8615.0,-0.008571624755859264,False,False,,False,,,False,False,
PD,9.114999771118164,9.114999771118164,0.0,0.0,True,5463.0,0.0,False,False,,False,,,False,False,,False,,,False,False,
PD,8.84000015258789,8.845000267028809,0.0005656237957705201,0.0,True,6940.0,0.005656237957705201,False,False,,True,9739.0,0.0028281189788526007,False,False,,False,,,False,False,
PD,10.194999694824219,10.199999809265137,0.0004904477283560471,0.0,True,7263.0,0.004904477283560471,False,True,18650.0,False,,,False,False,,False,,,False,False,
PDLB,20.200000762939453,20.229999542236328,0.0014850880279129175,0.0,False,,,False,False,,False,,,False,False,,False,,,False,False,
PDM,9.400099754333496,9.399999618530273,-1.0652631976193483e-05,0.0,False,,,False,False,,False,,,False,False,,False,,,False,False,
PDM,9.869999885559082,9.864999771118164,-0.0005065972136669705,0.0,False,,,False,False,,False,,,False,False,,False,,,False,False,
PDYN,4.822700023651123,4.829899787902832,0.00149289074924841,0.0,True,8325.0,0.0149289074924841,False,False,,False,,,False,False,,False,,,False,False,
PEBO,38.0,37.97999954223633,-0.0005263278358861312,0.0,True,28645.0,-0.005263278358861312,False,False,,False,,,False,False,,False,,,False,False,
PEBO,38.0,38.029998779296875,0.0007894415604441374,0.0,True,27067.0,0.007894415604441374,False,False,,False,,,False,False,,False,,,False,False,
PEBO,38.45500183105469,38.45500183105469,0.0,0.0,False,,,False,False,,False,,,False,False,,False,,,False,False,
PEBO,38.79499816894531,38.79499816894531,0.0,0.0,False,,,False,False,,False,,,False,False,,False,,,False,False,
PEBO,38.61000061035156,38.599998474121094,-0.00025905558332950385,0.0,False,,,False,False,,False,,,False,False,,False,,,False,False,
PEBO,38.439998626708984,38.45000076293945,0.0002602012639907336,0.0,True,21690.0,0.0026020126399073362,False,False,,False,,,False,False,,False,,,False,False,
PECO,43.619998931884766,43.630001068115234,0.00022930161566692142,0.0,False,,,False,False,,False,,,False,False,,False,,,False,False,
PECO,42.91999816894531,42.92499923706055,0.00011652069731105108,0.0,False,,,False,False,,False,,,False,False,,False,,,False,False,
PED,12.82,12.90999984741211,0.007020268908900951,41.0,False,,,False,True,9063.0,False,,,False,False,,False,,,False,False,
PED,12.71500015258789,12.539999961853027,-0.013763286561915278,0.0,False,,,False,True,20030.0,False,,,False,False,,False,,,False,False,
PED,12.34000015258789,12.404999732971191,0.005267388944859119,0.0,False,,,False,True,20163.0,False,,,False,False,,False,,,False,False,
PED,12.704999923706055,13.0,0.023219211181852106,0.0,False,,,False,True,20216.0,False,,,False,False,,False,,,False,False,
PED,12.994999885559082,13.25,0.01962294087622829,0.0,False,,,False,True,10388.0,False,,,False,False,,False,,,False,False,
PED,12.82,12.90999984741211,0.007020268908900951,98.0,False,,,False,True,9120.0,False,,,False,False,,False,,,False,False,
PEGA,32.16999816894531,32.22999954223633,0.0018651344950630921,0.0,False,,,False,False,,False,,,False,False,,False,,,False,False,
PEGA,31.610000610351562,31.6200008392334,0.0003163628183722178,0.0,False,,,False,True,18689.0,False,,,False,True,18691.0,False,,,False,False,
PENG,78.41,86.81999969482422,0.10725672356618055,135.0,True,135.0,1.0725672356618055,True,True,7546.0,False,,,False,False,,False,,,False,False,
PENG,77.3,79.48999786376953,0.028331149595983707,145.0,False,,,False,True,1759.0,False,,,False,True,4469.0,False,,,False,False,
PENG,69.91000366210938,69.91000366210938,0.0,0.0,True,3027.0,0.0,False,True,1390.0,True,4270.0,0.0,False,False,,False,,,False,False,
PENG,54.310001373291016,54.4900016784668,0.003314312292842292,0.0,True,2861.0,0.03314312292842292,False,True,11488.0,False,,,False,False,,False,,,False,False,
PENG,79.61000061035156,79.5,-0.0013817436189952348,0.0,False,,,False,True,1392.0,False,,,False,True,5667.0,False,,,False,False,
PENG,78.41,86.81999969482422,0.10725672356618055,898.0,True,898.0,1.0725672356618055,True,True,8309.0,False,,,False,False,,False,,,False,False,
PENG,85.1050033569336,85.20999908447266,0.0012337197978677938,0.0,False,,,False,True,1124.0,False,,,False,True,9776.0,False,,,False,False,
PENG,80.32499694824219,80.66999816894531,0.004295066714106843,0.0,False,,,False,True,1384.0,False,,,False,True,5696.0,False,,,False,False,
PENG,73.62999725341797,73.95999908447266,0.0044818938389865615,0.0,True,1372.0,0.044818938389865615,False,True,2892.0,False,,,False,True,8572.0,False,,,False,False,
PENG,77.3,79.48999786376953,0.028331149595983707,67.0,False,,,False,True,1681.0,False,,,False,True,4391.0,False,,,False,False,
PENG,77.3,79.48999786376953,0.028331149595983707,310.0,False,,,False,True,1924.0,False,,,False,True,4634.0,False,,,False,False,
PENG,60.369998931884766,58.91999816894531,-0.024018565323737806,7.0,False,,,False,True,12.0,False,,,False,True,11534.0,False,,,False,False,
PENG,56.13999938964844,56.150001525878906,0.00017816416706817328,0.0,False,,,False,True,8678.0,False,,,False,True,11641.0,False,,,False,False,
PESI,16.729999542236328,16.780000686645508,0.0029887116423970017,0.0,False,,,False,True,9729.0,False,,,False,False,,False,,,False,False,
PESI,14.404999732971191,14.404999732971191,0.0,0.0,True,12606.0,0.0,False,False,,True,14302.0,0.0,False,False,,False,,,False,False,
PESI,16.975000381469727,17.049999237060547,0.004418194633603045,0.0,False,,,False,True,14394.0,False,,,False,False,,False,,,False,False,
PESI,17.44499969482422,17.290000915527344,-0.008884997535589578,3766.0,False,,,False,True,9586.0,False,,,False,False,,False,,,False,False,
PESI,16.645000457763672,16.729999542236328,0.0051065834866355075,0.0,False,,,False,True,11382.0,False,,,False,False,,False,,,False,False,
PESI,16.520000457763672,16.520000457763672,0.0,0.0,False,,,False,True,11403.0,False,,,False,False,,False,,,False,False,
PESI,13.975000381469727,13.984999656677246,0.0007155116232253622,0.0,True,8444.0,0.007155116232253622,False,False,,True,8445.0,0.003577558116126811,False,False,,False,,,False,False,
PESI,14.649999618530273,14.805000305175781,0.010580251923655526,0.0,True,1468.0,0.10580251923655526,False,False,,True,1510.0,0.05290125961827763,False,False,,False,,,False,False,
PESI,14.869999885559082,14.899999618530273,0.0020174669268373524,0.0,True,1525.0,0.020174669268373524,False,False,,True,1567.0,0.010087334634186762,False,False,,False,,,False,False,
PETS,1.9550000429153442,1.9700000286102295,0.007672626785479197,0.0,False,,,False,False,,False,,,False,False,,False,,,False,False,
PETS,1.9800000190734863,1.9802000522613525,0.0001010268615855292,0.0,False,,,False,False,,False,,,False,False,,False,,,False,False,
PFLT,7.195000171661377,7.199999809265137,0.0006948766482941515,0.0,False,,,False,False,,False,,,False,False,,False,,,False,False,
PFLT,6.994999885559082,6.994999885559082,0.0,0.0,False,,,False,False,,False,,,False,False,,False,,,False,False,
PFSA,1.86,1.8899999856948853,0.016129024567142602,11.0,True,5780.0,0.16129024567142602,False,True,10327.0,True,5784.0,0.08064512283571301,False,True,14411.0,False,,,False,True,15864.0
PFSA,2.1249001026153564,2.0896999835968018,-0.01656554064599547,0.0,False,,,False,True,72.0,False,,,False,True,4428.0,False,,,False,True,8683.0
PFSA,2.450000047683716,2.4999001026153564,0.020367368963448484,835.0,False,,,False,True,841.0,False,,,False,True,874.0,False,,,False,True,25331.0
PFSA,2.0399999618530273,2.0250000953674316,-0.007352875865728303,0.0,False,,,False,True,1548.0,False,,,False,True,4335.0,False,,,False,True,8498.0
PFSA,1.7599999904632568,1.7999999523162842,0.02272725117600638,0.0,True,299.0,0.2272725117600638,False,True,10080.0,True,1449.0,0.1136362558800319,False,True,10080.0,False,,,False,True,11534.0
PFSA,2.365000009536743,2.299999952316284,-0.027484167847082297,1029.0,True,1407.0,-0.27484167847082297,False,True,2508.0,False,,,False,True,9692.0,False,,,False,True,26965.0
PFSA,2.1612000465393066,2.2100000381469727,0.022580043751992518,302.0,True,10399.0,0.22580043751992518,False,True,611.0,False,,,False,True,4624.0,False,,,False,True,19084.0
PGC,46.290000915527344,46.435001373291016,0.003132435837023939,1050.0,False,,,False,False,,False,,,False,False,,False,,,False,False,
PHGE,0.2614,0.27799999713897705,0.06350419716517619,966.0,False,,,False,True,2418.0,False,,,False,True,9606.0,False,,,False,False,
PHGE,0.31804999709129333,0.3192000091075897,0.003615821496034455,31.0,False,,,False,True,1515.0,False,,,False,True,2911.0,False,,,False,False,
PHGE,0.26499998569488525,0.26750001311302185,0.009434066238082961,0.0,False,,,False,True,1399.0,False,,,False,True,1545.0,False,,,False,False,
PHGE,0.26980000734329224,0.26570001244544983,-0.015196422484249905,0.0,False,,,False,True,2574.0,False,,,False,True,2720.0,False,,,False,False,
PHGE,0.2808000147342682,0.2808000147342682,0.0,0.0,False,,,False,True,1206.0,False,,,False,True,1207.0,False,,,False,False,
PHGE,0.1983,0.1979999989271164,-0.001512864714491191,152.0,False,,,False,True,476.0,False,,,False,False,,False,,,False,False,
PHIO,1.03,0.9800000190734863,-0.048543670802440486,85.0,True,8761.0,-0.48543670802440486,False,True,86.0,False,,,False,False,,False,,,False,False,
PHM,128.47000122070312,128.5,0.0002335080486637331,0.0,False,,,False,False,,False,,,False,False,,False,,,False,False,
PHM,123.76000213623047,123.81999969482422,0.0004847895730295537,0.0,False,,,False,False,,False,,,False,False,,False,,,False,False,
PHUN,2.1412999629974365,2.1449999809265137,0.0017279306930439997,0.0,False,,,False,False,,False,,,False,False,,False,,,False,False,
PHUN,2.180000066757202,2.180000066757202,0.0,0.0,False,,,False,False,,False,,,False,False,,False,,,False,False,
PHUN,2.125,2.125,0.0,0.0,False,,,False,False,,False,,,False,False,,False,,,False,False,
PHUN,2.1798999309539795,2.174999952316284,-0.0022477998040721925,0.0,False,,,False,False,,False,,,False,False,,False,,,False,False,
PHUN,2.029900074005127,2.0250000953674316,-0.0024139014035441386,0.0,True,6994.0,-0.024139014035441386,False,False,,False,,,False,False,,False,,,False,False,
PII,68.14409637451172,68.16000366210938,0.00023343603399239576,0.0,True,12846.0,0.0023343603399239576,False,False,,False,,,False,False,,False,,,False,False,
PII,67.04000091552734,67.16000366210938,0.0017900170785085656,0.0,True,2671.0,0.017900170785085656,False,False,,False,,,False,False,,False,,,False,False,
PII,67.80500030517578,67.80500030517578,0.0,0.0,True,5561.0,0.0,False,False,,False,,,False,False,,False,,,False,False,
PINE,20.690000534057617,20.688800811767578,-5.798560942826825e-05,0.0,False,,,False,False,,False,,,False,False,,False,,,False,False,
PINE,21.09000015258789,21.149999618530273,0.002844924869999099,0.0,False,,,False,False,,False,,,False,False,,False,,,False,False,
PINE,20.389999389648438,20.3700008392334,-0.0009808019133729085,0.0,False,,,False,False,,False,,,False,False,,False,,,False,False,
PJT,159.83999633789062,160.25,0.0025650880349288308,0.0,True,25889.0,0.025650880349288308,False,False,,False,,,False,False,,False,,,False,False,
PJT,158.67999267578125,158.67999267578125,0.0,0.0,True,27158.0,0.0,False,False,,False,,,False,False,,False,,,False,False,
PJT,164.0800018310547,164.07000732421875,-6.091240080696725e-05,0.0,False,,,False,False,,False,,,False,False,,False,,,False,False,
PKBK,33.52000045776367,33.58000183105469,0.0017900170785085656,0.0,False,,,False,False,,False,,,False,False,,False,,,False,False,
PKE,33.630001068115234,33.0,-0.018733305028424185,985.0,True,8185.0,-0.18733305028424185,False,False,,False,,,False,False,,False,,,False,False,
PKE,36.02000045776367,36.01499938964844,-0.00013884142286724188,0.0,True,18472.0,-0.0013884142286724188,False,True,11241.0,False,,,False,False,,False,,,False,False,
PKE,37.915000915527344,37.88999938964844,-0.0006594098714282071,0.0,False,,,False,True,11176.0,False,,,False,False,,False,,,False,False,
PKE,38.404998779296875,38.404998779296875,0.0,0.0,False,,,False,True,2615.0,False,,,False,False,,False,,,False,False,
PKE,36.56999969482422,36.597599029541016,0.000754698795381703,0.0,False,,,False,True,11638.0,False,,,False,False,,False,,,False,False,
PKE,33.97999954223633,34.099998474121094,0.003531457725171716,0.0,False,,,False,False,,False,,,False,False,,False,,,False,False,
PKG,235.36000061035156,235.09500122070312,-0.0011259321420854507,0.0,False,,,False,False,,False,,,False,False,,False,,,False,False,
PKG,234.6199951171875,234.6300048828125,4.266373639638665e-05,0.0,False,,,False,False,,False,,,False,False,,False,,,False,False,
PLAG,0.6401,0.7991999983787537,0.24855491076199598,148.0,True,148.0,2.48554910761996,True,True,1588.0,True,148.0,1.24277455380998,True,False,,True,6048.0,0.49710982152399197,False,False,
PLAG,1.8300000429153442,1.8600000143051147,0.01639342660450316,55.0,False,,,False,True,89.0,False,,,False,True,93.0,False,,,False,True,422.0
PLAG,0.580049991607666,0.5800999999046326,8.621377069228942e-05,0.0,True,157.0,0.0008621377069228942,False,False,,True,1210.0,0.0004310688534614471,False,False,,True,7110.0,0.00017242754138457883,False,False,
PLBC,61.2,61.16999816894531,-0.000490225997625604,1046.0,False,,,False,False,,False,,,False,False,,False,,,False,False,
PLBC,61.119998931884766,61.02000045776367,-0.001636100717746003,0.0,False,,,False,False,,False,,,False,False,,False,,,False,False,
PLBC,58.064998626708984,58.0625,-4.303154685403321e-05,0.0,False,,,False,False,,False,,,False,False,,False,,,False,False,
PLBC,60.939998626708984,60.724998474121094,-0.0035280629706752054,0.0,False,,,False,False,,False,,,False,False,,False,,,False,False,
PLCE,3.0950000286102295,3.0999999046325684,0.001615468812962817,0.0,False,,,False,True,20001.0,False,,,False,True,25830.0,False,,,False,False,
PLCE,2.990000009536743,2.990000009536743,0.0,0.0,False,,,False,True,5490.0,False,,,False,True,11554.0,False,,,False,False,
PLCE,2.6649999618530273,2.6700000762939453,0.0018762155769191935,1050.0,False,,,False,True,4267.0,False,,,False,False,,False,,,False,False,
PLCE,3.0799999237060547,3.0899999141693115,0.003246750230832429,1.0,False,,,False,True,19983.0,False,,,False,True,25819.0,False,,,False,False,
PLPC,324.7300109863281,325.0,0.0008314261218167474,0.0,True,19865.0,0.008314261218167474,False,True,16954.0,False,,,False,False,,False,,,False,False,
PLPC,343.85009765625,346.4200134277344,0.007473942246930987,0.0,False,,,False,True,25885.0,False,,,False,False,,False,,,False,False,
PLPC,350.05499267578125,348.0,-0.005870485263109959,0.0,False,,,False,True,9696.0,False,,,False,True,27129.0,False,,,False,False,
PLRX,1.1299999952316284,1.1299999952316284,0.0,0.0,False,,,False,False,,False,,,False,False,,False,,,False,False,
PLRX,1.1749999523162842,1.1749999523162842,0.0,0.0,False,,,False,True,21470.0,False,,,False,False,,False,,,False,False,
PLRX,1.0800000429153442,1.0800000429153442,0.0,0.0,False,,,False,False,,False,,,False,False,,False,,,False,False,
PLRX,1.125,1.125,0.0,0.0,False,,,False,False,,False,,,False,False,,False,,,False,False,
PLRX,1.0850000381469727,1.0850000381469727,0.0,0.0,False,,,False,False,,False,,,False,False,,False,,,False,False,
PLUG,2.27,2.309999942779541,0.017621120167198745,69.0,False,,,False,False,,False,,,False,False,,False,,,False,False,
PLUG,2.4149999618530273,2.4198999404907227,0.0020289766936210096,0.0,False,,,False,True,5709.0,False,,,False,False,,False,,,False,False,
PLUG,2.184999942779541,2.184999942779541,0.0,0.0,False,,,False,False,,False,,,False,False,,False,,,False,False,
PLUG,2.484999895095825,2.4177000522613525,-0.027082432867417627,965.0,False,,,False,True,3855.0,False,,,False,False,,False,,,False,False,
PLUG,2.13,2.190000057220459,0.02816904094857242,839.0,False,,,False,False,,False,,,False,False,,False,,,False,False,
PLUG,2.06,2.0199999809265137,-0.019417484987129363,895.0,False,,,False,False,,False,,,False,False,,False,,,False,False,
PLUS,86.44000244140625,86.41500091552734,-0.0002892355989445594,0.0,True,8602.0,-0.002892355989445594,False,False,,False,,,False,False,,False,,,False,False,
PLUS,87.69499969482422,87.71499633789062,0.00022802489464623932,0.0,False,,,False,False,,False,,,False,False,,False,,,False,False,
PLUS,86.375,86.5199966430664,0.0016786876187138144,0.0,True,29102.0,0.016786876187138144,False,False,,False,,,False,False,,False,,,False,False,
PLUS,88.3499984741211,88.36499786376953,0.00016977238152215968,0.0,False,,,False,False,,False,,,False,False,,False,,,False,False,
PLUS,86.69999694824219,86.83499908447266,0.001557118119751122,0.0,True,8648.0,0.015571181197511219,False,False,,False,,,False,False,,False,,,False,False,
PLUS,88.5,88.47000122070312,-0.0003389692575918035,0.0,False,,,False,False,,False,,,False,False,,False,,,False,False,
PLUS,90.5999984741211,90.5,-0.0011037359360404064,0.0,False,,,False,False,,False,,,False,False,,False,,,False,False,
PLUS,88.05999755859375,88.16999816894531,0.0012491552736912936,0.0,False,,,False,False,,False,,,False,False,,False,,,False,False,
PMI,0.13989999890327454,0.13989999890327454,0.0,0.0,False,,,False,True,4126.0,False,,,False,True,5400.0,False,,,False,False,
PMI,0.1566,0.1598999947309494,0.021072763288310536,150.0,False,,,False,True,489.0,False,,,False,True,4642.0,False,,,False,False,
PMI,0.15469999611377716,0.15444999933242798,-0.0016160102626332495,0.0,True,5522.0,-0.016160102626332495,False,True,5527.0,False,,,False,False,,False,,,False,False,
PMI,0.12880000472068787,0.12880000472068787,0.0,0.0,False,,,False,True,1286.0,False,,,False,True,2726.0,False,,,False,False,
PMI,0.13989999890327454,0.13989999890327454,0.0,0.0,False,,,False,True,4132.0,False,,,False,True,5406.0,False,,,False,False,
PMI,0.12269999831914902,0.12300000339746475,0.0024450291966215953,0.0,False,,,False,True,1197.0,False,,,False,True,2620.0,False,,,False,False,
PMI,0.13860000669956207,0.13860000669956207,0.0,0.0,False,,,False,True,4169.0,False,,,False,True,5432.0,False,,,False,False,
PMI,0.1497499942779541,0.14980000257492065,0.00033394523457364045,0.0,True,1158.0,0.0033394523457364045,False,True,8324.0,False,,,False,False,,False,,,False,False,
PMN,13.524999618530273,13.5,-0.0018484006828378696,0.0,True,1441.0,-0.018484006828378696,False,True,11399.0,True,5678.0,-0.009242003414189348,False,False,,False,,,False,False,
PMTS,19.625,19.674999237060547,0.0025477318247413283,0.0,False,,,False,False,,False,,,False,False,,False,,,False,False,
PMTS,19.299999237060547,19.290000915527344,-0.0005180477683131013,0.0,True,27146.0,-0.005180477683131013,False,False,,False,,,False,False,,False,,,False,False,
PNNT,3.384999990463257,3.384999990463257,0.0,0.0,False,,,False,False,,False,,,False,False,,False,,,False,False,
PNNT,3.3550000190734863,3.359999895095825,0.0014902760041473062,0.0,False,,,False,False,,False,,,False,False,,False,,,False,False,
PNR,63.040000915527344,63.040000915527344,0.0,0.0,False,,,False,False,,False,,,False,False,,False,,,False,False,
PNR,62.53499984741211,62.584999084472656,0.0007995400524913876,0.0,False,,,False,False,,False,,,False,False,,False,,,False,False,
PNR,61.48,61.80500030517578,0.005286276922182642,58.0,False,,,False,False,,False,,,False,False,,False,,,False,False,
PNR,73.08499908447266,73.08999633789062,6.837591134378762e-05,0.0,False,,,False,True,8590.0,False,,,False,True,8590.0,False,,,False,False,
PNR,73.26,73.16999816894531,-0.0012285262224227544,0.0,False,,,False,True,8640.0,False,,,False,True,8640.0,False,,,False,False,
POLA,1.4605000019073486,1.4900000095367432,0.020198567333699957,0.0,True,5621.0,0.20198567333699957,False,False,,True,5623.0,0.10099283666849979,False,False,,True,5644.0,0.040397134667399914,False,False,
POLA,1.6205999851226807,1.6734999418258667,0.03264220485549463,0.0,True,20127.0,0.3264220485549463,False,True,12923.0,True,20135.0,0.16321102427747314,False,False,,False,,,False,False,
POLA,1.6299999952316284,1.6526999473571777,0.013926351038009432,0.0,True,18339.0,0.13926351038009432,False,True,11134.0,True,18347.0,0.06963175519004716,False,False,,False,,,False,False,
POLA,1.4700000286102295,1.4700000286102295,0.0,0.0,True,5540.0,0.0,False,False,,True,5542.0,0.0,False,False,,True,5564.0,0.0,False,False,
POLA,1.625,1.6100000143051147,-0.00923076042762172,0.0,True,21408.0,-0.0923076042762172,False,True,14204.0,True,21416.0,-0.0461538021381086,False,False,,False,,,False,False,
POLA,1.5219999551773071,1.5,-0.014454635890409184,976.0,True,8176.0,-0.14454635890409184,False,False,,True,8181.0,-0.07227317945204592,False,False,,True,8215.0,-0.02890927178081837,False,False,
POOL,210.91000366210938,211.14999389648438,0.0011378798075385443,0.0,False,,,False,True,12825.0,False,,,False,False,,False,,,False,False,
POOL,182.60000610351562,181.8800048828125,-0.0039430514602225575,0.0,False,,,False,False,,False,,,False,False,,False,,,False,False,
POWL,219.31500244140625,210.1300048828125,-0.04188038873924127,0.0,False,,,False,True,60.0,False,,,False,False,,False,,,False,False,
POWL,242.92999267578125,243.5,0.002346385137299567,0.0,False,,,False,True,7171.0,False,,,False,True,10003.0,False,,,False,False,
POWL,237.1199951171875,238.13999938964844,0.004301637539916525,0.0,False,,,False,True,15814.0,False,,,False,True,18534.0,False,,,False,False,
POWL,246.0,247.1750030517578,0.00477643516974724,0.0,False,,,False,True,17028.0,False,,,False,False,,False,,,False,False,
PRAX,322.5,322.44000244140625,-0.00018603894137592114,0.0,False,,,False,True,18986.0,False,,,False,False,,False,,,False,False,
PRAX,315.8599853515625,316.4200134277344,0.0017730263475714825,0.0,False,,,False,False,,False,,,False,False,,False,,,False,False,
PRAX,312.2900085449219,312.2900085449219,0.0,0.0,False,,,False,False,,False,,,False,False,,False,,,False,False,
PRGO,10.694999694824219,10.6899995803833,-0.0004675188951466236,0.0,False,,,False,False,,False,,,False,False,,False,,,False,False,
PRGO,10.675000190734863,10.6899995803833,0.0014050950239286042,0.0,False,,,False,False,,False,,,False,False,,False,,,False,False,
PRGO,10.354999542236328,10.354999542236328,0.0,0.0,False,,,False,False,,False,,,False,False,,False,,,False,False,
PRGO,10.649999618530273,10.649999618530273,0.0,0.0,False,,,False,False,,False,,,False,False,,False,,,False,False,
PRGO,10.3100004196167,10.3100004196167,0.0,0.0,False,,,False,False,,False,,,False,False,,False,,,False,False,
PRGO,10.460000038146973,10.470000267028809,0.0009560448226926255,0.0,False,,,False,False,,False,,,False,False,,False,,,False,False,
PRGO,11.16,11.289999961853027,0.011648742101525666,978.0,False,,,False,True,9639.0,False,,,False,False,,False,,,False,False,
PRGO,10.675000190734863,10.680000305175781,0.0004683947870331995,0.0,False,,,False,False,,False,,,False,False,,False,,,False,False,
PRGO,10.734999656677246,10.744999885559082,0.0009315537216263436,0.0,False,,,False,False,,False,,,False,False,,False,,,False,False,
PRGO,10.859999656677246,10.869999885559082,0.0009208314178617005,0.0,False,,,False,False,,False,,,False,False,,False,,,False,False,
PRGO,10.09,10.376999855041504,0.02844398959777039,3901.0,False,,,False,False,,False,,,False,False,,False,,,False,False,
PRGO,10.625,10.628299713134766,0.00031056123621331366,0.0,False,,,False,False,,False,,,False,False,,False,,,False,False,
PRGO,10.178799629211426,10.1899995803833,0.001100321411154681,0.0,False,,,False,False,,False,,,False,False,,False,,,False,False,
PRGO,10.3149995803833,10.319999694824219,0.00048474208864024426,0.0,False,,,False,False,,False,,,False,False,,False,,,False,False,
PRGO,10.5,10.5,0.0,0.0,False,,,False,False,,False,,,False,False,,False,,,False,False,
PRGO,10.180000305175781,10.1850004196167,0.0004911703625760655,0.0,True,5468.0,0.004911703625760655,False,False,,False,,,False,False,,False,,,False,False,
PRGS,37.7599983215332,37.75,-0.00026478606932300863,0.0,True,28589.0,-0.0026478606932300863,False,False,,False,,,False,False,,False,,,False,False,
PRGS,40.435001373291016,40.439998626708984,0.00012358731911077392,0.0,False,,,False,False,,False,,,False,False,,False,,,False,False,
PRGS,37.779998779296875,37.720001220703125,-0.0015880773036611728,0.0,True,21339.0,-0.01588077303661173,False,False,,False,,,False,False,,False,,,False,False,
PRGS,37.779998779296875,37.72999954223633,-0.0013234314101657763,0.0,True,30089.0,-0.013234314101657763,False,False,,False,,,False,False,,False,,,False,False,
PRGS,38.635398864746094,38.630001068115234,-0.00013971116617061963,0.0,True,20305.0,-0.0013971116617061963,False,False,,False,,,False,False,,False,,,False,False,
PRGS,38.154998779296875,38.25,0.0024898761300622407,0.0,True,30211.0,0.024898761300622407,False,False,,False,,,False,False,,False,,,False,False,
PRGS,37.83000183105469,37.79999923706055,-0.0007930899429540172,0.0,True,21372.0,-0.007930899429540172,False,False,,False,,,False,False,,False,,,False,False,
PRGS,39.45000076293945,39.290000915527344,-0.004055762847092748,0.0,False,,,False,False,,False,,,False,False,,False,,,False,False,
PRGS,37.97999954223633,38.0099983215332,0.0007898572843192397,0.0,False,,,False,False,,False,,,False,False,,False,,,False,False,
PRGS,39.14250183105469,39.459999084472656,0.00811131732939141,0.0,True,27627.0,0.0811131732939141,False,False,,False,,,False,False,,False,,,False,False,
PRK,184.46,185.35000610351562,0.004824927374583288,3920.0,True,25539.0,0.04824927374583288,False,False,,False,,,False,False,,False,,,False,False,
PRMB,22.725000381469727,22.739900588989258,0.0006556746873227493,0.0,False,,,False,False,,False,,,False,False,,False,,,False,False,
PRMB,22.719999313354492,22.719999313354492,0.0,0.0,False,,,False,False,,False,,,False,False,,False,,,False,False,
PRMB,24.149999618530273,24.170000076293945,0.0008281763179955881,0.0,False,,,False,False,,False,,,False,False,,False,,,False,False,
PRMB,24.56999969482422,24.579999923706055,0.0004070097275556961,0.0,False,,,False,False,,False,,,False,False,,False,,,False,False,
PRMB,24.82,24.81999969482422,-1.2295559237429643e-08,149.0,False,,,False,False,,False,,,False,False,,False,,,False,False,
PRME,3.7950000762939453,3.809999942779541,0.003952533908838207,0.0,False,,,False,True,5490.0,False,,,False,True,14517.0,False,,,False,False,
PROF,6.940000057220459,6.949999809265137,0.001440886449888934,0.0,True,24484.0,0.01440886449888934,False,False,,False,,,False,False,,False,,,False,False,
PROF,7.260000228881836,7.289999961853027,0.00413219449385771,0.0,False,,,False,False,,False,,,False,False,,False,,,False,False,
PROF,7.074999809265137,7.059999942779541,-0.0021201225286187064,0.0,False,,,False,False,,False,,,False,False,,False,,,False,False,
PROP,0.7617999911308289,0.7577000260353088,-0.005381944267856875,0.0,True,10009.0,-0.05381944267856875,False,True,1673.0,False,,,False,False,,False,,,False,False,
PROP,0.7649999856948853,0.7617999911308289,-0.004182999508359098,0.0,True,10012.0,-0.041829995083590976,False,True,1676.0,False,,,False,False,,False,,,False,False,
PROP,0.7754999995231628,0.7754999995231628,0.0,0.0,True,5755.0,0.0,False,True,15709.0,False,,,False,False,,False,,,False,False,
PROP,0.804099977016449,0.8149999976158142,0.01355555392478558,0.0,False,,,False,True,11327.0,False,,,False,False,,False,,,False,False,
PROP,0.7944999933242798,0.7944999933242798,0.0,0.0,False,,,False,True,11523.0,False,,,False,False,,False,,,False,False,
PROP,0.8162999749183655,0.8158000111579895,-0.0006124755307336249,0.0,False,,,False,True,4335.0,False,,,False,False,,False,,,False,False,
PROP,0.7545999884605408,0.7534999847412109,-0.0014577308986897242,0.0,True,9878.0,-0.014577308986897242,False,False,,False,,,False,False,,False,,,False,False,
PRPL,0.32659998536109924,0.32749998569488525,0.002755665566827714,1046.0,True,3926.0,0.02755665566827714,False,True,2741.0,True,3926.0,0.01377832783413857,False,False,,True,3926.0,0.005511331133655428,False,False,
PRPL,8.354999542236328,8.34999942779541,-0.0005984577755679954,0.0,False,,,False,True,1256.0,False,,,False,True,5548.0,False,,,False,False,
PRSO,0.8108999729156494,0.8199999928474426,0.011222123857118182,262.0,False,,,False,True,6022.0,False,,,False,True,23326.0,False,,,False,False,
PRSO,0.7961000204086304,0.7978000044822693,0.002135390064135878,0.0,False,,,False,True,22738.0,False,,,False,True,29936.0,False,,,False,False,
PRSO,0.7549999952316284,0.800000011920929,0.0596026714880904,1046.0,False,,,False,True,15748.0,False,,,False,True,22670.0,False,,,False,False,
PRSO,0.7498999834060669,0.7498000264167786,-0.00013329376116844038,0.0,True,1518.0,-0.0013329376116844038,False,True,27380.0,False,,,False,True,30231.0,False,,,False,False,
PRSO,0.7559000253677368,0.7598999738693237,0.005291636945826239,0.0,False,,,False,True,4163.0,False,,,False,True,11309.0,False,,,False,False,
PRVA,25.68000030517578,25.68000030517578,0.0,0.0,False,,,False,False,,False,,,False,False,,False,,,False,False,
PRVA,25.450000762939453,25.434999465942383,-0.0005894419075583857,0.0,False,,,False,False,,False,,,False,False,,False,,,False,False,
PRVA,27.0,27.010000228881836,0.0003703788474753722,0.0,False,,,False,True,15633.0,False,,,False,False,,False,,,False,False,
PRVA,25.364999771118164,25.350000381469727,-0.0005913419981780077,0.0,False,,,False,False,,False,,,False,False,,False,,,False,False,
PRVA,25.799999237060547,25.795000076293945,-0.0001937659269160008,0.0,False,,,False,False,,False,,,False,False,,False,,,False,False,
PRVA,25.045000076293945,25.065000534057617,0.000798580862557241,0.0,False,,,False,False,,False,,,False,False,,False,,,False,False,
PRVA,27.299999237060547,27.308300018310547,0.0003040579297428625,0.0,False,,,False,False,,False,,,False,False,,False,,,False,False,
PSBD,10.199999809265137,10.199999809265137,0.0,0.0,False,,,False,False,,False,,,False,False,,False,,,False,False,
PSBD,9.52750015258789,9.545000076293945,0.0018367802073770978,0.0,False,,,False,False,,False,,,False,False,,False,,,False,False,
PSBD,10.109999656677246,10.109999656677246,0.0,0.0,False,,,False,False,,False,,,False,False,,False,,,False,False,
PSEC,2.255000114440918,2.259999990463257,0.0022172398086899303,0.0,False,,,False,False,,False,,,False,False,,False,,,False,False,
PSEC,2.299999952316284,2.299999952316284,0.0,0.0,False,,,False,False,,False,,,False,False,,False,,,False,False,
PSEC,2.3299999237060547,2.3299999237060547,0.0,103.0,False,,,False,False,,False,,,False,False,,False,,,False,False,
PSEC,2.2750000953674316,2.2850000858306885,0.0043956000193670075,196.0,False,,,False,False,,False,,,False,False,,False,,,False,False,
PSEC,2.23,2.2249999046325684,-0.0022421952320320626,820.0,False,,,False,False,,False,,,False,False,,False,,,False,False,
PSEC,2.2249999046325684,2.200000047683716,-0.011235891245119367,1040.0,False,,,False,False,,False,,,False,False,,False,,,False,False,
PSEC,2.2950000762939453,2.2950000762939453,0.0,0.0,False,,,False,False,,False,,,False,False,,False,,,False,False,
PSEC,2.2971999645233154,2.2999000549316406,0.0011753832709489043,0.0,False,,,False,False,,False,,,False,False,,False,,,False,False,
PSEC,2.3299999237060547,2.3299999237060547,0.0,29.0,False,,,False,False,,False,,,False,False,,False,,,False,False,
PSIX,30.2549991607666,31.239999771118164,0.032556623291164044,3930.0,True,6838.0,0.32556623291164044,False,True,16915.0,False,,,False,False,,False,,,False,False,
PSMT,194.05999755859375,194.0800018310547,0.0001030829264794253,0.0,False,,,False,False,,False,,,False,False,,False,,,False,False,
PSMT,194.6699981689453,194.89999389648438,0.0011814646822951858,0.0,False,,,False,False,,False,,,False,False,,False,,,False,False,
PSMT,198.07000732421875,197.8800048828125,-0.0009592691188990976,0.0,False,,,False,False,,False,,,False,False,,False,,,False,False,
PSMT,197.86000061035156,197.99000549316406,0.0006570548994817571,0.0,False,,,False,False,,False,,,False,False,,False,,,False,False,
PSMT,195.7949981689453,195.7100067138672,-0.00043408389321974994,0.0,False,,,False,False,,False,,,False,False,,False,,,False,False,
PSMT,197.83999633789062,197.97999572753906,0.0007076394674478959,0.0,False,,,False,False,,False,,,False,False,,False,,,False,False,
PSMT,188.07000732421875,188.3000030517578,0.0012229261369813837,0.0,False,,,False,False,,False,,,False,False,,False,,,False,False,
PSMT,193.5500030517578,194.0800018310547,0.002738304163989902,0.0,False,,,False,False,,False,,,False,False,,False,,,False,False,
PSMT,194.1300048828125,194.1300048828125,0.0,0.0,False,,,False,False,,False,,,False,False,,False,,,False,False,
PSMT,193.10000610351562,192.91000366210938,-0.0009839587540168004,0.0,False,,,False,False,,False,,,False,False,,False,,,False,False,
PSMT,190.10000610351562,190.10499572753906,2.624736382550452e-05,0.0,False,,,False,False,,False,,,False,False,,False,,,False,False,
PSMT,196.00999450683594,197.1199951171875,0.0056629796513403274,3909.0,False,,,False,False,,False,,,False,False,,False,,,False,False,
PSMT,197.75999450683594,198.78500366210938,0.005183096600652526,0.0,False,,,False,False,,False,,,False,False,,False,,,False,False,
PSMT,187.6699981689453,187.89999389648438,0.001225532742489932,0.0,False,,,False,False,,False,,,False,False,,False,,,False,False,
PSMT,195.6199951171875,195.52999877929688,-0.0004600569478427907,0.0,False,,,False,False,,False,,,False,False,,False,,,False,False,
PSMT,194.02000427246094,194.05999755859375,0.00020612970442290823,0.0,False,,,False,False,,False,,,False,False,,False,,,False,False,
PSMT,188.39999389648438,188.76499938964844,0.0019373965232960533,1040.0,False,,,False,False,,False,,,False,False,,False,,,False,False,
PSMT,196.64500427246094,196.41000366210938,-0.0011950499898077949,0.0,False,,,False,False,,False,,,False,False,,False,,,False,False,
PSMT,198.52999877929688,198.72000122070312,0.0009570465046819798,0.0,False,,,False,False,,False,,,False,False,,False,,,False,False,
PSNL,11.720000267028809,11.729999542236328,0.0008531804590183878,0.0,False,,,False,False,,False,,,False,False,,False,,,False,False,
PSNL,15.220000267028809,15.220000267028809,0.0,0.0,False,,,False,True,9793.0,False,,,False,True,14462.0,False,,,False,False,
PSNL,14.899999618530273,15.050000190734863,0.01006715275469161,0.0,False,,,False,True,8638.0,False,,,False,True,14724.0,False,,,False,False,
PSNL,14.9399995803833,15.039999961853027,0.006693466149827021,0.0,False,,,False,True,9699.0,False,,,False,False,,False,,,False,False,
PSNL,15.109999656677246,15.170000076293945,0.00397090807279965,0.0,False,,,False,True,8628.0,False,,,False,True,13319.0,False,,,False,False,
PSNL,15.46500015258789,15.5,0.002263165022100111,0.0,False,,,False,True,4229.0,False,,,False,True,8548.0,False,,,False,False,
PSNL,12.15999984741211,12.15999984741211,0.0,0.0,False,,,False,False,,False,,,False,False,,False,,,False,False,
PSNL,15.289999961853027,15.3100004196167,0.0013080744155375967,0.0,False,,,False,True,4034.0,False,,,False,True,8464.0,False,,,False,False,
PSNL,14.03499984741211,14.079999923706055,0.003206275510023726,0.0,True,8662.0,0.03206275510023726,False,False,,False,,,False,False,,False,,,False,False,
PSNL,12.380000114440918,12.434200286865234,0.004378042966340034,0.0,False,,,False,False,,False,,,False,False,,False,,,False,False,
PSNL,15.595000267028809,16.170000076293945,0.03687077905864555,277.0,False,,,False,True,4598.0,False,,,False,True,7865.0,False,,,False,False,
PSNL,15.520000457763672,15.5600004196167,0.0025773170536871337,0.0,False,,,False,True,9896.0,False,,,False,True,14215.0,False,,,False,False,
PSNL,12.180000305175781,12.220000267028809,0.003284069035370152,0.0,False,,,False,False,,False,,,False,False,,False,,,False,False,
PSTL,23.905000686645508,23.8700008392334,-0.0014641224181877188,0.0,False,,,False,False,,False,,,False,False,,False,,,False,False,
PUSA,3.369999885559082,3.380000114440918,0.0029674270686739224,0.0,False,,,False,True,8283.0,False,,,False,True,9771.0,False,,,False,False,
PVH,85.9749984741211,85.94000244140625,-0.00040704894836818273,0.0,False,,,False,False,,False,,,False,False,,False,,,False,False,
PVH,77.31999969482422,77.31999969482422,0.0,0.0,True,6903.0,0.0,False,False,,False,,,False,False,,False,,,False,False,
PVLA,146.18499755859375,146.07000732421875,-0.0007866076293424618,0.0,False,,,False,True,18657.0,False,,,False,False,,False,,,False,False,
PVLA,137.8708038330078,137.33999633789062,-0.003850035543131458,0.0,False,,,False,False,,False,,,False,False,,False,,,False,False,
PVLA,143.9250030517578,143.9600067138672,0.00024320765236862663,0.0,False,,,False,True,14324.0,False,,,False,False,,False,,,False,False,
PYPL,56.43,56.150001525878906,-0.0049618726585343165,3849.0,False,,,False,False,,False,,,False,False,,False,,,False,False,
PYPL,44.994998931884766,45.005001068115234,0.00022229439866450207,0.0,False,,,False,False,,False,,,False,False,,False,,,False,False,
PYPL,55.95,56.474998474121094,0.009383350743898067,1035.0,False,,,False,False,,False,,,False,False,,False,,,False,False,
PYPL,47.26100158691406,47.26499938964844,8.458988595538841e-05,0.0,True,1203.0,0.0008458988595538841,False,False,,True,2700.0,0.00042294942977694205,False,False,,False,,,False,False,
PYPL,43.82500076293945,43.834999084472656,0.0002281419591361189,0.0,True,7308.0,0.002281419591361189,False,False,,True,9962.0,0.0011407097956805945,False,False,,False,,,False,False,
PYXS,2.674999952316284,2.7200000286102295,0.016822458727514977,117.0,True,4461.0,0.16822458727514977,False,False,,False,,,False,False,,False,,,False,False,
PYXS,2.6600000858306885,2.6600000858306885,0.0,0.0,True,5589.0,0.0,False,False,,False,,,False,False,,False,,,False,False,
QBTS,22.5855,22.799999237060547,0.009497210026811365,163.0,False,,,False,True,3157.0,False,,,False,False,,False,,,False,False,
QBTS,21.315000534057617,21.315000534057617,0.0,0.0,False,,,False,True,5499.0,False,,,False,False,,False,,,False,False,
QBTS,21.06,21.020000457763672,-0.0018993134965017422,39.0,False,,,False,True,7252.0,False,,,False,False,,False,,,False,False,
QBTS,16.479999542236328,16.489999771118164,0.0006068100218210581,0.0,False,,,False,False,,False,,,False,False,,False,,,False,False,
QBTS,16.99,16.540000915527344,-0.02648611444806681,248.0,False,,,False,False,,False,,,False,False,,False,,,False,False,
QBTS,20.62,20.920000076293945,0.01454898527128723,292.0,False,,,False,True,6405.0,False,,,False,False,,False,,,False,False,
QBTS,21.16,21.639999389648438,0.02268428117431176,991.0,False,,,False,True,5322.0,False,,,False,True,9886.0,False,,,False,False,
QBTS,22.5855,22.799999237060547,0.009497210026811365,5316.0,False,,,False,True,8310.0,False,,,False,False,,False,,,False,False,
QBTS,20.38990020751953,20.389999389648438,4.864277308724851e-06,0.0,False,,,False,True,7093.0,False,,,False,False,,False,,,False,False,
QBTS,20.62,20.920000076293945,0.01454898527128723,982.0,False,,,False,True,7095.0,False,,,False,False,,False,,,False,False,
QBTS,21.16,21.639999389648438,0.02268428117431176,167.0,False,,,False,True,4498.0,False,,,False,True,9062.0,False,,,False,False,
QCRH,95.98999786376953,96.08999633789062,0.0010417593118714485,0.0,False,,,False,False,,False,,,False,False,,False,,,False,False,
QCRH,98.11000061035156,98.0,-0.0011211967145778878,0.0,False,,,False,False,,False,,,False,False,,False,,,False,False,
QRVO,88.875,88.86000061035156,-0.00016876950377986422,0.0,False,,,False,False,,False,,,False,False,,False,,,False,False,
QRVO,86.93000030517578,86.88999938964844,-0.00046015087296580326,0.0,False,,,False,False,,False,,,False,False,,False,,,False,False,
QRVO,86.2300033569336,86.2300033569336,0.0,0.0,False,,,False,False,,False,,,False,False,,False,,,False,False,
QRVO,87.02999877929688,87.1500015258789,0.0013788664628888725,0.0,False,,,False,False,,False,,,False,False,,False,,,False,False,
QRVO,82.54000091552734,82.63999938964844,0.0012115153018164015,0.0,True,17210.0,0.012115153018164015,False,False,,False,,,False,False,,False,,,False,False,
QS,7.420000076293945,7.429999828338623,0.0013476754638623856,0.0,False,,,False,True,1331.0,False,,,False,False,,False,,,False,False,
QS,6.28,6.485000133514404,0.032643333362166294,845.0,False,,,False,True,5173.0,False,,,False,False,,False,,,False,False,
QS,6.65500020980835,6.675000190734863,0.0030052562428228846,0.0,False,,,False,True,8376.0,False,,,False,False,,False,,,False,False,
QS,6.28,6.485000133514404,0.032643333362166294,849.0,False,,,False,True,5177.0,False,,,False,False,,False,,,False,False,
QS,5.875,5.875,0.0,0.0,False,,,False,True,8387.0,False,,,False,False,,False,,,False,False,
QTTB,15.515000343322754,15.470000267028809,-0.002900423802653207,0.0,False,,,False,False,,False,,,False,False,,False,,,False,False,
QTTB,13.135000228881836,13.140000343322754,0.00038067105852990224,0.0,True,5519.0,0.0038067105852990224,False,True,1200.0,True,5519.0,0.0019033552926495112,False,False,,True,5521.0,0.0007613421170598045,False,False,
QTTB,15.15,15.83489990234375,0.04520791434612215,73.0,False,,,False,False,,False,,,False,False,,False,,,False,False,
QTTB,13.528200149536133,13.552200317382812,0.0017740843261770944,0.0,True,5616.0,0.017740843261770944,False,True,1296.0,True,5616.0,0.008870421630885472,False,True,1386.0,True,5678.0,0.003548168652354189,False,False,
QTTB,15.15999984741211,15.15999984741211,0.0,0.0,False,,,False,False,,False,,,False,False,,False,,,False,False,
QTTB,12.96500015258789,12.930000305175781,-0.0026995639799605176,0.0,True,5410.0,-0.026995639799605176,False,True,1092.0,True,5410.0,-0.013497819899802588,False,False,,True,5412.0,-0.005399127959921035,False,False,
QTTB,15.244999885559082,15.199999809265137,-0.0029517924979830523,0.0,False,,,False,False,,False,,,False,False,,False,,,False,False,
QTTB,15.270000457763672,15.28499984741211,0.000982278271040249,0.0,False,,,False,False,,False,,,False,False,,False,,,False,False,
QTTB,12.845000267028809,12.930000305175781,0.006617363673020238,0.0,True,276.0,0.06617363673020238,False,True,2792.0,True,7101.0,0.03308681836510119,False,False,,True,7103.0,0.013234727346040476,False,False,
QTTB,14.125,14.15999984741211,0.002477865303512239,0.0,True,6825.0,0.02477865303512239,False,True,1440.0,True,6825.0,0.012389326517561194,False,True,2556.0,True,6939.0,0.004955730607024478,False,False,
QTTB,15.010000228881836,15.079999923706055,0.004663537225637615,0.0,False,,,False,False,,False,,,False,False,,False,,,False,False,
QTTB,15.289999961853027,15.255000114440918,-0.0022890678547697885,0.0,False,,,False,False,,False,,,False,False,,False,,,False,False,
QTTB,13.859999656677246,13.899999618530273,0.00288600020518448,0.0,True,5715.0,0.028860002051844802,False,True,330.0,True,5715.0,0.014430001025922401,False,True,1465.0,True,5811.0,0.00577200041036896,False,False,
QTTB,13.654999732971191,13.59000015258789,-0.004760130476337832,0.0,True,6939.0,-0.047601304763378316,False,True,2619.0,True,6939.0,-0.023800652381689158,False,True,2689.0,True,7001.0,-0.009520260952675663,False,False,
QTTB,15.484999656677246,15.430000305175781,-0.0035517825457457297,0.0,False,,,False,False,,False,,,False,False,,False,,,False,False,
QTTB,15.380000114440918,15.375,-0.00032510496773163755,0.0,False,,,False,False,,False,,,False,False,,False,,,False,False,
QTTB,15.289999961853027,15.25,-0.0026160864586541877,0.0,False,,,False,False,,False,,,False,False,,False,,,False,False,
QTTB,12.859999656677246,12.880000114440918,0.001555245590795007,0.0,True,5399.0,0.015552455907950069,False,True,1090.0,True,5399.0,0.0077762279539750345,False,False,,True,5401.0,0.003110491181590014,False,False,
QTTB,13.690600395202637,13.6899995803833,-4.38852060532513e-05,0.0,True,6913.0,-0.000438852060532513,False,True,1541.0,True,6913.0,-0.0002194260302662565,False,True,2663.0,True,6975.0,-8.77704121065026e-05,False,False,
QTTB,12.795000076293945,12.859999656677246,0.005080076592084648,0.0,True,220.0,0.05080076592084648,False,True,2744.0,True,7053.0,0.02540038296042324,False,False,,True,7055.0,0.010160153184169296,False,False,
QTTB,15.25,15.289999961853027,0.0026229483182313995,0.0,False,,,False,False,,False,,,False,False,,False,,,False,False,
QTTB,15.38,15.510000228881836,0.008452550642511936,910.0,False,,,False,False,,False,,,False,False,,False,,,False,False,
QUBT,7.640200138092041,7.656400203704834,0.00212037189078651,0.0,False,,,False,False,,False,,,False,False,,False,,,False,False,
QUBT,9.36,9.15999984741211,-0.021367537669646386,976.0,False,,,False,True,9616.0,False,,,False,False,,False,,,False,False,
QXO,14.99,14.779999732971191,-0.01400935737350295,3721.0,False,,,False,True,14186.0,False,,,False,False,,False,,,False,False,
QXO,13.94,14.149999618530273,0.015064535045213434,859.0,False,,,False,False,,False,,,False,False,,False,,,False,False,
QXO,13.885000228881836,13.889900207519531,0.00035289726733345184,0.0,False,,,False,False,,False,,,False,False,,False,,,False,False,
QXO,13.765000343322754,13.765299797058105,2.1754720514577386e-05,0.0,False,,,False,False,,False,,,False,False,,False,,,False,False,
QXO,13.449999809265137,13.494999885559082,0.0033457306269213394,0.0,True,10265.0,0.033457306269213394,False,False,,False,,,False,False,,False,,,False,False,
QXO,14.13,14.149999618530273,0.0014154011698706004,25.0,False,,,False,False,,False,,,False,False,,False,,,False,False,
QXO,14.4,14.5600004196167,0.011111140251159668,118.0,False,,,False,False,,False,,,False,False,,False,,,False,False,
QXO,14.99,14.779999732971191,-0.01400935737350295,137.0,False,,,False,True,10602.0,False,,,False,False,,False,,,False,False,
R,267.8299865722656,267.6600036621094,-0.0006346672093432426,0.0,False,,,False,False,,False,,,False,False,,False,,,False,False,
R,273.4100036621094,274.1499938964844,0.002706522162552183,0.0,False,,,False,False,,False,,,False,False,,False,,,False,False,
R,271.5450134277344,271.25,-0.0010864255027569492,0.0,False,,,False,False,,False,,,False,False,,False,,,False,False,
R,268.7850036621094,268.7850036621094,0.0,0.0,False,,,False,False,,False,,,False,False,,False,,,False,False,
RAIL,8.125,8.125,0.0,0.0,False,,,False,False,,False,,,False,False,,False,,,False,False,
RAMP,37.6349983215332,37.6349983215332,0.0,0.0,False,,,False,False,,False,,,False,False,,False,,,False,False,
RAMP,37.98500061035156,37.98500061035156,0.0,0.0,False,,,False,False,,False,,,False,False,,False,,,False,False,
RBB,27.489999771118164,27.5,0.00036377697217515603,0.0,False,,,False,False,,False,,,False,False,,False,,,False,False,
RBB,26.639999389648438,26.614999771118164,-0.0009384241405046012,0.0,False,,,False,False,,False,,,False,False,,False,,,False,False,
RBB,27.8799991607666,27.889999389648438,0.00035868827772089773,0.0,False,,,False,False,,False,,,False,False,,False,,,False,False,
RBBN,2.2009999752044678,2.2009999752044678,0.0,0.0,True,10396.0,0.0,False,True,23312.0,False,,,False,False,,False,,,False,False,
RBBN,2.234999895095825,2.234999895095825,0.0,0.0,False,,,False,True,1455.0,False,,,False,False,,False,,,False,False,
RBBN,2.309999942779541,2.309999942779541,0.0,0.0,False,,,False,True,18473.0,False,,,False,False,,False,,,False,False,
RC,1.6198999881744385,1.6200000047683716,6.174244994339162e-05,0.0,False,,,False,True,20147.0,False,,,False,False,,False,,,False,False,
RC,1.6449999809265137,1.6449999809265137,0.0,0.0,False,,,False,True,20193.0,False,,,False,False,,False,,,False,False,
RCAT,7.795000076293945,7.52400016784668,-0.034765863475925696,116.0,False,,,False,True,1612.0,False,,,False,False,,False,,,False,False,
RCAT,7.59499979019165,7.590099811553955,-0.0006451584954647593,0.0,False,,,False,True,2725.0,False,,,False,False,,False,,,False,False,
RCAT,7.764999866485596,7.789999961853027,0.0032195873531606356,0.0,False,,,False,True,7137.0,False,,,False,False,,False,,,False,False,
RCKY,41.09000015258789,41.22999954223633,0.0034071401588842143,0.0,True,19870.0,0.03407140158884214,False,False,,True,19870.0,0.01703570079442107,False,False,,False,,,False,False,
RCL,285.37,287.7099914550781,0.008199850913123807,330.0,False,,,False,False,,False,,,False,False,,False,,,False,False,
RCL,290.3900146484375,290.5098876953125,0.0004128001681467097,0.0,False,,,False,False,,False,,,False,False,,False,,,False,False,
RCL,287.4200134277344,287.44000244140625,6.95463528566087e-05,0.0,False,,,False,False,,False,,,False,False,,False,,,False,False,
RCL,288.6600036621094,288.6199951171875,-0.00013860092986317518,0.0,False,,,False,False,,False,,,False,False,,False,,,False,False,
RDW,11.244999885559082,11.25,0.0004446522447136836,0.0,False,,,False,True,5467.0,False,,,False,False,,False,,,False,False,
RDW,8.708900451660156,8.710000038146973,0.00012626008219052132,0.0,False,,,False,False,,False,,,False,False,,False,,,False,False,
RDW,8.819999694824219,8.970000267028809,0.017006868185337254,0.0,False,,,False,True,3030.0,False,,,False,False,,False,,,False,False,
RDW,10.150500297546387,10.154999732971191,0.00044327228145513153,0.0,False,,,False,True,8488.0,False,,,False,False,,False,,,False,False,
RDW,8.8100004196167,8.850000381469727,0.004540290572967676,0.0,False,,,False,True,7301.0,False,,,False,False,,False,,,False,False,
RDW,10.21,10.139900207519531,-0.006865797500535731,159.0,False,,,False,True,4479.0,False,,,False,True,5921.0,False,,,False,False,
RDW,8.6,8.960000038146973,0.041860469551973534,983.0,True,1173.0,0.41860469551973534,False,False,,False,,,False,False,,False,,,False,False,
RDW,10.52,10.460000038146973,-0.005703418427093765,191.0,False,,,False,True,4839.0,False,,,False,False,,False,,,False,False,
RDW,9.28,9.1899995803833,-0.009698321079385619,322.0,False,,,False,True,6083.0,False,,,False,False,,False,,,False,False,
RDW,8.99,8.930000305175781,-0.006674048367543817,874.0,False,,,False,True,8118.0,False,,,False,False,,False,,,False,False,
RDW,9.41,9.380000114440918,-0.0031880856067036945,144.0,False,,,False,True,8784.0,False,,,False,False,,False,,,False,False,
RDW,11.364999771118164,11.40999984741211,0.003959531649820436,0.0,False,,,False,True,1475.0,False,,,False,False,,False,,,False,False,
RDW,11.506999969482422,11.51990032196045,0.0011210873826574819,0.0,False,,,False,True,7036.0,False,,,False,False,,False,,,False,False,
RDW,11.33,11.449999809265137,0.010591333562677496,130.0,False,,,False,True,1624.0,False,,,False,False,,False,,,False,False,
REFI,10.600000381469727,10.59000015258789,-0.0009434177850896619,0.0,False,,,False,False,,False,,,False,False,,False,,,False,False,
REFI,10.84000015258789,10.84000015258789,0.0,0.0,False,,,False,False,,False,,,False,False,,False,,,False,False,
REFI,10.109999656677246,10.130000114440918,0.0019782847124492076,0.0,False,,,False,False,,False,,,False,False,,False,,,False,False,
REKR,0.5728999972343445,0.5727999806404114,-0.00017457949802046624,0.0,True,4204.0,-0.0017457949802046624,False,False,,False,,,False,False,,False,,,False,False,
RELL,17.270000457763672,17.315000534057617,0.002605678928845334,0.0,True,12648.0,0.02605678928845334,False,True,4015.0,True,12648.0,0.01302839464422667,False,False,,False,,,False,False,
RELL,16.610000610351562,16.575000762939453,-0.0021071550948827955,0.0,True,7497.0,-0.021071550948827955,False,False,,True,8554.0,-0.010535775474413978,False,False,,False,,,False,False,
RELL,17.190000534057617,17.229999542236328,0.002326876494242347,3892.0,True,8212.0,0.02326876494242347,False,False,,True,8212.0,0.011634382471211735,False,False,,False,,,False,False,
RELL,16.920000076293945,16.8799991607666,-0.0023641202923744276,0.0,True,14266.0,-0.023641202923744276,False,False,,True,14266.0,-0.011820601461872138,False,False,,False,,,False,False,
RELL,16.479999542236328,16.600000381469727,0.007281604524675522,0.0,True,20346.0,0.07281604524675522,False,False,,True,21410.0,0.03640802262337761,False,False,,False,,,False,False,
RELL,16.835500717163086,16.795000076293945,-0.002405668922448645,0.0,True,14218.0,-0.02405668922448645,False,False,,True,14218.0,-0.012028344612243225,False,False,,False,,,False,False,
RELL,16.90999984741211,16.90999984741211,0.0,0.0,True,4012.0,0.0,False,False,,True,4012.0,0.0,False,False,,False,,,False,False,
RELL,16.6200008392334,16.670000076293945,0.003008377529230888,0.0,True,20271.0,0.03008377529230888,False,False,,True,21328.0,0.01504188764615444,False,False,,False,,,False,False,
RELL,16.920000076293945,16.90999984741211,-0.0005910300730935791,0.0,True,14194.0,-0.005910300730935791,False,False,,True,14194.0,-0.0029551503654678957,False,False,,False,,,False,False,
RELL,17.96,18.385000228881836,0.023663709848654513,49.0,True,1490.0,0.23663709848654513,False,False,,False,,,False,False,,False,,,False,False,
RELL,16.844999313354492,16.875,0.0017809847354355313,0.0,True,14283.0,0.017809847354355313,False,False,,True,14283.0,0.008904923677177656,False,False,,False,,,False,False,
RELL,17.18000030517578,17.15999984741211,-0.0011641709783699605,0.0,True,11131.0,-0.011641709783699605,False,True,2498.0,True,11131.0,-0.005820854891849803,False,False,,False,,,False,False,
RELL,16.6299991607666,16.540000915527344,-0.005411800948948997,0.0,True,8949.0,-0.05411800948948997,False,False,,True,10006.0,-0.027059004744744986,False,False,,False,,,False,False,
RELL,16.850000381469727,16.79010009765625,-0.003554912905482821,0.0,True,4161.0,-0.03554912905482821,False,False,,True,4161.0,-0.017774564527414105,False,False,,False,,,False,False,
RELL,15.759900093078613,15.829999923706055,0.004447986993155295,0.0,True,2797.0,0.04447986993155295,False,False,,True,22856.0,0.022239934965776476,False,False,,False,,,False,False,
RELL,16.790000915527344,16.889999389648438,0.00595583494153451,0.0,True,14049.0,0.0595583494153451,False,False,,True,14049.0,0.02977917470767255,False,False,,False,,,False,False,
RELL,17.100000381469727,17.079999923706055,-0.0011696173869881754,0.0,True,18640.0,-0.011696173869881754,False,True,10007.0,True,18640.0,-0.005848086934940877,False,False,,False,,,False,False,
RELL,17.96,18.385000228881836,0.023663709848654513,3835.0,True,5276.0,0.23663709848654513,False,False,,False,,,False,False,,False,,,False,False,
RELL,17.190000534057617,17.229999542236328,0.002326876494242347,3930.0,True,8250.0,0.02326876494242347,False,False,,True,8250.0,0.011634382471211735,False,False,,False,,,False,False,
RELL,16.6200008392334,16.709999084472656,0.005415056600166057,0.0,True,13305.0,0.05415056600166057,False,False,,True,14362.0,0.027075283000830286,False,False,,False,,,False,False,
RELL,16.795000076293945,16.979999542236328,0.011015151241559495,7.0,True,18706.0,0.11015151241559495,False,False,,True,18706.0,0.05507575620779748,False,False,,False,,,False,False,
RELL,16.8799991607666,16.915000915527344,0.0020735637737527846,0.0,True,14126.0,0.020735637737527846,False,False,,True,14126.0,0.010367818868763923,False,False,,False,,,False,False,
RELL,17.059999465942383,17.110000610351562,0.002930899529569153,0.0,True,19772.0,0.02930899529569153,False,True,11139.0,True,19772.0,0.014654497647845766,False,False,,False,,,False,False,
RENX,2.049999952316284,2.059999942779541,0.004878044241882984,0.0,False,,,False,True,25605.0,False,,,False,False,,False,,,False,False,
RENX,2.0,2.0,0.0,0.0,False,,,False,True,17565.0,False,,,False,False,,False,,,False,False,
RES,5.895100116729736,5.894999980926514,-1.69862769485718e-05,0.0,False,,,False,True,15556.0,False,,,False,False,,False,,,False,False,
REXR,34.9900016784668,34.9900016784668,0.0,0.0,True,14292.0,0.0,False,False,,False,,,False,False,,False,,,False,False,
REXR,33.935001373291016,33.935001373291016,0.0,0.0,True,8729.0,0.0,False,False,,False,,,False,False,,False,,,False,False,
REZI,31.774999618530273,31.799999237060547,0.0007867700654728971,0.0,True,9761.0,0.00786770065472897,False,False,,True,15604.0,0.003933850327364485,False,False,,False,,,False,False,
REZI,36.86,37.20000076293945,0.009224111854027495,38.0,False,,,False,False,,False,,,False,False,,False,,,False,False,
REZI,37.61000061035156,37.65999984741211,0.0013294133541381647,0.0,False,,,False,True,7076.0,False,,,False,False,,False,,,False,False,
REZI,35.5724983215332,35.5525016784668,-0.0005621377190226928,0.0,False,,,False,False,,False,,,False,False,,False,,,False,False,
REZI,35.849998474121094,35.91999816894531,0.0019525717657908892,0.0,False,,,False,False,,False,,,False,False,,False,,,False,False,
RFL,2.309999942779541,2.259999990463257,-0.0216450015388836,0.0,False,,,False,True,7391.0,False,,,False,False,,False,,,False,False,
RGA,235.93499755859375,236.13999938964844,0.0008688911487315654,0.0,False,,,False,False,,False,,,False,False,,False,,,False,False,
RGA,237.9499969482422,238.14999389648438,0.0008404998983282397,0.0,False,,,False,False,,False,,,False,False,,False,,,False,False,
RGA,234.1999969482422,234.17999267578125,-8.54153403996305e-05,0.0,False,,,False,False,,False,,,False,False,,False,,,False,False,
RGA,235.35499572753906,235.3699951171875,6.373091678835152e-05,0.0,False,,,False,False,,False,,,False,False,,False,,,False,False,
RGEN,147.14999389648438,147.875,0.0049269869764700935,75.0,False,,,False,True,8715.0,False,,,False,False,,False,,,False,False,
RGEN,149.13999938964844,149.1649932861328,0.00016758680827844152,0.0,False,,,False,False,,False,,,False,False,,False,,,False,False,
RGEN,147.41000366210938,147.4499969482422,0.0002713064591226555,0.0,False,,,False,True,8392.0,False,,,False,False,,False,,,False,False,
RGEN,143.2449951171875,143.1649932861328,-0.000558496518424545,0.0,False,,,False,False,,False,,,False,False,,False,,,False,False,
RGEN,143.86000061035156,143.74000549316406,-0.0008341103620075341,0.0,False,,,False,True,15560.0,False,,,False,False,,False,,,False,False,
RGEN,147.0399932861328,147.02999877929688,-6.797134992031495e-05,0.0,False,,,False,True,1257.0,False,,,False,False,,False,,,False,False,
RGEN,148.24000549316406,148.4199981689453,0.001214197713919729,0.0,False,,,False,True,8593.0,False,,,False,False,,False,,,False,False,
RGLD,200.5,200.51499938964844,7.480992343356085e-05,0.0,False,,,False,False,,False,,,False,False,,False,,,False,False,
RGNX,9.359999656677246,9.359999656677246,0.0,0.0,False,,,False,False,,False,,,False,False,,False,,,False,False,
RGNX,15.5,15.635000228881836,0.008709692185924878,0.0,False,,,False,True,2913.0,False,,,False,True,7425.0,False,,,False,False,
RGNX,15.399999618530273,15.449999809265137,0.0032467657125587746,0.0,False,,,False,True,2654.0,False,,,False,True,7169.0,False,,,False,False,
RGNX,10.34000015258789,10.350000381469727,0.0009671401096964516,0.0,False,,,False,True,9741.0,False,,,False,False,,False,,,False,False,
RGNX,15.34000015258789,15.390000343322754,0.003259464813397006,0.0,False,,,False,True,2651.0,False,,,False,True,7158.0,False,,,False,False,
RGP,4.449999809265137,4.445000171661377,-0.0011235141164164242,0.0,False,,,False,True,2633.0,False,,,False,False,,False,,,False,False,
RGP,3.9649999141693115,3.9649999141693115,0.0,0.0,False,,,False,False,,False,,,False,False,,False,,,False,False,
RGP,4.389999866485596,4.394999980926514,0.0011389782671953341,0.0,False,,,False,True,3963.0,False,,,False,False,,False,,,False,False,
RGP,3.884999990463257,3.884999990463257,0.0,0.0,False,,,False,False,,False,,,False,False,,False,,,False,False,
RH,187.94500732421875,187.94000244140625,-2.662950659748642e-05,0.0,False,,,False,True,9919.0,False,,,False,False,,False,,,False,False,
RH,186.05999755859375,185.94000244140625,-0.0006449270061379409,0.0,False,,,False,True,4019.0,False,,,False,False,,False,,,False,False,
RH,189.21,188.91000366210938,-0.001585520521593109,985.0,False,,,False,True,9626.0,False,,,False,False,,False,,,False,False,
RH,181.24000549316406,182.0,0.004193304368800721,0.0,False,,,False,False,,False,,,False,False,,False,,,False,False,
RH,189.64999389648438,189.6999969482422,0.0002636596539260516,0.0,False,,,False,True,11325.0,False,,,False,False,,False,,,False,False,
RH,180.25999450683594,180.47999572753906,0.0012204661456083343,0.0,False,,,False,False,,False,,,False,False,,False,,,False,False,
RH,185.58999633789062,185.625,0.00018860748316229525,0.0,False,,,False,True,8362.0,False,,,False,False,,False,,,False,False,
RH,176.7100067138672,176.36000061035156,-0.0019806807210548394,0.0,False,,,False,False,,False,,,False,False,,False,,,False,False,
RH,187.91000366210938,187.88,-0.00015967038222897134,0.0,False,,,False,True,8276.0,False,,,False,False,,False,,,False,False,
RH,177.30999755859375,177.52000427246094,0.0011844042454389747,0.0,False,,,False,False,,False,,,False,False,,False,,,False,False,
RHI,32.4900016784668,32.5099983215332,0.0006154706689245337,0.0,True,7000.0,0.006154706689245337,False,False,,True,9696.0,0.0030773533446226686,False,False,,False,,,False,False,
RICK,26.34000015258789,26.309999465942383,-0.00113897822595721,1046.0,False,,,False,False,,False,,,False,False,,False,,,False,False,
RICK,26.91,26.6299991607666,-0.010405085069988829,45.0,False,,,False,False,,False,,,False,False,,False,,,False,False,
RIGL,37.47999954223633,37.474998474121094,-0.00013343298229229195,0.0,False,,,False,False,,False,,,False,False,,False,,,False,False,
RIME,0.4966999888420105,0.4950000047683716,-0.0034225571005189748,0.0,False,,,False,True,8495.0,False,,,False,False,,False,,,False,False,
RIME,0.47589999437332153,0.4724999964237213,-0.007144353834417361,0.0,True,2898.0,-0.07144353834417361,False,True,29919.0,False,,,False,False,,False,,,False,False,
RITM,9.069999694824219,9.079999923706055,0.0011025611045547556,0.0,True,8798.0,0.011025611045547556,False,False,,False,,,False,False,,False,,,False,False,
RJF,168.11000061035156,168.31500244140625,0.0012194505401843525,0.0,False,,,False,False,,False,,,False,False,,False,,,False,False,
RJF,166.10000610351562,166.11000061035156,6.0171622328075713e-05,0.0,False,,,False,False,,False,,,False,False,,False,,,False,False,
RJF,167.4600067138672,167.57000732421875,0.0006568769015966591,0.0,False,,,False,False,,False,,,False,False,,False,,,False,False,
RJF,170.6199951171875,170.59500122070312,-0.00014648867190047987,0.0,False,,,False,False,,False,,,False,False,,False,,,False,False,
RKDA,0.6798999905586243,0.6798999905586243,0.0,0.0,False,,,False,True,244.0,False,,,False,False,,False,,,False,False,
RKTO,0.7455999851226807,0.7491000294685364,0.0046942655789885546,0.0,True,2831.0,0.046942655789885546,False,False,,False,,,False,False,,False,,,False,False,
RLI,60.154998779296875,60.13999938964844,-0.0002493456895156232,0.0,True,9862.0,-0.002493456895156232,False,False,,False,,,False,False,,False,,,False,False,
RLI,60.65999984741211,60.849998474121094,0.0031321896997513754,0.0,True,15664.0,0.031321896997513754,False,False,,False,,,False,False,,False,,,False,False,
RLI,61.310001373291016,61.369998931884766,0.0009785933330590524,0.0,False,,,False,False,,False,,,False,False,,False,,,False,False,
RLI,62.29999923706055,62.29999923706055,0.0,0.0,False,,,False,False,,False,,,False,False,,False,,,False,False,
RLI,60.689998626708984,60.689998626708984,0.0,0.0,True,15557.0,0.0,False,False,,False,,,False,False,,False,,,False,False,
RLMD,5.659999847412109,5.664999961853027,0.0008834124692078671,0.0,False,,,False,True,5701.0,False,,,False,False,,False,,,False,False,
RMBI,15.109999656677246,15.117500305175781,0.0004964029562515293,0.0,False,,,False,False,,False,,,False,False,,False,,,False,False,
RMBI,15.319999694824219,15.350000381469727,0.0019582694022926006,0.0,False,,,False,False,,False,,,False,False,,False,,,False,False,
RMBI,15.710000038146973,15.989999771118164,0.01782302560733906,0.0,False,,,False,False,,False,,,False,False,,False,,,False,False,
RMBI,15.5,15.539999961853027,0.0025806427001953125,0.0,False,,,False,False,,False,,,False,False,,False,,,False,False,
RMBI,15.1899995803833,15.239999771118164,0.0032916518838772557,0.0,False,,,False,False,,False,,,False,False,,False,,,False,False,
RMBI,15.119999885559082,15.170000076293945,0.0033068909466473784,0.0,False,,,False,False,,False,,,False,False,,False,,,False,False,
RMBI,15.239999771118164,15.229999542236328,-0.000656183007350708,0.0,False,,,False,False,,False,,,False,False,,False,,,False,False,
RMBI,15.119999885559082,15.010000228881836,-0.007275109623665066,0.0,False,,,False,False,,False,,,False,False,,False,,,False,False,
RMBI,15.119999885559082,15.170000076293945,0.0033068909466473784,0.0,False,,,False,False,,False,,,False,False,,False,,,False,False,
RMBI,15.300000190734863,15.170000076293945,-0.00849673940001916,0.0,False,,,False,False,,False,,,False,False,,False,,,False,False,
RMBI,16.149999618530273,16.299999237060547,0.00928790229556209,0.0,False,,,False,False,,False,,,False,False,,False,,,False,False,
RMBI,15.550000190734863,15.649999618530273,0.006430831290599848,0.0,False,,,False,False,,False,,,False,False,,False,,,False,False,
RMBI,15.319999694824219,15.369999885559082,0.00326372008687148,0.0,False,,,False,False,,False,,,False,False,,False,,,False,False,
RMBI,15.279999732971191,15.279999732971191,0.0,0.0,False,,,False,False,,False,,,False,False,,False,,,False,False,
RMBI,15.744999885559082,15.744999885559082,0.0,0.0,False,,,False,False,,False,,,False,False,,False,,,False,False,
RMBI,15.3100004196167,15.220000267028809,-0.005878520582701885,0.0,False,,,False,False,,False,,,False,False,,False,,,False,False,
RMBS,104.30999755859375,104.6500015258789,0.0032595530173813447,0.0,False,,,False,True,5610.0,False,,,False,False,,False,,,False,False,
RMBS,100.94000244140625,101.27999877929688,0.00336830126478338,0.0,False,,,False,True,7070.0,False,,,False,False,,False,,,False,False,
RMD,190.625,190.75,0.0006557377049181135,0.0,True,7061.0,0.0065573770491811345,False,False,,False,,,False,False,,False,,,False,False,
RMD,203.02000427246094,202.94000244140625,-0.00039405885809817853,0.0,False,,,False,False,,False,,,False,False,,False,,,False,False,
RMD,192.6199951171875,192.92999267578125,0.0016093737226250404,0.0,True,9709.0,0.016093737226250404,False,False,,False,,,False,False,,False,,,False,False,
RNAZ,9.878800392150879,9.6899995803833,-0.019111714405889657,0.0,False,,,False,True,1439.0,False,,,False,True,19970.0,False,,,False,True,27317.0
RNAZ,8.75,8.69789981842041,-0.005954306466238846,0.0,True,123.0,-0.059543064662388456,False,True,20098.0,True,1366.0,-0.029771532331194228,False,True,21486.0,False,,,False,False,
RNAZ,7.699999809265137,7.699999809265137,0.0,0.0,True,1257.0,0.0,False,True,22760.0,True,1371.0,0.0,False,True,22839.0,False,,,False,False,
RNAZ,8.505000114440918,8.529999732971191,0.0029394024919324746,0.0,True,99.0,0.029394024919324746,False,True,20170.0,True,1368.0,0.014697012459662373,False,True,21488.0,False,,,False,False,
RNAZ,9.260000228881836,9.260000228881836,0.0,0.0,True,1122.0,0.0,False,True,5619.0,False,,,False,True,20186.0,False,,,False,True,27229.0
RNAZ,8.739899635314941,8.739899635314941,0.0,0.0,True,128.0,0.0,False,True,20103.0,True,1371.0,0.0,False,True,21491.0,False,,,False,False,
RNAZ,8.505000114440918,8.529999732971191,0.0029394024919324746,0.0,True,99.0,0.029394024919324746,False,True,20170.0,True,1368.0,0.014697012459662373,False,True,21488.0,False,,,False,False,
RNAZ,7.840000152587891,7.960000038146973,0.01530610755402484,116.0,True,224.0,0.1530610755402484,False,True,21716.0,True,331.0,0.0765305377701242,False,True,21783.0,False,,,False,False,
RNAZ,9.5600004196167,9.489999771118164,-0.007322243245397431,929.0,True,969.0,-0.0732224324539743,False,True,1272.0,False,,,False,True,19771.0,False,,,False,True,27074.0
RNAZ,9.680000305175781,9.5600004196167,-0.012396682001644121,0.0,True,1092.0,-0.12396682001644121,False,True,1292.0,False,,,False,True,19893.0,False,,,False,True,27170.0
RNAZ,9.220000267028809,9.225000381469727,0.0005423117457814541,0.0,True,1295.0,0.005423117457814541,False,True,5808.0,False,,,False,True,20375.0,False,,,False,True,27418.0
RNAZ,9.5600004196167,9.489999771118164,-0.007322243245397431,1008.0,True,1048.0,-0.0732224324539743,False,True,1351.0,False,,,False,True,19850.0,False,,,False,True,27153.0
RNR,324.2225036621094,324.2174987792969,-1.5436568270188467e-05,0.0,False,,,False,False,,False,,,False,False,,False,,,False,False,
RNR,321.95001220703125,321.95001220703125,0.0,0.0,False,,,False,False,,False,,,False,False,,False,,,False,False,
RNR,324.4800109863281,324.32000732421875,-0.0004931079163336127,0.0,False,,,False,False,,False,,,False,False,,False,,,False,False,
RNR,329.8500061035156,329.57000732421875,-0.0008488669823125683,0.0,False,,,False,False,,False,,,False,False,,False,,,False,False,
RNST,42.380001068115234,42.38999938964844,0.00023592074755107717,0.0,False,,,False,False,,False,,,False,False,,False,,,False,False,
RNTX,0.8655999898910522,0.8655999898910522,0.0,0.0,False,,,False,True,4086.0,False,,,False,False,,False,,,False,False,
RNTX,0.8658000230789185,0.8658000230789185,0.0,0.0,False,,,False,True,4100.0,False,,,False,False,,False,,,False,False,
ROCK,43.83000183105469,43.66999816894531,-0.0036505511162449045,0.0,False,,,False,False,,False,,,False,False,,False,,,False,False,
ROG,138.5050048828125,138.69000244140625,0.0013356741783465687,0.0,False,,,False,True,18369.0,False,,,False,False,,False,,,False,False,
ROG,131.67999267578125,131.63499450683594,-0.00034172365923579306,0.0,False,,,False,True,12868.0,False,,,False,False,,False,,,False,False,
ROG,133.30999755859375,133.44000244140625,0.0009752073002278205,0.0,False,,,False,True,17031.0,False,,,False,False,,False,,,False,False,
ROL,43.935001373291016,43.95500183105469,0.00045522834046907157,0.0,False,,,False,True,2681.0,False,,,False,False,,False,,,False,False,
ROL,45.185001373291016,45.20000076293945,0.00033195505571681494,0.0,False,,,False,True,8430.0,False,,,False,False,,False,,,False,False,
ROL,45.470001220703125,45.474998474121094,0.00010990220549400576,0.0,False,,,False,True,9884.0,False,,,False,False,,False,,,False,False,
ROP,352.8251037597656,352.7950134277344,-8.52839883290768e-05,0.0,True,9758.0,-0.000852839883290768,False,False,,False,,,False,False,,False,,,False,False,
ROP,348.1300048828125,348.20001220703125,0.00020109534724621625,0.0,True,18491.0,0.0020109534724621625,False,False,,False,,,False,False,,False,,,False,False,
ROP,364.5350036621094,364.739990234375,0.0005623234263001375,0.0,True,17018.0,0.005623234263001375,False,False,,False,,,False,False,,False,,,False,False,
ROP,354.864990234375,355.06500244140625,0.00056362902099516,0.0,False,,,False,False,,False,,,False,False,,False,,,False,False,
ROP,348.239990234375,348.2250061035156,-4.3028173901782374e-05,0.0,True,18350.0,-0.00043028173901782374,False,False,,False,,,False,False,,False,,,False,False,
RPM,102.19999694824219,102.19999694824219,0.0,0.0,True,11175.0,0.0,False,False,,False,,,False,False,,False,,,False,False,
RPM,112.30500030517578,112.23999786376953,-0.0005788027356716796,0.0,False,,,False,False,,False,,,False,False,,False,,,False,False,
RPM,103.63999938964844,103.63999938964844,0.0,0.0,False,,,False,False,,False,,,False,False,,False,,,False,False,
RPM,107.66999816894531,107.98999786376953,0.0029720414253384675,0.0,False,,,False,False,,False,,,False,False,,False,,,False,False,
RPM,108.41999816894531,108.37000274658203,-0.0004611273123743542,0.0,False,,,False,False,,False,,,False,False,,False,,,False,False,
RPM,105.8499984741211,105.81999969482422,-0.000283408405567509,0.0,False,,,False,False,,False,,,False,False,,False,,,False,False,
RPM,103.23500061035156,103.23500061035156,0.0,0.0,False,,,False,False,,False,,,False,False,,False,,,False,False,
RPM,107.5999984741211,107.80500030517578,0.0019052215052213217,0.0,False,,,False,False,,False,,,False,False,,False,,,False,False,
RPM,109.12999725341797,109.13500213623047,4.586165984110657e-05,0.0,False,,,False,False,,False,,,False,False,,False,,,False,False,
RPM,109.3499984741211,109.30000305175781,-0.0004572055149604237,0.0,False,,,False,False,,False,,,False,False,,False,,,False,False,
RPM,105.04000091552734,105.09500122070312,0.000523612954078434,0.0,False,,,False,False,,False,,,False,False,,False,,,False,False,
RPM,109.32499694824219,109.44000244140625,0.00105195971986638,0.0,False,,,False,False,,False,,,False,False,,False,,,False,False,
RPM,103.54000091552734,103.48999786376953,-0.0004829346273486079,0.0,True,18493.0,-0.004829346273486079,False,False,,False,,,False,False,,False,,,False,False,
RPM,103.36499786376953,103.40499877929688,0.00038698704933048944,0.0,False,,,False,False,,False,,,False,False,,False,,,False,False,
RPM,110.33,110.90499877929688,0.00521162674972242,53.0,False,,,False,False,,False,,,False,False,,False,,,False,False,
RPM,111.63999938964844,111.63999938964844,0.0,0.0,False,,,False,False,,False,,,False,False,,False,,,False,False,
RPM,102.38500213623047,102.38999938964844,4.880845156707281e-05,0.0,True,11272.0,0.0004880845156707281,False,False,,False,,,False,False,,False,,,False,False,
RPM,108.4800033569336,108.4800033569336,0.0,0.0,False,,,False,False,,False,,,False,False,,False,,,False,False,
RPT,14.379899978637695,14.319999694824219,-0.004165556360090306,0.0,False,,,False,True,6890.0,False,,,False,True,8632.0,False,,,False,False,
RPT,14.40999984741211,14.399999618530273,-0.0006939784169138763,0.0,False,,,False,True,9971.0,False,,,False,True,11395.0,False,,,False,False,
RPT,11.279999732971191,11.279999732971191,0.0,0.0,True,5502.0,0.0,False,True,4229.0,False,,,False,False,,False,,,False,False,
RPT,11.5,11.5,0.0,0.0,True,8320.0,0.0,False,True,6891.0,False,,,False,False,,False,,,False,False,
RRC,38.0,38.005001068115234,0.0001316070556640625,0.0,False,,,False,False,,False,,,False,False,,False,,,False,False,
RRC,36.54999923706055,36.55500030517578,0.00013682813186388643,0.0,False,,,False,False,,False,,,False,False,,False,,,False,False,
RRC,36.314998626708984,36.34000015258789,0.0006884628066738951,0.0,True,11273.0,0.0068846280667389514,False,False,,False,,,False,False,,False,,,False,False,
RRGB,7.070000171661377,7.139999866485596,0.009900946693721213,0.0,False,,,False,True,1416.0,False,,,False,False,,False,,,False,False,
RRGB,7.105000019073486,7.059999942779541,-0.006333578630984049,0.0,False,,,False,True,5618.0,False,,,False,False,,False,,,False,False,
RS,378.5150146484375,378.4750061035156,-0.0001056986998495546,0.0,False,,,False,False,,False,,,False,False,,False,,,False,False,
RS,395.6050109863281,395.739990234375,0.0003411970129254538,0.0,False,,,False,False,,False,,,False,False,,False,,,False,False,
RS,379.0899963378906,379.0899963378906,0.0,0.0,False,,,False,False,,False,,,False,False,,False,,,False,False,
RTB,16.559999465942383,16.56999969482422,0.0006038785751414366,0.0,True,165.0,0.006038785751414366,False,True,7416.0,True,210.0,0.003019392875707183,False,True,8550.0,False,,,False,False,
RTB,17.924999237060547,17.924999237060547,0.0,0.0,True,28782.0,0.0,False,True,1424.0,False,,,False,True,7215.0,False,,,False,False,
RTB,18.760000228881836,20.753000259399414,0.1062366741045806,25.0,True,25.0,1.062366741045806,True,True,343.0,False,,,False,True,6126.0,False,,,False,False,
RTB,17.110000610351562,17.110000610351562,0.0,0.0,True,8358.0,0.0,False,True,4001.0,False,,,False,True,5463.0,False,,,False,False,
RTB,16.549999237060547,16.799999237060547,0.015105740877629392,0.0,True,1126.0,0.15105740877629392,False,True,7243.0,True,19816.0,0.07552870438814696,False,False,,False,,,False,False,
RTX,194.06500244140625,194.07000732421875,2.5789723801405984e-05,0.0,True,11388.0,0.00025789723801405984,False,False,,False,,,False,False,,False,,,False,False,
RTX,196.69000244140625,196.77999877929688,0.0004575542059765958,0.0,False,,,False,False,,False,,,False,False,,False,,,False,False,
RTX,196.39,197.22500610351562,0.004251775057363627,92.0,False,,,False,False,,False,,,False,False,,False,,,False,False,
RTX,193.30999755859375,193.55999755859375,0.0012932595476560227,0.0,True,10047.0,0.012932595476560227,False,False,,False,,,False,False,,False,,,False,False,
RTX,197.21994018554688,197.19000244140625,-0.00015179876899085176,0.0,False,,,False,False,,False,,,False,False,,False,,,False,False,
RTX,196.4600067138672,196.57000732421875,0.0005599135019462853,0.0,False,,,False,False,,False,,,False,False,,False,,,False,False,
RTX,197.52999877929688,197.5,-0.00015186948555789836,0.0,False,,,False,False,,False,,,False,False,,False,,,False,False,
RTX,195.0124969482422,195.07000732421875,0.0002949061053858504,0.0,False,,,False,False,,False,,,False,False,,False,,,False,False,
RWAY,5.489999771118164,5.489999771118164,0.0,0.0,False,,,False,False,,False,,,False,False,,False,,,False,False,
RWAY,5.599999904632568,5.65500020980835,0.009821483234362605,0.0,False,,,False,False,,False,,,False,False,,False,,,False,False,
RWT,5.139999866485596,5.144999980926514,0.0009727849359530971,0.0,False,,,False,True,17198.0,False,,,False,False,,False,,,False,False,
RWT,5.21,5.210000038146973,7.321875772348108e-09,302.0,False,,,False,True,16142.0,False,,,False,False,,False,,,False,False,
RXST,5.179999828338623,5.179999828338623,0.0,0.0,True,10150.0,0.0,False,False,,False,,,False,False,,False,,,False,False,
RXST,5.614999771118164,5.650000095367432,0.0062333616519982815,0.0,True,2634.0,0.062333616519982815,False,False,,False,,,False,False,,False,,,False,False,
RXST,4.925000190734863,4.945000171661377,0.004060909675524194,0.0,True,2866.0,0.040609096755241936,False,False,,True,3166.0,0.020304548377620968,False,False,,False,,,False,False,
RXST,5.59499979019165,5.59499979019165,0.0,0.0,True,12804.0,0.0,False,False,,False,,,False,False,,False,,,False,False,
RXST,4.960000038146973,4.954999923706055,-0.0010080875811416812,0.0,True,8359.0,-0.010080875811416812,False,False,,True,25671.0,-0.005040437905708406,False,False,,False,,,False,False,
RXST,5.440000057220459,5.440000057220459,0.0,0.0,True,11537.0,0.0,False,False,,False,,,False,False,,False,,,False,False,
RXST,5.105000019073486,5.135000228881836,0.005876632653528224,0.0,True,4269.0,0.05876632653528224,False,False,,True,22780.0,0.02938316326764112,False,False,,False,,,False,False,
RXT,3.8099000453948975,3.805000066757202,-0.001286117372978901,0.0,True,4116.0,-0.01286117372978901,False,False,,False,,,False,False,,False,,,False,False,
RXT,7.005000114440918,7.039999961853027,0.004996409256290635,0.0,True,1185.0,0.04996409256290635,False,True,1323.0,False,,,False,True,2621.0,False,,,False,False,
RXT,4.105000019073486,4.109899997711182,0.001193661051139605,0.0,True,5874.0,0.01193661051139605,False,False,,False,,,False,False,,False,,,False,False,
RXT,3.7799999713897705,3.7799999713897705,0.0,0.0,True,2683.0,0.0,False,False,,False,,,False,False,,False,,,False,False,
RXT,3.805000066757202,3.805000066757202,0.0,0.0,True,4281.0,0.0,False,False,,False,,,False,False,,False,,,False,False,
RYAM,8.604999542236328,8.609999656677246,0.0005810708549576216,0.0,False,,,False,False,,False,,,False,False,,False,,,False,False,
RYAM,8.199999809265137,8.204999923706055,0.0006097700679539297,0.0,True,2557.0,0.006097700679539297,False,False,,False,,,False,False,,False,,,False,False,
RYAM,8.180000305175781,8.170000076293945,-0.0012225218225857537,0.0,True,2705.0,-0.012225218225857537,False,False,,False,,,False,False,,False,,,False,False,
RYN,21.579999923706055,21.56999969482422,-0.0004634026374972233,0.0,False,,,False,False,,False,,,False,False,,False,,,False,False,
SABS,3.740000009536743,3.7950000762939453,0.014705900164961427,0.0,False,,,False,True,27354.0,False,,,False,False,,False,,,False,False,
SAFT,75.88999938964844,75.88500213623047,-6.584864222114462e-05,0.0,True,15511.0,-0.0006584864222114462,False,False,,True,15511.0,-0.0003292432111057231,False,False,,False,,,False,False,
SAFT,76.11640167236328,76.0999984741211,-0.00021550149352556058,0.0,True,10068.0,-0.002155014935255606,False,False,,True,10068.0,-0.001077507467627803,False,False,,False,,,False,False,
SAFT,76.06999969482422,76.11499786376953,0.000591536336608911,0.0,True,15810.0,0.00591536336608911,False,False,,True,15810.0,0.002957681683044555,False,False,,False,,,False,False,
SAFT,73.54499816894531,73.47000122070312,-0.0010197423361124613,0.0,True,9820.0,-0.010197423361124613,False,False,,True,9820.0,-0.005098711680562307,False,False,,False,,,False,False,
SAFT,75.76000213623047,75.73999786376953,-0.00026404793950463024,0.0,True,15646.0,-0.0026404793950463024,False,False,,True,15646.0,-0.0013202396975231512,False,False,,False,,,False,False,
SAFT,74.05000305175781,74.16000366210938,0.0014854909631087931,0.0,True,9695.0,0.014854909631087931,False,False,,True,9695.0,0.007427454815543966,False,False,,False,,,False,False,
SAFT,72.93000030517578,73.36000061035156,0.005896068879424732,0.0,True,11520.0,0.05896068879424732,False,False,,True,11520.0,0.02948034439712366,False,False,,False,,,False,False,
SAFT,75.88500213623047,75.83399963378906,-0.0006721025368074951,0.0,True,15510.0,-0.006721025368074951,False,False,,True,15510.0,-0.0033605126840374755,False,False,,False,,,False,False,
SAFT,75.00250244140625,76.05000305175781,0.013966208809764735,0.0,True,10073.0,0.13966208809764735,False,False,,True,10073.0,0.06983104404882368,False,False,,False,,,False,False,
SAFT,75.73999786376953,75.68499755859375,-0.000726172520821966,0.0,True,21217.0,-0.00726172520821966,False,False,,True,21217.0,-0.00363086260410983,False,False,,False,,,False,False,
SAFT,73.54499816894531,73.47000122070312,-0.0010197423361124613,0.0,True,9820.0,-0.010197423361124613,False,False,,True,9820.0,-0.005098711680562307,False,False,,False,,,False,False,
SAFT,77.13999938964844,77.0199966430664,-0.0015556487883267023,0.0,True,21592.0,-0.015556487883267023,False,False,,True,21592.0,-0.007778243941633511,False,False,,False,,,False,False,
SANM,220.42999267578125,220.42999267578125,0.0,0.0,False,,,False,True,8319.0,False,,,False,True,8320.0,False,,,False,False,
SANM,174.58999633789062,174.00999450683594,-0.0033220794044361845,0.0,False,,,False,False,,False,,,False,False,,False,,,False,False,
SANM,209.11000061035156,209.22000122070312,0.0005260418441512815,0.0,False,,,False,True,5461.0,False,,,False,True,5470.0,False,,,False,False,
SAR,19.25,19.209999084472656,-0.0020779696377840606,0.0,False,,,False,False,,False,,,False,False,,False,,,False,False,
SAR,19.41,19.549999237060547,0.007212737612598996,985.0,False,,,False,False,,False,,,False,False,,False,,,False,False,
SAR,19.094999313354492,19.125,0.00157112792481362,0.0,False,,,False,False,,False,,,False,False,,False,,,False,False,
SATL,4.965000152587891,5.0,0.007049314468573931,0.0,False,,,False,True,2857.0,False,,,False,True,10242.0,False,,,False,False,
SATL,4.735000133514404,4.735000133514404,0.0,0.0,False,,,False,True,9853.0,False,,,False,True,11284.0,False,,,False,False,
SATL,4.315000057220459,4.315000057220459,0.0,0.0,False,,,False,True,2498.0,False,,,False,False,,False,,,False,False,
SATL,4.605000019073486,4.619999885559082,0.003257299983380646,150.0,False,,,False,True,7432.0,False,,,False,True,8844.0,False,,,False,False,
SATL,3.944999933242798,3.9100000858306885,-0.008871951331907768,980.0,False,,,False,True,1280.0,False,,,False,False,,False,,,False,False,
SATL,3.559999942779541,3.565000057220459,0.0014045265509228244,0.0,False,,,False,False,,False,,,False,False,,False,,,False,False,
SATL,3.944999933242798,3.9100000858306885,-0.008871951331907768,234.0,False,,,False,True,534.0,False,,,False,False,,False,,,False,False,
SATL,3.5850000381469727,3.5850000381469727,0.0,0.0,True,1248.0,0.0,False,False,,False,,,False,False,,False,,,False,False,
SATL,4.320000171661377,4.320000171661377,0.0,0.0,False,,,False,True,1430.0,False,,,False,False,,False,,,False,False,
SATL,4.360000133514404,4.360000133514404,0.0,0.0,False,,,False,True,1500.0,False,,,False,True,4025.0,False,,,False,False,
SBC,2.950000047683716,2.9549999237060547,0.0016948732005155343,0.0,True,28443.0,0.016948732005155343,False,False,,False,,,False,False,,False,,,False,False,
SBCF,33.380001068115234,33.380001068115234,0.0,0.0,False,,,False,False,,False,,,False,False,,False,,,False,False,
SBCF,33.31999969482422,33.33000183105469,0.00030018416332766584,0.0,False,,,False,False,,False,,,False,False,,False,,,False,False,
SBEV,0.3025999963283539,0.30410000681877136,0.004957073723126593,0.0,True,351.0,0.04957073723126593,False,True,64.0,True,2872.0,0.024785368615632963,False,False,,False,,,False,False,
SBEV,0.10729999840259552,0.10729999840259552,0.0,0.0,True,17274.0,0.0,False,True,1479.0,True,17274.0,0.0,False,False,,True,17274.0,0.0,False,False,
SBEV,0.1642,0.1535000056028366,-0.065164399495514,974.0,True,1054.0,-0.65164399495514,False,True,3983.0,False,,,False,True,8281.0,False,,,False,False,
SBEV,0.3331,0.3212999999523163,-0.03542479750130212,328.0,True,1789.0,-0.3542479750130212,False,False,,False,,,False,False,,False,,,False,False,
SBEV,0.1642,0.1535000056028366,-0.065164399495514,182.0,True,262.0,-0.65164399495514,False,True,3191.0,False,,,False,True,7489.0,False,,,False,False,
SBFM,1.95,1.9500000476837158,2.445318769694893e-08,1031.0,False,,,False,True,9919.0,False,,,False,True,19802.0,False,,,False,False,
SBFM,1.5099999904632568,1.5299999713897705,0.013245020564786714,88.0,False,,,False,True,1548.0,False,,,False,True,2998.0,False,,,False,False,
SBFM,2.0299999713897705,2.0450000762939453,0.0073892143426512735,0.0,False,,,False,True,5738.0,False,,,False,True,20184.0,False,,,False,False,
SBFM,1.649999976158142,1.659999966621399,0.006060600368335001,0.0,False,,,False,True,95.0,False,,,False,True,2887.0,False,,,False,False,
SBRA,20.389999389648438,20.385000228881836,-0.00024517709250837516,0.0,True,7080.0,-0.0024517709250837516,False,False,,False,,,False,False,,False,,,False,False,
SBSI,34.16999816894531,34.150001525878906,-0.000585210539594927,0.0,False,,,False,False,,False,,,False,False,,False,,,False,False,
SBSI,35.755001068115234,35.790000915527344,0.0009788797753196299,0.0,False,,,False,True,15752.0,False,,,False,False,,False,,,False,False,
SBSI,36.130001068115234,36.130001068115234,0.0,0.0,False,,,False,True,15612.0,False,,,False,False,,False,,,False,False,
SCLX,8.739999771118164,8.544500350952148,-0.022368355295849685,0.0,False,,,False,True,4335.0,False,,,False,True,7566.0,False,,,False,False,
SCLX,8.720000267028809,8.699999809265137,-0.0022936304072485036,0.0,False,,,False,True,4330.0,False,,,False,True,7561.0,False,,,False,False,
SCLX,8.680800437927246,8.869999885559082,0.02179516151589045,0.0,False,,,False,True,5548.0,False,,,False,True,8709.0,False,,,False,False,
SCLX,8.479999542236328,8.5600004196167,0.009434066238082961,0.0,False,,,False,True,4163.0,False,,,False,True,9833.0,False,,,False,False,
SCWO,2.0,2.0899999141693115,0.04499995708465576,1050.0,True,2617.0,0.4499995708465576,False,False,,True,2722.0,0.2249997854232788,False,False,,False,,,False,False,
SCWO,2.0999999046325684,2.1500000953674316,0.023809615716916754,8.0,True,102.0,0.23809615716916754,False,False,,False,,,False,False,,False,,,False,False,
SDEV,1.5,1.5299999713897705,0.019999980926513672,257.0,False,,,False,True,316.0,False,,,False,True,6289.0,False,,,False,False,
SDEV,1.28,1.309999942779541,0.02343745529651642,205.0,False,,,False,True,9235.0,False,,,False,False,,False,,,False,False,
SDEV,1.319599986076355,1.309999942779541,-0.007274964684834795,0.0,False,,,False,True,5904.0,False,,,False,False,,False,,,False,False,
SDEV,1.171,1.2100000381469727,0.03330490021090737,70.0,True,1600.0,0.33304900210907373,False,False,,False,,,False,False,,False,,,False,False,
SDEV,1.3300000429153442,1.3250000476837158,-0.003759394789693782,0.0,True,269.0,-0.03759394789693782,False,True,2767.0,True,4213.0,-0.01879697394846891,False,False,,False,,,False,False,
SDOT,18.020000457763672,18.040000915527344,0.0011099032883239435,0.0,False,,,False,True,1255.0,False,,,False,True,2695.0,False,,,False,False,
SDOT,20.28,19.08180046081543,-0.059082817514032104,289.0,False,,,False,True,1729.0,False,,,False,True,7489.0,False,,,False,False,
SDOT,25.308000564575195,33.679901123046875,0.33080055206693104,186.0,True,186.0,3.3080055206693104,True,True,1627.0,True,186.0,1.6540027603346552,True,True,1958.0,False,,,False,False,
SDOT,25.90999984741211,24.798999786376953,-0.042879199829332415,102.0,False,,,False,True,102.0,False,,,False,True,262.0,False,,,False,False,
SDOT,22.190000534057617,22.190000534057617,0.0,0.0,True,9789.0,0.0,False,True,4027.0,True,9936.0,0.0,False,True,4042.0,True,14107.0,0.0,False,False,
SDOT,18.25,18.139999389648438,-0.0060274307041952024,9.0,True,33.0,-0.060274307041952024,False,True,10.0,True,4329.0,-0.030137153520976012,False,True,2889.0,True,4479.0,-0.012054861408390405,False,False,
SDST,1.5399999618530273,1.5399999618530273,0.0,0.0,False,,,False,True,1395.0,False,,,False,True,2849.0,False,,,False,False,
SDST,1.6799999475479126,1.7000000476837158,0.011904821881092875,0.0,False,,,False,True,8305.0,False,,,False,True,10024.0,False,,,False,False,
SEIC,99.48999786376953,99.51000213623047,0.0002010681766053679,0.0,False,,,False,False,,False,,,False,False,,False,,,False,False,
SEIC,95.73999786376953,95.7249984741211,-0.00015666795470148376,0.0,False,,,False,False,,False,,,False,False,,False,,,False,False,
SEIC,94.62000274658203,94.61000061035156,-0.0001057084753766091,0.0,False,,,False,False,,False,,,False,False,,False,,,False,False,
SEIC,98.27999877929688,98.25,-0.0003052378883748874,0.0,False,,,False,False,,False,,,False,False,,False,,,False,False,
SEIC,94.65499877929688,94.86000061035156,0.0021657792372136164,0.0,False,,,False,False,,False,,,False,False,,False,,,False,False,
SEIC,94.79000091552734,94.73999786376953,-0.0005275139917170213,0.0,False,,,False,False,,False,,,False,False,,False,,,False,False,
SEIC,97.94999694824219,97.98500061035156,0.00035736256457341575,0.0,False,,,False,False,,False,,,False,False,,False,,,False,False,
SEIC,98.1500015258789,98.16999816894531,0.0002037355349520098,0.0,False,,,False,False,,False,,,False,False,,False,,,False,False,
SEIC,97.29000091552734,97.31999969482422,0.0003083439101096985,0.0,False,,,False,False,,False,,,False,False,,False,,,False,False,
SER,2.05,2.0299999713897705,-0.009756111517185029,72.0,True,11790.0,-0.09756111517185029,False,False,,False,,,False,False,,False,,,False,False,
SER,2.009999990463257,1.9900000095367432,-0.009950239314132636,0.0,True,9838.0,-0.09950239314132636,False,False,,False,,,False,False,,False,,,False,False,
SER,1.95,2.0199999809265137,0.03589742611616087,150.0,True,1756.0,0.3589742611616087,False,False,,False,,,False,False,,False,,,False,False,
SER,2.1600000858306885,2.1500000953674316,-0.004629625030506013,0.0,False,,,False,True,1433.0,False,,,False,False,,False,,,False,False,
SER,2.115000009536743,2.140000104904175,0.011820376006952182,0.0,False,,,False,False,,False,,,False,False,,False,,,False,False,
SER,2.14,2.0799999237060547,-0.028037418828946503,141.0,False,,,False,False,,False,,,False,False,,False,,,False,False,
SEVN,8.520000457763672,8.267000198364258,-0.02969486453124226,3920.0,False,,,False,True,17006.0,False,,,False,False,,False,,,False,False,
SEVN,7.83,7.849999904632568,0.0025542662365987123,836.0,False,,,False,False,,False,,,False,False,,False,,,False,False,
SEZL,155.80999755859375,156.13490295410156,0.0020852666747885884,0.0,False,,,False,False,,False,,,False,False,,False,,,False,False,
SEZL,157.7050018310547,157.8800048828125,0.0011096861210864173,0.0,False,,,False,False,,False,,,False,False,,False,,,False,False,
SEZL,175.57000732421875,176.3800048828125,0.004613530357141071,0.0,False,,,False,True,2669.0,False,,,False,False,,False,,,False,False,
SEZL,153.9149932861328,153.6999969482422,-0.0013968511663509098,0.0,False,,,False,False,,False,,,False,False,,False,,,False,False,
SEZL,157.17999267578125,157.1999969482422,0.00012726983963018412,0.0,False,,,False,False,,False,,,False,False,,False,,,False,False,
SEZL,179.02000427246094,179.07000732421875,0.0002793154427687128,0.0,False,,,False,True,2803.0,False,,,False,False,,False,,,False,False,
SEZL,160.11000061035156,159.85000610351562,-0.0016238492651603487,0.0,False,,,False,False,,False,,,False,False,,False,,,False,False,
SEZL,178.82000732421875,178.8800048828125,0.00033551927153752104,0.0,False,,,False,True,2792.0,False,,,False,False,,False,,,False,False,
SEZL,159.25999450683594,158.6699981689453,-0.0037046110651806075,0.0,False,,,False,False,,False,,,False,False,,False,,,False,False,
SF,72.66999816894531,72.66999816894531,0.0,0.0,False,,,False,False,,False,,,False,False,,False,,,False,False,
SF,75.58999633789062,75.56999969482422,-0.0002645408656593018,0.0,True,20082.0,-0.002645408656593018,False,False,,False,,,False,False,,False,,,False,False,
SF,78.66999816894531,78.69999694824219,0.0003813242658585736,0.0,False,,,False,False,,False,,,False,False,,False,,,False,False,
SF,76.29000091552734,76.29000091552734,0.0,0.0,False,,,False,False,,False,,,False,False,,False,,,False,False,
SFBS,85.5,85.4749984741211,-0.0002924155073555923,0.0,False,,,False,False,,False,,,False,False,,False,,,False,False,
SFBS,85.55000305175781,85.61000061035156,0.0007013156803448162,0.0,False,,,False,False,,False,,,False,False,,False,,,False,False,
SFNC,23.059999465942383,23.079999923706055,0.0008673225597082279,0.0,False,,,False,False,,False,,,False,False,,False,,,False,False,
SFST,59.529998779296875,59.529998779296875,0.0,0.0,False,,,False,False,,False,,,False,False,,False,,,False,False,
SGI,70.63999938964844,70.6500015258789,0.0001415930962187506,0.0,False,,,False,False,,False,,,False,False,,False,,,False,False,
SGI,69.8949966430664,69.87999725341797,-0.0002145989036244078,0.0,False,,,False,False,,False,,,False,False,,False,,,False,False,
SGLY,3.7099997997283936,3.7058000564575195,-0.0011320063335802377,0.0,True,4114.0,-0.011320063335802377,False,False,,True,5651.0,-0.005660031667901189,False,False,,False,,,False,False,
SGMOQ,0.08399999886751175,0.08399999886751175,0.0,0.0,True,60.0,0.0,False,True,4089.0,False,,,False,True,7358.0,False,,,False,False,
SGMT,7.735000133514404,7.71999979019165,-0.001939281585498609,0.0,False,,,False,True,11480.0,False,,,False,False,,False,,,False,False,
SGMT,7.809999942779541,7.815000057220459,0.0006402195233741192,0.0,False,,,False,True,4040.0,False,,,False,False,,False,,,False,False,
SGMT,6.889999866485596,6.900000095367432,0.0014514120574196099,0.0,True,4604.0,0.014514120574196099,False,False,,False,,,False,False,,False,,,False,False,
SGMT,7.599999904632568,7.605000019073486,0.0006579098031131991,0.0,False,,,False,False,,False,,,False,False,,False,,,False,False,
SGMT,7.760000228881836,7.75,-0.0012886892508864323,0.0,False,,,False,True,10027.0,False,,,False,False,,False,,,False,False,
SGRY,16.479999542236328,16.5049991607666,0.0015169671859640577,0.0,False,,,False,True,8356.0,False,,,False,False,,False,,,False,False,
SGRY,15.670000076293945,15.649999618530273,-0.0012763533928713544,0.0,False,,,False,False,,False,,,False,False,,False,,,False,False,
SGU,13.029999732971191,13.010000228881836,-0.0015348813890416757,0.0,False,,,False,False,,False,,,False,False,,False,,,False,False,
SGU,12.979999542236328,13.09000015258789,0.008474623592522157,0.0,False,,,False,False,,False,,,False,False,,False,,,False,False,
SHBI,23.049999237060547,23.049999237060547,0.0,0.0,False,,,False,False,,False,,,False,False,,False,,,False,False,
SHBI,22.68000030517578,22.68000030517578,0.0,0.0,False,,,False,False,,False,,,False,False,,False,,,False,False,
SHBI,22.610000610351562,22.610000610351562,0.0,1056.0,False,,,False,False,,False,,,False,False,,False,,,False,False,
SHEN,12.600000381469727,12.59000015258789,-0.0007936689348472248,0.0,False,,,False,True,10295.0,False,,,False,False,,False,,,False,False,
SHW,349.2099914550781,349.13,-0.00022906405038647382,0.0,False,,,False,False,,False,,,False,False,,False,,,False,False,
SHW,331.32,333.3399963378906,0.0060968137688357515,0.0,False,,,False,False,,False,,,False,False,,False,,,False,False,
SHW,320.70001220703125,320.9599914550781,0.0008106617965422114,0.0,True,8476.0,0.008106617965422114,False,False,,False,,,False,False,,False,,,False,False,
SHW,317.7650146484375,317.94000244140625,0.0005506830044281763,0.0,True,5651.0,0.005506830044281763,False,False,,False,,,False,False,,False,,,False,False,
SHW,317.7650146484375,317.9700012207031,0.0006450885491355862,0.0,True,5380.0,0.006450885491355862,False,False,,False,,,False,False,,False,,,False,False,
SHW,333.99,333.0400085449219,-0.002844370954454112,3739.0,False,,,False,False,,False,,,False,False,,False,,,False,False,
SIDU,2.549999952316284,2.5,-0.01960782480441492,26.0,False,,,False,True,1466.0,False,,,False,True,8995.0,False,,,False,False,
SIDU,2.3450000286102295,2.349900007247925,0.0020895431035876655,0.0,False,,,False,True,4009.0,False,,,False,False,,False,,,False,False,
SIDU,2.0850000381469727,2.089900016784668,0.0023501096153697443,0.0,False,,,False,True,4121.0,False,,,False,False,,False,,,False,False,
SIDU,2.549999952316284,2.5,-0.01960782480441492,35.0,False,,,False,True,1475.0,False,,,False,True,9004.0,False,,,False,False,
SIDU,2.075000047683716,2.079900026321411,0.0023614354337799792,0.0,False,,,False,True,2517.0,False,,,False,False,,False,,,False,False,
SIDU,2.2679998874664307,2.2799999713897705,0.005291042556772485,0.0,False,,,False,True,5963.0,False,,,False,False,,False,,,False,False,
SIG,84.62000274658203,84.45999908447266,-0.0018908491717797293,0.0,True,14216.0,-0.018908491717797293,False,False,,False,,,False,False,,False,,,False,False,
SIG,91.33999633789062,91.41000366210938,0.0007664476354889427,0.0,False,,,False,False,,False,,,False,False,,False,,,False,False,
SIG,91.94000244140625,91.47000122070312,-0.005112042725935906,0.0,False,,,False,False,,False,,,False,False,,False,,,False,False,
SIGI,94.55999755859375,94.5999984741211,0.0004230215372262869,0.0,False,,,False,False,,False,,,False,False,,False,,,False,False,
SIGI,97.9000015258789,97.94999694824219,0.0005106784635755535,0.0,False,,,False,False,,False,,,False,False,,False,,,False,False,
SIGI,95.56999969482422,95.625,0.0005754975970639897,0.0,False,,,False,False,,False,,,False,False,,False,,,False,False,
SILO,4.949999809265137,4.880000114440918,-0.014141353034639925,1040.0,False,,,False,True,11496.0,False,,,False,False,,False,,,False,False,
SILO,6.359899997711182,6.25,-0.017280145560579996,0.0,True,2755.0,-0.17280145560579996,False,True,184.0,True,2813.0,-0.08640072780289998,False,True,8530.0,False,,,False,False,
SILO,6.119999885559082,6.179999828338623,0.00980391240220757,0.0,True,1525.0,0.09803912402207571,False,True,4187.0,True,2683.0,0.049019562011037854,False,True,9870.0,False,,,False,False,
SKIL,7.119999885559082,7.119999885559082,0.0,0.0,False,,,False,True,40.0,False,,,False,False,,False,,,False,False,
SKIL,7.454999923706055,7.534999847412109,0.010731042860465223,0.0,True,4121.0,0.10731042860465223,False,True,12834.0,False,,,False,False,,False,,,False,False,
SKIL,7.78000020980835,7.71999979019165,-0.0077121359895410135,0.0,False,,,False,True,4658.0,False,,,False,True,18689.0,False,,,False,False,
SKIL,6.88,6.980000019073486,0.014534886493239307,0.0,True,20476.0,0.14534886493239307,False,True,7220.0,False,,,False,False,,False,,,False,False,
SKIL,6.670000076293945,6.704999923706055,0.005247353375077646,0.0,True,20036.0,0.05247353375077646,False,False,,False,,,False,False,,False,,,False,False,
SKIL,7.260000228881836,7.419899940490723,0.02202475297077422,0.0,True,2903.0,0.2202475297077422,False,True,12866.0,False,,,False,False,,False,,,False,False,
SKIL,6.349999904632568,6.425000190734863,0.011811068854911122,0.0,True,17418.0,0.11811068854911122,False,False,,True,18939.0,0.05905534427455561,False,False,,False,,,False,False,
SKIL,6.590000152587891,6.559999942779541,-0.004552383780532798,0.0,True,20018.0,-0.04552383780532798,False,False,,False,,,False,False,,False,,,False,False,
SKIL,6.699999809265137,6.735000133514404,0.005223929141142225,0.0,True,20052.0,0.05223929141142225,False,False,,False,,,False,False,,False,,,False,False,
SKIL,7.5,7.454999923706055,-0.006000010172526049,0.0,True,4199.0,-0.06000010172526049,False,True,12840.0,False,,,False,False,,False,,,False,False,
SKIL,7.690000057220459,7.655300140380859,-0.004512342858439711,0.0,False,,,False,True,10136.0,False,,,False,True,18412.0,False,,,False,False,
SKWD,59.66999816894531,59.70000076293945,0.0005028086964105061,0.0,False,,,False,False,,False,,,False,False,,False,,,False,False,
SKYA,1.350000023841858,1.350000023841858,0.0,0.0,True,2791.0,0.0,False,False,,False,,,False,False,,False,,,False,False,
SKYQ,2.630000114440918,2.3399999141693115,-0.11026623104663036,238.0,True,2018.0,-1.1026623104663036,False,True,238.0,True,2020.0,-0.5513311552331518,False,True,574.0,True,3146.0,-0.22053246209326072,False,False,
SKYQ,3.359999895095825,3.2200000286102295,-0.041666628231130654,168.0,True,4488.0,-0.41666628231130654,False,True,191.0,True,4496.0,-0.20833314115565327,False,False,,False,,,False,False,
SKYQ,3.9809999465942383,3.599900007247925,-0.09572970220015853,872.0,True,9512.0,-0.9572970220015853,False,True,872.0,True,9518.0,-0.47864851100079264,False,True,2372.0,False,,,False,False,
SKYQ,3.85,3.4800000190734863,-0.09610389114974383,312.0,True,1752.0,-0.9610389114974383,False,True,312.0,False,,,False,False,,False,,,False,False,
SKYT,33.380001068115234,33.415000915527344,0.0010485274503344577,0.0,False,,,False,False,,False,,,False,False,,False,,,False,False,
SKYW,97.61499786376953,97.65480041503906,0.00040775036767493056,0.0,True,18530.0,0.004077503676749306,False,False,,False,,,False,False,,False,,,False,False,
SKYW,95.58000183105469,95.79000091552734,0.0021971027458635994,0.0,True,23070.0,0.021971027458635994,False,False,,False,,,False,False,,False,,,False,False,
SKYW,98.18000030517578,98.30000305175781,0.001222272827551718,0.0,True,8497.0,0.01222272827551718,False,False,,False,,,False,False,,False,,,False,False,
SKYX,1.059999942779541,1.0549999475479126,-0.004716976888241464,0.0,True,319.0,-0.04716976888241464,False,False,,True,3106.0,-0.02358488444120732,False,False,,False,,,False,False,
SKYX,1.23989999294281,1.2350000143051147,-0.003951914400826428,0.0,True,1284.0,-0.039519144008264284,False,True,4006.0,False,,,False,False,,False,,,False,False,
SKYX,1.184999942779541,1.184999942779541,0.0,0.0,True,8738.0,0.0,False,False,,False,,,False,False,,False,,,False,False,
SLB,46.79499816894531,46.85499954223633,0.0012822176651101636,0.0,True,5645.0,0.012822176651101636,False,False,,False,,,False,False,,False,,,False,False,
SLDE,21.18000030517578,21.200000762939453,0.0009443086626765851,0.0,False,,,False,False,,False,,,False,False,,False,,,False,False,
SLDE,20.350000381469727,20.350000381469727,0.0,0.0,True,18576.0,0.0,False,False,,False,,,False,False,,False,,,False,False,
SLDE,20.844999313354492,20.860000610351562,0.0007196592703873073,0.0,True,12888.0,0.007196592703873073,False,False,,False,,,False,False,,False,,,False,False,
SLDE,20.614999771118164,20.6299991607666,0.000727595916321766,0.0,True,17128.0,0.00727595916321766,False,False,,False,,,False,False,,False,,,False,False,
SLDE,20.759899139404297,20.770000457763672,0.0004865783928691414,0.0,True,12921.0,0.004865783928691414,False,False,,False,,,False,False,,False,,,False,False,
SLDE,20.360000610351562,20.350000381469727,-0.0004911703625760655,0.0,True,18370.0,-0.004911703625760655,False,False,,False,,,False,False,,False,,,False,False,
SLDP,2.281399965286255,2.2860000133514404,0.002016326876119745,0.0,False,,,False,True,10098.0,False,,,False,False,,False,,,False,False,
SLG,48.70500183105469,48.7400016784668,0.000718608892234851,0.0,True,18386.0,0.00718608892234851,False,False,,False,,,False,False,,False,,,False,False,
SLM,25.094999313354492,25.104999542236328,0.0003984948856530224,0.0,False,,,False,False,,False,,,False,False,,False,,,False,False,
SLM,25.21500015258789,25.21500015258789,0.0,0.0,False,,,False,False,,False,,,False,False,,False,,,False,False,
SLN,10.539999961853027,10.579999923706055,0.003795062808140237,0.0,True,9964.0,0.03795062808140237,False,False,,False,,,False,False,,False,,,False,False,
SLN,11.654999732971191,11.65820026397705,0.0002746058411999819,0.0,False,,,False,False,,False,,,False,False,,False,,,False,False,
SLN,9.720000267028809,9.739999771118164,0.002057562092585119,0.0,True,1419.0,0.02057562092585119,False,False,,True,11389.0,0.010287810462925595,False,False,,False,,,False,False,
SLNG,3.5199999809265137,3.559999942779541,0.01136362558800319,0.0,True,1063.0,0.1136362558800319,False,False,,True,1088.0,0.05681812794001595,False,False,,False,,,False,False,
SLNG,3.509999990463257,3.5,-0.0028490001397227793,0.0,True,1070.0,-0.028490001397227793,False,False,,True,1092.0,-0.014245000698613897,False,False,,False,,,False,False,
SLNH,1.2999999523162842,1.2999999523162842,0.0,1042.0,False,,,False,True,5530.0,False,,,False,True,11127.0,False,,,False,False,
SLNH,1.1749999523162842,1.159999966621399,-0.012765945790308875,102.0,True,466.0,-0.12765945790308875,False,True,11641.0,False,,,False,False,,False,,,False,False,
SLNH,1.215000033378601,1.215000033378601,0.0,0.0,True,2795.0,0.0,False,True,9998.0,False,,,False,False,,False,,,False,False,
SLNH,1.2100000381469727,1.2200000286102295,0.008264454667762822,0.0,True,1221.0,0.08264454667762822,False,True,8456.0,False,,,False,False,,False,,,False,False,
SLNH,1.2848000526428223,1.2898000478744507,0.0038916524180889756,0.0,False,,,False,True,7108.0,False,,,False,False,,False,,,False,False,
SLP,18.2450008392334,18.2450008392334,0.0,0.0,False,,,False,False,,False,,,False,False,,False,,,False,False,
SLP,18.229999542236328,18.235000610351562,0.000274331774043457,0.0,False,,,False,False,,False,,,False,False,,False,,,False,False,
SLP,18.235000610351562,18.235000610351562,0.0,0.0,False,,,False,False,,False,,,False,False,,False,,,False,False,
SLP,18.2450008392334,18.2450008392334,0.0,0.0,False,,,False,False,,False,,,False,False,,False,,,False,False,
SLP,18.229999542236328,18.229999542236328,0.0,0.0,False,,,False,False,,False,,,False,False,,False,,,False,False,
SLS,13.529999732971191,13.54170036315918,0.0008647916052411109,0.0,False,,,False,True,2570.0,False,,,False,False,,False,,,False,False,
SLSN,0.8197000026702881,0.8197000026702881,0.0,0.0,True,11461.0,0.0,False,True,1310.0,True,11662.0,0.0,False,False,,False,,,False,False,
SLXN,2.569999933242798,2.700000047683716,0.050583703431029026,41.0,False,,,False,True,6104.0,False,,,False,True,12994.0,False,,,False,False,
SLXN,2.27,2.309999942779541,0.017621120167198745,12.0,True,386.0,0.17621120167198745,False,True,2892.0,False,,,False,True,2917.0,False,,,False,False,
SM,29.600000381469727,29.600000381469727,0.0,0.0,False,,,False,False,,False,,,False,False,,False,,,False,False,
SM,27.924999237060547,27.959999084472656,0.001253351776842937,0.0,True,10038.0,0.01253351776842937,False,False,,True,17252.0,0.006266758884214685,False,False,,False,,,False,False,
SM,29.28499984741211,29.299999237060547,0.0005121867757074128,0.0,True,11477.0,0.005121867757074128,False,False,,False,,,False,False,,False,,,False,False,
SM,27.81,28.949899673461914,0.040988841188849934,23.0,True,4382.0,0.40988841188849934,False,False,,True,12997.0,0.20494420594424967,False,False,,False,,,False,False,
SM,27.510000228881836,27.510000228881836,0.0,0.0,True,5577.0,0.0,False,False,,True,17096.0,0.0,False,False,,False,,,False,False,
SM,29.360000610351562,29.3799991607666,0.0006811495231369147,0.0,True,18568.0,0.006811495231369147,False,False,,False,,,False,False,,False,,,False,False,
SMBC,77.87999725341797,77.87000274658203,-0.00012833214160778983,0.0,False,,,False,False,,False,,,False,False,,False,,,False,False,
SMBC,74.80999755859375,74.66000366210938,-0.0020049980133590717,0.0,False,,,False,False,,False,,,False,False,,False,,,False,False,
SMBK,46.189998626708984,46.119998931884766,-0.0015154729791168053,0.0,True,25878.0,-0.015154729791168053,False,False,,False,,,False,False,,False,,,False,False,
SMCI,28.549999237060547,28.59000015258789,0.0014010828930397512,0.0,False,,,False,True,1701.0,False,,,False,False,,False,,,False,False,
SMG,67.58000183105469,67.54000091552734,-0.0005919046233135994,0.0,True,1193.0,-0.005919046233135994,False,False,,False,,,False,False,,False,,,False,False,
SMG,75.04499816894531,75.04499816894531,0.0,0.0,False,,,False,True,9827.0,False,,,False,False,,False,,,False,False,
SMG,64.4800033569336,64.4800033569336,0.0,0.0,True,11255.0,0.0,False,False,,False,,,False,False,,False,,,False,False,
SMG,74.875,74.875,0.0,0.0,False,,,False,True,9915.0,False,,,False,False,,False,,,False,False,
SMG,74.83000183105469,74.91500091552734,0.0011358957957072757,0.0,False,,,False,True,9917.0,False,,,False,False,,False,,,False,False,
SMG,69.11000061035156,69.06999969482422,-0.0005788006825939718,0.0,False,,,False,False,,False,,,False,False,,False,,,False,False,
SMG,70.23999786376953,70.26000213623047,0.0002847988762717524,0.0,False,,,False,False,,False,,,False,False,,False,,,False,False,
SMMT,15.074999809265137,15.085000038146973,0.0006633651083491898,0.0,False,,,False,False,,False,,,False,False,,False,,,False,False,
SMMT,15.779999732971191,15.789999961853027,0.0006337280767465536,0.0,False,,,False,True,9930.0,False,,,False,False,,False,,,False,False,
SMMT,13.899999618530273,13.925000190734863,0.0017986023662375228,0.0,True,8372.0,0.017986023662375228,False,True,17066.0,False,,,False,False,,False,,,False,False,
SMMT,13.520000457763672,13.545000076293945,0.0018490841482121656,0.0,False,,,False,False,,False,,,False,False,,False,,,False,False,
SMMT,13.630000114440918,13.625,-0.000366846250839048,0.0,True,2527.0,-0.00366846250839048,False,True,11337.0,False,,,False,False,,False,,,False,False,
SMPL,10.949999809265137,10.960000038146973,0.0009132629274910542,0.0,False,,,False,False,,False,,,False,False,,False,,,False,False,
SMPL,13.300000190734863,13.305000305175781,0.00037594844881283507,0.0,False,,,False,True,3189.0,False,,,False,True,13284.0,False,,,False,False,
SMPL,11.039999961853027,11.045000076293945,0.0004529089183147317,0.0,False,,,False,True,11383.0,False,,,False,False,,False,,,False,False,
SMPL,10.880000114440918,10.885000228881836,0.00045956933716206905,0.0,False,,,False,False,,False,,,False,False,,False,,,False,False,
SMTC,128.0500030517578,127.93000030517578,-0.000937155359016506,0.0,False,,,False,True,11290.0,False,,,False,False,,False,,,False,False,
SMTC,111.19999694824219,110.95999908447266,-0.002158254229820189,1037.0,False,,,False,False,,False,,,False,False,,False,,,False,False,
SMTC,127.3949966430664,127.43000030517578,0.00027476481048505086,0.0,False,,,False,True,11247.0,False,,,False,False,,False,,,False,False,
SMTC,136.2899932861328,136.7100067138672,0.003081762773680552,0.0,False,,,False,True,5567.0,False,,,False,True,7043.0,False,,,False,False,
SMTC,136.47450256347656,136.5850067138672,0.0008097054637676848,0.0,False,,,False,True,5555.0,False,,,False,True,7031.0,False,,,False,False,
SMTC,110.2750015258789,110.2925033569336,0.00015871077590134952,0.0,False,,,False,False,,False,,,False,False,,False,,,False,False,
SMTC,125.87750244140625,133.1999969482422,0.0581715903542368,836.0,True,942.0,0.581715903542368,False,True,10916.0,False,,,False,False,,False,,,False,False,
SMTC,111.01499938964844,111.11000061035156,0.0008557512158307023,0.0,False,,,False,False,,False,,,False,False,,False,,,False,False,
SMTC,119.6050033569336,119.73999786376953,0.0011286693954857263,0.0,False,,,False,True,2628.0,False,,,False,False,,False,,,False,False,
SMTC,126.38999938964844,126.40499877929688,0.00011867544679855513,0.0,True,2623.0,0.0011867544679855513,False,True,11173.0,False,,,False,False,,False,,,False,False,
SMTC,119.68000030517578,119.63999938964844,-0.0003342322478722126,0.0,False,,,False,True,2680.0,False,,,False,False,,False,,,False,False,
SMTC,110.33999633789062,110.55000305175781,0.0019032691756133424,0.0,False,,,False,False,,False,,,False,False,,False,,,False,False,
SMTC,119.52999877929688,119.55989837646484,0.00025014303918102776,0.0,False,,,False,True,2604.0,False,,,False,False,,False,,,False,False,
SMTC,128.86500549316406,128.82000732421875,-0.0003491884299628989,0.0,False,,,False,True,10047.0,False,,,False,False,,False,,,False,False,
SMXT,0.3621000051498413,0.36250001192092896,0.0011046859027856737,0.0,True,14265.0,0.011046859027856737,False,True,1618.0,False,,,False,False,,False,,,False,False,
SN,148.56500244140625,148.61500549316406,0.0003365735599643038,0.0,True,7411.0,0.0033657355996430383,False,False,,False,,,False,False,,False,,,False,False,
SN,151.1199951171875,151.09500122070312,-0.0001653910620166288,0.0,False,,,False,False,,False,,,False,False,,False,,,False,False,
SN,146.8300018310547,146.8350067138672,3.408624089140666e-05,0.0,True,8475.0,0.0003408624089140666,False,False,,False,,,False,False,,False,,,False,False,
SN,150.3800048828125,150.4199981689453,0.00026594816354719164,0.0,False,,,False,False,,False,,,False,False,,False,,,False,False,
SN,159.84,158.41000366210938,-0.0089464235353518,1005.0,False,,,False,False,,False,,,False,False,,False,,,False,False,
SNA,402.1099853515625,402.2950134277344,0.00046014295320251364,0.0,False,,,False,False,,False,,,False,False,,False,,,False,False,
SNA,402.1400146484375,402.32000732421875,0.00044758708217229604,0.0,False,,,False,False,,False,,,False,False,,False,,,False,False,
SNA,401.6449890136719,401.8399963378906,0.0004855216162353848,0.0,False,,,False,False,,False,,,False,False,,False,,,False,False,
SNA,407.4800109863281,407.3999938964844,-0.00019637058919785844,0.0,False,,,False,False,,False,,,False,False,,False,,,False,False,
SNA,400.2049865722656,400.3949890136719,0.00047476280351621547,0.0,False,,,False,False,,False,,,False,False,,False,,,False,False,
SNA,412.8800048828125,412.8299865722656,-0.00012114490882420004,0.0,False,,,False,False,,False,,,False,False,,False,,,False,False,
SNBRQ,0.026000000536441803,0.026000000536441803,0.0,0.0,True,3966.0,0.0,False,True,3936.0,True,3966.0,0.0,False,True,3936.0,True,14268.0,0.0,False,False,
SNBRQ,0.026100000366568565,0.026100000366568565,0.0,0.0,True,9.0,0.0,False,True,15709.0,True,9979.0,0.0,False,True,20027.0,False,,,False,False,
SND,4.78000020980835,4.78000020980835,0.0,0.0,False,,,False,True,7052.0,False,,,False,False,,False,,,False,False,
SND,4.81,4.789999961853027,-0.004158012088767649,1046.0,False,,,False,True,6808.0,False,,,False,False,,False,,,False,False,
SND,4.835000038146973,4.829999923706055,-0.0010341498245022285,0.0,False,,,False,True,18576.0,False,,,False,False,,False,,,False,False,
SNDX,23.905000686645508,23.915000915527344,0.0004183320892947595,0.0,False,,,False,True,11466.0,False,,,False,True,20132.0,False,,,False,False,
SNDX,23.959999084472656,23.719999313354492,-0.010016685320897833,0.0,False,,,False,True,10077.0,False,,,False,True,18761.0,False,,,False,False,
SNDX,22.43000030517578,22.420000076293945,-0.00044584167390882,0.0,False,,,False,True,9959.0,False,,,False,False,,False,,,False,False,
SNTI,0.47099998593330383,0.4708999991416931,-0.00021228618810376076,0.0,False,,,False,True,3070.0,False,,,False,True,8780.0,False,,,False,False,
SNTI,0.4339999854564667,0.4366999864578247,0.006221200672433813,3773.0,True,5241.0,0.06221200672433813,False,True,13857.0,False,,,False,True,17035.0,False,,,False,False,
SNTI,1.0099999904632568,0.9919999837875366,-0.017821788956120854,330.0,False,,,False,True,7532.0,False,,,False,True,7534.0,False,,,False,True,8976.0
SNTI,0.45579999685287476,0.4690000116825104,0.028960102941590016,0.0,True,1.0,0.28960102941590016,False,True,4368.0,False,,,False,True,8897.0,False,,,False,False,
SNWV,6.824999809265137,6.869999885559082,0.006593417956269665,0.0,False,,,False,True,5567.0,False,,,False,False,,False,,,False,False,
SNX,249.625,249.8350067138672,0.0008412887886517506,0.0,False,,,False,False,,False,,,False,False,,False,,,False,False,
SNX,252.9199981689453,252.97000122070312,0.0001977030370070576,0.0,False,,,False,False,,False,,,False,False,,False,,,False,False,
SNX,254.1999969482422,254.3699951171875,0.000668757556987476,0.0,False,,,False,False,,False,,,False,False,,False,,,False,False,
SNX,241.92999267578125,242.38999938964844,0.0019014042400424813,0.0,False,,,False,False,,False,,,False,False,,False,,,False,False,
SNX,242.66000366210938,242.64999389648438,-4.1250166792794474e-05,0.0,False,,,False,False,,False,,,False,False,,False,,,False,False,
SNX,242.10000610351562,242.1199951171875,8.256511015258816e-05,0.0,False,,,False,False,,False,,,False,False,,False,,,False,False,
SNX,250.38499450683594,250.57000732421875,0.0007389133591939601,0.0,False,,,False,False,,False,,,False,False,,False,,,False,False,
SNX,239.08999633789062,239.05499267578125,-0.00014640370841745298,0.0,False,,,False,False,,False,,,False,False,,False,,,False,False,
SOBR,1.2050000429153442,1.2200000286102295,0.012448120465286205,0.0,True,1066.0,0.12448120465286205,False,True,2506.0,True,1066.0,0.06224060232643103,False,True,2779.0,True,1069.0,0.02489624093057241,False,True,8644.0
SOBR,0.5775,0.5626000165939331,-0.02580083706678249,114.0,True,441.0,-0.2580083706678249,False,False,,True,503.0,-0.12900418533391245,False,False,,False,,,False,False,
SOBR,0.9223999977111816,0.929099977016449,0.0072636375996233404,0.0,True,3.0,0.0726363759962334,False,True,5571.0,True,46.0,0.0363181879981167,False,True,5666.0,True,60.0,0.014527275199246681,False,False,
SOC,4.429999828338623,4.429999828338623,0.0,0.0,False,,,False,False,,False,,,False,False,,False,,,False,False,
SOC,4.269999980926514,4.279699802398682,0.0022716209638162788,0.0,True,2888.0,0.022716209638162788,False,False,,False,,,False,False,,False,,,False,False,
SOLV,80.80500030517578,80.80500030517578,0.0,0.0,False,,,False,False,,False,,,False,False,,False,,,False,False,
SON,55.27000045776367,55.29999923706055,0.0005427678496185973,0.0,False,,,False,False,,False,,,False,False,,False,,,False,False,
SON,53.400001525878906,53.439998626708984,0.0007490093574378243,0.0,True,18926.0,0.007490093574378243,False,False,,False,,,False,False,,False,,,False,False,
SON,52.95500183105469,52.9900016784668,0.0006609356283995282,0.0,True,13316.0,0.006609356283995282,False,False,,False,,,False,False,,False,,,False,False,
SOTK,5.570000171661377,5.550000190734863,-0.0035906607379059263,1073.0,False,,,False,True,15490.0,False,,,False,False,,False,,,False,False,
SOTK,5.669899940490723,5.600100040435791,-0.012310605264206909,0.0,False,,,False,True,16937.0,False,,,False,False,,False,,,False,False,
SOTK,5.534999847412109,5.5,-0.006323369173799276,0.0,False,,,False,True,14437.0,False,,,False,False,,False,,,False,False,
SOTK,5.760000228881836,5.55649995803833,-0.03532990672866876,0.0,False,,,False,True,20020.0,False,,,False,False,,False,,,False,False,
SOTK,5.440000057220459,5.440000057220459,0.0,0.0,False,,,False,True,17309.0,False,,,False,False,,False,,,False,False,
SOTK,5.320000171661377,5.270500183105469,-0.009304508826820213,0.0,True,8563.0,-0.09304508826820213,False,False,,False,,,False,False,,False,,,False,False,
SOTK,5.579999923706055,5.599999904632568,0.00358422602149977,0.0,False,,,False,True,17018.0,False,,,False,False,,False,,,False,False,
SOUN,6.639999866485596,6.690000057220459,0.007530149358470961,3846.0,False,,,False,True,9713.0,False,,,False,False,,False,,,False,False,
SOUN,6.389500141143799,6.40500020980835,0.002425865611104916,0.0,False,,,False,False,,False,,,False,False,,False,,,False,False,
SOUN,6.440000057220459,6.449999809265137,0.0015527565148800715,0.0,False,,,False,False,,False,,,False,False,,False,,,False,False,
SOUN,6.64,6.599999904632568,-0.006024110748107159,94.0,False,,,False,False,,False,,,False,False,,False,,,False,False,
SOUN,6.770100116729736,6.78000020980835,0.0014623259490873508,0.0,False,,,False,False,,False,,,False,False,,False,,,False,False,
SOUN,6.070000171661377,6.090000152587891,0.0032948896805451433,0.0,False,,,False,False,,False,,,False,False,,False,,,False,False,
SPFI,42.22999954223633,42.27000045776367,0.000947215627775222,0.0,True,11323.0,0.00947215627775222,False,False,,False,,,False,False,,False,,,False,False,
SPFI,42.75,42.81999969482422,0.0016374197619699604,0.0,False,,,False,False,,False,,,False,False,,False,,,False,False,
SPFI,43.86000061035156,44.029998779296875,0.0038759271905981496,206.0,False,,,False,False,,False,,,False,False,,False,,,False,False,
SPH,18.229999542236328,18.25,0.0010971178423417882,0.0,False,,,False,False,,False,,,False,False,,False,,,False,False,
SPH,18.549999237060547,18.604999542236328,0.0029649761422037013,0.0,False,,,False,False,,False,,,False,False,,False,,,False,False,
SPOK,10.649999618530273,10.65999984741211,0.0009389886610358111,0.0,False,,,False,False,,False,,,False,False,,False,,,False,False,
SPRB,45.439998626708984,44.560001373291016,-0.019366137324236643,0.0,False,,,False,True,17147.0,False,,,False,False,,False,,,False,False,
SPRB,50.380001068115234,50.95000076293945,0.011314007200070586,0.0,False,,,False,True,3036.0,False,,,False,False,,False,,,False,False,
SPRB,44.83000183105469,44.439998626708984,-0.008699602686064178,0.0,False,,,False,True,8321.0,False,,,False,False,,False,,,False,False,
SPRO,1.3450000286102295,1.350000023841858,0.0037174684946250647,0.0,False,,,False,True,1498.0,False,,,False,False,,False,,,False,False,
SPRU,2.38,2.4200000762939453,0.0168067547453552,79.0,False,,,False,True,17396.0,False,,,False,False,,False,,,False,False,
SPRU,2.369999885559082,2.369999885559082,0.0,0.0,False,,,False,True,18570.0,False,,,False,False,,False,,,False,False,
SPRU,2.38,2.4200000762939453,0.0168067547453552,896.0,False,,,False,True,18213.0,False,,,False,False,,False,,,False,False,
SPRY,5.994999885559082,6.0,0.0008340474622796634,0.0,False,,,False,True,8324.0,False,,,False,False,,False,,,False,False,
SPRY,5.760000228881836,5.820000171661377,0.010416656318638529,0.0,False,,,False,False,,False,,,False,False,,False,,,False,False,
SPRY,6.010000228881836,6.019999980926514,0.0016638521903247216,0.0,False,,,False,True,7002.0,False,,,False,False,,False,,,False,False,
SPRY,7.71999979019165,7.730000019073486,0.0012953664706754076,0.0,False,,,False,True,5714.0,False,,,False,True,11606.0,False,,,False,False,
SPRY,6.349999904632568,6.380000114440918,0.004724442560457787,0.0,False,,,False,True,8562.0,False,,,False,False,,False,,,False,False,
SPXC,219.39999389648438,218.24000549316406,-0.005287094054649888,0.0,False,,,False,True,21591.0,False,,,False,False,,False,,,False,False,
SPXC,216.27999877929688,216.3300018310547,0.00023119591289089136,0.0,False,,,False,True,20087.0,False,,,False,False,,False,,,False,False,
SPXC,217.5800018310547,217.5,-0.00036768926547214864,0.0,False,,,False,True,9890.0,False,,,False,False,,False,,,False,False,
SR,80.69999694824219,80.68399810791016,-0.0001982508170637054,0.0,False,,,False,False,,False,,,False,False,,False,,,False,False,
SRCE,81.91500091552734,81.95999908447266,0.0005493275766634831,0.0,True,18782.0,0.005493275766634831,False,False,,False,,,False,False,,False,,,False,False,
SRCE,81.79000091552734,80.81999969482422,-0.011859655334946595,0.0,True,27477.0,-0.11859655334946595,False,False,,False,,,False,False,,False,,,False,False,
SRCE,82.75,82.87000274658203,0.0014501842487255612,0.0,True,8833.0,0.014501842487255612,False,False,,False,,,False,False,,False,,,False,False,
SRFM,0.8046000003814697,0.8033999800682068,-0.001491449555920954,0.0,False,,,False,True,9740.0,False,,,False,False,,False,,,False,False,
SRPT,19.979999542236328,20.0,0.0010010239350302097,0.0,False,,,False,True,8841.0,False,,,False,False,,False,,,False,False,
SRPT,18.770000457763672,18.8799991607666,0.0058603463143460655,0.0,False,,,False,True,5375.0,False,,,False,False,,False,,,False,False,
SRXH,1.9837,1.9700000286102295,-0.006906271810137921,147.0,False,,,False,True,1587.0,False,,,False,True,7347.0,False,,,False,False,
SRXH,2.71,2.7300000190734863,0.00738008083892483,923.0,False,,,False,True,993.0,False,,,False,True,2364.0,False,,,False,False,
SRXH,2.2149999141693115,2.2227001190185547,0.003476390585834821,0.0,False,,,False,True,1307.0,False,,,False,True,2700.0,False,,,False,False,
SRXH,1.9837,1.9700000286102295,-0.006906271810137921,142.0,False,,,False,True,1582.0,False,,,False,True,7342.0,False,,,False,False,
SRXH,2.359999895095825,2.3998000621795654,0.0168644783274976,0.0,False,,,False,True,1261.0,False,,,False,False,,False,,,False,False,
SRXH,2.71,2.7300000190734863,0.00738008083892483,108.0,False,,,False,True,178.0,False,,,False,True,1549.0,False,,,False,False,
SRXH,2.200000047683716,2.2200000286102295,0.009090900224102638,0.0,False,,,False,True,1486.0,False,,,False,True,5748.0,False,,,False,False,
SRXH,2.71,2.7300000190734863,0.00738008083892483,183.0,False,,,False,True,253.0,False,,,False,True,1624.0,False,,,False,False,
SRXH,2.13,2.1982998847961426,0.03206567361321255,80.0,True,269.0,0.32065673613212553,False,False,,True,269.0,0.16032836806606277,False,False,,False,,,False,False,
SSB,97.18000030517578,97.18000030517578,0.0,0.0,False,,,False,False,,False,,,False,False,,False,,,False,False,
SSB,101.66000366210938,101.76000213623047,0.0009836560153337892,0.0,False,,,False,False,,False,,,False,False,,False,,,False,False,
SSB,100.2300033569336,100.23999786376953,9.971571885869501e-05,0.0,False,,,False,False,,False,,,False,False,,False,,,False,False,
SSB,101.625,101.56999969482422,-0.0005412084150138163,0.0,False,,,False,False,,False,,,False,False,,False,,,False,False,
SSD,186.49000549316406,186.39999389648438,-0.00048266177290123835,0.0,True,8277.0,-0.0048266177290123835,False,False,,False,,,False,False,,False,,,False,False,
SSII,3.615000009536743,3.5299999713897705,-0.023513150186095122,155.0,True,26253.0,-0.23513150186095122,False,False,,False,,,False,False,,False,,,False,False,
SSII,3.619999885559082,3.619999885559082,0.0,0.0,True,25870.0,0.0,False,False,,False,,,False,False,,False,,,False,False,
SSII,3.630000114440918,3.630000114440918,0.0,0.0,True,26053.0,0.0,False,False,,False,,,False,False,,False,,,False,False,
SSNC,75.05999755859375,77.30000305175781,0.029842866587032058,3.0,False,,,False,False,,False,,,False,False,,False,,,False,False,
SST,1.7293000221252441,1.715000033378601,-0.008269235276518905,0.0,True,4270.0,-0.08269235276518905,False,False,,True,4281.0,-0.041346176382594524,False,False,,False,,,False,False,
SST,1.7400000095367432,1.7899999618530273,0.028735604621977107,0.0,True,2554.0,0.28735604621977107,False,False,,True,2818.0,0.14367802310988553,False,False,,False,,,False,False,
SST,2.0541000366210938,2.0350000858306885,-0.009298452095752752,0.0,False,,,False,True,1517.0,False,,,False,True,5616.0,False,,,False,False,
SST,1.475000023841858,1.475000023841858,0.0,0.0,True,16.0,0.0,False,False,,True,18.0,0.0,False,False,,False,,,False,False,
SST,2.561300039291382,2.615000009536743,0.020965903807278252,0.0,False,,,False,True,2510.0,False,,,False,True,2562.0,False,,,False,False,
SSTK,7.389999866485596,7.389999866485596,0.0,0.0,False,,,False,True,8287.0,False,,,False,True,8342.0,False,,,False,False,
SSTK,7.61,7.769999980926514,0.02102496464211745,16.0,False,,,False,True,11536.0,False,,,False,True,11579.0,False,,,False,False,
SSTK,7.400000095367432,7.389999866485596,-0.0013513822639132922,0.0,False,,,False,True,4306.0,False,,,False,True,4361.0,False,,,False,False,
SSTK,5.659999847412109,5.650000095367432,-0.0017667406915655715,0.0,True,5405.0,-0.017667406915655715,False,False,,False,,,False,False,,False,,,False,False,
SSTK,7.769999980926514,7.764999866485596,-0.000643515373641157,0.0,False,,,False,True,4110.0,False,,,False,True,4153.0,False,,,False,False,
SSTK,7.46999979019165,7.482500076293945,0.0016733984542687264,0.0,False,,,False,True,8592.0,False,,,False,True,8637.0,False,,,False,False,
STAG,38.65999984741211,38.654998779296875,-0.00012936027250320947,0.0,True,12701.0,-0.0012936027250320947,False,False,,False,,,False,False,,False,,,False,False,
STAG,38.84000015258789,38.84320068359375,8.240296069228492e-05,0.0,False,,,False,False,,False,,,False,False,,False,,,False,False,
STAG,41.685001373291016,41.68000030517578,-0.00011997284276066278,0.0,False,,,False,False,,False,,,False,False,,False,,,False,False,
STAG,39.70000076293945,39.77000045776367,0.0017632164604279854,0.0,False,,,False,False,,False,,,False,False,,False,,,False,False,
STAG,39.279998779296875,39.27000045776367,-0.00025453976181055715,0.0,False,,,False,False,,False,,,False,False,,False,,,False,False,
STAG,39.099998474121094,39.09000015258789,-0.0002557115581429681,0.0,False,,,False,False,,False,,,False,False,,False,,,False,False,
STAG,39.88999938964844,39.91999816894531,0.0007520375972895899,0.0,False,,,False,False,,False,,,False,False,,False,,,False,False,
STAG,39.25,39.279998779296875,0.0007643001094745916,0.0,False,,,False,False,,False,,,False,False,,False,,,False,False,
STAG,38.93000030517578,38.93000030517578,0.0,0.0,False,,,False,False,,False,,,False,False,,False,,,False,False,
STAG,39.125,39.11000061035156,-0.00038337098142970927,0.0,False,,,False,False,,False,,,False,False,,False,,,False,False,
STAG,38.6,38.790000915527344,0.004922303511071036,175.0,True,11712.0,0.049223035110710356,False,False,,False,,,False,False,,False,,,False,False,
STAG,41.290000915527344,41.29499816894531,0.00012102817406556277,0.0,False,,,False,False,,False,,,False,False,,False,,,False,False,
STAG,39.119998931884766,39.125,0.00012783916799041783,0.0,False,,,False,False,,False,,,False,False,,False,,,False,False,
STBA,51.755001068115234,51.76499938964844,0.0001931856115711117,0.0,False,,,False,False,,False,,,False,False,,False,,,False,False,
STBA,50.775001525878906,50.79499816894531,0.0003938285074440717,0.0,False,,,False,False,,False,,,False,False,,False,,,False,False,
STC,66.91999816894531,66.93000030517578,0.00014946408404292733,0.0,False,,,False,False,,False,,,False,False,,False,,,False,False,
STC,68.0,68.12000274658203,0.001764746273265061,0.0,False,,,False,False,,False,,,False,False,,False,,,False,False,
STC,68.1449966430664,67.97709655761719,-0.0024638651951023327,0.0,False,,,False,False,,False,,,False,False,,False,,,False,False,
STEX,0.7734000086784363,0.7734000086784363,0.0,0.0,False,,,False,True,8429.0,False,,,False,False,,False,,,False,False,
STEX,1.125,1.1200000047683716,-0.004444440205891964,0.0,False,,,False,True,1265.0,False,,,False,True,4002.0,False,,,False,False,
STEX,0.7109000086784363,0.7109000086784363,0.0,0.0,False,,,False,False,,False,,,False,False,,False,,,False,False,
STIM,1.875,1.875,0.0,0.0,True,5515.0,0.0,False,True,1422.0,False,,,False,False,,False,,,False,False,
STIM,1.534999966621399,1.524999976158142,-0.006514651909255265,0.0,True,3206.0,-0.06514651909255265,False,False,,True,8638.0,-0.03257325954627632,False,False,,True,12988.0,-0.01302930381851053,False,False,
STIM,1.965000033378601,1.965000033378601,0.0,0.0,False,,,False,True,69.0,False,,,False,True,1469.0,False,,,False,False,
STIM,1.5,1.5,0.0,0.0,True,1618.0,0.0,False,False,,True,3034.0,0.0,False,False,,True,11426.0,0.0,False,False,
STIM,1.9299999475479126,1.9586999416351318,0.014870463661764921,0.0,True,5856.0,0.1487046366176492,False,True,82.0,False,,,False,False,,False,,,False,False,
STLD,224.67999267578125,225.0449981689453,0.0016245571704764927,0.0,False,,,False,False,,False,,,False,False,,False,,,False,False,
STLD,227.77999877929688,227.77999877929688,0.0,0.0,False,,,False,False,,False,,,False,False,,False,,,False,False,
STLD,235.22000122070312,235.74000549316406,0.0022107145215641832,0.0,True,17232.0,0.022107145215641832,False,False,,False,,,False,False,,False,,,False,False,
STLD,240.57,240.97999572753906,0.0017042678951617596,1000.0,True,8200.0,0.017042678951617596,False,False,,False,,,False,False,,False,,,False,False,
STLD,224.92999267578125,225.07000732421875,0.0006224810074098031,0.0,False,,,False,False,,False,,,False,False,,False,,,False,False,
STLD,243.86000061035156,244.10000610351562,0.0009841937692256497,0.0,False,,,False,False,,False,,,False,False,,False,,,False,False,
STLD,226.6699981689453,226.5500030517578,-0.0005293824421265247,0.0,False,,,False,False,,False,,,False,False,,False,,,False,False,
STLD,248.0,248.16000366210938,0.0006451760568926268,0.0,False,,,False,False,,False,,,False,False,,False,,,False,False,
STLD,228.16000366210938,228.5800018310547,0.0018408054093796977,0.0,False,,,False,False,,False,,,False,False,,False,,,False,False,
STRL,657.6500244140625,658.0150146484375,0.0005549915925269211,0.0,True,12898.0,0.005549915925269211,False,False,,False,,,False,False,,False,,,False,False,
STRL,703.344970703125,701.7000122070312,-0.002338764851690489,0.0,False,,,False,True,7211.0,False,,,False,True,8611.0,False,,,False,False,
STRL,638.5499877929688,638.5900268554688,6.270309805866958e-05,0.0,True,8370.0,0.0006270309805866958,False,True,16992.0,False,,,False,False,,False,,,False,False,
STRS,20.719999313354492,20.639999389648438,-0.003861000306814355,3920.0,False,,,False,False,,False,,,False,False,,False,,,False,False,
STRS,20.280000686645508,20.459999084472656,0.008875660341849834,0.0,False,,,False,False,,False,,,False,False,,False,,,False,False,
STWD,16.625,16.6299991607666,0.00030070139949489594,0.0,False,,,False,False,,False,,,False,False,,False,,,False,False,
STX,878.905029296875,879.219970703125,0.00035833383101913086,0.0,False,,,False,True,1283.0,False,,,False,True,4003.0,False,,,False,False,
STX,913.8300170898438,914.3200073242188,0.0005361940680559396,0.0,False,,,False,True,8456.0,False,,,False,False,,False,,,False,False,
STX,871.0900268554688,871.8699951171875,0.0008953934009947595,0.0,False,,,False,True,2833.0,False,,,False,False,,False,,,False,False,
STXS,1.65,1.8799999952316284,0.13939393650401732,73.0,True,73.0,1.3939393650401732,True,True,439.0,False,,,False,True,10401.0,False,,,False,False,
STXS,1.2649999856948853,1.2649999856948853,0.0,0.0,False,,,False,False,,False,,,False,False,,False,,,False,False,
STXS,1.2598999738693237,1.2588000297546387,-0.0008730408266515166,0.0,False,,,False,False,,False,,,False,False,,False,,,False,False,
STXS,1.82,1.7999999523162842,-0.010989037188854911,1035.0,False,,,False,True,4092.0,False,,,False,True,19755.0,False,,,False,False,
SUI,120.12999725341797,120.12999725341797,0.0,0.0,False,,,False,False,,False,,,False,False,,False,,,False,False,
SUI,122.29,121.26000213623047,-0.00842258454304956,117.0,False,,,False,False,,False,,,False,False,,False,,,False,False,
SUI,120.88150024414062,120.91999816894531,0.00031847656363415133,0.0,False,,,False,False,,False,,,False,False,,False,,,False,False,
SUI,119.38500213623047,119.48999786376953,0.0008794716728257601,0.0,False,,,False,False,,False,,,False,False,,False,,,False,False,
SUI,119.9800033569336,119.9800033569336,0.0,0.0,False,,,False,False,,False,,,False,False,,False,,,False,False,
SUI,119.86250305175781,119.80999755859375,-0.00043804769487743034,0.0,False,,,False,False,,False,,,False,False,,False,,,False,False,
SUIG,1.0898,0.9782999753952026,-0.10231237346742283,3867.0,False,,,False,True,3867.0,False,,,False,True,4013.0,False,,,False,False,
SUIG,1.1019999980926514,1.100100040435791,-0.0017240995101168721,0.0,False,,,False,True,1592.0,False,,,False,True,5855.0,False,,,False,False,
SUIG,1.0898,0.9782999753952026,-0.10231237346742283,6.0,False,,,False,True,6.0,False,,,False,True,152.0,False,,,False,False,
SUIG,1.0499999523162842,1.0399999618530273,-0.00952380087370197,5.0,False,,,False,True,4355.0,False,,,False,False,,False,,,False,False,
SUIG,1.1349999904632568,1.1349999904632568,0.0,0.0,False,,,False,True,2748.0,False,,,False,True,6996.0,False,,,False,False,
SUIG,1.0549999475479126,1.0499999523162842,-0.004739332208735791,0.0,False,,,False,True,5411.0,False,,,False,False,,False,,,False,False,
SUPN,48.45500183105469,48.58000183105469,0.002579713038415088,0.0,False,,,False,False,,False,,,False,False,,False,,,False,False,
SVC,8.864999771118164,8.864999771118164,0.0,0.0,False,,,False,True,24139.0,False,,,False,False,,False,,,False,False,
SVC,8.510000228881836,8.505000114440918,-0.0005875574978186915,0.0,False,,,False,False,,False,,,False,False,,False,,,False,False,
SVCO,8.470000267028809,8.449999809265137,-0.0023613290594013403,0.0,False,,,False,True,9882.0,False,,,False,False,,False,,,False,False,
SVCO,8.010000228881836,8.0,-0.001248467989523605,0.0,False,,,False,True,7168.0,False,,,False,False,,False,,,False,False,
SWBI,14.699999809265137,14.694999694824219,-0.00034014384393166175,0.0,False,,,False,False,,False,,,False,False,,False,,,False,False,
SWKS,60.04999923706055,59.970001220703125,-0.0013321901311207363,0.0,False,,,False,False,,False,,,False,False,,False,,,False,False,
SWKS,59.45000076293945,59.59000015258789,0.0023549098040669403,0.0,True,11844.0,0.023549098040669403,False,False,,False,,,False,False,,False,,,False,False,
SWKS,56.61000061035156,56.619998931884766,0.0001766175839146289,0.0,True,6926.0,0.001766175839146289,False,False,,False,,,False,False,,False,,,False,False,
SWKS,60.9474983215332,60.91999816894531,-0.00045121052291285935,0.0,False,,,False,False,,False,,,False,False,,False,,,False,False,
SWKS,62.9900016784668,63.040000915527344,0.0007937646567428569,0.0,False,,,False,False,,False,,,False,False,,False,,,False,False,
SWKS,57.88999938964844,57.95000076293945,0.0010364721700402146,0.0,True,7073.0,0.010364721700402146,False,False,,False,,,False,False,,False,,,False,False,
SXI,306.9100036621094,307.8500061035156,0.0030627950545436544,0.0,False,,,False,True,31812.0,False,,,False,False,,False,,,False,False,
SXT,108.44000244140625,108.625,0.0017059899891989083,0.0,True,4072.0,0.017059899891989083,False,False,,True,8394.0,0.008529949945994542,False,False,,False,,,False,False,
T,21.43,21.549999237060547,0.00559959109008612,76.0,True,8717.0,0.0559959109008612,False,False,,False,,,False,False,,False,,,False,False,
T,21.30900001525879,21.309999465942383,4.6902749208266314e-05,0.0,False,,,False,False,,False,,,False,False,,False,,,False,False,
T,21.55,21.55500030517578,0.00023203272277405596,881.0,False,,,False,False,,False,,,False,False,,False,,,False,False,
TALO,15.59000015258789,15.595000267028809,0.00032072574675945376,0.0,False,,,False,True,7176.0,False,,,False,False,,False,,,False,False,
TALO,13.649999618530273,13.654999732971191,0.00036630876048748817,0.0,True,18437.0,0.0036630876048748817,False,False,,False,,,False,False,,False,,,False,False,
TALO,14.449999809265137,14.4399995803833,-0.0006920573711997058,0.0,False,,,False,False,,False,,,False,False,,False,,,False,False,
TARS,57.72999954223633,57.810001373291016,0.0013857930311631517,0.0,False,,,False,False,,False,,,False,False,,False,,,False,False,
TARS,59.61000061035156,59.75,0.0023485889651899683,0.0,False,,,False,False,,False,,,False,False,,False,,,False,False,
TCBI,103.80999755859375,103.83000183105469,0.00019270082777578246,0.0,False,,,False,False,,False,,,False,False,,False,,,False,False,
TCBI,102.5999984741211,102.66000366210938,0.0005848458955233227,0.0,False,,,False,False,,False,,,False,False,,False,,,False,False,
TCBI,103.61499786376953,103.61499786376953,0.0,0.0,False,,,False,False,,False,,,False,False,,False,,,False,False,
TCBI,103.83000183105469,103.77999877929688,-0.00048158577363,0.0,False,,,False,False,,False,,,False,False,,False,,,False,False,
TCBI,103.1500015258789,103.20999908447266,0.0005816534920621841,0.0,False,,,False,False,,False,,,False,False,,False,,,False,False,
TCBK,61.130001068115234,61.119998931884766,-0.0001636207435907755,0.0,False,,,False,False,,False,,,False,False,,False,,,False,False,
TCBK,59.86000061035156,59.869998931884766,0.00016702842350913016,0.0,False,,,False,False,,False,,,False,False,,False,,,False,False,
TCBK,54.36000061035156,54.349998474121094,-0.00018399808900226855,0.0,True,8592.0,-0.0018399808900226855,False,False,,False,,,False,False,,False,,,False,False,
TCBK,60.36000061035156,60.34000015258789,-0.00033135284230334516,0.0,False,,,False,False,,False,,,False,False,,False,,,False,False,
TCBK,57.70000076293945,57.75,0.0008665378925378775,0.0,False,,,False,False,,False,,,False,False,,False,,,False,False,
TCBK,60.02000045776367,60.060001373291016,0.0006664597671153238,0.0,False,,,False,False,,False,,,False,False,,False,,,False,False,
TCBK,53.66999816894531,53.54999923706055,-0.002235866144564169,0.0,True,7211.0,-0.022358661445641692,False,False,,False,,,False,False,,False,,,False,False,
TCBK,60.18000030517578,60.209999084472656,0.0004984841998130207,0.0,False,,,False,False,,False,,,False,False,,False,,,False,False,
TCBK,53.619998931884766,53.63990020751953,0.00037115397298026487,0.0,True,3945.0,0.0037115397298026487,False,False,,False,,,False,False,,False,,,False,False,
TCBK,54.345001220703125,54.310001373291016,-0.0006440306675119523,0.0,True,8440.0,-0.006440306675119523,False,False,,False,,,False,False,,False,,,False,False,
TCBK,53.20000076293945,53.20000076293945,0.0,0.0,True,5375.0,0.0,False,False,,False,,,False,False,,False,,,False,False,
TCBK,60.65650177001953,60.630001068115234,-0.0004368979603336376,0.0,False,,,False,False,,False,,,False,False,,False,,,False,False,
TCBK,59.790000915527344,59.79999923706055,0.0001672239735759362,0.0,False,,,False,False,,False,,,False,False,,False,,,False,False,
TCBK,52.54999923706055,52.560001373291016,0.00019033561133552368,0.0,True,6884.0,0.0019033561133552368,False,False,,False,,,False,False,,False,,,False,False,
TCBK,59.709999084472656,59.67499923706055,-0.0005861639247823902,0.0,False,,,False,False,,False,,,False,False,,False,,,False,False,
TCBK,60.0,60.11000061035156,0.0018333435058592862,0.0,False,,,False,False,,False,,,False,False,,False,,,False,False,
TCBK,59.81999969482422,59.849998474121094,0.0005014841098280876,0.0,False,,,False,False,,False,,,False,False,,False,,,False,False,
TCBX,43.189998626708984,43.189998626708984,0.0,0.0,False,,,False,False,,False,,,False,False,,False,,,False,False,
TCBX,43.099998474121094,42.9900016784668,-0.00255212991991971,0.0,False,,,False,False,,False,,,False,False,,False,,,False,False,
TCBX,40.55500030517578,40.59000015258789,0.0008630217519105532,0.0,False,,,False,False,,False,,,False,False,,False,,,False,False,
TCMD,27.75,27.774999618530273,0.0009008871542441899,0.0,False,,,False,False,,False,,,False,False,,False,,,False,False,
TDW,74.94000244140625,75.0,0.0008006079081817052,0.0,False,,,False,False,,False,,,False,False,,False,,,False,False,
TDY,635.3001098632812,635.385009765625,0.00013363747467631804,0.0,False,,,False,False,,False,,,False,False,,False,,,False,False,
TDY,649.4249877929688,650.6849975585938,0.0019401929234461601,0.0,False,,,False,False,,False,,,False,False,,False,,,False,False,
TDY,631.52,633.7899780273438,0.0035944673602479327,274.0,False,,,False,False,,False,,,False,False,,False,,,False,False,
TENX,16.5,16.6299991607666,0.00787873701615771,0.0,False,,,False,True,4307.0,False,,,False,False,,False,,,False,False,
TENX,15.664999961853027,15.680000305175781,0.0009575705942728163,0.0,False,,,False,True,1352.0,False,,,False,False,,False,,,False,False,
TENX,17.989999771118164,18.079999923706055,0.0050027878673117865,0.0,False,,,False,True,5524.0,False,,,False,True,18597.0,False,,,False,False,
TEX,63.744998931884766,63.869998931884766,0.0019609381456506814,0.0,True,13023.0,0.019609381456506814,False,False,,False,,,False,False,,False,,,False,False,
TEX,68.16,68.87999725341797,0.010563339985592224,105.0,False,,,False,False,,False,,,False,False,,False,,,False,False,
TEX,66.58999633789062,66.7699966430664,0.0027031133064254753,0.0,False,,,False,False,,False,,,False,False,,False,,,False,False,
TEX,67.07,67.22000122070312,0.002236487560804079,179.0,False,,,False,False,,False,,,False,False,,False,,,False,False,
TFIN,79.3550033569336,79.33499908447266,-0.00025208583724656286,0.0,False,,,False,False,,False,,,False,False,,False,,,False,False,
TFIN,78.5999984741211,78.65499877929688,0.0006997494433016449,0.0,False,,,False,False,,False,,,False,False,,False,,,False,False,
TFSL,17.690000534057617,17.69499969482422,0.0002825981128138366,0.0,False,,,False,False,,False,,,False,False,,False,,,False,False,
TGLS,43.290000915527344,43.314998626708984,0.0005774476935314077,0.0,True,27018.0,0.005774476935314077,False,False,,False,,,False,False,,False,,,False,False,
TGLS,43.584999084472656,43.5,-0.0019501912643824504,0.0,True,19940.0,-0.019501912643824504,False,False,,False,,,False,False,,False,,,False,False,
TH,17.364999771118164,17.375,0.0005758841931267078,0.0,False,,,False,True,18504.0,False,,,False,False,,False,,,False,False,
TH,18.209999084472656,18.299999237060547,0.004942348001798269,0.0,False,,,False,True,12949.0,False,,,False,False,,False,,,False,False,
THC,192.0050048828125,192.0800018310547,0.0003905989236476781,0.0,True,12771.0,0.003905989236476781,False,False,,True,12771.0,0.0019529946182383906,False,False,,False,,,False,False,
THC,193.52499389648438,193.56500244140625,0.0002067358025252819,0.0,True,12749.0,0.002067358025252819,False,False,,True,12749.0,0.0010336790126264095,False,False,,False,,,False,False,
THC,190.88999938964844,191.07749938964844,0.0009822410843915996,0.0,True,12837.0,0.009822410843915996,False,False,,True,12837.0,0.004911205421957998,False,False,,False,,,False,False,
THC,196.72000122070312,196.90499877929688,0.000940410519752799,0.0,True,3954.0,0.00940410519752799,False,False,,True,3954.0,0.004702052598763995,False,False,,False,,,False,False,
THC,208.41000366210938,208.35499572753906,-0.0002639409510278856,0.0,False,,,False,True,9970.0,False,,,False,False,,False,,,False,False,
THC,184.9199981689453,185.49000549316406,0.003082453654893458,0.0,True,12923.0,0.030824536548934578,False,False,,True,12923.0,0.015412268274467289,False,False,,False,,,False,False,
THFF,76.40499877929688,76.30999755859375,-0.0012433901213393384,0.0,False,,,False,False,,False,,,False,False,,False,,,False,False,
THFF,74.87999725341797,75.06999969482422,0.002537425859715503,0.0,False,,,False,False,,False,,,False,False,,False,,,False,False,
THG,214.0399932861328,213.9199981689453,-0.0005606200754598722,0.0,False,,,False,False,,False,,,False,False,,False,,,False,False,
THG,220.5399932861328,220.66000366210938,0.0005441660452980557,0.0,False,,,False,False,,False,,,False,False,,False,,,False,False,
THRM,37.15999984741211,37.15999984741211,0.0,0.0,True,9830.0,0.0,False,False,,True,10154.0,0.0,False,False,,False,,,False,False,
THRM,41.790000915527344,41.724998474121094,-0.0015554544145055527,0.0,False,,,False,False,,False,,,False,False,,False,,,False,False,
THRM,36.27000045776367,36.334999084472656,0.001792076809722598,0.0,True,2634.0,0.01792076809722598,False,False,,True,2719.0,0.00896038404861299,False,False,,False,,,False,False,
THRM,35.599998474121094,36.02000045776367,0.01179780903496086,0.0,True,2884.0,0.1179780903496086,False,False,,True,2958.0,0.0589890451748043,False,False,,False,,,False,False,
THRM,34.93370056152344,35.165000915527344,0.0066211237368498654,0.0,True,20103.0,0.06621123736849865,False,False,,True,20158.0,0.03310561868424933,False,False,,False,,,False,False,
THRM,37.13999938964844,37.150001525878906,0.00026930900363053567,0.0,True,10077.0,0.0026930900363053567,False,False,,True,10399.0,0.0013465450181526784,False,False,,False,,,False,False,
TKR,136.88999938964844,136.77999877929688,-0.0008035693684127487,0.0,False,,,False,False,,False,,,False,False,,False,,,False,False,
TLRY,4.309999942779541,4.309999942779541,0.0,0.0,False,,,False,True,9853.0,False,,,False,False,,False,,,False,False,
TLRY,4.315000057220459,4.320000171661377,0.0011587750578476719,127.0,False,,,False,True,5958.0,False,,,False,False,,False,,,False,False,
TMHC,71.91500091552734,71.91500091552734,0.0,0.0,False,,,False,False,,False,,,False,False,,False,,,False,False,
TMHC,71.86499786376953,71.87000274658203,6.96428436828267e-05,0.0,False,,,False,False,,False,,,False,False,,False,,,False,False,
TMO,529.8200073242188,529.8099975585938,-1.889276638600279e-05,0.0,True,14110.0,-0.0001889276638600279,False,False,,False,,,False,False,,False,,,False,False,
TMO,517.6,526.3300170898438,0.01686633904529322,1006.0,False,,,False,False,,False,,,False,False,,False,,,False,False,
TMO,569.44,574.0,0.008007867378476918,47.0,False,,,False,False,,False,,,False,False,,False,,,False,False,
TMO,515.9550170898438,517.6400146484375,0.0032657838431298103,0.0,False,,,False,False,,False,,,False,False,,False,,,False,False,
TMP,93.01000213623047,92.91500091552734,-0.0010214086498351316,0.0,False,,,False,False,,False,,,False,False,,False,,,False,False,
TMP,93.54000091552734,93.7300033569336,0.002031242672082545,0.0,False,,,False,False,,False,,,False,False,,False,,,False,False,
TMP,92.69000244140625,92.77999877929688,0.0009709389957941461,0.0,True,6917.0,0.009709389957941461,False,False,,False,,,False,False,,False,,,False,False,
TMQ,2.961400032043457,2.9600000381469727,-0.0004727473091564738,0.0,True,6938.0,-0.004727473091564738,False,False,,False,,,False,False,,False,,,False,False,
TMQ,3.14,3.1700000762939453,0.009554164424823375,58.0,False,,,False,True,11579.0,False,,,False,False,,False,,,False,False,
TMQ,3.059999942779541,3.0587000846862793,-0.0004247902344994836,0.0,False,,,False,False,,False,,,False,False,,False,,,False,False,
TNL,74.76129913330078,74.75,-0.00015113612834138923,0.0,False,,,False,False,,False,,,False,False,,False,,,False,False,
TNL,74.91,74.88999938964844,-0.00026699519892614543,204.0,False,,,False,False,,False,,,False,False,,False,,,False,False,
TNL,74.0,73.93000030517578,-0.000945941821948848,0.0,False,,,False,False,,False,,,False,False,,False,,,False,False,
TNL,73.58000183105469,73.62999725341797,0.0006794702516870199,0.0,False,,,False,False,,False,,,False,False,,False,,,False,False,
TNL,75.5250015258789,75.5250015258789,0.0,0.0,False,,,False,False,,False,,,False,False,,False,,,False,False,
TNL,74.33499908447266,74.33999633789062,6.722611797282951e-05,0.0,False,,,False,False,,False,,,False,False,,False,,,False,False,
TNL,75.16000366210938,75.16999816894531,0.00013297640166265445,0.0,False,,,False,False,,False,,,False,False,,False,,,False,False,
TNON,0.19850000739097595,0.19900000095367432,0.0025188591641387426,0.0,False,,,False,True,14529.0,False,,,False,False,,False,,,False,False,
TNON,0.19519999623298645,0.1964000016450882,0.006147568828174688,0.0,False,,,False,False,,False,,,False,False,,False,,,False,False,
TNON,0.20059999823570251,0.20080000162124634,0.0009970258589375725,0.0,False,,,False,True,8603.0,False,,,False,False,,False,,,False,False,
TNON,0.24300000071525574,0.22450000047683716,-0.07613168799985581,182.0,False,,,False,True,7419.0,False,,,False,True,8913.0,False,,,False,False,
TNON,0.18970000743865967,0.18700000643730164,-0.014233004193376697,0.0,False,,,False,False,,False,,,False,False,,False,,,False,False,
TNXP,10.40999984741211,10.470000267028809,0.005763729154291575,0.0,False,,,False,False,,False,,,False,False,,False,,,False,False,
TNXP,10.279999732971191,10.279999732971191,0.0,0.0,False,,,False,False,,False,,,False,False,,False,,,False,False,
TNXP,12.619999885559082,12.637800216674805,0.0014104858381251972,0.0,False,,,False,True,4339.0,False,,,False,True,20019.0,False,,,False,False,
TNYA,0.800599992275238,0.8047000169754028,0.0051211900321319614,0.0,False,,,False,False,,False,,,False,False,,False,,,False,False,
TNYA,0.8898000121116638,0.8899000287055969,0.00011240345310370436,0.0,False,,,False,True,1358.0,False,,,False,False,,False,,,False,False,
TOI,4.909999847412109,4.909999847412109,0.0,0.0,False,,,False,False,,False,,,False,False,,False,,,False,False,
TOI,4.960000038146973,4.909999847412109,-0.010080683538370105,1050.0,False,,,False,False,,False,,,False,False,,False,,,False,False,
TOI,4.875,4.875,0.0,0.0,False,,,False,False,,False,,,False,False,,False,,,False,False,
TOI,5.045000076293945,5.045000076293945,0.0,0.0,False,,,False,False,,False,,,False,False,,False,,,False,False,
TOI,5.224999904632568,5.235000133514404,0.0019139194381552205,0.0,False,,,False,True,1333.0,False,,,False,False,,False,,,False,False,
TOI,4.735000133514404,4.75,0.003167870340578638,0.0,False,,,False,False,,False,,,False,False,,False,,,False,False,
TOI,5.21999979019165,5.239999771118164,0.003831414124593202,0.0,False,,,False,False,,False,,,False,False,,False,,,False,False,
TOMZ,0.7562000155448914,0.7475000023841858,-0.011504910052714923,0.0,True,2634.0,-0.11504910052714923,False,False,,True,2634.0,-0.057524550263574614,False,False,,True,2634.0,-0.023009820105429846,False,False,
TONX,3.240000009536743,3.25,0.0030864168005624304,0.0,True,5489.0,0.030864168005624304,False,False,,False,,,False,False,,False,,,False,False,
TONX,3.180000066757202,3.180000066757202,0.0,0.0,True,8773.0,0.0,False,False,,False,,,False,False,,False,,,False,False,
TONX,3.4700000286102295,3.460099935531616,-0.0028530527368838543,0.0,False,,,False,True,19918.0,False,,,False,False,,False,,,False,False,
TONX,3.4700000286102295,3.505000114440918,0.010086479983317576,0.0,False,,,False,True,12645.0,False,,,False,False,,False,,,False,False,
TONX,3.1500000953674316,3.1500000953674316,0.0,0.0,True,2546.0,0.0,False,False,,False,,,False,False,,False,,,False,False,
TONX,3.450000047683716,3.4600000381469727,0.002898547920302308,0.0,False,,,False,True,11178.0,False,,,False,False,,False,,,False,False,
TONX,3.3499999046325684,3.365000009536743,0.0044776433824467166,0.0,False,,,False,True,28674.0,False,,,False,False,,False,,,False,False,
TONX,3.3299999237060547,3.315000057220459,-0.004504464513291007,0.0,True,11580.0,-0.045044645132910066,False,True,23024.0,False,,,False,False,,False,,,False,False,
TOON,0.58,0.5799999833106995,-2.8774655991270492e-08,3895.0,False,,,False,False,,False,,,False,False,,False,,,False,False,
TOON,0.6050000190734863,0.6200000047683716,0.024793364003288243,0.0,True,5636.0,0.24793364003288243,False,True,5652.0,False,,,False,False,,False,,,False,False,
TOON,0.5980510115623474,0.5980499982833862,-1.6943018933401888e-06,0.0,False,,,False,False,,False,,,False,False,,False,,,False,False,
TOON,0.6245999932289124,0.6245999932289124,0.0,0.0,False,,,False,True,7061.0,False,,,False,False,,False,,,False,False,
TOON,0.5820000171661377,0.5896999835968018,0.013230182480331587,0.0,True,3075.0,0.13230182480331587,False,False,,False,,,False,False,,False,,,False,False,
TOON,0.5699999928474426,0.5699999928474426,0.0,0.0,True,4396.0,0.0,False,False,,False,,,False,False,,False,,,False,False,
TOON,0.571399986743927,0.5712500214576721,-0.0002624523796533884,0.0,True,2957.0,-0.002624523796533884,False,False,,False,,,False,False,,False,,,False,False,
TOON,0.6129000186920166,0.613099992275238,0.0003262743956971015,0.0,False,,,False,False,,False,,,False,False,,False,,,False,False,
TOON,0.5885,0.6840999722480774,0.1624468517384492,954.0,True,954.0,1.624468517384492,True,True,970.0,False,,,False,False,,False,,,False,False,
TOP,2.0199999809265137,2.0439000129699707,0.01183169914313309,1.0,True,1145.0,0.1183169914313309,False,False,,True,1222.0,0.05915849571566545,False,False,,False,,,False,False,
TOP,2.059999942779541,2.0799999237060547,0.009708728874782357,57.0,True,168.0,0.09708728874782357,False,False,,True,198.0,0.04854364437391179,False,False,,False,,,False,False,
TOP,2.0299999713897705,1.965000033378601,-0.032019674348403804,72.0,True,10213.0,-0.32019674348403804,False,True,5841.0,True,10291.0,-0.16009837174201902,False,True,5923.0,False,,,False,False,
TOP,2.7899999618530273,2.815000057220459,0.008960607781093755,0.0,False,,,False,True,3944.0,False,,,False,True,3949.0,False,,,False,False,
TOVX,0.23354999721050262,0.23360000550746918,0.000214122447286913,0.0,False,,,False,True,2970.0,False,,,False,False,,False,,,False,False,
TPST,0.9714000225067139,0.9993000030517578,0.02872141229011671,315.0,True,390.0,0.2872141229011671,False,True,16366.0,False,,,False,False,,False,,,False,False,
TPST,0.9977999925613403,0.9828000068664551,-0.015033058535489086,0.0,False,,,False,True,14528.0,False,,,False,False,,False,,,False,False,
TPST,1.0149999856948853,1.0197999477386475,0.0047290267107502615,0.0,False,,,False,True,15681.0,False,,,False,False,,False,,,False,False,
TPST,0.966,0.9660000205039978,2.122567055451441e-08,150.0,False,,,False,True,13110.0,False,,,False,False,,False,,,False,False,
TPST,0.9760000109672546,0.9904000163078308,0.01475410366676666,278.0,True,1984.0,0.1475410366676666,False,True,14889.0,False,,,False,False,,False,,,False,False,
TPST,1.0099999904632568,1.0099999904632568,0.0,0.0,False,,,False,True,12919.0,False,,,False,False,,False,,,False,False,
TRAK,9.069100379943848,9.095000267028809,0.002855838616831141,0.0,False,,,False,True,9874.0,False,,,False,False,,False,,,False,False,
TRAK,9.010000228881836,9.0,-0.0011099032883240545,0.0,False,,,False,True,8598.0,False,,,False,False,,False,,,False,False,
TRAK,8.914999961853027,9.069999694824219,0.017386397491242933,0.0,False,,,False,True,10306.0,False,,,False,False,,False,,,False,False,
TRAW,0.6218000054359436,0.6111999750137329,-0.01704733086127752,0.0,False,,,False,True,2571.0,False,,,False,True,5681.0,False,,,False,False,
TRAW,0.6718000173568726,0.6707000136375427,-0.0016373975750367809,3693.0,False,,,False,True,4005.0,False,,,False,True,8013.0,False,,,False,False,
TRAW,0.6859999895095825,0.7200000286102295,0.04956273997169203,0.0,True,3156.0,0.49562739971692027,False,True,17549.0,False,,,False,True,20193.0,False,,,False,False,
TRAW,0.6104000210762024,0.6104000210762024,0.0,0.0,False,,,False,True,1219.0,False,,,False,True,4350.0,False,,,False,False,
TRAW,0.6100000143051147,0.6298999786376953,0.032622891583452995,97.0,False,,,False,True,1585.0,False,,,False,True,4716.0,False,,,False,False,
TRAW,0.6718000173568726,0.6707000136375427,-0.0016373975750367809,3920.0,False,,,False,True,4232.0,False,,,False,True,8240.0,False,,,False,False,
TRAW,0.6000000238418579,0.6241999864578247,0.04033326942391113,0.0,False,,,False,True,4007.0,False,,,False,True,5746.0,False,,,False,False,
TRAW,0.7099999785423279,0.6955000162124634,-0.02042248277194847,0.0,False,,,False,True,10008.0,False,,,False,True,12889.0,False,,,False,False,
TRAW,0.6424999833106995,0.6424999833106995,0.0,0.0,False,,,False,True,2827.0,False,,,False,True,5820.0,False,,,False,False,
TRAW,0.6100000143051147,0.5699999928474426,-0.06557380413054315,1040.0,False,,,False,True,1088.0,False,,,False,True,4219.0,False,,,False,False,
TRAW,0.6840000152587891,0.696399986743927,0.0181286128779492,0.0,True,2923.0,0.18128612877949202,False,True,17316.0,False,,,False,True,20300.0,False,,,False,False,
TRAW,0.6218000054359436,0.6111999750137329,-0.01704733086127752,0.0,False,,,False,True,2571.0,False,,,False,True,5681.0,False,,,False,False,
TRAW,0.6100000143051147,0.5699999928474426,-0.06557380413054315,1050.0,False,,,False,True,1098.0,False,,,False,True,4229.0,False,,,False,False,
TREX,43.939998626708984,43.970001220703125,0.0006828082597141183,0.0,False,,,False,False,,False,,,False,False,,False,,,False,False,
TREX,47.209999084472656,47.209999084472656,0.0,0.0,False,,,False,True,17131.0,False,,,False,False,,False,,,False,False,
TREX,43.7599983215332,43.68000030517578,-0.0018281083049780378,0.0,False,,,False,False,,False,,,False,False,,False,,,False,False,
TREX,44.154998779296875,44.209999084472656,0.0012456189943679252,0.0,False,,,False,False,,False,,,False,False,,False,,,False,False,
TRGP,270.7825012207031,271.05999755859375,0.001024794204350865,0.0,False,,,False,False,,False,,,False,False,,False,,,False,False,
TRGP,276.7300109863281,276.9100036621094,0.0006504270177987159,0.0,False,,,False,False,,False,,,False,False,,False,,,False,False,
TRGP,258.69000244140625,258.67999267578125,-3.869405671086401e-05,0.0,True,21282.0,-0.0003869405671086401,False,False,,False,,,False,False,,False,,,False,False,
TRGP,279.4,280.9100036621094,0.005404451188652182,1041.0,False,,,False,False,,False,,,False,False,,False,,,False,False,
TRIN,17.475000381469727,17.450000762939453,-0.001430593303836658,0.0,False,,,False,False,,False,,,False,False,,False,,,False,False,
TRIN,17.520000457763672,17.510000228881836,-0.0005707893048259027,0.0,False,,,False,False,,False,,,False,False,,False,,,False,False,
TRIN,17.690000534057617,17.68000030517578,-0.0005653040463500236,0.0,False,,,False,False,,False,,,False,False,,False,,,False,False,
TRIN,17.299999237060547,17.450000762939453,0.008670608814685288,1050.0,False,,,False,False,,False,,,False,False,,False,,,False,False,
TRIP,14.5600004196167,14.5600004196167,0.0,0.0,False,,,False,False,,False,,,False,False,,False,,,False,False,
TRMK,46.80500030517578,46.81999969482422,0.0003204655389517086,0.0,False,,,False,False,,False,,,False,False,,False,,,False,False,
TRNR,2.884999990463257,2.8991000652313232,0.004887374285849511,0.0,True,1150.0,0.048873742858495106,False,True,1183.0,True,1156.0,0.024436871429247553,False,False,,False,,,False,False,
TRNR,2.884999990463257,2.884999990463257,0.0,0.0,True,1151.0,0.0,False,True,1184.0,True,1157.0,0.0,False,False,,False,,,False,False,
TRNR,2.6600000858306885,2.734999895095825,0.028195416107182236,0.0,True,284.0,0.28195416107182236,False,False,,True,4503.0,0.14097708053591118,False,False,,False,,,False,False,
TRST,54.36000061035156,54.404998779296875,0.0008277808763810235,0.0,False,,,False,False,,False,,,False,False,,False,,,False,False,
TRST,55.470001220703125,55.459999084472656,-0.00018031613503433075,0.0,False,,,False,False,,False,,,False,False,,False,,,False,False,
TRST,54.375,54.375,0.0,0.0,False,,,False,False,,False,,,False,False,,False,,,False,False,
TRT,9.6899995803833,9.670000076293945,-0.0020639323999397385,0.0,False,,,False,False,,False,,,False,False,,False,,,False,False,
TRT,10.119999885559082,10.079999923706055,-0.003952565445193956,0.0,True,2787.0,-0.03952565445193956,False,True,20121.0,True,2787.0,-0.01976282722596978,False,False,,False,,,False,False,
TRT,9.300000190734863,9.319999694824219,0.0021504842665789337,0.0,False,,,False,False,,False,,,False,False,,False,,,False,False,
TRTX,8.489999771118164,8.494999885559082,0.00058894164613843,0.0,False,,,False,False,,False,,,False,False,,False,,,False,False,
TRTX,8.470000267028809,8.470000267028809,0.0,0.0,False,,,False,False,,False,,,False,False,,False,,,False,False,
TRTX,8.569999694824219,8.569999694824219,0.0,0.0,False,,,False,False,,False,,,False,False,,False,,,False,False,
TRTX,8.654999732971191,8.658599853515625,0.00041595848128328505,0.0,False,,,False,False,,False,,,False,False,,False,,,False,False,
TRU,77.5999984741211,78.55000305175781,0.012242327272126596,99.0,True,17422.0,0.12242327272126596,False,False,,False,,,False,False,,False,,,False,False,
TRU,79.01,74.9749984741211,-0.05106950418781053,58.0,False,,,False,False,,False,,,False,False,,False,,,False,False,
TRU,76.36000061035156,76.37999725341797,0.00026187327012272554,0.0,True,5410.0,0.0026187327012272554,False,False,,False,,,False,False,,False,,,False,False,
TRU,76.6449966430664,76.65499877929688,0.0001304995325011049,0.0,True,10062.0,0.001304995325011049,False,False,,False,,,False,False,,False,,,False,False,
TRV,338.8500061035156,339.45001220703125,0.0017707129783326447,0.0,True,10350.0,0.017707129783326447,False,False,,False,,,False,False,,False,,,False,False,
TRV,344.32501220703125,344.45001220703125,0.00036302910206487127,0.0,False,,,False,False,,False,,,False,False,,False,,,False,False,
TRV,337.0199890136719,337.07000732421875,0.00014841348340577376,0.0,True,8348.0,0.0014841348340577376,False,False,,False,,,False,False,,False,,,False,False,
TRV,344.0,343.92999267578125,-0.00020350966342663757,0.0,False,,,False,False,,False,,,False,False,,False,,,False,False,
TRV,330.3699951171875,330.54998779296875,0.0005448214984458133,0.0,True,2581.0,0.005448214984458133,False,False,,False,,,False,False,,False,,,False,False,
TRV,340.6099853515625,340.82000732421875,0.000616605448132912,0.0,False,,,False,False,,False,,,False,False,,False,,,False,False,
TRV,341.0299987792969,341.1300048828125,0.0002932472330106073,0.0,True,14083.0,0.002932472330106073,False,False,,False,,,False,False,,False,,,False,False,
TRV,337.8550109863281,338.0299987792969,0.0005179375391173302,0.0,True,15601.0,0.005179375391173302,False,False,,False,,,False,False,,False,,,False,False,
TRV,336.83,330.135009765625,-0.01987646656881803,1027.0,True,8236.0,-0.1987646656881803,False,False,,False,,,False,False,,False,,,False,False,
TRV,342.42498779296875,342.5299987792969,0.0003066685845707351,0.0,False,,,False,False,,False,,,False,False,,False,,,False,False,
TRV,339.17,343.7799987792969,0.013592000410699301,924.0,False,,,False,False,,False,,,False,False,,False,,,False,False,
TRV,340.8399963378906,341.0050048828125,0.00048412318593715753,0.0,False,,,False,False,,False,,,False,False,,False,,,False,False,
TRV,331.3500061035156,331.57000732421875,0.0006639541773070246,0.0,True,2714.0,0.0066395417730702455,False,False,,False,,,False,False,,False,,,False,False,
TRV,340.4049987792969,340.7900085449219,0.0011310344060917465,0.0,True,12919.0,0.011310344060917465,False,False,,False,,,False,False,,False,,,False,False,
TRV,330.0174865722656,330.05499267578125,0.00011364883693043559,0.0,True,2622.0,0.001136488369304356,False,False,,False,,,False,False,,False,,,False,False,
TRV,337.29998779296875,337.2099914550781,-0.00026681393758565264,0.0,True,14161.0,-0.0026681393758565264,False,False,,False,,,False,False,,False,,,False,False,
TRV,339.1400146484375,339.17,8.841584675156611e-05,0.0,False,,,False,False,,False,,,False,False,,False,,,False,False,
TRV,343.82501220703125,343.739990234375,-0.00024728268635976214,0.0,False,,,False,False,,False,,,False,False,,False,,,False,False,
TRV,336.8949890136719,336.8500061035156,-0.00013352205174654852,0.0,True,15734.0,-0.0013352205174654852,False,False,,False,,,False,False,,False,,,False,False,
TRV,368.9,367.82501220703125,-0.002914035762994649,44.0,False,,,False,False,,False,,,False,False,,False,,,False,False,
TRV,345.1000061035156,345.1000061035156,0.0,0.0,False,,,False,False,,False,,,False,False,,False,,,False,False,
TRV,330.1549987792969,330.17999267578125,7.570352282049164e-05,0.0,True,2669.0,0.0007570352282049164,False,False,,False,,,False,False,,False,,,False,False,
TRV,338.5899963378906,338.739990234375,0.00044299565287420073,0.0,True,10338.0,0.004429956528742007,False,False,,False,,,False,False,,False,,,False,False,
TRV,338.8599853515625,338.8699951171875,2.9539532720557204e-05,0.0,False,,,False,False,,False,,,False,False,,False,,,False,False,
TRV,330.80499267578125,331.0,0.0005894932922305696,0.0,True,2684.0,0.005894932922305696,False,False,,False,,,False,False,,False,,,False,False,
TRV,339.9700012207031,340.0400085449219,0.00020592206361547127,0.0,True,13064.0,0.0020592206361547127,False,False,,False,,,False,False,,False,,,False,False,
TRV,338.92,339.3800048828125,0.001357266855932071,232.0,True,12142.0,0.01357266855932071,False,False,,False,,,False,False,,False,,,False,False,
TRV,336.4800109863281,336.5400085449219,0.00017830942889562884,0.0,True,4443.0,0.0017830942889562884,False,False,,False,,,False,False,,False,,,False,False,
TSCO,30.200000762939453,30.204999923706055,0.00016553512054007236,0.0,False,,,False,False,,False,,,False,False,,False,,,False,False,
TSCO,30.299999237060547,30.315000534057617,0.0004950923226005877,0.0,False,,,False,False,,False,,,False,False,,False,,,False,False,
TSCO,29.58,29.06999969482422,-0.017241389627308257,193.0,False,,,False,False,,False,,,False,False,,False,,,False,False,
TSCO,30.395000457763672,30.398000717163086,9.870897694441716e-05,0.0,False,,,False,False,,False,,,False,False,,False,,,False,False,
TSLA,393.97,392.5,-0.0037312485722263977,995.0,False,,,False,False,,False,,,False,False,,False,,,False,False,
TSLA,396.7799987792969,396.8351135253906,0.00013890505132141406,0.0,False,,,False,False,,False,,,False,False,,False,,,False,False,
TTC,95.70999908447266,95.8551025390625,0.0015160741404016687,0.0,False,,,False,False,,False,,,False,False,,False,,,False,False,
TTC,93.67500305175781,93.30000305175781,-0.0040032024316327686,0.0,False,,,False,False,,False,,,False,False,,False,,,False,False,
TTRX,10.109999656677246,10.100000381469727,-0.0009890480264176382,0.0,False,,,False,True,5537.0,False,,,False,True,9843.0,False,,,False,False,
TTRX,9.5625,9.399999618530273,-0.016993503944546573,0.0,False,,,False,True,10034.0,False,,,False,True,27038.0,False,,,False,False,
TVRD,3.0698,3.5999999046325684,0.17271480377632686,46.0,True,46.0,1.7271480377632686,True,True,17481.0,True,164.0,0.8635740188816343,False,False,,True,246.0,0.34542960755265373,False,False,
TVRD,3.009999990463257,3.0250000953674316,0.0049834235719934394,0.0,True,1205.0,0.049834235719934394,False,True,9800.0,False,,,False,True,18495.0,False,,,False,False,
TVRD,3.0199999809265137,3.0,-0.006622510282393357,0.0,True,49.0,-0.06622510282393357,False,True,8644.0,False,,,False,True,17338.0,False,,,False,False,
TVTX,56.189998626708984,56.19499969482422,8.900281611423644e-05,0.0,False,,,False,False,,False,,,False,False,,False,,,False,False,
TWIN,22.5049991607666,22.6200008392334,0.005110050333495764,0.0,False,,,False,False,,False,,,False,False,,False,,,False,False,
TWO,12.095000267028809,12.100000381469727,0.00041340341715812023,0.0,False,,,False,False,,False,,,False,False,,False,,,False,False,
TWO,12.079999923706055,12.09000015258789,0.0008278335219367161,0.0,False,,,False,False,,False,,,False,False,,False,,,False,False,
TXNM,57.70000076293945,57.689998626708984,-0.000173347246069544,0.0,False,,,False,False,,False,,,False,False,,False,,,False,False,
TXNM,57.2599983215332,57.2599983215332,0.0,0.0,False,,,False,False,,False,,,False,False,,False,,,False,False,
TXNM,56.8849983215332,56.88999938964844,8.791541289965288e-05,0.0,False,,,False,False,,False,,,False,False,,False,,,False,False,
TXT,93.4800033569336,93.5,0.00021391358951983186,0.0,False,,,False,False,,False,,,False,False,,False,,,False,False,
TXT,95.75499725341797,95.91999816894531,0.0017231572268825435,0.0,False,,,False,True,7148.0,False,,,False,False,,False,,,False,False,
TZOO,11.114999771118164,11.09000015258789,-0.0022491785015806842,0.0,False,,,False,True,14104.0,False,,,False,True,21236.0,False,,,False,False,
U,29.66,29.06999969482422,-0.019892120875784958,307.0,True,3187.0,-0.19892120875784958,False,False,,False,,,False,False,,False,,,False,False,
U,31.31999969482422,31.329999923706055,0.00031929211300374405,0.0,False,,,False,True,11178.0,False,,,False,False,,False,,,False,False,
U,29.85,30.079999923706055,0.007705190073904689,148.0,True,10548.0,0.07705190073904689,False,False,,False,,,False,False,,False,,,False,False,
UAL,117.65499877929688,117.66999816894531,0.00012748620801539268,0.0,False,,,False,False,,False,,,False,False,,False,,,False,False,
UAL,126.0,124.98999786376953,-0.008015889970083068,3819.0,False,,,False,False,,False,,,False,False,,False,,,False,False,
UAL,117.91010284423828,118.13999938964844,0.0019497612152357124,0.0,False,,,False,False,,False,,,False,False,,False,,,False,False,
UAL,123.37999725341797,123.38999938964844,8.10677293980877e-05,0.0,False,,,False,False,,False,,,False,False,,False,,,False,False,
UAL,129.14999389648438,129.08999633789062,-0.0004645571926378267,0.0,False,,,False,True,12795.0,False,,,False,False,,False,,,False,False,
UAL,129.08,128.77000427246094,-0.0024015783044551986,324.0,False,,,False,True,8964.0,False,,,False,False,,False,,,False,False,
UAL,128.82000732421875,128.82000732421875,0.0,0.0,False,,,False,False,,False,,,False,False,,False,,,False,False,
UAL,121.83000183105469,121.91500091552734,0.0006976859820664316,0.0,False,,,False,False,,False,,,False,False,,False,,,False,False,
UAL,122.25,122.24500274658203,-4.087732857238624e-05,0.0,False,,,False,False,,False,,,False,False,,False,,,False,False,
UAL,122.81999969482422,123.04000091552734,0.0017912491552660725,0.0,False,,,False,False,,False,,,False,False,,False,,,False,False,
UAL,117.30000305175781,117.44999694824219,0.0012787203118673762,0.0,False,,,False,False,,False,,,False,False,,False,,,False,False,
UAL,118.62999725341797,118.62000274658203,-8.42494062828214e-05,0.0,False,,,False,False,,False,,,False,False,,False,,,False,False,
UAL,132.50100708007812,132.58749389648438,0.0006527257287485266,0.0,False,,,False,True,11211.0,False,,,False,False,,False,,,False,False,
UBSI,46.529998779296875,46.525001525878906,-0.00010739852888608237,0.0,False,,,False,False,,False,,,False,False,,False,,,False,False,
UCB,36.880001068115234,36.88999938964844,0.0002711041551961557,0.0,False,,,False,True,7496.0,False,,,False,True,7496.0,False,,,False,False,
UCB,35.310001373291016,35.33000183105469,0.0005664247234722364,0.0,False,,,False,False,,False,,,False,False,,False,,,False,False,
UCB,35.36000061035156,35.36000061035156,0.0,0.0,False,,,False,True,11760.0,False,,,False,True,11760.0,False,,,False,False,
UCB,36.0,36.130001068115234,0.0036111407809786833,91.0,False,,,False,True,7681.0,False,,,False,True,7681.0,False,,,False,False,
UCB,34.45000076293945,34.470001220703125,0.0005805647988603724,0.0,False,,,False,False,,False,,,False,False,,False,,,False,False,
UCB,34.689998626708984,34.70000076293945,0.0002883291042499181,0.0,False,,,False,True,18829.0,False,,,False,True,18829.0,False,,,False,False,
UCB,35.439998626708984,35.5,0.00169304107268764,0.0,False,,,False,False,,False,,,False,False,,False,,,False,False,
UCB,35.61,35.66999816894531,0.0016848685466248625,35.0,False,,,False,True,9065.0,False,,,False,True,9065.0,False,,,False,False,
UCB,34.529998779296875,34.529998779296875,0.0,0.0,False,,,False,True,18782.0,False,,,False,True,18782.0,False,,,False,False,
UCB,34.959999084472656,34.959999084472656,0.0,0.0,False,,,False,False,,False,,,False,False,,False,,,False,False,
UCB,34.810001373291016,34.79999923706055,-0.0002873351288673609,0.0,False,,,False,False,,False,,,False,False,,False,,,False,False,
UCTT,93.12999725341797,93.12999725341797,0.0,0.0,True,1474.0,0.0,False,True,9967.0,False,,,False,True,11384.0,False,,,False,False,
UCTT,98.25,107.87999725341797,0.09801523922053912,1021.0,True,2461.0,0.9801523922053912,False,True,5341.0,False,,,False,False,,False,,,False,False,
UCTT,107.9000015258789,107.80999755859375,-0.0008341424097531025,0.0,False,,,False,True,157.0,False,,,False,True,2876.0,False,,,False,False,
UDR,39.9900016784668,40.02000045776367,0.0007501569901915417,0.0,False,,,False,False,,False,,,False,False,,False,,,False,False,
UDR,39.959999084472656,39.98500061035156,0.0006256638251180835,0.0,False,,,False,False,,False,,,False,False,,False,,,False,False,
UDR,40.10499954223633,40.1349983215332,0.0007480059752968948,0.0,False,,,False,False,,False,,,False,False,,False,,,False,False,
UDR,39.59000015258789,39.584999084472656,-0.00012632149775093637,0.0,False,,,False,False,,False,,,False,False,,False,,,False,False,
UDR,39.70000076293945,39.689998626708984,-0.00025194297325570325,0.0,False,,,False,False,,False,,,False,False,,False,,,False,False,
UEC,10.145000457763672,10.154999732971191,0.0009856357571544905,0.0,False,,,False,True,2503.0,False,,,False,False,,False,,,False,False,
UEC,9.5649995803833,9.5649995803833,0.0,0.0,False,,,False,False,,False,,,False,False,,False,,,False,False,
UFCS,51.06999969482422,51.0,-0.0013706617435385038,0.0,False,,,False,False,,False,,,False,False,,False,,,False,False,
UFCS,51.34000015258789,51.38999938964844,0.0009738846301508008,0.0,False,,,False,False,,False,,,False,False,,False,,,False,False,
UFPI,88.28500366210938,88.28500366210938,0.0,0.0,False,,,False,False,,False,,,False,False,,False,,,False,False,
UFPI,91.5,91.54000091552734,0.00043716847570873796,0.0,False,,,False,False,,False,,,False,False,,False,,,False,False,
UGI,36.77000045776367,36.810001373291016,0.001087868235772671,0.0,False,,,False,False,,False,,,False,False,,False,,,False,False,
UHT,43.88,43.91999816894531,0.0009115352995741066,0.0,False,,,False,False,,False,,,False,False,,False,,,False,False,
UHT,43.47999954223633,43.5099983215332,0.0006899443333188149,0.0,False,,,False,False,,False,,,False,False,,False,,,False,False,
ULCC,5.96999979019165,5.974999904632568,0.0008375401367908264,0.0,True,2843.0,0.008375401367908264,False,False,,False,,,False,False,,False,,,False,False,
ULCC,5.494999885559082,5.5,0.0009099389526938673,0.0,True,5397.0,0.009099389526938673,False,False,,True,8313.0,0.004549694763469336,False,False,,False,,,False,False,
ULCC,6.275000095367432,6.28000020980835,0.0007968309744903479,0.0,False,,,False,False,,False,,,False,False,,False,,,False,False,
ULCC,6.065000057220459,6.079999923706055,0.002473184887729518,0.0,True,10001.0,0.02473184887729518,False,True,1422.0,False,,,False,False,,False,,,False,False,
ULCC,6.300000190734863,6.309999942779541,0.0015872621812589305,0.0,False,,,False,True,4156.0,False,,,False,False,,False,,,False,False,
ULTA,452.75,452.8699951171875,0.0002650361506073562,0.0,False,,,False,False,,False,,,False,False,,False,,,False,False,
UMAC,18.68,19.818300247192383,0.06093684406811484,826.0,True,830.0,0.6093684406811484,False,True,2402.0,False,,,False,False,,False,,,False,False,
UMAC,18.52,18.09000015258789,-0.023218134309509142,230.0,True,8886.0,-0.23218134309509142,False,True,396.0,False,,,False,False,,False,,,False,False,
UMAC,17.2989,18.389999389648438,0.0630733393249534,1002.0,True,1022.0,0.630733393249534,False,False,,False,,,False,False,,False,,,False,False,
UMAC,19.315000534057617,19.360000610351562,0.002329799381294295,0.0,False,,,False,True,4298.0,False,,,False,False,,False,,,False,False,
UMBF,146.02499389648438,146.9199981689453,0.00612911699962404,0.0,False,,,False,False,,False,,,False,False,,False,,,False,False,
UMBF,137.75,137.75,0.0,0.0,False,,,False,False,,False,,,False,False,,False,,,False,False,
UMBF,143.19000244140625,143.26499938964844,0.000523758271970598,0.0,False,,,False,False,,False,,,False,False,,False,,,False,False,
UMBF,142.15499877929688,142.0399932861328,-0.0008090147666394154,0.0,False,,,False,False,,False,,,False,False,,False,,,False,False,
UMH,15.3100004196167,15.3100004196167,0.0,0.0,False,,,False,False,,False,,,False,False,,False,,,False,False,
UMH,15.670000076293945,15.699999809265137,0.0019144692294275067,0.0,False,,,False,False,,False,,,False,False,,False,,,False,False,
UMH,15.539999961853027,15.545000076293945,0.000321757686820634,0.0,False,,,False,False,,False,,,False,False,,False,,,False,False,
UMH,15.619999885559082,15.619999885559082,0.0,0.0,False,,,False,False,,False,,,False,False,,False,,,False,False,
UNCY,5.340000152587891,5.340000152587891,0.0,0.0,False,,,False,False,,False,,,False,False,,False,,,False,False,
UNCY,5.125,5.130000114440918,0.000975632086032796,0.0,True,1279.0,0.00975632086032796,False,False,,False,,,False,False,,False,,,False,False,
UNCY,5.65500020980835,5.690000057220459,0.006189185873309633,0.0,False,,,False,True,9724.0,False,,,False,False,,False,,,False,False,
UNFI,49.38999938964844,49.38999938964844,0.0,0.0,False,,,False,False,,False,,,False,False,,False,,,False,False,
UNM,88.30000305175781,88.29000091552734,-0.00011327447208131503,0.0,False,,,False,False,,False,,,False,False,,False,,,False,False,
UNM,88.3550033569336,88.3550033569336,0.0,0.0,False,,,False,False,,False,,,False,False,,False,,,False,False,
UNM,88.2750015258789,88.29000091552734,0.0001699166172661748,0.0,False,,,False,False,,False,,,False,False,,False,,,False,False,
UNTY,55.564998626708984,55.56999969482422,9.000392763125475e-05,0.0,False,,,False,False,,False,,,False,False,,False,,,False,False,
UPBD,21.879899978637695,21.889999389648438,0.00046158396613349417,0.0,False,,,False,True,14200.0,False,,,False,False,,False,,,False,False,
UPBD,22.690000534057617,22.709999084472656,0.0008813816634787308,0.0,False,,,False,True,20094.0,False,,,False,False,,False,,,False,False,
UPBD,22.579999923706055,22.600000381469727,0.0008857598685230172,0.0,False,,,False,True,19802.0,False,,,False,False,,False,,,False,False,
UPBD,20.8700008392334,20.895000457763672,0.00119787338404298,0.0,False,,,False,False,,False,,,False,False,,False,,,False,False,
UPBD,19.665000915527344,19.665000915527344,0.0,0.0,True,2728.0,0.0,False,False,,False,,,False,False,,False,,,False,False,
UPBD,21.165000915527344,21.170000076293945,0.00023619941178143478,0.0,False,,,False,False,,False,,,False,False,,False,,,False,False,
UPBD,19.450000762939453,19.469999313354492,0.0010282030658397279,0.0,True,2757.0,0.010282030658397279,False,False,,False,,,False,False,,False,,,False,False,
UPWK,8.68,8.925000190734863,0.02822582842567556,1046.0,True,9896.0,0.2822582842567556,False,False,,False,,,False,False,,False,,,False,False,
UPWK,8.664999961853027,8.670000076293945,0.0005770472548101147,0.0,True,11507.0,0.0057704725481011465,False,False,,False,,,False,False,,False,,,False,False,
URI,1042.0899658203125,1042.0,-8.63321049653365e-05,0.0,True,11364.0,-0.000863321049653365,False,False,,False,,,False,False,,False,,,False,False,
URI,1052.3499755859375,1050.93994140625,-0.00133989092260145,0.0,False,,,False,False,,False,,,False,False,,False,,,False,False,
URI,1061.3699951171875,1060.375,-0.0009374630164457054,0.0,True,8525.0,-0.009374630164457054,False,False,,False,,,False,False,,False,,,False,False,
URI,1088.7449951171875,1089.0150146484375,0.00024800989438378274,0.0,False,,,False,False,,False,,,False,False,,False,,,False,False,
USAC,26.69499969482422,26.41010093688965,-0.010672364157764291,0.0,False,,,False,False,,False,,,False,False,,False,,,False,False,
USAC,26.89,26.954999923706055,0.002417252648049706,32.0,False,,,False,False,,False,,,False,False,,False,,,False,False,
USAC,26.575000762939453,26.600000381469727,0.0009407193908772538,0.0,False,,,False,False,,False,,,False,False,,False,,,False,False,
USAR,14.069999694824219,14.050000190734863,-0.001421428892902754,316.0,False,,,False,False,,False,,,False,False,,False,,,False,False,
USAR,14.21,14.399999618530273,0.013370838742454039,83.0,False,,,False,False,,False,,,False,False,,False,,,False,False,
USAR,13.915300369262695,13.920000076293945,0.0003377366572432372,0.0,False,,,False,False,,False,,,False,False,,False,,,False,False,
USAR,18.2450008392334,18.2450008392334,0.0,0.0,False,,,False,True,2741.0,False,,,False,False,,False,,,False,False,
USAR,13.835000038146973,13.835000038146973,0.0,0.0,False,,,False,False,,False,,,False,False,,False,,,False,False,
USAR,18.875,18.989999771118164,0.006092703105598174,975.0,False,,,False,True,5648.0,False,,,False,False,,False,,,False,False,
USAR,19.65999984741211,19.670000076293945,0.0005086586449365438,0.0,False,,,False,True,1307.0,False,,,False,False,,False,,,False,False,
USAR,18.864999771118164,18.898000717163086,0.0017493213064039281,0.0,False,,,False,False,,False,,,False,False,,False,,,False,False,
USAR,14.98,14.489999771118164,-0.032710295652993104,856.0,False,,,False,True,903.0,False,,,False,False,,False,,,False,False,
USAR,18.875,18.989999771118164,0.006092703105598174,991.0,False,,,False,True,5664.0,False,,,False,False,,False,,,False,False,
USCB,20.059999465942383,20.149999618530273,0.004486548104883692,1049.0,True,18326.0,0.04486548104883692,False,False,,False,,,False,False,,False,,,False,False,
USCB,20.399999618530273,20.350000381469727,-0.0024509430389955122,915.0,True,8125.0,-0.024509430389955122,False,False,,False,,,False,False,,False,,,False,False,
USCB,20.059999465942383,20.149999618530273,0.004486548104883692,1053.0,True,18330.0,0.04486548104883692,False,False,,False,,,False,False,,False,,,False,False,
USCB,20.094999313354492,20.229999542236328,0.006718100696431417,0.0,True,18339.0,0.06718100696431417,False,False,,False,,,False,False,,False,,,False,False,
USGO,8.135000228881836,8.130000114440918,-0.0006146422003979746,0.0,False,,,False,True,9854.0,False,,,False,False,,False,,,False,False,
USGO,7.784999847412109,7.784999847412109,0.0,0.0,False,,,False,False,,False,,,False,False,,False,,,False,False,
USGO,7.550000190734863,8.0,0.05960262223799195,860.0,True,12621.0,0.5960262223799195,False,False,,False,,,False,False,,False,,,False,False,
USPH,73.58000183105469,73.75499725341797,0.0023783014135427827,0.0,False,,,False,False,,False,,,False,False,,False,,,False,False,
UTL,52.310001373291016,52.47999954223633,0.00324982153474207,0.0,False,,,False,False,,False,,,False,False,,False,,,False,False,
UUUU,12.31,12.199999809265137,-0.008935840027202602,113.0,False,,,False,True,7319.0,False,,,False,False,,False,,,False,False,
UUUU,12.930000305175781,12.975000381469727,0.0034802842406687073,0.0,False,,,False,True,1546.0,False,,,False,False,,False,,,False,False,
UUUU,11.4350004196167,11.434900283813477,-8.756956672351102e-06,0.0,True,7082.0,-8.756956672351102e-05,False,False,,False,,,False,False,,False,,,False,False,
UUUU,11.529999732971191,11.539999961853027,0.0008673225597082279,0.0,True,6837.0,0.00867322559708228,False,False,,False,,,False,False,,False,,,False,False,
UUUU,11.67,11.600000381469727,-0.0059982535158760175,1010.0,False,,,False,False,,False,,,False,False,,False,,,False,False,
UUUU,11.414999961853027,11.484999656677246,0.006132255370840722,0.0,False,,,False,False,,False,,,False,False,,False,,,False,False,
UUUU,11.545000076293945,11.555000305175781,0.0008661956531614834,0.0,True,8285.0,0.008661956531614834,False,False,,False,,,False,False,,False,,,False,False,
UVE,38.415000915527344,38.43000030517578,0.0003904565740195931,0.0,True,8276.0,0.003904565740195931,False,False,,False,,,False,False,,False,,,False,False,
UVE,38.290000915527344,38.75,0.012013556371739842,0.0,True,13220.0,0.12013556371739842,False,False,,False,,,False,False,,False,,,False,False,
UVSP,44.599998474121094,44.599998474121094,0.0,0.0,False,,,False,False,,False,,,False,False,,False,,,False,False,
UVSP,45.16999816894531,45.20000076293945,0.0006642150810349801,0.0,False,,,False,False,,False,,,False,False,,False,,,False,False,
UVSP,44.5,44.5099983215332,0.00022468138276865446,0.0,False,,,False,False,,False,,,False,False,,False,,,False,False,
VAC,93.20999908447266,93.13999938964844,-0.0007509891161009419,0.0,True,7228.0,-0.007509891161009419,False,False,,False,,,False,False,,False,,,False,False,
VAC,93.9800033569336,94.05999755859375,0.0008511832177355849,0.0,True,30064.0,0.00851183217735585,False,False,,False,,,False,False,,False,,,False,False,
VANI,1.3550000190734863,1.3550000190734863,0.0,0.0,False,,,False,False,,False,,,False,False,,False,,,False,False,
VANI,1.4500000476837158,1.4500000476837158,0.0,0.0,False,,,False,True,5438.0,False,,,False,False,,False,,,False,False,
VANI,1.3495999574661255,1.3550000190734863,0.004001231311165254,8.0,False,,,False,False,,False,,,False,False,,False,,,False,False,
VANI,1.429900050163269,1.4199999570846558,-0.006923625939787126,0.0,False,,,False,True,10080.0,False,,,False,False,,False,,,False,False,
VATE,8.3100004196167,8.300000190734863,-0.001203396916590882,0.0,False,,,False,True,8570.0,False,,,False,False,,False,,,False,False,
VC,104.01000213623047,104.16999816894531,0.0015382754487909267,0.0,False,,,False,False,,False,,,False,False,,False,,,False,False,
VC,104.58000183105469,104.65499877929688,0.0007171251379718413,0.0,False,,,False,False,,False,,,False,False,,False,,,False,False,
VC,106.05999755859375,106.12000274658203,0.000565766447006899,0.0,False,,,False,True,22844.0,False,,,False,False,,False,,,False,False,
VCTR,98.61499786376953,98.62000274658203,5.0751740819476865e-05,0.0,False,,,False,False,,False,,,False,False,,False,,,False,False,
VCTR,91.81999969482422,91.93000030517578,0.0011980027305289465,0.0,True,6830.0,0.011980027305289465,False,False,,False,,,False,False,,False,,,False,False,
VCTR,99.7249984741211,99.7249984741211,0.0,0.0,False,,,False,False,,False,,,False,False,,False,,,False,False,
VCTR,88.73500061035156,88.58999633789062,-0.0016341271365700738,0.0,True,8936.0,-0.016341271365700738,False,False,,False,,,False,False,,False,,,False,False,
VCTR,90.15499877929688,90.17250061035156,0.00019413045634375514,0.0,True,11170.0,0.0019413045634375514,False,False,,False,,,False,False,,False,,,False,False,
VCTR,98.48999786376953,98.48999786376953,0.0,0.0,False,,,False,False,,False,,,False,False,,False,,,False,False,
VCTR,91.54000091552734,91.52999877929688,-0.00010926519696785597,0.0,True,11482.0,-0.0010926519696785597,False,False,,False,,,False,False,,False,,,False,False,
VCTR,90.11499786376953,90.20999908447266,0.0010542220823968051,0.0,True,8355.0,0.010542220823968051,False,False,,False,,,False,False,,False,,,False,False,
VCTR,98.62000274658203,98.66000366210938,0.0004056065140267684,0.0,False,,,False,False,,False,,,False,False,,False,,,False,False,
VCTR,98.21499633789062,98.21499633789062,0.0,0.0,False,,,False,False,,False,,,False,False,,False,,,False,False,
VEEE,26.599899291992188,35.42660140991211,0.33183216301037555,296.0,True,296.0,3.3183216301037555,True,True,8945.0,True,296.0,1.6591608150518777,True,True,9017.0,True,315.0,0.6636643260207511,False,False,
VEEE,29.6781005859375,25.309999465942383,-0.14718263749213356,885.0,False,,,False,True,885.0,False,,,False,True,2336.0,False,,,False,True,4106.0
VEEE,35.95000076293945,39.67210006713867,0.1035354443729608,177.0,True,177.0,1.035354443729608,True,True,4500.0,True,179.0,0.517677221864804,False,True,4581.0,True,195.0,0.2070708887459216,False,True,8817.0
VELO,10.34000015258789,10.369999885559082,0.0029013280975322964,0.0,True,373.0,0.029013280975322964,False,True,10102.0,False,,,False,False,,False,,,False,False,
VENU,2.36,2.420799970626831,0.025762699418148793,140.0,True,4573.0,0.25762699418148793,False,True,12023.0,False,,,False,False,,False,,,False,False,
VENU,2.3350000381469727,2.359999895095825,0.010706576676843271,0.0,True,5501.0,0.10706576676843271,False,True,13057.0,False,,,False,False,,False,,,False,False,
VENU,2.6600000858306885,2.6600000858306885,0.0,0.0,False,,,False,True,5660.0,False,,,False,True,23091.0,False,,,False,False,
VENU,2.799999952316284,2.880000114440918,0.028571486959652947,926.0,False,,,False,True,2369.0,False,,,False,True,8154.0,False,,,False,False,
VENU,2.34,2.3299999237060547,-0.004273536877754336,209.0,True,5988.0,-0.04273536877754336,False,True,13540.0,False,,,False,False,,False,,,False,False,
VERA,40.290000915527344,40.34000015258789,0.0012409837658076128,0.0,False,,,False,True,7040.0,False,,,False,True,18583.0,False,,,False,False,
VERA,42.275001525878906,42.13999938964844,-0.0031934271166809136,0.0,False,,,False,True,2865.0,False,,,False,True,18722.0,False,,,False,False,
VERA,35.83000183105469,35.83000183105469,0.0,0.0,False,,,False,True,2855.0,False,,,False,False,,False,,,False,False,
VERI,1.0149999856948853,1.0149999856948853,0.0,0.0,True,1494.0,0.0,False,False,,False,,,False,False,,False,,,False,False,
VERI,1.034999966621399,1.0398999452590942,0.004734279029680044,0.0,False,,,False,False,,False,,,False,False,,False,,,False,False,
VERI,1.0499999523162842,1.0549999475479126,0.004761900436850874,0.0,True,2674.0,0.047619004368508744,False,False,,False,,,False,False,,False,,,False,False,
VERI,1.25,1.2599999904632568,0.007999992370605558,1038.0,False,,,False,True,8527.0,False,,,False,True,12576.0,False,,,False,False,
VERI,1.070099949836731,1.0707000494003296,0.0005607883298099914,0.0,False,,,False,False,,False,,,False,False,,False,,,False,False,
VERI,1.0449999570846558,1.0449999570846558,0.0,0.0,True,2713.0,0.0,False,False,,False,,,False,False,,False,,,False,False,
VERI,1.065000057220459,1.0699000358581543,0.004600918661435305,0.0,False,,,False,False,,False,,,False,False,,False,,,False,False,
VERI,1.0950000286102295,1.0999000072479248,0.004474866218875162,0.0,False,,,False,False,,False,,,False,False,,False,,,False,False,
VERI,1.090000033378601,1.0850000381469727,-0.0045871514481795606,0.0,False,,,False,True,11369.0,False,,,False,False,,False,,,False,False,
VERI,1.2096999883651733,1.2000000476837158,-0.00801846802905759,0.0,False,,,False,True,7479.0,False,,,False,False,,False,,,False,False,
VFF,1.9500000476837158,1.9600000381469727,0.0051282001121668586,1041.0,False,,,False,False,,False,,,False,False,,False,,,False,False,
VFF,2.015000104904175,2.015000104904175,0.0,0.0,False,,,False,False,,False,,,False,False,,False,,,False,False,
VFF,2.0350000858306885,2.055000066757202,0.009828000040771334,314.0,False,,,False,False,,False,,,False,False,,False,,,False,False,
VFF,2.059999942779541,2.059999942779541,0.0,0.0,False,,,False,False,,False,,,False,False,,False,,,False,False,
VFF,1.9850000143051147,1.9850000143051147,0.0,0.0,False,,,False,False,,False,,,False,False,,False,,,False,False,
VFF,1.93,1.9500000476837158,0.010362719007106724,3924.0,False,,,False,False,,False,,,False,False,,False,,,False,False,
VFF,2.0350000858306885,2.055000066757202,0.009828000040771334,1030.0,False,,,False,False,,False,,,False,False,,False,,,False,False,
VFF,1.9550000429153442,1.9500000476837158,-0.002557542261826362,0.0,False,,,False,False,,False,,,False,False,,False,,,False,False,
VFF,1.9850000143051147,1.9850000143051147,0.0,0.0,False,,,False,False,,False,,,False,False,,False,,,False,False,
VFF,1.965000033378601,1.9700000286102295,0.00254452679221151,0.0,False,,,False,False,,False,,,False,False,,False,,,False,False,
VFF,1.965000033378601,1.9699000120162964,0.002493627763084705,0.0,False,,,False,False,,False,,,False,False,,False,,,False,False,
VFF,2.091099977493286,2.0954999923706055,0.0021041628447597827,0.0,False,,,False,False,,False,,,False,False,,False,,,False,False,
VFF,1.934999942779541,1.940000057220459,0.0025840385471720406,0.0,False,,,False,False,,False,,,False,False,,False,,,False,False,
VFF,2.065000057220459,2.069999933242798,0.002421247401352966,0.0,False,,,False,False,,False,,,False,False,,False,,,False,False,
VFF,1.9800000190734863,1.9850000143051147,0.002525250092658027,0.0,False,,,False,False,,False,,,False,False,,False,,,False,False,
VFF,2.0007998943328857,2.0,-0.0003997872726559937,0.0,False,,,False,False,,False,,,False,False,,False,,,False,False,
VFF,1.958799958229065,1.9526000022888184,-0.003165180759883146,0.0,False,,,False,False,,False,,,False,False,,False,,,False,False,
VFF,1.9592000246047974,1.9550000429153442,-0.0021437227627130184,0.0,False,,,False,False,,False,,,False,False,,False,,,False,False,
VICR,282.30999755859375,282.739990234375,0.0015231223814240469,0.0,False,,,False,True,5611.0,False,,,False,True,11225.0,False,,,False,False,
VICR,214.7,207.5500030517578,-0.03330226804025238,32.0,False,,,False,True,8672.0,False,,,False,False,,False,,,False,False,
VICR,257.25,257.80999755859375,0.0021768612578960678,0.0,True,1403.0,0.021768612578960678,False,True,11678.0,False,,,False,True,18687.0,False,,,False,False,
VICR,262.67498779296875,262.9599914550781,0.0010850049504294024,0.0,False,,,False,True,2569.0,False,,,False,True,9747.0,False,,,False,False,
VICR,236.93499755859375,236.75,-0.0007807945660202043,0.0,False,,,False,True,5387.0,False,,,False,True,15466.0,False,,,False,False,
VICR,263.4700012207031,264.0,0.0020116095830313707,0.0,False,,,False,True,4344.0,False,,,False,True,11522.0,False,,,False,False,
VICR,237.62,245.25999450683594,0.032152152625351205,3855.0,False,,,False,True,5298.0,False,,,False,True,15377.0,False,,,False,False,
VICR,252.22000122070312,270.0,0.07049400798209748,132.0,True,1574.0,0.7049400798209748,False,True,4452.0,False,,,False,True,11652.0,False,,,False,False,
VICR,254.2100067138672,254.32000732421875,0.00043271550075285603,0.0,False,,,False,True,4267.0,False,,,False,True,11155.0,False,,,False,False,
VICR,252.72999572753906,251.63999938964844,-0.004312888680873983,0.0,True,2622.0,-0.04312888680873983,False,True,5500.0,False,,,False,True,12700.0,False,,,False,False,
VIR,9.40999984741211,9.420000076293945,0.001062723596598758,0.0,False,,,False,False,,False,,,False,False,,False,,,False,False,
VISN,11.489999771118164,11.5,0.0008703419565745385,0.0,False,,,False,False,,False,,,False,False,,False,,,False,False,
VIVK,0.22509999573230743,0.20829999446868896,-0.07463350325247142,827.0,True,2267.0,-0.7463350325247142,False,True,827.0,True,2267.0,-0.3731675162623571,False,False,,True,2267.0,-0.14926700650494285,False,False,
VIVK,0.29420000314712524,0.29980000853538513,0.019034688403655187,0.0,True,5404.0,0.19034688403655187,False,True,1096.0,True,5404.0,0.09517344201827593,False,True,2524.0,True,5404.0,0.03806937680731037,False,False,
VIVK,0.28610000014305115,0.21559999883174896,-0.2464173410557564,16.0,True,2896.0,-2.464173410557564,False,True,16.0,True,2896.0,-1.232086705278782,False,True,16.0,True,2896.0,-0.4928346821115128,False,False,
VIVK,0.31520000100135803,0.33889999985694885,0.07519035146033737,956.0,True,1003.0,0.7519035146033737,False,True,2403.0,True,1014.0,0.37595175730168684,False,True,11036.0,False,,,False,False,
VIVS,0.579,0.5799999833106995,0.001727086892399754,87.0,False,,,False,True,148.0,False,,,False,True,1763.0,False,,,False,False,
VIVS,0.7818999886512756,0.8701000213623047,0.11280219208490871,104.0,True,104.0,1.1280219208490871,True,True,10184.0,True,8744.0,0.5640109604245436,False,True,10207.0,True,8744.0,0.22560438416981743,False,False,
VIVS,0.38260000944137573,0.3799999952316284,-0.006795645963374453,134.0,False,,,False,True,1683.0,False,,,False,False,,False,,,False,False,
VLO,302.6000061035156,302.6000061035156,0.0,0.0,False,,,False,False,,False,,,False,False,,False,,,False,False,
VLY,14.515000343322754,14.515000343322754,0.0,0.0,False,,,False,False,,False,,,False,False,,False,,,False,False,
VMI,533.77001953125,534.1950073242188,0.0007962001937500407,0.0,False,,,False,True,6985.0,False,,,False,False,,False,,,False,False,
VMI,539.9550170898438,539.5599975585938,-0.0007315785921927498,0.0,False,,,False,True,8358.0,False,,,False,False,,False,,,False,False,
VMI,546.73,549.7999877929688,0.005615180789363627,1040.0,False,,,False,True,18322.0,False,,,False,False,,False,,,False,False,
VMI,526.3499755859375,526.7100219726562,0.0006840437036554903,0.0,False,,,False,True,8666.0,False,,,False,False,,False,,,False,False,
VMI,490.2900085449219,490.4649963378906,0.00035690670810950564,0.0,False,,,False,False,,False,,,False,False,,False,,,False,False,
VNRX,1.0800000429153442,1.0850000381469727,0.004629625030506013,0.0,False,,,False,True,5544.0,False,,,False,True,6977.0,False,,,False,False,
VNRX,0.8928999900817871,0.8917989730834961,-0.0012330798639500484,1032.0,False,,,False,True,2486.0,False,,,False,False,,False,,,False,False,
VOR,18.329999923706055,18.329999923706055,0.0,0.0,True,8736.0,0.0,False,False,,False,,,False,False,,False,,,False,False,
VOR,18.045000076293945,17.979999542236328,-0.0036021354271430495,0.0,True,7477.0,-0.036021354271430495,False,False,,False,,,False,False,,False,,,False,False,
VOR,18.1200008392334,18.135000228881836,0.0008277808473364789,0.0,True,5788.0,0.00827780847336479,False,False,,False,,,False,False,,False,,,False,False,
VOR,18.149999618530273,18.15999984741211,0.0005509768094775769,0.0,True,5808.0,0.005509768094775769,False,False,,False,,,False,False,,False,,,False,False,
VOR,18.920000076293945,18.920000076293945,0.0,0.0,False,,,False,False,,False,,,False,False,,False,,,False,False,
VOYA,96.70500183105469,96.69499969482422,-0.00010342935774865225,0.0,False,,,False,False,,False,,,False,False,,False,,,False,False,
VOYA,97.33999633789062,97.26000213623047,-0.0008218019793474474,0.0,False,,,False,False,,False,,,False,False,,False,,,False,False,
VRA,3.990000009536743,3.990000009536743,0.0,0.0,False,,,False,True,20121.0,False,,,False,False,,False,,,False,False,
VRA,3.819999933242798,3.819999933242798,0.0,0.0,False,,,False,True,21823.0,False,,,False,False,,False,,,False,False,
VRNS,47.400001525878906,47.41999816894531,0.00042187009330563185,0.0,False,,,False,True,17160.0,False,,,False,False,,False,,,False,False,
VRRM,4.34,4.360000133514404,0.0046083256945632645,1027.0,False,,,False,False,,False,,,False,False,,False,,,False,False,
VRRM,4.195000171661377,4.204999923706055,0.002383731021569302,0.0,True,2524.0,0.02383731021569302,False,False,,True,2524.0,0.01191865510784651,False,False,,False,,,False,False,
VRSK,194.55499267578125,194.61000061035156,0.00028273720357296916,0.0,True,8605.0,0.0028273720357296916,False,False,,False,,,False,False,,False,,,False,False,
VRSK,200.01499938964844,200.1699981689453,0.0007749357786659417,0.0,True,16967.0,0.0077493577866594165,False,False,,False,,,False,False,,False,,,False,False,
VRSK,207.3300018310547,207.33999633789062,4.8205791480571136e-05,0.0,False,,,False,False,,False,,,False,False,,False,,,False,False,
VRSK,188.51499938964844,188.47000122070312,-0.0002386980828634755,0.0,False,,,False,False,,False,,,False,False,,False,,,False,False,
VRSK,191.5500030517578,191.67999267578125,0.0006786197961496931,0.0,True,20078.0,0.0067861979614969314,False,False,,False,,,False,False,,False,,,False,False,
VRSK,200.3699951171875,200.52000427246094,0.0007486607722164695,0.0,True,6885.0,0.007486607722164695,False,False,,False,,,False,False,,False,,,False,False,
VRSK,191.07000732421875,191.14999389648438,0.0004186244266475292,0.0,True,6904.0,0.004186244266475292,False,False,,False,,,False,False,,False,,,False,False,
VRSK,199.89999389648438,199.91000366210938,5.0073866586508586e-05,0.0,True,17009.0,0.0005007386658650859,False,False,,False,,,False,False,,False,,,False,False,
VRSN,278.4599914550781,278.55999755859375,0.0003591399360212133,0.0,False,,,False,False,,False,,,False,False,,False,,,False,False,
VRSN,265.31500244140625,266.5199890136719,0.004541720449946052,0.0,False,,,False,False,,False,,,False,False,,False,,,False,False,
VRSN,275.07000732421875,275.07000732421875,0.0,0.0,False,,,False,False,,False,,,False,False,,False,,,False,False,
VRSN,266.489990234375,266.67999267578125,0.0007129815316482269,0.0,False,,,False,False,,False,,,False,False,,False,,,False,False,
VRSN,268.75,268.5,-0.0009302325581395099,0.0,False,,,False,False,,False,,,False,False,,False,,,False,False,
VRSN,276.7300109863281,276.75,7.223290889424305e-05,0.0,False,,,False,False,,False,,,False,False,,False,,,False,False,
VRSN,267.239990234375,267.4649963378906,0.0008419626992137719,0.0,False,,,False,False,,False,,,False,False,,False,,,False,False,
VRSN,268.45001220703125,268.3599853515625,-0.0003353579861241629,0.0,False,,,False,False,,False,,,False,False,,False,,,False,False,
VRSN,275.80999755859375,276.0801086425781,0.0009793375380708902,0.0,False,,,False,False,,False,,,False,False,,False,,,False,False,
VRSN,273.2349853515625,272.9599914550781,-0.0010064373569531604,0.0,False,,,False,False,,False,,,False,False,,False,,,False,False,
VRSN,281.9750061035156,281.9750061035156,0.0,0.0,False,,,False,False,,False,,,False,False,,False,,,False,False,
VRSN,266.2149963378906,266.1650085449219,-0.00018777226548616355,0.0,False,,,False,False,,False,,,False,False,,False,,,False,False,
VRSN,268.9949951171875,269.1700134277344,0.0006506377952149034,0.0,False,,,False,False,,False,,,False,False,,False,,,False,False,
VRSN,275.7250061035156,275.7275085449219,9.075859464413583e-06,0.0,False,,,False,False,,False,,,False,False,,False,,,False,False,
VRSN,274.9224853515625,275.25,0.001191298150890363,0.0,False,,,False,False,,False,,,False,False,,False,,,False,False,
VRSN,269.114990234375,269.30999755859375,0.0007246245333598633,0.0,False,,,False,False,,False,,,False,False,,False,,,False,False,
VST,158.12,161.74000549316406,0.022894039293979596,1037.0,False,,,False,False,,False,,,False,False,,False,,,False,False,
VST,148.2899932861328,148.35000610351562,0.00040469903634710036,0.0,False,,,False,False,,False,,,False,False,,False,,,False,False,
VTAK,0.6320000290870667,0.6449999809265137,0.020569543103068577,0.0,True,1326.0,0.20569543103068577,False,True,1106.0,True,2567.0,0.10284771551534289,False,False,,False,,,False,False,
VTAK,0.7127,1.2799999713897705,0.7959870511993412,976.0,True,976.0,5.0,True,True,8472.0,True,976.0,3.979935255996706,True,True,9616.0,True,976.0,1.5919741023986824,True,False,
VTAK,0.4939,0.4085490107536316,-0.17281026370999886,933.0,False,,,False,True,933.0,False,,,False,True,949.0,False,,,False,True,3914.0
VTAK,0.403,0.3499999940395355,-0.1315136624329144,297.0,False,,,False,True,297.0,False,,,False,True,321.0,False,,,False,False,
VVOS,0.42579999566078186,0.42419999837875366,-0.0037576263464851323,0.0,False,,,False,True,15653.0,False,,,False,False,,False,,,False,False,
VVOS,0.4050999879837036,0.4050999879837036,0.0,0.0,False,,,False,True,9910.0,False,,,False,False,,False,,,False,False,
VVOS,0.4050000011920929,0.38769999146461487,-0.04271607327544813,0.0,False,,,False,True,10096.0,False,,,False,False,,False,,,False,False,
VVOS,0.38609999418258667,0.3919000029563904,0.015022037972528102,0.0,True,4277.0,0.15022037972528102,False,False,,False,,,False,False,,False,,,False,False,
VVV,39.45,39.77000045776367,0.008111545190460534,172.0,False,,,False,False,,False,,,False,False,,False,,,False,False,
VVV,39.099998474121094,39.11000061035156,0.0002558091207365276,0.0,False,,,False,False,,False,,,False,False,,False,,,False,False,
VVV,40.29999923706055,40.290000915527344,-0.00024809731321306927,0.0,False,,,False,False,,False,,,False,False,,False,,,False,False,
VVV,39.54,39.93000030517578,0.009863437156696575,213.0,False,,,False,False,,False,,,False,False,,False,,,False,False,
VVV,38.59,39.0,0.01062451412282961,39.0,False,,,False,False,,False,,,False,False,,False,,,False,False,
VVV,38.59,39.0,0.01062451412282961,73.0,False,,,False,False,,False,,,False,False,,False,,,False,False,
VVV,37.95500183105469,37.96500015258789,0.00026342566330805894,0.0,False,,,False,False,,False,,,False,False,,False,,,False,False,
VVV,39.54999923706055,39.540000915527344,-0.0002528020663988828,0.0,False,,,False,False,,False,,,False,False,,False,,,False,False,
VWAV,4.170000076293945,4.159999847412109,-0.002398136378626514,949.0,False,,,False,True,1322.0,False,,,False,True,11032.0,False,,,False,False,
VWAV,3.7950000762939453,3.799999952316284,0.0013174903614814326,78.0,False,,,False,True,8721.0,False,,,False,True,10225.0,False,,,False,False,
VWAV,2.944999933242798,2.940000057220459,-0.0016977508100767258,0.0,False,,,False,True,47.0,False,,,False,True,1423.0,False,,,False,False,
VWAV,4.28000020980835,4.2600998878479,-0.004649607706757597,0.0,False,,,False,True,20327.0,False,,,False,True,21449.0,False,,,False,False,
VWAV,2.3299999237060547,2.319999933242798,-0.0042918415410722055,0.0,True,1395.0,-0.042918415410722055,False,False,,False,,,False,False,,False,,,False,False,
VWAV,4.210000038146973,4.210000038146973,0.0,0.0,False,,,False,True,2956.0,False,,,False,True,12669.0,False,,,False,True,21474.0
VWAV,3.9690001010894775,3.9800000190734863,0.0027714582272218014,0.0,False,,,False,True,1416.0,False,,,False,True,10120.0,False,,,False,False,
VWAV,4.230000019073486,4.2399001121521,0.0023404475257617907,0.0,False,,,False,True,4551.0,False,,,False,True,14265.0,False,,,False,True,23053.0
VXRT,0.5410000085830688,0.5410000085830688,0.0,0.0,False,,,False,True,14322.0,False,,,False,False,,False,,,False,False,
VXRT,0.5400000214576721,0.5375000238418579,-0.004629625030506013,0.0,False,,,False,True,10159.0,False,,,False,False,,False,,,False,False,
VXRT,0.5400000214576721,0.5400000214576721,0.0,0.0,False,,,False,True,14584.0,False,,,False,False,,False,,,False,False,
VXRT,0.5339999794960022,0.550000011920929,0.029962608687790215,0.0,False,,,False,True,10152.0,False,,,False,False,,False,,,False,False,
VXRT,0.5379999876022339,0.5379999876022339,0.0,0.0,False,,,False,True,8822.0,False,,,False,False,,False,,,False,False,
VXRT,0.5562499761581421,0.5400000214576721,-0.029213402960848178,0.0,False,,,False,True,10270.0,False,,,False,True,20176.0,False,,,False,False,
VXRT,0.5410000085830688,0.5471000075340271,0.011275413778522259,0.0,False,,,False,True,14291.0,False,,,False,False,,False,,,False,False,
VXRT,0.559499979019165,0.550000011920929,-0.01697938776492902,0.0,False,,,False,True,8547.0,False,,,False,True,18653.0,False,,,False,False,
VXRT,0.5493999719619751,0.5493999719619751,0.0,0.0,False,,,False,True,10093.0,False,,,False,False,,False,,,False,False,
VXRT,0.5342000126838684,0.5400000214576721,0.010857372961606604,0.0,False,,,False,True,8903.0,False,,,False,False,,False,,,False,False,
VYGR,3.25,3.255000114440918,0.0015384967510516656,0.0,False,,,False,False,,False,,,False,False,,False,,,False,False,
VYNE,0.7664999961853027,0.7663000226020813,-0.0002608918254620729,0.0,True,8418.0,-0.002608918254620729,False,False,,True,11284.0,-0.0013044591273103645,False,False,,True,11284.0,-0.0005217836509241458,False,False,
VYNE,0.7670000195503235,0.772599995136261,0.00730114138617699,0.0,True,8381.0,0.0730114138617699,False,False,,True,11247.0,0.03650570693088495,False,False,,True,11247.0,0.01460228277235398,False,False,
VYNE,0.7685999870300293,0.7649999856948853,-0.004683842565565088,0.0,True,7198.0,-0.046838425655650884,False,False,,True,10064.0,-0.023419212827825442,False,False,,True,10064.0,-0.009367685131130177,False,False,
VYNE,0.7573999762535095,0.7567999958992004,-0.0007921578731450163,1.0,True,8587.0,-0.007921578731450163,False,False,,True,10183.0,-0.0039607893657250814,False,False,,True,11454.0,-0.0015843157462900326,False,False,
VYNE,44.62000274658203,44.630001068115234,0.00022407711604111036,0.0,False,,,False,True,1072.0,False,,,False,True,1072.0,False,,,False,False,
VYNE,0.8999000191688538,0.8952000141143799,-0.005222808039069493,0.0,True,1220.0,-0.05222808039069493,False,False,,True,1220.0,-0.026114040195347465,False,False,,True,1220.0,-0.010445616078138986,False,False,
VYNE,0.8658000230789185,0.8658000230789185,0.0,0.0,True,1353.0,0.0,False,False,,True,1353.0,0.0,False,False,,True,1353.0,0.0,False,False,
VYNE,0.7515000104904175,0.7562999725341797,0.006387174952439123,0.0,True,8601.0,0.06387174952439123,False,False,,True,10205.0,0.031935874762195615,False,False,,True,11479.0,0.012774349904878246,False,False,
VYNE,0.8600999712944031,0.8590999841690063,-0.001162640575248286,0.0,True,1341.0,-0.01162640575248286,False,False,,True,1341.0,-0.00581320287624143,False,False,,True,1341.0,-0.002325281150496572,False,False,
VYNE,0.8977000117301941,0.897599995136261,-0.00011141427272609583,0.0,True,1056.0,-0.0011141427272609583,False,False,,True,1056.0,-0.0005570713636304792,False,False,,True,1056.0,-0.00022282854545219166,False,False,
VYNE,43.25,42.90999984741211,-0.00786127520434432,0.0,False,,,False,True,1421.0,False,,,False,True,1421.0,False,,,False,False,
VYNE,0.7698000073432922,0.7698000073432922,0.0,0.0,True,7221.0,0.0,False,False,,True,10075.0,0.0,False,False,,True,10075.0,0.0,False,False,
VYNE,0.7572000026702881,0.7597000002861023,0.0033016344519254393,66.0,True,7279.0,0.03301634451925439,False,False,,True,8875.0,0.016508172259627196,False,False,,True,10146.0,0.0066032689038508785,False,False,
VYNE,0.8978000283241272,0.8978999853134155,0.00011133547130182109,0.0,True,1204.0,0.0011133547130182109,False,False,,True,1204.0,0.0005566773565091054,False,False,,True,1204.0,0.00022267094260364217,False,False,
VYNE,0.8999000191688538,0.8902000188827515,-0.010778975530038593,0.0,True,1255.0,-0.10778975530038593,False,False,,True,1255.0,-0.05389487765019296,False,False,,True,1255.0,-0.021557951060077185,False,False,
VYNE,0.8913000226020813,0.8998000025749207,0.009536609174567667,0.0,True,1116.0,0.09536609174567667,False,False,,True,1116.0,0.04768304587283834,False,False,,True,1116.0,0.019073218349135335,False,False,
VZ,42.68,42.810001373291016,0.0030459553254689187,154.0,False,,,False,False,,False,,,False,False,,False,,,False,False,
VZ,42.650001525878906,42.649898529052734,-2.4149313595511757e-06,0.0,False,,,False,False,,False,,,False,False,,False,,,False,False,
VZ,43.78,45.119998931884766,0.030607558974069526,27.0,True,8667.0,0.30607558974069526,False,False,,False,,,False,False,,False,,,False,False,
VZ,42.88,43.169700622558594,0.006756077951459716,1027.0,False,,,False,False,,False,,,False,False,,False,,,False,False,
VZ,42.78049850463867,42.790000915527344,0.00022212015336009472,0.0,False,,,False,False,,False,,,False,False,,False,,,False,False,
VZ,48.310001373291016,48.32500076293945,0.000310482078701213,0.0,False,,,False,False,,False,,,False,False,,False,,,False,False,
VZ,46.33,46.97999954223633,0.014029776435060093,130.0,False,,,False,False,,False,,,False,False,,False,,,False,False,
VZ,48.41999816894531,48.47999954223633,0.001239185781908958,0.0,False,,,False,False,,False,,,False,False,,False,,,False,False,
VZ,43.455,43.36000061035156,-0.0021861555551360157,1017.0,True,11097.0,-0.021861555551360157,False,False,,False,,,False,False,,False,,,False,False,
VZ,47.36,48.349998474121094,0.02090368399748943,923.0,False,,,False,False,,False,,,False,False,,False,,,False,False,
VZ,42.59,42.7599983215332,0.003991507901695224,135.0,False,,,False,False,,False,,,False,False,,False,,,False,False,
VZ,48.19,48.540000915527344,0.0072629366160479325,145.0,False,,,False,False,,False,,,False,False,,False,,,False,False,
VZ,42.349998474121094,42.369998931884766,0.00047226584378501357,0.0,False,,,False,False,,False,,,False,False,,False,,,False,False,
VZ,42.59,42.7599983215332,0.003991507901695224,43.0,False,,,False,False,,False,,,False,False,,False,,,False,False,
VZ,47.26,46.650001525878906,-0.012907288914961734,974.0,False,,,False,False,,False,,,False,False,,False,,,False,False,
VZ,48.19,48.540000915527344,0.0072629366160479325,58.0,False,,,False,False,,False,,,False,False,,False,,,False,False,
VZ,42.30500030517578,42.31999969482422,0.00035455358799763026,0.0,False,,,False,False,,False,,,False,False,,False,,,False,False,
VZ,42.90999984741211,42.94879913330078,0.0009042014921147867,0.0,False,,,False,False,,False,,,False,False,,False,,,False,False,
WAB,260.32000732421875,260.3999938964844,0.0003072624846924832,0.0,True,9742.0,0.003072624846924832,False,False,,False,,,False,False,,False,,,False,False,
WAB,257.9700012207031,257.8450012207031,-0.0004845524650483046,0.0,True,2738.0,-0.004845524650483046,False,False,,False,,,False,False,,False,,,False,False,
WAB,254.55499267578125,254.47999572753906,-0.00029461982832801326,0.0,True,21493.0,-0.0029461982832801326,False,False,,False,,,False,False,,False,,,False,False,
WAB,259.8500061035156,259.7349853515625,-0.0004426428680063266,0.0,True,10008.0,-0.004426428680063266,False,False,,False,,,False,False,,False,,,False,False,
WAB,257.85,261.1600036621094,0.012836934892803464,954.0,True,2403.0,0.12836934892803464,False,False,,False,,,False,False,,False,,,False,False,
WAB,262.8500061035156,262.94000244140625,0.00034238666844532695,0.0,True,17056.0,0.0034238666844532695,False,False,,False,,,False,False,,False,,,False,False,
WAB,258.0849914550781,258.0719909667969,-5.037289540921197e-05,0.0,True,2771.0,-0.0005037289540921197,False,False,,False,,,False,False,,False,,,False,False,
WAB,262.3699951171875,262.3901062011719,7.665161549974542e-05,0.0,True,8476.0,0.0007665161549974542,False,False,,False,,,False,False,,False,,,False,False,
WAB,262.989990234375,263.0,3.806139395678976e-05,0.0,True,11482.0,0.0003806139395678976,False,False,,False,,,False,False,,False,,,False,False,
WABC,58.810001373291016,58.810001373291016,0.0,0.0,False,,,False,False,,False,,,False,False,,False,,,False,False,
WABC,58.54999923706055,58.529998779296875,-0.0003415962087837121,0.0,False,,,False,False,,False,,,False,False,,False,,,False,False,
WABC,58.209999084472656,58.209999084472656,0.0,0.0,False,,,False,False,,False,,,False,False,,False,,,False,False,
WABC,58.33000183105469,58.63999938964844,0.005314547383207913,0.0,False,,,False,False,,False,,,False,False,,False,,,False,False,
WABC,58.70000076293945,58.70500183105469,8.519707070253624e-05,0.0,False,,,False,False,,False,,,False,False,,False,,,False,False,
WABC,61.15999984741211,61.11000061035156,-0.000817515323500495,0.0,False,,,False,False,,False,,,False,False,,False,,,False,False,
WABC,58.41270065307617,58.48500061035156,0.001237743786317802,0.0,False,,,False,False,,False,,,False,False,,False,,,False,False,
WABC,61.14500045776367,61.150001525878906,8.179030301413981e-05,0.0,False,,,False,False,,False,,,False,False,,False,,,False,False,
WAFD,37.959999084472656,37.970001220703125,0.00026349147712600995,0.0,False,,,False,False,,False,,,False,False,,False,,,False,False,
WAFD,38.41999816894531,38.415000915527344,-0.00013006906965462584,0.0,False,,,False,False,,False,,,False,False,,False,,,False,False,
WAFD,38.44499969482422,38.44499969482422,0.0,0.0,False,,,False,False,,False,,,False,False,,False,,,False,False,
WAL,82.26499938964844,82.26000213623047,-6.07458026504748e-05,0.0,False,,,False,False,,False,,,False,False,,False,,,False,False,
WAL,83.2300033569336,83.37999725341797,0.001802161365308752,0.0,False,,,False,False,,False,,,False,False,,False,,,False,False,
WAL,80.55500030517578,80.68000030517578,0.0015517348336719916,0.0,False,,,False,False,,False,,,False,False,,False,,,False,False,
WAL,80.73999786376953,80.7300033569336,-0.00012378631533782603,0.0,False,,,False,False,,False,,,False,False,,False,,,False,False,
WAL,80.83000183105469,80.83499908447266,6.182423982137308e-05,0.0,False,,,False,False,,False,,,False,False,,False,,,False,False,
WAL,80.62000274658203,80.62000274658203,0.0,0.0,False,,,False,False,,False,,,False,False,,False,,,False,False,
WAL,80.62000274658203,80.69999694824219,0.0009922376449378323,0.0,False,,,False,False,,False,,,False,False,,False,,,False,False,
WAL,84.19999694824219,84.21499633789062,0.0001781400260341126,0.0,False,,,False,False,,False,,,False,False,,False,,,False,False,
WAL,80.33000183105469,80.37000274658203,0.0004979573585903729,0.0,False,,,False,False,,False,,,False,False,,False,,,False,False,
WAL,83.41999816894531,83.3499984741211,-0.0008391236677139924,0.0,False,,,False,False,,False,,,False,False,,False,,,False,False,
WAL,82.2699966430664,82.27999877929688,0.00012157696169445842,0.0,False,,,False,False,,False,,,False,False,,False,,,False,False,
WASH,35.70000076293945,35.65999984741211,-0.0011204738003498527,0.0,True,17195.0,-0.011204738003498527,False,False,,False,,,False,False,,False,,,False,False,
WASH,36.060001373291016,36.18000030517578,0.0033277572743979356,0.0,True,10235.0,0.033277572743979356,False,False,,False,,,False,False,,False,,,False,False,
WASH,37.45000076293945,37.54999923706055,0.0026701861704647722,0.0,False,,,False,False,,False,,,False,False,,False,,,False,False,
WBS,76.12999725341797,76.1322021484375,2.896223695092459e-05,0.0,False,,,False,False,,False,,,False,False,,False,,,False,False,
WBS,76.11499786376953,76.125,0.000131408217975304,0.0,False,,,False,False,,False,,,False,False,,False,,,False,False,
WBS,76.22,76.69000244140625,0.006166392566337553,89.0,False,,,False,False,,False,,,False,False,,False,,,False,False,
WCN,170.3249969482422,170.3000030517578,-0.00014674238621570357,0.0,False,,,False,False,,False,,,False,False,,False,,,False,False,
WCN,170.72999572753906,170.72999572753906,0.0,0.0,False,,,False,False,,False,,,False,False,,False,,,False,False,
WCN,168.27110290527344,168.35499572753906,0.000498557511166009,0.0,False,,,False,False,,False,,,False,False,,False,,,False,False,
WCN,171.00999450683594,171.0399932861328,0.00017542120496161218,0.0,False,,,False,False,,False,,,False,False,,False,,,False,False,
WCN,171.0800018310547,171.08999633789062,5.8420076741727556e-05,0.0,False,,,False,False,,False,,,False,False,,False,,,False,False,
WDFC,235.22999572753906,235.5500030517578,0.001360401862139149,0.0,False,,,False,False,,False,,,False,False,,False,,,False,False,
WDFC,235.13499450683594,235.34500122070312,0.0008931325356638098,0.0,False,,,False,False,,False,,,False,False,,False,,,False,False,
WDFC,264.0,267.2449951171875,0.012291648171164793,3886.0,False,,,False,True,15406.0,False,,,False,False,,False,,,False,False,
WEN,7.539999961853027,7.554999828338623,0.0019893722230084343,0.0,False,,,False,False,,False,,,False,False,,False,,,False,False,
WERN,45.45000076293945,45.6349983215332,0.004070353256068637,0.0,False,,,False,True,14435.0,False,,,False,True,17278.0,False,,,False,False,
WERN,42.32500076293945,42.34000015258789,0.0003543860455537118,0.0,False,,,False,True,6817.0,False,,,False,False,,False,,,False,False,
WERN,40.27000045776367,40.290000915527344,0.0004966589902239971,0.0,False,,,False,True,2758.0,False,,,False,False,,False,,,False,False,
WEX,153.83,157.4199981689453,0.023337438529190013,171.0,True,19044.0,0.23337438529190013,False,False,,False,,,False,False,,False,,,False,False,
WEX,157.5,160.0,0.015873015873015817,131.0,True,14901.0,0.15873015873015817,False,False,,False,,,False,False,,False,,,False,False,
WEX,160.07,159.21499633789062,-0.005341436009929201,273.0,True,14795.0,-0.05341436009929201,False,False,,False,,,False,False,,False,,,False,False,
WEX,154.94000244140625,154.94000244140625,0.0,0.0,True,18793.0,0.0,False,False,,False,,,False,False,,False,,,False,False,
WEX,165.9499969482422,165.64999389648438,-0.001807791848597473,0.0,True,15820.0,-0.01807791848597473,False,False,,False,,,False,False,,False,,,False,False,
WEX,163.13499450683594,163.0500946044922,-0.0005204272853926994,0.0,True,10040.0,-0.0052042728539269945,False,False,,False,,,False,False,,False,,,False,False,
WFRD,81.99500274658203,82.0,6.0945829021052944e-05,0.0,True,9736.0,0.0006094582902105294,False,False,,False,,,False,False,,False,,,False,False,
WFRD,84.24500274658203,84.24500274658203,0.0,0.0,False,,,False,False,,False,,,False,False,,False,,,False,False,
WFRD,88.68,88.0,-0.007668019846639673,3716.0,False,,,False,False,,False,,,False,False,,False,,,False,False,
WFRD,80.2699966430664,80.2300033569336,-0.0004982345559405577,0.0,True,9865.0,-0.0049823455594055766,False,False,,False,,,False,False,,False,,,False,False,
WFRD,82.73500061035156,82.80000305175781,0.0007856704046258489,0.0,True,18522.0,0.00785670404625849,False,False,,False,,,False,False,,False,,,False,False,
WFRD,81.72000122070312,81.72100067138672,1.2230184393891008e-05,0.0,True,8633.0,0.00012230184393891008,False,False,,False,,,False,False,,False,,,False,False,
WFRD,82.1050033569336,82.04499816894531,-0.0007308347303442986,0.0,True,20120.0,-0.007308347303442986,False,False,,False,,,False,False,,False,,,False,False,
WFRD,82.51000213623047,82.5999984741211,0.0010907324634659155,0.0,True,18467.0,0.010907324634659155,False,False,,False,,,False,False,,False,,,False,False,
WH,79.54000091552734,79.54000091552734,0.0,0.0,False,,,False,False,,False,,,False,False,,False,,,False,False,
WH,77.37999725341797,77.37999725341797,0.0,0.0,False,,,False,False,,False,,,False,False,,False,,,False,False,
WH,79.25,79.28500366210938,0.00044168658813092954,0.0,False,,,False,False,,False,,,False,False,,False,,,False,False,
WH,80.1500015258789,80.1500015258789,0.0,0.0,False,,,False,False,,False,,,False,False,,False,,,False,False,
WH,80.4000015258789,80.47000122070312,0.0008706429539269145,0.0,False,,,False,False,,False,,,False,False,,False,,,False,False,
WH,76.86000061035156,76.87000274658203,0.00013013448023735386,0.0,False,,,False,False,,False,,,False,False,,False,,,False,False,
WH,77.73999786376953,77.86000061035156,0.0015436422675534356,0.0,False,,,False,False,,False,,,False,False,,False,,,False,False,
WH,79.55999755859375,79.63999938964844,0.0010055534629167528,0.0,False,,,False,False,,False,,,False,False,,False,,,False,False,
WH,79.88,81.11000061035156,0.015398104786574551,297.0,False,,,False,False,,False,,,False,False,,False,,,False,False,
WH,78.94999694824219,78.94000244140625,-0.00012659287171967737,0.0,False,,,False,False,,False,,,False,False,,False,,,False,False,
WH,82.125,82.12000274658203,-6.084935668759783e-05,0.0,False,,,False,False,,False,,,False,False,,False,,,False,False,
WHF,6.460000038146973,6.429999828338623,-0.004643995298946657,0.0,False,,,False,False,,False,,,False,False,,False,,,False,False,
WHLR,1.3799999952316284,1.3799999952316284,0.0,0.0,False,,,False,True,20.0,False,,,False,True,43.0,False,,,False,False,
WHLR,1.1475000381469727,1.1490000486373901,0.001307198641003815,0.0,True,7055.0,0.01307198641003815,False,False,,True,7064.0,0.006535993205019075,False,False,,False,,,False,False,
WHLR,1.1765000820159912,1.1765000820159912,0.0,0.0,True,1379.0,0.0,False,False,,True,1389.0,0.0,False,False,,False,,,False,False,
WHLR,0.3610000014305115,0.36469998955726624,0.010249274548734144,3917.0,True,8237.0,0.10249274548734144,False,True,4001.0,True,8237.0,0.05124637274367072,False,False,,True,8237.0,0.020498549097468288,False,False,
WHLR,0.37299999594688416,0.3806999921798706,0.020643421760473624,0.0,True,9860.0,0.20643421760473624,False,True,5622.0,True,9860.0,0.10321710880236812,False,False,,True,9860.0,0.04128684352094725,False,False,
WHLR,1.0299999713897705,0.8996999859809875,-0.12650484371661708,270.0,False,,,False,True,270.0,False,,,False,True,273.0,False,,,False,True,3181.0
WHLR,0.3310000002384186,0.3269999921321869,-0.012084616626436562,0.0,True,1099.0,-0.12084616626436562,False,False,,True,1099.0,-0.06042308313218281,False,False,,True,1099.0,-0.024169233252873124,False,False,
WHLR,1.2285000085830688,1.25,0.017501010392119376,12.0,True,1461.0,0.17501010392119376,False,True,1576.0,True,1462.0,0.08750505196059688,False,False,,False,,,False,False,
WHLR,1.1985000371932983,1.2014999389648438,0.002503046873966408,0.0,True,7133.0,0.02503046873966408,False,True,16.0,True,7143.0,0.01251523436983204,False,False,,False,,,False,False,
WHLR,0.3601999878883362,0.36800000071525574,0.02165467265184251,0.0,True,91.0,0.2165467265184251,False,True,10131.0,True,14367.0,0.10827336325921255,False,False,,True,14367.0,0.04330934530368502,False,False,
WHLR,0.3698999881744385,0.3666999936103821,-0.008650972334033558,0.0,True,8326.0,-0.08650972334033558,False,True,4089.0,True,8326.0,-0.04325486167016779,False,False,,True,8326.0,-0.017301944668067115,False,False,
WHLR,0.373199999332428,0.37310001254081726,-0.00026791744852516786,0.0,True,10003.0,-0.0026791744852516786,False,True,5765.0,True,10003.0,-0.0013395872426258393,False,False,,True,10003.0,-0.0005358348970503357,False,False,
WHLR,0.32109999656677246,0.3303999900817871,0.028962920007632897,218.0,True,1656.0,0.289629200076329,False,False,,True,1656.0,0.1448146000381645,False,False,,True,1656.0,0.057925840015265795,False,False,
WHLR,0.3732999861240387,0.37380000948905945,0.0013394679442999546,0.0,True,1444.0,0.013394679442999546,False,True,9901.0,True,14139.0,0.006697339721499773,False,False,,True,14139.0,0.0026789358885999093,False,False,
WHLR,0.3652999997138977,0.36559998989105225,0.0008212159249643136,0.0,True,8498.0,0.008212159249643136,False,True,4262.0,True,8498.0,0.004106079624821568,False,False,,True,8498.0,0.0016424318499286272,False,False,
WHLR,0.32899999618530273,0.3303999900817871,0.004255300646556437,0.0,True,1425.0,0.04255300646556437,False,False,,True,1425.0,0.021276503232782185,False,False,,True,1425.0,0.008510601293112874,False,False,
WHLR,1.149999976158142,1.149999976158142,0.0,0.0,True,5565.0,0.0,False,False,,True,5574.0,0.0,False,False,,False,,,False,False,
WHLR,1.0299999713897705,0.8996999859809875,-0.12650484371661708,305.0,False,,,False,True,305.0,False,,,False,True,308.0,False,,,False,True,3216.0
WINA,392.9949951171875,388.05499267578125,-0.012570140848570333,0.0,False,,,False,True,8533.0,False,,,False,False,,False,,,False,False,
WINA,389.2699890136719,389.7950134277344,0.0013487410508907782,0.0,False,,,False,True,9931.0,False,,,False,False,,False,,,False,False,
WINA,385.92999267578125,385.95001220703125,5.187347868762515e-05,0.0,False,,,False,True,19886.0,False,,,False,False,,False,,,False,False,
WINA,390.0,389.2300109863281,-0.0019743308042868835,0.0,False,,,False,True,18726.0,False,,,False,False,,False,,,False,False,
WKC,38.869998931884766,38.8650016784668,-0.00012856325071497476,0.0,False,,,False,False,,False,,,False,False,,False,,,False,False,
WKC,39.70000076293945,39.68000030517578,-0.0005037898584209222,0.0,False,,,False,False,,False,,,False,False,,False,,,False,False,
WKC,34.82500076293945,34.81999969482422,-0.00014360568573357213,0.0,True,21302.0,-0.0014360568573357213,False,False,,False,,,False,False,,False,,,False,False,
WKC,39.584999084472656,39.599998474121094,0.00037891600341910525,0.0,False,,,False,False,,False,,,False,False,,False,,,False,False,
WKC,37.220001220703125,37.25,0.0008059854463462468,0.0,True,10044.0,0.008059854463462468,False,False,,False,,,False,False,,False,,,False,False,
WKC,36.470001220703125,36.470001220703125,0.0,0.0,True,3941.0,0.0,False,False,,False,,,False,False,,False,,,False,False,
WKC,38.79999923706055,38.779998779296875,-0.0005154757256945475,0.0,False,,,False,False,,False,,,False,False,,False,,,False,False,
WKHS,2.683799982070923,2.670099973678589,-0.005104705448936819,0.0,True,30211.0,-0.05104705448936819,False,False,,False,,,False,False,,False,,,False,False,
WKHS,2.7950000762939453,2.759999990463257,-0.012522391726406346,0.0,True,31766.0,-0.12522391726406346,False,False,,False,,,False,False,,False,,,False,False,
WKHS,2.6159000396728516,2.615000009536743,-0.0003440613641417789,0.0,True,27223.0,-0.003440613641417789,False,False,,True,30168.0,-0.0017203068207088945,False,False,,False,,,False,False,
WKHS,2.6500000953674316,2.6500000953674316,0.0,0.0,True,29096.0,0.0,False,False,,True,30309.0,0.0,False,False,,False,,,False,False,
WKHS,2.799999952316284,2.799999952316284,0.0,819.0,True,32608.0,0.0,False,False,,False,,,False,False,,False,,,False,False,
WKHS,2.7290000915527344,2.740000009536743,0.0040307503169594305,0.0,True,31447.0,0.040307503169594305,False,False,,False,,,False,False,,False,,,False,False,
WKHS,2.676500082015991,2.674999952316284,-0.0005604818433545544,0.0,True,25989.0,-0.005604818433545544,False,False,,False,,,False,False,,False,,,False,False,
WKHS,2.7100000381469727,2.7149999141693115,0.001844972675999479,0.0,True,31430.0,0.01844972675999479,False,False,,False,,,False,False,,False,,,False,False,
WKHS,2.690000057220459,2.700000047683716,0.0037174684946250647,0.0,True,28438.0,0.03717468494625065,False,False,,False,,,False,False,,False,,,False,False,
WKHS,2.700000047683716,2.6700000762939453,-0.01111110031850071,902.0,True,31213.0,-0.1111110031850071,False,False,,False,,,False,False,,False,,,False,False,
WKHS,2.75,2.7200000286102295,-0.010909080505371094,0.0,True,31434.0,-0.10909080505371094,False,False,,False,,,False,False,,False,,,False,False,
WKHS,2.6874001026153564,2.690000057220459,0.0009674609309466842,0.0,True,27259.0,0.009674609309466842,False,False,,False,,,False,False,,False,,,False,False,
WKHS,2.6500000953674316,2.7200000286102295,0.02641506819760786,1034.0,True,27340.0,0.2641506819760786,False,False,,True,28553.0,0.1320753409880393,False,False,,False,,,False,False,
WKHS,2.6649999618530273,2.6649999618530273,0.0,0.0,True,29135.0,0.0,False,False,,True,30346.0,0.0,False,False,,False,,,False,False,
WKHS,2.6301000118255615,2.625,-0.0019390942559714963,0.0,True,27243.0,-0.019390942559714963,False,False,,True,30185.0,-0.009695471279857482,False,False,,False,,,False,False,
WKHS,2.6700000762939453,2.6700000762939453,0.0,0.0,True,27362.0,0.0,False,False,,False,,,False,False,,False,,,False,False,
WKHS,2.700000047683716,2.7200000286102295,0.007407400212333881,0.0,True,31675.0,0.07407400212333881,False,False,,False,,,False,False,,False,,,False,False,
WKHS,2.650099992752075,2.6500000953674316,-3.769570390432797e-05,0.0,True,27691.0,-0.0003769570390432797,False,False,,True,28904.0,-0.00018847851952163985,False,False,,False,,,False,False,
WKSP,0.6309999823570251,0.6351000070571899,0.0064976621470727025,0.0,False,,,False,False,,False,,,False,False,,False,,,False,False,
WKSP,0.8478999733924866,0.8416000008583069,-0.007430089316990074,0.0,False,,,False,True,9827.0,False,,,False,True,13060.0,False,,,False,False,
WKSP,0.7272999882698059,0.7200000286102295,-0.010037068303744179,3930.0,False,,,False,True,6813.0,False,,,False,True,15471.0,False,,,False,False,
WKSP,0.781000018119812,0.781000018119812,0.0,0.0,False,,,False,True,284.0,False,,,False,True,8626.0,False,,,False,False,
WKSP,0.7900000214576721,0.7900000214576721,0.0,0.0,False,,,False,True,4401.0,False,,,False,True,12722.0,False,,,False,False,
WLFC,67.4000015258789,67.41000366210938,0.00014839964397661554,0.0,False,,,False,False,,False,,,False,False,,False,,,False,False,
WLFC,219.35000610351562,218.9949951171875,-0.0016184680941407903,0.0,False,,,False,True,11265.0,False,,,False,True,11265.0,False,,,False,True,11265.0
WLFC,66.90999603271484,66.90999603271484,0.0,0.0,False,,,False,False,,False,,,False,False,,False,,,False,False,
WLFC,65.33666229248047,65.62083435058594,0.0043493507034897405,0.0,False,,,False,False,,False,,,False,False,,False,,,False,False,
WLFC,69.09333038330078,69.32333374023438,0.0033288792949714985,0.0,False,,,False,False,,False,,,False,False,,False,,,False,False,
WMS,140.8699951171875,140.83999633789062,-0.00021295364759488233,0.0,False,,,False,False,,False,,,False,False,,False,,,False,False,
WMS,149.4600067138672,149.52999877929688,0.0004682996272284967,0.0,False,,,False,False,,False,,,False,False,,False,,,False,False,
WMS,139.92999267578125,139.92999267578125,0.0,0.0,False,,,False,False,,False,,,False,False,,False,,,False,False,
WMS,151.34,150.47999572753906,-0.0056825972806986425,964.0,False,,,False,False,,False,,,False,False,,False,,,False,False,
WMS,145.05,147.41000366210938,0.016270276884587043,136.0,False,,,False,False,,False,,,False,False,,False,,,False,False,
WMS,148.1199951171875,148.24000549316406,0.0008102240071072853,0.0,False,,,False,False,,False,,,False,False,,False,,,False,False,
WMS,151.91000366210938,151.8800048828125,-0.0001974773127094709,0.0,False,,,False,False,,False,,,False,False,,False,,,False,False,
WMS,141.47999572753906,141.5225067138672,0.00030047347760731036,0.0,False,,,False,False,,False,,,False,False,,False,,,False,False,
WMS,141.84,144.89999389648438,0.021573561029923694,330.0,False,,,False,False,,False,,,False,False,,False,,,False,False,
WNC,13.140000343322754,13.175000190734863,0.0026636108445685647,0.0,False,,,False,True,12606.0,False,,,False,False,,False,,,False,False,
WNC,12.989999771118164,13.020000457763672,0.0023095217224107234,0.0,False,,,False,True,12756.0,False,,,False,False,,False,,,False,False,
WNEB,14.604999542236328,14.604999542236328,0.0,0.0,False,,,False,True,8325.0,False,,,False,False,,False,,,False,False,
WPC,74.19000244140625,74.18499755859375,-6.74603403126861e-05,0.0,False,,,False,False,,False,,,False,False,,False,,,False,False,
WPC,71.12000274658203,71.11499786376953,-7.037236528706359e-05,0.0,False,,,False,False,,False,,,False,False,,False,,,False,False,
WPC,71.44000244140625,71.44000244140625,0.0,0.0,False,,,False,False,,False,,,False,False,,False,,,False,False,
WPC,70.37000274658203,70.44999694824219,0.0011367656464109643,0.0,False,,,False,False,,False,,,False,False,,False,,,False,False,
WPC,76.37000274658203,76.37999725341797,0.0001308695361594836,0.0,False,,,False,False,,False,,,False,False,,False,,,False,False,
WPC,70.38999938964844,70.4800033569336,0.0012786470814829531,0.0,False,,,False,False,,False,,,False,False,,False,,,False,False,
WPC,72.2750015258789,72.2699966430664,-6.924777179984076e-05,0.0,False,,,False,False,,False,,,False,False,,False,,,False,False,
WPC,70.61000061035156,70.67500305175781,0.0009205840652084518,0.0,False,,,False,False,,False,,,False,False,,False,,,False,False,
WPC,75.0999984741211,75.11000061035156,0.0001331842401290917,0.0,False,,,False,False,,False,,,False,False,,False,,,False,False,
WPC,76.47000122070312,76.46080017089844,-0.00012032234415859655,0.0,False,,,False,False,,False,,,False,False,,False,,,False,False,
WRAP,1.7949999570846558,1.7598999738693237,-0.019554308665466258,79.0,False,,,False,True,1688.0,False,,,False,False,,False,,,False,False,
WRAP,1.88100004196167,1.88100004196167,0.0,0.0,False,,,False,True,2955.0,False,,,False,False,,False,,,False,False,
WRAP,2.0,2.0004000663757324,0.00020003318786621094,0.0,False,,,False,True,1626.0,False,,,False,False,,False,,,False,False,
WRAP,1.7699999809265137,1.7699999809265137,0.0,0.0,False,,,False,False,,False,,,False,False,,False,,,False,False,
WRAP,1.7949999570846558,1.7910000085830688,-0.002228383619620522,0.0,False,,,False,True,2956.0,False,,,False,False,,False,,,False,False,
WRAP,1.7949999570846558,1.7910000085830688,-0.002228383619620522,0.0,False,,,False,True,2956.0,False,,,False,False,,False,,,False,False,
WRAP,2.059999942779541,2.059999942779541,0.0,0.0,False,,,False,True,4407.0,False,,,False,True,17227.0,False,,,False,False,
WRAP,1.7949999570846558,1.7949999570846558,0.0,0.0,False,,,False,True,9891.0,False,,,False,False,,False,,,False,False,
WRAP,1.9049999713897705,1.9079999923706055,0.0015748141868192622,0.0,False,,,False,True,4014.0,False,,,False,False,,False,,,False,False,
WRAP,1.7899999618530273,1.7999999523162842,0.005586586970037999,0.0,False,,,False,True,9969.0,False,,,False,False,,False,,,False,False,
WRB,71.62999725341797,71.63999938964844,0.0001396361386847289,0.0,False,,,False,False,,False,,,False,False,,False,,,False,False,
WRB,73.31999969482422,73.3499984741211,0.00040914865550645274,0.0,False,,,False,False,,False,,,False,False,,False,,,False,False,
WRLD,193.67999267578125,192.8699951171875,-0.004182143686620621,0.0,True,10145.0,-0.04182143686620621,False,False,,False,,,False,False,,False,,,False,False,
WRLD,192.02000427246094,192.4199981689453,0.002083084509866051,0.0,True,5701.0,0.02083084509866051,False,False,,False,,,False,False,,False,,,False,False,
WRLD,191.97000122070312,194.80499267578125,0.014767887883788688,0.0,True,5764.0,0.14767887883788688,False,False,,False,,,False,False,,False,,,False,False,
WRLD,201.2949981689453,201.3000030517578,2.486342362217897e-05,0.0,False,,,False,True,20013.0,False,,,False,False,,False,,,False,False,
WS,35.290000915527344,35.25,-0.0011334914845452237,0.0,False,,,False,False,,False,,,False,False,,False,,,False,False,
WS,34.849998474121094,34.849998474121094,0.0,0.0,True,15731.0,0.0,False,False,,False,,,False,False,,False,,,False,False,
WS,36.16999816894531,36.15999984741211,-0.00027642582359288514,0.0,False,,,False,False,,False,,,False,False,,False,,,False,False,
WS,32.40999984741211,32.25,-0.004936743232502261,0.0,True,19972.0,-0.04936743232502261,False,False,,False,,,False,False,,False,,,False,False,
WS,35.97999954223633,36.150001525878906,0.004724902329223735,0.0,False,,,False,False,,False,,,False,False,,False,,,False,False,
WS,35.65999984741211,35.68000030517578,0.0005608653350883674,0.0,False,,,False,False,,False,,,False,False,,False,,,False,False,
WS,35.96500015258789,35.96500015258789,0.0,0.0,False,,,False,False,,False,,,False,False,,False,,,False,False,
WS,31.989999771118164,31.989999771118164,0.0,0.0,True,12761.0,0.0,False,False,,True,29953.0,0.0,False,False,,False,,,False,False,
WSBC,40.5099983215332,40.525001525878906,0.000370358058932041,0.0,False,,,False,False,,False,,,False,False,,False,,,False,False,
WSBC,41.099998474121094,41.1150016784668,0.00036504148181770724,0.0,False,,,False,False,,False,,,False,False,,False,,,False,False,
WSBC,39.290000915527344,39.27000045776367,-0.0005090470169922812,0.0,False,,,False,False,,False,,,False,False,,False,,,False,False,
WSBC,39.81999969482422,39.81999969482422,0.0,0.0,False,,,False,False,,False,,,False,False,,False,,,False,False,
WSBC,40.5099983215332,40.5099983215332,0.0,0.0,False,,,False,False,,False,,,False,False,,False,,,False,False,
WSBC,38.95000076293945,38.959999084472656,0.00025669631161395756,0.0,False,,,False,False,,False,,,False,False,,False,,,False,False,
WSBF,19.979999542236328,19.979999542236328,0.0,0.0,False,,,False,False,,False,,,False,False,,False,,,False,False,
WSFS,80.25499725341797,80.2699966430664,0.00018689664396931427,0.0,False,,,False,False,,False,,,False,False,,False,,,False,False,
WSFS,79.23999786376953,79.27999877929688,0.0005048071252615749,0.0,False,,,False,False,,False,,,False,False,,False,,,False,False,
WST,353.68,356.20001220703125,0.007125119336776953,155.0,False,,,False,False,,False,,,False,False,,False,,,False,False,
WST,354.9450988769531,354.95001220703125,1.3842507175620966e-05,0.0,False,,,False,False,,False,,,False,False,,False,,,False,False,
WST,357.0299987792969,357.30999755859375,0.0007842444059440457,0.0,False,,,False,False,,False,,,False,False,,False,,,False,False,
WTBA,26.475000381469727,26.600000381469727,0.0047214352483064825,0.0,False,,,False,False,,False,,,False,False,,False,,,False,False,
WTBA,26.44499969482422,26.90999984741211,0.01758367018166007,0.0,False,,,False,False,,False,,,False,False,,False,,,False,False,
WTFC,161.75,162.0,0.0015455950540959051,0.0,False,,,False,False,,False,,,False,False,,False,,,False,False,
WU,8.404999732971191,8.40999984741211,0.0005948976323346677,0.0,False,,,False,False,,False,,,False,False,,False,,,False,False,
WULF,21.309999465942383,21.725000381469727,0.019474468602901585,0.0,True,1439.0,0.19474468602901585,False,True,8673.0,False,,,False,False,,False,,,False,False,
WYNN,98.13500213623047,98.12999725341797,-5.09999765990754e-05,0.0,False,,,False,False,,False,,,False,False,,False,,,False,False,
WYNN,97.54000091552734,97.59500122070312,0.0005638743557467851,0.0,False,,,False,False,,False,,,False,False,,False,,,False,False,
WYNN,97.13,97.5999984741211,0.004838860023896885,1046.0,False,,,False,False,,False,,,False,False,,False,,,False,False,
XAIR,8.199999809265137,8.1899995803833,-0.0012195401359078595,3802.0,False,,,False,True,3806.0,False,,,False,True,5271.0,False,,,False,False,
XAIR,8.199999809265137,8.1899995803833,-0.0012195401359078595,3722.0,False,,,False,True,3726.0,False,,,False,True,5191.0,False,,,False,False,
XAIR,7.686500072479248,7.565000057220459,-0.015806936071438793,0.0,False,,,False,True,1399.0,False,,,False,True,1409.0,False,,,False,False,
XERS,8.75,8.75,0.0,0.0,False,,,False,False,,False,,,False,False,,False,,,False,False,
XERS,8.714900016784668,8.720000267028809,0.0005852333628977302,0.0,False,,,False,False,,False,,,False,False,,False,,,False,False,
XERS,8.4350004196167,8.4399995803833,0.0005926687039605749,0.0,False,,,False,False,,False,,,False,False,,False,,,False,False,
XERS,8.8,8.880000114440918,0.00909092209555884,241.0,False,,,False,False,,False,,,False,False,,False,,,False,False,
XERS,8.375,8.369999885559082,-0.0005970285899603578,0.0,False,,,False,False,,False,,,False,False,,False,,,False,False,
XERS,8.125,8.125,0.0,0.0,True,5727.0,0.0,False,False,,False,,,False,False,,False,,,False,False,
XERS,8.409899711608887,8.4350004196167,0.0029846619898645788,0.0,False,,,False,False,,False,,,False,False,,False,,,False,False,
XERS,8.345000267028809,8.345000267028809,0.0,0.0,False,,,False,False,,False,,,False,False,,False,,,False,False,
XIFR,12.404999732971191,12.40999984741211,0.0004030725149979375,0.0,False,,,False,False,,False,,,False,False,,False,,,False,False,
XIFR,12.630000114440918,12.621000289916992,-0.0007125751735849173,0.0,False,,,False,False,,False,,,False,False,,False,,,False,False,
XMAX,8.460000038146973,8.460000038146973,0.0,0.0,False,,,False,False,,False,,,False,False,,False,,,False,False,
XMAX,8.550000190734863,8.539999961853027,-0.0011696173869881754,0.0,False,,,False,False,,False,,,False,False,,False,,,False,False,
XMAX,8.838399887084961,8.835000038146973,-0.00038466792421965046,0.0,False,,,False,False,,False,,,False,False,,False,,,False,False,
XMAX,8.835000038146973,8.835000038146973,0.0,0.0,False,,,False,False,,False,,,False,False,,False,,,False,False,
XMAX,8.46500015258789,8.46500015258789,0.0,0.0,False,,,False,False,,False,,,False,False,,False,,,False,False,
XPO,208.1300048828125,208.3000030517578,0.0008167883772502993,0.0,False,,,False,False,,False,,,False,False,,False,,,False,False,
XPO,208.89999389648438,208.89999389648438,0.0,0.0,False,,,False,False,,False,,,False,False,,False,,,False,False,
XPO,213.0,213.6999969482422,0.0032863706490242617,0.0,False,,,False,False,,False,,,False,False,,False,,,False,False,
XPON,3.716400146484375,3.6000001430511475,-0.031320632559801,69.0,False,,,False,True,69.0,False,,,False,True,1509.0,False,,,False,False,
XPON,0.36010000109672546,0.36010000109672546,0.0,0.0,True,8509.0,0.0,False,True,4228.0,True,8509.0,0.0,False,False,,True,8509.0,0.0,False,False,
XRN,37.04,37.02000045776367,-0.0005399444448253021,1035.0,False,,,False,False,,False,,,False,False,,False,,,False,False,
XRN,36.665000915527344,36.709999084472656,0.001227278544162047,0.0,False,,,False,False,,False,,,False,False,,False,,,False,False,
XRN,37.040000915527344,37.005001068115234,-0.0009449202631481857,0.0,False,,,False,False,,False,,,False,False,,False,,,False,False,
XRN,36.70000076293945,36.709999084472656,0.00027243382357911017,0.0,False,,,False,False,,False,,,False,False,,False,,,False,False,
XRN,38.24509811401367,38.209999084472656,-0.0009177392992006927,0.0,False,,,False,False,,False,,,False,False,,False,,,False,False,
XRN,38.209999084472656,38.16999816894531,-0.0010468703607898755,0.0,False,,,False,False,,False,,,False,False,,False,,,False,False,
XRX,2.674999952316284,2.7200000286102295,0.016822458727514977,88.0,False,,,False,False,,False,,,False,False,,False,,,False,False,
XWEL,0.9401999711990356,0.9570000171661377,0.017868588046941802,0.0,True,11319.0,0.17868588046941802,False,False,,True,21486.0,0.08934294023470901,False,False,,False,,,False,False,
XYL,117.87000274658203,117.86000061035156,-8.485735129715177e-05,0.0,False,,,False,False,,False,,,False,False,,False,,,False,False,
XYL,120.68000030517578,120.7750015258789,0.0007872159468254036,0.0,False,,,False,False,,False,,,False,False,,False,,,False,False,
YEXT,5.489999771118164,5.494999885559082,0.000910767695696979,0.0,False,,,False,True,2915.0,False,,,False,False,,False,,,False,False,
YEXT,5.460000038146973,5.460000038146973,0.0,0.0,False,,,False,True,10051.0,False,,,False,False,,False,,,False,False,
YEXT,5.574999809265137,5.590000152587891,0.0026906446342518375,0.0,False,,,False,False,,False,,,False,False,,False,,,False,False,
YEXT,5.735000133514404,5.730000019073486,-0.0008718595160439602,0.0,False,,,False,False,,False,,,False,False,,False,,,False,False,
YEXT,5.684999942779541,5.684999942779541,0.0,0.0,False,,,False,False,,False,,,False,False,,False,,,False,False,
YHC,2.869999885559082,2.5,-0.12891982589295659,226.0,False,,,False,True,226.0,False,,,False,True,294.0,False,,,False,True,26187.0
YHC,1.7400000095367432,1.7400000095367432,0.0,0.0,False,,,False,True,7032.0,False,,,False,True,7064.0,False,,,False,False,
YYAI,0.2897000014781952,0.24079999327659607,-0.16879533293782079,962.0,False,,,False,True,962.0,False,,,False,True,963.0,False,,,False,False,
YYAI,0.9064000248908997,0.6514999866485596,-0.28122245282707437,928.0,False,,,False,True,928.0,False,,,False,True,928.0,False,,,False,True,936.0
ZION,69.28500366210938,69.29000091552734,7.212604681883228e-05,0.0,False,,,False,False,,False,,,False,False,,False,,,False,False,
ZION,69.91999816894531,69.94999694824219,0.00042904433756407734,0.0,False,,,False,False,,False,,,False,False,,False,,,False,False,
ZSQR,5.170000076293945,5.164999961853027,-0.0009671401096965626,0.0,False,,,False,True,5630.0,False,,,False,False,,False,,,False,False,
ZSQR,7.400000095367432,7.420000076293945,0.0027027000903734333,0.0,False,,,False,True,1217.0,False,,,False,True,1343.0,False,,,False,False,
ZSQR,5.46999979019165,5.460000038146973,-0.0018281083049780378,0.0,False,,,False,True,1150.0,False,,,False,True,1209.0,False,,,False,False,
ZSQR,5.239999771118164,5.235000133514404,-0.0009541293553707586,0.0,False,,,False,True,3971.0,False,,,False,False,,False,,,False,False,
ZSQR,5.230000019073486,5.25,0.0038240881173183805,0.0,False,,,False,True,2569.0,False,,,False,False,,False,,,False,False,
ZSTK,2.52,2.3299999237060547,-0.07539685567220056,874.0,False,,,False,True,1060.0,False,,,False,True,5477.0,False,,,False,False,
ZSTK,2.4149999618530273,2.3949999809265137,-0.008281565731855234,0.0,False,,,False,True,72.0,False,,,False,True,6011.0,False,,,False,False,
ZSTK,2.3499999046325684,2.4899001121520996,0.059532005615721584,0.0,False,,,False,True,4439.0,False,,,False,True,6109.0,False,,,False,False,
ZSTK,2.18,2.190000057220459,0.004587182211219565,10.0,False,,,False,True,375.0,False,,,False,True,4368.0,False,,,False,False,
ZSTK,2.109999895095825,2.109999895095825,0.0,0.0,False,,,False,True,1669.0,False,,,False,True,5662.0,False,,,False,False,
ZSTK,2.25,2.24,-0.004444444444444362,0.0,False,,,False,True,4213.0,False,,,False,True,5754.0,False,,,False,False,
ZSTK,2.52,2.3299999237060547,-0.07539685567220056,875.0,False,,,False,True,1061.0,False,,,False,True,5478.0,False,,,False,False,
ZSTK,2.0999999046325684,2.0999999046325684,0.0,0.0,False,,,False,True,1643.0,False,,,False,True,5636.0,False,,,False,False,
ZUMZ,18.719999313354492,18.680099487304688,-0.0021314010423783003,0.0,True,18656.0,-0.021314010423783003,False,False,,False,,,False,False,,False,,,False,False,
ZWS,48.29999923706055,48.29999923706055,0.0,0.0,True,18485.0,0.0,False,False,,False,,,False,False,,False,,,False,False,
ZWS,46.90999984741211,46.9900016784668,0.0017054323452336817,0.0,False,,,False,False,,False,,,False,False,,False,,,False,False,
ZWS,46.994998931884766,47.0,0.00010641702795832764,0.0,False,,,False,False,,False,,,False,False,,False,,,False,False,
ZWS,48.5,48.494998931884766,-0.0001031148064997156,0.0,True,2613.0,-0.001031148064997156,False,False,,False,,,False,False,,False,,,False,False,
ZWS,47.494998931884766,47.529998779296875,0.0007369164796129368,0.0,True,20111.0,0.007369164796129368,False,False,,False,,,False,False,,False,,,False,False,
ZWS,46.807498931884766,46.810001373291016,5.3462403746262765e-05,0.0,False,,,False,False,,False,,,False,False,,False,,,False,False,
ZWS,47.380001068115234,47.375,-0.00010555230060138587,0.0,True,19883.0,-0.0010555230060138587,False,False,,False,,,False,False,,False,,,False,False,
ZWS,47.33000183105469,47.41999816894531,0.0019014649146193996,0.0,True,20144.0,0.019014649146193996,False,False,,False,,,False,False,,False,,,False,False,
