ticker,filed,items,open,prior_dollars,d0,pk_d0,d1,pk_d1,d3,pk_d3,d5,pk_d5,d10,pk_d10
AAT,2026-07-28 16:17:44-04:00,"2.02,7.01,9.01",23.079999923706055,8983502.525234222,0.027729609695148927,0.03596186856367978,0.027729609695148927,0.03596186856367978,0.027729609695148927,0.03596186856367978,0.027729609695148927,0.03596186856367978,0.027729609695148927,0.03596186856367978
AAOI,2026-07-01 16:06:00-04:00,"1.01,2.03,9.01",135.85000610351562,1701091076.322174,-0.1096798563551028,0.025174810565259165,-0.09193967561287308,0.025174810565259165,-0.15760031431868526,0.025174810565259165,-0.1172617388212106,0.025174810565259165,-0.24615385306589888,0.025174810565259165
AAL,2026-07-23 07:00:28-04:00,"2.02,7.01,9.01",13.869999885559082,2330351139.986515,0.04397978815503478,0.04974769572824722,0.07786589276258815,0.09084356447570707,0.0699351315812724,0.11103100032873225,0.0699351315812724,0.11103100032873225,0.0699351315812724,0.11103100032873225
AAL,2026-07-15 16:30:37-04:00,"5.02,7.01,9.01",15.369999885559082,2417119297.1609116,0.01496424838146826,0.04619388701583893,-0.025374127926258483,0.04619388701583893,-0.0058555727558885495,0.04619388701583893,-0.11776183991015976,0.04619388701583893,-0.03448274150406172,0.04619388701583893
ABAT,2026-07-10 16:45:34-04:00,"5.02,9.01",2.549999952316284,9749516.477763653,-0.01960782480441492,0.013333395664989256,0.023529389765297948,0.06274513287161154,-0.050980344491478924,0.06274513287161154,-0.10196078248044149,0.06274513287161154,-0.10980391240220744,0.06274513287161154
AA,2026-07-16 16:12:48-04:00,"2.02,9.01",46.529998779296875,259680759.39369202,-0.05480333771672363,0.006877277094763157,-0.0655490934252424,0.006877277094763157,-0.00773695722751111,0.010745755708518656,-0.04921549883747245,0.010745755708518656,-0.07844396748202098,0.010745755708518656
AA,2026-07-02 16:17:43-04:00,"1.01,8.01,9.01",48.84000015258789,362018820.03479004,0.021089246029461828,0.04484026658204132,0.0034807159789966846,0.04484026658204132,-0.0024569805796449407,0.04484026658204132,-0.0024569805796449407,0.04484026658204132,-0.10974612190019728,0.04484026658204132
AB,2026-07-28 06:23:31-04:00,"2.02,9.01",37.400001525878906,8395365.01121521,-0.007754034858171832,0.0040106338251844065,-0.007754034858171832,0.0040106338251844065,-0.007754034858171832,0.0040106338251844065,-0.007754034858171832,0.0040106338251844065,-0.007754034858171832,0.0040106338251844065
AB,2026-07-13 16:22:04-04:00,"7.01,9.01",37.27000045776367,9685749.850845337,0.009659259617115667,0.014220519795740127,0.02226986869232861,0.0297826830350989,0.016903704329952474,0.03166086103253529,0.008854253080339936,0.03166086103253529,0.0021464452743455986,0.03166086103253529
ABCB,2026-07-23 16:16:33-04:00,"2.02,7.01,9.01",87.04000091552734,37213824.48692322,0.007927417671742765,0.011948539804551128,-0.011488970467388948,0.015050523263035132,0.009076297187703863,0.016314317026759007,0.009076297187703863,0.016314317026759007,0.009076297187703863,0.016314317026759007
ABTC,2026-07-06 17:15:15-04:00,"3.03,5.03,8.01,9.01",8.40999984741211,9350471.975049973,-0.2247324495573182,0.0,-0.30321043521568913,0.0,-0.27110579956464365,0.0,-0.35790723028026006,0.0,-0.23067777555518365,0.0
ABCL,2026-07-06 14:53:55-04:00,"5.02,9.01",8.329999923706055,64822222.178435326,-0.07683071696846511,0.013205241018574565,-0.1476590672675845,0.013205241018574565,-0.183673439013729,0.013205241018574565,-0.1908763706063148,0.013205241018574565,-0.2833133439531209,0.013205241018574565
ABG,2026-07-28 07:04:10-04:00,"2.02,9.01",241.32000732421875,58176567.93060303,0.028758440957997955,0.06584611158871234,0.028758440957997955,0.06584611158871234,0.028758440957997955,0.06584611158871234,0.028758440957997955,0.06584611158871234,0.028758440957997955,0.06584611158871234
ABX,2026-07-02 16:05:46-04:00,"1.01,5.02,9.01",11.800000190734863,6863381.801319122,0.016949136104436047,0.05423723553419535,0.0,0.05423723553419535,0.01610165909425021,0.05423723553419535,-0.06779662523760033,0.05423723553419535,-0.13050846923394177,0.05423723553419535
ABVC,2026-07-02 16:01:39-04:00,"4.01,9.01",1.7799999713897705,287781.0096144676,0.06741573409952317,0.12134836156204898,0.13483146819904634,0.20786524153074915,-0.18539321854505464,0.20786524153074915,-0.24157300812324256,0.20786524153074915,-0.3258426590047685,0.20786524153074915
ABR,2026-07-06 17:24:57-04:00,"1.01,2.03,3.02,9.01",4.980000019073486,18192844.16191578,-0.008032120823258437,0.020080302058145927,-0.0120481812348876,0.020080302058145927,0.014056259315918584,0.03012050096243546,0.004016060411629274,0.03012050096243546,0.0240963624697752,0.07831322590198586
ABR,2026-07-01 16:05:21-04:00,"8.01,9.01",5.269999980926514,17539103.155255318,0.0,0.020872890685488255,-0.05502845595874983,0.020872890685488255,-0.06641364438317043,0.020872890685488255,-0.04174569088954194,0.020872890685488255,-0.017077827877348017,0.020872890685488255
ACGL,2026-07-28 16:04:34-04:00,"2.02,9.01",102.01000213623047,195798501.73797607,0.024899528108383695,0.03578082001218341,0.024899528108383695,0.03578082001218341,0.024899528108383695,0.03578082001218341,0.024899528108383695,0.03578082001218341,0.024899528108383695,0.03578082001218341
ACNB,2026-07-23 08:45:35-04:00,"2.02,9.01",62.849998474121094,3778431.9946289062,-0.011933174514058509,0.013046932613082873,0.018297558532995417,0.02291173391196155,0.010819416415034144,0.03850434729830199,0.010819416415034144,0.03850434729830199,0.010819416415034144,0.03850434729830199
ACDC,2026-07-06 07:08:14-04:00,"1.01,1.02,2.03,7.01,9.01",4.690000057220459,7273564.201211929,0.004264388205224678,0.04157786125421592,0.08315562083739714,0.10874195006874476,0.049040515195600376,0.10874195006874476,0.13859276917635177,0.17270787481814875,0.03837949384702144,0.17270787481814875
ACI,2026-07-23 07:31:10-04:00,"2.02,9.01",11.15999984741211,78865654.52423096,-0.011648755933546306,0.00358422602149977,0.018817207976545847,0.04032256410554402,0.08064521366577715,0.10349460114365727,0.08064521366577715,0.10349460114365727,0.08064521366577715,0.10349460114365727
ACI,2026-07-23 07:29:06-04:00,"5.02,9.01",11.15999984741211,78865654.52423096,-0.011648755933546306,0.00358422602149977,0.018817207976545847,0.04032256410554402,0.08064521366577715,0.10349460114365727,0.08064521366577715,0.10349460114365727,0.08064521366577715,0.10349460114365727
ABUS,2026-07-16 07:31:17-04:00,"1.02,5.02,8.01,9.01",4.71999979019165,13857823.373317719,-0.03389827426361236,0.021186522439583966,-0.06567795689816203,0.021186522439583966,-0.08262709402996815,0.021186522439583966,-0.07203383281017628,0.021186522439583966,-0.09110166259587127,0.021186522439583966
ACHC,2026-07-28 16:57:17-04:00,"2.02,7.01,9.01",32.91999816894531,96852614.34555054,-0.16919799809496883,0.0024301894138669677,-0.16919799809496883,0.0024301894138669677,-0.16919799809496883,0.0024301894138669677,-0.16919799809496883,0.0024301894138669677,-0.16919799809496883,0.0024301894138669677
ACNT,2026-07-21 13:40:36-04:00,"1.01,9.01",15.109999656677246,431975.49810409546,0.00992723862427769,0.015221740644382198,0.00397090807279965,0.016545334591687055,0.008603581561530405,0.016545334591687055,0.019854414133112952,0.030443418173321746,0.019854414133112952,0.030443418173321746
ADC,2026-07-02 16:05:21-04:00,8.01,78.0,77895588.5559082,-0.010641049116085766,0.0,0.005128224690755134,0.016538473275991672,-0.0019230964856270516,0.016538473275991672,0.007948753161308053,0.016538473275991672,0.032948714036207916,0.04858975532727361
ACEL,2026-07-14 16:50:31-04:00,"5.02,7.01,9.01",12.369999885559082,3444208.4672927856,-0.004850401495348988,0.008892454138634376,0.006467253390959771,0.05772027120740031,-0.004850401495348988,0.05772027120740031,-0.03476154479821536,0.05772027120740031,-0.0032336266954798853,0.05772027120740031
ACEL,2026-07-13 16:28:48-04:00,"5.02,9.01",12.729999542236328,3444208.4672927856,-0.0180675216423396,0.0,-0.032992862350554764,0.0,-0.04556166100255521,0.027808334978977278,-0.04634715004945922,0.027808334978977278,-0.029850681416430436,0.027808334978977278
ACHV,2026-07-06 16:06:28-04:00,"5.03,5.07,9.01",6.389999866485596,14171822.882509232,0.020344306284378,0.026604081353047482,-0.028168987809012336,0.026604081353047482,-0.04381842548068582,0.026604081353047482,-0.012519550137338853,0.026604081353047482,0.01721441875004337,0.026604081353047482
ACA,2026-07-15 16:25:30-04:00,1.04,144.9499969482422,104043521.98791504,0.0003449675944158237,0.001034902783247471,0.00041391900556697614,0.001379765108333153,-0.0020697002971648004,0.0031044978110821297,0.0011038541943986235,0.0031044978110821297,-0.0005519270971993118,0.004070343913848529
ACTU,2026-07-17 16:30:34-04:00,3.01,1.5299999713897705,297813.00199627876,-0.08496731873370122,0.0,-0.11764702674105953,0.0,-0.1764705790688741,0.0,-0.24836601459963203,0.0,-0.2941176058099336,0.0
ACR,2026-07-24 16:09:24-04:00,"8.01,9.01",17.56999969482422,306563.9980316162,0.017643680781263882,0.02959592867362737,0.030734258674256942,0.03813318656410192,0.0415480680088669,0.06260673879201972,0.0415480680088669,0.06260673879201972,0.0415480680088669,0.06260673879201972
ADCT,2026-07-02 17:07:26-04:00,5.02,1.2000000476837158,1798471.9340324402,0.04166662527455389,0.04166662527455389,0.12499997516473238,0.19999999999999996,0.08333325054910778,0.19999999999999996,0.04166662527455389,0.19999999999999996,0.04999995032946458,0.21666665010982156
ADSK,2026-07-13 16:13:32-04:00,8.01,201.9600067138672,433184976.0253906,0.019607800175450274,0.03946318923035963,0.034759302734712394,0.05278267007795834,0.08115467837585011,0.09828674086374756,0.04550399523227089,0.09828674086374756,0.17538124871984007,0.20444638499458767
ACU,2026-07-23 08:08:37-04:00,"2.02,9.01",46.16999816894531,566978.9888381958,0.16829111470465463,0.20056319045858007,0.23088594509149152,0.2456140481334339,0.2973793350974967,0.30106134020226727,0.2973793350974967,0.30106134020226727,0.2973793350974967,0.30106134020226727
ACU,2026-07-21 16:15:15-04:00,"1.01,1.02,2.03,9.01",46.599998474121094,452748.4952926636,-0.015021394230966045,0.0,0.12553653391356034,0.13347642541570792,0.21952797622117393,0.2341201760654752,0.28540780015569855,0.2890558296516592,0.28540780015569855,0.2890558296516592
ADBE,2026-07-17 16:14:16-04:00,5.02,235.6699981689453,1068903107.5866699,-0.003946164904344629,0.004200812580540392,-0.03610979154306848,0.004200812580540392,-0.09971570493734849,0.004200812580540392,0.00882590846189757,0.02707177380397341,0.1177918051619602,0.12988501229761162
AEO,2026-07-01 16:30:24-04:00,"5.02,7.01,9.01",17.200000762939453,71277870.27339935,-0.043023351490847905,0.0,-0.040697716970323206,0.0,-0.05116285052796965,0.0,-0.022674493005686358,0.0,-0.009883724927515214,0.04244183196835927
AEBI,2026-07-13 07:00:22-04:00,"7.01,9.01",11.9399995803833,3135091.068649292,0.010050321897042025,0.029313265809888023,0.05443891080804564,0.06365161269607333,0.06867677364459435,0.1197655239054769,0.0904523379678126,0.1197655239054769,0.15159133025351368,0.15829149160339262
ADEA,2026-07-28 16:05:15-04:00,5.02,25.010000228881836,29919579.119114876,-0.07437027562293308,0.01079569993173668,-0.07437027562293308,0.01079569993173668,-0.07437027562293308,0.01079569993173668,-0.07437027562293308,0.01079569993173668,-0.07437027562293308,0.01079569993173668
AES,2026-07-27 16:31:05-04:00,"4.01,9.01",14.84000015258789,89422245.5965519,-0.0006738698638147911,0.0006738698638149021,-0.0013477397276295822,0.0006738698638149021,-0.0013477397276295822,0.0006738698638149021,-0.0013477397276295822,0.0006738698638149021,-0.0013477397276295822,0.0006738698638149021
AGNC,2026-07-20 16:06:41-04:00,"2.02,9.01",11.029999732971191,163284326.94649696,-0.02266545839096379,0.011786048738724686,-0.028105119986152283,0.011786048738724686,-0.03989116872487686,0.011786048738724686,0.003626469884079775,0.011786048738724686,-0.011786048738724575,0.011786048738724686
ADTN,2026-07-23 16:30:32-04:00,"1.01,1.02,2.03,9.01",10.170000076293945,19386354.36515808,-0.031465063168498064,0.004916439563399155,-0.06588004633900657,0.004916439563399155,-0.18092430076543387,0.004916439563399155,-0.18092430076543387,0.004916439563399155,-0.18092430076543387,0.004916439563399155
ADTN,2026-07-22 07:02:14-04:00,"2.02,7.01,9.01",10.229999542236328,16196384.053516388,-0.007820129744460003,0.04007828146948267,-0.037145569674535084,0.04007828146948267,-0.1192570252146653,0.04007828146948267,-0.18572822126587551,0.04007828146948267,-0.18572822126587551,0.04007828146948267
AGPU,2026-07-27 08:35:17-04:00,"8.01,9.01",7.210000038146973,3721919.0356492996,0.016643534663548065,0.07350897783176791,-0.026352296285048316,0.07350897783176791,-0.026352296285048316,0.07350897783176791,-0.026352296285048316,0.07350897783176791,-0.026352296285048316,0.07350897783176791
AGPU,2026-07-22 08:35:17-04:00,"8.01,9.01",7.119999885559082,1457729.5475959778,0.03370790053551764,0.0912921496931165,-0.03792134624526222,0.0912921496931165,0.02949438785426084,0.15730335724171662,-0.014044930651669008,0.15730335724171662,-0.014044930651669008,0.15730335724171662
AGCO,2026-07-10 16:35:18-04:00,"5.03,9.01",113.87000274658203,82675778.9226532,0.0018442002231264798,0.008957553512459304,0.0023710954294722253,0.027048336940104223,0.012997239763248292,0.027048336940104223,-0.013524201970510297,0.03688413846436167,0.05594094110425152,0.0670940476452897
AEHR,2026-07-14 16:50:31-04:00,"2.02,9.01",98.16000366210938,134596955.1612854,-0.10564387082011639,0.12265681374236093,-0.1422168520074727,0.12265681374236093,-0.21189896368949301,0.12265681374236093,-0.04706604089467237,0.12265681374236093,-0.3337408406075286,0.12265681374236093
AGYS,2026-07-27 16:05:18-04:00,"2.02,9.01",107.88999938964844,29822840.454483032,0.026045023398742817,0.07424230402766119,0.05375848627833335,0.07424230402766119,0.05375848627833335,0.07424230402766119,0.05375848627833335,0.07424230402766119,0.05375848627833335,0.07424230402766119
ADNT,2026-07-10 12:15:14-04:00,5.02,19.690000534057617,23083302.74066925,-0.024885716497092814,0.014728237699999092,-0.021838511605523525,0.014728237699999092,0.04672422810261634,0.04748600510828438,-0.0020315345069774615,0.04748600510828438,0.05231075425901066,0.13616047146479615
AGEN,2026-07-13 06:30:23-04:00,"1.01,3.02,7.01,8.01,9.01",6.119999885559082,2483235.5032444,-0.16993463746740245,0.026143844320456466,-0.18137249631269303,0.026143844320456466,-0.18137249631269303,0.026143844320456466,-0.08823528953443704,0.026143844320456466,0.07843137713222958,0.08496731873370122
AGEN,2026-07-06 16:10:32-04:00,1.01,3.359999895095825,1920254.5050740242,0.04166669918904331,0.06547620103540375,-0.032738065038745545,0.08035721064729162,-0.002976187730794999,0.08035721064729162,0.5119047864021364,1.5892857383607204,0.6607143148577141,1.5892857383607204
AGL,2026-07-21 17:51:52-04:00,"5.02,9.01",123.69999694824219,40756045.318603516,-0.03088116240150407,0.00727567945095009,-0.18940986971066154,0.00727567945095009,-0.20428453732007545,0.00727567945095009,-0.2509296204681426,0.00727567945095009,-0.2509296204681426,0.00727567945095009
AIOT,2026-07-21 16:39:59-04:00,"5.02,8.01,9.01",4.150000095367432,4391966.430044174,-0.016867510856088175,0.0,-0.08674701813049734,0.0,-0.07469883712633352,0.0,-0.036144600462750365,0.0,-0.036144600462750365,0.0
AHCO,2026-07-20 16:35:23-04:00,"1.01,9.01",11.550000190734863,11119592.780590057,-0.029437242162180244,0.012986979744866067,-0.05800866365624857,0.012986979744866067,-0.06839826396598214,0.012986979744866067,-0.028571421494068217,0.012986979744866067,-0.06580088453084965,0.012986979744866067
AHCO,2026-07-07 16:45:49-04:00,7.01,10.050000190734863,17827734.095954895,-0.005970190893330951,0.008457715077989203,0.010945239262647455,0.012935334524746045,0.023880573787393722,0.04776114757478722,0.05373133846811817,0.06865667336199799,0.08258705551779344,0.16417906340453747
AHCO,2026-07-02 16:01:45-04:00,1.05,10.609999656677246,19286690.07205963,-0.03204516587327133,0.01413766042020459,-0.04335533016322757,0.01413766042020459,-0.04241280149165094,0.01413766042020459,-0.030160198414599493,0.01413766042020459,0.034872751888000986,0.0603204867136804
AIR,2026-07-24 06:01:20-04:00,"5.02,9.01",131.5,65855207.08465576,0.04121671611365252,0.042205346401199995,0.07072245666735988,0.07346010389436786,0.02965774826223866,0.07346010389436786,0.02965774826223866,0.07346010389436786,0.02965774826223866,0.07346010389436786
AIR,2026-07-21 16:36:54-04:00,"2.02,9.01",133.99000549316406,56815510.750579834,-0.047690176558496944,0.03656984622434667,-0.03373389123930992,0.03656984622434667,0.021867247971198323,0.03656984622434667,0.010523086390889391,0.053511440219405904,0.010523086390889391,0.053511440219405904
AKR,2026-07-28 16:21:28-04:00,"2.02,9.01",22.739999771118164,29106998.406887054,-0.004837318006100988,0.012752898788313649,-0.004837318006100988,0.012752898788313649,-0.004837318006100988,0.012752898788313649,-0.004837318006100988,0.012752898788313649,-0.004837318006100988,0.012752898788313649
AHR,2026-07-22 16:16:45-04:00,"5.02,7.01,9.01",56.22999954223633,110571090.19985199,0.0026676423101557045,0.02418638843007659,0.021518746119920884,0.02418638843007659,0.026498340576147417,0.04392675157053527,0.022941506776260612,0.04392675157053527,0.022941506776260612,0.04392675157053527
AKTX,2026-07-02 17:25:27-04:00,"5.07,9.01",9.800000190734863,995743.9575195312,0.11224483738636803,0.1882653297061272,0.5795917592809297,0.5816326222783181,0.34285710115126977,0.5816326222783181,0.36734687323770965,0.5816326222783181,0.08775506529992816,0.5816326222783181
ALB,2026-07-23 16:22:25-04:00,"5.02,7.01,9.01",116.62000274658203,266176144.58198547,-0.015177535849550616,0.025553041136644916,-0.003772958592381359,0.025553041136644916,-0.023495158880403766,0.025553041136644916,-0.023495158880403766,0.025553041136644916,-0.023495158880403766,0.025553041136644916
ALCO,2026-07-17 17:00:15-04:00,5.02,40.7599983215332,642601.0047912598,-0.012757523662401571,0.00907759474530101,-0.018890988095542238,0.00907759474530101,-0.040235511707124805,0.00907759474530101,-0.054219803127546484,0.00907759474530101,-0.07212950804160867,0.00907759474530101
ALIT,2026-07-01 08:07:32-04:00,"1.01,3.03,5.03,8.01,9.01",13.149999618530273,17848188.797569275,0.0844106952510788,0.08669204383217832,0.27072240070074405,0.3072244131349169,0.530798459674515,0.5741445903747497,0.492015316227534,0.5741445903747497,0.6532319697168145,0.8007605317194988
ALLE,2026-07-23 06:02:30-04:00,"2.02,9.01",152.25,166095461.90185547,0.007290644402965896,0.027651932439193283,0.03868636709128692,0.04039404858117823,0.04085386680264769,0.07881773399014769,0.04085386680264769,0.07881773399014769,0.04085386680264769,0.07881773399014769
ALG,2026-07-08 16:06:03-04:00,"5.02,9.01",163.4199981689453,30064921.257019043,-0.007771412842313197,0.004528243185996317,-0.011871267061211555,0.011993677247755796,-0.001590958938618714,0.011993677247755796,0.014013025153472691,0.014502479156421,0.009913077562959671,0.030473600436530912
ALV,2026-07-17 06:15:35-04:00,"2.02,7.01,9.01",120.08000183105469,87945380.98678589,-0.02373416414609042,0.0,-0.021402395533271723,0.0,-0.040556318057305085,0.0,-0.0038307717976208133,0.0,0.03905725133657367,0.04980009690499965
ALT,2026-07-28 07:04:40-04:00,"7.01,8.01,9.01",3.0,7926425.255608559,-0.026666641235351562,0.03333330154418945,-0.026666641235351562,0.03333330154418945,-0.026666641235351562,0.03333330154418945,-0.026666641235351562,0.03333330154418945,-0.026666641235351562,0.03333330154418945
ALKS,2026-07-28 07:05:18-04:00,"2.02,9.01",50.5,79865863.05217743,-0.04277227420618035,0.00435645981590338,-0.04277227420618035,0.00435645981590338,-0.04277227420618035,0.00435645981590338,-0.04277227420618035,0.00435645981590338,-0.04277227420618035,0.00435645981590338
ALKS,2026-07-08 08:00:15-04:00,1.02,54.459999084472656,125407787.17193604,-0.012486234238106353,0.00807936923986663,-0.04627250275665462,0.00807936923986663,-0.05251561987570785,0.00807936923986663,-0.04627250275665462,0.00807936923986663,-0.027359491164485772,0.00807936923986663
ALEC,2026-07-08 16:05:33-04:00,1.02,1.8300000429153442,1136812.9960775375,-0.10655740321264473,0.01639342660450316,-0.12021859204973073,0.01639342660450316,-0.24043718409946147,0.01639342660450316,-0.19672131467909937,0.01639342660450316,-0.18579236360943052,0.01639342660450316
ALK,2026-07-21 16:30:28-04:00,"2.02,7.01,9.01",43.5,141849354.5436859,0.0197701289735992,0.02068969025008971,0.028735632183908066,0.03057475473688931,0.09195402298850586,0.10919540229885061,0.05379310695604356,0.1434483144475125,0.05379310695604356,0.1434483144475125
ALGN,2026-07-08 20:29:04-04:00,5.02,174.4199981689453,219808576.67617798,0.02149982822708041,0.03365436979022185,0.02883842926328173,0.03898637268171079,0.023162530600468578,0.05847951528105355,0.02287584872750248,0.05847951528105355,-0.035431674926376444,0.05847951528105355
AM,2026-07-27 06:03:13-04:00,7.01,22.190000534057617,40492308.35475922,-0.019828775280212207,0.0009012415472611224,-0.030193783693948872,0.0009012415472611224,-0.030193783693948872,0.0009012415472611224,-0.030193783693948872,0.0009012415472611224,-0.030193783693948872,0.0009012415472611224
ALLY,2026-07-21 07:20:11-04:00,"2.02,9.01",44.29999923706055,142605629.88567352,0.00835212050241374,0.010383726690627704,-0.007449165283085368,0.010383726690627704,-0.013995461457391722,0.010383726690627704,-0.03047400671266176,0.010383726690627704,-0.03047400671266176,0.010383726690627704
ALDX,2026-07-15 16:46:28-04:00,8.01,1.840000033378601,3750638.503217697,-0.06521739271277516,0.005434777327093299,-0.08152172469405483,0.005434777327093299,-0.04891306073149537,0.005434777327093299,-0.15760873684867271,0.005434777327093299,-0.12500000809845702,0.005434777327093299
ALTG,2026-07-02 07:00:15-04:00,"8.01,9.01",6.159999847412109,1367999.9828338623,0.05194808110195215,0.06493508202528231,-0.00974025069249762,0.06493508202528231,0.025974079255291826,0.06493508202528231,0.11688316312723446,0.1363636645122297,0.004870164050564618,0.16233766635889002
AMR,2026-07-27 08:02:06-04:00,"2.02,9.01",143.14999389648438,32052471.49658203,0.013412598739772186,0.029898700396675304,-0.02787279360458983,0.029898700396675304,-0.02787279360458983,0.029898700396675304,-0.02787279360458983,0.029898700396675304,-0.02787279360458983,0.029898700396675304
AMD,2026-07-01 16:27:26-04:00,5.02,538.1599731445312,14858729680.648804,-0.03779538954089012,0.017634256992544062,0.025810196487257464,0.06381007241177006,-0.03855730830138726,0.06381007241177006,0.03666203822001357,0.06381007241177006,-0.07878691373339852,0.06696900710008924
AMBA,2026-07-01 17:16:35-04:00,"5.02,5.07,9.01",88.0999984741211,92094178.25889587,-0.11055616381912425,0.0362088819143771,-0.09500562159085779,0.0362088819143771,-0.15164586653512813,0.0362088819143771,-0.12258791838158456,0.0362088819143771,-0.2980703606850451,0.0362088819143771
AMKR,2026-07-27 16:08:09-04:00,"2.02,9.01",51.79999923706055,260816444.04411316,-0.11795368147380458,0.005791491148245287,-0.17509652178402058,0.005791491148245287,-0.17509652178402058,0.005791491148245287,-0.17509652178402058,0.005791491148245287,-0.17509652178402058,0.005791491148245287
AMC,2026-07-20 06:59:42-04:00,"2.02,9.01",2.4200000762939453,76071173.56353998,-0.09090909986546103,0.0743800920098645,-0.0702479631960542,0.0743800920098645,-0.061983508528291376,0.0743800920098645,0.10330578186710504,0.1404958278720374,0.1363636005381561,0.15289250987368153
AMAL,2026-07-23 06:26:29-04:00,"2.02,7.01,9.01",48.5099983215332,7198035.858917236,0.019171311839913274,0.02453107570770663,0.010307153520928036,0.04968047682537913,0.015254621811403357,0.04968047682537913,0.015254621811403357,0.04968047682537913,0.015254621811403357,0.04968047682537913
AMAL,2026-07-21 16:31:53-04:00,"7.01,9.01",47.38999938964844,6943948.341369629,-0.009073650785269005,0.0023211777119285237,0.026798912726744728,0.03566158394539687,0.03418440499576425,0.07448826386918972,0.03924880004868392,0.07448826386918972,0.03924880004868392,0.07448826386918972
AMPH,2026-07-13 06:01:01-04:00,5.02,19.100000381469727,8179345.876979828,-0.015183293703422862,0.015183193842239984,0.015706766024549346,0.020942387986460087,0.0340313929606455,0.06544502487092685,0.025654437766061466,0.06544502487092685,0.054973780947105366,0.06544502487092685
AMPH,2026-07-07 20:03:50-04:00,8.01,19.959999084472656,9581276.203155518,-0.054108215092364964,0.0,-0.0470941217347165,0.0,-0.03356704407198696,0.0,-0.02805608675493476,0.0,-0.0330661261365256,0.019539144032349354
AMSF,2026-07-21 16:15:05-04:00,"2.02,9.01",32.290000915527344,5846034.65385437,-0.03530508716860625,0.027252933678140634,-0.0634871813652812,0.027252933678140634,-0.06906167192186785,0.027252933678140634,-0.06999071430174741,0.027252933678140634,-0.06999071430174741,0.027252933678140634
AMPG,2026-07-22 17:00:13-04:00,"8.01,9.01",6.429999828338623,15901473.697590828,-0.013996839526197347,0.03888024987157657,-0.15940896514691072,0.03888024987157657,-0.23794708768546124,0.03888024987157657,-0.2830481716038348,0.03888024987157657,-0.2830481716038348,0.03888024987157657
AMPG,2026-07-08 06:15:41-04:00,"1.02,8.01",6.670000076293945,16539105.222511292,-0.016491773951451516,0.019490271807185655,0.002998497855734028,0.019490271807185655,0.05397303289304167,0.07796101573891456,-0.03748125894159027,0.1466266380821739,-0.0494752503645266,0.1466266380821739
ANIK,2026-07-14 17:00:16-04:00,"1.01,2.03,9.01",15.460000038146973,1017642.524433136,0.030401052126073802,0.03104783577308834,0.02328587682981631,0.04786550601336059,-0.02587319647757369,0.04786550601336059,-0.029107361458912018,0.04786550601336059,0.04592497001261808,0.14812418862888355
ANGO,2026-07-14 07:30:53-04:00,"2.02,7.01,9.01",13.09000015258789,4635341.513061523,0.10542399529064106,0.13063407320197062,0.08021391737931172,0.1611917213201941,0.04736439101083656,0.1611917213201941,0.055767726029553044,0.1611917213201941,0.11764705453793067,0.1611917213201941
AP,2026-07-09 08:49:05-04:00,"2.02,9.01",7.840000152587891,1969585.5110645294,0.0012754785523030332,0.014030568180656955,-0.01913266485306364,0.04081628681073313,0.03443871158602363,0.08290811299483414,-0.022959222152102332,0.08290811299483414,0.04591832266207474,0.10586733514693636
ANRO,2026-07-14 06:04:48-04:00,"1.01,9.01",27.739999771118164,14822517.630958557,0.002883919407574931,0.021629429935843936,-0.014780095558579842,0.029560191117159684,-0.0663302151322881,0.03893294638129419,-0.01838501200756426,0.03893294638129419,-0.03677002401512841,0.03893294638129419
ANRO,2026-07-13 07:39:07-04:00,"2.02,8.01",28.6200008392334,15558173.097419739,-0.028651347942965866,0.008036321994828066,-0.027952519949353327,0.008036321994828066,-0.03773584528430718,0.008036321994828066,-0.05415796991467514,0.008036321994828066,-0.04192874660207713,0.008036321994828066
APA,2026-07-08 17:07:26-04:00,"2.02,9.01",34.59000015258789,180720018.43185425,-0.037583094285221774,0.006649307349572808,-0.03324664703110347,0.006649307349572808,-0.0017346450715909345,0.014744097117185051,-0.008962167445027425,0.014744097117185051,0.05290540642627062,0.08991039597086803
AOSL,2026-07-10 16:06:46-04:00,"5.02,9.01",35.720001220703125,27345651.09348297,-0.028835457972973266,0.01903696198032767,-0.025475918709786605,0.03779390895817336,-0.1402576138022833,0.03779390895817336,-0.12066072861142463,0.03779390895817336,-0.1371780895415785,0.03779390895817336
ANVS,2026-07-09 17:06:20-04:00,"8.01,9.01",1.9299999475479126,1914924.4605600834,-0.03626939644829197,0.025906773515252945,-0.0880828817123247,0.025906773515252945,-0.06735751231330078,0.025906773515252945,-0.09844556641183677,0.025906773515252945,-0.13989636697635754,0.025906773515252945
APLD,2026-07-27 17:04:53-04:00,"2.02,9.01",26.809999465942383,565459737.2737885,-0.007086856788279583,0.016411806893788405,-0.13390526759048937,0.016411806893788405,-0.13390526759048937,0.016411806893788405,-0.13390526759048937,0.016411806893788405,-0.13390526759048937,0.016411806893788405
APG,2026-07-02 07:31:45-04:00,"7.01,9.01",41.91999816894531,130644365.75317383,0.021708103574859194,0.024928483523091405,-0.014790051502055368,0.024928483523091405,-0.006917870073880672,0.024928483523091405,-0.012404500614974334,0.024928483523091405,-0.06059153654046978,0.024928483523091405
AOMR,2026-07-21 16:23:56-04:00,7.01,8.979999542236328,850493.5397148132,-0.012249405599619068,0.009020081535972224,-0.023385199908413257,0.009020081535972224,-0.00556784405448818,0.009020081535972224,0.004454445163299292,0.009020081535972224,0.004454445163299292,0.009020081535972224
APOG,2026-07-01 16:59:38-04:00,"2.01,7.01,9.01",43.97999954223633,13386973.929786682,-0.07753524062994377,0.009549840564214485,-0.0952705473015093,0.009549840564214485,-0.12687580887759342,0.009549840564214485,-0.117326055050471,0.009549840564214485,-0.06707596165630725,0.009549840564214485
APLE,2026-07-28 16:15:18-04:00,"1.01,2.03,8.01,9.01",16.739999771118164,42191373.227882385,0.004181582782634807,0.011350091795427009,0.004181582782634807,0.011350091795427009,0.004181582782634807,0.011350091795427009,0.004181582782634807,0.011350091795427009,0.004181582782634807,0.011350091795427009
ARCB,2026-07-24 11:07:30-04:00,"8.01,9.01",154.05999755859375,46736987.65029907,-0.03368818981989363,0.0,-0.02972868949522589,0.0,-0.0815915374829792,0.0,-0.0815915374829792,0.0,-0.0815915374829792,0.0
ARCB,2026-07-16 16:10:12-04:00,"2.05,2.06,8.01,9.01",155.27999877929688,49298477.197265625,0.029173099014094372,0.03503350389085358,0.018804728180707775,0.03548425135337241,0.02640395502155468,0.04224624942145727,-0.006311152339278148,0.04224624942145727,-0.08880727327756399,0.04224624942145727
AMTB,2026-07-28 16:18:06-04:00,5.02,30.260000228881836,11803113.121318817,-0.025776625272495246,0.005948456834576676,-0.025776625272495246,0.005948456834576676,-0.025776625272495246,0.005948456834576676,-0.025776625272495246,0.005948456834576676,-0.025776625272495246,0.005948456834576676
AMTB,2026-07-23 16:01:11-04:00,"2.02,7.01,8.01,9.01",26.600000381469727,9593488.701343536,0.07142855606324972,0.07631574248814776,0.10977443738414738,0.1278195326981575,0.10827064358889582,0.15037593769308777,0.10827064358889582,0.15037593769308777,0.10827064358889582,0.15037593769308777
ARE,2026-07-09 17:10:11-04:00,"1.01,2.03",48.79999923706055,86344280.71174622,-0.018852421789519846,0.00819675270763387,-0.014754045435702912,0.00819675270763387,-0.0020491490918949085,0.013319703607398203,0.029098401759075854,0.0426229890076526,0.043852447194778765,0.04815578535980136
ARCT,2026-07-02 07:05:55-04:00,"1.01,7.01,9.01",7.239999771118164,2690490.067720413,0.015193389087278408,0.05801106209552809,0.049723776919236684,0.05939230922232075,-0.011049713568388575,0.05939230922232075,-0.07320438532131845,0.05939230922232075,-0.175414367551889,0.05939230922232075
AREC,2026-07-24 08:00:47-04:00,"4.01,4.02,9.01",1.75,4611020.080423355,0.005714280264718097,0.017142840794154512,-0.017142840794154623,0.017142840794154512,-0.02285712105887272,0.017142840794154512,-0.02285712105887272,0.017142840794154512,-0.02285712105887272,0.017142840794154512
AREC,2026-07-24 07:45:47-04:00,8.01,1.75,4611020.080423355,0.005714280264718097,0.017142840794154512,-0.017142840794154623,0.017142840794154512,-0.02285712105887272,0.017142840794154512,-0.02285712105887272,0.017142840794154512,-0.02285712105887272,0.017142840794154512
AREC,2026-07-21 09:15:44-04:00,8.01,1.7100000381469727,4643188.072288036,0.035087685053246886,0.06432749231065249,0.035087685053246886,0.06432749231065249,0.029239737544372257,0.06432749231065249,0.0,0.06432749231065249,0.0,0.06432749231065249
ARDX,2026-07-02 17:00:53-04:00,"2.03,9.01",5.199999809265137,26979575.202178955,0.026923143934218574,0.04038462420187083,0.03461544457272181,0.0692307974459867,0.03461544457272181,0.0692307974459867,-0.011538450957754964,0.0692307974459867,-0.021153780906155717,0.0692307974459867
ARES,2026-07-09 15:15:30-04:00,"2.02,7.01",124.08999633789062,266714451.59072876,-0.018373751684934825,0.008058667334287284,-0.0293335441781859,0.008058667334287284,0.005641104023652588,0.030622960463392968,0.01281331303254829,0.030622960463392968,0.019502021675867454,0.030622960463392968
ARQ,2026-07-23 17:09:11-04:00,"5.02,9.01",2.0199999809265137,437581.9858074188,0.0049504903750889895,0.02475245187544539,-0.014851471125267302,0.08910894478060416,-0.03960392300071269,0.08910894478060416,-0.03960392300071269,0.08910894478060416,-0.03960392300071269,0.08910894478060416
ARQ,2026-07-02 16:33:09-04:00,"5.02,9.01",2.2899999618530273,838000.0,-0.030567656947101063,0.05676860987182031,-0.03493446508240117,0.05676860987182031,-0.01746723254120064,0.05676860987182031,-0.030567656947101063,0.05676860987182031,-0.08733626681892137,0.05676860987182031
ARKB,2026-07-07 16:32:13-04:00,1.02,20.469999313354492,41591986.56921387,0.00781630936879063,0.009770433299866932,0.02442599007190993,0.028334144756305246,0.00781630936879063,0.04836344916105073,0.05276013482821518,0.06155350616254385,0.06790431576078482,0.08451399646390412
ARCC,2026-07-28 16:33:42-04:00,"2.02,8.01,9.01",19.100000381469727,90619907.90901184,-0.020418915665333603,0.0015706166857452075,-0.020418915665333603,0.0015706166857452075,-0.020418915665333603,0.0015706166857452075,-0.020418915665333603,0.0015706166857452075,-0.020418915665333603,0.0015706166857452075
ARCC,2026-07-22 17:23:34-04:00,"1.01,2.03,9.01",18.850000381469727,82773659.48677063,-0.012732083090782997,0.0005305161103161815,-0.0037135115866114843,0.0005305161103161815,0.010079603724803876,0.014854046346445937,-0.007427124358824755,0.014854046346445937,-0.007427124358824755,0.014854046346445937
ARRY,2026-07-16 16:46:07-04:00,"1.01,3.02,7.01,9.01",6.150000095367432,36744933.32643509,-0.006504058737032858,0.03008129104240087,-0.03252037121966023,0.03008129104240087,-0.053658523347768994,0.03008129104240087,-0.13495933509517555,0.03008129104240087,-0.21788620029408834,0.03008129104240087
ARHS,2026-07-16 16:25:30-04:00,"5.02,9.01",7.75,7543224.081230164,-0.0077419281005859375,0.025806427001953125,-0.034838707216324316,0.025806427001953125,-0.03999999261671494,0.025806427001953125,0.0206451416015625,0.032258064516129004,-0.0206451416015625,0.05161285400390625
ARHS,2026-07-13 16:48:08-04:00,"5.02,9.01",7.820000171661377,9436467.152380943,0.00127874064260447,0.015984654380569285,0.026854163260868535,0.0524295858791326,-0.016624055190180287,0.058184071212396216,-0.035805652642186936,0.058184071212396216,0.012787711309131922,0.058184071212396216
ARI,2026-07-10 17:54:58-04:00,5.07,10.430000305175781,40407578.10425758,-0.011505261941318734,0.0038350873137729113,0.01725784719413115,0.020134231256231372,-0.32694153638299417,0.031639493197550106,-0.345158223982339,0.031639493197550106,-0.3585810295805443,0.031639493197550106
AROW,2026-07-23 07:29:51-04:00,"2.02,7.01,8.01,9.01",39.15999984741211,3195127.469062805,0.007405539240483705,0.014811078480967188,0.0257915813449614,0.03243106390991479,0.02272725722973301,0.050051049338862175,0.02272725722973301,0.050051049338862175,0.02272725722973301,0.050051049338862175
ARTV,2026-07-22 17:15:36-04:00,8.01,9.710000038146973,4152845.1583862305,0.04325438461832354,0.05252319535306227,0.03295568419846129,0.16374872773855542,0.08444898986640026,0.16374872773855542,0.03192589272902402,0.16374872773855542,0.03192589272902402,0.16374872773855542
ARLP,2026-07-27 08:00:17-04:00,"2.02,9.01",25.389999389648438,4532396.499252319,0.020480522657108757,0.04450575404802648,0.022055982148598607,0.04450575404802648,0.022055982148598607,0.04450575404802648,0.022055982148598607,0.04450575404802648,0.022055982148598607,0.04450575404802648
ARLP,2026-07-08 16:15:02-04:00,"1.01,9.01",24.25,6441243.893432617,0.008247454141833144,0.00989689777806868,0.004948488215810176,0.010309278350515427,0.02845363027041725,0.02969069333420582,0.014020624848985141,0.0338144204051225,0.02144331784592457,0.03628862518625153
ARLP,2026-07-02 08:00:17-04:00,"1.01,2.03,7.01,9.01",23.739999771118164,7000139.842987061,0.0016849585473042161,0.004212316025014706,0.004633555661840649,0.00589719422907331,0.029907371468683275,0.03201348930956782,0.04001688172277129,0.043807958110960055,0.025273815806842626,0.056023586205932396
ARQT,2026-07-16 16:25:02-04:00,"5.02,7.01,9.01",27.489999771118164,42755312.337875366,0.036376864617170046,0.050200112026377974,0.0014551078887010682,0.05420151995357969,0.014914508942370563,0.05420151995357969,-0.005092738843727629,0.05420151995357969,0.01345947043703255,0.05420151995357969
ARMP,2026-07-20 07:13:05-04:00,"7.01,9.01",4.860000133514404,876723.0213403702,0.06172833449713644,0.0802468839035968,0.07818922369637282,0.10082299540264228,-0.04115232111272993,0.13168721170853015,-0.026748994006078552,0.13168721170853015,-0.05967077240455143,0.13168721170853015
ARMP,2026-07-20 07:12:37-04:00,"5.02,9.01",4.860000133514404,876723.0213403702,0.06172833449713644,0.0802468839035968,0.07818922369637282,0.10082299540264228,-0.04115232111272993,0.13168721170853015,-0.026748994006078552,0.13168721170853015,-0.05967077240455143,0.13168721170853015
ARMP,2026-07-13 07:11:25-04:00,"7.01,9.01",4.050000190734863,708308.9895486832,-0.032098792177422064,0.027160407776990025,-0.014814858857385205,0.027160407776990025,0.11358025098352065,0.123456784309256,0.27407397639550224,0.33333329408747847,0.16790118427506506,0.35802462740181684
ASH,2026-07-28 17:12:36-04:00,"1.01,5.02,7.01",73.0,42756955.87425232,-0.0021918309877996256,0.027260244709171655,-0.0021918309877996256,0.027260244709171655,-0.0021918309877996256,0.027260244709171655,-0.0021918309877996256,0.027260244709171655,-0.0021918309877996256,0.027260244709171655
ASH,2026-07-28 17:10:01-04:00,"2.02,7.01,9.01",73.0,42756955.87425232,-0.0021918309877996256,0.027260244709171655,-0.0021918309877996256,0.027260244709171655,-0.0021918309877996256,0.027260244709171655,-0.0021918309877996256,0.027260244709171655,-0.0021918309877996256,0.027260244709171655
ASB,2026-07-23 16:16:35-04:00,"2.02,9.01",30.100000381469727,51646308.84304047,0.02358800915197823,0.0332225909410826,0.017940166157311754,0.039534900962665986,0.020597970897915818,0.039534900962665986,0.020597970897915818,0.039534900962665986,0.020597970897915818,0.039534900962665986
ASBP,2026-07-20 17:20:17-04:00,8.01,6.489999771118164,295665.49389362335,0.16178740027196614,0.16178740027196614,0.19568574769685432,0.25885984043514587,0.11864414251450861,0.25885984043514587,0.1163328414587661,0.25885984043514587,-0.13559316928175247,0.25885984043514587
ASTC,2026-07-22 08:41:03-04:00,"5.02,7.01,9.01",7.400000095367432,504589.99614715576,0.021621600722988132,0.17567563474918524,-0.02702706534118826,0.17567563474918524,-0.13378381556712204,0.17567563474918524,-0.16081081647085738,0.17567563474918524,-0.16081081647085738,0.17567563474918524
ASIC,2026-07-10 08:06:20-04:00,"2.02,5.02,9.01",24.56999969482422,1774863.014793396,0.021978059513004355,0.027676040440449245,-0.004883961472333387,0.027676040440449245,-0.05779406161706524,0.027676040440449245,-0.0305250309041718,0.027676040440449245,0.018315049594170185,0.027676040440449245
ASPI,2026-07-28 08:16:27-04:00,"7.01,9.01",3.799999952316284,15169121.732616425,-0.06842105098048068,0.021052674507501035,-0.06842105098048068,0.021052674507501035,-0.06842105098048068,0.021052674507501035,-0.06842105098048068,0.021052674507501035,-0.06842105098048068,0.021052674507501035
ASPI,2026-07-21 08:05:13-04:00,"7.01,9.01",4.235000133514404,15662928.218650818,-0.03659981226015285,0.017237296793909174,-0.046044903309024554,0.017237296793909174,-0.043683574249623325,0.017237296793909174,-0.16410865401428754,0.017237296793909174,-0.16410865401428754,0.017237296793909174
ASPI,2026-07-16 16:15:46-04:00,"8.01,9.01",3.880000114440918,17805402.740359306,-0.0012886892508864323,0.0275772863296444,0.0025773170536871337,0.0275772863296444,0.051546341073743784,0.13402060968790508,-0.0025773785017727535,0.13402060968790508,-0.08762890272153567,0.13402060968790508
ASPI,2026-07-15 21:58:49-04:00,"1.01,3.02,7.01,9.01",4.329999923706055,17805402.740359306,-0.08891454901775953,0.006928455043175186,-0.10508081564043525,0.006928455043175186,-0.016166211560647348,0.016166321684704332,-0.06697458821311386,0.016166321684704332,-0.1824480313562835,0.016166321684704332
ATH-PA,2026-07-01 16:32:43-04:00,"2.02,7.01",24.229999542236328,1028826.9553985596,-0.0028889680621825287,0.004952572905509989,0.005778014842841017,0.0070160990303616,-0.011555872248730226,0.009492346123878725,-0.007428819999027003,0.009492346123878725,-0.008254183217882183,0.009492346123878725
ATII,2026-07-14 16:41:56-04:00,"3.02,8.01,9.01",10.800000190734863,964440.0170326233,-0.004629647208502563,0.0,-0.005555594310838297,0.0,-0.008333347314669504,0.0,-0.01111110031850071,0.0,-0.0138889416255078,0.0
ATLO,2026-07-17 16:11:26-04:00,"2.02,9.01",29.030000686645508,1121409.0059280396,0.017912453948175422,0.027557671999248967,0.019979328625123527,0.027557671999248967,0.026179821250622792,0.027557671999248967,0.04133650799887323,0.049259330485823316,0.05339301413704689,0.06544952027522055
ARR,2026-07-24 16:14:17-04:00,"1.01,5.03,8.01,9.01",16.360000610351562,78949528.89823914,-0.009168797083295654,0.00488997070424535,0.003056187970366553,0.00488997070424535,0.0,0.01466991211273605,0.0,0.01466991211273605,0.0,0.01466991211273605
ARR,2026-07-22 16:24:07-04:00,"7.01,9.01",16.25,69464041.19815826,-0.007384667029747605,0.006153869628906294,0.0012307974008414213,0.011692340557391878,0.009846144456129746,0.011692340557391878,0.006769268329327005,0.021538485013521624,0.006769268329327005,0.021538485013521624
ARR,2026-07-22 16:19:31-04:00,"2.02,7.01,9.01",16.25,69464041.19815826,-0.007384667029747605,0.006153869628906294,0.0012307974008414213,0.011692340557391878,0.009846144456129746,0.011692340557391878,0.006769268329327005,0.021538485013521624,0.006769268329327005,0.021538485013521624
ARR,2026-07-21 16:24:07-04:00,"8.01,9.01",16.510000228881836,78949528.89823914,-0.007874080333918898,0.002422713968758039,-0.023016418100980873,0.002422713968758039,-0.018170874636595835,0.002422713968758039,-0.009085379554863438,0.005451250838291788,-0.009085379554863438,0.005451250838291788
ARR,2026-07-21 16:22:31-04:00,"7.01,9.01",16.510000228881836,78949528.89823914,-0.007874080333918898,0.002422713968758039,-0.023016418100980873,0.002422713968758039,-0.018170874636595835,0.002422713968758039,-0.009085379554863438,0.005451250838291788,-0.009085379554863438,0.005451250838291788
ARR,2026-07-01 16:18:46-04:00,"8.01,9.01",17.389999389648438,54964951.150512695,-0.014951135020545459,0.004025284489997505,-0.012075853469992626,0.004025284489997505,-0.028752157420869673,0.004025284489997505,-0.01955147582065353,0.004025284489997505,-0.044853295380859914,0.012075963150768976
AVA,2026-07-02 16:32:27-04:00,5.02,41.41999816894531,26403702.59628296,-0.018348584141247293,0.004345734262024559,-0.004345642164066299,0.014968681168288311,-0.006518509295078578,0.014968681168288311,0.01593442035939563,0.020762932119015698,0.006760082239792853,0.040560125046923856
AURA,2026-07-08 07:17:42-04:00,"5.02,9.01",7.25,5268235.137224197,-0.03448275862068961,0.011999985267376001,-0.0565517030913254,0.011999985267376001,-0.03448275862068961,0.011999985267376001,-0.04965519082957304,0.011999985267376001,-0.006896578032394962,0.011999985267376001
AVBH,2026-07-23 16:01:27-04:00,"2.02,7.01,9.01",31.489999771118164,3962643.49861145,0.011749788565345032,0.028898118811527373,0.021276598322126805,0.04636395688895378,0.038742436399553215,0.052397574802258706,0.038742436399553215,0.052397574802258706,0.038742436399553215,0.052397574802258706
ASTH,2026-07-13 08:05:26-04:00,"7.01,9.01",48.7400016784668,29192109.86995697,0.0053343929540337065,0.02544107142116414,-0.03487896398022716,0.02544107142116414,-0.07796477063800844,0.02544107142116414,-0.06729590646368888,0.02544107142116414,-0.22096840555756136,0.02544107142116414
ASTH,2026-07-01 16:15:45-04:00,5.02,49.41999816894531,36209876.78165436,-0.005058680883503031,0.04411170347929416,-0.050789122107059104,0.04411170347929416,-0.06353701954650337,0.04411170347929416,-0.0513961391124893,0.04411170347929416,-0.09065155216965348,0.04411170347929416
AVO,2026-07-09 17:54:02-04:00,8.01,13.479999542236328,20882992.801475525,-0.011127568518106035,0.02373892131790445,-0.015578567626406414,0.02373892131790445,-0.017062281160743376,0.02373892131790445,0.008160282944142727,0.03597927498676312,-0.07863497788862162,0.03597927498676312
AVGO,2026-07-06 08:00:19-04:00,8.01,366.55999755859375,9997770305.72815,0.01151244338937607,0.017459608083561617,0.06037212197240671,0.07783173005596833,0.09114470723655232,0.11174157498877313,0.06151786322337083,0.11174157498877313,0.054397649973300544,0.11174157498877313
AVTR,2026-07-17 16:44:13-04:00,"1.01,2.03,9.01",10.979999542236328,86873211.61379814,-0.02914387141759789,0.012750487172993097,0.000910767695696979,0.012750487172993097,0.03369770989608245,0.07012754916807973,0.07103831686377671,0.0856102525725757,0.3096539812343291,0.33151188479752736
AVNS,2026-07-22 16:06:52-04:00,"5.07,7.01,9.01",24.989999771118164,10894573.366627693,-0.0004001692266277779,0.0004001692266277779,0.0,0.0004001692266277779,0.0,0.0004001692266277779,0.0,0.0004001692266277779,0.0,0.0004001692266277779
AVNS,2026-07-14 19:18:06-04:00,"8.01,9.01",24.959999084472656,10894573.366627693,0.00040065021028223846,0.0008013004205642549,0.0,0.0012019506308464933,0.0008013004205642549,0.0016026008411285098,0.0012019506308464933,0.0016026008411285098,0.0012019506308464933,0.0016026008411285098
AVNS,2026-07-02 10:10:31-04:00,"7.01,9.01",24.93000030517578,15748655.142784119,-0.00040113232087524153,0.0008022646417504831,-0.00040113232087524153,0.0008022646417504831,0.00040113232087524153,0.0008022646417504831,0.0,0.0012033204544585896,0.0020055850962090727,0.0028078497379595557
ATRC,2026-07-23 16:00:24-04:00,"2.02,9.01",33.689998626708984,24792460.77823639,0.04007130732703845,0.04897600454547968,0.10923123939394652,0.11130899830393726,0.2137132993894333,0.2255863045002673,0.2137132993894333,0.2255863045002673,0.2137132993894333,0.2255863045002673
AVXL,2026-07-20 08:59:34-04:00,8.01,2.390000104904175,2124157.548069954,0.0690376379124229,0.08368192488977133,0.06694553991181706,0.0878660211342599,0.0041840962444885665,0.0878660211342599,0.0753137324007942,0.0878660211342599,0.041840962444885665,0.0878660211342599
AWI,2026-07-28 06:00:37-04:00,"2.02,7.01,9.01",175.30999755859375,85503781.03103638,-0.004734480877379932,0.020535087294792698,-0.004734480877379932,0.020535087294792698,-0.004734480877379932,0.020535087294792698,-0.004734480877379932,0.020535087294792698,-0.004734480877379932,0.020535087294792698
AWI,2026-07-21 16:30:14-04:00,"8.01,9.01",155.41000366210938,75978092.10205078,0.012032656026784716,0.01608648054236883,0.01698731952537824,0.021620233776307174,0.06312333393880176,0.07470561956612443,0.12270762252146539,0.21349972262995887,0.12270762252146539,0.21349972262995887
AUB,2026-07-27 18:19:42-04:00,"1.01,9.01",42.2599983215332,54703999.70970154,0.019403775250593336,0.021296771453498176,0.008518708581399137,0.021296771453498176,0.008518708581399137,0.021296771453498176,0.008518708581399137,0.021296771453498176,0.008518708581399137,0.021296771453498176
AUB,2026-07-27 08:50:39-04:00,"8.01,9.01",42.2599983215332,54703999.70970154,0.019403775250593336,0.021296771453498176,0.008518708581399137,0.021296771453498176,0.008518708581399137,0.021296771453498176,0.008518708581399137,0.021296771453498176,0.008518708581399137,0.021296771453498176
AUB,2026-07-23 16:03:42-04:00,"8.01,9.01",42.43000030517578,54703999.70970154,-0.004713663952414682,0.005420682078295158,-0.006127790109837772,0.007306183621526019,0.004477931306679839,0.017204797006501016,0.004477931306679839,0.017204797006501016,0.004477931306679839,0.017204797006501016
AUB,2026-07-22 07:30:45-04:00,"7.01,9.01",41.81999969482422,50642277.86369324,0.008130085008823507,0.010760420043598007,0.009803917991487943,0.02008608700903114,0.030129176122074774,0.03204208900923855,0.019129584956920853,0.03204208900923855,0.019129584956920853,0.03204208900923855
AUB,2026-07-21 06:59:37-04:00,"2.02,7.01,9.01",42.779998779296875,50402860.847091675,-0.010285148182891501,0.0007013229277756938,-0.014492729069099708,0.0007013229277756938,-0.014259014206582155,0.0007013229277756938,-0.003740061991061583,0.008882680667563037,-0.003740061991061583,0.008882680667563037
AX,2026-07-07 08:32:17-04:00,"8.01,9.01",99.29000091552734,45386209.91477966,-0.03726462426749866,0.0,-0.023365894585880786,0.0,-0.02145228355099016,0.0,-0.011380775939153542,0.00513649039709807,-0.021955889667384043,0.029106650851047355
AVT,2026-07-02 21:07:51-04:00,"1.01,2.03,9.01",83.36000061035156,115312313.3857727,-0.01079656333120449,0.01343573342588189,-0.022552749995835675,0.01343573342588189,0.035028768564844714,0.06609887351111943,0.021473139424438292,0.06609887351111943,0.019913579901158274,0.06609887351111943
AWK,2026-07-16 16:54:53-04:00,"7.01,9.01",136.30999755859375,218805337.58850098,-0.0088034404646391,0.01063749522568136,-0.019514369523526365,0.01063749522568136,-0.018193791885830146,0.01063749522568136,-0.012104716646151426,0.01063749522568136,0.013058460943275563,0.030298620473800497
AWK,2026-07-06 16:21:42-04:00,"8.01,9.01",134.67999267578125,315704632.485199,0.0010396098607947657,0.02776957006648706,-0.020789931283329066,0.02776957006648706,-0.029625708727058053,0.02776957006648706,-0.02309166558279563,0.02776957006648706,-0.023388729342059267,0.02776957006648706
AWK,2026-07-01 16:23:34-04:00,"8.01,9.01",133.02999877929688,298303971.75064087,0.02879051241223296,0.029316649870490208,0.00045100773618211853,0.029316649870490208,-0.008644620815131066,0.040517172360428955,-0.017589989922294103,0.040517172360428955,0.01563558483154992,0.040517172360428955
AXS,2026-07-28 16:24:52-04:00,"2.02,9.01",97.94000244140625,59163805.85517883,0.08188683319529688,0.12221769371370317,0.08188683319529688,0.12221769371370317,0.08188683319529688,0.12221769371370317,0.08188683319529688,0.12221769371370317,0.08188683319529688,0.12221769371370317
AXON,2026-07-10 16:19:52-04:00,5.02,563.0,719986360.8856201,-0.028365844943383678,0.026642984014209503,-0.027957353879884517,0.026642984014209503,-0.03774422735346361,0.026642984014209503,-0.06309062083703376,0.026642984014209503,-0.06664301870559508,0.026642984014209503
AXSM,2026-07-15 07:05:15-04:00,"8.01,9.01",235.9199981689453,195851977.4734497,0.004747351330451677,0.02093931196908816,-0.02509324438323335,0.02093931196908816,0.004365881600928434,0.02093931196908816,0.023779249974112737,0.03679216684443354,-0.03602916270757617,0.04058577917326622
AXTA,2026-07-28 06:02:20-04:00,"2.02,9.01",35.349998474121094,48908578.886413574,-0.014709948105007253,0.005091946617976628,-0.014709948105007253,0.005091946617976628,-0.014709948105007253,0.005091946617976628,-0.014709948105007253,0.005091946617976628,-0.014709948105007253,0.005091946617976628
AXTA,2026-07-23 09:04:24-04:00,"1.01,8.01,9.01",32.130001068115234,46105685.41164398,0.01960775700201145,0.037970661856483456,0.05010894979238811,0.06847185464686034,0.08403363439719413,0.11982565658678745,0.08403363439719413,0.11982565658678745,0.08403363439719413,0.11982565658678745
AXTI,2026-07-22 17:05:46-04:00,"5.02,9.01",51.400001525878906,427902391.1026001,0.02976651233223304,0.12101161909254432,-0.08112844085312065,0.12101161909254432,-0.16809344256528147,0.12101161909254432,-0.2807392972140391,0.12101161909254432,-0.2807392972140391,0.12101161909254432
AXTI,2026-07-08 09:29:29-04:00,2.04,64.81999969482422,532409891.42074585,-0.035020062765364846,0.032860186106851375,-0.11740204637734997,0.032860186106851375,-0.11184819552812963,0.032860186106851375,-0.2969762432988269,0.032860186106851375,-0.18343103125003313,0.032860186106851375
AXTI,2026-07-02 17:02:47-04:00,"1.01,9.01",61.400001525878906,639288397.3999023,0.034527669042340836,0.11368070934977315,-0.05293159477577847,0.11368070934977315,0.018729603951181284,0.11368070934977315,-0.17817593109985919,0.11368070934977315,-0.20472311697787515,0.11368070934977315
BANF,2026-07-23 16:38:54-04:00,"2.02,9.01",116.2300033569336,14045301.848602295,0.0030112575411898046,0.016863107871154748,-0.0023230169892688446,0.024434279066216646,-0.023746038514295797,0.024434279066216646,-0.023746038514295797,0.024434279066216646,-0.023746038514295797,0.024434279066216646
AZIO,2026-07-10 08:15:09-04:00,"5.03,7.01,8.01,9.01",1.8200000524520874,652778.0061483383,0.03296700057711699,0.03846150067330312,0.05494500096186172,0.05494500096186172,0.005494500096186128,0.13186806780807592,-0.010989065691980104,0.13186806780807592,-0.07142856675002807,0.13186806780807592
AZIO,2026-07-07 08:04:10-04:00,"8.01,9.01",1.9199999570846558,353914.4888699055,-0.031249970896168877,0.0,-0.046874956344253316,0.0,-0.02083331393077925,0.0572916753978161,0.026041704501647,0.07291666084590043,-0.1041666317420693,0.07291666084590043
AZIO,2026-07-06 08:00:13-04:00,"1.01,2.01,3.02,3.03,5.02,5.03,9.01",1.9700000286102295,353914.4888699055,-0.030456883815965563,0.0,-0.055837569902329465,0.0,-0.015228411651818319,0.030456823303636638,-0.025380746598692716,0.030456823303636638,-0.09644672815284061,0.04568523495545507
BAER,2026-07-27 09:20:04-04:00,"7.01,9.01",1.8600000143051147,397302.49994397163,0.0430107754301452,0.05107528380623205,0.016129016752173708,0.06451613109971022,0.016129016752173708,0.06451613109971022,0.016129016752173708,0.06451613109971022,0.016129016752173708,0.06451613109971022
AZTA,2026-07-08 08:03:36-04:00,"1.01,2.01,7.01,9.01",24.520000457763672,13832361.743068695,0.03670471458924096,0.04282215405620393,0.03425775435994849,0.055872712329048335,0.037520393928159645,0.07707990841615242,0.09216966503629331,0.10032622506308941,0.15415981683230462,0.15579117551014177
BANR,2026-07-22 16:41:25-04:00,"2.02,7.01,8.01,9.01",66.79000091552734,28631007.033920288,0.030842903583713666,0.03488548883240106,0.052403053631135954,0.05464892163267443,0.05629588388516327,0.06917207191575248,0.047462166873669664,0.06917207191575248,0.047462166873669664,0.06917207191575248
BARK,2026-07-28 16:47:29-04:00,"5.02,9.01",8.819999694824219,290164.4998550415,0.004535143224154492,0.01882090384973023,0.004535143224154492,0.01882090384973023,0.004535143224154492,0.01882090384973023,0.004535143224154492,0.01882090384973023,0.004535143224154492,0.01882090384973023
BCBP,2026-07-22 09:30:40-04:00,"8.01,9.01",10.199999809265137,1555938.9714241028,-0.016666674458123643,0.002941150346291277,-0.005882300692582665,0.012745109497240614,0.05098043798896268,0.052941173720662205,0.012745109497240614,0.052941173720662205,0.012745109497240614,0.052941173720662205
BCBP,2026-07-08 15:22:14-04:00,"8.01,9.01",9.779999732971191,1731923.0472564697,0.030674866965842096,0.03169738528433674,0.058282276488914375,0.060327215613189766,0.05930469729469512,0.07464217953397312,0.08588958849927253,0.0940695400218019,0.025562372886082763,0.0940695400218019
AZZ,2026-07-08 16:16:42-04:00,"2.02,9.01",148.0,48329438.62533569,-0.04797301421294342,0.013513513513513598,-0.010472993592958169,0.013513513513513598,0.013445983061919353,0.01777030326224671,0.021216212092219244,0.02763511039115296,0.032702677958720505,0.03594599543391053
AZZ,2026-07-07 12:52:15-04:00,"5.07,9.01",143.16000366210938,44373608.63113403,0.0030735011885356656,0.020815839978409967,-0.01578660036192192,0.047778682333891265,0.02326069953807952,0.047778682333891265,0.05099191719069451,0.0570689994408522,0.053296936496536995,0.06237770639387574
BBBY,2026-07-27 17:27:25-04:00,9.01,5.300000190734863,8543472.332882881,-0.003773581171086837,0.018867905855434186,-0.0509433907943081,0.018867905855434186,-0.0509433907943081,0.018867905855434186,-0.0509433907943081,0.018867905855434186,-0.0509433907943081,0.018867905855434186
BBBY,2026-07-27 17:25:25-04:00,"1.01,3.02,9.01",5.300000190734863,8543472.332882881,-0.003773581171086837,0.018867905855434186,-0.0509433907943081,0.018867905855434186,-0.0509433907943081,0.018867905855434186,-0.0509433907943081,0.018867905855434186,-0.0509433907943081,0.018867905855434186
BBBY,2026-07-09 16:06:14-04:00,"1.01,2.01,2.03,3.02,9.01",5.5,16273915.94657898,-0.047272768887606564,0.012727303938432133,-0.08727273074063391,0.012727303938432133,-0.027272744612260258,0.012727303938432133,-0.08545450730757276,0.012727303938432133,-0.098181811246005,0.012727303938432133
BBT,2026-07-10 12:16:44-04:00,8.01,30.100000381469727,20347053.034210205,0.0029900382540624104,0.014950127903249122,-0.00033223351345845753,0.014950127903249122,0.035215928654769746,0.04219270570327027,0.012956790189561973,0.04219270570327027,-0.015282424783770954,0.04219270570327027
BCAX,2026-07-28 08:35:19-04:00,"5.02,7.01,9.01",26.8799991607666,11533067.908382416,-0.03683034977780597,0.005952446419502655,-0.03683034977780597,0.005952446419502655,-0.03683034977780597,0.005952446419502655,-0.03683034977780597,0.005952446419502655,-0.03683034977780597,0.005952446419502655
BBWI,2026-07-20 06:45:42-04:00,"7.01,9.01",20.09000015258789,93018977.83555984,0.008959696555930208,0.012941773365210407,-0.0014933144060550463,0.012941773365210407,-0.009457468024615334,0.012941773365210407,0.02040815551508568,0.04778492171136173,-0.01941261257771565,0.04778492171136173
BBIO,2026-07-22 16:34:14-04:00,"8.01,9.01",82.4000015258789,195969741.06445312,0.006432023901485229,0.013713558646756496,0.019660134553258768,0.035194192623505316,0.03822817314984639,0.047572792431492594,0.013834943792936816,0.047572792431492594,0.013834943792936816,0.047572792431492594
BBIO,2026-07-02 16:23:41-04:00,"1.01,3.02,3.03,5.03,7.01,9.01",77.4800033569336,235033445.97244263,0.0034847267858597597,0.022844560743143116,0.005549823006522958,0.022844560743143116,0.1637841283195569,0.2056659378960617,0.07227669374668344,0.2056659378960617,0.04233348783152002,0.2056659378960617
BCO,2026-07-24 17:13:19-04:00,7.01,119.93000030517578,69555625.75263977,-0.01650965856662423,0.025681662830128182,-0.014174909896742638,0.025681662830128182,0.01484198094528022,0.031685175036173296,0.01484198094528022,0.031685175036173296,0.01484198094528022,0.031685175036173296
BESS,2026-07-02 16:30:31-04:00,"4.01,9.01",4.550000190734863,719983.0303668976,0.12087905293227585,0.13846145300974366,0.006593347629364921,0.13846145300974366,-0.08571435757671153,0.13846145300974366,-0.1560440102862679,0.13846145300974366,-0.30769231575379774,0.13846145300974366
BCPC,2026-07-24 21:52:36-04:00,"1.01,2.03,9.01",163.66000366210938,27784748.792266846,0.006904494676392758,0.010815037113931503,0.01301472306221485,0.03611147213653432,0.0003055300662282434,0.03611147213653432,0.0003055300662282434,0.03611147213653432,0.0003055300662282434,0.03611147213653432
BCSF,2026-07-23 16:05:14-04:00,"2.02,9.01",12.470000267028809,3891834.4445228577,-0.00882121956664339,0.009623086045664753,0.008019200132642457,0.01363272435073104,0.015236533786263662,0.03287889644206077,0.015236533786263662,0.03287889644206077,0.015236533786263662,0.03287889644206077
BCAL,2026-07-27 08:10:37-04:00,"2.02,7.01,8.01,9.01",21.15999984741211,5673002.052688599,0.017013261481454656,0.02788280514378405,0.0165406608692642,0.031190919289766805,0.0165406608692642,0.031190919289766805,0.0165406608692642,0.031190919289766805,0.0165406608692642,0.031190919289766805
BCML,2026-07-24 16:02:49-04:00,5.02,31.770000457763672,1348016.4972305298,-0.037771506000913724,0.0,-0.03210577409716131,0.0,-0.03210577409716131,0.0,-0.03210577409716131,0.0,-0.03210577409716131,0.0
BCML,2026-07-23 16:05:54-04:00,"2.02,9.01",32.599998474121094,1348016.4972305298,-0.027607293046227777,0.0,-0.06226990412003708,0.0,-0.05674842210773967,0.0,-0.05674842210773967,0.0,-0.05674842210773967,0.0
BCML,2026-07-22 16:17:30-04:00,"5.02,9.01",32.900001525878906,1348016.4972305298,0.006990867220945551,0.011550067957263321,-0.03647418563174054,0.011550067957263321,-0.06534958742137842,0.011550067957263321,-0.06534958742137842,0.011550067957263321,-0.06534958742137842,0.011550067957263321
BDN,2026-07-23 15:44:59-04:00,"2.02,9.01",3.0799999237060547,5014683.367073536,0.029220829486124256,0.05194808110195215,-0.0032467502308325402,0.05194808110195215,-0.0487012534624881,0.05194808110195215,-0.0487012534624881,0.05194808110195215,-0.0487012534624881,0.05194808110195215
BDN,2026-07-10 15:17:59-04:00,"2.01,9.01",3.059999942779541,6117653.984797001,0.029411815121192175,0.045751669124871386,0.01633985400367921,0.045751669124871386,0.042483698324135455,0.055555581527078735,0.00980391240220757,0.07189543553075795,0.003267970800735931,0.07189543553075795
BFC,2026-07-22 12:54:07-04:00,"2.02,9.01",145.69000244140625,13911614.671325684,0.011668590292775116,0.01928751123278949,0.03493716969314842,0.0405656089166877,0.03809460470007142,0.05058682815350757,0.041801058657679135,0.05065553407331835,0.041801058657679135,0.05065553407331835
BFC,2026-07-21 16:05:55-04:00,"2.02,9.01",146.25999450683594,13911614.671325684,0.000752089528804234,0.003965553485834272,0.007726001129855664,0.015315230256345735,0.016477531468775952,0.046492570129557764,0.0377410397906377,0.04656100829447607,0.0377410397906377,0.04656100829447607
BEN,2026-07-23 08:48:00-04:00,"5.02,9.01",32.470001220703125,144930373.8477707,0.0006159672624501678,0.010779133383522321,0.02309824366504154,0.036649170987718804,-0.002463869049800893,0.036649170987718804,-0.002463869049800893,0.036649170987718804,-0.002463869049800893,0.036649170987718804
BFST,2026-07-23 16:01:59-04:00,"2.02,7.01,9.01",30.610000610351562,6013193.510341644,0.0179679590360593,0.02727863664890884,0.028095350730313218,0.029728841204412326,0.04573661167155274,0.05619082608320691,0.04573661167155274,0.05619082608320691,0.04573661167155274,0.05619082608320691
BHB,2026-07-27 17:05:31-04:00,"7.01,9.01",39.599998474121094,3580723.0083465576,0.009090924854121551,0.025505105433034636,0.0027777932977308684,0.025505105433034636,0.0027777932977308684,0.025505105433034636,0.0027777932977308684,0.025505105433034636,0.0027777932977308684,0.025505105433034636
BHB,2026-07-21 16:17:28-04:00,"2.02,7.01,9.01",38.869998931884766,3328355.0701141357,-0.016207802179824315,0.0,-0.01672234960234209,0.0,0.011577071656935889,0.018523314651097467,0.021610501046318342,0.04476464436019034,0.021610501046318342,0.04476464436019034
BFH,2026-07-23 06:56:48-04:00,"7.01,9.01",101.31999969482422,58414901.24359131,0.02951044090777155,0.030990913927221753,0.04727596654120436,0.07649032790508281,0.055961292795335016,0.08705092500384981,0.055961292795335016,0.08705092500384981,0.055961292795335016,0.08705092500384981
BFH,2026-07-23 06:51:32-04:00,"2.02,7.01,8.01,9.01",101.31999969482422,58414901.24359131,0.02951044090777155,0.030990913927221753,0.04727596654120436,0.07649032790508281,0.055961292795335016,0.08705092500384981,0.055961292795335016,0.08705092500384981,0.055961292795335016,0.08705092500384981
BFH,2026-07-14 07:31:56-04:00,"5.02,7.01,9.01",98.86000061035156,63550137.24632263,0.0032368975606773542,0.011733724717308824,-0.007283038804955622,0.011733724717308824,0.006271522787317352,0.023669798942380416,0.030447118325379607,0.03823587655229166,0.08223747929621883,0.11410073548103705
BE,2026-07-28 12:07:21-04:00,"2.02,7.01,9.01",183.5,3169327968.714142,-0.10762942779291551,0.011771137123211872,-0.10762942779291551,0.011771137123211872,-0.10762942779291551,0.011771137123211872,-0.10762942779291551,0.011771137123211872,-0.10762942779291551,0.011771137123211872
BE,2026-07-09 08:17:17-04:00,7.01,251.2050018310547,4323011594.116211,-0.02625346299887188,0.0,-0.07052007805881455,0.0,-0.04707309512967006,0.0031647386124897814,-0.1442845279870808,0.0031647386124897814,-0.26398758765960284,0.0031647386124897814
BGDE,2026-07-20 08:35:36-04:00,"1.01,2.01,7.01,9.01",6.0,602340.491271019,-0.006666660308837891,0.05833331743876147,0.009999990463256836,0.10833334922790527,-0.10166668891906738,0.10833334922790527,-0.16333333651224768,0.10833334922790527,-0.2133333683013916,0.10833334922790527
BGDE,2026-07-06 08:41:41-04:00,"1.01,3.02,5.03,7.01,9.01",8.0600004196167,1251069.9912548065,-0.08436727912827069,0.007444102086688886,-0.11166259619715879,0.007444102086688886,-0.07816384100238505,0.04342424436400405,-0.1687345582565415,0.04342424436400405,-0.2605459394715012,0.04342424436400405
BHRB,2026-07-23 16:05:56-04:00,"2.02,7.01,8.01,9.01",70.51000213623047,8169395.698928833,-0.0005673083862635098,0.005389267364987349,0.028222915947792915,0.030917603731791976,0.044248972098446915,0.054034852406223965,0.044248972098446915,0.054034852406223965,0.044248972098446915,0.054034852406223965
BHRB,2026-07-17 09:00:14-04:00,9.01,71.61000061035156,9203309.202957153,-0.009495884644322716,0.001955025673162858,-0.004887564182906923,0.001955025673162858,-0.011730260579885132,0.001955025673162858,0.012428423154066781,0.015081717942319939,0.028208303670568702,0.037843863446091364
BHRB,2026-07-07 08:31:10-04:00,"5.02,9.01",69.66999816894531,14648882.390975952,-0.011482638774057974,0.0034448901890604677,0.0064590869737859435,0.02913734509328192,0.009903867655242982,0.02913734509328192,0.015645241796073517,0.02913734509328192,0.019233586945642367,0.05368172228302326
BHC,2026-07-01 16:23:22-04:00,"5.02,7.01,9.01",4.849999904632568,15629816.462492943,0.010309317880007551,0.018556732857236913,-0.00824741497722925,0.018556732857236913,0.012371122465844042,0.03298975822585892,-0.014432927051680422,0.03298975822585892,-0.004123707488614681,0.03298975822585892
BHVN,2026-07-09 17:11:27-04:00,"5.02,9.01",16.350000381469727,54319495.233774185,-0.04892967413270177,0.004281326800674057,-0.07217127080395269,0.004281326800674057,-0.09113154067452944,0.004281326800674057,-0.05565754005227885,0.004281326800674057,-0.1241590605065801,0.004281326800674057
BKD,2026-07-09 16:18:59-04:00,"2.02,7.01,9.01",14.420000076293945,68540457.6133728,-0.0006934971448631089,0.005547844887849429,-0.0013869942897262177,0.0485436758364457,-0.006934839177575647,0.0485436758364457,0.040915405649534886,0.0943134292289669,0.050624101135507305,0.0943134292289669
BHR,2026-07-24 17:01:58-04:00,"7.01,9.01",2.259999990463257,781342.0100450516,0.008849549119871458,0.017699098239742916,0.030973421919550104,0.04867252015929324,0.05309740021417575,0.07522127301385462,0.05309740021417575,0.07522127301385462,0.05309740021417575,0.07522127301385462
BHR,2026-07-16 20:00:11-04:00,"1.01,2.01,9.01",2.0199999809265137,1104164.9591207504,-0.009900980750178201,0.019801961500356402,0.044554413375801794,0.044554413375801794,0.06930698328024776,0.07920796403042596,0.10396041590587135,0.14356433890658415,0.17821788956120832,0.2029703414366537
BJDX,2026-07-22 17:25:23-04:00,"7.01,9.01",1.149999976158142,1767671.0520267487,-0.008695644061371466,0.01739128812274293,-0.10434783239671108,0.01739128812274293,-0.13043476458082537,0.01739128812274293,-0.23565215101764825,0.01739128812274293,-0.23565215101764825,0.01739128812274293
BKU,2026-07-22 06:48:16-04:00,"2.02,9.01",44.63999938964844,40628222.94616699,0.05241935897361394,0.052643421168220295,0.04099466523467399,0.055779608255196456,0.04995518756107864,0.05689966286416093,0.03136204177913937,0.05689966286416093,0.03136204177913937,0.05689966286416093
BKKT,2026-07-16 17:26:38-04:00,9.01,7.559999942779541,7316231.84876442,-0.041005283746809784,0.025132282891341173,0.038359783604231756,0.055555566067838624,0.05423278445970037,0.1216930696322911,-0.01587300085546861,0.1216930696322911,-0.09391534967207038,0.1216930696322911
BLZE,2026-07-02 16:03:15-04:00,"1.01,9.01",15.375,82306558.46815109,-0.004878036374968198,0.060812973394626546,0.03024391236344015,0.07967482155900663,0.15967479178575972,0.1668293030281378,0.05300816481675552,0.18692686499618905,-0.1440650505748221,0.18692686499618905
BMBL,2026-07-02 16:05:14-04:00,5.02,3.2899999618530273,11128879.810476303,-0.036474129772176234,0.0,-0.05167175631157028,0.0,-0.06686931038331045,0.0,-0.05471126712591834,0.0,-0.10942246178418258,0.0
BLFS,2026-07-22 17:17:19-04:00,"1.01,7.01,9.01",31.15999984741211,17877019.703674316,-0.012516026686721138,0.0343388863948626,-0.03786907288042818,0.0343388863948626,0.02631577980871902,0.06354298947150894,0.010911429854070676,0.06354298947150894,0.010911429854070676,0.06354298947150894
BMRC,2026-07-27 08:33:53-04:00,"2.02,7.01,8.01,9.01",30.049999237060547,4020147.45426178,-0.03161393942463697,0.0009983589819366756,-0.05457568822916414,0.0009983589819366756,-0.05457568822916414,0.0009983589819366756,-0.05457568822916414,0.0009983589819366756,-0.05457568822916414,0.0009983589819366756
BMRC,2026-07-02 15:07:01-04:00,"8.01,9.01",28.360000610351562,5241650.18081665,0.004936508696594899,0.009873017393189798,0.0017630196045304025,0.010225634765073321,0.0038786565809445506,0.010225634765073321,-0.002115704231300808,0.01375174122902112,0.008109997788659395,0.04125529094195035
BMI,2026-07-22 08:32:50-04:00,"2.02,9.01",124.3499984741211,69179551.5586853,-0.009248102452677043,0.013751500647010806,0.015842390389036565,0.02830723213232278,0.0822678205264522,0.08500200904324084,0.07390426155834873,0.08500200904324084,0.07390426155834873,0.08500200904324084
BNL,2026-07-08 06:38:29-04:00,"7.01,9.01",22.0,49847855.98049164,-0.017727244984019896,0.0018182234330610392,-0.007727276195179322,0.0018182234330610392,-0.005909052762118283,0.006590929898348641,0.03590913252397021,0.03659092296253541,0.016363664106889164,0.050000017339532965
BNL,2026-07-02 16:25:20-04:00,"7.01,9.01",21.219999313354492,47064444.34051514,-0.0061262565962850735,0.004005701911959703,0.008482578275226471,0.018614536783471358,0.018378949557817714,0.038642866574307266,0.033930313100905884,0.04359100727336229,0.07068803244757871,0.08859571766960816
BOH,2026-07-27 09:00:32-04:00,"2.02,9.01",80.56999969482422,44976180.8052063,-0.0062057838139985,0.0,-0.011790951369498592,0.0,-0.011790951369498592,0.0,-0.011790951369498592,0.0,-0.011790951369498592,0.0
BNED,2026-07-09 16:12:53-04:00,"2.02,9.01",11.510000228881836,5696803.55796814,0.12163332673246008,0.13727192808748945,0.08861854768081501,0.13987833402794414,0.10425714903584438,0.13987833402794414,0.09470027201674358,0.13987833402794414,0.03214594945277649,0.13987833402794414
BNAI,2026-07-27 08:45:40-04:00,"2.02,9.01",12.130000114440918,2240101.4535427094,0.014014845399016762,0.06265459371076565,-0.042044536197050286,0.06265459371076565,-0.042044536197050286,0.06265459371076565,-0.042044536197050286,0.06265459371076565,-0.042044536197050286,0.06265459371076565
BNAI,2026-07-24 08:54:33-04:00,"3.02,7.01,9.01",11.920000076293945,2240101.4535427094,0.017617452751918394,0.09731542281774597,0.031879204027577934,0.09731542281774597,-0.02516780107505978,0.09731542281774597,-0.02516780107505978,0.09731542281774597,-0.02516780107505978,0.09731542281774597
BNAI,2026-07-17 12:10:15-04:00,"5.02,9.01",11.270000457763672,3083234.0180397034,-0.035492507183443656,0.0266192746118199,-0.01419705364574364,0.059183654818314446,-0.052351386745636885,0.059183654818314446,0.07630875082039679,0.16060331787258364,0.031055848587326684,0.16060331787258364
BNAI,2026-07-13 06:15:11-04:00,"5.02,9.01",12.720000267028809,3440231.907081604,0.07861635055087812,0.17845907676380834,0.024371026685111374,0.17845907676380834,-0.08647801559572366,0.17845907676380834,-0.1265723723705262,0.17845907676380834,-0.0330188732293204,0.17845907676380834
BOKF,2026-07-20 16:14:50-04:00,"2.02,7.01,9.01",140.47000122070312,32354387.49771118,-0.0034883283897333417,0.004200158986000346,0.00768848737573391,0.010536027014150351,0.012885296097847387,0.022211113334337007,0.014024355403883693,0.022638233417432208,0.004698538167394073,0.022638233417432208
BLNE,2026-07-02 17:25:16-04:00,"1.01,3.02,9.01",1.100000023841858,539484.0126514435,0.027272700672307915,0.04545450112051319,-0.022727250560256596,0.04545450112051319,-0.018181800448205276,0.04545450112051319,-0.05454550971669481,0.04545450112051319,-0.10636367350570342,0.04545450112051319
BMNR,2026-07-27 08:45:40-04:00,"7.01,9.01",17.065000534057617,621802456.2555313,0.029592683560644817,0.04834449632417659,-0.027834770970076472,0.04834449632417659,-0.027834770970076472,0.04834449632417659,-0.027834770970076472,0.04834449632417659,-0.027834770970076472,0.04834449632417659
BMNR,2026-07-20 08:45:42-04:00,"7.01,9.01",16.96500015258789,461535421.1242676,0.015620358813142277,0.016209821164565374,0.04568226416502874,0.07515470716549211,-0.06926025229393384,0.07515470716549211,0.0356616290477334,0.07987029354842834,-0.02210433225034758,0.07987029354842834
BMNR,2026-07-16 08:45:25-04:00,"7.01,9.01",14.920000076293945,461535421.1242676,0.05160854558659089,0.06300265251853743,0.11461119810512832,0.13103216579819654,0.18900802147480245,0.22252008564660075,0.05831098398862644,0.22252008564660075,0.1119302994473419,0.22788201080055326
BMNR,2026-07-13 08:45:24-04:00,"5.03,7.01,9.01",15.420000076293945,492362506.5797806,0.056420287608876185,0.06031130353919556,0.023994804392245328,0.09857331065130515,0.017509695379602563,0.09857331065130515,0.11737999072548644,0.11802851399606729,0.1394292871525722,0.18806741920764392
BMNR,2026-07-06 08:45:42-04:00,"7.01,9.01",15.350000381469727,579546375.0617027,-0.03583063042778911,0.026710087115506154,-0.03192187052868101,0.026710087115506154,-0.024104288601846435,0.026710087115506154,0.06123781828646546,0.06514657818557357,0.12247551231569398,0.123126993008418
BOX,2026-07-01 16:05:16-04:00,"5.02,5.07,9.01",27.270000457763672,57153401.67236328,0.022735567344233543,0.031169797110426334,0.03960395693350938,0.04143744561048934,0.05903918870469127,0.071140395824844,0.05023831715759042,0.071140395824844,0.11771173562847448,0.1672166992811388
BPOP,2026-07-23 08:10:48-04:00,"8.01,9.01",172.38999938964844,78527698.59848022,-0.0038285495936315472,0.015140092926459348,-0.005684759736694467,0.015140092926459348,-0.0009861254686883703,0.015140092926459348,-0.0009861254686883703,0.015140092926459348,-0.0009861254686883703,0.015140092926459348
BPOP,2026-07-23 08:08:30-04:00,"5.02,7.01,9.01",172.38999938964844,78527698.59848022,-0.0038285495936315472,0.015140092926459348,-0.005684759736694467,0.015140092926459348,-0.0009861254686883703,0.015140092926459348,-0.0009861254686883703,0.015140092926459348,-0.0009861254686883703,0.015140092926459348
BPOP,2026-07-23 08:00:55-04:00,"2.02,7.01,9.01",172.38999938964844,78527698.59848022,-0.0038285495936315472,0.015140092926459348,-0.005684759736694467,0.015140092926459348,-0.0009861254686883703,0.015140092926459348,-0.0009861254686883703,0.015140092926459348,-0.0009861254686883703,0.015140092926459348
BNC,2026-07-24 16:05:14-04:00,"1.01,5.02,5.07,9.01",2.869999885559082,511685.5131268501,-0.006968634747042013,0.013937352566762984,-0.034843173735210176,0.013937352566762984,-0.12891982589295659,0.013937352566762984,-0.12891982589295659,0.013937352566762984,-0.12891982589295659,0.013937352566762984
BNC,2026-07-02 16:22:08-04:00,"5.02,9.01",2.700000047683716,1228624.0129232407,0.02222220063700142,0.051851801486336724,0.0037037001061668295,0.06296290180483743,0.02592590074316825,0.06296290180483743,0.04074070116783601,0.16666668138386265,0.08518519074501474,0.16666668138386265
BRO,2026-07-27 17:03:54-04:00,"2.02,9.01",68.97000122070312,194734021.09794617,0.0678555926104718,0.07496009971641704,0.08554446022117612,0.09656366412700135,0.08554446022117612,0.09656366412700135,0.08554446022117612,0.09656366412700135,0.08554446022117612,0.09656366412700135
BRBS,2026-07-28 17:15:15-04:00,"2.02,9.01",3.5399999618530273,944999.0040063858,-0.01694913656104502,0.0056497121870149325,-0.01694913656104502,0.0056497121870149325,-0.01694913656104502,0.0056497121870149325,-0.01694913656104502,0.0056497121870149325,-0.01694913656104502,0.0056497121870149325
BSET,2026-07-17 09:32:01-04:00,"8.01,9.01",21.3700008392334,1692692.5128936768,-0.005615387670602545,0.01965372296677037,-0.024801154227026223,0.01965372296677037,-0.09546096562533046,0.01965372296677037,-0.0879738415668998,0.01965372296677037,-0.08656997233585939,0.01965372296677037
BSET,2026-07-01 16:21:41-04:00,"2.02,9.01",19.329999923706055,1436792.0164108276,0.04655973213049669,0.0858768677684425,0.018623932321389258,0.0858768677684425,0.038282450803873935,0.0858768677684425,0.079151613692928,0.09932747459244862,0.11743406449680194,0.15157787463736438
BRBR,2026-07-08 17:01:14-04:00,"5.02,7.01,9.01",13.229999542236328,65588922.7417469,-0.08163265011901111,0.005291054491352032,-0.056689344365103755,0.005291054491352032,-0.08541188207596817,0.005291054491352032,-0.09372636538342327,0.005291054491352032,-0.024943305753907352,0.005291054491352032
BRT,2026-07-08 16:13:29-04:00,"8.01,9.01",15.239999771118164,592687.9948139191,-0.02559051151611813,0.0,-0.02559051151611813,0.0,-0.033464582450214664,0.0,-0.006561642342339247,0.003937035467048267,-0.016404199721432033,0.00853019136439137
BRR,2026-07-21 17:01:34-04:00,"8.01,9.01",2.0,1846400.0,-0.004999995231628418,0.024000048637390137,-0.06999999284744263,0.024000048637390137,-0.07999998331069946,0.024000048637390137,-0.16500002145767212,0.024000048637390137,-0.16500002145767212,0.024000048637390137
BRR,2026-07-16 16:05:45-04:00,"5.02,9.01",1.9500000476837158,1308775.4783034325,0.02564100056083385,0.07948716287155233,0.015384600336500354,0.07948716287155233,0.02051280044866699,0.07948716287155233,-0.08717952417277008,0.07948716287155233,-0.143589786539572,0.07948716287155233
BSRR,2026-07-27 09:15:18-04:00,"2.02,9.01",41.400001525878906,3042587.968444824,-0.010144975076390672,0.008212563769480985,-0.008454161254066062,0.008212563769480985,-0.008454161254066062,0.008212563769480985,-0.008454161254066062,0.008212563769480985,-0.008454161254066062,0.008212563769480985
BSRR,2026-07-27 09:00:20-04:00,7.01,41.400001525878906,3042587.968444824,-0.010144975076390672,0.008212563769480985,-0.008454161254066062,0.008212563769480985,-0.008454161254066062,0.008212563769480985,-0.008454161254066062,0.008212563769480985,-0.008454161254066062,0.008212563769480985
BSRR,2026-07-27 08:41:46-04:00,"8.01,9.01",41.400001525878906,3042587.968444824,-0.010144975076390672,0.008212563769480985,-0.008454161254066062,0.008212563769480985,-0.008454161254066062,0.008212563769480985,-0.008454161254066062,0.008212563769480985,-0.008454161254066062,0.008212563769480985
BSRR,2026-07-24 09:00:09-04:00,"8.01,9.01",40.65999984741211,3031708.9012145996,0.012297097931047496,0.02287260965730109,0.007870135170317427,0.02656177656437997,0.009591721375111106,0.02656177656437997,0.009591721375111106,0.02656177656437997,0.009591721375111106,0.02656177656437997
BRSP,2026-07-28 16:18:43-04:00,"2.02,9.01",5.110000133514404,6277733.055591583,-0.02152644435231188,0.019569452450051816,-0.02152644435231188,0.019569452450051816,-0.02152644435231188,0.019569452450051816,-0.02152644435231188,0.019569452450051816,-0.02152644435231188,0.019569452450051816
BTC,2026-07-02 16:31:40-04:00,5.02,27.139999389648438,47598705.41095734,0.038319857734558926,0.041636001972285674,0.03979366057458278,0.04605748077049587,0.030213696140943158,0.04605748077049587,0.01400151350998824,0.054532110643652265,0.06116432884096734,0.07111276155414759
BRX,2026-07-27 16:03:37-04:00,"2.02,9.01",31.799999237060547,58765461.36932373,0.000943417841675398,0.02295596099843822,-0.004402496635448894,0.02295596099843822,-0.004402496635448894,0.02295596099843822,-0.004402496635448894,0.02295596099843822,-0.004402496635448894,0.02295596099843822
BW,2026-07-13 06:47:08-04:00,"7.01,8.01,9.01",11.279999732971191,45955213.3207798,-0.01684393482988622,0.002659635403874816,-0.03368795420536985,0.002659635403874816,-0.12322689916255047,0.002659635403874816,-0.037234050198272084,0.002659635403874816,-0.21719856979285568,0.002659635403874816
BSVN,2026-07-16 08:00:35-04:00,"2.02,9.01",50.119998931884766,1303617.9931640625,0.016759779937934205,0.0375099981680016,-0.008180364248796534,0.0375099981680016,-0.03731043439219095,0.0375099981680016,-0.013567444526483952,0.0375099981680016,0.0039904382921329695,0.0375099981680016
BSVN,2026-07-02 17:00:39-04:00,"1.01,7.01,9.01",49.20000076293945,899943.9971923828,0.03617883641655717,0.044918679882163026,0.051829251982072444,0.0558943080763421,0.02439025903112113,0.0558943080763421,0.023577232305368012,0.05691055271628542,0.01036581938261616,0.07723575565313712
BTAI,2026-07-06 06:00:41-04:00,"1.01,9.01",1.1100000143051147,622773.9727973938,-0.06306310950447058,0.009009000301245074,-0.27747749924688725,0.009009000301245074,-0.26306305580659317,0.009009000301245074,-0.07207210980571566,0.054054001807470664,-0.19099099969875488,0.054054001807470664
BXSL,2026-07-24 16:31:18-04:00,5.02,23.170000076293945,32368826.971435547,-0.0073370770709612065,0.00690547461740465,0.006473872163847982,0.00690547461740465,-0.006042269710291315,0.008631884431631098,-0.006042269710291315,0.008631884431631098,-0.006042269710291315,0.008631884431631098
BYD,2026-07-23 16:06:17-04:00,"2.02,9.01",85.36000061035156,89418216.68663025,0.01968135301269025,0.04803184682292394,0.046040303152237616,0.0482661986542019,0.06361293657860267,0.07087632390461973,0.06361293657860267,0.07087632390461973,0.06361293657860267,0.07087632390461973
BYD,2026-07-17 16:15:41-04:00,5.02,88.11000061035156,75603178.84674072,0.0006809392597677544,0.011803437842731856,-0.010668510213309612,0.011803437842731856,-0.017591681319040986,0.011803437842731856,0.013392353841808369,0.015548776950309984,0.030416528051424363,0.03745321789692646
BWFG,2026-07-23 08:04:10-04:00,"2.02,7.01,8.01,9.01",60.599998474121094,4190192.9611206055,0.02656766750644568,0.029868010212309892,0.06221129319121843,0.06617165407921455,0.12310229822296792,0.12376237935390111,0.12310229822296792,0.12376237935390111,0.12310229822296792,0.12376237935390111
BWB,2026-07-21 16:19:10-04:00,"2.02,7.01,8.01,9.01",20.770000457763672,3115807.9301834106,-0.001925898634845269,0.011795807726773022,-0.016851245727291242,0.011795807726773022,-0.006259078731345902,0.019499218602351487,0.0019258068029439634,0.02359170728544724,0.0019258068029439634,0.02359170728544724
BY,2026-07-23 16:15:18-04:00,"2.02,9.01",38.38999938964844,10138551.940536499,0.005470150763515758,0.029174236772370632,0.007554074502161612,0.029174236772370632,0.019796878049323396,0.029174236772370632,0.019796878049323396,0.029174236772370632,0.019796878049323396,0.029174236772370632
BXBL,2026-07-23 13:29:34-04:00,"1.01,1.02,2.01,3.01,3.02,3.03,4.01,5.01,5.02,5.03,5.06,7.01,9.01",5.510000228881836,2768249.972295761,-0.10889298666898362,0.0,-0.28493649844729363,0.0,-0.09618878181351809,0.0,-0.09618878181351809,0.0,-0.09618878181351809,0.0
BVFL,2026-07-24 14:39:19-04:00,"2.02,9.01",20.829999923706055,277414.497756958,0.025924191910955408,0.0321651502039344,0.025924191910955408,0.037926112262163914,-0.007681221699382679,0.037926112262163914,-0.007681221699382679,0.037926112262163914,-0.007681221699382679,0.037926112262163914
BUSE,2026-07-28 17:01:25-04:00,"2.02,7.01,9.01",29.780000686645508,26828170.97377777,0.031564761754035775,0.05204832778112145,0.031564761754035775,0.05204832778112145,0.031564761754035775,0.05204832778112145,0.031564761754035775,0.05204832778112145,0.031564761754035775,0.05204832778112145
BUSE,2026-07-14 17:06:25-04:00,"5.02,8.01,9.01",29.34000015258789,24975963.961601257,0.0010225182852585668,0.008179951256646278,0.03646897373072577,0.03885478472118842,0.011929119960786938,0.03885478472118842,0.008861630113485397,0.03885478472118842,0.047034735977834696,0.06782548605210681
BZAI,2026-07-09 16:16:48-04:00,"1.01,3.02,9.01",1.2000000476837158,4134790.133649111,0.02499997516473229,0.04166662527455389,-0.07083336230781223,0.04166662527455389,-0.058333374725446085,0.04166662527455389,-0.11249998758236612,0.04166662527455389,-0.24666670971446392,0.04166662527455389
BXP,2026-07-28 16:14:38-04:00,"2.02,9.01",70.33000183105469,92835928.68881226,0.037537314388107035,0.0655481372149771,0.037537314388107035,0.0655481372149771,0.037537314388107035,0.0655481372149771,0.037537314388107035,0.0655481372149771,0.037537314388107035,0.0655481372149771
CAC,2026-07-28 08:05:37-04:00,"2.02,9.01",57.34000015258789,5248795.045852661,0.019881398441136566,0.03435649137531804,0.019881398441136566,0.03435649137531804,0.019881398441136566,0.03435649137531804,0.019881398441136566,0.03435649137531804,0.019881398441136566,0.03435649137531804
CAC,2026-07-06 16:05:21-04:00,"7.01,9.01",54.93000030517578,5119312.866973877,-0.01820498806561588,0.010194818317491361,-0.03732021164520882,0.010194818317491361,-0.021845999568042673,0.010194818317491361,-0.019843439769381965,0.010194818317491361,-0.012743505535234734,0.019115223579593055
CACC,2026-07-24 17:15:19-04:00,5.02,575.3499755859375,75154374.98779297,-0.0393151926254125,0.014234818439099683,-0.029199597646388353,0.014234818439099683,-0.03239759173414114,0.014234818439099683,-0.03239759173414114,0.014234818439099683,-0.03239759173414114,0.014234818439099683
CACC,2026-07-22 16:02:16-04:00,5.02,600.7899780273438,75668461.89575195,-0.013681937122378085,0.028911925552121964,-0.044458066736067225,0.028911925552121964,-0.07030741486911507,0.028911925552121964,-0.07336999228818908,0.028911925552121964,-0.07336999228818908,0.028911925552121964
CAKE,2026-07-28 17:58:52-04:00,"7.01,9.01",92.94000244140625,132689967.82913208,0.08822892977016927,0.09543786189138048,0.08822892977016927,0.09543786189138048,0.08822892977016927,0.09543786189138048,0.08822892977016927,0.09543786189138048,0.08822892977016927,0.09543786189138048
CAKE,2026-07-28 16:30:45-04:00,"2.02,7.01,8.01,9.01",92.94000244140625,132689967.82913208,0.08822892977016927,0.09543786189138048,0.08822892977016927,0.09543786189138048,0.08822892977016927,0.09543786189138048,0.08822892977016927,0.09543786189138048,0.08822892977016927,0.09543786189138048
BYRN,2026-07-09 08:10:32-04:00,"2.02,9.01",3.9600000381469727,5159559.830188751,-0.022727311040634524,0.05555550203847881,-0.0353535615039251,0.05555550203847881,-0.09848487402708961,0.05555550203847881,-0.15656568636493795,0.05555550203847881,-0.10606062430506402,0.05555550203847881
BYRN,2026-07-08 16:06:35-04:00,"1.01,7.01,9.01",4.690000057220459,4082779.9718379974,-0.15991471020247483,0.09381664218597607,-0.17484011975627822,0.09381664218597607,-0.24520257597800166,0.09381664218597607,-0.27505329341457396,0.09381664218597607,-0.2814499265579281,0.09381664218597607
CAPL,2026-07-21 16:45:55-04:00,"5.02,7.01,9.01",22.18000030517578,598571.0029602051,-0.005861184234740469,0.0063119651813425826,-0.011722282475404855,0.0063119651813425826,-0.009468033766089956,0.0063119651813425826,-0.01442739812539795,0.0063119651813425826,-0.01442739812539795,0.0063119651813425826
CAPL,2026-07-16 16:06:54-04:00,"1.01,9.01",22.399999618530273,506799.48682785034,0.0017857551878819322,0.01830356492831986,-0.017857126131349377,0.01830356492831986,-0.015625017295990973,0.01830356492831986,-0.028571401810159047,0.01830356492831986,-0.024107098989948228,0.01830356492831986
CALX,2026-07-20 17:06:18-04:00,"2.02,9.01",35.189998626708984,42541756.0508728,0.0647912100872785,0.06990630847319212,0.018471200660563847,0.06990630847319212,0.023017942736611285,0.06990630847319212,0.054276780959077175,0.07360046188299929,0.010230196771827238,0.07360046188299929
CASH,2026-07-22 16:05:23-04:00,"2.02,7.01,9.01",77.36000061035156,18447207.46421814,0.07445711079091843,0.07587904214412022,0.11039297890575006,0.11892446840300486,0.1458117721083303,0.14917270972698482,0.14878492819828537,0.1544725549891368,0.14878492819828537,0.1544725549891368
CABO,2026-07-08 21:43:49-04:00,"2.02,7.01",40.36000061035156,9583985.355949402,-0.12611496718566462,0.0,-0.10332016651588094,0.0,0.06565901068153024,0.08225965422737636,0.0279980438807379,0.10158568910104337,-0.07854315995301386,0.10158568910104337
CASS,2026-07-23 08:10:20-04:00,"2.02,8.01,9.01",54.06999969482422,3969204.954147339,0.0033290236025840247,0.014795621260880631,0.013316094410336099,0.024967606468293102,0.035879390376521325,0.04845568608604167,0.035879390376521325,0.04845568608604167,0.035879390376521325,0.04845568608604167
CATX,2026-07-01 16:10:23-04:00,"8.01,9.01",3.5,6082806.991171837,0.03714288984026237,0.07999999182564865,0.03142854145595009,0.07999999182564865,-0.03142854145595009,0.07999999182564865,-0.14000000272478375,0.07999999182564865,-0.14571428298950195,0.07999999182564865
CAR,2026-07-28 16:10:59-04:00,"2.02,9.01",150.07000732421875,69323145.4032898,0.031851792803407664,0.04151392965604028,0.031851792803407664,0.04151392965604028,0.031851792803407664,0.04151392965604028,0.031851792803407664,0.04151392965604028,0.031851792803407664,0.04151392965604028
CAR,2026-07-01 16:30:29-04:00,"1.01,2.03,9.01",148.77999877929688,162438824.35684204,0.09853477471697203,0.10115609070600473,0.06465919610241411,0.10364295130704781,0.029573826674184955,0.10364295130704781,0.049805106351032524,0.10364295130704781,0.07924458019663927,0.1493480400793974
CARE,2026-07-27 11:24:16-04:00,"7.01,9.01",34.130001068115234,13546989.321899414,0.012012887037238906,0.02402577407447759,0.01113381897233423,0.025197790314603452,0.01113381897233423,0.025197790314603452,0.01113381897233423,0.025197790314603452,0.01113381897233423,0.025197790314603452
CARE,2026-07-23 09:02:43-04:00,"8.01,9.01",34.099998474121094,11175149.777793884,-0.0026393007805027846,0.030498561937374102,-0.0008797296375142594,0.030498561937374102,0.012023456473854832,0.030498561937374102,0.012023456473854832,0.030498561937374102,0.012023456473854832,0.030498561937374102
CARE,2026-07-23 08:22:37-04:00,"2.02,9.01",34.099998474121094,11175149.777793884,-0.0026393007805027846,0.030498561937374102,-0.0008797296375142594,0.030498561937374102,0.012023456473854832,0.030498561937374102,0.012023456473854832,0.030498561937374102,0.012023456473854832,0.030498561937374102
CAG,2026-07-28 13:55:09-04:00,"1.01,2.03,8.01,9.01",15.34000015258789,237062388.9125347,0.010430237667573783,0.023468034752040845,0.010430237667573783,0.023468034752040845,0.010430237667573783,0.023468034752040845,0.010430237667573783,0.023468034752040845,0.010430237667573783,0.023468034752040845
CAG,2026-07-28 07:32:24-04:00,5.02,15.34000015258789,237062388.9125347,0.010430237667573783,0.023468034752040845,0.010430237667573783,0.023468034752040845,0.010430237667573783,0.023468034752040845,0.010430237667573783,0.023468034752040845,0.010430237667573783,0.023468034752040845
CAG,2026-07-15 07:33:06-04:00,"2.02,9.01",14.229999542236328,207010736.73291206,0.016865828005133032,0.02600146529416203,0.0035137169601766605,0.044975429649393606,0.04356998307646909,0.05481382373417332,0.00983839408477949,0.07870701864108298,0.08924810250303672,0.1033029033251669
CALM,2026-07-22 06:07:31-04:00,"2.02,9.01",87.87000274658203,78442860.98251343,0.0030726827657565625,0.024923122152706423,0.02788206295279183,0.03516554274844186,0.06077155082481589,0.06543757619517843,0.06407189117377099,0.08398767523317319,0.06407189117377099,0.08398767523317319
CBRL,2026-07-27 09:49:01-04:00,"5.02,7.01,9.01",52.72999954223633,42780930.00946045,0.020481734125364692,0.024084970013064533,0.07244452357266629,0.07984068122550392,0.07244452357266629,0.07984068122550392,0.07244452357266629,0.07984068122550392,0.07244452357266629,0.07984068122550392
CBRL,2026-07-20 16:12:11-04:00,"2.03,2.05,2.06,7.01,8.01,9.01",54.849998474121094,43861366.76692963,-0.01731990838049713,0.0133090861848979,-0.03062899456539503,0.016408414784250924,-0.02078394569484454,0.016408414784250924,-0.018960749858922266,0.016408414784250924,0.030993633732579573,0.038103923623151514
CBNK,2026-07-27 16:05:19-04:00,"2.02,8.01,9.01",36.310001373291016,1799634.5273971558,0.04048464198316348,0.06940237847573694,0.041861757099292074,0.06940237847573694,0.041861757099292074,0.06940237847573694,0.041861757099292074,0.06940237847573694,0.041861757099292074,0.06940237847573694
CBOE,2026-07-28 17:26:56-04:00,"1.01,2.03,9.01",296.3900146484375,282643656.4025879,0.038530255223685694,0.04200540191686497,0.038530255223685694,0.04200540191686497,0.038530255223685694,0.04200540191686497,0.038530255223685694,0.04200540191686497,0.038530255223685694,0.04200540191686497
CBAN,2026-07-22 16:15:21-04:00,"2.02,7.01,9.01",20.940000534057617,6032880.966377258,0.03008591904006619,0.03151861655106747,0.04297992337996748,0.05348609853486663,0.060649403917132805,0.064469930613136,0.05348609853486663,0.064469930613136,0.05348609853486663,0.064469930613136
CBIO,2026-07-15 16:58:01-04:00,"8.01,9.01",15.260000228881836,3398387.9293441772,-0.009829657270954084,0.11009176146643362,-0.033420722230173006,0.11009176146643362,0.09043244692452546,0.1507207865375686,0.11598954332999822,0.1507207865375686,-0.032110076262696685,0.1664481631770478
CBIO,2026-07-14 16:05:25-04:00,2.02,14.949999809265137,3398387.9293441772,0.04816055359295679,0.08227428171258988,0.010702331067118154,0.13311041807232638,0.006688988812411312,0.13311041807232638,0.058862884660075165,0.17458191906194687,-0.012040090555045513,0.19063541566262399
CCK,2026-07-20 16:22:23-04:00,"2.02,9.01",119.48999786376953,106258793.9163208,-0.012553351969343485,0.01899744173607698,-0.025608817585572763,0.01899744173607698,-0.013473936221733984,0.01899744173607698,0.014310813583093607,0.020169082811910544,0.002259639110285816,0.020169082811910544
CCNE,2026-07-23 16:13:34-04:00,"2.02,9.01",33.939998626708984,5121473.138046265,0.021508531873123182,0.025044264089906454,0.016794334646073272,0.025044264089906454,0.047436672819561654,0.058338232832990444,0.047436672819561654,0.058338232832990444,0.047436672819561654,0.058338232832990444
CCNE,2026-07-14 16:10:29-04:00,"8.01,9.01",33.52000045776367,5076851.950454712,0.01372312285771815,0.018198108652181633,0.048627716165132284,0.0513126848810872,0.015513139936226716,0.0513126848810872,0.006264889069356183,0.0513126848810872,0.06056082194434165,0.07159897608610466
CCNE,2026-07-10 08:30:15-04:00,5.02,33.68000030517578,5147526.973724365,0.0,0.009204316225714937,-0.007422802783098037,0.009204316225714937,0.04364611660877049,0.0463183301412049,0.010688854129738301,0.0463183301412049,0.024643646343134762,0.0463183301412049
CCB,2026-07-23 17:20:43-04:00,"8.01,9.01",72.33999633789062,7497247.877502441,-0.0020734573414100677,0.01603543987880718,0.0004147969340675406,0.02294724559226835,-0.02322356595007591,0.02294724559226835,-0.02322356595007591,0.02294724559226835,-0.02322356595007591,0.02294724559226835
CCB,2026-07-22 19:54:36-04:00,"5.02,7.01,9.01",76.0199966430664,7206538.932800293,-0.06064184667886985,0.0,-0.05038140450917106,0.0,-0.03972634538838604,0.0,-0.0705076718974823,0.0,-0.0705076718974823,0.0
CATY,2026-07-22 16:35:13-04:00,"2.02,7.01,9.01",62.099998474121094,31646104.998779297,0.006924320704371212,0.013043500695552712,0.013204504266871142,0.020128824971242354,0.02334944925230098,0.024315654965108013,0.018357539973544057,0.02560386782055213,0.018357539973544057,0.02560386782055213
CBU,2026-07-28 09:20:29-04:00,"2.02,9.01",64.12999725341797,17809265.22254944,0.00467804560434204,0.018867911060266973,0.00467804560434204,0.018867911060266973,0.00467804560434204,0.018867911060266973,0.00467804560434204,0.018867911060266973,0.00467804560434204,0.018867911060266973
CCLD,2026-07-24 17:00:46-04:00,"1.01,9.01",2.25,283549.5011329651,-0.008888880411783817,0.02222220102945971,0.04888884226481127,0.04888884226481127,0.07555558946397567,0.0933333502875433,0.07555558946397567,0.0933333502875433,0.07555558946397567,0.0933333502875433
CAPR,2026-07-14 17:06:03-04:00,"1.01,2.03",20.6299991607666,32288623.00300598,-0.013572408661526647,0.010179398951244867,-0.07319429873777528,0.010179398951244867,-0.05477456164494632,0.010179398951244867,-0.08337369768902003,0.010179398951244867,-0.6815317286024922,0.010179398951244867
CCAP,2026-07-01 16:05:26-04:00,8.01,11.100000381469727,2717122.0143795013,0.0018017570632469226,0.013513478682458668,-0.009009043066040445,0.013513478682458668,-0.004504521533020278,0.013513478682458668,-0.0009009214899244888,0.013513478682458668,-0.004504521533020278,0.017117078725554347
CCBG,2026-07-27 11:11:39-04:00,"7.01,9.01",52.2400016784668,4058451.0108947754,0.011485422183062699,0.02258798722368538,0.004211282521771942,0.02258798722368538,0.004211282521771942,0.02258798722368538,0.004211282521771942,0.02258798722368538,0.004211282521771942,0.02258798722368538
CCBG,2026-07-21 11:43:24-04:00,"2.02,9.01",52.220001220703125,3481051.054954529,-0.024703195813329692,0.0,-0.024320192035157784,0.0,-0.0028724918110387687,0.005170441429569017,0.004595899237060497,0.022979642286305335,0.004595899237060497,0.022979642286305335
CCRN,2026-07-27 18:01:40-04:00,"1.02,2.01,3.01,3.03,5.01,5.02,5.03,8.01,9.01",13.25,2796202.374592304,0.0,0.0,0.0,0.0,0.0,0.0,0.0,0.0,0.0,0.0
CCRN,2026-07-17 08:19:25-04:00,"5.07,9.01",13.25,5803406.316143036,0.0,0.0,0.0,0.0,0.0,0.0,0.0,0.0,0.0,0.0
CCRN,2026-07-06 06:17:20-04:00,8.01,13.220000267028809,5965145.804073811,0.0,0.0,-0.0015128939001275432,0.0007563748113121882,0.0,0.0007563748113121882,0.0,0.0007563748113121882,0.0022692687114396204,0.0037821626115670526
CBSH,2026-07-17 17:17:12-04:00,"2.02,9.01",59.130001068115234,60588188.2730484,-0.005919199771621364,0.005750044756404282,-0.012853071579602693,0.005750044756404282,-0.008117698859558486,0.005750044756404282,-0.0021985636016728094,0.007948543844341183,0.020294279405763893,0.030272231836560914
CBSH,2026-07-16 09:22:11-04:00,"2.02,9.01",59.59000015258789,60588188.2730484,-0.007551615401697687,0.009900992634286343,-0.01359290772305588,0.009900992634286343,-0.014935381563508598,0.009900992634286343,-0.008390669553946739,0.009900992634286343,0.012418219106761663,0.02231914772531951
CBSH,2026-07-06 16:01:19-04:00,5.02,58.83000183105469,72749054.35905457,0.00016995276596998288,0.007479153714333497,-0.021077709329803795,0.007479153714333497,-0.007819188931711074,0.007479153714333497,-0.015638313020703287,0.007479153714333497,-0.007819188931711074,0.032806330620573254
CCS,2026-07-22 16:17:46-04:00,"2.02,9.01",66.31999969482422,14626060.22491455,0.044481256963461835,0.09077196427575118,0.04613989102343985,0.09077196427575118,0.07433655500394298,0.09891431828679131,0.04900482531596939,0.09891431828679131,0.04900482531596939,0.09891431828679131
CELZ,2026-07-02 16:15:27-04:00,"1.01,3.02,5.02,9.01",1.2300000190734863,662880.0263404846,-0.06504068428844845,0.0,-0.11382112481619477,0.0,-0.23471547941323445,0.0,-0.30544714725390265,0.0,-0.29837401439117783,0.0
CD,2026-07-28 11:18:20-04:00,"8.01,9.01",3.119999885559082,456046.9972372055,-0.08653845859937637,0.03205132907664465,-0.08653845859937637,0.03205132907664465,-0.08653845859937637,0.03205132907664465,-0.08653845859937637,0.03205132907664465,-0.08653845859937637,0.03205132907664465
CD,2026-07-23 11:02:36-04:00,"8.01,9.01",2.890000104904175,503074.9907255173,0.01730102093471797,0.05709341033345683,0.05190306280415391,0.07266428792581525,-0.013840899245549543,0.11418682066691366,-0.013840899245549543,0.11418682066691366,-0.013840899245549543,0.11418682066691366
CDNA,2026-07-07 17:12:41-04:00,"2.01,7.01,9.01",27.920000076293945,21141895.306777954,-0.01325217901942466,0.02722063849588352,0.04262179551596823,0.04405442474481536,0.030085965268356496,0.04763610028910126,0.0655444096957527,0.06919767912835262,0.35315181504511406,0.44949860709581513
CDNS,2026-07-27 16:03:05-04:00,"2.02,9.01",335.1600036621094,748215371.7956543,0.02852368258186222,0.06095593881296679,-0.007160740751464889,0.06095593881296679,-0.007160740751464889,0.06095593881296679,-0.007160740751464889,0.06095593881296679,-0.007160740751464889,0.06095593881296679
CDP,2026-07-27 16:22:24-04:00,"2.02,9.01",38.86000061035156,31300336.728286743,-0.015954681475728316,0.0,-0.02007202179737222,0.0010293596216950363,-0.02007202179737222,0.0010293596216950363,-0.02007202179737222,0.0010293596216950363,-0.02007202179737222,0.0010293596216950363
CDXS,2026-07-27 16:02:34-04:00,"8.01,9.01",1.5099999904632568,1641374.4819045067,-0.006622510282393357,0.013245020564786714,-0.02649004112957354,0.013245020564786714,-0.02649004112957354,0.013245020564786714,-0.02649004112957354,0.013245020564786714,-0.02649004112957354,0.013245020564786714
CDXS,2026-07-23 16:22:28-04:00,"2.02,8.01",1.4900000095367432,1320907.51837492,-0.006711402952518042,0.05369130362637864,0.04026841771510825,0.10067112429400504,-0.013422805905036084,0.10067112429400504,-0.013422805905036084,0.10067112429400504,-0.013422805905036084,0.10067112429400504
CELH,2026-07-15 16:15:24-04:00,"1.01,2.03,9.01",30.0,233834382.56549835,-0.0006666819254557144,0.02800000508626299,-0.03366667429606118,0.02800000508626299,-0.06599998474121094,0.02800000508626299,-0.09433333079020179,0.02800000508626299,-0.03733336130777998,0.02800000508626299
CDZI,2026-07-28 16:41:58-04:00,"1.01,9.01",3.140000104904175,3604413.9189839363,-0.05095543964498417,0.06050949441215958,-0.05095543964498417,0.06050949441215958,-0.05095543964498417,0.06050949441215958,-0.05095543964498417,0.06050949441215958,-0.05095543964498417,0.06050949441215958
CDZI,2026-07-27 08:00:29-04:00,"5.02,7.01,9.01",3.069999933242798,3755421.9834446907,0.003257325954627577,0.04234531507093564,-0.029315933591648635,0.0846905524810948,-0.029315933591648635,0.0846905524810948,-0.029315933591648635,0.0846905524810948,-0.029315933591648635,0.0846905524810948
CDZI,2026-07-15 09:00:13-04:00,8.01,3.640000104904175,3126750.9946346283,-0.043956066269097094,0.005494500096186128,-0.06593406665384183,0.005494500096186128,-0.08241763244200817,0.005494500096186128,-0.12087913311531129,0.005494500096186128,-0.181318699672967,0.005494500096186128
CELC,2026-07-15 16:05:43-04:00,"7.01,8.01,9.01",91.69000244140625,127018507.6171875,-0.03708148582558546,0.0,-0.03609995746377603,0.0,0.0,0.006031124001413923,-0.03653622002743884,0.010579138345240935,-0.09194023427540976,0.010579138345240935
CELC,2026-07-14 17:39:43-04:00,"7.01,8.01,9.01",94.80999755859375,119135967.36869812,-0.03480640762936249,0.0336462664650401,-0.06876908354561417,0.0336462664650401,-0.07193333899844656,0.0336462664650401,-0.049256389507437714,0.0336462664650401,-0.12182254740830722,0.0336462664650401
CGBD,2026-07-15 16:01:15-04:00,"7.01,9.01",10.569999694824219,5105125.457572937,0.012298970500876694,0.014191161450840983,-0.011352875025894438,0.02081364932645502,-0.012298970500876583,0.02081364932645502,-0.052980083454174154,0.02081364932645502,-0.035950816027647714,0.02081364932645502
CHCO,2026-07-22 11:16:03-04:00,"2.02,9.01",138.00999450683594,17437565.060424805,-0.0032606113046392826,0.005651755744822129,0.011665826204143581,0.01637569636678049,0.04992391612121372,0.06267668646885549,0.05217022312593911,0.06267668646885549,0.05217022312593911,0.06267668646885549
CFFI,2026-07-23 13:17:53-04:00,"7.01,9.01",78.0,430112.49923706055,0.0,0.009487152099609375,0.017692272479717497,0.017692272479717497,0.08653846153846145,0.09012818947816514,0.08653846153846145,0.09012818947816514,0.08653846153846145,0.09012818947816514
CFFI,2026-07-23 11:36:41-04:00,"2.02,9.01",78.0,430112.49923706055,0.0,0.009487152099609375,0.017692272479717497,0.017692272479717497,0.08653846153846145,0.09012818947816514,0.08653846153846145,0.09012818947816514,0.08653846153846145,0.09012818947816514
CFG,2026-07-21 08:22:21-04:00,"8.01,9.01",71.80999755859375,354472116.55197144,0.008773219666223353,0.01044422817850732,-0.0001391798799015298,0.01044422817850732,-0.009887189926351514,0.014621961947583362,-0.00696281878567151,0.017546333088263477,-0.00696281878567151,0.017546333088263477
CFG,2026-07-16 06:32:21-04:00,"2.02,7.01,9.01",73.88999938964844,359274345.1423645,-0.020300446777512637,0.003654138241862892,-0.03234537027189721,0.003654138241862892,-0.019623723916897484,0.003654138241862892,-0.027202627592822215,0.003654138241862892,-0.034916793238140564,0.003654138241862892
CEVA,2026-07-13 16:06:17-04:00,5.02,43.5,28261972.33390808,0.0006896271102729834,0.02275865927509879,-0.035402319897180345,0.02275865927509879,-0.12712640871946834,0.02275865927509879,-0.06390801791487066,0.02275865927509879,-0.27126435027725393,0.02275865927509879
CHE,2026-07-28 16:30:32-04:00,"2.02,9.01",522.9400024414062,77210450.19378662,0.031399362897268634,0.054958484912607686,0.031399362897268634,0.054958484912607686,0.031399362897268634,0.054958484912607686,0.031399362897268634,0.054958484912607686,0.031399362897268634,0.054958484912607686
CHMG,2026-07-27 13:30:24-04:00,"7.01,9.01",81.5999984741211,6524507.367706299,0.0047794043742797054,0.023284332860392,0.002941150346291277,0.023284332860392,0.002941150346291277,0.023284332860392,0.002941150346291277,0.023284332860392,0.002941150346291277,0.023284332860392
CHMG,2026-07-22 16:10:16-04:00,"2.02,9.01",73.52999877929688,6017404.780960083,0.014143899534786453,0.03454373667475852,0.10131925338389025,0.11355907266072363,0.11505506901836982,0.13559093412511092,0.11301506455258514,0.13559093412511092,0.11301506455258514,0.13559093412511092
CERS,2026-07-10 16:35:47-04:00,5.02,3.0799999237060547,8464839.55527544,0.003246750230832429,0.022727329024459175,-0.0032467502308325402,0.035714329947789336,0.04220783040945442,0.06818183225611474,0.022727329024459175,0.06818183225611474,-0.0032467502308325402,0.06818183225611474
CINF,2026-07-27 16:07:58-04:00,"2.02,9.01",176.4600067138672,153042731.8824768,0.034965419552261956,0.05513994875516692,0.027598293845042532,0.05513994875516692,0.027598293845042532,0.05513994875516692,0.027598293845042532,0.05513994875516692,0.027598293845042532,0.05513994875516692
CION,2026-07-16 16:08:16-04:00,"1.01,2.03,8.01,9.01",6.289999961853027,3160704.4662475586,-0.028616825028659476,0.029411755787203564,-0.03974562822196748,0.029411755787203564,-0.04133541393028595,0.029411755787203564,-0.05246421712359395,0.029411755787203564,-0.05087443141527548,0.029411755787203564
CLFD,2026-07-27 18:00:17-04:00,"1.01,9.01",31.459999084472656,5859806.042480469,-0.006675114131719839,0.006993045998266112,-0.061983436501536926,0.006993045998266112,-0.061983436501536926,0.006993045998266112,-0.061983436501536926,0.006993045998266112,-0.061983436501536926,0.006993045998266112
CING,2026-07-23 16:05:32-04:00,5.02,4.840000152587891,987361.497592926,-0.04132237185888454,0.002066064406905266,-0.06611573586217279,0.002066064406905266,-0.06508265439868477,0.002066064406905266,-0.06508265439868477,0.002066064406905266,-0.06508265439868477,0.002066064406905266
CING,2026-07-14 08:00:08-04:00,"5.02,5.07,9.01",4.710000038146973,1753488.434100151,-0.025477682502587196,0.020169806671387125,-0.05944802707868102,0.020169806671387125,-0.03184715374788938,0.020169806671387125,0.02760087333079153,0.05520164542227213,-0.03927811916798296,0.05520164542227213
CING,2026-07-02 08:40:16-04:00,"5.02,7.01,9.01",5.389999866485596,1660112.0127677917,-0.016697528382206506,0.048237520467947936,-0.055658575385700626,0.048237520467947936,-0.08163266569936845,0.048237520467947936,-0.13172542778000274,0.048237520467947936,-0.15398885793428296,0.048237520467947936
CHRW,2026-07-24 06:21:38-04:00,7.01,185.55999755859375,319243871.5736389,-0.05981887794119822,0.002964017347457437,-0.08741108770267891,0.002964017347457437,-0.06364516983173885,0.002964017347457437,-0.06364516983173885,0.002964017347457437,-0.06364516983173885,0.002964017347457437
CHPT,2026-07-22 16:57:32-04:00,"5.07,8.01,9.01",5.710000038146973,2833985.018825531,-0.05253943760606705,0.02451836524523543,-0.10332752165433601,0.02451836524523543,-0.06479857847411774,0.02451836524523543,-0.09281965083494936,0.02451836524523543,-0.09281965083494936,0.02451836524523543
CLF,2026-07-24 16:37:55-04:00,5.02,11.75,191158845.89190483,0.042553191489361764,0.045957443561959854,0.019574429126496096,0.06127661847053689,-0.03148935196247504,0.06127661847053689,-0.03148935196247504,0.06127661847053689,-0.03148935196247504,0.06127661847053689
CLF,2026-07-23 06:27:24-04:00,"2.02,9.01",11.329999923706055,180430328.12838554,0.0529567860114748,0.06443075911971063,0.0812003603255993,0.08473080711486491,0.004413079529704822,0.10061785975280557,0.004413079529704822,0.10061785975280557,0.004413079529704822,0.10061785975280557
CIVB,2026-07-24 16:30:13-04:00,"8.01,9.01",28.690000534057617,3645115.049648285,-0.001394245896923496,0.007668152989168897,0.021261718077655978,0.031021239912210063,0.019518977187805042,0.034158226698984606,0.019518977187805042,0.034158226698984606,0.019518977187805042,0.034158226698984606
CIVB,2026-07-24 07:00:18-04:00,"7.01,9.01",28.690000534057617,3645115.049648285,-0.001394245896923496,0.007668152989168897,0.021261718077655978,0.031021239912210063,0.019518977187805042,0.034158226698984606,0.019518977187805042,0.034158226698984606,0.019518977187805042,0.034158226698984606
CIVB,2026-07-23 07:00:16-04:00,"2.02,9.01",28.5,3730835.0595474243,0.002807014866879065,0.016842089201274613,0.005263144509834117,0.016842089201274613,0.026315789473684292,0.04105263425592787,0.026315789473684292,0.04105263425592787,0.026315789473684292,0.04105263425592787
CIVB,2026-07-22 16:30:14-04:00,"8.01,9.01",27.5,3553542.0952796936,0.02872730601917617,0.030181815407492874,0.03927272449840191,0.05381816517223004,0.06545451771129263,0.07563636086203829,0.06363636363636371,0.07890909368341625,0.06363636363636371,0.07890909368341625
CLMB,2026-07-07 10:29:51-04:00,"7.01,9.01",25.25,3459356.4896583557,-0.019405931529432263,0.016633666387878998,0.023366342676748086,0.02732675382406402,0.004752508484491047,0.04396042021194302,-0.006732676288869088,0.04396042021194302,0.007920822294631868,0.04396042021194302
CLW,2026-07-28 16:08:50-04:00,"2.02,9.01",18.920000076293945,2651715.9169197083,0.14217761750583113,0.16913323203148045,0.14217761750583113,0.16913323203148045,0.14217761750583113,0.16913323203148045,0.14217761750583113,0.16913323203148045,0.14217761750583113,0.16913323203148045
CLDX,2026-07-15 16:07:43-04:00,"5.02,9.01",37.4900016784668,26118330.45425415,-0.05574820109406209,0.012003118914253097,-0.05708197141999227,0.012003118914253097,-0.04881306346021819,0.012003118914253097,-0.05521481506655779,0.012003118914253097,0.0005333860275043012,0.012003118914253097
CLYM,2026-07-01 16:15:31-04:00,5.02,13.095000267028809,18704386.71836853,-0.01489122905858331,0.030164146318034213,0.013363893636221258,0.10080180740032318,0.03627334235275925,0.10080180740032318,0.06911032565992703,0.10080180740032318,-0.030164219145395688,0.10080180740032318
CLPR,2026-07-02 16:01:14-04:00,8.01,2.890000104904175,321504.0033817291,-0.013840899245549543,0.003460204186943594,-0.02768171599332392,0.003460204186943594,0.01730102093471797,0.01730102093471797,-0.003460204186943594,0.01730102093471797,-0.006920490871662466,0.020761225121661564
CLSK,2026-07-14 06:05:25-04:00,"7.01,8.01,9.01",13.819999694824219,211016697.52326012,0.022431289903197316,0.07525325505198976,-0.06657019512370166,0.07525325505198976,0.04341536864826678,0.09406658606669382,0.10890015540337261,0.13567294076730074,-0.13096957351021166,0.16497834565795255
CLVT,2026-07-06 17:00:42-04:00,"1.01,5.02,9.01",2.4600000381469727,14892129.164981842,0.020325183553227655,0.04471540381710071,-0.10162601468425825,0.04471540381710071,-0.09349594126296712,0.04471540381710071,-0.05691061086715743,0.04471540381710071,-0.0853658678416761,0.04471540381710071
CLVT,2026-07-06 06:01:11-04:00,"7.01,9.01",2.4600000381469727,14892129.164981842,0.020325183553227655,0.04471540381710071,-0.10162601468425825,0.04471540381710071,-0.09349594126296712,0.04471540381710071,-0.05691061086715743,0.04471540381710071,-0.0853658678416761,0.04471540381710071
CMPR,2026-07-02 16:33:08-04:00,8.01,97.62000274658203,17850524.72305298,-0.035341164521300095,0.020794905984244716,-0.014136497070123433,0.020794905984244716,0.0007170630286288393,0.02120466745117655,0.02335585653706307,0.03943862288260269,0.05541892932290726,0.09178445843453309
CMT,2026-07-07 17:22:24-04:00,"1.01,7.01,9.01",23.59000015258789,414428.00731658936,-0.011021628961427221,0.014412893191549703,-0.007206446595774851,0.014412893191549703,0.0012717544065898867,0.03857566093793685,0.04620602566924159,0.05171679972289667,0.052564635993956665,0.08520560474270855
CMPS,2026-07-07 06:33:23-04:00,"7.01,8.01,9.01",12.772000312805176,52918249.29409027,0.09340743897309611,0.09379892928929245,0.06482931791306012,0.09927964437775327,0.03233636836020515,0.09927964437775327,0.0421234022576813,0.09927964437775327,-0.06592546093075236,0.14312558909286932
CMPX,2026-07-01 17:00:22-04:00,"7.01,9.01",2.200000047683716,6369591.88117981,0.03181815078435912,0.0386363801384757,0.04090905100846176,0.04545450112051319,0.06363630156871825,0.06818175168076968,0.05909085145666704,0.07272720179282088,-0.06818186005284876,0.07272720179282088
CMG,2026-07-08 17:01:06-04:00,8.01,33.43000030517578,567472992.0822144,0.03499844924512807,0.035596727964275265,0.05444210823242024,0.0702960949048288,0.08973975389212097,0.10948249518398745,0.023033217192177435,0.10948249518398745,-0.04247687617946949,0.10948249518398745
CNH,2026-07-28 16:04:33-04:00,"5.02,9.01",11.289999961853027,105713738.84267807,-0.04694417491248626,0.0,-0.04694417491248626,0.0,-0.04694417491248626,0.0,-0.04694417491248626,0.0,-0.04694417491248626,0.0
CMCO,2026-07-20 16:16:55-04:00,"8.01,9.01",14.680000305175781,7335169.563961029,0.0074931644680187315,0.01294275043824844,0.06948225360252414,0.08446864750275052,0.09809267739251415,0.10967306382029962,0.10422334792169163,0.13964572169237432,-0.004087221959766851,0.13964572169237432
CMCO,2026-07-01 16:15:16-04:00,"5.02,7.01,9.01",14.220000267028809,7760616.035652161,-0.04711674147063416,0.033755241436195904,-0.015471185857774739,0.033755241436195904,-0.07032348672444466,0.033755241436195904,-0.06891705186412145,0.033755241436195904,0.009845245219372245,0.04500698858159469
CNDT,2026-07-02 17:01:24-04:00,5.02,1.5,1320063.9704942703,0.019999980926513672,0.06333335240681959,0.04666670163472486,0.08999999364217115,0.0,0.08999999364217115,0.019999980926513672,0.08999999364217115,0.06666668256123853,0.0933333237965901
CNNE,2026-07-16 17:01:08-04:00,"5.02,9.01",15.1899995803833,5458716.937255859,-0.01579985370296555,0.015141573552620358,-0.0315997074059311,0.015141573552620358,-0.025016403638176588,0.015141573552620358,-0.030283084322202836,0.015141573552620358,-0.022383094687682292,0.015141573552620358
CNC,2026-07-27 19:38:01-04:00,"2.02,5.02,7.01,9.01",59.5099983215332,295404827.97088623,0.07393718114568992,0.09090909090909083,0.03881702971675538,0.09141318736587101,0.03881702971675538,0.09141318736587101,0.03881702971675538,0.09141318736587101,0.03881702971675538,0.09141318736587101
CNP,2026-07-28 06:15:27-04:00,"2.02,7.01,9.01",44.5099983215332,272218305.4456711,-0.0354975977519425,0.0026960851742825476,-0.0354975977519425,0.0026960851742825476,-0.0354975977519425,0.0026960851742825476,-0.0354975977519425,0.0026960851742825476,-0.0354975977519425,0.0026960851742825476
CODA,2026-07-06 06:02:39-04:00,"5.02,9.01",9.609999656677246,1228069.9989318848,-0.03225801009545182,0.005202933665051868,-0.013527587834052723,0.005202933665051868,0.017689914918553207,0.02393345516415657,0.04058276350215828,0.06139439892466014,0.05931328500126276,0.09261190167726618
COCO,2026-07-23 07:20:07-04:00,"2.02,9.01",70.38999938964844,79965430.02548218,-0.06279298490227458,0.02685039644887932,-0.0431879662151895,0.02685039644887932,-0.04048868445565312,0.02685039644887932,-0.04048868445565312,0.02685039644887932,-0.04048868445565312,0.02685039644887932
COCO,2026-07-22 16:38:14-04:00,"1.01,2.01,3.02,7.01,9.01",77.91999816894531,79965430.02548218,-0.10972786990863725,0.02656570512663592,-0.1533623874365645,0.02656570512663592,-0.10703280972630325,0.02656570512663592,-0.13321352024305966,0.02656570512663592,-0.13321352024305966,0.02656570512663592
CODX,2026-07-27 17:05:36-04:00,"1.01,9.01",2.1500000953674316,268165.49627780914,-0.34418609112646004,0.009302316297383983,-0.29767445419336125,0.009302316297383983,-0.29767445419336125,0.009302316297383983,-0.29767445419336125,0.009302316297383983,-0.29767445419336125,0.009302316297383983
CNTN,2026-07-23 08:40:28-04:00,"1.01,2.01,8.01,9.01",2.069999933242798,1516741.0266637802,-0.06280187449991126,0.009661826846140142,-0.019323653692280396,0.024154567115350467,-0.06763284551201199,0.024154567115350467,-0.06763284551201199,0.024154567115350467,-0.06763284551201199,0.024154567115350467
CNTN,2026-07-17 08:30:14-04:00,"5.07,8.01",2.299999952316284,1580599.0198135376,-0.10869565442739682,0.013043466092057088,-0.06086950842960004,0.013043466092057088,-0.10434783239671108,0.013043466092057088,-0.11739129848876828,0.013043466092057088,-0.16086957062575236,0.013043466092057088
CNXC,2026-07-24 17:18:26-04:00,"5.02,9.01",22.989999771118164,29291153.247356415,0.06829054851912497,0.0981296451178304,0.10526316226127763,0.15267508759575432,0.15528489475276697,0.16920397687586575,0.15528489475276697,0.16920397687586575,0.15528489475276697,0.16920397687586575
COFS,2026-07-24 07:00:15-04:00,"2.02,9.01",33.08000183105469,3157524.3827819824,0.02539287458872086,0.03022974439684667,0.03506649888764901,0.052599690672811894,0.03899628263076638,0.052599690672811894,0.03899628263076638,0.052599690672811894,0.03899628263076638,0.052599690672811894
CODI,2026-07-16 16:25:00-04:00,"4.01,9.01",10.359999656677246,7054561.713504791,-0.00289572721673359,0.036679548941490614,-0.034749002761329084,0.036679548941490614,-0.0019304541266529363,0.036679548941490614,-0.031853275544595494,0.036679548941490614,-0.034749002761329084,0.036679548941490614
CODI,2026-07-13 06:11:16-04:00,"1.01,7.01,9.01",9.880000114440918,7656082.082748413,-0.013157906167521771,0.017206485255548465,-0.0020243378068830475,0.017206485255548465,0.045546538871735764,0.08704449865544461,0.03542504288879922,0.08704449865544461,0.045546538871735764,0.08704449865544461
CODI,2026-07-01 16:16:20-04:00,"8.01,9.01",11.609999656677246,7449337.320613861,-0.08613264681923316,0.008613297538920595,-0.12058567268992926,0.008613297538920595,-0.13178292663352875,0.008613297538920595,-0.133505536855817,0.008613297538920595,-0.1102497649287204,0.008613297538920595
CNS,2026-07-16 16:40:41-04:00,"2.02,9.01",74.73999786376953,19358895.372009277,0.13259304181641252,0.13633934616883225,0.10382663042585061,0.13633934616883225,0.07599679512339375,0.13633934616883225,0.08843993576772347,0.13633934616883225,0.09258771736859184,0.13633934616883225
CON,2026-07-10 16:53:08-04:00,"5.02,9.01",31.600000381469727,32866431.144809723,-0.006645600926778239,0.010189889229522242,-0.022151922610416652,0.010189889229522242,0.001265791382780046,0.01835442774380991,-0.009177244051471578,0.01835442774380991,0.009177183692338442,0.02863926188988919
COLB,2026-07-23 16:31:08-04:00,"2.02,7.01,9.01",31.040000915527344,88671334.4657898,0.003543772543766366,0.019652019491332773,-0.004510350930016727,0.019652019491332773,-0.008376295786504784,0.019652019491332773,-0.008376295786504784,0.019652019491332773,-0.008376295786504784,0.019652019491332773
CORZ,2026-07-28 07:06:14-04:00,"2.02,7.01,9.01",20.905000686645508,193426746.57878876,-0.1332217056176046,0.00597943056179151,-0.1332217056176046,0.00597943056179151,-0.1332217056176046,0.00597943056179151,-0.1332217056176046,0.00597943056179151,-0.1332217056176046,0.00597943056179151
CORZ,2026-07-28 07:00:58-04:00,"3.02,7.01,9.01",20.905000686645508,193426746.57878876,-0.1332217056176046,0.00597943056179151,-0.1332217056176046,0.00597943056179151,-0.1332217056176046,0.00597943056179151,-0.1332217056176046,0.00597943056179151,-0.1332217056176046,0.00597943056179151
CNOB,2026-07-28 07:01:10-04:00,"8.01,9.01",32.83000183105469,16448087.802124023,-0.0012184256258404025,0.013402333297855007,-0.0012184256258404025,0.013402333297855007,-0.0012184256258404025,0.013402333297855007,-0.0012184256258404025,0.013402333297855007,-0.0012184256258404025,0.013402333297855007
CNOB,2026-07-23 07:30:10-04:00,"2.02,9.01",31.479999542236328,13531509.690093994,0.02795429100736002,0.028907238266988378,0.04256671448771865,0.045108068751315455,0.041613767228090515,0.06321479375489947,0.041613767228090515,0.06321479375489947,0.041613767228090515,0.06321479375489947
CNOB,2026-07-09 07:30:47-04:00,"8.01,9.01",31.969999313354492,16808388.30833435,0.012824578153477706,0.014701261290242407,0.009383833307868183,0.01595246292885588,0.032843327086671925,0.035345611042743474,0.04566784557957182,0.06787613771976209,0.012198977334170857,0.06787613771976209
CPF,2026-07-24 06:11:26-04:00,"2.02,7.01,9.01",38.810001373291016,6154553.036499023,0.0064416385249614905,0.021386188791238325,0.023189839714899296,0.03864983114976894,0.01700592177423421,0.03864983114976894,0.01700592177423421,0.03864983114976894,0.01700592177423421,0.03864983114976894
CPF,2026-07-02 16:26:03-04:00,"5.07,9.01",38.15999984741211,5442110.213470459,0.008123725747657184,0.013626846431943562,0.001310252548754498,0.01467508845729193,-0.000262010523406242,0.01467508845729193,0.004978999671612083,0.01467508845729193,0.01179247287051477,0.049790396579568075
COLD,2026-07-23 07:00:11-04:00,"2.06,7.01",13.880000114440918,55178080.99274635,0.03170025769131812,0.040345782516223005,0.054034581687048444,0.05907778732444546,0.06412106167036602,0.07817003092227104,0.06412106167036602,0.07817003092227104,0.06412106167036602,0.07817003092227104
COTY,2026-07-07 16:17:56-04:00,"8.01,9.01",2.240000009536743,30339898.27079773,-0.04464281437804518,0.0,-0.04910709581584971,0.0,0.0,0.04017853294024065,0.05803565869145877,0.11607142381978286,0.21875000332615202,0.2455356919529792
COTY,2026-07-02 16:36:14-04:00,"5.02,9.01",2.2899999618530273,31614996.615314484,-0.01746723254120064,0.013100424405900535,-0.02620084881180096,0.026200848811800848,-0.06986893016480245,0.026200848811800848,-0.021834040676500743,0.026200848811800848,0.17903934177314285,0.20524019058494392
CPHI,2026-07-22 17:26:11-04:00,"1.01,8.01,9.01",1.7300000190734863,6810442.570775747,0.06936416384124566,0.32947972656559,-0.1213873039489558,0.32947972656559,-0.2485549491424235,0.32947972656559,-0.3063583615875425,0.32947972656559,-0.3063583615875425,0.32947972656559
CPRT,2026-07-08 17:22:41-04:00,"5.02,7.01,9.01",28.5,419497150.52337646,-0.005964914957682255,0.004210555762575341,-0.034385948850397474,0.004210555762575341,-0.034385948850397474,0.004210555762575341,-0.007368388928865155,0.004210555762575341,-0.04561400831791396,0.009122815048485444
COUR,2026-07-06 16:34:11-04:00,2.05,5.940000057220459,40717691.349220276,-0.023569000864809175,0.0067340002470883675,-0.03367008151105677,0.0067340002470883675,-0.038720541558565524,0.0067340002470883675,-0.038720541558565524,0.0067340002470883675,-0.09764308385839604,0.0067340002470883675
CPIX,2026-07-13 17:28:01-04:00,8.01,6.599999904632568,287649.99227523804,0.05909088971529419,0.1121212513103087,0.18181822779421708,0.1969697287150547,0.03636367445806554,0.22575761658867366,0.18939394213060812,0.22575761658867366,0.03181818805778658,0.22575761658867366
CPIX,2026-07-01 16:15:26-04:00,"1.01,1.02,2.01,5.02,8.01,9.01",7.150000095367432,320337.5018119812,-0.1090909369796681,0.02937063431412179,-0.1384615712937899,0.02937063431412179,-0.12587413753330612,0.02937063431412179,-0.1706294057001847,0.02937063431412179,-0.04335663477548668,0.13146853771785216
CP,2026-07-08 16:19:08-04:00,"1.01,9.01",89.76000213623047,245694662.87994385,0.006350263828638569,0.016154154564763656,0.0040107018915305215,0.016154154564763656,0.01771386252283569,0.026737984277633853,0.03509359905203757,0.03943851193491077,0.028520471230697897,0.046679976741226925
CRBP,2026-07-06 08:15:35-04:00,"1.01,7.01,9.01",9.09000015258789,3547542.193174362,0.03190318558690741,0.0553355611612627,0.05060506385316321,0.06160610082970708,0.06490650634586848,0.08690868521362094,-0.006600706117658062,0.08690868521362094,-0.01210127706326225,0.08690868521362094
CPK,2026-07-13 11:45:27-04:00,"8.01,9.01",133.91000366210938,25680418.494415283,-0.020760202399154215,0.00813976781481518,-0.025912934999679837,0.00813976781481518,-0.0046300527146651005,0.03330588703687787,-0.014860767969100963,0.03330588703687787,0.029945443933779847,0.05167648405421832
CRNX,2026-07-10 16:01:22-04:00,"1.01,5.02",83.66000366210938,206572621.11473083,0.00011946577095911515,0.00035857970336738987,0.0005976024405307534,0.0026894389705005572,0.0029882857883882785,0.00406402489849067,0.0025101491188168623,0.00406402489849067,0.0022710351864085876,0.00406402489849067
CRNX,2026-07-06 17:17:19-04:00,"1.01,8.01,9.01",83.58000183105469,48208239.40887451,-0.0005982657413539094,0.0006101324710419131,-0.001076860077929731,0.0006101324710419131,0.0,0.0021536288733234876,0.0015553631319695782,0.0036492019441720647,0.0038286634100708206,0.005025103610242665
CRAI,2026-07-22 16:10:29-04:00,5.07,165.97999572753906,26041552.503204346,0.008073331914523862,0.013314898004305187,0.022834128464151116,0.040788073543357006,0.08434751391957751,0.10266302556660833,0.1449572127841774,0.17116522709607263,0.1449572127841774,0.17116522709607263
CRS,2026-07-28 16:01:59-04:00,"5.02,7.01,9.01",553.7000122070312,359181867.5048828,-0.041683251907197016,0.007224128430223686,-0.041683251907197016,0.007224128430223686,-0.041683251907197016,0.007224128430223686,-0.041683251907197016,0.007224128430223686,-0.041683251907197016,0.007224128430223686
CRIS,2026-07-02 08:56:31-04:00,"3.03,5.03,9.01",6.53000020980835,977171.9556236267,-0.09035224098487538,0.03215919671708223,-0.18989283432070747,0.03215919671708223,-0.2404288087622367,0.03215919671708223,-0.2725880785018522,0.03215919671708223,-0.30781013235845334,0.03215919671708223
CRC,2026-07-14 09:00:34-04:00,2.02,52.2599983215332,39156187.93849945,0.0001913918207370191,0.0109070709496486,-0.0032529310066063966,0.0109070709496486,-0.0001913188261447596,0.02755458261874666,0.03023348415232663,0.04267132469490997,-0.03195557257140602,0.06639880084483951
CRMT,2026-07-14 09:15:30-04:00,"2.02,9.01",4.210000038146973,1272848.9801883698,0.019002357002653847,0.09263654701942792,-0.004750589250663406,0.12589067177407198,-0.18052256141968348,0.12589067177407198,-0.13064131765622644,0.12589067177407198,-0.26128269194394393,0.12589067177407198
CRGY,2026-07-08 16:42:58-04:00,2.02,9.595000267028809,58616150.19788742,-0.007816551034694363,0.0,-0.013027618188770296,0.002084367225926975,0.043251688411003686,0.05732153990915689,0.0818134263226229,0.09223546123793591,0.18707660514216795,0.2183428092809454
CR,2026-07-28 16:28:12-04:00,"2.02,9.01",217.5399932861328,109773479.56161499,-0.04969200097554127,0.0,-0.04969200097554127,0.0,-0.04969200097554127,0.0,-0.04969200097554127,0.0,-0.04969200097554127,0.0
CRNC,2026-07-02 16:11:17-04:00,5.02,10.630000114440918,8846005.311012268,0.03292562784829456,0.06302916924560953,-0.030103451681952276,0.06302916924560953,-0.015992481134877834,0.06302916924560953,-0.030103451681952276,0.06302916924560953,-0.19096892860926928,0.06302916924560953
CRMD,2026-07-02 16:30:35-04:00,8.01,8.729999542236328,10943500.485420227,0.006872900660121806,0.018327698679974747,0.016036695379584298,0.02520049009904657,-0.006872791419071822,0.02863688580858259,-0.046964475247507464,0.02863688580858259,-0.10882008960387879,0.02863688580858259
CRVS,2026-07-22 16:02:21-04:00,5.02,13.640000343322754,15198186.440753937,0.002932548449136041,0.019794684552301378,-0.041788902797027405,0.019794684552301378,-0.02419354218474057,0.019794684552301378,-0.04398829665451198,0.019794684552301378,-0.04398829665451198,0.019794684552301378
CSX,2026-07-22 16:01:13-04:00,"2.02,9.01",51.959999084472656,595525287.8814697,0.016358781828238467,0.025981568756835882,0.02444188760856214,0.0279060967761402,-0.02155502216356775,0.031562729379233545,-0.023479550182871955,0.031562729379233545,-0.023479550182871955,0.031562729379233545
CRVO,2026-07-14 16:21:27-04:00,"7.01,8.01,9.01",3.2100000381469727,1495037.978732586,-0.043613739327240664,0.0,-0.021806832526770514,0.0,-0.13084114370802236,0.0,-0.13395640549756105,0.0,-0.2274143334574199,0.0
CRVO,2026-07-09 16:09:56-04:00,"7.01,8.01,9.01",3.7200000286102295,1495037.978732586,-0.040322605971449654,0.018817186210869252,-0.11021507598855107,0.018817186210869252,-0.17473120708826118,0.018817186210869252,-0.17204303762956563,0.018817186210869252,-0.28494621898579686,0.018817186210869252
CSWC,2026-07-22 17:26:58-04:00,5.07,23.690000534057617,14572521.722221375,-0.010130847011722621,0.0,-0.010130847011722621,0.0,0.005487511939044065,0.006753898007815007,-0.0033769490039075034,0.010552975701312972,-0.0033769490039075034,0.010552975701312972
CSWC,2026-07-16 16:04:51-04:00,"2.02,9.01",24.209999084472656,12760128.118515015,0.0037174785622198225,0.008261080979045765,-0.014456773538069623,0.008261080979045765,-0.02147866873520643,0.008261080979045765,-0.03139191863995716,0.008261080979045765,-0.024783085370123303,0.008261080979045765
CTGO,2026-07-17 16:30:21-04:00,"7.01,9.01",16.0,5908171.977615356,-0.043749988079071045,0.0031249523162841797,0.004999995231628418,0.015625,-0.005625009536743164,0.07437503337860107,0.025624990463256836,0.07437503337860107,-0.03250002861022949,0.07437503337860107
CTGO,2026-07-08 16:30:16-04:00,"1.01,2.03,7.01,9.01",16.06999969482422,7681091.639328003,0.04355947580788744,0.06969513755461532,0.034225336331918044,0.06969513755461532,0.06471692192143008,0.0752956449782014,-0.012445539082962864,0.08276290908296757,-0.009956431266370358,0.08276290908296757
CTBI,2026-07-15 08:19:57-04:00,"2.02,7.01,9.01",76.30000305175781,8775132.481765747,0.008912192371925753,0.022673599716182435,-0.01795547433533773,0.022673599716182435,-0.014941013683513527,0.022673599716182435,-0.020707755804189154,0.022673599716182435,0.02686756671520274,0.04311917633739881
CTKB,2026-07-15 16:15:11-04:00,5.02,4.670000076293945,4324140.011358261,-0.006424027691270928,0.026766594851792558,-0.01070667878329945,0.026766594851792558,-0.02141325546014272,0.026766594851792558,-0.023554632059385128,0.026766594851792558,-0.06209849188764205,0.026766594851792558
CTNM,2026-07-13 16:15:17-04:00,"7.01,9.01",15.0,5905394.519853592,-0.028666687011718706,0.002666664123535112,-0.024666659037272165,0.002666664123535112,-0.05133336385091147,0.002666664123535112,-0.07333335876464842,0.002666664123535112,-0.056000010172526093,0.009333356221516986
CTMX,2026-07-27 08:05:07-04:00,5.02,3.259999990463257,15078146.988129616,-0.012269926984675661,0.00429445981772969,-0.027607335715520098,0.02760733571552021,-0.027607335715520098,0.02760733571552021,-0.027607335715520098,0.02760733571552021,-0.027607335715520098,0.02760733571552021
CTEV,2026-07-06 16:11:32-04:00,8.01,33.27000045776367,3837939.0263557434,-0.04959421688692045,0.021851553356859066,-0.03757138511575553,0.021851553356859066,-0.06101595006656513,0.021851553356859066,-0.14758039614833685,0.021851553356859066,-0.1376615527709527,0.021851553356859066
CTAS,2026-07-15 08:31:16-04:00,"2.02,9.01",198.74000549316406,379038023.739624,0.03778803612388071,0.04201464533527832,0.028730961543998346,0.055248039770818824,0.008402929067055753,0.055248039770818824,0.02269293741662426,0.055248039770818824,0.089513901551868,0.10279758534314798
CTO,2026-07-28 16:10:41-04:00,"2.02,7.01,9.01",22.170000076293945,6417455.023479462,0.00902123420167733,0.024357194691944306,0.00902123420167733,0.024357194691944306,0.00902123420167733,0.024357194691944306,0.00902123420167733,0.024357194691944306,0.00902123420167733,0.024357194691944306
CSGP,2026-07-28 16:05:38-04:00,"2.02,9.01",26.030000686645508,191819873.29330444,0.1459853682988994,0.1698040706760946,0.1459853682988994,0.1698040706760946,0.1459853682988994,0.1698040706760946,0.1459853682988994,0.1698040706760946,0.1459853682988994,0.1698040706760946
CSGP,2026-07-13 17:06:31-04:00,"5.02,7.01,9.01",27.0,173626303.71322632,0.02518519648799189,0.03703703703703698,0.05518517670808021,0.08333333333333326,0.10296298839427798,0.1485185269956235,0.05555555555555558,0.1485185269956235,0.12333333050763162,0.1629629488344546
CTSH,2026-07-10 17:13:29-04:00,"7.01,9.01",44.060001373291016,440877850.34217834,0.002269597616983088,0.013844683990955842,-0.023377271037002822,0.013844683990955842,0.011348161244114197,0.016341293317396977,0.013163822021780902,0.032455748084534664,0.06786195575522735,0.0894234794349642
CVEO,2026-07-07 18:10:07-04:00,"1.01,2.03,3.02,9.01",31.540000915527344,3680475.0537872314,0.015535759338811683,0.03709569229496479,-0.01965760371706804,0.03709569229496479,-0.012365291238944476,0.03709569229496479,0.08465434658978888,0.0930563561635418,0.11857951031093039,0.12381099131086004
CVEO,2026-07-02 08:36:20-04:00,"7.01,8.01,9.01",30.670000076293945,3364006.015396118,0.04401696700722191,0.05086401897821213,0.03390932525567769,0.05249425167909805,0.008151287883211733,0.06651447678852485,0.015650457810312712,0.06651447678852485,0.1150962072991315,0.15568958613146733
CTS,2026-07-28 08:05:20-04:00,"7.01,9.01",65.04000091552734,10672043.598175049,-0.053966821753111405,0.010301324715777493,-0.053966821753111405,0.010301324715777493,-0.053966821753111405,0.010301324715777493,-0.053966821753111405,0.010301324715777493,-0.053966821753111405,0.010301324715777493
CTS,2026-07-28 08:00:18-04:00,"2.02,7.01,9.01",65.04000091552734,10672043.598175049,-0.053966821753111405,0.010301324715777493,-0.053966821753111405,0.010301324715777493,-0.053966821753111405,0.010301324715777493,-0.053966821753111405,0.010301324715777493,-0.053966821753111405,0.010301324715777493
CUBI,2026-07-27 17:03:47-04:00,"5.02,9.01",78.66000366210938,23246208.140945435,0.011822942187698304,0.01220441189650101,0.0,0.01220441189650101,0.0,0.01220441189650101,0.0,0.01220441189650101,0.0,0.01220441189650101
CUBI,2026-07-23 16:35:01-04:00,"2.02,7.01,9.01",75.62999725341797,21177513.163757324,0.011767809360963888,0.027237938156809527,0.040063553070596836,0.05169911151798523,0.040063553070596836,0.05275691707080865,0.040063553070596836,0.05275691707080865,0.040063553070596836,0.05275691707080865
CUBI,2026-07-08 17:12:36-04:00,"5.02,9.01",75.69999694824219,32371777.242279053,0.005019879763962454,0.024174397685985394,0.01215331354595528,0.024174397685985394,0.007793976103969369,0.024174397685985394,0.05350070297264198,0.06367238955266741,0.005151907600671191,0.06367238955266741
CURI,2026-07-07 09:02:00-04:00,"7.01,9.01",2.7100000381469727,823362.0220184326,0.0036900333293332643,0.012915072663999494,-0.011070099987999904,0.012915072663999494,-0.05166055458800034,0.012915072663999494,-0.03690042127066717,0.012915072663999494,-0.07011072123466688,0.012915072663999494
CURB,2026-07-28 06:45:17-04:00,"2.02,9.01",31.280000686645508,49366066.0484314,-0.01854219664239576,0.009910468642500225,-0.01854219664239576,0.009910468642500225,-0.01854219664239576,0.009910468642500225,-0.01854219664239576,0.009910468642500225,-0.01854219664239576,0.009910468642500225
CURB,2026-07-01 16:05:17-04:00,"8.01,9.01",30.5,34300236.61336899,-0.005245896636462577,0.0,-0.012458988877593447,0.0,0.0,0.007540968597912423,-0.002950824675012842,0.007540968597912423,0.037377029168801146,0.0403278538438141
CVLT,2026-07-28 07:48:28-04:00,"2.02,9.01",121.08000183105469,76193864.20898438,-0.006359466970733418,0.0391476527261978,-0.006359466970733418,0.0391476527261978,-0.006359466970733418,0.0391476527261978,-0.006359466970733418,0.0391476527261978,-0.006359466970733418,0.0391476527261978
CUE,2026-07-10 17:29:46-04:00,"1.01,3.02,5.02,8.01,9.01",35.529998779296875,4562458.206748962,-0.12974947541200454,0.03687029041088352,-0.11961717530730165,0.03687029041088352,-0.21784402278897863,0.03687029041088352,-0.12890509917569037,0.03687029041088352,-0.0833098560700607,0.03687029041088352
CWCO,2026-07-22 16:12:33-04:00,"8.01,9.01",29.299999237060547,2211199.987602234,0.0,0.011945405821957245,0.0006826094977632202,0.011945405821957245,0.032423235074280576,0.04436864089623782,0.005802050536537928,0.04436864089623782,0.005802050536537928,0.04436864089623782
CWCO,2026-07-06 16:10:09-04:00,9.01,29.520000457763672,2959484.0072631836,-0.02879405041628913,0.002032502202302666,-0.021002738130728615,0.002032502202302666,-0.021341499266459008,0.002032502202302666,-0.021341499266459008,0.002032502202302666,-0.02303524033303128,0.0030487856094940646
CVBF,2026-07-23 06:10:22-04:00,"2.02,7.01,9.01",22.479999542236328,33153657.56406784,0.0035587155398177917,0.007562281127921899,0.000889700096572188,0.019128127843947684,0.015569412304129893,0.023576543480337664,0.015569412304129893,0.023576543480337664,0.015569412304129893,0.023576543480337664
CVBF,2026-07-23 06:05:13-04:00,"5.02,9.01",22.479999542236328,33153657.56406784,0.0035587155398177917,0.007562281127921899,0.000889700096572188,0.019128127843947684,0.015569412304129893,0.023576543480337664,0.015569412304129893,0.023576543480337664,0.015569412304129893,0.023576543480337664
CVGI,2026-07-06 07:48:08-04:00,7.01,4.690000057220459,2089628.4290075302,0.04051173878515102,0.04264388205224612,0.03624735057992656,0.05330490340082483,0.03624735057992656,0.10447756186352031,0.025586329231347626,0.10447756186352031,0.04051173878515102,0.10447756186352031
CVSA,2026-07-28 16:15:14-04:00,"5.02,9.01",125.6500015258789,40308290.5254364,0.06327102651088579,0.07178668152430268,0.06327102651088579,0.07178668152430268,0.06327102651088579,0.07178668152430268,0.06327102651088579,0.07178668152430268,0.06327102651088579,0.07178668152430268
CZNC,2026-07-23 16:10:03-04:00,"2.02,9.01",23.579999923706055,1415583.9809417725,0.032654811715650434,0.06022052929976285,0.043257017008647924,0.06022052929976285,0.06234093800299956,0.07888043326419258,0.06234093800299956,0.07888043326419258,0.06234093800299956,0.07888043326419258
CYH,2026-07-22 16:33:42-04:00,"2.02,7.01,9.01",2.819999933242798,5033695.116257668,-0.014184383971608927,0.07446810039654417,-0.031914863936120086,0.07446810039654417,-0.010638287978706695,0.07446810039654417,-0.03900705592192455,0.07446810039654417,-0.03900705592192455,0.07446810039654417
CXW,2026-07-13 07:00:07-04:00,"8.01,9.01",31.6200008392334,44811849.1645813,-0.008222650916543728,0.008222590595589274,-0.01676156459768008,0.008222590595589274,-0.030676824634981337,0.008222590595589274,0.014547785566486393,0.03383927131804354,-0.03130935016416647,0.03383927131804354
CXW,2026-07-06 08:00:30-04:00,"1.01,2.01,7.01,9.01",31.0,45983037.99638748,-0.054838734288369495,0.026451603058845752,-0.012258037444083936,0.026451603058845752,0.02870965773059475,0.03129030043079006,0.011612922914566504,0.04193545926001763,0.03483876874369951,0.054516084732547876
CWBC,2026-07-27 16:46:08-04:00,"7.01,9.01",25.360000610351562,7928090.603542328,0.007097803661026303,0.022870658901692043,-0.004337563395273025,0.022870658901692043,-0.004337563395273025,0.022870658901692043,-0.004337563395273025,0.022870658901692043,-0.004337563395273025,0.022870658901692043
CWBC,2026-07-23 16:04:47-04:00,"2.02,8.01,9.01",26.09000015258789,7052457.990932465,-0.04177846478394032,0.006515909363729255,-0.03142965465804648,0.006515909363729255,-0.03219624943177968,0.006515909363729255,-0.03219624943177968,0.006515909363729255,-0.03219624943177968,0.006515909363729255
CZR,2026-07-28 16:11:18-04:00,"2.02,9.01",29.81999969482422,89940759.29203033,-0.0016767014611749342,0.002012054545821984,-0.0016767014611749342,0.002012054545821984,-0.0016767014611749342,0.002012054545821984,-0.0016767014611749342,0.002012054545821984,-0.0016767014611749342,0.002012054545821984
CZR,2026-07-07 19:51:16-04:00,5.02,30.360000610351562,139851841.17956161,-0.01778659106295355,0.00214092969045665,-0.019433469720903873,0.00214092969045665,-0.0230566781576671,0.00214092969045665,-0.007575805169995231,0.00214092969045665,-0.013833994329721544,0.00214092969045665
CZWI,2026-07-27 08:54:38-04:00,"2.02,8.01,9.01",21.219999313354492,975046.9676971436,0.008482578275226471,0.016965156550452942,0.03675780923115424,0.04806788363662906,0.03675780923115424,0.04806788363662906,0.03675780923115424,0.04806788363662906,0.03675780923115424,0.04806788363662906
DAKT,2026-07-17 14:21:52-04:00,5.02,19.139999389648438,11206084.06381607,0.01671889785938485,0.024555968426901664,0.02298853438289994,0.03082550529792516,0.035005229762771206,0.0407523882716192,0.03396037338592861,0.04702202479513451,0.023511012397567255,0.04702202479513451
DCOM,2026-07-23 16:31:17-04:00,"8.01,9.01",39.150001525878906,11412385.480308533,0.010472537201335452,0.02068959200571996,0.026819902838738807,0.029374142180338625,0.037036957643123314,0.053639805677477614,0.037036957643123314,0.053639805677477614,0.037036957643123314,0.053639805677477614
DCOM,2026-07-23 07:00:22-04:00,"2.02,9.01",39.150001525878906,11412385.480308533,0.010472537201335452,0.02068959200571996,0.026819902838738807,0.029374142180338625,0.037036957643123314,0.053639805677477614,0.037036957643123314,0.053639805677477614,0.037036957643123314,0.053639805677477614
DGX,2026-07-23 06:46:37-04:00,"2.02,9.01",228.0,189840066.5008545,-0.0006140324107387629,0.02285090663976841,0.016842089201274613,0.02285090663976841,0.031666672020627784,0.05320177580180929,0.031666672020627784,0.05320177580180929,0.031666672020627784,0.05320177580180929
DBVT,2026-07-16 17:02:04-04:00,"2.02,9.01",15.050000190734863,2487594.955396652,-0.023255839005583256,0.020930204411374165,-0.03189372025431225,0.020930204411374165,-0.09435216334203977,0.020930204411374165,-0.09435216334203977,0.020930204411374165,-0.0877076831740613,0.020930204411374165
DCI,2026-07-24 16:10:38-04:00,5.02,92.83999633789062,58365911.88621521,0.0037699926467229528,0.01249465432858865,0.027143519731403165,0.037807004251226406,-0.003662175261761269,0.037807004251226406,-0.003662175261761269,0.037807004251226406,-0.003662175261761269,0.037807004251226406
DAN,2026-07-10 16:30:17-04:00,"1.01,2.03,8.01,9.01",27.309999465942383,47831696.28562927,-0.0025631525519256293,0.011351203930912268,-0.008787981538317613,0.024166966690540637,-0.01830831233166219,0.024166966690540637,-0.04247527902220272,0.024166966690540637,-0.0025631525519256293,0.029659516262574348
DARE,2026-07-24 09:00:42-04:00,"7.01,9.01",1.2799999713897705,289383.00100564957,0.03125006402842834,0.05468754220055505,-0.07421877401066068,0.05468754220055505,-0.0937500058207662,0.05468754220055505,-0.0937500058207662,0.05468754220055505,-0.0937500058207662,0.05468754220055505
DIOD,2026-07-28 13:00:14-04:00,"5.02,7.01,9.01",78.98999786376953,34740441.873931885,-0.03671352834925257,0.020255709803670863,-0.03671352834925257,0.020255709803670863,-0.03671352834925257,0.020255709803670863,-0.03671352834925257,0.020255709803670863,-0.03671352834925257,0.020255709803670863
DIOD,2026-07-15 16:30:14-04:00,"7.01,9.01",93.95999908447266,39683950.32272339,-0.04980843285203029,0.014793522809624537,-0.07386124424253127,0.014793522809624537,-0.002234983892282272,0.014793522809624537,-0.012984261734680369,0.021285653676964555,-0.19018734483507604,0.021285653676964555
DIOD,2026-07-14 08:15:14-04:00,"1.01,7.01,9.01",96.75,44495359.592056274,0.0017570870175225295,0.004444447598715984,-0.07720931494266792,0.004444447598715984,-0.0979845308210191,0.004444447598715984,-0.017984474044129506,0.004444447598715984,-0.21354008953084624,0.004444447598715984
DK,2026-07-23 16:38:45-04:00,"8.01,9.01",64.73999786376953,76995976.58309937,-0.02378741352557112,0.005715210979163388,-0.004633849741462082,0.005715210979163388,0.0027803569835536113,0.016527644889265947,0.0027803569835536113,0.016527644889265947,0.0027803569835536113,0.016527644889265947
DK,2026-07-02 16:30:34-04:00,5.02,52.38999938964844,60598017.50946045,0.01107085012047726,0.04237452274415876,-0.0013361270402696412,0.04237452274415876,0.07062418030244388,0.07787749338780947,0.10727236108720395,0.11834321120768121,0.23382325143566307,0.24832987760639424
DECK,2026-07-23 16:07:23-04:00,2.02,94.01000213623047,200066282.72399902,0.0215934340300854,0.03297519842227925,0.03957027056878948,0.06371660171956361,0.10137217915905272,0.11562594266762938,0.10137217915905272,0.11562594266762938,0.10137217915905272,0.11562594266762938
DHI,2026-07-21 11:54:47-04:00,"2.02,9.01",143.58999633789062,351350957.1273804,-0.007451717339081343,0.010933960333310955,-0.010237490481189049,0.010933960333310955,0.028274933227520282,0.05160529181066642,0.024862507244710397,0.06372316587948079,0.024862507244710397,0.06372316587948079
DJT,2026-07-20 16:02:53-04:00,7.01,9.765000343322754,41756331.93397522,0.005632293862546822,0.016897076912634645,-0.054787586510660624,0.016897076912634645,-0.12339988544189107,0.016897076912634645,0.01177672985918532,0.016897076912634645,0.00870456069211456,0.0387096049600828
DJT,2026-07-16 16:02:22-04:00,"7.01,9.01",9.234999656677246,38574825.11806488,0.0460205962679785,0.0655116966326259,0.054683284592846215,0.07742286726247127,-0.0005414309287280483,0.07742286726247127,-0.07309141983264689,0.07742286726247127,0.066594558490082,0.09832160542789925
DJT,2026-07-10 16:03:53-04:00,"5.02,9.01",8.520000457763672,32825684.693813324,0.0,0.007042190459944031,0.05985906664392182,0.0833332213997342,0.13028164284495802,0.16079809999431371,0.14319239997725508,0.16784029045425797,0.12206571666382349,0.16784029045425797
DBGI,2026-07-27 16:40:41-04:00,"7.01,9.01",11.40999984741211,410045.30205130577,0.27344434069091816,0.3917616412626548,0.05258548549462172,0.402278721645114,0.05258548549462172,0.402278721645114,0.05258548549462172,0.402278721645114,0.05258548549462172,0.402278721645114
DBGI,2026-07-24 12:34:15-04:00,"1.01,9.01",13.300000190734863,387148.0111134052,-0.055639079737282104,0.0699999806396947,0.09248116726292821,0.19398495388769632,-0.09699247694384816,0.20300750154470149,-0.09699247694384816,0.20300750154470149,-0.09699247694384816,0.20300750154470149
DBGI,2026-07-22 16:50:20-04:00,"3.03,5.03,8.01,9.01",19.200000762939453,410045.30205130577,0.04375000620881697,0.17916658802165242,-0.32812504656612684,0.17916658802165242,-0.2432292106457865,0.17916658802165242,-0.37447917960170196,0.17916658802165242,-0.37447917960170196,0.17916658802165242
DLR,2026-07-23 16:18:24-04:00,"2.02,7.01,9.01",190.0,456960495.17822266,0.047789483321340365,0.09194737484580595,0.030315760562294347,0.09194737484580595,-0.009578985916940841,0.09194737484580595,-0.009578985916940841,0.09194737484580595,-0.009578985916940841,0.09194737484580595
DLR,2026-07-01 16:16:39-04:00,"3.03,8.01,9.01",176.02000427246094,610177800.0,-0.015452796015689496,0.008237682723821305,-0.013180361708363675,0.008237682723821305,0.0015907213526904496,0.008237682723821305,0.024940343614883398,0.030110231355033656,-0.012157705588598522,0.030110231355033656
DINO,2026-07-28 02:32:47-04:00,"2.02,7.01,9.01",90.79000091552734,308916501.9470215,-0.008701408828736268,0.0067188082850568875,-0.008701408828736268,0.0067188082850568875,-0.008701408828736268,0.0067188082850568875,-0.008701408828736268,0.0067188082850568875,-0.008701408828736268,0.0067188082850568875
DINO,2026-07-28 13:11:49-04:00,5.02,90.79000091552734,308916501.9470215,-0.008701408828736268,0.0067188082850568875,-0.008701408828736268,0.0067188082850568875,-0.008701408828736268,0.0067188082850568875,-0.008701408828736268,0.0067188082850568875,-0.008701408828736268,0.0067188082850568875
DINO,2026-07-08 07:00:07-04:00,"5.02,7.01,9.01",77.25,160856781.791687,0.003495102175616882,0.01605175228180622,0.010614882780896062,0.019676331949079584,0.07585761307898453,0.07624594679156549,0.1241423474160599,0.12983817190028324,0.1532685610082929,0.212427231871966
DKL,2026-07-22 16:42:38-04:00,"8.01,9.01",57.220001220703125,3266707.0903778076,0.009437208831003963,0.019224020458830315,-0.0005243375280336027,0.03110798219719091,0.008388667109336945,0.03110798219719091,0.02569027218884412,0.036875228335160104,0.02569027218884412,0.036875228335160104
DKL,2026-07-02 16:30:34-04:00,5.02,52.5,2680127.911376953,0.002095249720982073,0.01295238676525301,0.019999985467819892,0.028190467471168157,0.03980952671595972,0.04266669863746286,0.0489523751395089,0.05352383568173358,0.05238095238095242,0.08247622535342258
DMRA,2026-07-20 16:00:14-04:00,"1.01,3.03,5.03,7.01,9.01",32.68000030517578,15884417.827606201,0.009485966046393068,0.0631884518796022,-0.08231335706663323,0.0631884518796022,-0.11811507265317334,0.0631884518796022,-0.09975520803056803,0.0631884518796022,-0.13310894555838737,0.0631884518796022
DMLP,2026-07-23 16:02:06-04:00,"2.02,7.01,9.01",27.510000228881836,7811929.977989197,0.010178141923515627,0.015994203213261837,-0.012359147573940632,0.017084671372014526,-0.022173777000232153,0.017084671372014526,-0.022173777000232153,0.017084671372014526,-0.022173777000232153,0.017084671372014526
DMLP,2026-07-06 17:03:08-04:00,"7.01,8.01,9.01",25.5,2774943.0143356323,0.012941173478668855,0.016470591227213616,0.032156850777420365,0.033725514131433876,0.04000001795151653,0.05019610535864727,0.06352944467581945,0.06627453074735756,0.07058820537492339,0.0803921269435508
DOLE,2026-07-01 16:09:15-04:00,"7.01,9.01",14.010000228881836,14038326.23515129,0.0007137921997475427,0.008565302184057044,-0.004282685127513952,0.008565302184057044,0.0035688929277664094,0.02391149412377347,0.019985705096133177,0.02391149412377347,0.029264799479937764,0.054246981903332436
DMC,2026-07-21 16:25:13-04:00,"1.01,2.03,9.01",28.65999984741211,10049811.512470245,0.002442417836598043,0.013258934757096608,-0.01116537671067408,0.013258934757096608,-0.0031402705187388857,0.013258934757096608,0.040474523851641075,0.04745291757125969,0.040474523851641075,0.04745291757125969
DTIL,2026-07-27 07:30:37-04:00,"5.02,7.01,9.01",7.340000152587891,2514849.4627952576,-0.023160772855571055,0.0,-0.0613079396113686,0.0,-0.0613079396113686,0.0,-0.0613079396113686,0.0,-0.0613079396113686,0.0
DOUG,2026-07-16 17:00:34-04:00,5.02,1.8799999952316284,742129.0162205696,0.0,0.042553214424603025,-0.042553214424603025,0.042553214424603025,-0.06382978993230626,0.042553214424603025,-0.09042550931693516,0.042553214424603025,-0.08510636544000938,0.042553214424603025
DPZ,2026-07-20 06:05:16-04:00,"2.02,9.01",327.3900146484375,261770607.7194214,-0.003207239877717205,0.028100984385038164,-0.023091810189416084,0.028100984385038164,0.017043850828063922,0.028100984385038164,0.070496916642524,0.09868962434083195,0.09960592532603729,0.11359531525041766
DPZ,2026-07-14 16:15:16-04:00,"5.02,8.01,9.01",310.5199890136719,251980524.48883057,0.0011271612646495122,0.020868257167311777,0.06167082665077439,0.06411826731461323,0.059416504121475144,0.12714160885980785,0.02998195893335498,0.12714160885980785,0.15934565482723095,0.17409506463757318
DOV,2026-07-23 07:00:14-04:00,"2.02,7.01,9.01",200.75,183400993.55316162,0.007222898870446803,0.020871743170143287,0.025404762657612157,0.026002496740737957,-0.013748415974276118,0.03003735381966055,-0.013748415974276118,0.03003735381966055,-0.013748415974276118,0.03003735381966055
DUOT,2026-07-20 16:30:13-04:00,"1.01,9.01",8.140000343322754,6550518.615293503,0.03931200016308534,0.05036852949870352,0.007370941451077417,0.0737100003057849,-0.008599587904926431,0.0737100003057849,-0.050368588078204546,0.0737100003057849,-0.0810811174953655,0.0737100003057849
DNLI,2026-07-27 21:01:17-04:00,"2.01,9.01",23.920000076293945,34383701.3343811,0.005434747506352977,0.00564382225966753,-0.0029264086371635356,0.019481588703392783,-0.0029264086371635356,0.019481588703392783,-0.0029264086371635356,0.019481588703392783,-0.0029264086371635356,0.019481588703392783
DOCN,2026-07-24 16:16:03-04:00,8.01,123.66000366210938,330620297.7710724,-0.027979998474861545,0.005660657670323754,-0.09016659546885797,0.005660657670323754,-0.1366650576208679,0.005660657670323754,-0.1366650576208679,0.005660657670323754,-0.1366650576208679,0.005660657670323754
DOCN,2026-07-23 17:14:56-04:00,"8.01,9.01",132.4499969482422,330620297.7710724,-0.06727063977356396,0.0,-0.09248773335032212,0.0,-0.1939599501995508,0.0,-0.1939599501995508,0.0,-0.1939599501995508,0.0
DOCN,2026-07-07 09:05:37-04:00,"2.02,9.01",137.99000549316406,535688481.28356934,0.017972285156999446,0.03500254829175997,0.020653603386281194,0.07540400293564975,-0.1063120893858257,0.07540400293564975,-0.13290820521196156,0.07540400293564975,0.033987875903443765,0.07540400293564975
DX,2026-07-28 08:15:19-04:00,"1.01,9.01",12.859999656677246,94003269.61345673,-0.002332794228001034,0.006220834046796853,-0.002332794228001034,0.006220834046796853,-0.002332794228001034,0.006220834046796853,-0.002332794228001034,0.006220834046796853,-0.002332794228001034,0.006220834046796853
DX,2026-07-20 08:03:15-04:00,"2.02,9.01",13.239999771118164,65204678.93271446,-0.01661626262520033,0.003776449516557756,-0.021903320760294553,0.003776449516557756,-0.04833832331663157,0.003776449516557756,-0.02492446596758402,0.003776449516557756,-0.030966756382162952,0.003776449516557756
DSGR,2026-07-16 17:27:47-04:00,"1.01,2.03,7.01,9.01",34.41999816894531,1144032.4934005737,0.0023242834198309303,0.0023242834198309303,0.0023242834198309303,0.004648566839661639,0.0026147634333428815,0.005520117708131433,0.0026147634333428815,0.005520117708131433,0.0034864251297461735,0.007844290300028867
DXC,2026-07-22 16:06:26-04:00,5.07,9.270000457763672,28020112.481451035,0.0,0.00539366068948488,0.08414236186125934,0.09708733269549286,0.1725997140005966,0.20280464594714154,0.26968714957357287,0.28047457383002583,0.26968714957357287,0.28047457383002583
DRS,2026-07-28 11:30:44-04:00,"8.01,9.01",49.0,37305333.25424194,-0.0502040629484215,0.004897993438097936,-0.0502040629484215,0.004897993438097936,-0.0502040629484215,0.004897993438097936,-0.0502040629484215,0.004897993438097936,-0.0502040629484215,0.004897993438097936
DRS,2026-07-17 16:15:36-04:00,"5.05,9.01",44.27000045776367,34779753.09753418,0.0031623986492164136,0.012197897220320497,0.02688047468723931,0.04065957123216779,0.08786987461994133,0.10277838694403285,0.09442060677554687,0.11362093352801761,0.0512762691278803,0.11520213285262582
EAF,2026-07-24 06:49:17-04:00,"2.02,9.01",7.550000190734863,2670292.4429655075,0.03178804835166549,0.12317871894132293,0.01721849461186653,0.12317871894132293,-0.06490069345384075,0.12317871894132293,-0.06490069345384075,0.12317871894132293,-0.06490069345384075,0.12317871894132293
DXPE,2026-07-09 19:15:45-04:00,"1.01,2.03,8.01,9.01",163.07000732421875,33571726.13372803,-0.0028822051854615616,0.021953678858601,-0.017599866603736358,0.021953678858601,0.015146782676002335,0.023609435652210076,0.030109696343841863,0.05328991716630993,0.0359967796255547,0.09431525684207931
EBF,2026-07-17 10:37:41-04:00,"5.07,8.01",21.43000030517578,2950815.0802612305,-0.0046663733105768435,0.0013998496906053592,-0.008399454158304787,0.0013998496906053592,-0.0046663733105768435,0.0013998496906053592,0.01399903092806265,0.019598696701488505,0.022398485086367437,0.034997666323824506
DYAI,2026-07-24 08:00:19-04:00,"8.01,9.01",1.190000057220459,266761.0015630722,-0.0504202177342542,0.0168067058527952,-0.10924378839490612,0.06722682341118058,-0.10924378839490612,0.06722682341118058,-0.10924378839490612,0.06722682341118058,-0.10924378839490612,0.06722682341118058
EBMT,2026-07-28 16:00:16-04:00,"2.02,9.01",23.40999984741211,952481.4863204956,0.02733871823237921,0.04997864519094741,0.02733871823237921,0.04997864519094741,0.02733871823237921,0.04997864519094741,0.02733871823237921,0.04997864519094741,0.02733871823237921,0.04997864519094741
EBMT,2026-07-17 16:48:00-04:00,5.02,23.110000610351562,883541.4743423462,-0.0008654460075917525,0.007356125997582064,0.011250550498271172,0.016010338473077868,-0.013414165517250498,0.016010338473077868,0.018173953492057304,0.046300288470997986,0.040674971955125594,0.06360879595546365
DYN,2026-07-22 17:19:38-04:00,"1.01,8.01,9.01",22.950000762939453,41378854.84752655,0.04095854446449221,0.06056642019346081,0.06492373514532823,0.08366013126214944,0.12854025087243537,0.14422655145561025,0.09368189747523559,0.14422655145561025,0.09368189747523559,0.14422655145561025
DYN,2026-07-20 07:35:14-04:00,8.01,23.360000610351562,44555894.845199585,0.020119833093934947,0.03724310398773034,-0.006421298029094857,0.03724310398773034,0.04623287223834538,0.064640419067999,0.10873283141324741,0.12414381604276126,0.07448628962565662,0.12414381604276126
EFOR,2026-07-09 17:06:04-04:00,"1.01,2.03,7.01,9.01",19.0,20168201.540851593,-0.07684205707750824,0.009473700272409458,-0.037894700702868045,0.009473700272409458,-0.09157893532200867,0.009473700272409458,-0.014210550408614298,0.013684222572728277,0.08421054639314351,0.1247368862754421
EBC,2026-07-23 16:34:06-04:00,"2.02,7.01,8.01,9.01",22.950000762939453,46498852.09636688,-0.001307219418221317,0.018082744853275434,0.006535930873366125,0.018082744853275434,0.003921575145793721,0.03485835339719978,0.003921575145793721,0.03485835339719978,0.003921575145793721,0.03485835339719978
EFC,2026-07-23 16:27:54-04:00,"7.01,9.01",13.350000381469727,14334881.776618958,0.0014980901511520983,0.005992503477160849,0.0007490093574378243,0.011985006954321475,0.008239674422026999,0.0194756005826342,0.008239674422026999,0.0194756005826342,0.008239674422026999,0.0194756005826342
EFC,2026-07-08 16:30:05-04:00,"8.01,9.01",13.550000190734863,17712344.05708313,-0.0014760485226670284,0.005166029065599709,0.0022140024021330973,0.005166029065599709,0.005166029065599709,0.014022109055999765,0.011070082392533154,0.021402210905600016,-0.019926232764800322,0.021402210905600016
EFSC,2026-07-27 16:04:47-04:00,"7.01,9.01",66.30999755859375,15926710.844802856,0.006183134929949041,0.007842019176692583,-0.0018096082281027215,0.008294421233718374,-0.0018096082281027215,0.008294421233718374,-0.0018096082281027215,0.008294421233718374,-0.0018096082281027215,0.008294421233718374
EFSC,2026-07-22 16:05:24-04:00,"2.02,8.01,9.01",59.61000061035156,13636303.484344482,0.09109210282800828,0.09193081146500504,0.10702897480443996,0.10853885513263317,0.11927529839878703,0.12112063658407912,0.11038419331792526,0.121623887363977,0.11038419331792526,0.121623887363977
EARN,2026-07-08 16:38:56-04:00,"8.01,9.01",4.400000095367432,1767210.987663269,-0.004545450112051319,0.004545450112051208,0.00681812098203749,0.009090900224102638,-0.004545450112051319,0.011363571094088698,0.013636350336153846,0.013636350336153846,0.0,0.013636350336153846
EFSI,2026-07-23 16:01:23-04:00,"2.02,7.01,9.01",41.099998474121094,2265790.0634765625,-0.01508513272269707,0.005839457113798074,-0.023357642825148184,0.005839457113798074,0.009245768423921108,0.03746961004139737,0.009245768423921108,0.03746961004139737,0.009245768423921108,0.03746961004139737
EGP,2026-07-22 16:18:03-04:00,"2.02,9.01",215.0800018310547,74779475.75836182,-0.004788910035931404,0.01176305913036102,-0.009205856940127544,0.01176305913036102,-0.022828731729164553,0.01176305913036102,-0.03082576169968776,0.01176305913036102,-0.03082576169968776,0.01176305913036102
EDUC,2026-07-14 17:00:29-04:00,5.07,1.5099999904632568,634019.0061211586,0.006622510282393357,0.046357650923303684,0.006622510282393357,0.0927152229000574,-0.033112551411966895,0.0927152229000574,-0.03973506169436036,0.0927152229000574,-0.07947020233527058,0.0927152229000574
EGBN,2026-07-22 16:28:27-04:00,"2.02,7.01,9.01",24.100000381469727,6267961.071109772,0.1452282134688727,0.14771781782541527,0.18008299103284986,0.1871369359956332,0.1780082547831514,0.20290453577786316,0.15726136714474115,0.20290453577786316,0.15726136714474115,0.20290453577786316
EGBN,2026-07-06 07:07:47-04:00,"5.02,9.01",27.260000228881836,8596831.119632721,-0.01980927773269847,0.002934700037944049,-0.03925163924578989,0.002934700037944049,-0.014306653938881309,0.002934700037944049,-0.014673500189720357,0.002934700037944049,0.0,0.030080692881118587
EDBL,2026-07-28 08:00:57-04:00,"8.01,9.01",2.359999895095825,330970.0014591217,0.03813565957138998,0.20762713191427795,0.03813565957138998,0.20762713191427795,0.03813565957138998,0.20762713191427795,0.03813565957138998,0.20762713191427795,0.03813565957138998,0.20762713191427795
EDBL,2026-07-10 16:30:38-04:00,3.02,4.539999961853027,1872796.0412282944,-0.07488990208033341,0.041850233219585586,-0.23348016556962614,0.041850233219585586,-0.29295152750688735,0.041850233219585586,-0.21585903685195051,0.041850233219585586,-0.35903081271327697,0.8942732276939462
EDBL,2026-07-09 08:31:04-04:00,"3.03,5.03,9.01",3.9149999618530273,1490605.9366173744,0.12643675360977302,0.13793102608293184,0.0727968966000232,0.20817370757641274,-0.13154530562034505,0.20817370757641274,-0.17496805860895093,0.20817370757641274,-0.19795654265652496,0.20817370757641274
ECPG,2026-07-22 16:20:29-04:00,"7.01,8.01,9.01",86.94999694824219,17501217.8565979,-0.01518113560843437,0.0037953058382638183,0.036917847343663324,0.04404832622748134,0.10293277621348618,0.12731454954982624,0.0791259933787909,0.12731454954982624,0.0791259933787909,0.12731454954982624
EIG,2026-07-01 16:18:20-04:00,"5.02,7.01,9.01",51.34000015258789,14557281.45236969,0.011492016962102669,0.011492016962102669,-0.0054538133709522985,0.011492016962102669,-0.0035060441106505857,0.014024176442602343,-0.012660723099864324,0.014024176442602343,-0.01986755852614186,0.014024176442602343
ELTX,2026-07-02 06:20:28-04:00,"1.01,8.01,9.01",3.390000104904175,6432561.208963394,-0.028023606392459044,0.05899699205784836,-0.1740413375605392,0.05899699205784836,0.02949849602892418,0.08259585921094992,-0.02949856635888637,0.08259585921094992,-0.10324487676115901,0.08259585921094992
ELME,2026-07-24 16:16:01-04:00,"1.01,8.01,9.01",1.6200000047683716,1504401.9726991653,0.0,0.012345667202249944,-0.012345667202249944,0.012345667202249944,0.006172833601125083,0.012345667202249944,0.006172833601125083,0.012345667202249944,0.006172833601125083,0.012345667202249944
ENGN,2026-07-17 16:05:21-04:00,"7.01,9.01",1.8300000429153442,2321746.974045038,0.021857902139337693,0.030054615441589272,0.05464475534834423,0.060109296024865255,0.03278685320900654,0.060109296024865255,-0.038251393885527674,0.060109296024865255,-0.021857967281024404,0.060109296024865255
ENGN,2026-07-16 08:06:47-04:00,"5.02,7.01,9.01",1.8899999856948853,2321746.974045038,-0.03703700199609339,0.03174606478463571,-0.010582000570312333,0.03174606478463571,-0.021164001140624777,0.03174606478463571,-0.03703700199609339,0.03174606478463571,-0.052910065925260596,0.03174606478463571
ENTA,2026-07-02 16:56:37-04:00,"1.01,9.01",14.899999618530273,4099895.9785461426,-0.02617445635122151,0.013422870339588666,-0.04295298027071803,0.013422870339588666,-0.04362413658869535,0.013422870339588666,-0.08456371191047085,0.013422870339588666,-0.11677851111849868,0.013422870339588666
ELAB,2026-07-09 16:01:54-04:00,"1.01,9.01",1.2549999952316284,1174625.5064487457,-0.10756971392525039,0.24302784757510731,-0.13147407368919883,0.24302784757510731,-0.13944219361051502,0.24302784757510731,-0.1474103135318312,0.24302784757510731,-0.28286854216917023,0.24302784757510731
ELAB,2026-07-07 17:18:15-04:00,"1.01,9.01",1.149999976158142,410168.014639616,-0.0782609002125968,0.03478267990573958,-0.0782609002125968,0.03478267990573958,-0.05217386436822857,0.3565217174969906,-0.06086950842960004,0.3565217174969906,-0.11304347645808255,0.3565217174969906
ENPH,2026-07-28 12:06:38-04:00,"2.02,9.01",38.88999938964844,150456642.66815186,-0.09822575867257555,0.018256597984458667,-0.09822575867257555,0.018256597984458667,-0.09822575867257555,0.018256597984458667,-0.09822575867257555,0.018256597984458667,-0.09822575867257555,0.018256597984458667
ELS,2026-07-28 17:23:23-04:00,8.01,66.30000305175781,132021002.17094421,0.02036196699820958,0.02232270979510642,0.02036196699820958,0.02232270979510642,0.02036196699820958,0.02232270979510642,0.02036196699820958,0.02232270979510642,0.02036196699820958,0.02232270979510642
ELS,2026-07-23 09:16:24-04:00,"2.02,9.01",65.33999633789062,111305749.35340881,0.010866341500779253,0.025405628331000463,-0.004438220116101288,0.025405628331000463,0.035353616734880466,0.03734316770984103,0.035353616734880466,0.03734316770984103,0.035353616734880466,0.03734316770984103
EMPD,2026-07-23 08:31:13-04:00,"7.01,8.01,9.01",3.430000066757202,1115929.523408413,-0.02332366197306457,0.014868769342401889,-0.06997084689961663,0.014868769342401889,-0.12244899945177634,0.014868769342401889,-0.12244899945177634,0.014868769342401889,-0.12244899945177634,0.014868769342401889
EMPD,2026-07-10 08:00:37-04:00,8.01,3.7699999809265137,2125702.9717445374,-0.047745376039223575,0.014588877197735606,-0.03183020853214724,0.014588877197735606,-0.1087533389668418,0.014588877197735606,-0.074270549816013,0.014588877197735606,-0.15384613438738381,0.014588877197735606
EMPD,2026-07-06 16:01:16-04:00,"1.01,1.02,3.03,5.03,7.01,9.01",4.110000133514404,1033418.9722418785,-0.026764021883460276,0.009732350499663811,-0.05839421901675257,0.009732350499663811,-0.060827306641668466,0.009732350499663811,-0.11192214676490364,0.009732350499663811,-0.14355234389819582,0.009732350499663811
ENS,2026-07-23 16:22:37-04:00,"7.01,8.01,9.01",198.4600067138672,77471056.73980713,-0.03884917088097861,0.0020154886775807235,-0.04141893047778855,0.0020154886775807235,-0.11095436625782551,0.0020154886775807235,-0.11095436625782551,0.0020154886775807235,-0.11095436625782551,0.0020154886775807235
ENVX,2026-07-09 07:35:21-04:00,"5.02,9.01",5.409999847412109,29347494.116020203,-0.03881701369130852,0.01109056274895126,-0.08502773588191781,0.01109056274895126,-0.055452813744756524,0.01109056274895126,-0.12754160382287671,0.01109056274895126,-0.2698705805743764,0.01109056274895126
ENSG,2026-07-27 06:07:21-04:00,"2.02,9.01",182.72000122070312,76522802.33001709,0.0022985889127595804,0.009741674515133525,-0.004542479342763084,0.009741674515133525,-0.004542479342763084,0.009741674515133525,-0.004542479342763084,0.009741674515133525,-0.004542479342763084,0.009741674515133525
ENTG,2026-07-15 07:14:55-04:00,8.01,133.3300018310547,429390666.72210693,0.009525270044398404,0.04042600551733444,0.04057604130962589,0.04980123976944162,0.051301254361023174,0.0729767913741437,0.014775378336822964,0.0729767913741437,-0.19740493012349059,0.0729767913741437
ENVA,2026-07-23 16:16:13-04:00,"2.02,9.01",231.27999877929688,72877454.59365845,0.02589936667580206,0.04734519632495937,0.0894154619669667,0.09265828453683222,0.058068177124932285,0.09603081473146102,0.058068177124932285,0.09603081473146102,0.058068177124932285,0.09603081473146102
ENVA,2026-07-15 16:45:28-04:00,5.02,235.4199981689453,77861064.82696533,0.00046725261748004066,0.0149520189441803,-0.01231838382057604,0.0149520189441803,-0.02956414709545363,0.0149520189441803,-0.07484493778877188,0.0149520189441803,0.03946142476075898,0.07675646701539396
ENVA,2026-07-10 16:16:14-04:00,"5.02,9.01",237.97999572753906,104381249.00360107,-0.025086147272387227,0.008404067719581798,-0.03084291314255727,0.008488126349803116,-0.01029497013289793,0.008488126349803116,-0.03164130983478919,0.008488126349803116,0.05874447952479889,0.06189600491964198
EOLS,2026-07-08 09:03:46-04:00,"1.01,7.01,9.01",6.739999771118164,4351185.363078117,0.016320495140930147,0.06676562335070235,-0.019287780714893565,0.06676562335070235,-0.06973290892466566,0.06676562335070235,-0.16468838195421742,0.06676562335070235,-0.11127596817048191,0.06676562335070235
EPR,2026-07-20 08:44:42-04:00,"1.01,2.03,3.03,7.01,9.01",61.9900016784668,33650787.83988953,0.001774428015421492,0.004355486945569753,0.0006452185795629006,0.008711035428438318,0.024842669126189376,0.027423728056337637,0.03758667451636444,0.04355542329138773,0.031295347220209546,0.04807226103482232
EQT,2026-07-21 16:31:38-04:00,"2.02,9.01",51.099998474121094,368452363.06819916,0.056947161141029046,0.057925694472749756,0.044814109274134095,0.07260279862921726,0.017612554848405626,0.07260279862921726,0.02876714803519187,0.07260279862921726,0.02876714803519187,0.07260279862921726
EQT,2026-07-14 16:15:32-04:00,2.02,49.810001373291016,367778873.5473633,-0.011242749605529956,0.011443478801625995,-0.008231275569326901,0.011443478801625995,-0.015258022792145387,0.01385261207960875,0.08432035399409354,0.08532422972947207,0.05541052490340137,0.10038144674055527
EQBK,2026-07-14 16:10:21-04:00,"2.02,7.01,9.01",49.9900016784668,7286288.573455811,-0.01580317841572787,0.00020000642523498868,0.03020600661799211,0.034206821905534035,0.005001000032126113,0.03480691749044351,-0.0006001718941142098,0.03480691749044351,0.01460291093670385,0.03480691749044351
EPRT,2026-07-24 16:38:30-04:00,"8.01,9.01",32.060001373291016,63914097.616004944,-0.0040549302104377904,0.01185268986714827,0.0012475701533625205,0.01185268986714827,-0.0018715337093216933,0.01185268986714827,-0.0018715337093216933,0.01185268986714827,-0.0018715337093216933,0.01185268986714827
EPRT,2026-07-22 16:16:42-04:00,"2.02,7.01,9.01",32.7400016784668,52005429.65335846,-0.019548050443950804,0.005039617971021482,-0.012217516963109687,0.005039617971021482,-0.019548050443950804,0.005039617971021482,-0.022602371427289714,0.005039617971021482,-0.022602371427289714,0.005039617971021482
EQH,2026-07-28 16:29:21-04:00,8.01,49.0,134953586.7170334,-0.013265337262834853,0.011224474225725478,-0.013265337262834853,0.011224474225725478,-0.013265337262834853,0.011224474225725478,-0.013265337262834853,0.011224474225725478,-0.013265337262834853,0.011224474225725478
EQH,2026-07-21 17:01:33-04:00,8.01,48.439998626708984,108154143.26477051,0.006399698226252415,0.013212287830099534,-0.02064409637387188,0.013212287830099534,0.003096645956472077,0.015895963657998724,-0.001857971823687632,0.025805120467339737,-0.001857971823687632,0.025805120467339737
ERII,2026-07-13 16:32:37-04:00,"5.02,9.01",8.680000305175781,5931735.217475891,-0.0023042001221758035,0.008064480686997166,-0.0069124904962182265,0.019585261557257816,-0.0069124904962182265,0.033410132679385196,-0.0069124904962182265,0.033410132679385196,-0.03225814248860648,0.033410132679385196
EOSE,2026-07-23 08:42:31-04:00,"8.01,9.01",3.700000047683716,97566985.42971611,-0.062162166516044115,0.010810800361494177,-0.024324365250814717,0.010810800361494177,-0.15135133393582356,0.010810800361494177,-0.15135133393582356,0.010810800361494177,-0.15135133393582356,0.010810800361494177
EOSE,2026-07-15 08:18:57-04:00,"2.02,7.01,8.01,9.01",4.539999961853027,111777948.74432087,-0.1277532882333603,0.019823822322491136,-0.09030833719319364,0.019823822322491136,-0.06607933772149555,0.019823822322491136,-0.18061672690149322,0.019823822322491136,-0.3083700151348535,0.019823822322491136
EOSE,2026-07-09 16:24:28-04:00,"5.02,8.01,9.01",4.610000133514404,111777948.74432087,-0.04555315229175072,0.010845924609461655,-0.05639918033660152,0.010845924609461655,-0.05206078980573903,0.021691952654312452,-0.1041214761760888,0.021691952654312452,-0.2472885188476346,0.021691952654312452
EOSE,2026-07-02 08:14:10-04:00,"8.01,9.01",5.25,108970711.39740944,-0.036190487089611256,0.057142893473307366,-0.09714290073939735,0.057142893473307366,-0.12761906215122765,0.057142893473307366,-0.17142858959379648,0.057142893473307366,-0.22666667756580172,0.057142893473307366
EOSE,2026-07-01 17:19:35-04:00,"8.01,9.01",5.53000020980835,109880501.67310238,-0.054249580353137095,0.05244122076861135,-0.08499100347142607,0.05244122076861135,-0.1853526322746658,0.05244122076861135,-0.20433997677553073,0.05244122076861135,-0.25316456460242176,0.05244122076861135
EPAC,2026-07-23 16:51:58-04:00,5.02,34.5,17313912.1925354,0.0049274831578352,0.011014523713485103,0.011014523713485103,0.024347830509793944,0.05304353133491846,0.0817391215891079,0.05304353133491846,0.0817391215891079,0.05304353133491846,0.0817391215891079
EPAC,2026-07-08 17:49:10-04:00,"1.01,2.03,7.01,9.01",36.75,16927778.795433044,-0.08081635974702384,0.005442197631005508,-0.04408160358870106,0.005442197631005508,-0.07074825779921345,0.005442197631005508,-0.03428566861314841,0.005442197631005508,-0.06557822714046557,0.005442197631005508
EPAC,2026-07-08 08:29:15-04:00,"2.02,9.01",36.75,16927778.795433044,-0.08081635974702384,0.005442197631005508,-0.04408160358870106,0.005442197631005508,-0.07074825779921345,0.005442197631005508,-0.03428566861314841,0.005442197631005508,-0.06557822714046557,0.005442197631005508
ERAS,2026-07-14 17:03:03-04:00,"8.01,9.01",19.469999313354492,83059895.50666809,0.09193636254006332,0.10939913421847236,-0.02311242277662362,0.10939913421847236,-0.03338467598632311,0.10939913421847236,0.0020544898273267,0.10939913421847236,-0.08988187271273673,0.10939913421847236
ERAS,2026-07-13 16:19:36-04:00,8.01,18.479999542236328,83059895.50666809,0.05519483133278458,0.06818183225611474,0.1504329413153811,0.16883121842630944,0.03733769216176719,0.16883121842630944,0.04870127926536516,0.16883121842630944,-0.01731600123110688,0.16883121842630944
ESQ,2026-07-23 08:30:30-04:00,"2.02,7.01,9.01",116.87999725341797,17785165.65284729,0.0275496346369819,0.04834019215134511,0.030886385140174166,0.05236142103351282,0.12842233477885823,0.1325290745018095,0.12842233477885823,0.1325290745018095,0.12842233477885823,0.1325290745018095
ETH,2026-07-17 16:03:22-04:00,"8.01,9.01",17.790000915527344,34857456.701660156,0.016863362654394365,0.026981423132889093,0.030354074220839022,0.04047213469933375,0.003934777471715778,0.047779563258999236,0.04328265940351783,0.05874075970582027,0.011242206031381263,0.05874075970582027
ETH,2026-07-02 16:35:01-04:00,5.02,16.489999771118164,36905966.91083908,0.03517282788092646,0.04154029566101891,0.03335361746775112,0.04548211100121469,0.009096399066844896,0.04548211100121469,0.024257102733916458,0.04548211100121469,0.09702852660265582,0.12128562933657228
ESI,2026-07-27 16:18:54-04:00,2.02,38.400001525878906,200858112.47730255,-0.049479204436969626,0.0007812181798132478,-0.09401042882559985,0.0007812181798132478,-0.09401042882559985,0.0007812181798132478,-0.09401042882559985,0.0007812181798132478,-0.09401042882559985,0.0007812181798132478
ESI,2026-07-20 08:25:44-04:00,"7.01,9.01",37.45000076293945,232023245.68252563,0.02082773734062937,0.02563415393632451,0.024566038723709216,0.04966623691479932,-0.0002670797336903341,0.04966623691479932,-0.025367176063707197,0.04966623691479932,-0.07102803186173623,0.04966623691479932
ESI,2026-07-09 08:30:28-04:00,9.01,40.16999816894531,286880950.2758026,-0.00871293228964276,0.010455613711410905,-0.014189686851040828,0.015683373085196628,-0.027383582879311197,0.02489420078622473,-0.06895685260966333,0.02489420078622473,-0.06796115675073244,0.02489420078622473
ESI,2026-07-06 17:18:48-04:00,"1.01,5.02,9.01",42.099998474121094,205794482.68470764,-0.08384795504129927,0.0,-0.06555815728187675,0.0,-0.054156742563741256,0.0,-0.03444173398565564,0.0,-0.0919239684596107,0.0
ESI,2026-07-06 09:13:10-04:00,"7.01,9.01",42.099998474121094,205794482.68470764,-0.08384795504129927,0.0,-0.06555815728187675,0.0,-0.054156742563741256,0.0,-0.03444173398565564,0.0,-0.0919239684596107,0.0
ETSY,2026-07-16 08:30:37-04:00,"1.01,9.01",83.0,200001167.6460266,0.01325299366410948,0.02224097194441832,0.012409623846950213,0.04216867469879526,-0.03036140533814946,0.04216867469879526,-0.028674665703830926,0.04216867469879526,0.031084359410297413,0.051325326942535776
EXE,2026-07-28 16:02:12-04:00,"2.02,7.01,9.01",91.95999908447266,348514460.18600464,0.005437146639602597,0.012179238339848464,0.005437146639602597,0.012179238339848464,0.005437146639602597,0.012179238339848464,0.005437146639602597,0.012179238339848464,0.005437146639602597,0.012179238339848464
EXE,2026-07-27 07:02:07-04:00,"7.01,9.01",91.4000015258789,310354054.9697876,-0.03150989972354712,0.0029540113627892772,0.011597347274590941,0.01838074701454029,0.011597347274590941,0.01838074701454029,0.011597347274590941,0.01838074701454029,0.011597347274590941,0.01838074701454029
EU,2026-07-09 16:05:13-04:00,"5.02,9.01",1.340000033378601,2964104.595643282,-0.014925358528601551,0.014925358528601551,-0.0895522401337635,0.014925358528601551,-0.0895522401337635,0.014925358528601551,-0.14179108394602313,0.014925358528601551,-0.1492537632103239,0.014925358528601551
ETHE,2026-07-17 16:05:10-04:00,"8.01,9.01",15.079999923706055,26909904.146909714,0.015915104266073676,0.02645889720592387,0.029840836309138696,0.040450905819854555,0.00265251737767902,0.047015891072685,0.042440341283865646,0.057029155240598595,0.009283842442377566,0.057029155240598595
ETHE,2026-07-02 16:35:24-04:00,5.02,14.020000457763672,30990074.995708466,0.034236770796289395,0.03994289926233763,0.030670423499405075,0.042795963495361855,0.006419343507491515,0.042795963495361855,0.020684732695029018,0.042795963495361855,0.09272462158449235,0.11754634163197752
ET,2026-07-20 18:02:28-04:00,"1.01,2.03,9.01",20.309999465942383,178887291.1371231,-0.0029541835312696385,0.006400840548185682,0.002954277443070863,0.011324542374836044,0.002461897869225682,0.01230920761072496,-0.005415987488694207,0.01230920761072496,-0.005415987488694207,0.01230920761072496
ET,2026-07-08 10:47:04-04:00,"1.01,8.01,9.01",19.860000610351562,147761694.0454483,-0.0035246572342869653,0.002517584870288747,-0.010070531560568363,0.002517584870288747,0.010573971702860785,0.024169160497716113,0.017119846029142183,0.024169160497716113,0.028197353914002132,0.03524666838257606
EVI,2026-07-23 15:45:19-04:00,"1.01,3.02,8.01,9.01",14.510000228881836,844593.525314331,-0.03859410136341901,0.004135042384282972,-0.0206754090973561,0.004135042384282972,0.046864186131985175,0.10889041342405359,0.046864186131985175,0.10889041342405359,0.046864186131985175,0.10889041342405359
EW,2026-07-23 16:29:00-04:00,"2.02,9.01",88.0,459479380.77049255,-0.06102275848388672,0.012272748080166984,-0.05636362595991651,0.012272748080166984,-0.02545452117919922,0.012272748080166984,-0.02545452117919922,0.012272748080166984,-0.02545452117919922,0.012272748080166984
EWBC,2026-07-21 16:05:49-04:00,"2.02,7.01,9.01",132.33999633789062,117566220.44677734,-0.0055915842137825855,0.005289383161647843,-0.012921199202032385,0.005289383161647843,-0.018512898715720483,0.005289383161647843,-0.015565948432809118,0.005289383161647843,-0.015565948432809118,0.005289383161647843
EWTX,2026-07-16 08:01:18-04:00,9.01,38.599998474121094,46687649.735832214,0.030051810706412718,0.04663220525681111,0.005440489830866646,0.05388605992948947,-0.006994731962163714,0.05388605992948947,0.05803113386049952,0.06321250098085152,0.02979278682225628,0.09792753221294559
EWTX,2026-07-13 08:37:12-04:00,"2.01,7.01,9.01",41.0,49270331.89353943,-0.030975620921065206,0.0017073096298589885,-0.004146296803544169,0.0017073096298589885,-0.030243943377238902,0.0017073096298589885,-0.03463410168159298,0.0017073096298589885,-0.015853695753144104,0.03365856263695699
EVTC,2026-07-23 16:09:18-04:00,"7.01,9.01",29.219999313354492,10972018.666648865,0.01745380701117094,0.02532511254303693,0.04312115874369571,0.05920607427236635,0.09171801396829382,0.0965092973456716,0.09171801396829382,0.0965092973456716,0.09171801396829382,0.0965092973456716
EYPT,2026-07-17 16:05:14-04:00,"1.01,9.01",13.270000457763672,21754908.449697495,-0.045968394070000085,0.039186095414573074,-0.016578768608865868,0.039186095414573074,-0.06028637250474389,0.039186095414573074,-0.06480788098604895,0.039186095414573074,-0.10173325809343914,0.039186095414573074
FAF,2026-07-22 16:15:15-04:00,"2.02,9.01",72.02999877929688,52439121.37145996,-0.042621126570206336,0.00041647618777274076,0.043037602757979077,0.05456060491153791,0.0989866028550015,0.10204079687189527,0.08524225314041267,0.10884359433778812,0.08524225314041267,0.10884359433778812
EXR,2026-07-28 16:46:03-04:00,"2.02,9.01",155.6300048828125,174485648.8861084,-0.017862871503410815,0.02088286254599314,-0.017862871503410815,0.02088286254599314,-0.017862871503410815,0.02088286254599314,-0.017862871503410815,0.02088286254599314,-0.017862871503410815,0.02088286254599314
EXR,2026-07-06 16:02:17-04:00,"1.01,2.03,9.01",147.07000732421875,191164972.11761475,0.004487579863005964,0.016726669834557173,-0.02094241978423761,0.016726669834557173,-0.021146395971107124,0.016726669834557173,-0.010675237954926087,0.016726669834557173,-0.010335243059518273,0.038417036887941736
FBP,2026-07-22 09:32:52-04:00,"2.01,9.01",28.760000228881836,33334579.6500206,0.0031293515949804007,0.005910990088352719,0.002086212290155931,0.008344915480116954,0.018428396468274766,0.018776043250390062,0.005215563885136554,0.022253107946978545,0.005215563885136554,0.022253107946978545
FAST,2026-07-16 16:05:10-04:00,5.02,46.900001525878906,464167483.07266235,-0.030063961653265303,0.004264327115892197,-0.04562906470621053,0.004264327115892197,-0.03347547214807467,0.004264327115892197,0.002558612536900595,0.004264327115892197,0.018763267053038213,0.04840077972734913
FAST,2026-07-14 08:01:18-04:00,"2.02,9.01",45.86000061035156,380141360.6927872,-0.010902747347263264,0.004143014046670057,0.01766239746649534,0.03467073989155156,-0.023986094072795616,0.03467073989155156,-0.011556885570063513,0.03467073989155156,0.041866509886437475,0.07217613420281155
FANG,2026-07-13 16:03:27-04:00,2.02,193.58999633789062,445621091.31469727,-0.01498008136444584,0.0014980554285237702,-0.019784089588853693,0.0014980554285237702,0.010072818767136393,0.012965596431150583,0.032078138495484465,0.03259464682038793,-0.01694301793142239,0.08760786732112602
EXLS,2026-07-28 16:03:41-04:00,"2.02,9.01",31.25,55938388.879966736,0.1516800537109375,0.15840002441406242,0.1516800537109375,0.15840002441406242,0.1516800537109375,0.15840002441406242,0.1516800537109375,0.15840002441406242,0.1516800537109375,0.15840002441406242
EXLS,2026-07-21 16:01:48-04:00,"5.02,8.01,9.01",27.549999237060547,59097111.93437576,-0.026134277070539502,0.005081716910131151,-0.024319422680515124,0.005081716910131151,0.03666062638300094,0.05299459282224883,0.30635218421540533,0.3139746557322163,0.30635218421540533,0.3139746557322163
FBK,2026-07-27 16:17:37-04:00,"7.01,9.01",59.11000061035156,26502031.791305542,0.009135525460183702,0.013195715974333444,0.009812180855498953,0.017086758773545485,0.009812180855498953,0.017086758773545485,0.009812180855498953,0.017086758773545485,0.009812180855498953,0.017086758773545485
FBK,2026-07-13 16:18:15-04:00,"2.02,7.01,9.01",55.5,19277313.79737854,0.05225227974556579,0.06018018292951144,0.06252254451717332,0.06810808611345731,0.08036034386437207,0.09612610963013801,0.06882882333016616,0.09612610963013801,0.0747748022680883,0.09612610963013801
FBLA,2026-07-28 16:20:44-04:00,"2.02,9.01",15.5600004196167,1040897.0067977905,-0.0016067205353716973,0.014138772970541558,-0.0016067205353716973,0.014138772970541558,-0.0016067205353716973,0.014138772970541558,-0.0016067205353716973,0.014138772970541558,-0.0016067205353716973,0.014138772970541558
FC,2026-07-01 16:22:01-04:00,"2.02,7.01,9.01",19.290000915527344,3275947.0111846924,0.12908240813580552,0.19595638153931838,0.1871435216002031,0.21099012450269528,0.012960082329429357,0.21099012450269528,0.08709167019659625,0.21099012450269528,0.05132191415923004,0.21099012450269528
FBRX,2026-07-27 06:06:03-04:00,"1.01,7.01,9.01",76.5,30797932.431983948,0.001960804259854898,0.0023529451656965072,0.0003921409058416092,0.0023529451656965072,0.0003921409058416092,0.0023529451656965072,0.0003921409058416092,0.0023529451656965072,0.0003921409058416092,0.0023529451656965072
FBRX,2026-07-09 08:05:21-04:00,"7.01,8.01,9.01",37.939998626708984,9535544.927597046,0.1576172840983323,0.19557201508223176,0.16288878568448828,0.19557201508223176,0.16367957627700624,0.22113873242049387,0.28782294093060723,0.31787036926250756,0.44385874438943373,0.6462836411517974
FCAP,2026-07-24 16:45:29-04:00,"2.02,9.01",59.47999954223633,897632.0081710815,0.06254205193901496,0.06590453957315545,0.07767315009147135,0.08069938254878606,0.07078007930183605,0.0891055695670786,0.07078007930183605,0.0891055695670786,0.07078007930183605,0.0891055695670786
FBNC,2026-07-22 16:05:34-04:00,"2.02,9.01",62.040000915527344,16414864.360046387,0.01982591109099241,0.01982591109099241,0.011283055328973335,0.02901352692614223,0.035138624645477234,0.039168282870988724,0.01740809156060341,0.039168282870988724,0.01740809156060341,0.039168282870988724
FBNC,2026-07-14 08:45:27-04:00,"1.01,8.01,9.01",63.97999954223633,12450706.97555542,0.0071897921610057924,0.014692069919263417,0.03516729963731757,0.04001252565813207,0.001094146764963222,0.04001252565813207,-0.021412925002920025,0.04001252565813207,-0.013441710167313103,0.04001252565813207
FCBC,2026-07-21 16:14:00-04:00,"2.02,8.01,9.01",46.7599983215332,2595288.031768799,0.003207902721626743,0.015825528336814054,0.010692900298282293,0.015825528336814054,0.03015397557794164,0.045551778113181784,0.018819527367476274,0.05538922680831626,0.018819527367476274,0.05538922680831626
FDBC,2026-07-22 08:59:49-04:00,"2.02,9.01",51.59000015258789,366985.49461364746,-0.017057589949843965,0.0,-0.0007753618028499831,0.01415002016044209,0.02830004032088418,0.02830004032088418,0.0281062368414573,0.04186857610047445,0.0281062368414573,0.04186857610047445
FCX,2026-07-23 08:06:44-04:00,"2.02,7.01,9.01",62.560001373291016,885268939.2694473,0.0006393398329935795,0.006873406261774129,0.002557542261826473,0.015505073285052351,-0.04108055687993384,0.015505073285052351,-0.04108055687993384,0.015505073285052351,-0.04108055687993384,0.015505073285052351
FATN,2026-07-23 11:23:35-04:00,"7.01,9.01",4.650000095367432,269446.00019454956,-0.03010749755146691,0.022580648800005987,0.12043009275149075,0.16774187461808165,0.10107522162416482,0.16774187461808165,0.10107522162416482,0.16774187461808165,0.10107522162416482,0.16774187461808165
FATN,2026-07-21 10:37:34-04:00,"8.01,9.01",4.550000190734863,265803.0074596405,0.0395604001743024,0.09890105283544126,0.017582400077467586,0.09890105283544126,0.14505490543847954,0.19340650565151574,0.12527465295164286,0.19340650565151574,0.12527465295164286,0.19340650565151574
FATN,2026-07-02 17:25:00-04:00,"1.01,9.01",5.940000057220459,534793.9883708954,0.008417460171052937,0.057239082375865946,-0.13973062554050575,0.057239082375865946,-0.09764308385839604,0.057239082375865946,-0.16498316660489454,0.057239082375865946,-0.2441077899216052,0.057239082375865946
FCFS,2026-07-23 15:26:57-04:00,"2.02,8.01,9.01",200.3699951171875,75946640.41442871,-0.02650096166089222,0.03508508734147209,0.03179123886413748,0.03508508734147209,0.009232949785888067,0.05544742666612246,0.009232949785888067,0.05544742666612246,0.009232949785888067,0.05544742666612246
FCFS,2026-07-22 07:49:11-04:00,5.02,213.11000061035156,66425185.6338501,-0.07367085966532338,0.03223684997190035,-0.0846980573415711,0.03223684997190035,-0.0299376137419175,0.03223684997190035,-0.05110036769020343,0.03223684997190035,-0.05110036769020343,0.03223684997190035
FCFS,2026-07-16 07:00:26-04:00,"8.01,9.01",213.1699981689453,84015425.67749023,0.0020640917820786697,0.011024094026839348,-0.016465705948236375,0.011024094026839348,-0.020781501683319936,0.011024094026839348,-0.08495567277717331,0.03194632273344844,-0.051367439331513665,0.03194632273344844
FCF,2026-07-28 17:02:27-04:00,"2.02,7.01,9.01",21.829999923706055,18265720.225811005,-0.0018322953879296167,0.023362355962631254,-0.0018322953879296167,0.023362355962631254,-0.0018322953879296167,0.023362355962631254,-0.0018322953879296167,0.023362355962631254,-0.0018322953879296167,0.023362355962631254
FCEL,2026-07-21 16:34:07-04:00,"8.01,9.01",20.65999984741211,226048839.83097076,0.08760888089595542,0.1001935968108687,0.1277831272578216,0.2149080622870274,0.040174246361866395,0.2149080622870274,-0.12487899045310147,0.2149080622870274,-0.12487899045310147,0.2149080622870274
FCEL,2026-07-09 08:15:34-04:00,"1.01,7.01,9.01",22.639999389648438,450458873.8433838,-0.07111301883422583,0.003091859395377261,-0.1572437969044338,0.003091859395377261,-0.10556534691167896,0.011042403124547073,-0.18286216878350914,0.011042403124547073,-0.0609540281788864,0.10865729055390627
FCCO,2026-07-27 16:28:50-04:00,"7.01,9.01",33.97999954223633,1443611.9926452637,0.030311912689010123,0.03766918176987821,0.022660402240635147,0.051795237196599286,0.022660402240635147,0.051795237196599286,0.022660402240635147,0.051795237196599286,0.022660402240635147,0.051795237196599286
FCCO,2026-07-22 16:06:31-04:00,"2.02,5.02,9.01",32.36000061035156,1264051.4448165894,0.01854136164413922,0.028121131960702428,0.03986405720631203,0.052534015169197534,0.08189115145856762,0.08961673845747598,0.07385659284826795,0.10444996923251026,0.07385659284826795,0.10444996923251026
FDMT,2026-07-20 08:30:05-04:00,8.01,11.130000114440918,8312540.5109882355,0.022012568107811603,0.0745732178950429,-0.015274040839709846,0.0745732178950429,-0.095238131960248,0.0745732178950429,-0.11500446718867696,0.0745732178950429,-0.13656787440563511,0.0745732178950429
FF,2026-07-28 16:17:01-04:00,"8.01,9.01",4.730000019073486,1256556.0167312622,-0.012684977280675303,0.029598280321575743,-0.012684977280675303,0.029598280321575743,-0.012684977280675303,0.029598280321575743,-0.012684977280675303,0.029598280321575743,-0.012684977280675303,0.029598280321575743
FCPT,2026-07-28 16:32:03-04:00,"7.01,9.01",26.149999618530273,16531936.380577087,0.006883376971379862,0.013001918070658869,0.006883376971379862,0.013001918070658869,0.006883376971379862,0.013001918070658869,0.006883376971379862,0.013001918070658869,0.006883376971379862,0.013001918070658869
FCPT,2026-07-16 16:51:56-04:00,"7.01,8.01,9.01",26.530000686645508,17198907.611083984,-0.007538664069470902,0.012438745388806849,-0.0015077615715056725,0.012438745388806849,-0.008292544855223793,0.012438745388806849,-0.017338898602171637,0.012438745388806849,-0.007538664069470902,0.012438745388806849
FFBC,2026-07-27 16:16:13-04:00,"7.01,9.01",33.58000183105469,46642048.93436432,0.006253694848773028,0.009827218533747795,0.007147047369949311,0.013400742218722339,0.007147047369949311,0.013400742218722339,0.007147047369949311,0.013400742218722339,0.007147047369949311,0.013400742218722339
FFBC,2026-07-21 16:30:48-04:00,"1.01,2.02,7.01,9.01",33.2400016784668,37643731.453704834,0.021660570687404013,0.02226226914569951,0.016546305935262406,0.02226226914569951,0.010228644266529807,0.02767744050811216,0.017448796241582354,0.02767744050811216,0.017448796241582354,0.02767744050811216
FGBI,2026-07-27 16:31:19-04:00,"2.02,9.01",9.359999656677246,277922.4985599518,0.029914604371353848,0.03418810472607792,-0.0010682986724669385,0.035256403398544967,-0.0010682986724669385,0.035256403398544967,-0.0010682986724669385,0.035256403398544967,-0.0010682986724669385,0.035256403398544967
FFIV,2026-07-27 16:06:52-04:00,"2.02,9.01",393.989990234375,213425999.33319092,0.02403614674339738,0.050788117113639286,-0.017868418492449134,0.050788117113639286,-0.017868418492449134,0.050788117113639286,-0.017868418492449134,0.050788117113639286,-0.017868418492449134,0.050788117113639286
FEIM,2026-07-15 16:10:31-04:00,"2.02,9.01",51.0,14874736.279296875,0.10058825623755352,0.11058822332643992,0.29215689266429234,0.3211764167336857,0.5656862445906097,0.5719607484106923,0.436078389485677,0.5788234635895373,0.13117644366096037,0.5788234635895373
FHN,2026-07-28 16:31:37-04:00,"5.03,9.01",25.8700008392334,137859929.36105728,-0.0038654958726583866,0.008504031937287326,-0.0038654958726583866,0.008504031937287326,-0.0038654958726583866,0.008504031937287326,-0.0038654958726583866,0.008504031937287326,-0.0038654958726583866,0.008504031937287326
FHN,2026-07-15 06:32:14-04:00,"2.02,7.01,9.01",24.719999313354492,99697891.84541702,0.0275081037242757,0.0275081037242757,0.043689318515579556,0.057038830363170145,0.03195796672617868,0.057038830363170145,0.03236250674072605,0.057038830363170145,0.04247577563005578,0.057038830363170145
FHB,2026-07-24 08:03:08-04:00,"2.02,9.01",28.219999313354492,80655310.57701111,-0.015237363865691522,0.008858965488411474,-0.0046066323150150135,0.008858965488411474,-0.00779586529792653,0.008858965488411474,-0.00779586529792653,0.008858965488411474,-0.00779586529792653,0.008858965488411474
FHB,2026-07-15 16:23:11-04:00,"1.01,9.01",28.770000457763672,55097911.77997589,0.03302046716980356,0.03614873102645588,0.018074398661448443,0.03614873102645588,0.010079909751981031,0.03614873102645588,-0.004171040574349916,0.03614873102645588,-0.026764005752939912,0.03614873102645588
FHB,2026-07-13 07:15:25-04:00,"2.02,7.01,8.01,9.01",29.059999465942383,55097911.77997589,-0.018238086339885218,0.0,-0.010667566126616568,0.0,0.00791470935347105,0.025808672188001314,0.0,0.025808672188001314,-0.033379192401269964,0.025808672188001314
FELE,2026-07-28 16:00:17-04:00,"7.01,9.01",109.54000091552734,31724132.538986206,-0.03797702781943002,0.017162655082208156,-0.03797702781943002,0.017162655082208156,-0.03797702781943002,0.017162655082208156,-0.03797702781943002,0.017162655082208156,-0.03797702781943002,0.017162655082208156
FELE,2026-07-28 08:00:12-04:00,"2.02,9.01",109.54000091552734,31724132.538986206,-0.03797702781943002,0.017162655082208156,-0.03797702781943002,0.017162655082208156,-0.03797702781943002,0.017162655082208156,-0.03797702781943002,0.017162655082208156,-0.03797702781943002,0.017162655082208156
FFIN,2026-07-17 16:27:53-04:00,"2.02,9.01",35.31999969482422,24587969.70539093,-0.012457492370065437,0.0005662643809876133,-0.015288814275003393,0.0005662643809876133,-0.0232162996010552,0.0005662643809876133,-0.02491509274401804,0.0005662643809876133,-0.0022649495200631753,0.004530007044013518
FIBK,2026-07-23 16:14:03-04:00,"2.02,7.01,8.01,9.01",37.68000030517578,36941670.25241852,0.01167724583719143,0.02229299749959157,0.002123089588893512,0.026008480209638307,0.001857741355023368,0.026008480209638307,0.001857741355023368,0.026008480209638307,0.001857741355023368,0.026008480209638307
FIBK,2026-07-16 16:06:43-04:00,"5.02,9.01",39.83000183105469,34716803.19633484,-0.016319394827948863,0.002761656806365753,-0.032136644116248725,0.002761656806365753,-0.03615371265897127,0.002761656806365753,-0.04293253378252837,0.002761656806365753,-0.05222198682986123,0.002761656806365753
FIBK,2026-07-09 16:02:59-04:00,"5.02,9.01",39.04999923706055,36745896.770095825,-0.005121658562022291,0.00512165856202218,-0.0056337364994637484,0.00512165856202218,0.007682438999277341,0.02586433177883185,0.0033290927184412844,0.03969268290252659,-0.023815629279018258,0.03969268290252659
FIVE,2026-07-22 17:19:51-04:00,8.01,203.47999572753906,235014754.71954346,-0.010664429990705049,0.014890892681922674,-0.0014251685287094418,0.014890892681922674,0.02216438893415318,0.028258306077906914,0.029536120954476663,0.06320031885380595,0.029536120954476663,0.06320031885380595
FG,2026-07-08 16:10:34-04:00,"2.02,7.01",28.610000610351562,13858662.808418274,0.00768959485009213,0.01782594260754089,0.037049963066371205,0.03739949919599361,0.05767212804369093,0.08004190700192271,0.13177212084363332,0.14190833526668212,0.01782594260754089,0.16952108950204936
FIP,2026-07-02 16:05:31-04:00,"1.01,2.03,9.01",4.449999809265137,5184696.263122559,-0.008988755857864406,0.01573037632847374,-0.013483133786796553,0.03370788804420255,0.004494377928932147,0.03370788804420255,0.008988755857864295,0.03370788804420255,-0.08089880272077932,0.0382022659731347
FISI,2026-07-23 16:06:14-04:00,"2.02,7.01,9.01",38.939998626708984,4660349.853515625,0.04314330673919109,0.05752444164007686,0.059322071257254416,0.06445819786210416,0.059322071257254416,0.08525936856471872,0.059322071257254416,0.08525936856471872,0.059322071257254416,0.08525936856471872
FINW,2026-07-20 16:16:23-04:00,"7.01,9.01",13.800000190734863,381766.00556373596,-0.027536239796289608,0.038985514447509084,-0.016666702371863962,0.038985514447509084,-0.002173893663518389,0.038985514447509084,0.011594191681209676,0.06304346909670255,0.02173914395568488,0.06304346909670255
FIZZ,2026-07-02 16:31:36-04:00,"2.02,8.01,9.01",33.279998779296875,17628000.43106079,-0.028245152078964275,0.0066106138453341234,-0.024038439495322916,0.009615375798129211,-0.022235513549053287,0.009615375798129211,-0.06460335629182068,0.02103367754252794,-0.06400238097639743,0.02103367754252794
FJET,2026-07-24 13:50:50-04:00,"4.01,7.01,9.01",3.5,3159088.0955457687,0.04285717010498047,0.06057139805385048,0.051428590502057725,0.06285715103149414,-0.008571420397077256,0.06857143129621224,-0.008571420397077256,0.06857143129621224,-0.008571420397077256,0.06857143129621224
FJET,2026-07-14 16:30:22-04:00,"4.01,9.01",4.739999771118164,3528986.9668722153,-0.07805905135556557,0.04430380765555042,-0.16033750817363313,0.04430380765555042,-0.22151893767919117,0.04430380765555042,-0.2151898294854384,0.04430380765555042,-0.2679324480659927,0.04430380765555042
FIX,2026-07-23 16:05:14-04:00,"2.02,8.01,9.01",1821.3299560546875,678092685.6018066,-0.048168087378735125,0.015735772688749927,-0.04991402672929257,0.015735772688749927,-0.1654669952115686,0.015735772688749927,-0.1654669952115686,0.015735772688749927,-0.1654669952115686,0.015735772688749927
FMAO,2026-07-27 16:45:28-04:00,"2.02,9.01",31.59000015258789,1942980.0090789795,0.09021837481338602,0.09971514753604249,0.11016142847189081,0.13770175540074314,0.11016142847189081,0.13770175540074314,0.11016142847189081,0.13770175540074314,0.11016142847189081,0.13770175540074314
FMAO,2026-07-07 15:19:30-04:00,5.02,30.149999618530273,3513649.9877929688,-0.021890542479691133,0.008291874068427907,-0.006965143851729638,0.008291874068427907,-0.0023217146172431757,0.008291874068427907,0.0009950476625235627,0.00928692173095147,0.010945271239845678,0.05837480103316928
FLG,2026-07-24 06:08:02-04:00,"2.02,7.01,8.01,9.01",13.75,49858416.383457184,0.0007272893732244157,0.01527273004705254,0.016727239435369246,0.016727239435369246,0.02399999445134937,0.04072730324485074,0.02399999445134937,0.04072730324485074,0.02399999445134937,0.04072730324485074
FNB,2026-07-17 07:34:22-04:00,"2.02,9.01",18.90999984741211,124306008.22591782,-0.008461123675471915,0.010576455026615195,0.009518789351043555,0.010576455026615195,-0.0021152304865927896,0.010576455026615195,-0.003701728999950138,0.0211528091886799,0.0047593946755217775,0.0211528091886799
FOR,2026-07-21 12:00:41-04:00,"2.02,9.01",27.299999237060547,4169806.558609009,0.0036630177386223206,0.01465207095448906,0.02234434532596863,0.02454212802264122,0.058241765458711736,0.07179491013173833,0.06117216567635908,0.09084254647957235,0.06117216567635908,0.09084254647957235
FMNB,2026-07-22 08:05:26-04:00,"2.02,7.01,9.01",14.829999923706055,5598527.050733566,-0.0006743242706191976,0.007417374055505466,0.0242750949783741,0.031018209070362346,0.07889413906359333,0.0822656318024857,0.07619690628821862,0.08563725315558157,0.07619690628821862,0.08563725315558157
FOSL,2026-07-20 16:34:09-04:00,"8.01,9.01",4.050000190734863,2204500.5316972733,0.02469133331433837,0.037036941102725374,0.027160407776990025,0.03950613330294139,0.0,0.03950613330294139,0.0962962587947016,0.10123452545756928,0.08641972546896648,0.10864186658308861
FNLC,2026-07-22 16:17:04-04:00,2.02,33.86000061035156,1033669.993019104,0.003839369928289038,0.0067926620818197225,0.03307734529521422,0.03957472322603062,0.04725335042173473,0.05404601250355445,0.049911358424261865,0.05877134754572788,0.049911358424261865,0.05877134754572788
FNLC,2026-07-08 16:18:23-04:00,5.02,33.04999923706055,1366917.4673080444,0.0148260723079634,0.04689861642485171,0.012102920880868506,0.04689861642485171,0.022390369003004285,0.04689861642485171,0.061724688732815336,0.061724688732815336,0.028441829443438538,0.069288985427856
FNWD,2026-07-28 16:50:07-04:00,"2.02,9.01",43.619998931884766,439110.0040435791,0.014213726771295843,0.03140767492272012,0.014213726771295843,0.03140767492272012,0.014213726771295843,0.03140767492272012,0.014213726771295843,0.03140767492272012,0.014213726771295843,0.03140767492272012
FNWD,2026-07-21 16:30:46-04:00,"1.01,7.01,9.01",43.119998931884766,262581.0089111328,0.03872917497703621,0.03872917497703621,0.03432281027126738,0.03872917497703621,0.02597409031366782,0.043599283735721084,0.02597409031366782,0.043599283735721084,0.02597409031366782,0.043599283735721084
FNWD,2026-07-06 16:45:19-04:00,8.01,37.099998474121094,832397.9742050171,-0.026145483716999984,0.05633423823577144,-0.043935237748189304,0.05633423823577144,-0.04070076505761844,0.05633423823577144,-0.021563322640527405,0.05633423823577144,-0.016441962823254497,0.05633423823577144
FMBH,2026-07-23 08:00:27-04:00,"2.02,9.01",50.099998474121094,6735352.53238678,0.01796410286007899,0.022355344924023468,0.021157712686130203,0.03093818560809858,0.04830343427839856,0.06506990490058406,0.04830343427839856,0.06506990490058406,0.04830343427839856,0.06506990490058406
FMBH,2026-07-15 09:00:31-04:00,"1.01,2.03,9.01",48.86000061035156,6453611.65561676,0.03336064362983038,0.03376990770712496,0.007572634614465779,0.03376990770712496,0.009210003219773055,0.03376990770712496,0.024355272448704612,0.03376990770712496,0.07490789606410075,0.0920998760496663
FOA,2026-07-01 17:06:33-04:00,"7.01,8.01,9.01",27.979999542236328,2212301.975917816,-0.01822731369641306,0.01358116777456031,-0.03931380984510935,0.01358116777456031,-0.08184414030178644,0.01358116777456031,-0.08041458315978822,0.01358116777456031,-0.1333094926111712,0.01358116777456031
FR,2026-07-22 16:55:14-04:00,"2.02,9.01",66.56999969482422,77383518.72558594,-0.0036051955065307117,0.013219126595345188,0.006309120788203337,0.013219126595345188,-0.005858485675774405,0.013219126595345188,-0.01862697715869055,0.013219126595345188,-0.01862697715869055,0.013219126595345188
FRHC,2026-07-10 16:16:17-04:00,"5.02,9.01",162.89999389648438,28911317.67425537,-0.012768487723746391,0.057305138512154574,-0.08588085180202654,0.057305138512154574,-0.08121544642872192,0.057305138512154574,-0.03302633410435962,0.057305138512154574,-0.04106806281937847,0.057305138512154574
FRHC,2026-07-10 16:10:57-04:00,"3.02,7.01,9.01",162.89999389648438,28911317.67425537,-0.012768487723746391,0.057305138512154574,-0.08588085180202654,0.057305138512154574,-0.08121544642872192,0.057305138512154574,-0.03302633410435962,0.057305138512154574,-0.04106806281937847,0.057305138512154574
FRST,2026-07-23 16:35:43-04:00,"2.02,7.01,8.01,9.01",15.34000015258789,2291401.505470276,0.0,0.018252915918254065,0.029986964378834857,0.037157737233011634,0.04563238304931572,0.06323333140194598,0.04563238304931572,0.06323333140194598,0.04563238304931572,0.06323333140194598
FRMM,2026-07-16 08:00:14-04:00,"1.01,7.01,9.01",5.550000190734863,2156934.972667694,0.023423357321821436,0.052252243583189806,0.09189184405724315,0.13513513049099446,0.027026957364917115,0.16018016367800048,0.03243240038786199,0.16018016367800048,-0.046846886476847094,0.16018016367800048
FRMM,2026-07-01 16:01:27-04:00,"1.01,9.01",5.78000020980835,1389356.0004234314,0.04152245024332313,0.10034600391913928,0.17820063937425767,0.23650511704825594,0.031141837682492346,0.23650511704825594,0.031141837682492346,0.23650511704825594,-0.017301103432493137,0.23650511704825594
FSBW,2026-07-21 16:39:48-04:00,"2.02,8.01,9.01",42.290000915527344,676008.4762573242,0.016788816956775587,0.016788816956775587,0.030030750301955456,0.030030750301955456,0.028139006879805084,0.04209029890664584,0.03948919680283458,0.043509106473258674,0.03948919680283458,0.043509106473258674
FRME,2026-07-22 16:12:30-04:00,"2.02,9.01",39.599998474121094,19835729.650497437,0.057828308175917664,0.0613636464345777,0.09040409012627237,0.09545461463753346,0.09646464247519138,0.10378789819998291,0.09242424213233114,0.10404047740745459,0.09242424213233114,0.10404047740745459
FRME,2026-07-13 16:33:45-04:00,"8.01,9.01",43.29999923706055,17937701.398086548,0.0,0.007390293313223273,0.010392627502734397,0.02263278428415183,0.029792169474756713,0.04688227782361376,0.016859112126993203,0.04688227782361376,0.0027713379676472805,0.04688227782361376
FRME,2026-07-02 16:10:19-04:00,5.02,43.310001373291016,18956809.06791687,0.0027706979468895554,0.00923568918259865,-0.010852025070425708,0.00923568918259865,-0.017778813977099683,0.00923568918259865,-0.00023094287493230503,0.00923568918259865,0.023320209870878905,0.04664050782065754
FSUN,2026-07-27 17:16:18-04:00,"2.02,7.01,8.01,9.01",35.290000915527344,6845640.123748779,0.11476336446561497,0.12028900033315093,0.10767920483075355,0.12504953485340375,0.10767920483075355,0.12504953485340375,0.10767920483075355,0.12504953485340375,0.10767920483075355,0.12504953485340375
FSUN,2026-07-09 16:30:14-04:00,"2.02,7.01",34.619998931884766,10735962.87689209,0.01328720142582851,0.052715217193685104,0.02484115068991266,0.052715217193685104,0.019930747044904162,0.052715217193685104,0.02339692080536171,0.0545927050248336,-0.0037549756622967667,0.0545927050248336
FSUN,2026-07-01 16:38:59-04:00,"5.02,9.01",39.900001525878906,11331515.643310547,-0.023057692943842856,0.01766912254126507,-0.028822092278192546,0.01766912254126507,-0.06817045405221223,0.01766912254126507,-0.12080199274423575,0.01766912254126507,-0.1120301014977132,0.01766912254126507
FRAF,2026-07-24 10:36:14-04:00,"7.01,9.01",62.349998474121094,2299438.52519989,0.012028869580667179,0.017963155958165666,0.026303179542600974,0.03656774394699003,0.02774664633956081,0.038492407130932715,0.02774664633956081,0.038492407130932715,0.02774664633956081,0.038492407130932715
FRAF,2026-07-24 08:00:23-04:00,"7.01,9.01",62.349998474121094,2299438.52519989,0.012028869580667179,0.017963155958165666,0.026303179542600974,0.03656774394699003,0.02774664633956081,0.038492407130932715,0.02774664633956081,0.038492407130932715,0.02774664633956081,0.038492407130932715
FRAF,2026-07-24 07:45:27-04:00,"2.02,9.01",62.349998474121094,2299438.52519989,0.012028869580667179,0.017963155958165666,0.026303179542600974,0.03656774394699003,0.02774664633956081,0.038492407130932715,0.02774664633956081,0.038492407130932715,0.02774664633956081,0.038492407130932715
FRAF,2026-07-17 16:26:06-04:00,"8.01,9.01",62.45000076293945,2328463.5538101196,0.008646932088554937,0.013130499356388103,0.016813438338397324,0.021136904382674793,0.005764621392369884,0.021136904382674793,0.01040828988375897,0.021136904382674793,0.02610089748922073,0.036829450904113825
FRMI,2026-07-23 16:34:58-04:00,"5.02,9.01",6.5,107143585.74550152,0.138461553133451,0.16076924250676083,0.11230769524207473,0.16076924250676083,-0.09846151792086089,0.16076924250676083,-0.09846151792086089,0.16076924250676083,-0.09846151792086089,0.16076924250676083
FRMI,2026-07-21 16:01:13-04:00,"5.02,9.01",6.590000152587891,106327457.90531635,-0.0015174853794061027,0.031107726700970062,-0.040971164594053144,0.031107726700970062,0.09711682119373966,0.1449165252797493,-0.11077390017765254,0.1449165252797493,-0.11077390017765254,0.1449165252797493
FRMI,2026-07-15 16:54:32-04:00,"1.01,2.03,3.02,7.01,9.01",6.110000133514404,93735567.93708801,-0.029459951103511184,0.003273319229047278,-0.009819957687141612,0.03273319229047211,0.08837969722636085,0.12274958815239967,0.034369890926038815,0.12274958815239967,-0.04091652938413326,0.23486086929987438
FRMI,2026-07-13 09:15:42-04:00,"5.02,9.01",6.199999809265137,98823343.5464859,0.08709677072022881,0.09193551438656211,0.00806454714081517,0.129032292797713,-0.024193487604002417,0.129032292797713,0.07258069353967156,0.129032292797713,0.012903290807148471,0.21693553361386742
FRMI,2026-07-09 17:11:38-04:00,"7.01,8.01,9.01",6.144999980926514,98823343.5464859,0.07241662702076712,0.07567130252745424,0.026851092329564175,0.10496338208763722,0.017087065809503033,0.1391375137066435,-0.01545968925736707,0.1391375137066435,0.20423110143796852,0.22782751826084557
FSBC,2026-07-23 16:11:16-04:00,"1.01,8.01,9.01",47.650001525878906,5636381.106567383,-0.017628544085810383,0.0038824250297930796,-0.009234048841893161,0.007135364988461346,-0.0048269328345913465,0.013746038999414179,-0.0048269328345913465,0.013746038999414179,-0.0048269328345913465,0.013746038999414179
FSBC,2026-07-22 16:02:07-04:00,"2.02,7.01,9.01",44.81999969482422,5636381.106567383,0.056447987428010604,0.062249016834543314,0.04439985925962864,0.06726906314541115,0.06715756708445642,0.07775548045695335,0.0580097833963471,0.07775548045695335,0.0580097833963471,0.07775548045695335
FSBC,2026-07-20 14:06:20-04:00,"7.01,9.01",48.86000061035156,5846821.987915039,0.009619345371099985,0.01964795481949433,-0.010028687522426805,0.01964795481949433,-0.041956594585597085,0.01964795481949433,-0.021080613312122187,0.01964795481949433,-0.029472010303273843,0.01964795481949433
FSBC,2026-07-10 12:09:26-04:00,"7.01,9.01",47.869998931884766,6084729.056167603,-0.0016711514130437477,0.006475900986171457,-0.0045957261523840165,0.01748489281832022,0.037810766945420404,0.04992687367821369,0.024441236886330486,0.04992687367821369,-0.013787337834522129,0.04992687367821369
FUL,2026-07-20 15:15:37-04:00,"1.01,1.02,2.03,9.01",55.540000915527344,40196618.27220917,0.008282302428699762,0.017824952240732772,0.012783562707399332,0.028087820181465384,0.0028808038310164097,0.028087820181465384,0.02826790905553067,0.048973665127280075,0.003961062340284371,0.048973665127280075
FTRE,2026-07-14 16:05:39-04:00,5.02,18.1200008392334,16829875.71325302,-0.011589458173014822,0.0022074506802507443,-0.011037569187436924,0.0022074506802507443,-0.02152324938929584,0.0022074506802507443,0.020419366156078977,0.02593815074979755,0.1258277413740636,0.18046348780154808
FSK,2026-07-09 16:27:35-04:00,"7.01,9.01",10.5600004196167,27147218.59869957,0.022727250149756628,0.029829504532797646,0.023674241483512493,0.03977264260704194,0.031249991533431443,0.05160976334879841,0.03503786655839103,0.05776511670814766,0.006628758716162864,0.05776511670814766
FTH,2026-07-23 17:15:56-04:00,5.02,27.15999984741211,10637274.948120117,0.041605341475099644,0.041605341475099644,0.07658320822502662,0.16384391708173962,0.06516938393621974,0.16384391708173962,0.06516938393621974,0.16384391708173962,0.06516938393621974,0.16384391708173962
FTK,2026-07-17 16:29:33-04:00,"1.01,2.03,9.01",25.790000915527344,7607224.876117706,-0.006591704934434284,0.027530013930522568,0.057774320210321584,0.06281500094516934,0.005816192834640965,0.10507944894414689,-0.05544785786784612,0.10507944894414689,-0.15471118793425642,0.10507944894414689
FUBO,2026-07-09 16:33:34-04:00,"5.02,7.01,9.01",9.8100004196167,10444438.162851334,-0.06422019240500032,0.03516812421991444,0.002038685344942781,0.06727826902966605,0.04689092950772222,0.06727826902966605,-0.009174327088500522,0.09378176180094155,-0.15086650689139025,0.09378176180094155
FULT,2026-07-22 16:30:58-04:00,"2.02,9.01",24.860000610351562,38029006.48841858,-0.02413517163068335,0.0,-0.011665362365541943,0.0,-0.007240559161564519,0.0020112323343921545,-0.016090165569519255,0.0020112323343921545,-0.016090165569519255,0.0020112323343921545
FULT,2026-07-21 16:34:39-04:00,5.02,24.610000610351562,41318319.84958649,-0.006907764001535144,0.0,-0.01422187617998305,0.010158471913846334,-0.008533156709185863,0.01219013529541968,-0.0060951451506998655,0.01219013529541968,-0.0060951451506998655,0.01219013529541968
FUN,2026-07-02 16:46:54-04:00,"5.02,7.01,9.01",20.239999771118164,53791383.59298706,-0.03409093586266865,0.016304344240999136,-0.055829998692938476,0.016304344240999136,-0.07855732068024879,0.016304344240999136,-0.06521737696399665,0.016304344240999136,-0.14081029711949833,0.016304344240999136
FUN,2026-07-01 16:46:16-04:00,5.02,20.239999771118164,53898765.82927704,0.03705533638741576,0.06867585994896719,-0.03409093586266865,0.06867585994896719,-0.07806323822002526,0.06867585994896719,-0.038537583768086026,0.06867585994896719,-0.13389323691296373,0.06867585994896719
FWDI,2026-07-17 17:52:25-04:00,5.02,4.099999904632568,4712986.4678144455,0.01707321299746467,0.03902447023681255,0.0536586029624615,0.09024387662570943,0.03902447023681255,0.09268295689752515,-0.002438963970067154,0.09268295689752515,-0.07317072177911899,0.09268295689752515
GAIN,2026-07-07 18:30:35-04:00,"8.01,9.01",16.25,2613784.490585327,0.006769268329327005,0.008615347055288547,0.006153869628906294,0.012307739257812589,0.011692340557391878,0.03015383206881017,0.019692288912259714,0.03261542687049279,0.003076876126802963,0.04123077392578134
FTHM,2026-07-06 16:05:44-04:00,"1.01,9.01",1.0,652497.0235526562,0.0,0.019999980926513672,-0.029999971389770508,0.019999980926513672,-0.046999990940093994,0.029999971389770508,-0.07999998331069946,0.029999971389770508,-0.10500001907348633,0.029999971389770508
FVCB,2026-07-21 16:12:28-04:00,"2.02,8.01,9.01",17.809999465942383,1829364.0228271484,0.000561495181454541,0.01768672338592636,-0.008422213533308298,0.01768672338592636,0.023582262149816513,0.026108936919234438,0.045480145849524645,0.06625493209206801,0.045480145849524645,0.06625493209206801
FUNC,2026-07-20 16:21:35-04:00,"2.02,7.01,9.01",44.029998779296875,997517.972946167,0.0034068028625391378,0.022030462130269823,-0.0011355720746477616,0.022030462130269823,0.012264386338826316,0.022030462130269823,0.0354304205437439,0.0354304205437439,0.015898268960856665,0.0354304205437439
GANX,2026-07-16 07:53:02-04:00,8.01,1.649999976158142,1374881.464612484,0.03636367445806554,0.04242427482640054,-0.012121200736670112,0.06060607593140577,0.11515155149447631,0.13333335259948131,0.06060607593140577,0.14545455333615154,0.02424247372139554,0.14545455333615154
GABC,2026-07-27 16:25:25-04:00,"2.02,8.01,9.01",49.75,7153388.122177124,0.025527647392234565,0.028542676762719932,0.0313568115234375,0.03417086960682325,0.0313568115234375,0.03417086960682325,0.0313568115234375,0.03417086960682325,0.0313568115234375,0.03417086960682325
GBCI,2026-07-23 16:38:33-04:00,"2.02,9.01",49.63999938964844,60131331.03981018,0.012691399594308095,0.021958101651693207,-0.01289281622718752,0.02256242839757805,-0.016720347029869242,0.02256242839757805,-0.016720347029869242,0.02256242839757805,-0.016720347029869242,0.02256242839757805
GAP,2026-07-20 17:58:47-04:00,"1.01,2.03,9.01",19.809999465942383,139505519.41261292,-0.01060066078415045,0.008076721439956858,-0.008076721439956747,0.008076721439956858,-0.040383607199783955,0.008076721439956858,0.020191803599892033,0.03129736779141834,0.024230260601984632,0.03432611426087351
GBDC,2026-07-09 16:05:57-04:00,"1.01,2.03,9.01",12.800000190734863,14980788.242769241,0.00937499091960503,0.013281255762558342,0.00937499091960503,0.017187520605511653,0.034374966705218446,0.03906249941792339,0.02031251757871333,0.04843749033752842,-0.001562535739503268,0.04843749033752842
GBDC,2026-07-07 17:15:13-04:00,"2.02,9.01",12.75,15385607.907485962,0.0,0.002352920233034572,-0.002352920233034572,0.005490172143076011,0.013333339317172177,0.021176506491268343,0.03843135459750302,0.04313726986155797,0.007843167174096166,0.052549025591682064
GBTG,2026-07-24 16:09:12-04:00,8.01,9.420000076293945,13592744.779586792,-0.0010615954141022232,0.0010615954141022232,0.0,0.002123089588893512,0.0,0.002123089588893512,0.0,0.002123089588893512,0.0,0.002123089588893512
GBTC,2026-07-02 16:32:06-04:00,5.02,47.58000183105469,85876200.0,0.03825135823421366,0.0418242494154486,0.03951234092199907,0.0462378491714619,0.02984443283519389,0.0462378491714619,0.013451016498925883,0.054329528898535484,0.06031943718866284,0.07082805385024638
GATX,2026-07-01 16:30:27-04:00,"8.01,9.01",172.72000122070312,55138759.09500122,0.005500213881010074,0.006194951701409712,0.029469640469644176,0.032711868090278484,0.004921295145369209,0.032711868090278484,0.04295969266155786,0.0507178928029437,0.03334874054033721,0.060618348464023475
GCBC,2026-07-23 15:41:43-04:00,"2.02,9.01",33.13999938964844,1041022.4876403809,-0.00422448377268736,0.015992721456187686,0.00844896754537472,0.028364588374128585,0.029873316134581218,0.029873316134581218,0.029873316134581218,0.029873316134581218,0.029873316134581218,0.029873316134581218
GCBC,2026-07-22 14:38:16-04:00,"8.01,9.01",32.040000915527344,1041022.4876403809,0.01997501159053594,0.03152304284247798,0.0299625173858038,0.05087382043825195,0.056179749863497275,0.06460673020209073,0.0652309641968527,0.0652309641968527,0.0652309641968527,0.0652309641968527
GBFH,2026-07-23 10:37:54-04:00,"8.01,9.01",30.489999771118164,1602507.9895019531,0.016726803303059867,0.02804196617430721,0.026566069925315627,0.04952444211928775,-0.015414867723275716,0.04952444211928775,-0.015414867723275716,0.04952444211928775,-0.015414867723275716,0.04952444211928775
GBFH,2026-07-20 16:18:21-04:00,"7.01,9.01",31.170000076293945,1724292.0059204102,0.01796597576425052,0.02807180271124987,-0.023419940341659506,0.02807180271124987,-0.005453964577409098,0.02807180271124987,-0.026628165597513243,0.02807180271124987,-0.03689443746279919,0.02807180271124987
FWRD,2026-07-21 08:56:52-04:00,"7.01,9.01",16.25,6829783.9903354645,-0.011076941856971168,0.03200002817007208,-0.04738464355468752,0.03200002817007208,-0.09415382972130404,0.03200002817007208,-0.10215383676382217,0.03200002817007208,-0.10215383676382217,0.03200002817007208
FWRD,2026-07-10 16:40:14-04:00,"5.02,9.01",13.180000305175781,10477084.76896286,-0.028831570989546362,0.040971164594053144,-0.029590313679249358,0.040971164594053144,0.028072828299843255,0.06600909449276982,0.0015174130217205928,0.06600909449276982,0.11684369697990604,0.27238240284244153
GBX,2026-07-01 16:20:16-04:00,"2.02,9.01",47.470001220703125,22497797.915649414,0.0014746090799275802,0.010111639559574837,0.01811671767930112,0.028017652878790544,-0.02359390599917588,0.028017652878790544,-0.003581250879943876,0.028017652878790544,0.053718120317814755,0.09058350803633819
GDLC,2026-07-02 16:33:34-04:00,5.02,27.760000228881836,1153181.9869995117,0.03674353203723868,0.03984146195248317,0.03458209929961975,0.042507215253841935,0.023775210445619477,0.042507215253841935,0.007204569666492189,0.042507215253841935,0.056556184505746954,0.06664266448906453
GLW,2026-07-28 07:03:07-04:00,2.02,126.30000305175781,1833030616.9288635,-0.017814726410401938,0.036183625930372276,-0.017814726410401938,0.036183625930372276,-0.017814726410401938,0.036183625930372276,-0.017814726410401938,0.036183625930372276,-0.017814726410401938,0.036183625930372276
GCO,2026-07-22 16:52:37-04:00,5.07,35.349998474121094,5382075.071334839,-0.012446920670480255,0.017256029326228495,0.00961810939926333,0.018670434961836735,0.1012730406106106,0.10212166240952913,0.10551636542966869,0.12022631353467594,0.10551636542966869,0.12022631353467594
GL,2026-07-22 16:34:35-04:00,"2.02,9.01",170.17999267578125,86756219.15206909,0.005288572064920061,0.031084785360169453,0.019391251579407465,0.031084785360169453,0.05282645363777516,0.054883135495685575,0.05582324837737507,0.05641089738324934,0.05582324837737507,0.05641089738324934
GEVO,2026-07-16 08:36:06-04:00,"5.02,7.01,9.01",1.5800000429153442,3362993.4632837772,0.031645538581142496,0.06329107716228477,0.0886075834761142,0.11392401434102806,0.10759490662479965,0.12025312205725647,0.031645538581142496,0.17721516695222816,-0.08227847575988567,0.17721516695222816
GEVO,2026-07-15 08:35:53-04:00,"7.01,9.01",1.6200000047683716,3146507.4807703495,-0.018518500803374915,0.08024691040060583,0.006172833601125083,0.08024691040060583,0.06790124319835589,0.09259257760285577,0.1296296527955867,0.1481481535989615,-0.10493824480510572,0.1481481535989615
GIC,2026-07-07 16:44:06-04:00,"1.01,2.03",32.56999969482422,4556518.021774292,0.0036843393616561304,0.007982871927130653,0.006140643684784397,0.007982871927130653,0.03561559282410576,0.04359846475123663,0.032852309022104675,0.051274240076457867,0.06785382576542842,0.09026707566031034
GHI,2026-07-06 16:30:17-04:00,"5.02,9.01",5.739999771118164,337800.00829696655,-0.031358856361689114,0.0,-0.059233395349857276,0.0,-0.06271771272337823,0.0,-0.06968634747042035,0.0,-0.08188149981408333,0.0
GOGO,2026-07-17 16:01:26-04:00,5.02,3.5299999713897705,5603162.379324436,-0.005665717022269479,0.01983000957794312,0.01983000957794312,0.03909348797806378,0.06798867180790791,0.08640228590062082,0.13031162659354623,0.1600566071901235,0.09915018297106437,0.1600566071901235
GNTX,2026-07-24 08:00:09-04:00,"2.02,9.01",22.989999771118164,44843247.5069046,-0.0030447888438936976,0.0047847155914177986,0.04610698027383364,0.048281888708238796,0.04262720974305889,0.0630709342050999,0.04262720974305889,0.0630709342050999,0.04262720974305889,0.0630709342050999
GRBK,2026-07-01 16:13:44-04:00,5.07,78.63999938964844,21189943.45664978,0.007756874556027249,0.009282850490836658,-0.024160752042541422,0.009282850490836658,-0.08481686445464676,0.009282850490836658,-0.06358087536631085,0.009282850490836658,-0.07489826342017691,0.009282850490836658
GOVX,2026-07-10 16:04:50-04:00,3.01,1.1699999570846558,264882.00094103813,-0.05128200425668883,0.0,-0.10256411040166302,0.0,-0.25641022506001476,0.0,-0.1581196150130758,0.0,-0.35042733475222965,0.0
GPI,2026-07-15 11:56:25-04:00,"7.01,9.01",323.79998779296875,48132638.82141113,0.024150733845051064,0.024366939301684543,0.006979647470122918,0.05003092284669641,-0.03761579102828405,0.05003092284669641,0.008894394661478344,0.05003092284669641,0.1055281492153175,0.16769617158004713
GNW,2026-07-07 16:10:41-04:00,5.02,9.34000015258789,29618424.640083313,-0.014989329875327972,0.012847953276085677,-0.012847953276085677,0.012847953276085677,0.023554632059385128,0.033190520436607196,0.04282651092028544,0.069593105772078,0.0706637940716992,0.09207704953184193
GNL,2026-07-16 06:15:33-04:00,"7.01,9.01",9.489999771118164,24340950.050354004,-0.024235990282772013,0.004214959201027879,-0.03477343853161885,0.004214959201027879,-0.03477343853161885,0.004214959201027879,-0.06427815293881434,0.004214959201027879,-0.06533191786220982,0.004214959201027879
GNL,2026-07-10 06:02:18-04:00,7.01,8.899999618530273,24340950.050354004,-0.008988755857864406,0.013146133129082749,-0.01011226997428083,0.013146133129082749,0.06179777688863419,0.06292139815947273,0.029213510115270402,0.07078653274649849,-0.0056178920453485715,0.07078653274649849
GME,2026-07-08 06:33:19-04:00,"5.03,5.07,7.01,9.01",21.700000762939453,94664180.30176163,0.011520736922137065,0.01336400912363045,-0.000921680048870277,0.014746529196935976,0.03364053071754092,0.038248843065645355,0.010138216848831538,0.04239631538931454,-0.01612904927024139,0.04239631538931454
GSBD,2026-07-07 17:14:57-04:00,"7.01,9.01",8.989999771118164,10875005.3565979,-0.006674023077858249,0.007230315429644696,-0.04894322487046898,0.007230315429644696,-0.02002217531525885,0.007230315429644696,-0.005561756619337999,0.012013326405492242,-0.036707445173272735,0.012013326405492242
GRC,2026-07-24 09:42:56-04:00,"5.02,7.01,9.01",82.13999938964844,13822300.579833984,-0.019235474102691663,0.0379839635958803,0.003530568756783925,0.0379839635958803,-0.04467979299020808,0.0379839635958803,-0.04467979299020808,0.0379839635958803,-0.04467979299020808,0.0379839635958803
GRC,2026-07-24 09:39:02-04:00,"2.02,9.01",82.13999938964844,13822300.579833984,-0.019235474102691663,0.0379839635958803,0.003530568756783925,0.0379839635958803,-0.04467979299020808,0.0379839635958803,-0.04467979299020808,0.0379839635958803,-0.04467979299020808,0.0379839635958803
GT,2026-07-21 16:29:26-04:00,2.05,7.289999961853027,57537934.46850777,0.021947852983450478,0.03703703461445329,-0.03566526109810697,0.03703703461445329,-0.024691334606381732,0.03703703461445329,-0.0013717081065849346,0.03703703461445329,-0.0013717081065849346,0.03703703461445329
GRDX,2026-07-07 16:58:41-04:00,"1.01,3.02",4.239999771118164,292734.9985599518,0.014151043126324536,0.044811336669094315,-0.01886790755296608,0.044811336669094315,-0.04009424731925282,0.06839633357190178,-0.04481122420749439,0.06839633357190178,-0.19339616487950184,0.06839633357190178
GRDX,2026-07-06 17:23:34-04:00,"1.01,3.02,9.01",4.369999885559082,310467.0001029968,-0.004576654794112178,0.05606404850688862,-0.016018237221363973,0.05606404850688862,0.02974831071975781,0.05606404850688862,-0.12128146116003025,0.05606404850688862,-0.18993133762974168,0.05606404850688862
GSBC,2026-07-16 12:55:20-04:00,"2.02,9.01",79.12000274658203,8103688.031768799,-0.010995989843031406,0.00037915543801170237,-0.012386290734499927,0.00037915543801170237,-0.016809931558200653,0.00037915543801170237,0.001643039040763794,0.01377649519783053,0.02009600963972802,0.03260862123480668
GRCE,2026-07-28 07:16:15-04:00,"8.01,9.01",2.200000047683716,275548.50113391876,-0.05454550971669481,0.022727250560256484,-0.05454550971669481,0.022727250560256484,-0.05454550971669481,0.022727250560256484,-0.05454550971669481,0.022727250560256484,-0.05454550971669481,0.022727250560256484
GSOL,2026-07-17 16:06:37-04:00,"8.01,9.01",5.789999961853027,28694095.01876831,0.010362684486156404,0.019861873698271637,0.013816912648208612,0.023834199024748592,-0.014680490277545588,0.026770330022375832,-0.008635611582778147,0.026770330022375832,-0.0535405776894563,0.026770330022375832
GSOL,2026-07-02 16:37:34-04:00,5.02,5.980000019073486,36792288.282966614,0.03344478405137585,0.036789262456513594,0.02508362790785945,0.04180601993354749,-0.015050192692446673,0.04180601993354749,-0.05351173422085642,0.04180601993354749,-0.021739149502721822,0.04180601993354749
GSHD,2026-07-22 16:10:36-04:00,"2.02,5.02,9.01",51.869998931884766,25975603.59687805,0.0391363531096256,0.07383847908083085,0.13263931385751504,0.13957975376044063,0.32677850611098047,0.33555047141701766,0.3634085729126777,0.36649313115461934,0.3634085729126777,0.36649313115461934
GSHD,2026-07-13 19:56:13-04:00,"1.01,9.01",53.52000045776367,28001102.841949463,-0.06016444680796018,0.0068198404455839245,-0.03494018901140539,0.0068198404455839245,0.01420026747071823,0.07212258178879782,0.004297450303981876,0.08165169832786967,0.28587442276153996,0.2943759516696678
GTX,2026-07-27 17:06:56-04:00,"5.02,5.03,9.01",30.75,51986696.371269226,-0.026991867437595296,0.004227614984279704,-0.06406501832047129,0.004227614984279704,-0.06406501832047129,0.004227614984279704,-0.06406501832047129,0.004227614984279704,-0.06406501832047129,0.004227614984279704
GTES,2026-07-16 16:19:25-04:00,8.01,26.420000076293945,41962510.613536835,0.007191541767938903,0.017411017530064354,-0.027252055687938093,0.045041655208978515,0.03747160364342572,0.04655562220607168,0.017789527327678245,0.04655562220607168,-0.05677517016155931,0.04655562220607168
GTY,2026-07-22 16:45:22-04:00,"7.01,9.01",35.290000915527344,13383545.328521729,-0.016435302238813176,0.01161801747734481,-0.013885000446435258,0.01161801747734481,-0.006517413892588753,0.01161801747734481,-0.013034827785177505,0.01161801747734481,-0.013034827785177505,0.01161801747734481
GTY,2026-07-22 16:40:14-04:00,"2.02,9.01",35.290000915527344,13383545.328521729,-0.016435302238813176,0.01161801747734481,-0.013885000446435258,0.01161801747734481,-0.006517413892588753,0.01161801747734481,-0.013034827785177505,0.01161801747734481,-0.013034827785177505,0.01161801747734481
GWRE,2026-07-22 16:17:24-04:00,"5.02,9.01",136.92999267578125,210223095.35446167,-0.040531571531664645,0.0005112636234818613,0.00949392478852995,0.023880847494117452,0.1640984621528967,0.16519397930251523,0.22150006173497117,0.24151032712402842,0.22150006173497117,0.24151032712402842
HAE,2026-07-28 16:28:06-04:00,"5.02,5.07,9.01",81.98999786376953,43083636.05270386,0.0418343748572223,0.04537140282506269,0.0418343748572223,0.04537140282506269,0.0418343748572223,0.04537140282506269,0.0418343748572223,0.04537140282506269,0.0418343748572223,0.04537140282506269
HALO,2026-07-02 16:10:08-04:00,5.02,79.16999816894531,138450787.96920776,0.020335994032940174,0.023241177337893326,0.03031453304770082,0.03902998659531631,-0.006947018252919657,0.03902998659531631,-0.038650974224653245,0.03902998659531631,-0.026272601732490353,0.03902998659531631
HAPN,2026-07-27 16:12:52-04:00,"2.02,9.01",19.549999237060547,23822722.745513916,-0.030690460232023375,0.0,-0.05217384093199595,0.0,-0.05217384093199595,0.0,-0.05217384093199595,0.0,-0.05217384093199595,0.0
HASI,2026-07-20 08:00:48-04:00,"1.01,1.02,2.03,8.01,9.01",38.220001220703125,26636704.93888855,0.0049711831669452256,0.01308215552146974,-0.008110972354524515,0.01648344409462532,0.0039245867710855364,0.01648344409462532,0.014128652108403639,0.020146531480134344,-0.014913649309761356,0.020408130674636427
HBNC,2026-07-22 16:06:47-04:00,"2.02,7.01,9.01",19.15999984741211,9640281.85005188,0.04645090797162221,0.04645090797162221,0.04697284058965345,0.06210858786715212,0.08089766437393275,0.0892484867139629,0.07881003345027615,0.09812114212355594,0.07881003345027615,0.09812114212355594
HBNC,2026-07-01 16:09:33-04:00,"2.02,9.01",20.3799991607666,21380879.303359985,-0.02944055440768356,0.0019627535414401542,-0.02158972742040255,0.0019627535414401542,-0.0529931289587664,0.0019627535414401542,-0.03925413493640473,0.0019627535414401542,-0.003925413493640506,0.013738994022361561
HBT,2026-07-27 07:02:23-04:00,"2.02,7.01,8.01,9.01",35.400001525878906,4532554.095077515,0.02146887821396315,0.02966099411868539,0.031355840333589846,0.04033891320788219,0.031355840333589846,0.04033891320788219,0.031355840333589846,0.04033891320788219,0.031355840333589846,0.04033891320788219
HAS,2026-07-27 17:04:38-04:00,"5.02,9.01",92.0,152644812.84332275,0.047173873237941644,0.048260896102241935,0.03445650183636206,0.05434782608695654,0.03445650183636206,0.05434782608695654,0.03445650183636206,0.05434782608695654,0.03445650183636206,0.05434782608695654
HAS,2026-07-21 06:31:24-04:00,"2.02,9.01",88.91999816894531,141335291.68624878,0.0013495585813443345,0.01203328516484281,-0.017656317219454598,0.01203328516484281,0.019005875800798933,0.020242949716866354,0.07028790068264712,0.09086821859468475,0.07028790068264712,0.09086821859468475
HAL,2026-07-21 06:53:24-04:00,"2.02,7.01,9.01",33.560001373291016,305020004.3373108,-0.015792686898277286,0.007747267905064081,-0.025327838320496565,0.007747267905064081,-0.04261025764778004,0.007747267905064081,-0.07061980757603847,0.007747267905064081,-0.07061980757603847,0.007747267905064081
HAFC,2026-07-27 16:06:22-04:00,"7.01,9.01",31.950000762939453,9181759.105300903,-0.004068890923659363,0.00688567764483583,-0.012519609274716847,0.00688567764483583,-0.012519609274716847,0.00688567764483583,-0.012519609274716847,0.00688567764483583,-0.012519609274716847,0.00688567764483583
HAFC,2026-07-23 08:00:28-04:00,"8.01,9.01",32.2400016784668,8587483.839797974,-0.017059587958288658,0.00031012161949983685,-0.018610491860461154,0.0006202432389996737,-0.021402059723436784,0.0006202432389996737,-0.021402059723436784,0.0006202432389996737,-0.021402059723436784,0.0006202432389996737
HAFC,2026-07-21 16:29:44-04:00,"2.02,9.01",31.600000381469727,7418432.176208496,-0.006329137991299971,0.0022151801892149603,0.019620279485723202,0.020886010509370223,0.001265791382780046,0.020886010509370223,-0.0015823146773915608,0.020886010509370223,-0.0015823146773915608,0.020886010509370223
HBAN,2026-07-23 16:06:57-04:00,"8.01,9.01",17.18000030517578,404146440.54260254,0.010477316762419031,0.013969718676073661,-0.0011641709783699605,0.020372548035652915,-0.01979046254646799,0.020372548035652915,-0.01979046254646799,0.020372548035652915,-0.01979046254646799,0.020372548035652915
HBAN,2026-07-23 06:16:20-04:00,"2.02,9.01",17.18000030517578,404146440.54260254,0.010477316762419031,0.013969718676073661,-0.0011641709783699605,0.020372548035652915,-0.01979046254646799,0.020372548035652915,-0.01979046254646799,0.020372548035652915,-0.01979046254646799,0.020372548035652915
HBCP,2026-07-20 16:40:33-04:00,"2.02,7.01,8.01,9.01",69.4000015258789,6378637.432479858,-0.008645510964396141,0.01095103918617446,-0.0017291461663337948,0.01095103918617446,0.011671434305252859,0.022190214433253086,0.03170024351399792,0.037896213192981865,0.022046091435982795,0.037896213192981865
HBCP,2026-07-02 17:31:53-04:00,"7.01,9.01",69.44000244140625,6230367.834472656,-0.003600230288167805,0.00950455082820234,-0.012816811036252762,0.016273001349207394,-0.020161311587801767,0.016273001349207394,-0.008496600612636795,0.016273001349207394,-0.01540898123854606,0.03240207259351058
GVA,2026-07-10 12:16:57-04:00,7.01,120.62000274658203,122120691.63665771,-0.015586178411571727,0.015171564914526758,0.0025700344182966184,0.020560401849347043,0.04153535394425201,0.05770186474871286,0.012104120802749918,0.06043774456582751,0.040623394005213864,0.06731887383257518
HEI,2026-07-16 17:12:32-04:00,"1.01,2.03,7.01,8.01,9.01",340.3299865722656,155793523.65722656,0.006846346727513497,0.034319700450137214,0.00032326234384649766,0.034319700450137214,-0.01495606187734444,0.034319700450137214,0.02726764947386262,0.034319700450137214,0.043781109517067485,0.07245909744974255
GYRE,2026-07-16 16:35:25-04:00,"5.02,7.01,9.01",6.25,472654.0054798126,-0.0319999694824219,0.024000015258789142,-0.059199981689453174,0.024000015258789142,-0.04959999084472655,0.024000015258789142,-0.04959999084472655,0.024000015258789142,-0.09760002136230472,0.024000015258789142
GYRE,2026-07-15 17:09:08-04:00,"2.02,9.01",6.550000190734863,523510.0053310394,-0.019847345138219397,0.006106864227211517,-0.076335875639708,0.006106864227211517,-0.0748091959826871,0.006106864227211517,-0.08244273986691952,0.006106864227211517,-0.13893134316797207,0.006106864227211517
HCSG,2026-07-22 07:04:17-04:00,"2.02,9.01",23.299999237060547,16031544.567394257,-0.03733901117477123,0.0,-0.02403431263000466,0.0,0.019313338097612043,0.02961375779618547,0.0055794451661808075,0.02961375779618547,0.0055794451661808075,0.02961375779618547
HCAT,2026-07-17 18:40:28-04:00,5.07,2.2300000190734863,1525606.9973230362,-0.03139010432469913,0.00896860123562826,-0.05829601494574432,0.00896860123562826,-0.09865472050607171,0.00896860123562826,-0.03587440494251337,0.00896860123562826,-0.03139010432469913,0.00896860123562826
HELE,2026-07-08 06:50:52-04:00,"2.02,9.01",25.3799991607666,15107858.019828796,0.08077230938518509,0.1489362021921885,0.03782509943125989,0.1489362021921885,0.07249803835424218,0.1489362021921885,0.1296296699888453,0.1552403729054579,0.057525651698137725,0.1552403729054579
HFWA,2026-07-23 17:08:06-04:00,"2.02,7.01,8.01,9.01",30.299999237060547,13362217.447757721,-0.004620442018929194,0.019801993286384434,-0.01650165058052011,0.019801993286384434,-0.015181488318653846,0.019801993286384434,-0.015181488318653846,0.019801993286384434,-0.015181488318653846,0.019801993286384434
HGV,2026-07-17 16:20:51-04:00,"1.01,2.03,9.01",49.599998474121094,51217938.2440567,-0.026008006865224753,0.016532252420371707,-0.008266126210185853,0.016532252420371707,-0.021774154225446485,0.016532252420371707,0.02076618196937141,0.022580701230593636,0.036693543363187864,0.076008076083524
HGV,2026-07-02 16:39:03-04:00,"5.02,9.01",52.380001068115234,71759839.59655762,-0.01985492352653684,0.010882009988563812,-0.021954973318603743,0.010882009988563812,-0.038182511630711624,0.010882009988563812,-0.051737358608409,0.010882009988563812,-0.0777014053423094,0.010882009988563812
HODO,2026-07-23 17:21:07-04:00,5.02,1.2100000381469727,338030.0036549568,-0.23966943166529653,0.0,-0.25371903415651453,0.0,-0.32066115637342096,0.0,-0.32066115637342096,0.0,-0.32066115637342096,0.0
HODO,2026-07-07 17:20:45-04:00,"2.01,3.02,5.01,5.02,5.03,8.01,9.01",1.7300000190734863,260645.0103521347,-0.0982659389709083,0.09826587006380527,-0.1994219796569694,0.09826587006380527,-0.29479767909851873,0.09826587006380527,-0.41618498304747453,0.09826587006380527,-0.41618498304747453,0.09826587006380527
HOG,2026-07-23 17:28:11-04:00,"7.01,9.01",26.329999923706055,59738772.29719162,-0.0319027783905006,0.0026585527925200303,-0.05848837875583057,0.0026585527925200303,-0.0569692367773037,0.0026585527925200303,-0.0569692367773037,0.0026585527925200303,-0.0569692367773037,0.0026585527925200303
HOG,2026-07-23 06:50:04-04:00,"2.02,9.01",26.329999923706055,59738772.29719162,-0.0319027783905006,0.0026585527925200303,-0.05848837875583057,0.0026585527925200303,-0.0569692367773037,0.0026585527925200303,-0.0569692367773037,0.0026585527925200303,-0.0569692367773037,0.0026585527925200303
HOMB,2026-07-15 17:19:32-04:00,"2.02,7.01,9.01",29.889999389648438,47880183.18452835,0.02676484311626437,0.03379057375396344,0.03178323125923055,0.04315827841649611,0.017731706171565165,0.04315827841649611,0.028103050175330546,0.04315827841649611,0.0515222799255286,0.06055541687022781
HMN,2026-07-21 16:17:37-04:00,"1.01,2.03,9.01",51.7400016784668,15424834.319114685,-0.007344434785230836,0.0036721805285147013,-0.008310790321345074,0.0036721805285147013,0.0003864832318845046,0.017008063874574653,0.009277145857459423,0.028797793108492398,0.009277145857459423,0.028797793108492398
HMN,2026-07-21 16:16:29-04:00,"1.01,2.03,9.01",51.7400016784668,15424834.319114685,-0.007344434785230836,0.0036721805285147013,-0.008310790321345074,0.0036721805285147013,0.0003864832318845046,0.017008063874574653,0.009277145857459423,0.028797793108492398,0.009277145857459423,0.028797793108492398
HOVR,2026-07-16 08:17:25-04:00,"2.02,9.01",1.4800000190734863,1660329.5132517815,0.060810832580220575,0.0878378334839558,0.11824320950065803,0.14864866606417637,0.29054050135560283,0.37500004027340816,0.20270266787164704,0.37500004027340816,0.07432433303208819,0.37500004027340816
HLMN,2026-07-22 16:33:41-04:00,"1.01,9.01",7.920000076293945,7940897.221779823,-0.006313155335000986,0.00883834522094773,0.006313095128289703,0.019570673166422692,0.03156565626158225,0.04684347049786863,0.0075757502779743024,0.04684347049786863,0.0075757502779743024,0.04684347049786863
HLMN,2026-07-13 07:43:14-04:00,"2.02,7.01,9.01",7.980000019073486,9245199.703598022,-0.005012526536017692,0.0012531017569896719,0.0150376393620828,0.02631573443707791,0.013784477851063404,0.07080201201378666,-0.007518789804026538,0.07080201201378666,0.023809530923098787,0.07080201201378666
HTB,2026-07-23 08:05:34-04:00,"2.02,7.01,9.01",48.70000076293945,4868504.937744141,0.0,0.011704305665185766,0.017248462821937594,0.025051281045035845,0.057905536974246496,0.0657084335278828,0.057905536974246496,0.0657084335278828,0.057905536974246496,0.0657084335278828
HTB,2026-07-07 08:56:15-04:00,8.01,48.97999954223633,6522849.950790405,-0.02225398454011751,0.0006124699791187904,-0.017353991058904006,0.0006124699791187904,0.0014291485397801562,0.004287445619340469,-0.005716594159120514,0.004287445619340469,-0.015516503238793278,0.023274793799566984
HRMY,2026-07-16 08:35:13-04:00,"2.02,5.02,7.01,9.01",33.43000030517578,29880764.375686646,0.01017051000550695,0.02363149591132463,0.002093918462016342,0.025127135654193777,0.04277595848404414,0.10559374056452953,0.05653602669443658,0.10559374056452953,0.0726892097814178,0.10918341287941291
HHH,2026-07-17 16:30:21-04:00,"7.01,9.01",70.36000061035156,22281463.443756104,-0.026577639715183676,0.0,-0.053581640701496625,0.0,-0.06552019002787401,0.0,-0.06267770926455285,0.0,-0.060403637906943475,0.0
HHH,2026-07-15 16:33:55-04:00,9.01,71.36000061035156,22656858.797836304,0.009669316641039316,0.017236487065845685,-0.014574003736436025,0.01737665152975998,-0.06684422970379,0.01737665152975998,-0.07861547873274222,0.01737665152975998,-0.07357062717343121,0.01737665152975998
HLLY,2026-07-14 08:38:18-04:00,"8.01,9.01",2.6500000953674316,2286620.9229826927,-0.030188739337966508,0.0207546514563417,0.04905655522412866,0.07169804225064969,-0.022641576995792834,0.07169804225064969,-0.03773590168014018,0.07169804225064969,0.04905655522412866,0.07924520459282336
HURA,2026-07-07 17:30:14-04:00,"2.03,9.01",2.240000009536743,1236067.009472847,0.017857125751218117,0.026785688626827175,0.04464281437804529,0.05803565869145877,0.06250004656612851,0.16071423819782793,0.017857125751218117,0.16071423819782793,0.0,0.16071423819782793
HOPE,2026-07-27 08:05:21-04:00,"2.02,7.01,8.01,9.01",13.850000381469727,13786776.377820969,0.01949454849478527,0.025992754278830077,0.01949454849478527,0.025992754278830077,0.01949454849478527,0.025992754278830077,0.01949454849478527,0.025992754278830077,0.01949454849478527,0.025992754278830077
HTZ,2026-07-23 16:03:48-04:00,8.01,1.899999976158142,31353345.845234394,-0.0473684392147119,0.0,0.052631592156154205,0.0631578980390386,-0.12105264313663489,0.06842105098048079,-0.12105264313663489,0.06842105098048079,-0.12105264313663489,0.06842105098048079
HUBB,2026-07-28 08:02:27-04:00,"2.02,9.01",479.0799865722656,233637093.8513031,-0.03782248397983168,0.0021603984535329968,-0.03782248397983168,0.0021603984535329968,-0.03782248397983168,0.0021603984535329968,-0.03782248397983168,0.0021603984535329968,-0.03782248397983168,0.0021603984535329968
HTGC,2026-07-24 16:16:12-04:00,"1.01,2.03,8.01,9.01",15.800000190734863,21496811.69986725,-0.0006329258709566465,0.008227855245036553,0.02784807437162673,0.028481000242583265,0.010759498369729892,0.030379777855453316,0.010759498369729892,0.030379777855453316,0.010759498369729892,0.030379777855453316
HTGC,2026-07-21 08:44:20-04:00,"2.02,8.01",16.190000534057617,21496811.69986725,-0.016059309469131477,0.0018529202166341907,-0.033971598060041575,0.0018529202166341907,-0.024706643546004825,0.0018529202166341907,-0.013588651005045471,0.005558996270479621,-0.013588651005045471,0.005558996270479621
HRI,2026-07-28 06:31:54-04:00,"2.02,9.01",146.91000366210938,62005481.647491455,-0.0264787917274536,0.016813022661030574,-0.0264787917274536,0.016813022661030574,-0.0264787917274536,0.016813022661030574,-0.0264787917274536,0.016813022661030574,-0.0264787917274536,0.016813022661030574
HTH,2026-07-24 17:00:35-04:00,5.07,39.33000183105469,8767612.257003784,-0.02084931277257185,0.0025425494397546267,0.01220441189650101,0.013221373477176446,0.005085098879509031,0.019323627921448816,0.005085098879509031,0.019323627921448816,0.005085098879509031,0.019323627921448816
HTH,2026-07-23 16:46:22-04:00,"7.01,9.01",39.09000015258789,8580461.726379395,-0.0002557769632687279,0.031977487723730436,-0.01483760114583399,0.031977487723730436,0.011256040547235946,0.031977487723730436,0.011256040547235946,0.031977487723730436,0.011256040547235946,0.031977487723730436
HTH,2026-07-23 16:45:19-04:00,"2.02,8.01,9.01",39.09000015258789,8580461.726379395,-0.0002557769632687279,0.031977487723730436,-0.01483760114583399,0.031977487723730436,0.011256040547235946,0.031977487723730436,0.011256040547235946,0.031977487723730436,0.011256040547235946,0.031977487723730436
HUT,2026-07-20 07:20:47-04:00,"8.01,9.01",104.66000366210938,384547115.5948639,0.041276510067505434,0.05551306473627782,0.049684662395294454,0.09497414928536219,0.050926753441246086,0.15020058323387753,-0.03363275510504593,0.15020058323387753,-0.15746228530756246,0.15020058323387753
HURN,2026-07-28 16:14:18-04:00,"2.02,9.01",134.08999633789062,30944682.062149048,0.2705645444860454,0.28943246042603543,0.2705645444860454,0.28943246042603543,0.2705645444860454,0.28943246042603543,0.2705645444860454,0.28943246042603543,0.2705645444860454,0.28943246042603543
HURN,2026-07-27 17:29:58-04:00,5.02,119.81999969482422,28490042.008972168,0.012936096275292908,0.048906698591860254,0.42188278710659066,0.4429977828146583,0.42188278710659066,0.4429977828146583,0.42188278710659066,0.4429977828146583,0.42188278710659066,0.4429977828146583
HWC,2026-07-21 16:00:58-04:00,"2.02,7.01,9.01",76.5199966430664,77377794.72999573,-0.001568153717350862,0.012545827966318646,-0.010977474839797163,0.012545827966318646,-0.013852556261054083,0.012545827966318646,0.006011588265129264,0.0154208096829902,0.006011588265129264,0.0154208096829902
HWC,2026-07-20 09:17:22-04:00,"8.01,9.01",77.11000061035156,76296246.48132324,-0.006095204473906213,0.00505770180990095,-0.009207613524222169,0.00505770180990095,-0.011801370184235327,0.00505770180990095,-0.002204618954736337,0.00505770180990095,-0.0016858676227337055,0.007651359528214385
HYPD,2026-07-08 09:01:16-04:00,"5.02,9.01",3.0,1351885.972905159,0.039999961853027344,0.039999961853027344,0.029999971389770508,0.07333334287007642,-0.013333320617675781,0.07333334287007642,-0.08333333333333337,0.07333334287007642,-0.11999996503194177,0.07333334287007642
HYPD,2026-07-01 16:01:23-04:00,"5.07,9.01",3.1600000858306885,2143347.00422287,-0.015822844739486586,0.09810124505045681,0.031645538581142496,0.09810124505045681,-0.0601265987530859,0.09810124505045681,-0.022151952455715107,0.09810124505045681,-0.13291141293862885,0.09810124505045681
HTO,2026-07-27 16:45:45-04:00,"2.02,9.01",63.33000183105469,29755864.63432312,0.014527051039720407,0.059371457415499096,0.006789775431013112,0.059371457415499096,0.006789775431013112,0.059371457415499096,0.006789775431013112,0.059371457415499096,0.006789775431013112,0.059371457415499096
HYLN,2026-07-23 18:18:30-04:00,8.01,4.070000171661377,9875275.04825592,-0.08599511751575117,0.004914000020385556,-0.06142511741382284,0.004914000020385556,-0.20393123516400913,0.004914000020385556,-0.20393123516400913,0.004914000020385556,-0.20393123516400913,0.004914000020385556
HYMC,2026-07-28 06:45:19-04:00,"2.02,7.01,9.01",20.0,32912354.15830612,-0.04200000762939449,0.022000026702880815,-0.04200000762939449,0.022000026702880815,-0.04200000762939449,0.022000026702880815,-0.04200000762939449,0.022000026702880815,-0.04200000762939449,0.022000026702880815
HYMC,2026-07-16 17:25:30-04:00,"7.01,9.01",18.290000915527344,34505528.256988525,0.04155266722201212,0.06123558643094107,0.025697063413238297,0.06123558643094107,0.18644066029090145,0.2230727019943628,0.10552205036734974,0.2230727019943628,0.04756691571000293,0.2230727019943628
HYMC,2026-07-15 07:05:31-04:00,"5.02,7.01,9.01",20.260000228881836,34505528.256988525,-0.0900790099862786,0.003455068807177497,-0.059723641567207886,0.003455068807177497,0.02270479167206041,0.024432326075649158,0.010858801128781348,0.10414612964039516,-0.054294193931035184,0.10414612964039516
IBIO,2026-07-17 16:08:53-04:00,"5.08,8.01,9.01",1.440000057220459,1484020.4998493195,-0.048611145604538386,0.0,-0.020833395421502532,0.0,-0.02777783296726144,0.0,0.006944437545759019,0.020833312637276835,-0.055555583150297405,0.020833312637276835
IBCP,2026-07-27 14:38:19-04:00,"5.02,9.01",37.86000061035156,7916974.934387207,0.021394546897399724,0.024828278171024953,0.020866373554979445,0.03195982738948566,0.020866373554979445,0.03195982738948566,0.020866373554979445,0.03195982738948566,0.020866373554979445,0.03195982738948566
IBCP,2026-07-23 06:01:02-04:00,"2.02,9.01",36.779998779296875,7506425.12512207,0.023926076599289692,0.028820049169976603,0.021751035299330423,0.03480159424895479,0.050842925738068256,0.06226212592525604,0.050842925738068256,0.06226212592525604,0.050842925738068256,0.06226212592525604
ICU,2026-07-01 16:06:35-04:00,5.02,4.619999885559082,266582.0016860962,0.06493510782815948,0.16450221811853272,0.030303105365945715,0.16450221811853272,0.09956711029037324,0.16450221811853272,0.07142855668407022,0.16450221811853272,-0.1341991127525869,0.16450221811853272
IEP,2026-07-21 08:29:38-04:00,"1.01,7.01,9.01",7.699999809265137,4529925.620055199,0.007792262480903256,0.01298706285023532,0.0012987310557857068,0.01298706285023532,0.003896131240451739,0.01298706285023532,-0.014285670052210597,0.020779263404233417,-0.014285670052210597,0.020779263404233417
IIPR,2026-07-21 08:30:37-04:00,"8.01,9.01",63.380001068115234,18172331.392669678,-0.0168822921551276,0.0028400173894338465,-0.033291268141253605,0.0028400173894338465,-0.030924627108533498,0.0028400173894338465,-0.034237960666968936,0.0028400173894338465,-0.034237960666968936,0.0028400173894338465
HWBK,2026-07-14 17:23:04-04:00,8.01,38.5,339166.99409484863,0.012727316323812854,0.012727316323812854,0.04129870526202306,0.0464935302734375,-0.0025973629641842244,0.0464935302734375,-0.04233769008091515,0.0464935302734375,0.005194825011414439,0.0464935302734375
IE,2026-07-07 21:30:24-04:00,"1.01,9.01",9.0,21082671.02098465,-0.014444457160102009,0.02111106448703337,0.005555576748318192,0.02111106448703337,-0.018888897365993973,0.029444482591417076,-0.03888893127441406,0.06555557250976562,0.015555593702528236,0.06888887617323136
IKT,2026-07-23 08:32:45-04:00,"7.01,9.01",2.369999885559082,2016100.4805088043,-0.016877621850007518,0.06751058799859155,-0.008438810925003759,0.06751058799859155,-0.06751048740003018,0.06751058799859155,-0.06751048740003018,0.06751058799859155,-0.06751048740003018,0.06751058799859155
IKT,2026-07-14 08:11:11-04:00,"8.01,9.01",2.0799999237060547,1566440.52952528,-0.0096153757981291,0.00721158916075737,-0.033653815293452016,0.00721158916075737,0.07211543311028978,0.08653849680748338,0.04326930571590215,0.11538462420187079,0.06250005731216057,0.21634618470654798
IMMR,2026-07-27 08:38:52-04:00,"2.02,9.01",7.71999979019165,2918057.941532135,-0.0077720135246339694,0.04274616703519629,-0.050518118793357325,0.04274616703519629,-0.050518118793357325,0.04274616703519629,-0.050518118793357325,0.04274616703519629,-0.050518118793357325,0.04274616703519629
IMMR,2026-07-02 16:08:25-04:00,"5.08,8.01,9.01",6.730000019073486,5148468.114852905,0.0074294488251349655,0.03566118431470744,-0.03417533706116549,0.03566118431470744,-0.03268941895514843,0.03566118431470744,0.0059435307191177955,0.03566118431470744,-0.04457655124585924,0.03566118431470744
IDN,2026-07-23 16:08:08-04:00,"5.03,9.01",3.690000057220459,944039.4900083542,-0.016260146842582146,0.013550122368818363,-0.016260146842582146,0.013550122368818363,0.008130073421291018,0.02168019579010938,0.008130073421291018,0.02168019579010938,0.008130073421291018,0.02168019579010938
IDN,2026-07-22 16:13:11-04:00,5.02,3.6600000858306885,944039.4900083542,0.002732237767417267,0.01639342660450316,-0.00819671330225158,0.021857902139337693,-0.005464475534834423,0.021857902139337693,0.01639342660450316,0.030054615441589272,0.01639342660450316,0.030054615441589272
HZO,2026-07-23 08:00:14-04:00,"2.02,9.01",33.22999954223633,9154339.217185974,0.09328926667236814,0.10231723059632913,0.09088174840102425,0.10923867343125893,0.021968087640461098,0.10923867343125893,0.021968087640461098,0.10923867343125893,0.021968087640461098,0.10923867343125893
IIIN,2026-07-16 06:30:09-04:00,"2.02,9.01",31.25,6673041.025924683,-0.008000000000000007,0.016960021972656225,0.01920001220703127,0.02208001708984364,0.014400024414062518,0.042560058593750005,0.045760009765625,0.04800000000000004,-0.02208001708984375,0.07423999023437511
ILLR,2026-07-15 17:00:14-04:00,3.01,1.1799999475479126,1228579.5564293861,0.04237294385434165,0.08474578668385702,0.23728822291976504,0.33050857816952517,0.09322035524976013,0.33050857816952517,0.016949238156632296,0.33050857816952517,-0.04237284282951548,0.33050857816952517
IMAX,2026-07-23 08:05:07-04:00,"2.02,9.01",44.22999954223633,42944129.681396484,-0.019217691225825284,0.037305031493461316,0.019896022546301406,0.037305031493461316,0.10015827155832246,0.10196704008381818,0.10015827155832246,0.10196704008381818,0.10015827155832246,0.10196704008381818
INFU,2026-07-28 07:40:15-04:00,7.01,9.8100004196167,1071951.9826889038,-0.005096859184111735,0.019367948242220878,-0.005096859184111735,0.019367948242220878,-0.005096859184111735,0.019367948242220878,-0.005096859184111735,0.019367948242220878,-0.005096859184111735,0.019367948242220878
IMUX,2026-07-14 08:01:00-04:00,"7.01,9.01",14.84000015258789,1964410.0608825684,0.017520230876580944,0.02762802177873369,0.012803206093644715,0.02762802177873369,0.010781660765967649,0.06738544405106461,0.018194036476628428,0.06738544405106461,-0.12061994228085482,0.06738544405106461
IMUX,2026-07-06 16:22:14-04:00,5.02,14.880000114440918,2805361.4810943604,0.032258033504347416,0.05376345326492782,-0.007392449988659067,0.05376345326492782,-0.007392449988659067,0.05376345326492782,-0.01276885299706576,0.05376345326492782,0.018145127823441465,0.06451613109971022
IMO,2026-07-15 16:38:50-04:00,"7.01,9.01",120.44999694824219,62439107.84454346,-0.005645498733121479,0.004566235497657667,0.017185552073643473,0.018846030136774328,0.03129933057682788,0.03378995266038176,0.06957247899652019,0.07471980264032174,0.06932342312224105,0.07604818509082611
INBX,2026-07-16 16:06:13-04:00,"1.01,2.03,3.02,7.01,9.01",86.68000030517578,33653834.732437134,0.008191036940158547,0.05583752100658024,-0.02988006412282518,0.05583752100658024,-0.008767906478480803,0.05583752100658024,-0.05918317068939427,0.05583752100658024,-0.0857175851294053,0.05583752100658024
IMMX,2026-07-20 06:05:18-04:00,8.01,8.914999961853027,15578675.42552948,0.0734716473105903,0.08637133606937475,0.055524384484259004,0.09758832184876964,-0.04430729173073966,0.09758832184876964,-0.05328103011802987,0.09758832184876964,-0.0835670093939328,0.09758832184876964
INGN,2026-07-01 16:09:09-04:00,"5.02,7.01,9.01",6.630000114440918,1588626.4732599258,-0.004524918445024673,0.02564103670581619,0.006033176645940497,0.02564103670581619,-0.021116190181930228,0.02564103670581619,-0.013574683413935307,0.02564103670581619,-0.009049764968910634,0.02564103670581619
INDB,2026-07-27 16:05:40-04:00,"7.01,9.01",85.30000305175781,31351877.337646484,0.009847553433039558,0.0185227918538462,-0.00445492226514832,0.0185227918538462,-0.00445492226514832,0.0185227918538462,-0.00445492226514832,0.0185227918538462,-0.00445492226514832,0.0185227918538462
INDB,2026-07-16 16:14:28-04:00,"2.02,7.01,9.01",80.69999694824219,25486859.510421753,0.047211961983491424,0.053159864656237676,0.050929377518905694,0.05340774908272361,0.056877374731860275,0.05861218755642872,0.05477082980777137,0.0629492196178496,0.052292458243953455,0.07657993232811888
INTA,2026-07-13 16:30:28-04:00,"1.01,1.02,2.03",26.93000030517578,18398879.232025146,0.030077959775838048,0.056442645396908464,0.05012998017717307,0.07872257363017243,0.08132196469514019,0.1182695666486957,0.043445973376728064,0.1182695666486957,0.13627924376920975,0.1648719080483736
INTA,2026-07-07 16:30:33-04:00,"1.01,9.01",27.610000610351562,17890490.253162384,-0.01593627397069497,0.014125294495727747,0.0036218207863276675,0.014125294495727747,0.03440778104273723,0.052154965406596254,0.024266572310134293,0.052154965406596254,-0.05577692435653059,0.09072796470085653
INSM,2026-07-16 07:00:46-04:00,"7.01,9.01",105.19999694824219,302154327.8770447,0.029657821645347138,0.051140732308760706,0.017300377829094993,0.051140732308760706,0.01368823653212381,0.051140732308760706,0.01634982196386714,0.051140732308760706,-0.019771808574134297,0.051140732308760706
IOVA,2026-07-02 17:01:00-04:00,"8.01,9.01",4.300000190734863,66380750.0,-0.02558142526398477,0.05581389778430412,0.011627839925551386,0.05581389778430412,0.016278998074243267,0.05581389778430412,-0.06046516682535363,0.05581389778430412,0.1674418042452699,0.19302322950925466
INVH,2026-07-08 16:30:53-04:00,"1.01,2.03,9.01",29.700000762939453,149878246.95196152,-0.01111110825686712,0.001683475952059199,-0.0033670161246093233,0.001683475952059199,0.01784507628559462,0.020538676341183892,0.02424240050030324,0.02794612465942259,-0.00875421623578787,0.03468009268815031
INVH,2026-07-06 16:16:12-04:00,"8.01,9.01",30.229999542236328,164733047.16453552,-0.0009923512984166827,0.01587825172030488,-0.01984784619766289,0.01587825172030488,-0.02084019749607957,0.01587825172030488,0.0,0.01587825172030488,-0.012570266838267008,0.016539861315625126
INVX,2026-07-01 17:00:15-04:00,3.02,23.90999984741211,10377653.396701813,0.007528243677310753,0.030949384184051354,-0.012547019614181143,0.030949384184051354,0.05102464747554314,0.06273525761491605,0.06524464558335108,0.06984525666881991,0.07820998959294423,0.09912174213124958
INSP,2026-07-24 16:01:24-04:00,5.02,50.16999816894531,35189844.48738098,0.015148538249317722,0.02192549987971204,0.03587807688763278,0.045844192459657984,0.01793903844381628,0.04624284620679031,0.01793903844381628,0.04624284620679031,0.01793903844381628,0.04624284620679031
INSP,2026-07-22 08:02:09-04:00,"5.02,9.01",50.29999923706055,39933184.25617218,0.010139207633520275,0.011332002057054646,-0.022067606902342107,0.034990102642660004,0.03320083516844541,0.0431411931721013,0.015308160426299677,0.04353881659291714,0.015308160426299677,0.04353881659291714
INBS,2026-07-23 17:00:13-04:00,"7.01,9.01",1.809999942779541,265702.50313282013,-0.033149140705165725,0.03314920656665388,-0.04972371105774864,0.03314920656665388,-0.14364640811202778,0.03314920656665388,-0.14364640811202778,0.03314920656665388,-0.14364640811202778,0.03314920656665388
INBS,2026-07-21 08:50:36-04:00,"7.01,9.01",1.8300000429153442,265702.50313282013,-0.01639349174618998,0.004918001924676174,-0.010929016211355558,0.027322377674172005,-0.060109296024865366,0.027322377674172005,-0.15300551040042398,0.027322377674172005,-0.15300551040042398,0.027322377674172005
INGR,2026-07-28 16:15:09-04:00,7.01,102.51000213623047,59621693.116760254,-0.007511503818306786,0.007804071853399597,-0.007511503818306786,0.007804071853399597,-0.007511503818306786,0.007804071853399597,-0.007511503818306786,0.007804071853399597,-0.007511503818306786,0.007804071853399597
INGR,2026-07-06 06:12:19-04:00,7.01,100.4000015258789,81080743.81713867,-0.018227109594047053,0.0035856633952218164,-0.0243028127920627,0.0035856633952218164,-0.016434277896436145,0.0035856633952218164,-0.021912395858576295,0.0035856633952218164,0.013944238093642314,0.03645414319811002
IPAR,2026-07-22 16:27:29-04:00,"2.02,7.01,9.01",119.12999725341797,26015061.335372925,0.0052044217315234675,0.009653332933707626,0.028708183305542034,0.03743808601779097,0.07168640235389856,0.08528495145603099,0.06631412497285405,0.08528495145603099,0.06631412497285405,0.08528495145603099
IONS,2026-07-09 21:03:42-04:00,"7.01,9.01",64.2699966430664,197502122.22595215,-0.09366729356622516,0.0026451813788632705,-0.11700633321688025,0.0026451813788632705,-0.14843624706893888,0.0026451813788632705,-0.15372643176392398,0.0026451813788632705,-0.12011821704115044,0.0026451813788632705
IONS,2026-07-09 14:55:22-04:00,"7.01,8.01,9.01",64.2699966430664,197502122.22595215,-0.09366729356622516,0.0026451813788632705,-0.11700633321688025,0.0026451813788632705,-0.14843624706893888,0.0026451813788632705,-0.15372643176392398,0.0026451813788632705,-0.12011821704115044,0.0026451813788632705
IP,2026-07-17 16:10:28-04:00,"5.02,9.01",37.790000915527344,184866445.81184387,-0.04075154480598542,0.0007938284882271773,-0.03810538254881535,0.0007938284882271773,0.0031754148975280394,0.024874268429105895,0.1222545334733367,0.14924581246387447,0.1283407874205238,0.18602801293948512
IPGP,2026-07-17 06:30:35-04:00,"1.01,7.01,9.01",105.0,34086342.611694336,-0.06761903308686756,0.0082857404436385,-0.02104761032831104,0.0082857404436385,-0.08133334205264142,0.0082857404436385,-0.14571431477864583,0.0082857404436385,-0.23609524681454608,0.0082857404436385
IONQ,2026-07-28 17:05:10-04:00,"8.01,9.01",33.720001220703125,702505789.4985199,-0.05130490471402438,0.01779354841045233,-0.05130490471402438,0.01779354841045233,-0.05130490471402438,0.01779354841045233,-0.05130490471402438,0.01779354841045233,-0.05130490471402438,0.01779354841045233
IQST,2026-07-16 17:15:39-04:00,"2.02,8.01,9.01",1.1150000095367432,531007.976102829,0.11210762235951433,0.14798202730202759,0.00448430061781413,0.2197309441012143,-0.07623321741700095,0.2197309441012143,-0.08520181865262921,0.2197309441012143,-0.03139010432469913,0.2197309441012143
IQST,2026-07-10 16:45:19-04:00,1.01,1.0099999904632568,588057.9966664314,0.04950490375089078,0.08910894478060416,-0.05940594351556927,0.08910894478060416,0.2079208318117427,0.36633664184359405,0.10891090628096056,0.36633664184359405,0.0,0.36633664184359405
IQST,2026-07-10 16:32:23-04:00,5.02,1.0099999904632568,588057.9966664314,0.04950490375089078,0.08910894478060416,-0.05940594351556927,0.08910894478060416,0.2079208318117427,0.36633664184359405,0.10891090628096056,0.36633664184359405,0.0,0.36633664184359405
IRDM,2026-07-22 07:01:11-04:00,"2.02,9.01",46.7400016784668,79764655.70106506,0.019255406051820412,0.021822777202344934,-0.020539214049968613,0.021822777202344934,-0.027813500322502738,0.021822777202344934,-0.05092000390773854,0.021822777202344934,-0.05092000390773854,0.021822777202344934
IRDM,2026-07-07 17:11:18-04:00,"1.01,2.03,5.02,7.01,9.01",51.0,164360746.6173172,-0.01019608740713085,0.0137255051556755,-0.0076470468558517135,0.0137255051556755,-0.04725489896886492,0.0137255051556755,-0.045686310412836995,0.0137255051556755,-0.08117645862055756,0.0137255051556755
ISRG,2026-07-27 16:08:21-04:00,"5.03,9.01",365.5,1816814589.3249512,-0.01012315241321815,0.02517103203018123,-0.0339261118918861,0.02517103203018123,-0.0339261118918861,0.02517103203018123,-0.0339261118918861,0.02517103203018123,-0.0339261118918861,0.02517103203018123
ISRG,2026-07-16 16:05:17-04:00,"2.02,9.01",365.0299987792969,1201251564.6209717,-0.053721571972551785,0.007424023954580861,-0.03249044021374592,0.007424023954580861,-0.06667944119465918,0.007424023954580861,-0.07541845566490535,0.007424023954580861,-0.03268222533949683,0.026491010218535616
ITRI,2026-07-28 08:35:16-04:00,"2.02,9.01",106.2300033569336,44343214.319229126,-0.036712806200098425,0.0004706337266628946,-0.036712806200098425,0.0004706337266628946,-0.036712806200098425,0.0004706337266628946,-0.036712806200098425,0.0004706337266628946,-0.036712806200098425,0.0004706337266628946
IQV,2026-07-28 07:03:16-04:00,"2.02,9.01",241.7899932861328,231630743.76678467,0.023863701694357253,0.039579832044139396,0.023863701694357253,0.039579832044139396,0.023863701694357253,0.039579832044139396,0.023863701694357253,0.039579832044139396,0.023863701694357253,0.039579832044139396
ISSC,2026-07-21 16:15:29-04:00,"1.01,2.01,2.03,8.01,9.01",19.520000457763672,4643686.483669281,-0.025102446702211845,0.014344199422675397,0.006147486120423595,0.014344199422675397,-0.01229506995337748,0.014344199422675397,-0.0865778941816292,0.014344199422675397,-0.0865778941816292,0.014344199422675397
JAKK,2026-07-24 06:15:29-04:00,"2.02,8.01,9.01",24.8700008392334,1607579.9760818481,0.04221950951461695,0.05830312853481656,0.07076792368887808,0.07559304774131048,0.06594287632919071,0.07559304774131048,0.06594287632919071,0.07559304774131048,0.06594287632919071,0.07559304774131048
IPW,2026-07-15 09:15:14-04:00,"8.01,9.01",1.0,615854.009437561,-0.050000011920928955,0.0,-0.050000011920928955,0.019999980926513672,-0.10000002384185791,0.4500000476837158,-0.17000001668930054,0.4500000476837158,-0.4300000071525574,0.4500000476837158
IPW,2026-07-06 08:45:17-04:00,"1.01,8.01,9.01",1.899999976158142,695543.0230021477,-0.09473681568769177,0.02368425097822202,-0.17368417255105684,0.02368425097822202,-0.19473684705855776,0.02368425097822202,-0.3421052549024036,0.02368425097822202,-0.5263157960780771,0.02368425097822202
IPW,2026-07-02 16:30:15-04:00,"1.01,9.01",2.0199999809265137,494586.02657318115,-0.04455447239030208,0.11386139665604955,-0.14851482928167314,0.11386139665604955,-0.18811881129688612,0.11386139665604955,-0.40099007446921764,0.11386139665604955,-0.5549504962765391,0.11386139665604955
IVR,2026-07-15 16:19:51-04:00,"2.02,7.01,8.01,9.01",8.149999618530273,17859199.390244484,0.004907971009235457,0.007362015021482815,-0.006134876000100209,0.007362015021482815,-0.029447826055413295,0.007362015021482815,-0.062576659621568,0.007362015021482815,-0.09079752217848713,0.007362015021482815
ISTR,2026-07-20 06:01:27-04:00,"2.02,5.02,9.01",29.65999984741211,6764771.953296661,0.006743114091988245,0.02292651074423757,-0.004045817009511454,0.02292651074423757,0.006743114091988245,0.02292651074423757,0.01618339665224955,0.036581287842317955,0.004720141280130541,0.036581287842317955
JBHT,2026-07-15 16:26:22-04:00,"2.02,9.01",296.0,239456832.27996826,0.00814190426388306,0.012702735694678946,-0.015506744384765625,0.012702735694678946,-0.009256723764780372,0.012702735694678946,-0.022398665144636842,0.012702735694678946,-0.06709454510663004,0.012702735694678946
IXHL,2026-07-23 07:30:22-04:00,"7.01,9.01",3.140000104904175,354646.50752544403,-0.06050957034164095,0.008598710034043,-0.0493631224936153,0.008598710034043,-0.07324841127051662,0.008598710034043,-0.07324841127051662,0.008598710034043,-0.07324841127051662,0.008598710034043
JAZZ,2026-07-24 06:16:10-04:00,5.07,254.7899932861328,141368847.92175293,0.002511870193150356,0.008673836383304545,0.008359905010906443,0.025550432428188552,0.004631296226948578,0.025550432428188552,0.004631296226948578,0.025550432428188552,0.004631296226948578,0.025550432428188552
JACK,2026-07-07 16:01:04-04:00,5.02,15.220000267028809,22972825.574207306,-0.05256242948089229,0.007884355023241252,-0.0032851635911714805,0.025624138160713184,-0.006570327182342961,0.028252256501793527,0.0032851635911714805,0.032194465343056144,-0.06438899334539605,0.08147166857349308
JHX,2026-07-22 18:09:16-04:00,"2.02,9.01",25.59000015258789,157056156.1487198,0.010551014308468831,0.0250097454408853,0.03712390610686955,0.03712390610686955,0.05080106406052831,0.07424773767881865,0.023446673618290337,0.07424773767881865,0.023446673618290337,0.07424773767881865
IVZ,2026-07-28 06:58:44-04:00,"2.02,9.01",28.989999771118164,156644634.78565216,-0.03173508394472335,0.013108005212673968,-0.03173508394472335,0.013108005212673968,-0.03173508394472335,0.013108005212673968,-0.03173508394472335,0.013108005212673968,-0.03173508394472335,0.013108005212673968
IVZ,2026-07-10 08:01:42-04:00,"7.01,9.01",29.079999923706055,123031946.97704315,-0.023383779469044796,0.002407142194218226,-0.01203577656079724,0.002407142194218226,0.04195320895994725,0.06671253573409142,0.019944976796001823,0.06671253573409142,0.035419556029842036,0.06671253573409142
JFB,2026-07-16 16:55:26-04:00,"1.01,9.01",4.460000038146973,954620.0209617615,-0.11210762235951421,0.00896860123562826,-0.1659192832303643,0.00896860123562826,-0.159192832303643,0.00896860123562826,-0.12107622359514258,0.00896860123562826,-0.26233185342752896,0.00896860123562826
JBIO,2026-07-01 16:41:06-04:00,1.01,22.030000686645508,27708588.076114655,-0.02360419616686138,0.0,-0.03313669663330898,0.012255948343147915,0.022696322488228393,0.06037221435550366,-0.049024053111389465,0.06037221435550366,-0.053109398085638526,0.06037221435550366
JRSH,2026-07-21 08:05:32-04:00,"5.02,9.01",4.590000152587891,340735.99326610565,0.02396506601753101,0.02396506601753101,0.015250477668230955,0.029411709707365397,-0.006535993205018742,0.043572941746499616,-0.030501163108637375,0.043572941746499616,-0.030501163108637375,0.043572941746499616
JMSB,2026-07-28 09:00:15-04:00,"7.01,9.01",23.479999542236328,906682.5241088867,-0.011073263796881339,0.013202784469112938,-0.011073263796881339,0.013202784469112938,-0.011073263796881339,0.013202784469112938,-0.011073263796881339,0.013202784469112938,-0.011073263796881339,0.013202784469112938
JMSB,2026-07-22 08:45:14-04:00,"8.01,9.01",21.899999618530273,664445.9913253784,0.010045718015308847,0.05114159172339572,0.020091348937071096,0.05114159172339572,0.07671234403832039,0.08630143058988371,0.060273959717667136,0.08630143058988371,0.060273959717667136,0.08630143058988371
JMSB,2026-07-22 08:40:12-04:00,"2.02,9.01",21.899999618530273,664445.9913253784,0.010045718015308847,0.05114159172339572,0.020091348937071096,0.05114159172339572,0.07671234403832039,0.08630143058988371,0.060273959717667136,0.08630143058988371,0.060273959717667136,0.08630143058988371
JXN,2026-07-22 16:37:04-04:00,"5.02,7.01,9.01",120.36000061035156,79046607.16323853,-0.03389832012599525,0.01661681613374788,-0.008973095925373431,0.01661681613374788,0.021435708025684397,0.02625453652949772,0.0008308281290627662,0.027542393025886458,0.0008308281290627662,0.027542393025886458
JXN,2026-07-01 17:23:01-04:00,"1.01,2.03,9.01",105.69000244140625,66629379.75273132,-0.01154320363820116,0.009934671190355848,0.03472417526889493,0.04484811954089363,0.0253571789504079,0.05336360355157721,0.10474027286508347,0.16236158232873743,0.1889488197502347,0.19869429004547756
KD,2026-07-06 06:52:14-04:00,"5.02,7.01,9.01",12.630000114440918,58590019.385528564,-0.019002357002653736,0.016627081254485754,-0.05225651951162513,0.016627081254485754,-0.05225651951162513,0.016627081254485754,-0.08076013052426034,0.016627081254485754,-0.03483773001351986,0.016627081254485754
JBLU,2026-07-28 03:03:38-04:00,"2.02,7.01,9.01",5.860000133514404,173484939.15052414,-0.023890843026106223,0.03242321721697827,-0.023890843026106223,0.03242321721697827,-0.023890843026106223,0.03242321721697827,-0.023890843026106223,0.03242321721697827,-0.023890843026106223,0.03242321721697827
JTAI,2026-07-21 16:58:30-04:00,"5.02,9.01",2.1700000762939453,2835088.0727906227,0.11520736922137109,0.27419355193130035,-0.03225814248860648,0.27419355193130035,-0.1013824980992436,0.27419355193130035,-0.156682037522908,0.27419355193130035,-0.156682037522908,0.27419355193130035
JTAI,2026-07-17 17:07:10-04:00,"1.01,2.01,8.01,9.01",2.0,1875641.0353800952,0.14499998092651367,0.23000001907348633,0.1549999713897705,0.23000001907348633,0.04999995231628418,0.3825000524520874,-0.02499997615814209,0.3825000524520874,-0.08499997854232788,0.3825000524520874
JOBY,2026-07-28 16:02:08-04:00,"8.01,9.01",7.130000114440918,408568241.0335541,-0.0673211797151737,0.012482432931483878,-0.0673211797151737,0.012482432931483878,-0.0673211797151737,0.012482432931483878,-0.0673211797151737,0.012482432931483878,-0.0673211797151737,0.012482432931483878
JEF,2026-07-15 16:12:30-04:00,"8.01,9.01",56.66999816894531,81603556.88743591,-0.015352019763457792,0.0026469301345610763,-0.03176282504358596,0.0026469301345610763,0.0012352834265636492,0.0026469301345610763,-0.01923409869612336,0.00829365159501072,-0.027704248201027237,0.020645880032580166
JEF,2026-07-08 17:22:47-04:00,"8.01,9.01",51.869998931884766,134292181.0945511,0.011374593497923025,0.029111281421335455,0.004241396283659604,0.030846391397066908,0.04029304406449796,0.051089292084984805,0.07576634636789992,0.1029496869587434,0.07152502362766322,0.1029496869587434
KALU,2026-07-22 16:40:15-04:00,"2.02,9.01",171.67999267578125,40297427.35443115,0.051957209973674034,0.08632343870264725,-0.049568935635424416,0.08632343870264725,-0.055451942100501084,0.08632343870264725,-0.11789370397165821,0.08632343870264725,-0.11789370397165821,0.08632343870264725
KALU,2026-07-13 16:40:15-04:00,"8.01,9.01",163.33999633789062,45137622.16949463,-0.013346349483635667,0.017509493537855025,-0.0036120751262301853,0.017509493537855025,-0.03403941277855882,0.017509493537855025,0.006305857734722808,0.017509493537855025,-0.007224150252460371,0.1417901566141817
KBDC,2026-07-09 16:19:10-04:00,"7.01,9.01",13.630000114440918,3974757.011127472,0.008070407612154273,0.01834189272934239,0.008070407612154273,0.027145992843174538,0.01027148511718834,0.027145992843174538,0.005869400075888098,0.027145992843174538,-0.013206185155132277,0.027145992843174538
KLAC,2026-07-28 16:08:02-04:00,"2.02,9.01",177.6300048828125,2382666173.149872,-0.04188482934690352,0.07735174157901792,-0.04188482934690352,0.07735174157901792,-0.04188482934690352,0.07735174157901792,-0.04188482934690352,0.07735174157901792,-0.04188482934690352,0.07735174157901792
KFRC,2026-07-27 16:05:07-04:00,"2.02,9.01",56.58000183105469,16109162.134933472,0.03375750769883812,0.060268641517443156,0.043831733156204145,0.09013782801473669,0.043831733156204145,0.09013782801473669,0.043831733156204145,0.09013782801473669,0.043831733156204145,0.09013782801473669
KINS,2026-07-23 14:43:59-04:00,"7.01,9.01",18.950000762939453,2306075.970363617,0.05065958025448358,0.05356197091207893,0.037994685190862576,0.07387860486360798,0.07598937038172537,0.08496035029991167,0.07598937038172537,0.08496035029991167,0.07598937038172537,0.08496035029991167
KINS,2026-07-16 17:17:50-04:00,"2.02,7.01,9.01",19.6200008392334,2382726.0321617126,0.02395511178647114,0.0377166024192217,0.0285422753307214,0.04791022357294206,-0.019877741096585466,0.04791022357294206,0.014780784697970617,0.04791022357294206,0.03924559212430312,0.04791022357294206
KEEL,2026-07-06 07:15:36-04:00,"5.02,7.01,9.01",4.650000095367432,263824458.3680153,-0.045161297600011974,0.0,-0.019354871127326034,0.0,0.0,0.0763440885575799,-0.03440867117587121,0.0763440885575799,0.0,0.0763440885575799
KMT,2026-07-28 16:19:26-04:00,"5.02,9.01",35.209999084472656,27009671.501922607,-0.04714569413732694,0.0036921633483530947,-0.04714569413732694,0.0036921633483530947,-0.04714569413732694,0.0036921633483530947,-0.04714569413732694,0.0036921633483530947,-0.04714569413732694,0.0036921633483530947
KNSL,2026-07-23 16:11:16-04:00,"2.02,9.01",338.8999938964844,105358569.0109253,0.03009741041820968,0.05118029369454957,0.06683385749308313,0.07424020098918738,0.1114488645956917,0.12187959108785851,0.1114488645956917,0.12187959108785851,0.1114488645956917,0.12187959108785851
KMTS,2026-07-14 16:08:33-04:00,"1.01,1.02,2.02,2.03,9.01",24.100000381469727,10856384.64307785,0.021369268941772157,0.029045595207917163,-0.004979287856180514,0.10041493933563017,-0.03568467206385639,0.10041493933563017,-0.1331950597930044,0.10041493933563017,-0.05601661245232714,0.10041493933563017
KBR,2026-07-10 16:30:16-04:00,"5.02,9.01",35.90999984741211,78663559.29374695,-0.00445557917270889,0.012809776842864773,-0.011139001046465702,0.012809776842864773,0.007518809771956292,0.020885547290083073,-0.037315515407457145,0.020885547290083073,0.025341126462791852,0.05179617427610772
KN,2026-07-28 16:21:03-04:00,"5.07,9.01",35.84000015258789,24096208.97502899,-0.035714251502436234,0.007254417422607906,-0.035714251502436234,0.007254417422607906,-0.035714251502436234,0.007254417422607906,-0.035714251502436234,0.007254417422607906,-0.035714251502436234,0.007254417422607906
KN,2026-07-23 16:05:51-04:00,"2.02,9.01",38.959999084472656,21685824.331474304,-0.03542087489339707,0.008470273070057877,-0.04106772360676891,0.008470273070057877,-0.1129362888752028,0.008470273070057877,-0.1129362888752028,0.008470273070057877,-0.1129362888752028,0.008470273070057877
KLRS,2026-07-20 08:07:21-04:00,"5.02,9.01",3.950000047683716,291576.50668621063,0.02278478812224005,0.025316491606066638,0.030379777855453316,0.037974646870400086,-0.05569620910238671,0.060759495351773385,-0.1544304116836933,0.060759495351773385,-0.13924049257640003,0.060759495351773385
KLRS,2026-07-17 07:05:41-04:00,"7.01,8.01,9.01",4.25,256849.00646209717,-0.05882352941176472,0.08000003590303306,-0.049411773681640625,0.08000003590303306,-0.0776470408720129,0.08000003590303306,-0.15764707677504597,0.08000003590303306,-0.19999997756060428,0.08000003590303306
KLRS,2026-07-06 16:11:47-04:00,5.02,4.804999828338623,257155.00571727753,0.005202933665051868,0.005202933665051868,-0.01977102884195059,0.022892848583605074,-0.07596249410155886,0.022892848583605074,-0.05306964551795379,0.022892848583605074,-0.1592091350292727,0.3007284543776978
KNX,2026-07-22 16:10:52-04:00,"2.02,9.01",79.01000213623047,222052681.86340332,-0.0845462615436714,0.012656625401373578,-0.08239465840041116,0.012656625401373578,-0.11201111548967901,0.012656625401373578,-0.10087331989893011,0.012656625401373578,-0.10087331989893011,0.012656625401373578
KMPR,2026-07-21 09:02:41-04:00,"5.02,9.01",28.149999618530273,24495950.072288513,-0.024511564597088364,0.002841915623096325,-0.018117237505968498,0.002841915623096325,0.04653639373693097,0.061811715619803254,0.09413853124125304,0.10834817711334743,0.09413853124125304,0.10834817711334743
KITT,2026-07-08 19:25:23-04:00,"3.03,5.03,9.01",1.0499999523162842,325562.00280189514,0.01904771528006588,0.01904771528006588,0.0,0.02857151615376763,-0.17142852925929697,0.02857151615376763,-0.20857142078633173,0.02857151615376763,-0.26952375773129045,0.02857151615376763
KITT,2026-07-01 17:06:33-04:00,"7.01,9.01",1.25,304702.50135064125,-0.09600000381469731,0.02399997711181645,-0.11999998092651365,0.02399997711181645,-0.16800003051757817,0.02399997711181645,-0.1600000381469726,0.02399997711181645,-0.3671999931335449,0.02399997711181645
KEY,2026-07-21 06:31:09-04:00,"2.02,9.01",22.760000228881836,233197508.7545395,0.015377872493409939,0.015377872493409939,-0.0017575094518929024,0.015377872493409939,-0.010984182666340936,0.015377872493409939,-0.025483300433804534,0.015377872493409939,-0.025483300433804534,0.015377872493409939
KRP,2026-07-17 08:17:54-04:00,"1.01,3.02,7.01,8.01,9.01",14.949999809265137,6957540.338945389,0.003344494406205767,0.0120401543459705,0.010033483218617079,0.012709065985396562,0.014715737112749983,0.028762562586073903,-0.018729079367456825,0.028762562586073903,-0.011371242706544327,0.028762562586073903
KRG,2026-07-02 16:30:39-04:00,"1.01,2.03,3.02,8.01,9.01",28.670000076293945,58876305.88932037,-0.006627154989606088,0.004185589079667373,0.006278350355660267,0.01499826662125936,-0.017091027897252253,0.01499826662125936,-0.007673502363761742,0.01499826662125936,0.035577274330287345,0.04359958132799502
KREF,2026-07-21 16:42:05-04:00,"2.02,9.01",7.559999942779541,5902903.971362114,-0.019841282606185007,0.006613781893294535,-0.055555566067838624,0.011904782178450812,-0.03174600171093711,0.011904782178450812,-0.04232806535494815,0.011904782178450812,-0.04232806535494815,0.011904782178450812
KPTI,2026-07-17 17:01:30-04:00,5.02,9.399999618530273,2941732.430934906,-0.2053191390065594,0.005319169442975058,-0.16329786273460645,0.005319169442975058,-0.24574463400920443,0.005319169442975058,-0.24574463400920443,0.005319169442975058,-0.2702127221376428,0.005319169442975058
KROS,2026-07-22 16:01:17-04:00,5.02,9.9399995803833,2130526.439809799,0.020120801949947476,0.04527170844428752,0.012072519547206229,0.04527170844428752,0.013078482890228171,0.05633807276228331,0.0030181778583486807,0.05633807276228331,0.0030181778583486807,0.05633807276228331
KSCP,2026-07-20 07:01:12-04:00,"2.02,9.01",1.4199999570846558,949467.0190751553,0.00704224701794165,0.09507041869242006,0.4647887229351879,0.6126760782123777,0.021126825004031735,0.6126760782123777,0.07042255412962395,0.6126760782123777,-0.028168988071767043,0.6126760782123777
KRYS,2026-07-21 17:24:31-04:00,"8.01,9.01",337.32000732421875,133224197.19543457,-0.0015416207754026523,0.01289578444522732,-0.02911184368254849,0.01289578444522732,0.04298588783695578,0.061306747974496645,0.07695953661629806,0.09391673185080807,0.07695953661629806,0.09391673185080807
KRC,2026-07-27 16:31:01-04:00,"2.02,7.01,9.01",38.09000015258789,54184217.121315,0.01496454955476012,0.01601471798130505,0.035179841092671804,0.05329479577749363,0.035179841092671804,0.05329479577749363,0.035179841092671804,0.05329479577749363,0.035179841092671804,0.05329479577749363
KTB,2026-07-24 06:52:55-04:00,5.02,83.22000122070312,55575756.82640076,0.030761806309092865,0.034967507690818245,0.05815905151280565,0.060442185838919915,0.02355201941507601,0.060442185838919915,0.02355201941507601,0.060442185838919915,0.02355201941507601,0.060442185838919915
KTB,2026-07-24 06:52:08-04:00,5.07,83.22000122070312,55575756.82640076,0.030761806309092865,0.034967507690818245,0.05815905151280565,0.060442185838919915,0.02355201941507601,0.060442185838919915,0.02355201941507601,0.060442185838919915,0.02355201941507601,0.060442185838919915
KTB,2026-07-24 06:51:02-04:00,"5.02,8.01,9.01",83.22000122070312,55575756.82640076,0.030761806309092865,0.034967507690818245,0.05815905151280565,0.060442185838919915,0.02355201941507601,0.060442185838919915,0.02355201941507601,0.060442185838919915,0.02355201941507601,0.060442185838919915
KRNY,2026-07-23 08:39:36-04:00,"2.02,7.01,8.01,9.01",9.229999542236328,4271829.955101013,0.018418210696114157,0.02600224666255313,0.02383534972261825,0.03466962777562643,0.03900331833216297,0.05742152902827713,0.03900331833216297,0.05742152902827713,0.03900331833216297,0.05742152902827713
KUST,2026-07-27 08:45:40-04:00,"1.01,8.01,9.01",1.1799999475479126,2785215.489268303,-0.1355931980792756,0.008474669590729178,-0.08474568565903096,0.008474669590729178,-0.08474568565903096,0.008474669590729178,-0.08474568565903096,0.008474669590729178,-0.08474568565903096,0.008474669590729178
KULR,2026-07-24 08:30:32-04:00,2.01,2.5899999141693115,3453031.0328006744,0.015444093280765792,0.0231660938943945,-0.02316600184088602,0.0231660938943945,-0.06563700521584381,0.0231660938943945,-0.06563700521584381,0.0231660938943945,-0.06563700521584381,0.0231660938943945
KYMR,2026-07-27 16:10:37-04:00,"5.02,7.01,9.01",108.7750015258789,59911882.35015869,-0.02404043049493676,0.014571354283967164,-0.03240635694259464,0.014571354283967164,-0.03240635694259464,0.014571354283967164,-0.03240635694259464,0.014571354283967164,-0.03240635694259464,0.014571354283967164
KSS,2026-07-01 16:39:21-04:00,"1.01,9.01",18.950000762939453,94100053.65686417,-0.040105551360618885,0.0010553324332391867,-0.10817947556067498,0.0010553324332391867,-0.16147758820153435,0.0010553324332391867,-0.11345654033342667,0.0010553324332391867,-0.08707131712130678,0.0010553324332391867
LAW,2026-07-23 09:03:52-04:00,5.02,3.559999942779541,885032.044005394,-0.01123594452133514,0.03370790053551764,0.0870786370118597,0.11516856528670982,0.18539321854505464,0.2471910473554222,0.18539321854505464,0.2471910473554222,0.18539321854505464,0.2471910473554222
KYTX,2026-07-27 08:00:16-04:00,"1.01,7.01,9.01",7.860000133514404,8031540.053987503,-0.04707383665536957,0.015267160753269282,-0.10050889929181195,0.015267160753269282,-0.10050889929181195,0.015267160753269282,-0.10050889929181195,0.015267160753269282,-0.10050889929181195,0.015267160753269282
KYTX,2026-07-09 06:00:22-04:00,"1.01,9.01",9.880000114440918,11734572.092056274,-0.14119437668069412,0.002024241281143757,-0.21356276407632446,0.002024241281143757,-0.21255059517288288,0.002024241281143757,-0.24595144504340816,0.002024241281143757,-0.25000002413143485,0.002024241281143757
LCNB,2026-07-15 16:06:50-04:00,"2.02,7.01,9.01",18.020000457763672,355179.99448776245,0.09766926660224162,0.12097670642602876,0.06215310229929716,0.12097670642602876,0.07436182677845427,0.14428414624981611,0.08490559047892221,0.14428414624981611,0.1265260111752422,0.18312980872532592
LAND,2026-07-15 16:30:22-04:00,"8.01,9.01",8.8100004196167,4562912.4532699585,0.014755863175345718,0.0227014528648386,-0.00624294013123039,0.0227014528648386,0.0022700911619508712,0.0227014528648386,-0.02724185168687221,0.0227014528648386,-0.04086272340577546,0.0227014528648386
KWR,2026-07-07 16:38:44-04:00,5.02,154.82000732421875,28621421.673583984,-0.04715154829098023,0.0,-0.04863721535884469,0.0,-0.04418041127175232,0.0,-0.01827930304336045,0.0,-0.016987500054207016,0.006846644544938885
LASE,2026-07-24 14:10:02-04:00,"4.01,9.01",1.059999942779541,2185855.5307507515,0.0,0.07547174267346413,-0.01886790755296608,0.07547174267346413,-0.0886791767451004,0.07547174267346413,-0.0886791767451004,0.07547174267346413,-0.0886791767451004,0.07547174267346413
LASE,2026-07-20 14:33:50-04:00,"1.01,3.02,7.01,9.01",1.2300000190734863,1745551.4929234982,-0.06504068428844845,0.056910513949037345,-0.14634151541947904,0.056910513949037345,-0.12195119823748579,0.056910513949037345,-0.15447158884077017,0.056910513949037345,-0.21463414185013585,0.056910513949037345
LCII,2026-07-22 08:22:52-04:00,"7.01,9.01",103.7300033569336,41614185.83602905,0.008387111626651178,0.015906621450755942,-0.00366340374544194,0.024872207829613524,0.03798317443849153,0.048105636771253346,0.027185959737421772,0.048105636771253346,0.027185959737421772,0.048105636771253346
LCII,2026-07-20 07:03:17-04:00,"5.02,7.01,9.01",106.9000015258789,48405282.75985718,-0.019831643744820826,0.024508840783816543,-0.008325532057480656,0.024508840783816543,-0.03320863424775922,0.024508840783816543,0.007202961946450426,0.024508840783816543,-0.003274073612022921,0.024508840783816543
LCID,2026-07-14 14:29:58-04:00,7.01,4.635000228881836,80456525.00987053,0.28371079081921335,0.29773453494233726,0.39374319722642315,0.4822005493657604,0.5339805355801777,0.6655877905002932,0.4627831445531516,0.680043105665463,0.7173677767147104,0.8338726171002953
LCID,2026-07-06 16:08:39-04:00,"2.03,9.01",6.420000076293945,86083018.68739128,-0.06619940586982076,0.01635514296350271,-0.09345792795985897,0.01635514296350271,-0.13551399925548047,0.01635514296350271,-0.28037385815327653,0.01635514296350271,0.1401869290766382,0.20249216486741095
LCID,2026-07-02 09:01:58-04:00,"2.02,5.02,7.01,9.01",6.130000114440918,85046326.46799088,0.08645998745132655,0.1060359026480564,-0.022022875426022437,0.1060359026480564,-0.04893967131063004,0.1060359026480564,-0.1011419044020081,0.1060359026480564,0.1598694944172716,0.25938004014144256
LAZ,2026-07-23 06:30:59-04:00,"2.02,9.01",43.0099983215332,70328093.23806763,0.031155549985618425,0.043013307626476927,-0.0004649301057143562,0.060683578521435244,-0.05440595777508683,0.060683578521435244,-0.05440595777508683,0.060683578521435244,-0.05440595777508683,0.060683578521435244
LAZ,2026-07-07 08:31:08-04:00,"5.02,7.01,9.01",42.54999923706055,88856710.42327881,-0.04136306352739638,0.0,-0.01997646273471032,0.011280835507471831,-0.03407757435813352,0.011280835507471831,0.05828436161465955,0.06580491861964077,0.02420687690863743,0.06580491861964077
LEU,2026-07-02 13:47:52-04:00,"1.01,9.01",167.97999572753906,113726655.49621582,0.037206811280894536,0.07048465232660206,-0.013930208342700867,0.07048465232660206,0.03321825201201545,0.07048465232660206,-0.0710203177712393,0.07048465232660206,-0.0689962890384247,0.07048465232660206
LEE,2026-07-24 16:24:25-04:00,"1.01,9.01",7.5,377198.00457954407,0.03866666158040366,0.058666674296061094,0.058666674296061094,0.06666666666666665,0.05199998219807944,0.06800003051757808,0.05199998219807944,0.06800003051757808,0.05199998219807944,0.06800003051757808
LEE,2026-07-10 16:02:13-04:00,"5.02,9.01",8.199999809265137,649760.5114459991,-0.04024389407097173,0.013414708891489546,-0.04634142029788835,0.013414708891489546,-0.029268265451297903,0.04024389407097173,-0.05121946453977133,0.04024389407097173,-0.0499999825547377,0.04024389407097173
LEVI,2026-07-08 16:11:49-04:00,"2.02,9.01",23.459999084472656,78798097.27039337,0.016197829622540016,0.0686274796752726,0.03623190173235402,0.0686274796752726,0.014066574762703343,0.0686274796752726,0.06521742311823697,0.0686274796752726,0.02728053375844608,0.0686274796752726
LEGH,2026-07-21 18:01:16-04:00,"5.02,9.01",26.09000015258789,2034059.4826698303,0.00038329738686648795,0.011881926566858825,0.00038329738686648795,0.011881926566858825,0.011881926566858825,0.03641244758081075,0.01303181872745851,0.05902640855392849,0.01303181872745851,0.05902640855392849
LFST,2026-07-07 16:27:16-04:00,5.02,10.75,44700974.06859398,-0.02418606780296151,0.0051163074582121215,0.004651180533475685,0.010046493175417837,0.012093033901480643,0.016651153564453125,0.02046514111895892,0.032558175020439784,0.02418606780296151,0.09395350966342653
LH,2026-07-10 03:31:41-04:00,"7.01,9.01",277.20001220703125,178215313.96636963,-0.0018759722523447042,0.009343420720906215,-0.005483475700984952,0.009343420720906215,0.01709953111702922,0.018578620742043972,0.015440110356489845,0.0485208553288512,0.08647186206759883,0.088708496590993
LGND,2026-07-14 09:20:16-04:00,"1.01,2.01,2.03,7.01,9.01",301.989990234375,122592353.74145508,-0.01897407415491803,0.006523399067545954,-0.018344906144220796,0.006523399067545954,-0.026490944265375127,0.02175571223112316,0.007516870110457097,0.02175571223112316,-0.04629286042858605,0.02175571223112316
LENZ,2026-07-02 17:00:28-04:00,5.02,5.789999961853027,5881925.24433136,-0.032815208717143274,0.010362684486156404,0.018998296068934772,0.04749569899468886,0.0,0.07253887375839096,-0.09671847089275609,0.07253887375839096,-0.1433505922581081,0.07253887375839096
LE,2026-07-10 17:00:30-04:00,5.02,11.1899995803833,4215558.104991913,0.021447786755346643,0.06076857289323412,-0.008936499691270305,0.06076857289323412,0.05451301458678581,0.08847191795502907,0.06434318981486009,0.08847191795502907,0.0902591838030471,0.10008944425671151
LEDS,2026-07-27 06:01:34-04:00,"4.01,9.01",1.8799999952316284,1302205.9985280037,0.0,0.026595719384628902,-0.0531915021784547,0.026595719384628902,-0.0531915021784547,0.026595719384628902,-0.0531915021784547,0.026595719384628902,-0.0531915021784547,0.026595719384628902
LHX,2026-07-24 16:06:26-04:00,"5.02,9.01",301.0,313311062.7105713,0.008239239157236344,0.017641187902304845,0.01395352892701407,0.02621267325062293,-0.01152824325814994,0.02621267325062293,-0.01152824325814994,0.02621267325062293,-0.01152824325814994,0.02621267325062293
LHAI,2026-07-17 17:00:21-04:00,5.07,1.0,2198232.942146063,0.11000001430511475,0.11500000953674316,0.039999961853027344,0.11500000953674316,-0.050000011920928955,0.11500000953674316,-0.07200002670288086,0.11500000953674316,-0.19999998807907104,0.11500000953674316
LFCR,2026-07-02 17:17:29-04:00,7.01,5.050000190734863,1649550.0,0.0,0.033663285749707894,-0.03762377228599878,0.033663285749707894,-0.05940597611961829,0.033663285749707894,-0.08316832879818725,0.033663285749707894,-0.07128715245890282,0.04752470535713771
LINC,2026-07-10 12:55:28-04:00,"1.01,2.01,2.03,9.01",54.0,26189151.230621338,-0.002407427187319122,0.018333364416051712,-0.009074105156792522,0.027037020082826935,-0.18388889454029222,0.027037020082826935,-0.2392592253508391,0.027037020082826935,-0.24814817640516496,0.027037020082826935
LION,2026-07-23 16:03:58-04:00,"5.02,9.01",13.399999618530273,30206445.076704025,-0.004477572212719494,0.022388074572778693,-0.009701430184134607,0.022388074572778693,-0.02537307526810706,0.022388074572778693,-0.02537307526810706,0.022388074572778693,-0.02537307526810706,0.022388074572778693
LION,2026-07-06 16:03:05-04:00,8.01,14.4399995803833,40019672.16706276,-0.034626039787372886,0.010387851562569717,-0.05955676465846671,0.010387851562569717,-0.06717446963587403,0.010387851562569717,-0.07963986509338583,0.010387851562569717,-0.06371185244835087,0.010387851562569717
LMND,2026-07-28 15:11:55-04:00,5.02,49.209999084472656,74407049.40567017,-0.03718752388546265,0.04795774546348697,-0.03718752388546265,0.04795774546348697,-0.03718752388546265,0.04795774546348697,-0.03718752388546265,0.04795774546348697,-0.03718752388546265,0.04795774546348697
LMND,2026-07-28 15:00:09-04:00,"2.02,9.01",49.209999084472656,74407049.40567017,-0.03718752388546265,0.04795774546348697,-0.03718752388546265,0.04795774546348697,-0.03718752388546265,0.04795774546348697,-0.03718752388546265,0.04795774546348697,-0.03718752388546265,0.04795774546348697
LODE,2026-07-24 16:16:18-04:00,"2.02,7.01,9.01",3.0899999141693115,3168133.9594364166,0.006472485916521498,0.03236250674072605,-0.08414239407289847,0.03236250674072605,-0.11974106661376704,0.03236250674072605,-0.11974106661376704,0.03236250674072605,-0.11974106661376704,0.03236250674072605
LNG,2026-07-28 08:35:38-04:00,"7.01,9.01",257.8699951171875,495583550.4776001,0.0028696251924877902,0.012991065912857591,0.0028696251924877902,0.012991065912857591,0.0028696251924877902,0.012991065912857591,0.0028696251924877902,0.012991065912857591,0.0028696251924877902,0.012991065912857591
LNG,2026-07-14 16:34:37-04:00,"5.02,7.01,9.01",262.4599914550781,473939289.2379761,-0.02526095344005297,0.004953205642275416,-0.013182929085290063,0.004953205642275416,0.009487239324166952,0.018174272980826522,0.018821925635289727,0.020079325241279644,-0.01466892566052136,0.05501791858389882
LNG,2026-07-02 16:39:30-04:00,"1.01,2.03,9.01",246.0,518996367.37213135,0.00036583877191320724,0.00735771365282023,0.03658536585365857,0.04662602122237036,0.062154506280170274,0.07491866941374492,0.07028458758098322,0.07951218519753556,0.07703256994728158,0.08678864269721798
LOB,2026-07-22 16:18:49-04:00,"2.02,9.01",41.310001373291016,8377834.967803955,0.03243766903997902,0.03316385587850745,0.018639565048804707,0.040910156633440664,0.03897353527311287,0.04478330701090738,0.033890042717035884,0.046429416698548165,0.033890042717035884,0.046429416698548165
LOB,2026-07-02 16:13:31-04:00,5.02,41.349998474121094,14552212.389755249,0.010882727437609985,0.01136641446304476,-0.005804059797480665,0.0152358184126542,-0.0007254844112183356,0.0152358184126542,0.004111293589260212,0.0152358184126542,0.006771526102216985,0.060459494371314815
LOGI,2026-07-28 16:08:19-04:00,"2.02,9.01",102.23999786376953,104970221.46835327,0.007335680904447361,0.053305992679094416,0.007335680904447361,0.053305992679094416,0.007335680904447361,0.053305992679094416,0.007335680904447361,0.053305992679094416,0.007335680904447361,0.053305992679094416
LOGC,2026-07-21 17:18:29-04:00,9.01,9.350000381469727,330606.49342536926,0.0010694411550331573,0.0021389843073151837,0.005347511766912616,0.005347511766912616,0.0032085274595974322,0.0374330923546331,0.005347511766912616,0.0374330923546331,0.005347511766912616,0.0374330923546331
LMB,2026-07-24 16:05:24-04:00,"1.01,2.03,9.01",73.06999969482422,11606318.733978271,0.017380548082257086,0.021280967725061162,-0.007937619179924083,0.021280967725061162,-0.07403853914478742,0.021280967725061162,-0.07403853914478742,0.021280967725061162,-0.07403853914478742,0.021280967725061162
LNN,2026-07-17 16:10:16-04:00,"5.02,9.01",112.30000305175781,15570290.531539917,0.005075687260324591,0.016829913965161314,-0.001959049107075561,0.0226179271336453,0.010062308305523127,0.029741729716171506,0.02048081353393405,0.030454123561947544,0.0011575890461734684,0.0475511682348706
LNN,2026-07-02 06:45:19-04:00,"2.02,9.01",121.1500015258789,20363973.948669434,-0.02921998242625823,0.0,-0.04878253064525906,0.0,-0.08229468506092774,0.0,-0.051341321851939625,0.0,-0.06834501588948128,0.0
LKFN,2026-07-27 07:00:19-04:00,"7.01,9.01",63.849998474121094,10502613.075637817,-0.0023492202782500193,0.010963266943857963,-0.008144035324874177,0.010963266943857963,-0.008144035324874177,0.010963266943857963,-0.008144035324874177,0.010963266943857963,-0.008144035324874177,0.010963266943857963
LKFN,2026-07-27 07:00:05-04:00,"2.02,9.01",63.849998474121094,10502613.075637817,-0.0023492202782500193,0.010963266943857963,-0.008144035324874177,0.010963266943857963,-0.008144035324874177,0.010963266943857963,-0.008144035324874177,0.010963266943857963,-0.008144035324874177,0.010963266943857963
LKFN,2026-07-14 14:16:22-04:00,"7.01,9.01",60.86000061035156,15510207.985115051,0.012651995564270546,0.019060135323344163,0.045185671581019715,0.05175815797384553,0.01922441927722085,0.05175815797384553,0.007394031521960054,0.05175815797384553,0.040584968713966996,0.060630995800197596
LQDT,2026-07-07 06:00:28-04:00,"8.01,9.01",38.119998931884766,7312369.813156128,-0.005508895339894848,0.01101789075054982,0.012067232740270661,0.013378860192041708,0.01993709752165751,0.03803779652592354,0.040136480505365446,0.04931797273852334,0.006033566334755269,0.08289611584351286
LPG,2026-07-15 19:16:24-04:00,"7.01,8.01,9.01",41.79999923706055,25646132.460594177,-0.011961722706365308,0.028468958447998682,-0.018421063919086822,0.028468958447998682,0.06291868698847813,0.0808612710480261,0.09114835987635628,0.09330147361393015,0.09330147361393015,0.10885165837578392
LSCC,2026-07-27 16:24:29-04:00,"2.01,2.03,3.02,5.02,7.01,9.01",116.44999694824219,211938140.08789062,0.031000435422562367,0.03975959642893234,-0.029969926622846588,0.03975959642893234,-0.029969926622846588,0.03975959642893234,-0.029969926622846588,0.03975959642893234,-0.029969926622846588,0.03975959642893234
LPTH,2026-07-23 08:35:09-04:00,"1.01,7.01,9.01",12.25,32789889.791679382,-0.115918373575016,0.0,-0.10857142234335138,0.0,-0.23346935972875482,0.0,-0.23346935972875482,0.0,-0.23346935972875482,0.0
LWLG,2026-07-20 09:00:14-04:00,"5.02,7.01,9.01",6.150000095367432,19344663.142204285,0.1186991882525934,0.12195121762110994,0.10081298795850513,0.20162597591701026,-0.016260146842582146,0.20162597591701026,-0.06341461145331817,0.20162597591701026,-0.13008132980964893,0.20162597591701026
LTCN,2026-07-02 16:37:00-04:00,5.07,3.2300000190734863,354490.99612236023,0.029411773389858897,0.03715166713636853,0.006501519604724226,0.03715166713636853,0.012383889045456176,0.03715166713636853,-0.012383889045456176,0.03715166713636853,0.07120743582517397,0.09907118617745048
LSTR,2026-07-28 16:22:30-04:00,"2.02,7.01,9.01",180.49000549316406,88039734.84039307,-0.014737678437325541,0.019447029752397427,-0.014737678437325541,0.019447029752397427,-0.014737678437325541,0.019447029752397427,-0.014737678437325541,0.019447029752397427,-0.014737678437325541,0.019447029752397427
LSTR,2026-07-23 17:05:29-04:00,"8.01,9.01",198.89999389648438,88039734.84039307,0.006938184641326339,0.02101562625862008,-0.036550976554858394,0.02101562625862008,-0.10593259282046719,0.02101562625862008,-0.10593259282046719,0.02101562625862008,-0.10593259282046719,0.02101562625862008
LSTR,2026-07-06 16:42:07-04:00,"1.01,2.03,9.01",203.85000610351562,102118765.21759033,0.0004905118554461296,0.013294046475043952,-0.0006867764800425613,0.018543039814172824,0.026833461157344418,0.04002937532009021,0.03708607962834587,0.050772580499560016,0.05082168408222043,0.06176107903326433
LVWR,2026-07-23 06:51:04-04:00,"2.02,9.01",1.2649999856948853,357648.5908448696,0.15415024083575046,0.39920948691096125,0.9209486910961213,1.8221343664930858,1.047430785342327,1.8221343664930858,1.047430785342327,1.8221343664930858,1.047430785342327,1.8221343664930858
LXP,2026-07-20 06:53:56-04:00,"1.01,5.03,7.01,9.01",60.900001525878906,31790548.30493927,0.004105090209131745,0.004105090209131745,0.004105090209131745,0.006239692018012333,-0.0014778349808356461,0.006239692018012333,-0.0008210681527908159,0.006239692018012333,-0.003776738114462219,0.006239692018012333
LSF,2026-07-06 21:09:54-04:00,"2.01,9.01",4.889999866485596,423618.9890384674,-0.008179951522529372,0.010224988159518666,-0.04907970913517634,0.010224988159518666,-0.05316968489644103,0.010224988159518666,-0.07770953946402914,0.010224988159518666,-0.21472392249182426,0.010224988159518666
LSF,2026-07-01 17:22:16-04:00,"5.07,9.01",4.989999771118164,441355.9917449951,-0.020040061967810496,0.0,-0.018036007991752867,0.0,-0.06813621069055575,0.0,-0.07214422308411794,0.0,-0.11823641338935864,0.0
MARA,2026-07-09 08:09:02-04:00,"1.01,2.01,7.01,9.01",13.640000343322754,612179696.7395782,-0.07624632959500932,0.002932548449136041,-0.10630503859549223,0.002932548449136041,-0.09897363251391689,0.002932548449136041,-0.21627571031430215,0.002932548449136041,-0.11143698090211296,0.002932548449136041
MAIN,2026-07-16 09:15:53-04:00,"2.02,9.01",55.58000183105469,33486751.99699402,-0.0037783895691162472,0.014573543215343543,-0.017812192260735826,0.014573543215343543,-0.03490468473360675,0.014573543215343543,-0.03796330588050867,0.014573543215343543,-0.022670062877300223,0.014573543215343543
MAIN,2026-07-09 09:38:49-04:00,"2.02,9.01",51.88999938964844,35000215.25859833,0.01830797406270479,0.025245738845631083,0.011948331839997106,0.030641745447872903,0.029292743797312504,0.034881506929678174,0.06706493704315886,0.08672191275642427,0.030449062432825524,0.08672191275642427
LW,2026-07-24 08:00:54-04:00,"2.02,9.01",49.900001525878906,73276500.18119812,0.06432863700029956,0.0723446229512057,0.09458912348044701,0.10120238642561041,0.08176348480152806,0.11603200248054701,0.08176348480152806,0.11603200248054701,0.08176348480152806,0.11603200248054701
LW,2026-07-15 17:24:09-04:00,"5.02,9.01",45.08000183105469,68108135.84308624,0.04081624363695324,0.05146405502641338,0.03793254248039246,0.06743560286938344,0.04835839400913167,0.06743560286938344,0.09094938570514177,0.10470268887066347,0.19742673801425203,0.23535928049464472
MAMA,2026-07-07 17:07:59-04:00,5.07,18.40999984741211,16732096.09260559,0.011406898075059457,0.01901142772246822,-0.013579576429770701,0.026615957369876986,0.033677395131567645,0.048886454426385395,-0.021184106077179576,0.06898427312818223,-0.06463881281481354,0.06898427312818223
MAMA,2026-07-01 16:30:28-04:00,"1.01,8.01,9.01",18.110000610351562,16732096.09260559,0.03147430566614173,0.040033045261560485,0.029817724460486916,0.04693530897151055,0.028161248575017783,0.056046347622333625,0.051904947268289314,0.05853116677072312,-0.05024847138282029,0.0866924153457409
MAN,2026-07-16 07:30:19-04:00,"2.02,9.01",52.95000076293945,43594455.57556152,-0.011520313532809467,0.05193578773137175,0.003021715677180792,0.05193578773137175,-0.024362623171674036,0.05193578773137175,-0.03059488023687862,0.05193578773137175,0.054957503408552544,0.07799813047417148
MANH,2026-07-28 16:02:18-04:00,"2.02,9.01",195.0,125760304.06417847,0.046256432166466244,0.10256410256410264,0.046256432166466244,0.10256410256410264,0.046256432166466244,0.10256410256410264,0.046256432166466244,0.10256410256410264,0.046256432166466244,0.10256410256410264
LWAY,2026-07-07 16:05:31-04:00,"1.01,2.03,9.01",28.8799991607666,9297518.073272705,0.048822776860611095,0.05436293794307634,0.07029088454418164,0.07375350173170481,0.09937676324908917,0.12015233428636929,0.08760390443786803,0.129847715246578,0.04951524746297187,0.13261772974388109
MASS,2026-07-08 16:30:11-04:00,8.01,7.900000095367432,2322967.469358444,0.029113926113540023,0.09999993360495352,0.025316491606066638,0.09999993360495352,0.03291136062101341,0.09999993360495352,-0.06202534709368657,0.09999993360495352,-0.09999999396408665,0.09999993360495352
LXFR,2026-07-28 16:30:28-04:00,9.01,17.1200008392334,2289314.469242096,-0.004088878431152354,0.010513924591326607,-0.004088878431152354,0.010513924591326607,-0.004088878431152354,0.010513924591326607,-0.004088878431152354,0.010513924591326607,-0.004088878431152354,0.010513924591326607
LXFR,2026-07-27 08:31:57-04:00,"1.01,8.01,9.01",17.110000610351562,2264456.941318512,-0.00350680135304704,0.00526009055390908,-0.00350680135304704,0.011104536524331632,-0.00350680135304704,0.011104536524331632,-0.00350680135304704,0.011104536524331632,-0.00350680135304704,0.011104536524331632
LXFR,2026-07-23 06:41:11-04:00,"8.01,9.01",17.1200008392334,2156956.960773468,-0.004088878431152354,0.005841032080555086,0.0,0.01635506808242737,-0.004088878431152354,0.01635506808242737,-0.004088878431152354,0.01635506808242737,-0.004088878431152354,0.01635506808242737
MBOT,2026-07-21 08:30:28-04:00,"7.01,9.01",1.7899999618530273,888746.00456357,-0.01117317394007622,0.016759827507484282,-0.01675976091011433,0.016759827507484282,-0.02793293485019055,0.016759827507484282,-0.06703911023782716,0.016759827507484282,-0.06703911023782716,0.016759827507484282
MBOT,2026-07-07 08:30:39-04:00,"7.01,8.01,9.01",1.8600000143051147,1545625.0106692314,0.00537633891739131,0.02150535566956502,0.0,0.02150535566956502,0.010752677834782398,0.02150535566956502,0.0,0.02150535566956502,-0.04838711434753651,0.02150535566956502
MATX,2026-07-15 17:20:31-04:00,"2.02,9.01",215.0,68413458.82415771,0.039767456054687456,0.07320932787518175,0.03339531477107549,0.07320932787518175,0.019488383448401203,0.07320932787518175,-0.006558156567950557,0.07320932787518175,-0.06120931935864826,0.07320932787518175
MATV,2026-07-01 16:03:50-04:00,"5.02,9.01",7.510000228881836,3747776.963996887,-0.0386152369975844,0.02130490579704447,-0.006657814808390228,0.02130490579704447,-0.010652516392149813,0.05858849094187213,0.0399466983694583,0.05858849094187213,0.06790948246852047,0.1185085702428732
MBIN,2026-07-28 16:05:36-04:00,"2.02,9.01",51.41999816894531,7453819.076156616,0.055620395025195446,0.10598990581510637,0.055620395025195446,0.10598990581510637,0.055620395025195446,0.10598990581510637,0.055620395025195446,0.10598990581510637,0.055620395025195446,0.10598990581510637
MBLY,2026-07-23 06:41:04-04:00,"2.02,9.01",7.559999942779541,59983326.86672211,0.06481484810371141,0.12037041417155003,0.05952384781855513,0.16931219834609412,0.05952384781855513,0.16931219834609412,0.05952384781855513,0.16931219834609412,0.05952384781855513,0.16931219834609412
MBLY,2026-07-23 06:40:30-04:00,"5.02,7.01,9.01",7.559999942779541,59983326.86672211,0.06481484810371141,0.12037041417155003,0.05952384781855513,0.16931219834609412,0.05952384781855513,0.16931219834609412,0.05952384781855513,0.16931219834609412,0.05952384781855513,0.16931219834609412
MDB,2026-07-06 16:05:10-04:00,"5.03,5.07",365.9800109863281,512536629.7531128,-0.012732945850103983,0.010984176438592508,-0.017979170698723124,0.010984176438592508,-0.06530417972733304,0.02008299733673735,-0.05822721711265766,0.02008299733673735,-0.15938033591682355,0.02008299733673735
MCHP,2026-07-24 16:16:56-04:00,5.02,79.48999786376953,879785848.4149933,-0.020002470507240022,0.010944807774093235,-0.04755313726105592,0.010944807774093235,-0.10215115530766017,0.010944807774093235,-0.10215115530766017,0.010944807774093235,-0.10215115530766017,0.010944807774093235
MBX,2026-07-13 16:46:20-04:00,5.02,52.81999969482422,50566411.83280945,0.0713744884427383,0.10980687751932883,0.14871260105300665,0.14918593551009418,0.1912154209101744,0.19443393633283224,0.14123436439935566,0.20844381294665792,0.13706932450391962,0.2620220380016649
MCRB,2026-07-08 16:05:18-04:00,"5.02,5.07,9.01",7.190000057220459,955136.9774341583,-0.06258696558011678,0.03671765464031185,-0.15020861128109164,0.03671765464031185,-0.257997218958382,0.03671765464031185,-0.2795549670216373,0.03671765464031185,-0.27260083762846,0.03671765464031185
MCRB,2026-07-08 08:00:09-04:00,"7.01,8.01,9.01",7.190000057220459,955136.9774341583,-0.06258696558011678,0.03671765464031185,-0.15020861128109164,0.03671765464031185,-0.257997218958382,0.03671765464031185,-0.2795549670216373,0.03671765464031185,-0.27260083762846,0.03671765464031185
MBWM,2026-07-21 09:01:51-04:00,"2.02,7.01,9.01",59.11000061035156,6257775.012016296,-0.022162093719579556,0.00135337532619495,-0.03265099450595832,0.00135337532619495,-0.008289657814366302,0.013364928224835815,0.022331241434517146,0.04601592273079391,0.022331241434517146,0.04601592273079391
MCBS,2026-07-24 16:00:31-04:00,"2.02,9.01",35.70000076293945,2655475.555419922,-0.029131677683519208,0.0,0.003081249523830598,0.013445365041409696,-0.0022409476006997053,0.013445365041409696,-0.0022409476006997053,0.013445365041409696,-0.0022409476006997053,0.013445365041409696
MCBS,2026-07-15 16:00:19-04:00,"8.01,9.01",35.91999816894531,2599104.0451049805,0.03201563431239651,0.037305128644087526,0.012806317444849391,0.037305128644087526,0.01113590050861224,0.037305128644087526,0.005011144608893625,0.037305128644087526,-0.00835187228155021,0.037305128644087526
MED,2026-07-17 08:33:58-04:00,"7.01,9.01",10.289999961853027,1629337.5004291534,0.008746370546310889,0.012633636046924579,0.022351846138318754,0.02332359300368214,-0.0816326681926074,0.03887265500613668,-0.03692906859569001,0.03887265500613668,-0.06316808755490233,0.03887265500613668
MDAI,2026-07-08 16:01:28-04:00,"5.02,7.01,9.01",1.7300000190734863,585353.5021066666,-0.005780341244511877,0.014450853111279693,-0.005780341244511877,0.017341023733535632,-0.0346821163741744,0.017341023733535632,-0.046242798863198153,0.017341023733535632,-0.05202314010771003,0.017341023733535632
MD,2026-07-24 17:00:13-04:00,"5.02,7.01",26.260000228881836,15702891.790866852,-0.004569719656796423,0.015993909848942556,0.02284845301752214,0.023610012432629945,0.01789791733655699,0.028179732089426368,0.01789791733655699,0.028179732089426368,0.01789791733655699,0.028179732089426368
MD,2026-07-15 07:00:15-04:00,"2.02,7.01,9.01",25.270000457763672,21731918.125247955,0.04234268600875635,0.0613375231097133,0.03403239760285448,0.0613375231097133,0.034428132810637724,0.0613375231097133,0.012267489526188058,0.0613375231097133,0.05777598171843734,0.06846060589226544
MCRI,2026-07-20 17:38:32-04:00,"2.02,8.01,9.01",118.83999633789062,19752778.853607178,-0.011696393743536815,0.015819630938620932,-0.00479636244016346,0.015819630938620932,0.005890311336315124,0.015819630938620932,0.033238006558043987,0.04586001973730336,0.035173345960824776,0.04586001973730336
MEDP,2026-07-22 16:15:39-04:00,"2.02,9.01",647.0,149666626.55639648,-0.06364759300738987,0.047758924905815237,-0.07051003882100082,0.047758924905815237,-0.11751163724401081,0.047758924905815237,-0.09593509632800423,0.047758924905815237,-0.09593509632800423,0.047758924905815237
MCB,2026-07-21 16:20:28-04:00,"2.02,7.01,9.01",87.30000305175781,10808075.012588501,0.033104230110221566,0.05217640487910691,0.039977064625076775,0.05217640487910691,0.04501718405262589,0.06781211869414827,0.06048108355925841,0.06781211869414827,0.06048108355925841,0.06781211869414827
MCB,2026-07-20 16:06:04-04:00,"8.01,9.01",99.37000274658203,10808075.012588501,-0.003019050452508276,0.0,-0.09238200715951517,0.0,-0.08392878873671983,0.0,-0.0735634999088266,0.0,-0.06833048936149788,0.0
METC,2026-07-24 16:31:22-04:00,9.01,10.510000228881836,15798201.257038116,-0.032350156535064456,0.016175078267532284,-0.07231210393253173,0.016175078267532284,-0.08372979022613602,0.016175078267532284,-0.08372979022613602,0.016175078267532284,-0.08372979022613602,0.016175078267532284
MIDD,2026-07-09 16:29:25-04:00,9.01,133.5500030517578,120183783.2157135,0.01587416749339865,0.03541741384839914,0.010258293417309439,0.03541741384839914,0.002920249949356357,0.03541741384839914,-0.002470998304109351,0.03893670407650163,0.002470998304109351,0.03893670407650163
MIDD,2026-07-06 08:30:10-04:00,"1.01,2.01,5.02,7.01,9.01",146.07000732421875,128123564.19873047,-0.04662156826121888,0.016978131054888213,-0.09481759025844361,0.016978131054888213,-0.07119879943724139,0.016978131054888213,-0.07859252694392593,0.016978131054888213,-0.1024166903795779,0.016978131054888213
MLI,2026-07-21 12:09:15-04:00,"2.02,9.01",62.119998931884766,100095642.13409424,0.008692867430977635,0.019478475852787724,0.01625888849962709,0.03670319757239837,0.0330006322007248,0.051835116892655186,0.05280107292968084,0.07566002646093173,0.05280107292968084,0.07566002646093173
MGNX,2026-07-23 16:07:30-04:00,8.01,4.010000228881836,3083710.4592323303,-0.07730677394114804,0.009975052261825157,-0.0024938225214576892,0.009975052261825157,-0.08478806313751697,0.012468755871280157,-0.08478806313751697,0.012468755871280157,-0.08478806313751697,0.012468755871280157
MGNX,2026-07-08 16:00:55-04:00,5.02,4.630000114440918,4263242.516422272,-0.0129589506039971,0.004319650201332292,-0.06479485600857027,0.004319650201332292,-0.07343415641123507,0.004319650201332292,-0.11015123461685261,0.004319650201332292,-0.1339092592298884,0.004319650201332292
MGNX,2026-07-07 16:30:13-04:00,"2.01,7.01,9.01",4.690000057220459,4858468.414115906,-0.006396633143354258,0.01918979775902807,-0.025586329231347626,0.01918979775902807,-0.04051173878515113,0.01918979775902807,-0.07889123263217257,0.01918979775902807,-0.08315562083739725,0.01918979775902807
MGTX,2026-07-07 07:42:01-04:00,"1.01,1.02,2.03,3.02,7.01,9.01",14.4399995803833,15424752.293491364,-0.020775571037280005,0.021468173727500206,-0.034626039787372886,0.021468173727500206,-0.14542932748060833,0.021468173727500206,-0.13019385148186402,0.021468173727500206,-0.15789472293812012,0.021468173727500206
MLKN,2026-07-20 16:05:17-04:00,"5.03,9.01",21.530000686645508,13884240.745258331,-0.01625640363712677,0.015327446037228576,0.017185272646752292,0.022758929655868343,0.025545713865290143,0.03669293929324979,0.09614489683264082,0.10404085925122963,0.06409656835833633,0.10404085925122963
MIND,2026-07-23 16:15:17-04:00,5.07,5.46999979019165,430002.49791145325,0.01462530230561665,0.03656312500430414,-0.034734842353009276,0.05301653561489905,-0.12797071958216855,0.05301653561489905,-0.12797071958216855,0.05301653561489905,-0.12797071958216855,0.05301653561489905
MLM,2026-07-15 16:09:13-04:00,"1.01,2.03,9.01",569.0,350637771.07543945,0.013936718235116441,0.01975393714301399,-0.011265330658227102,0.02778558446150048,-0.038084328488851016,0.02778558446150048,-0.0388928029574912,0.02778558446150048,0.001159882503569909,0.033391915641476366
MNST,2026-07-08 17:09:42-04:00,"8.01,9.01",94.87999725341797,530662169.7212219,0.017601242060319322,0.017601242060319322,0.026454492083578307,0.027508438932396073,0.032989091203833754,0.03709954020191675,0.053330578988881605,0.05375217381060682,-0.01391230747297123,0.057546366384153336
MOH,2026-07-22 16:20:41-04:00,"2.02,9.01",217.99000549316406,247538948.11401367,-0.08119643910732555,0.00692689787965195,-0.09376577790878227,0.00692689787965195,-0.0809670567939268,0.00692689787965195,-0.08702234388125651,0.00692689787965195,-0.08702234388125651,0.00692689787965195
MNPR,2026-07-22 08:00:09-04:00,"7.01,9.01",110.86000061035156,25152441.65878296,-0.046545224911604066,0.0014432259772141354,-0.008930162893009186,0.0014432259772141354,-0.01596612179971124,0.01172652935775309,-0.030985003966101377,0.01172652935775309,-0.030985003966101377,0.01172652935775309
MPAA,2026-07-02 13:41:58-04:00,"1.01,9.01",14.6899995803833,2283021.0348129272,-0.010211002233831201,0.03199457320995691,-0.027910133364443035,0.03199457320995691,-0.04492851370080764,0.03199457320995691,-0.022464256850403763,0.03199457320995691,-0.06330833070569764,0.03199457320995691
MPB,2026-07-28 08:02:09-04:00,"7.01,9.01",38.13999938964844,5794339.777183533,0.007865737856880273,0.018353455011576036,0.007865737856880273,0.018353455011576036,0.007865737856880273,0.018353455011576036,0.007865737856880273,0.018353455011576036,0.007865737856880273,0.018353455011576036
MPB,2026-07-22 16:01:19-04:00,"2.02,8.01,9.01",35.77000045776367,4647616.9677734375,0.01928986910480246,0.03354768654130669,0.039138878760561546,0.04920319538746898,0.0721274247509116,0.0944926202085532,0.07464350390763852,0.0944926202085532,0.07464350390763852,0.0944926202085532
MOD,2026-07-24 16:05:16-04:00,"7.01,9.01",246.10000610351562,240993331.08291626,-0.06379525322086921,0.003047541574153989,-0.15457134336242695,0.003047541574153989,-0.27655429146456467,0.003047541574153989,-0.27655429146456467,0.003047541574153989,-0.27655429146456467,0.003047541574153989
MNKD,2026-07-24 16:01:26-04:00,"3.02,8.01,9.01",4.210000038146973,17085563.342809677,-0.061757716890115666,0.007125827244504279,-0.07125889539144248,0.007125827244504279,-0.08551071977492375,0.007125827244504279,-0.08551071977492375,0.007125827244504279,-0.08551071977492375,0.007125827244504279
MPLT,2026-07-27 07:07:27-04:00,"7.01,8.01,9.01",9.5600004196167,21222675.62007904,0.2876568911395778,0.2876568911395778,0.5711296860346673,0.6809622373916728,0.5711296860346673,0.6809622373916728,0.5711296860346673,0.6809622373916728,0.5711296860346673,0.6809622373916728
MOVE,2026-07-07 17:10:57-04:00,"3.02,5.02,5.03,5.07,8.01,9.01",16.649999618530273,897802.5232315063,-0.00900898630432001,0.03663667413377447,0.08108110584983264,0.09609612120885802,-0.09429427812580371,0.11111113656788363,-0.12372369448283649,0.11111113656788363,-0.20720720049900365,0.11111113656788363
MRTN,2026-07-23 16:07:09-04:00,"2.02,7.01,9.01",16.989999771118164,9401377.812576294,-0.04061215676003549,0.004708647721234804,-0.08828722897041452,0.004708647721234804,-0.11653911529782313,0.004708647721234804,-0.11653911529782313,0.004708647721234804,-0.11653911529782313,0.004708647721234804
MNSB,2026-07-21 09:32:16-04:00,8.01,23.299999237060547,654455.5126190186,0.0,0.0055794451661808075,-0.009442030925244205,0.0055794451661808075,0.003433473232857809,0.0175965605509536,0.005150250779516252,0.0175965605509536,0.005150250779516252,0.0175965605509536
MNSB,2026-07-20 08:00:16-04:00,"2.02,7.01,9.01",24.25,553865.998840332,-0.03546394269490982,0.0,-0.03917528919337954,0.0,-0.03298965926022879,0.0,-0.03257735734133371,0.0,-0.03422680097756925,0.0
MNSB,2026-07-06 09:51:29-04:00,7.01,24.579999923706055,984872.0136642456,-0.021155429592258024,0.015052922716918049,-0.022782728546809072,0.015052922716918049,-0.017087065809503033,0.015052922716918049,-0.01830759822360506,0.015052922716918049,-0.04841336605985613,0.018714442361638994
MRBK,2026-07-23 16:58:26-04:00,7.01,19.93000030517578,1836000.0,-0.005519348151891146,0.01204213584762659,0.0035122776594258553,0.029854455807508007,0.02107376165894359,0.042649290941003226,0.02107376165894359,0.042649290941003226,0.02107376165894359,0.042649290941003226
MRAM,2026-07-17 16:22:19-04:00,5.02,15.0,17960583.50763321,-0.037999979654947946,0.007333310445149843,0.0686667124430338,0.07933336893717446,0.10666669209798174,0.1373332977294921,-0.0033333460489909372,0.1373332977294921,-0.13799997965494792,0.1373332977294921
MRNA,2026-07-08 07:08:16-04:00,"5.02,7.01,9.01",73.80000305175781,700110660.2016449,0.037398298004138075,0.04119231924693545,-0.07493233306254843,0.04119231924693545,-0.08617886649531892,0.04119231924693545,-0.14430895779787145,0.04119231924693545,-0.22737129945951218,0.04119231924693545
MSBI,2026-07-28 09:28:54-04:00,"7.01,9.01",33.81999969482422,6698775.042057037,-0.005913683168071171,0.008574834953996913,-0.005913683168071171,0.008574834953996913,-0.005913683168071171,0.008574834953996913,-0.005913683168071171,0.008574834953996913,-0.005913683168071171,0.008574834953996913
MSBI,2026-07-23 16:07:22-04:00,"2.02,7.01,9.01",30.989999771118164,5093484.041976929,0.04065828454946052,0.049048033612173025,0.05937405851972133,0.06840919183255956,0.08486605938015179,0.10858340742081096,0.08486605938015179,0.10858340742081096,0.08486605938015179,0.10858340742081096
MSA,2026-07-21 16:34:13-04:00,5.02,169.10000610351562,38672075.63171387,0.01614426746896669,0.017031280426213824,0.02933170476671565,0.03122411938923708,0.038616194817281624,0.04713188014803649,0.03968061036597814,0.07315194956063542,0.03968061036597814,0.07315194956063542
MSA,2026-07-09 16:53:50-04:00,"8.01,9.01",167.5800018310547,54700988.84277344,0.01808090909529625,0.02667383441855753,0.005847927657424368,0.02756889286733122,0.008473553845505188,0.02756889286733122,0.020587163805620978,0.04427734865658839,0.04212911732577296,0.05358632073886849
MSCI,2026-07-21 06:46:52-04:00,"2.02,9.01",555.010009765625,297227823.828125,0.028720207133088538,0.030612042909910153,-0.004504423264466428,0.030612042909910153,0.028864379469507373,0.03396330742556808,0.0502873329371436,0.06302585512560688,0.0502873329371436,0.06302585512560688
MSIF,2026-07-09 09:39:31-04:00,"2.02,9.01",11.529999732971191,3268817.9244041443,0.015611475225021154,0.02081532787083895,-0.005203769933385893,0.026019097804224733,-0.014744152665313037,0.026019097804224733,-0.018213360191714156,0.026019097804224733,-0.05377275801543435,0.026019097804224733
MSDL,2026-07-09 16:30:51-04:00,"1.01,2.03,9.01",15.40999984741211,7062868.095207214,0.010382858468293898,0.018818946445462004,0.002595714617073419,0.018818946445462004,0.014276461337263013,0.026930562359656296,0.003244658743021267,0.02725503442263033,-0.015574287702440737,0.02725503442263033
MSDL,2026-07-06 16:11:21-04:00,"7.01,9.01",15.470000267028809,8104312.109327316,-0.003232074329140633,0.009049734145565536,-0.01551394445053722,0.009049734145565536,0.006464087011591069,0.014867455608680524,0.003232074329140744,0.014867455608680524,-0.007110575853447543,0.023270824205770202
MSDL,2026-07-01 17:01:20-04:00,"1.01,9.01",15.5600004196167,8104312.109327316,-0.010282827556014063,0.0,-0.011568142694189931,0.00257069156647316,-0.021208282036055404,0.0032133184905003276,0.0006426269240271676,0.008997389837595238,-0.006426759561243611,0.017352152751163308
MSM,2026-07-17 09:15:12-04:00,"5.02,9.01",125.55999755859375,102100791.30325317,-0.011070399941667586,0.0032654003670080645,0.006928980276349916,0.009796140338085069,0.0021504004277710376,0.02572471957903444,0.008282900093574908,0.02572471957903444,-0.03655619964271395,0.02572471957903444
MSB,2026-07-14 16:45:14-04:00,"2.02,9.01",25.309999465942383,960306.0102462769,-0.009482409173540818,0.016989344695735653,-0.028447227520622342,0.016989344695735653,-0.053733651983397746,0.016989344695735653,-0.1335440233933941,0.016989344695735653,-0.10983796277979752,0.016989344695735653
MTDR,2026-07-24 07:00:26-04:00,"1.01,7.01,9.01",49.86000061035156,66286432.832717896,-0.05395111128112928,0.007821888986649261,-0.07501006082399297,0.007821888986649261,-0.024067403695344436,0.007821888986649261,-0.024067403695344436,0.007821888986649261,-0.024067403695344436,0.007821888986649261
MTDR,2026-07-22 16:17:11-04:00,"7.01,9.01",56.20000076293945,66238094.87762451,-0.07989326721553502,0.0,-0.09590746114727489,0.0,-0.17935946075114373,0.0,-0.13416371553680695,0.0,-0.13416371553680695,0.0
MTX,2026-07-22 16:29:14-04:00,"8.01,9.01",72.79000091552734,11872662.245559692,0.005769998126977871,0.023217508176260226,0.024866019176098764,0.026377224135131883,0.03420796582567931,0.04945732145681503,0.013051201212988861,0.04945732145681503,0.013051201212988861,0.04945732145681503
MTRX,2026-07-02 16:11:42-04:00,5.02,12.59000015258789,3379789.952945709,0.03256551568252619,0.04368547927474098,-0.011119963592214677,0.04368547927474098,0.012708486534785512,0.04368547927474098,-0.023828450127000078,0.04368547927474098,-0.038125535352910966,0.04368547927474098
MYFW,2026-07-24 16:15:22-04:00,"7.01,9.01",31.959999084472656,1850485.5518341064,-0.03723400065074245,0.006883642897537179,-0.013454268152218396,0.006883642897537179,-0.018460521343566016,0.006883642897537179,-0.018460521343566016,0.006883642897537179,-0.018460521343566016,0.006883642897537179
MYFW,2026-07-23 16:15:31-04:00,"2.02,7.01,9.01",31.65999984741211,1644866.022491455,0.009791518238674968,0.01895131007621087,-0.028111162158492076,0.01895131007621087,-0.009159791837535791,0.01895131007621087,-0.009159791837535791,0.01895131007621087,-0.009159791837535791,0.01895131007621087
MYSE,2026-07-22 16:15:13-04:00,"8.01,9.01",2.5299999713897705,504352.4872779846,-0.007905130890387913,0.013043475392799264,-0.023715392671163626,0.013043475392799264,-0.03952565445193934,0.013043475392799264,-0.0513833507875211,0.013043475392799264,-0.0513833507875211,0.013043475392799264
MTZ,2026-07-20 17:16:34-04:00,2.03,345.70001220703125,343021326.1642456,0.0164882310910639,0.01721140144446931,0.03369972081316419,0.0420884792571401,-0.022736521815433064,0.05958916649849777,-0.09621061206589254,0.05958916649849777,-0.16858546925475493,0.05958916649849777
MTZ,2026-07-07 16:37:09-04:00,"1.01,2.03,3.02,5.02,9.01",370.7300109863281,436167948.1048584,0.03282707779113436,0.043832437403076296,0.03773633053648551,0.09243920912282366,-0.028376498312778775,0.09243920912282366,-0.035119950220944385,0.09243920912282366,-0.03609096778330667,0.09243920912282366
MXL,2026-07-23 16:05:46-04:00,"2.02,9.01",83.0,294161078.62968445,-0.13746992363987198,0.05493972962161142,-0.21855420951383664,0.05493972962161142,-0.31024096385542166,0.05493972962161142,-0.31024096385542166,0.05493972962161142,-0.31024096385542166,0.05493972962161142
MSS,2026-07-28 06:03:31-04:00,"1.01,9.01",1.590000033378601,367370.21028995514,0.031446510230593416,1.308176100157394,0.031446510230593416,1.308176100157394,0.031446510230593416,1.308176100157394,0.031446510230593416,1.308176100157394,0.031446510230593416,1.308176100157394
MSS,2026-07-27 16:05:18-04:00,"7.01,8.01,9.01",1.7999999523162842,354495.40168762207,-0.11666662472265632,0.0,-0.08888887269997259,1.0388889852865266,-0.08888887269997259,1.0388889852865266,-0.08888887269997259,1.0388889852865266,-0.08888887269997259,1.0388889852865266
NAUT,2026-07-27 19:29:38-04:00,"2.02,9.01",1.600000023841858,799190.9889042377,-0.24999998137354873,0.01874998183921006,-0.3500000335276122,0.01874998183921006,-0.3500000335276122,0.01874998183921006,-0.3500000335276122,0.01874998183921006,-0.3500000335276122,0.01874998183921006
NB,2026-07-08 16:00:27-04:00,5.02,4.690000057220459,14486029.155683517,-0.025586329231347626,0.006396531472319555,-0.014925409553803393,0.006396531472319555,0.03411510564179698,0.049040515195600376,-0.06823031295462834,0.05970143487314461,-0.07036245622172332,0.05970143487314461
NBTB,2026-07-27 16:30:40-04:00,"2.02,9.01",52.22999954223633,22698156.269073486,0.026995976637371077,0.03427150930912504,0.03886652875911478,0.043461621245621807,0.03886652875911478,0.043461621245621807,0.03886652875911478,0.043461621245621807,0.03886652875911478,0.043461621245621807
NABL,2026-07-24 16:30:11-04:00,"5.02,9.01",4.170000076293945,7940700.533175468,0.04796158407816753,0.08153480728232099,0.04076740364116049,0.09952037272427461,0.07434051249587781,0.09952037272427461,0.07434051249587781,0.09952037272427461,0.07434051249587781,0.09952037272427461
NABL,2026-07-13 06:45:13-04:00,"5.02,8.01",4.239999771118164,8062905.233001709,0.06367935668366043,0.07429247033600372,0.12028307934255844,0.13679255468220375,0.12500005623080002,0.15990577517306725,0.10613214867783394,0.1721698251132151,0.023584996902807465,0.1721698251132151
MVBF,2026-07-28 16:10:19-04:00,"7.01,9.01",30.489999771118164,966824.0161895752,0.013447026910130777,0.0491964582243416,0.013447026910130777,0.0491964582243416,0.013447026910130777,0.0491964582243416,0.013447026910130777,0.0491964582243416,0.013447026910130777,0.0491964582243416
MVBF,2026-07-28 16:08:34-04:00,"2.02,9.01",30.489999771118164,966824.0161895752,0.013447026910130777,0.0491964582243416,0.013447026910130777,0.0491964582243416,0.013447026910130777,0.0491964582243416,0.013447026910130777,0.0491964582243416,0.013447026910130777,0.0491964582243416
NBBK,2026-07-22 16:30:37-04:00,"2.02,7.01,8.01,9.01",22.09000015258789,4681017.478656769,0.009053905004886342,0.029425061749224435,0.01539158670164431,0.029425061749224435,0.04345853679680434,0.05251244180169068,0.02580351701615724,0.05364415834119218,0.02580351701615724,0.05364415834119218
NCDL,2026-07-10 16:30:54-04:00,"1.01,2.03,9.01",12.6899995803833,1731594.0204620361,0.004728165610773605,0.016548466910243143,0.00945633122154721,0.016548466910243143,0.023640677750581984,0.02836884336135559,-0.006304170713269497,0.04018914466082513,-0.01891251213980849,0.04018914466082513
NAMS,2026-07-24 08:03:32-04:00,"8.01,9.01",30.110000610351562,29257764.275741577,0.003653228189079316,0.039189647334982425,-0.07074065177477806,0.039189647334982425,-0.07306545062583336,0.039189647334982425,-0.07306545062583336,0.039189647334982425,-0.07306545062583336,0.039189647334982425
NAMS,2026-07-22 16:05:15-04:00,5.02,30.65999984741211,27036131.298065186,-0.0035877563894002318,0.021200248589862136,-0.03326811685714237,0.021200248589862136,-0.08741031697695811,0.021200248589862136,-0.08969341205760362,0.021200248589862136,-0.08969341205760362,0.021200248589862136
NE,2026-07-27 17:28:17-04:00,"2.02,7.01,9.01",40.25,63985323.61602783,-0.026086937566721646,0.0290682774893245,0.018881945876601414,0.0290682774893245,0.018881945876601414,0.0290682774893245,0.018881945876601414,0.0290682774893245,0.018881945876601414,0.0290682774893245
NBR,2026-07-28 16:31:48-04:00,"2.02,9.01",81.4800033569336,17977291.206359863,-0.027245963785471727,0.0031908995596992007,-0.027245963785471727,0.0031908995596992007,-0.027245963785471727,0.0031908995596992007,-0.027245963785471727,0.0031908995596992007,-0.027245963785471727,0.0031908995596992007
NEM,2026-07-23 16:05:29-04:00,"2.02,9.01",93.73999786376953,695594205.6922913,-0.005867243811575329,0.017068471416506137,-0.0028802714872981916,0.017068471416506137,-0.02560274781920502,0.017068471416506137,-0.02560274781920502,0.017068471416506137,-0.02560274781920502,0.017068471416506137
NBHC,2026-07-27 16:53:14-04:00,"7.01,9.01",42.709999084472656,18534085.36453247,-0.0018730512309119707,0.00561933232525047,-0.003277906641288908,0.011706860471035974,-0.003277906641288908,0.011706860471035974,-0.003277906641288908,0.011706860471035974,-0.003277906641288908,0.011706860471035974
NBHC,2026-07-21 16:11:19-04:00,"2.02,7.01,9.01",43.58000183105469,13252583.173370361,0.0027535320523841555,0.021798919420082052,-0.009637493483152793,0.021798919420082052,-0.02409368994127925,0.021798919420082052,-0.0231758167460826,0.021798919420082052,-0.0231758167460826,0.021798919420082052
NAVI,2026-07-02 16:15:27-04:00,1.05,8.579999923706055,9685008.043670654,-0.0221444734350571,0.00582752810949505,-0.026806473692482458,0.00582752810949505,-0.06410258690273918,0.00582752810949505,-0.01748247317763174,0.00582752810949505,0.0069930559615649646,0.027389237618517415
NCRA,2026-07-08 17:00:15-04:00,"1.01,5.03,8.01,9.01",1.6299999952316284,403680.81059610844,0.006134963492337775,0.03680985408856041,-0.02453985396935121,0.03680985408856041,-0.11042941599661416,0.03680985408856041,-0.11656437948895193,0.03680985408856041,-0.07361963504258728,0.03680985408856041
NECB,2026-07-27 17:06:30-04:00,"2.02,9.01",26.690000534057617,1028894.9838638306,0.029224382303835617,0.03634317324635239,0.013488148962138569,0.03634317324635239,0.013488148962138569,0.03634317324635239,0.013488148962138569,0.03634317324635239,0.013488148962138569,0.03634317324635239
NDAQ,2026-07-23 07:24:25-04:00,"2.02,7.01,8.01,9.01",91.4800033569336,315232958.48197937,0.006668047207835981,0.015850425175266247,0.026891112748152368,0.030061214463123154,0.04449059406943867,0.05891997367575419,0.04449059406943867,0.05891997367575419,0.04449059406943867,0.05891997367575419
NDAQ,2026-07-01 16:47:02-04:00,"1.01,1.02,2.03,9.01",83.79000091552734,425221584.20677185,0.010383133274567191,0.01288938798489192,0.00811553046599589,0.021959617111660057,0.007160740751464889,0.03484900509655198,0.05119943750629985,0.06671436062551384,0.0936865782115821,0.13688985672964216
NCIQ,2026-07-23 19:25:23-04:00,"1.01,5.03,8.01,9.01",16.0,478100.9921550751,0.0,0.0006250143051147461,0.01874995231628418,0.01874995231628418,-0.010625004768371582,0.01874995231628418,-0.010625004768371582,0.01874995231628418,-0.010625004768371582,0.01874995231628418
NESR,2026-07-21 16:05:30-04:00,5.02,28.329999923706055,49933162.668800354,0.02117897575310823,0.03406283639910623,-0.015884248646358068,0.03406283639910623,-0.05153544258399223,0.03406283639910623,-0.1383692229739033,0.03406283639910623,-0.1383692229739033,0.03406283639910623
NDLS,2026-07-24 07:55:26-04:00,"2.02,9.01",15.550000190734863,413628.001499176,-0.08360129741409528,0.0327973806399946,-0.049517713718258416,0.0327973806399946,0.02508034629355249,0.04823144933287882,0.02508034629355249,0.04823144933287882,0.02508034629355249,0.04823144933287882
NEO,2026-07-28 16:05:51-04:00,"2.02,9.01",15.460000038146973,28740020.102596283,-0.012289752905205953,0.04139717605068416,-0.012289752905205953,0.04139717605068416,-0.012289752905205953,0.04139717605068416,-0.012289752905205953,0.04139717605068416,-0.012289752905205953,0.04139717605068416
NEO,2026-07-22 07:00:11-04:00,"7.01,8.01,9.01",13.65999984741211,23369771.045064926,0.04245973134589276,0.07247436179918543,0.01683751819032553,0.07247436179918543,-0.019033691931635954,0.07247436179918543,0.11786241788696494,0.1786237599790219,0.11786241788696494,0.1786237599790219
NEO,2026-07-20 17:27:16-04:00,"7.01,8.01,9.01",14.199999809265137,34947807.4382782,0.01760563403929627,0.03169012783870073,-0.013380252319393104,0.03169012783870073,-0.02183094859903567,0.03169012783870073,-0.05633804235778117,0.03169012783870073,0.07535215935709982,0.13380285899475064
NGNE,2026-07-01 20:02:10-04:00,"1.01,8.01,9.01",34.04999923706055,5380532.56187439,0.0378854902916792,0.04875183214704282,-0.04375911592232273,0.0582966418451798,0.12305440632274034,0.15418502548117008,0.1638767094297413,0.2822320359964028,0.09574162141778353,0.2822320359964028
NG,2026-07-22 16:30:29-04:00,"1.01,8.01,9.01",6.059999942779541,19440193.530082703,-0.023102288417082395,0.023102288417082395,-0.02145216430171959,0.023102288417082395,-0.03960392300071269,0.023102288417082395,-0.044554452718801985,0.023102288417082395,-0.044554452718801985,0.023102288417082395
NG,2026-07-22 07:00:43-04:00,"7.01,9.01",6.059999942779541,19440193.530082703,-0.023102288417082395,0.023102288417082395,-0.02145216430171959,0.023102288417082395,-0.03960392300071269,0.023102288417082395,-0.044554452718801985,0.023102288417082395,-0.044554452718801985,0.023102288417082395
NEXT,2026-07-02 16:25:22-04:00,"1.01,2.03",7.480000019073486,18538992.14258194,0.014705900164961427,0.04077537801616238,0.044117636746601185,0.0775401603027075,0.0748663023197298,0.11163095710970894,0.09090906772789697,0.12941175570612473,0.026737942346945376,0.12941175570612473
NFBK,2026-07-22 16:13:39-04:00,"2.01,3.01,3.03,5.01,5.02,5.03,9.01",15.3100004196167,2967215.7012224197,0.0,0.0,0.0,0.0,0.0,0.0,0.0,0.0,0.0,0.0
NFLX,2026-07-22 17:20:20-04:00,"8.01,9.01",68.56999969482422,3253818692.7181244,0.004666759461111392,0.011521086758689014,0.02216707962419817,0.030771483443813308,0.05570948974515688,0.07568911279721058,0.07379316874892283,0.07568911279721058,0.07379316874892283,0.07568911279721058
NFLX,2026-07-16 16:03:19-04:00,"2.02,9.01",65.4800033569336,2669141981.2194824,0.05299317980168006,0.06123998627454741,0.032376221876949884,0.06123998627454741,0.04657903582774203,0.07773359922028233,0.07040306573944122,0.079413510715582,0.12446538605165447,0.12645079955421412
NLST,2026-07-02 16:37:57-04:00,"5.02,9.01",3.0899999141693115,2968080.0189971924,-0.025889943666086213,0.0,-0.06472485916521553,0.0,-0.08090615111463773,0.0,-0.10032360886420244,0.0,-0.19093848885362252,0.0
NIXX,2026-07-09 09:25:15-04:00,"5.02,8.01,9.01",1.4700000286102295,2950091.9301986694,-0.12925173709016136,0.04081628681073313,-0.22448982074329182,0.04081628681073313,-0.12925173709016136,0.04081628681073313,-0.21768710627483623,0.04081628681073313,-0.4234693811351222,0.04081628681073313
NIXX,2026-07-02 17:16:02-04:00,5.02,1.5399999618530273,4842431.848812103,-0.01948050138499524,0.03246757971695691,-0.04545450323165556,0.03246757971695691,-0.051948003693320643,0.03246757971695691,-0.2597402506924976,0.03246757971695691,-0.3051947539241532,0.03246757971695691
NIC,2026-07-21 16:16:05-04:00,"2.02,7.01,9.01",170.0,33938683.752441406,-0.013058830710018343,0.019352901683134194,-0.006411743164062456,0.019352901683134194,-0.010823507869944904,0.019352901683134194,0.006176488539751945,0.0235294117647058,0.006176488539751945,0.0235294117647058
NHI,2026-07-27 09:02:00-04:00,"5.02,9.01",80.06999969482422,29154988.565063477,-0.01910826508215635,0.0028725285101813824,-0.022230533109542816,0.0028725285101813824,-0.022230533109542816,0.0028725285101813824,-0.022230533109542816,0.0028725285101813824,-0.022230533109542816,0.0028725285101813824
NHI,2026-07-01 16:32:28-04:00,"1.02,2.01",76.5199966430664,75231643.99642944,0.012676440973040881,0.014767445535622592,-0.00679556541921944,0.014767445535622592,0.0019602918512737766,0.024176766658068782,-0.015551422689712657,0.024176766658068782,0.040381653199734524,0.05554103746010952
NHI,2026-07-01 16:15:51-04:00,5.02,76.5199966430664,75231643.99642944,0.012676440973040881,0.014767445535622592,-0.00679556541921944,0.014767445535622592,0.0019602918512737766,0.024176766658068782,-0.015551422689712657,0.024176766658068782,0.040381653199734524,0.05554103746010952
NGS,2026-07-24 15:03:43-04:00,"1.01,3.03,5.03,8.01,9.01",36.59000015258789,4554094.865608215,-0.005192638040903308,0.029516206937786338,-0.022683843334064147,0.029516206937786338,-0.028969701253637292,0.029516206937786338,-0.028969701253637292,0.029516206937786338,-0.028969701253637292,0.029516206937786338
NGS,2026-07-10 14:01:50-04:00,4.01,40.95000076293945,4201220.404052734,-0.009279635190120539,0.01709403540653809,0.008546971125769742,0.03272283583937363,-0.03272283583937363,0.03272283583937363,-0.07130651841855973,0.03272283583937363,-0.11111109041000033,0.03272283583937363
NGS,2026-07-08 16:00:05-04:00,7.01,41.099998474121094,4990816.044425964,-0.025547427640944753,0.0017031556550615168,-0.013868606228370606,0.010462294918247572,0.004866198792327969,0.028953831766089788,-0.036252990732048795,0.028953831766089788,-0.05425789841915596,0.028953831766089788
NMRA,2026-07-27 07:07:30-04:00,"8.01,9.01",1.649999976158142,892281.0020148754,0.018181801105005002,0.018181801105005002,0.0,0.03030307408973054,0.0,0.03030307408973054,0.0,0.03030307408973054,0.0,0.03030307408973054
NLCP,2026-07-15 09:00:09-04:00,"5.02,7.01,9.01",15.59000015258789,765725.2475261688,-0.010262979207575573,0.0,-0.01667737179840101,0.0006414514935189075,-0.008338685899200504,0.019243116600294874,0.0012828418148562726,0.019243116600294874,0.005772941097306639,0.022450251723526105
NHC,2026-07-01 16:43:00-04:00,"1.01,1.02,2.01,2.03,7.01,9.01",213.86000061035156,27315183.568572998,0.02141588804817851,0.02417468509394105,0.016693126602641994,0.03273169353793204,-0.009725997498917116,0.03273169353793204,-0.01627230766673171,0.03273169353793204,0.06686618821166146,0.08355931481430345
NKSH,2026-07-23 16:30:14-04:00,2.02,36.290000915527344,1030179.0012359619,0.009644487883474717,0.024524645004008194,0.056489368568282794,0.07632957806232721,0.096720811049398,0.13860563936069492,0.096720811049398,0.13860563936069492,0.096720811049398,0.13860563936069492
NKSH,2026-07-02 16:15:14-04:00,8.01,36.439998626708984,771204.9839019775,-0.003018572991209556,0.010153753033097956,-0.006586110669982936,0.013172326024307512,-0.021679394363397275,0.013172326024307512,-0.012348983677303416,0.013172326024307512,0.0010977200064443693,0.04061469807936691
NMAD,2026-07-10 11:43:15-04:00,"7.01,9.01",6.019999980926514,2809572.4766492844,-0.06312294279815489,0.036544815762240335,-0.041528239334233885,0.036544815762240335,-0.10465118213238889,0.04318940692784201,-0.13455148593785826,0.04318940692784201,-0.26079737153416815,0.04318940692784201
NMAD,2026-07-02 16:00:46-04:00,"1.01,2.01,3.02,5.02,5.03,7.01,8.01,9.01",7.400000095367432,3446330.090045929,-0.008108100271120633,0.04054050135560283,-0.17567569918663828,0.04054050135560283,-0.15135133393582356,0.04054050135560283,-0.2378378657026824,0.04054050135560283,-0.2959459498644397,0.04054050135560283
NLY,2026-07-21 16:25:53-04:00,"7.01,9.01",22.68000030517578,139550738.87720108,-0.01146385473471534,0.0030864062558342287,-0.016313969764319647,0.0030864062558342287,-0.004850115029604307,0.004409187836161843,0.016313885666056516,0.02689597011215006,0.016313885666056516,0.02689597011215006
NLY,2026-07-21 16:20:51-04:00,"8.01,9.01",22.68000030517578,139550738.87720108,-0.01146385473471534,0.0030864062558342287,-0.016313969764319647,0.0030864062558342287,-0.004850115029604307,0.004409187836161843,0.016313885666056516,0.02689597011215006,0.016313885666056516,0.02689597011215006
NLY,2026-07-21 16:15:50-04:00,"2.02,9.01",22.68000030517578,139550738.87720108,-0.01146385473471534,0.0030864062558342287,-0.016313969764319647,0.0030864062558342287,-0.004850115029604307,0.004409187836161843,0.016313885666056516,0.02689597011215006,0.016313885666056516,0.02689597011215006
NNBR,2026-07-24 16:13:11-04:00,"5.02,9.01",3.5999999046325684,4814236.0330581665,-0.016666651213610217,0.02777781825006853,-0.05833327924763576,0.02777781825006853,-0.14444444297272474,0.02777781825006853,-0.14444444297272474,0.02777781825006853,-0.14444444297272474,0.02777781825006853
NNBR,2026-07-23 16:05:35-04:00,5.02,3.4000000953674316,4550022.098445892,0.038235256581159005,0.1029411455339222,0.04117643016432515,0.1029411455339222,-0.09411769490753352,0.1029411455339222,-0.09411769490753352,0.1029411455339222,-0.09411769490753352,0.1029411455339222
NNBR,2026-07-01 16:12:22-04:00,"1.01,3.02,9.01",4.119999885559082,1746682.5722694397,-0.15291259551499914,0.07766994673543626,-0.10194171105380323,0.07766994673543626,-0.15776695995239032,0.07766994673543626,-0.15533977773369478,0.07766994673543626,-0.22815530216315094,0.07766994673543626
NOVT,2026-07-27 08:15:15-04:00,"2.01,2.03,7.01,9.01",139.27999877929688,51291477.23083496,0.016800663113147873,0.02390868653245337,-0.010841431074598673,0.02390868653245337,-0.010841431074598673,0.02390868653245337,-0.010841431074598673,0.02390868653245337,-0.010841431074598673,0.02390868653245337
NNVC,2026-07-17 16:45:18-04:00,"1.01,9.01",1.7899999618530273,691908.4926366806,-0.02234634788015244,0.0279330014475605,-0.10614521902809393,0.0279330014475605,-0.14525139441573065,0.0279330014475605,-0.13966480744569254,0.0279330014475605,-0.13966480744569254,0.0279330014475605
NOG,2026-07-13 08:40:55-04:00,"2.02,9.01",20.219999313354492,73963781.0995102,-0.003956475095091561,0.012858567641499175,0.006923902163765483,0.018298756270927585,0.047972366649017495,0.04945598585354749,0.08358064250484132,0.08753711759993266,-0.018793233119232977,0.12462910699009333
NNDM,2026-07-21 16:56:32-04:00,"1.01,5.01,5.02,5.07,8.01,9.01",1.4900000095367432,3693727.4430155754,-0.006711402952518042,0.006711402952518153,-0.013422805905036084,0.006711402952518153,-0.006711402952518042,0.006711402952518153,0.0,0.01677850738129516,0.0,0.01677850738129516
NNDM,2026-07-21 16:05:15-04:00,"8.01,9.01",1.4900000095367432,3693727.4430155754,-0.006711402952518042,0.006711402952518153,-0.013422805905036084,0.006711402952518153,-0.006711402952518042,0.006711402952518153,0.0,0.01677850738129516,0.0,0.01677850738129516
NPKI,2026-07-28 16:25:11-04:00,"5.02,9.01",12.899999618530273,9869827.39238739,-0.06589143045976709,0.0062015446567253996,-0.06589143045976709,0.0062015446567253996,-0.06589143045976709,0.0062015446567253996,-0.06589143045976709,0.0062015446567253996,-0.06589143045976709,0.0062015446567253996
NPCE,2026-07-28 16:31:40-04:00,"7.01,9.01",14.600000381469727,2045302.9974460602,-0.06575342555233088,0.023287615755483104,-0.06575342555233088,0.023287615755483104,-0.06575342555233088,0.023287615755483104,-0.06575342555233088,0.023287615755483104,-0.06575342555233088,0.023287615755483104
NPB,2026-07-21 17:19:13-04:00,"2.01,7.01",17.489999771118164,2499824.8826026917,-0.03373357120119458,0.004002269624943766,-0.015437419170784228,0.004002269624943766,-0.020011457178386816,0.0062893431555790524,-0.01086338116318164,0.0062893431555790524,-0.01086338116318164,0.0062893431555790524
NOW,2026-07-22 16:11:27-04:00,"2.02,9.01",100.01000213623047,1901522348.3516693,-0.08069192603187347,0.002399738612570035,-0.01229880342626255,0.002399738612570035,0.10608939489771196,0.12268769504026822,0.15748424821095242,0.1834816326583546,0.15748424821095242,0.1834816326583546
NRXP,2026-07-22 07:00:18-04:00,8.01,4.349999904632568,3065181.564307213,-0.0551723623861633,0.015172410617968923,-0.13793101558314824,0.015172410617968923,-0.1862068874799112,0.015172410617968923,-0.2574712437042421,0.015172410617968923,-0.2574712437042421,0.015172410617968923
NRC,2026-07-28 16:03:12-04:00,"2.02,9.01",22.579999923706055,1327236.0112190247,-0.18954830385770127,0.04871569464953218,-0.18954830385770127,0.04871569464953218,-0.18954830385770127,0.04871569464953218,-0.18954830385770127,0.04871569464953218,-0.18954830385770127,0.04871569464953218
NRG,2026-07-15 08:48:25-04:00,8.01,137.0,275530933.921051,-0.031021897810219023,0.012773722627737127,-0.05759123642079156,0.012773722627737127,-0.03941601384295168,0.012773722627737127,0.043722667833314244,0.045182499572308465,-0.09321165432895184,0.052481769645301046
NRGV,2026-07-17 16:30:49-04:00,"5.02,7.01,9.01",3.0299999713897705,15439581.531178951,-0.003300326916726104,0.029702942250534603,0.14851486862467334,0.15346531965676213,0.07260727085397356,0.2425743037803667,-0.033003269167260596,0.2425743037803667,-0.17161715704175573,0.2425743037803667
NRIX,2026-07-09 16:09:51-04:00,"2.02,9.01",24.860000610351562,34180284.13486481,-0.07240551489204994,0.0,-0.08648437140358145,0.0,-0.04062752228820454,0.0,-0.06999194402246467,0.0,-0.059533443815311005,0.0
NSA,2026-07-14 16:19:06-04:00,"5.07,8.01,9.01",44.709999084472656,35074084.58765221,-0.014090746283123012,0.010735843258002475,0.01655114501498156,0.01655114501498156,-0.004696915427707671,0.030418265224789076,-0.004696915427707671,0.030418265224789076,-0.004696915427707671,0.030418265224789076
NSA,2026-07-10 17:12:07-04:00,"8.01,9.01",44.59000015258789,32802865.079545975,0.01054050726832867,0.02152947031144925,0.0033640171645121786,0.02152947031144925,0.019286849235447878,0.02152947031144925,-0.0020183931886053053,0.033191288117778495,-0.0020183931886053053,0.033191288117778495
NSA,2026-07-08 08:30:24-04:00,8.01,44.970001220703125,33615804.369148254,-0.007560599140730373,0.004892092506872725,-0.004669844195450912,0.004892092506872725,-0.005114510473494094,0.012897442753246002,0.010673772052631092,0.012897442753246002,-0.010451438913609556,0.024460717017162903
NRIM,2026-07-23 08:35:37-04:00,"1.01,7.01,9.01",27.280000686645508,3640381.9593429565,-0.006964828785749555,0.016862136103165115,-0.019794754469771414,0.016862136103165115,-0.023093880214733353,0.016862136103165115,-0.023093880214733353,0.016862136103165115,-0.023093880214733353,0.016862136103165115
NRIM,2026-07-22 20:08:47-04:00,"2.02,9.01",27.110000610351562,3640381.9593429565,0.0014754336878708418,0.02028768811058379,-0.0007377520218879718,0.023238625842230576,-0.005164193797310812,0.023238625842230576,-0.016967944723898065,0.023238625842230576,-0.016967944723898065,0.023238625842230576
NTHI,2026-07-15 09:15:28-04:00,"7.01,9.01",3.8299999237060547,305421.0025072098,-0.1514360144281216,0.02872066206412982,-0.09660571616958569,0.02872066206412982,-0.12010445099483424,0.02872066206412982,-0.0522192723888123,0.02872066206412982,-0.08616186169182327,0.02872066206412982
NTHI,2026-07-02 17:11:43-04:00,5.02,4.460000038146973,330217.99449920654,0.00224209685182708,0.00224209685182708,-0.02466370685505792,0.01793720247125674,0.00672639746964121,0.01793720247125674,-0.03139010432469913,0.02914800747287205,-0.2668161540453432,0.02914800747287205
NSLR,2026-07-21 08:30:30-04:00,"1.01,2.03,5.02,7.01,9.01",11.0,3359575.902366638,-0.03181821649724792,0.03727271340110083,-0.06636359474875708,0.03727271340110083,-0.07272729006680578,0.03727271340110083,-0.11272725191983313,0.03727271340110083,-0.11272725191983313,0.03727271340110083
NSLR,2026-07-08 17:28:42-04:00,"2.02,8.01,9.01",11.569999694824219,3310463.913536072,-0.007778751509228798,0.015557503018457597,-0.014693178978214982,0.015557503018457597,-0.023336172101209196,0.015557503018457597,-0.07605878458532556,0.015557503018457597,-0.11235948758426462,0.015557503018457597
NTRA,2026-07-06 16:05:18-04:00,5.02,284.510009765625,485069067.6559448,-0.01138807297016442,0.0109837963260917,-0.03556990886023381,0.0109837963260917,-0.05117569526143584,0.0109837963260917,-0.041650577121267074,0.0109837963260917,-0.0609118009736106,0.0109837963260917
NUAI,2026-07-22 16:05:57-04:00,1.01,5.590000152587891,29337782.663464546,-0.04919500677296407,0.06976741607154424,-0.14579607065719935,0.06976741607154424,-0.21377462236886557,0.06976741607154424,-0.27280859637569654,0.06976741607154424,-0.27280859637569654,0.06976741607154424
NUAI,2026-07-06 06:17:22-04:00,"5.02,9.01",4.599999904632568,52509875.6414175,-0.05217386436822857,0.010869606906841245,-0.05434782721369846,0.010869606906841245,-0.03695653909095553,0.04782614599779689,-0.09565218833533973,0.04782614599779689,0.2847826021605493,0.29347824622192054
NUVB,2026-07-06 17:15:46-04:00,"2.03,8.01,9.01",5.679999828338623,52714275.53436756,-0.0017605197793821858,0.03697183881929744,0.033450715310326506,0.04049296232826838,0.02288734478341392,0.10475357130474494,0.03873244254888619,0.10475357130474494,0.1320422575117175,0.1663732746868385
NTST,2026-07-22 16:33:08-04:00,"2.02,7.01,9.01",21.6200008392334,27851877.960968018,0.00971318576878022,0.014801095393276897,0.026827007455686225,0.028214555010376063,0.014801095393276897,0.03885283129660788,0.013876004875825076,0.03885283129660788,0.013876004875825076,0.03885283129660788
NSSC,2026-07-08 16:21:23-04:00,"5.02,9.01",37.20000076293945,11507805.237579346,-0.029838725472753236,0.011021501048477766,-0.0303763721758038,0.011021501048477766,-0.03494621533329845,0.011021501048477766,-0.014247381266780934,0.011021501048477766,-0.04139787322428157,0.011021501048477766
NVA,2026-07-24 06:45:37-04:00,"7.01,9.01",4.789999961853027,1312972.5241661072,0.012526084187343134,0.01732780454414873,-0.0438413444299347,0.01732780454414873,-0.08559495838774489,0.01732780454414873,-0.08559495838774489,0.01732780454414873,-0.08559495838774489,0.01732780454414873
NVA,2026-07-13 06:45:43-04:00,"7.01,9.01",4.760000228881836,1248437.0353221893,0.04621844109518669,0.05882347048478298,0.03991587631245408,0.07142849987437949,-0.0840336294398446,0.07142849987437949,-0.0357143000251241,0.07142849987437949,-0.03781518834465791,0.07142849987437949
NUTX,2026-07-21 17:22:07-04:00,1.01,165.5,18692209.93347168,-0.050090593873914235,0.02090638497804953,-0.07214502985743954,0.02090638497804953,-0.10151059245775118,0.02090638497804953,-0.15111779158209027,0.02090638497804953,-0.15111779158209027,0.02090638497804953
NVDA,2026-07-02 09:23:16-04:00,5.02,194.4199981689453,29272917821.502686,0.0058121844123799615,0.016099192018778963,0.012910166291920433,0.0205226084288761,0.04299969493409295,0.055241259100472284,0.04685732278649257,0.08527930247508353,0.0455714468356927,0.09973253560469164
NVCR,2026-07-23 07:00:14-04:00,"2.02,9.01",20.68000030517578,17378915.377998352,-0.1465184062829612,0.037282393475318365,-0.1764990118310953,0.037282393475318365,-0.26499034888984563,0.037282393475318365,-0.26499034888984563,0.037282393475318365,-0.26499034888984563,0.037282393475318365
NVTS,2026-07-27 16:05:39-04:00,"2.02,7.01,9.01",10.204999923706055,155661875.37579536,-0.019108250493097723,0.017638442579273717,-0.046055881483840655,0.08182264031254727,-0.046055881483840655,0.08182264031254727,-0.046055881483840655,0.08182264031254727,-0.046055881483840655,0.08182264031254727
NVTS,2026-07-08 08:00:39-04:00,"7.01,9.01",14.0600004196167,291081439.56279755,0.008534842245925933,0.03307248826712694,-0.041963025247475416,0.03307248826712694,-0.06899005960735616,0.03307248826712694,-0.16394027285801605,0.03307248826712694,-0.14438126785638095,0.03307248826712694
NVR,2026-07-23 13:54:44-04:00,"2.02,9.01",6152.830078125,215184328.54003906,0.04255600112879976,0.05791645358827191,0.025794627662765635,0.06861235413454625,0.03721213783418387,0.06861235413454625,0.03721213783418387,0.06861235413454625,0.03721213783418387,0.06861235413454625
NVEC,2026-07-22 16:05:03-04:00,"2.02,8.01",107.36000061035156,22215492.17529297,0.25009319998948265,0.2567994775399751,0.09491432920524545,0.25745155767988526,0.08615871784102924,0.25745155767988526,0.04564084852852024,0.25745155767988526,0.04564084852852024,0.25745155767988526
NUWE,2026-07-24 16:15:51-04:00,5.07,2.0,299164.99391794205,-0.004999995231628418,0.009999990463256836,-0.0350000262260437,0.009999990463256836,-0.05500000715255737,0.009999990463256836,-0.05500000715255737,0.009999990463256836,-0.05500000715255737,0.009999990463256836
OBK,2026-07-22 16:03:51-04:00,"2.02,8.01,9.01",50.900001525878906,7203579.7258377075,0.0322200263356498,0.035952808673827,0.053438061384397884,0.06502941963392406,0.08467578446736268,0.08693514939897917,0.08212181099936822,0.08742626355285443,0.08212181099936822,0.08742626355285443
OBK,2026-07-10 12:54:00-04:00,"7.01,9.01",50.470001220703125,7355949.553108215,0.010699367699015694,0.013671460471967212,0.007132962188316494,0.016445373415543862,0.0536952450748307,0.05409152915012139,0.02555968039685541,0.05409152915012139,0.06776298962208882,0.0744996677351144
NXPL,2026-07-15 18:20:43-04:00,"1.01,8.01,9.01",6.440000057220459,291315.495800972,-0.05900622842617309,0.0015527565148800715,-0.09782610385764956,0.0015527565148800715,-0.06832298964456307,0.0015527565148800715,-0.08229816849366622,0.0015527565148800715,-0.0838509250085464,0.0015527565148800715
NVVE,2026-07-28 13:57:51-04:00,1.02,1.2599999904632568,8443414.115428925,-0.06349209803242228,0.0,-0.06349209803242228,0.0,-0.06349209803242228,0.0,-0.06349209803242228,0.0,-0.06349209803242228,0.0
NVVE,2026-07-23 12:39:39-04:00,"3.01,9.01",2.75,12877033.52842331,-0.12727269259366125,0.2727272727272727,-0.416000019420277,0.2727272727272727,-0.5709091099825772,0.2727272727272727,-0.5709091099825772,0.2727272727272727,-0.5709091099825772,0.2727272727272727
NVVE,2026-07-21 16:42:27-04:00,"1.02,9.01",7.75,12877033.52842331,-0.2529032307286416,0.0,-0.5832258039905178,0.35483870967741926,-0.7927742004394531,0.35483870967741926,-0.8477419422518823,0.35483870967741926,-0.8477419422518823,0.35483870967741926
OBT,2026-07-28 16:45:05-04:00,"2.02,9.01",38.790000915527344,1983474.5054244995,-0.005671596171967663,0.009796268225037874,-0.005671596171967663,0.009796268225037874,-0.005671596171967663,0.009796268225037874,-0.005671596171967663,0.009796268225037874,-0.005671596171967663,0.009796268225037874
NWFL,2026-07-27 09:00:36-04:00,"7.01,9.01",33.72999954223633,1030615.5083656311,0.009487094549868624,0.02431069392092411,-0.0032612099568463115,0.02431069392092411,-0.0032612099568463115,0.02431069392092411,-0.0032612099568463115,0.02431069392092411,-0.0032612099568463115,0.02431069392092411
NWFL,2026-07-22 08:12:53-04:00,"2.02,7.01,9.01",30.280000686645508,873615.0074005127,0.06307786977382235,0.0690223975510349,0.07760899366512075,0.08883753213532786,0.1245045728178511,0.14101712198105232,0.11030377045903794,0.14101712198105232,0.11030377045903794,0.14101712198105232
NYC,2026-07-13 16:58:10-04:00,5.02,8.399999618530273,260424.00035858154,0.0011905034923782587,0.003571510477134554,0.015476204802931104,0.028452420391465116,0.0011905034923782587,0.07261912357780465,-0.017857098255025683,0.07261912357780465,0.04880962139354983,0.08928571834045229
OGE,2026-07-28 14:20:15-04:00,"2.02,9.01",48.93000030517578,59377248.806381226,-0.023298577202907733,0.017371724275897504,-0.023298577202907733,0.017371724275897504,-0.023298577202907733,0.017371724275897504,-0.023298577202907733,0.017371724275897504,-0.023298577202907733,0.017371724275897504
NWBI,2026-07-27 16:05:27-04:00,"2.02,9.01",15.869999885559082,17157707.18064308,0.0018903423558616073,0.018273469687729138,0.0012602682991744718,0.018273469687729138,0.0012602682991744718,0.018273469687729138,0.0012602682991744718,0.018273469687729138,0.0012602682991744718,0.018273469687729138
NWBI,2026-07-24 16:05:33-04:00,"5.02,9.01",15.489999771118164,16290258.47249031,-0.00516461748793684,0.003227901321734672,0.026468680017450508,0.043253717636793754,0.025823149006781065,0.043253717636793754,0.025823149006781065,0.043253717636793754,0.025823149006781065,0.043253717636793754
OCGN,2026-07-13 08:30:43-04:00,"8.01,9.01",1.4199999570846558,8369483.081459999,0.00704224701794165,0.028169072021973385,0.00704224701794165,0.042253566057856906,-0.042253482107650564,0.042253566057856906,-0.08450704816550747,0.042253566057856906,-0.12676053027315803,0.042253566057856906
OFIX,2026-07-02 16:00:15-04:00,7.01,10.619999885559082,3956216.124725342,0.08945384364428599,0.11770244947928221,0.10357819146170533,0.13370998979245186,0.08097925291380292,0.13370998979245186,0.11016949989659541,0.13370998979245186,0.08851229229633195,0.13370998979245186
ODFL,2026-07-23 08:57:50-04:00,"8.01,9.01",230.39999389648438,315794174.4049072,0.011241370075050217,0.02929687577610207,-0.0157551637160821,0.02929687577610207,-0.03302951741296767,0.02929687577610207,-0.03302951741296767,0.02929687577610207,-0.03302951741296767,0.02929687577610207
OFG,2026-07-21 08:45:45-04:00,"2.02,9.01",53.15999984741211,16780547.135543823,-0.01956359891859505,0.0007524626719743743,-0.013732120848978235,0.0007524626719743743,-0.014672663309551304,0.0007524626719743743,-0.015425125981525678,0.002633547593120511,-0.015425125981525678,0.002633547593120511
OMER,2026-07-20 17:05:11-04:00,8.01,9.720000267028809,11992576.574707031,-0.01954737951007235,0.014403228992012407,0.012345666899427288,0.01954728139543338,0.007201614496006092,0.06584355679694553,0.16049376780719382,0.19855959860908756,0.20061725881631154,0.22325103052258122
OMER,2026-07-06 08:30:27-04:00,8.01,10.329999923706055,15504747.826099396,0.0,0.022265295025106546,-0.008712502735005012,0.034849918619175524,-0.004840289555096633,0.034849918619175524,0.01645692909482177,0.03581799499436378,-0.07744435591901244,0.03581799499436378
OGN,2026-07-23 17:13:19-04:00,5.07,13.579999923706055,29551951.73225403,-0.004418222848267095,0.0,-0.0029455053076400395,0.0,-0.0029455053076400395,0.0,-0.0029455053076400395,0.0,-0.0029455053076400395,0.0
OGN,2026-07-17 16:01:17-04:00,8.01,13.510000228881836,33961074.42378998,-0.0014804187583146167,0.0007402093791573083,0.0,0.0014803481680629726,0.0037009763055348976,0.00518132447359787,0.002220557547220281,0.00518132447359787,0.002220557547220281,0.00518132447359787
OI,2026-07-28 16:30:26-04:00,"2.02,9.01",7.789999961853027,20345525.655651093,-0.011553293071709048,0.015404349954648344,-0.011553293071709048,0.015404349954648344,-0.011553293071709048,0.015404349954648344,-0.011553293071709048,0.015404349954648344,-0.011553293071709048,0.015404349954648344
OI,2026-07-10 16:31:23-04:00,5.02,9.75,19841723.421001434,-0.01538457625951517,0.020512800950270416,-0.13333335289588344,0.020512800950270416,-0.01538457625951517,0.020512800950270416,-0.0851281973031851,0.020512800950270416,-0.056410275972806456,0.020512800950270416
OII,2026-07-24 17:01:54-04:00,7.01,51.61000061035156,39337236.56387329,0.010850562913603756,0.04592131183601289,-0.07014142393090173,0.04592131183601289,-0.0974617074173798,0.04592131183601289,-0.0974617074173798,0.04592131183601289,-0.0974617074173798,0.04592131183601289
OII,2026-07-22 17:01:50-04:00,"2.02,9.01",47.220001220703125,36645132.177352905,0.016941957144842146,0.0902159722872995,0.11668780557162295,0.12452344560380801,0.016306658997418122,0.1431596388559464,-0.013553565715873739,0.1431596388559464,-0.013553565715873739,0.1431596388559464
OII,2026-07-07 17:06:21-04:00,"1.01,2.03,7.01,9.01",40.22999954223633,41742339.08576965,0.023365613656597395,0.03131996397135506,0.011185701418340965,0.03131996397135506,0.0743226873599061,0.0917225619859865,0.060402692836836636,0.09917975947968394,0.11856824539000521,0.14118817722611476
ONB,2026-07-22 07:12:53-04:00,"2.02,9.01",26.059999465942383,140245419.96574402,0.0019186932246304522,0.003069835968746215,0.016500395778509036,0.019953970392181164,0.03184957562223967,0.03491941159098566,0.023791283650779427,0.036070627525764065,0.023791283650779427,0.036070627525764065
OGS,2026-07-13 16:15:15-04:00,"5.02,7.01,9.01",80.45999908447266,46754660.133743286,-0.01628135189534885,0.006462891851577002,-0.02995272259678572,0.006462891851577002,-0.008948561134672794,0.014914300165189687,-0.022992772746353585,0.014914300165189687,0.002982822104155902,0.020879944373501713
OGS,2026-07-08 16:36:01-04:00,"7.01,9.01",78.06999969482422,48264570.335006714,0.009734880737816365,0.020878663504414474,0.014089899813257256,0.020878663504414474,0.013833762460310206,0.03727428811943878,0.02203152590529789,0.03727428811943878,0.024465270521014215,0.045984423995369506
OIS,2026-07-13 16:47:37-04:00,"5.02,9.01",8.520000457763672,5297730.465054512,-0.01173713334470583,0.01408449285348734,-0.007042302393543309,0.01408449285348734,-0.010563397623515325,0.01408449285348734,0.008215926181134536,0.016431852362269073,-0.058685442856330594,0.056337971413949806
OPK,2026-07-27 16:08:03-04:00,"2.02,9.01",1.3799999952316284,3371070.001721382,0.19565216076772174,0.2536232065588606,-0.007246369925949403,0.2536232065588606,-0.007246369925949403,0.2536232065588606,-0.007246369925949403,0.2536232065588606,-0.007246369925949403,0.2536232065588606
OPAL,2026-07-28 09:24:14-04:00,"7.01,9.01",2.2100000381469727,433113.9974951744,-0.06787334514853804,0.009049764968910745,-0.06787334514853804,0.009049764968910745,-0.06787334514853804,0.009049764968910745,-0.06787334514853804,0.009049764968910745,-0.06787334514853804,0.009049764968910745
ONDS,2026-07-24 17:24:59-04:00,"3.02,8.01,9.01",7.920000076293945,863537156.8042994,0.012626310670001972,0.03409084614752911,-0.0075757502779744135,0.03409084614752911,-0.14141412560227784,0.03409084614752911,-0.14141412560227784,0.03409084614752911,-0.14141412560227784,0.03409084614752911
ONDS,2026-07-06 07:54:51-04:00,"1.01,2.01,3.02,7.01,8.01,9.01",7.650000095367432,573489081.8953037,-0.03921571071829566,0.026797375313785343,-0.01699347880003832,0.026797375313785343,-0.05098037406846123,0.030065361595585705,-0.03790849127291396,0.030065361595585705,0.0013071571137277527,0.030065361595585705
OPBK,2026-07-23 16:28:43-04:00,"2.02,7.01,8.01",15.0,478788.99669647217,0.043999989827473884,0.06666666666666665,0.03666667938232426,0.06666666666666665,0.050000000000000044,0.11999994913736978,0.050000000000000044,0.11999994913736978,0.050000000000000044,0.11999994913736978
OPTU,2026-07-06 16:45:29-04:00,"1.01,2.03,9.01",1.2300000190734863,24977686.16051674,-0.040650464024575284,0.13821134508006794,0.09756097797361263,0.2032520293685165,-0.13008127165877692,0.2032520293685165,-0.17886180910464322,0.2032520293685165,-0.26829271365696494,0.2032520293685165
OKLO,2026-07-28 12:20:57-04:00,5.02,38.9900016784668,373262157.80792236,-0.05514238095214796,0.011797872907676865,-0.05514238095214796,0.011797872907676865,-0.05514238095214796,0.011797872907676865,-0.05514238095214796,0.011797872907676865,-0.05514238095214796,0.011797872907676865
OPXS,2026-07-20 17:02:16-04:00,"1.01,2.03,9.01",12.100000381469727,272134.00144577026,0.02685948752223588,0.04297516427236614,0.007437950088943879,0.09090904075341855,-0.08264462549368412,0.09090904075341855,-0.0603306175947389,0.09090904075341855,-0.09090911956947512,0.09090904075341855
ONIT,2026-07-01 16:15:19-04:00,"8.01,9.01",40.29999923706055,3185232.061958313,-0.03325062476317875,0.016873457023553584,-0.028784115865326254,0.016873457023553584,-0.07121585573742317,0.016873457023553584,-0.03895780954210093,0.016873457023553584,0.012655140096416329,0.04838711662173423
ORC,2026-07-23 16:18:40-04:00,"2.02,9.01",6.619999885559082,29761449.320340157,-0.012084580829157865,0.007552899033115512,-0.019637479862273266,0.007552899033115512,-0.009063435621868399,0.010574044240404978,-0.009063435621868399,0.010574044240404978,-0.009063435621868399,0.010574044240404978
ORC,2026-07-13 16:17:29-04:00,"2.02,9.01",6.800000190734863,30293261.686062813,0.004411725313194337,0.016176419645858697,0.01764704149899643,0.027941113978523058,0.0073528988963604824,0.02941173583166079,-0.004411795436303878,0.02941173583166079,-0.03382353126796467,0.02941173583166079
ORC,2026-07-08 17:11:50-04:00,"8.01,9.01",6.760000228881836,32309018.553113937,0.008875730879888577,0.014792884799814443,0.00739640713088785,0.02071003871974031,0.010354984090850783,0.022189291930702293,0.0340235997705538,0.03550292351955475,-0.022189362468741036,0.03550292351955475
OPRT,2026-07-07 17:03:20-04:00,1.01,5.619999885559082,3033674.5156764984,-0.02846972431854289,0.006227815829534578,0.001779400193144598,0.006227815829534578,0.016014262352415987,0.1405693910925121,0.008896831272780181,0.1405693910925121,-0.005338030886491207,0.14946622236529228
ORI,2026-07-23 08:10:13-04:00,"2.02,9.01",40.72999954223633,47061941.39671326,0.038301040776426154,0.038792090567451476,0.057451514335553844,0.06604465153306727,0.09477045552992958,0.09624360490300532,0.09477045552992958,0.09624360490300532,0.09477045552992958,0.09624360490300532
OTEX,2026-07-17 08:35:43-04:00,"5.02,8.01,9.01",23.1200008392334,29185140.93208313,0.009083005054061122,0.014273352583364263,-0.015138424254543925,0.014273352583364263,-0.06920416623664705,0.014273352583364263,0.021626296792841337,0.033736970198256166,0.11937708569844152,0.1392733216466986
ORLY,2026-07-10 16:31:18-04:00,5.02,87.2699966430664,791255517.691803,0.00011461139698876188,0.008594018893658184,-0.017417173158412957,0.008594018893658184,-0.011687827229307501,0.008594018893658184,-0.031396791213091246,0.009281599852709821,0.03804285347234493,0.04847030502629979
ORLY,2026-07-01 16:32:43-04:00,"7.01,9.01",92.80000305175781,749194446.1517334,-0.027478480257544624,0.007758551375337985,-0.09224143218200187,0.007758551375337985,-0.0842672353196231,0.007758551375337985,-0.07025866441862616,0.007758551375337985,-0.0727370665735354,0.007758551375337985
OVID,2026-07-08 07:03:56-04:00,5.02,2.7100000381469727,6095775.0816345215,-0.04059045460000055,0.03874539394666665,-0.07011072123466688,0.03874539394666665,-0.09225092121066669,0.03874539394666665,-0.09594095453999996,0.03874539394666665,-0.11439112118666639,0.03874539394666665
OSK,2026-07-28 07:59:51-04:00,"2.02,9.01",147.42999267578125,135616567.61245728,-0.03126897904485748,0.01722857404264877,-0.03126897904485748,0.01722857404264877,-0.03126897904485748,0.01722857404264877,-0.03126897904485748,0.01722857404264877,-0.03126897904485748,0.01722857404264877
ORRF,2026-07-22 08:00:19-04:00,"2.02,7.01,9.01",40.959999084472656,5098204.830169678,0.02441406304569682,0.02612304000831478,0.03906255675247072,0.04980471096496375,0.0651855967607855,0.06884765033828422,0.056640618815435806,0.06884765033828422,0.056640618815435806,0.06884765033828422
OSBC,2026-07-22 16:05:10-04:00,"2.02,9.01",23.0,11077697.930526733,0.022173922994862538,0.023478300675101815,0.04478263854980469,0.05260865584663721,0.09652170927628223,0.09695650183636206,0.09956525719684106,0.11608695983886719,0.09956525719684106,0.11608695983886719
OSBC,2026-07-21 11:00:08-04:00,8.01,23.65999984741211,9725959.245300293,-0.010566356788347386,0.0008453278906448425,-0.0063397979500274815,0.0008453278906448425,0.04480133021041932,0.04945055299406165,0.06889269140437126,0.08495351825210129,0.06889269140437126,0.08495351825210129
OSBC,2026-07-08 11:00:06-04:00,5.02,22.959999084472656,8560447.118854523,-0.004790884468167,0.0039198674292959534,-0.0030487673177460595,0.0039198674292959534,0.0021777502788749015,0.01480836960563403,0.04006969133183125,0.044860658872677206,0.023954754631551056,0.044860658872677206
OSTX,2026-07-07 09:18:33-04:00,9.01,1.5299999713897705,1197856.993997097,-0.04575159121030159,0.0,0.12418304625710097,0.1307189878585726,0.058823552327814665,0.1307189878585726,0.01307188320294328,0.1307189878585726,0.01307188320294328,0.1307189878585726
OSTX,2026-07-02 16:30:21-04:00,"1.01,2.03,3.02,5.02,8.01,9.01",1.7999999523162842,1070976.9661426544,-0.1055555239135828,0.005555550404536813,-0.11666662472265632,0.005555550404536813,-0.04444440323629384,0.005555550404536813,-0.0999999735090461,0.005555550404536813,-0.16111109418633496,0.005555550404536813
OVLY,2026-07-23 12:41:54-04:00,"2.02,7.01,9.01",32.720001220703125,739229.0168762207,-0.0033618767190619625,0.013141818127552662,0.013141818127552662,0.019559882816981178,0.03239601219583843,0.05837407628834623,0.03239601219583843,0.05837407628834623,0.03239601219583843,0.05837407628834623
PAYC,2026-07-09 16:10:15-04:00,"5.02,7.01,9.01",141.57000732421875,126911903.76663208,-0.01758851002572559,0.0035318215309187995,0.03482370855919181,0.0363071210265391,0.022321030160600497,0.05036370173870641,0.04499537181346014,0.08215009551697516,0.026700562151134477,0.08215009551697516
OXY,2026-07-10 12:15:43-04:00,"2.02,9.01",54.09000015258789,455250899.0758896,0.013311170616971735,0.018857468199043215,0.00887409023631447,0.025882816083000693,-0.008134565085371581,0.025882816083000693,0.02033644797592893,0.029210538212243398,0.015529675544800225,0.09058978576550203
OVV,2026-07-23 17:03:26-04:00,"2.02,8.01,9.01",61.38999938964844,180414470.80078125,0.028343406023232376,0.05245155974453519,-0.021338940733311662,0.05245155974453519,-0.0017918327324517591,0.05245155974453519,-0.0017918327324517591,0.05245155974453519,-0.0017918327324517591,0.05245155974453519
PACB,2026-07-09 16:32:58-04:00,5.02,1.6299999952316284,9454689.902955294,-0.0429448175808983,0.006134963492337775,-0.08588956202726294,0.006134963492337775,-0.061349708057911734,0.006134963492337775,-0.11656437948895193,0.006134963492337775,-0.16564416056218811,0.006134963492337775
PBI,2026-07-27 08:05:44-04:00,"5.02,7.01,9.01",18.25,23045121.385002136,-0.02301370281062709,0.005479472957245379,-0.032328775484267935,0.005479472957245379,-0.032328775484267935,0.005479472957245379,-0.032328775484267935,0.005479472957245379,-0.032328775484267935,0.005479472957245379
OTLK,2026-07-24 17:01:05-04:00,"8.01,9.01",1.4199999570846558,12350785.071283579,-0.24999993703734513,0.0,-0.36338027353159963,0.0,-0.295774626604173,0.0,-0.295774626604173,0.0,-0.295774626604173,0.0
OTLK,2026-07-23 19:54:03-04:00,5.02,1.350000023841858,11405409.333139658,0.04074070116783601,0.29629627340288023,-0.2111110826578656,0.29629627340288023,-0.25925927234121127,0.29629627340288023,-0.25925927234121127,0.29629627340288023,-0.25925927234121127,0.29629627340288023
OTLK,2026-07-16 16:05:45-04:00,"5.03,5.07,9.01",1.399999976158142,12583003.483140469,-0.007142850452539706,0.029285720915210645,-0.014285700905079524,0.08571429057997104,-0.04285710271523857,0.08571429057997104,0.003571425226269964,0.2500000212873734,-0.2857142735500723,0.2500000212873734
OVBC,2026-07-27 10:21:37-04:00,2.02,43.16999816894531,1793958.9813232422,-0.02687050953471115,0.0,-0.03497795658049008,0.0,-0.03497795658049008,0.0,-0.03497795658049008,0.0,-0.03497795658049008,0.0
OVBC,2026-07-14 13:45:18-04:00,8.01,43.31999969482422,869696.5282440186,0.0087719545427567,0.015466343221665069,0.03462603902509298,0.03462603902509298,0.009002756057152839,0.05055398527555033,-0.009926138231879045,0.05055398527555033,-0.0383194796654267,0.05055398527555033
PBH,2026-07-15 16:03:15-04:00,"1.01,2.03,9.01",48.7400016784668,21468641.03450775,0.0381616071317461,0.04247024258390075,0.024210021539655235,0.0580631497517512,0.005949878761661864,0.0580631497517512,0.004103343072524801,0.0580631497517512,0.07078368546233316,0.07775947825837859
PBH,2026-07-09 16:43:31-04:00,9.01,48.7599983215332,26841996.444511414,0.0028712717220065187,0.011689982139924782,0.0014356749780808364,0.024405301115048017,-0.008203398788982241,0.024405301115048017,0.023789989486111995,0.05762923441385914,0.01845778418498112,0.05762923441385914
PBH,2026-07-06 08:05:15-04:00,"1.01,2.03,7.01,9.01",50.33000183105469,31322483.629226685,0.0017881250668878579,0.0027816289400977023,-0.04053250231095007,0.0027816289400977023,-0.02841248267734897,0.0027816289400977023,-0.06238829902859755,0.0027816289400977023,-0.025829584829374697,0.024637349864041314
OUST,2026-07-06 16:00:09-04:00,"8.01,9.01",47.27000045776367,306621579.1589737,-0.06790774388379428,0.01840488520117778,-0.08165856934569993,0.01840488520117778,-0.08440875057811592,0.020731955420901116,-0.1121218359580124,0.020731955420901116,-0.1394118910253901,0.020731955420901116
PCB,2026-07-24 14:25:55-04:00,"7.01,9.01",28.350000381469727,1295587.4831199646,-0.01269843405670179,0.0,-0.007054700537858838,0.010934725282931712,-0.011640208792439766,0.010934725282931712,-0.011640208792439766,0.010934725282931712,-0.011640208792439766,0.010934725282931712
PCB,2026-07-23 16:15:07-04:00,"2.02,7.01,8.01,9.01",28.920000076293945,1226549.9994277954,-0.029045648353107967,0.01279394323158023,-0.0321576868161253,0.01279394323158023,-0.031120318677592684,0.01279394323158023,-0.031120318677592684,0.01279394323158023,-0.031120318677592684,0.01279394323158023
PAG,2026-07-23 16:25:14-04:00,8.01,213.10000610351562,65302840.50445557,0.019943687837979285,0.02566870513389863,0.012200801362077796,0.030455138660213876,0.048521802166762384,0.06522756216971803,0.048521802166762384,0.06522756216971803,0.048521802166762384,0.06522756216971803
PAG,2026-07-22 17:15:12-04:00,8.01,211.9199981689453,61824025.94680786,0.017081894811558085,0.019346952335508538,0.025622914219928683,0.031379809422100724,0.038174765986177306,0.03874106636846064,0.05436015653075388,0.0711589371524659,0.05436015653075388,0.0711589371524659
PCG,2026-07-22 20:21:25-04:00,"2.02,7.01,9.01",17.809999465942383,251126507.80124664,-0.015159941522252751,0.010106699077672143,0.002245980725818386,0.010106699077672143,-0.0016843784501083814,0.0353734467718525,-0.005614844720290724,0.0353734467718525,-0.005614844720290724,0.0353734467718525
PDYN,2026-07-08 07:04:42-04:00,"2.02,7.01,8.01",5.699999809265137,11501691.870498657,-0.0421052244121225,0.0029824910408986494,-0.07368414272121437,0.0029824910408986494,-0.06315783661818375,0.0029824910408986494,-0.1491227952764007,0.0029824910408986494,-0.0824561063015622,0.0029824910408986494
PECO,2026-07-23 16:24:58-04:00,"2.02,7.01,9.01",44.04999923706055,36079269.94590759,-0.011804777906243014,0.0,-0.0163450038246562,0.0,-0.02860382164259223,0.0,-0.02860382164259223,0.0,-0.02860382164259223,0.0
PCYO,2026-07-09 11:00:20-04:00,"2.02,5.02,7.01,9.01",10.84000015258789,631272.0024108887,-0.00738006665866664,0.016605193970666843,-0.0027675030026663716,0.016605193970666843,-0.01291516064133369,0.016605193970666843,-0.01291516064133369,0.016605193970666843,-0.014760133317333168,0.016605193970666843
PD,2026-07-14 16:09:35-04:00,"5.02,7.01,9.01",11.0600004196167,18108661.226272583,-0.02802896996883142,0.015370625331813548,-0.037070595436797915,0.015370625331813548,-0.06509947917829839,0.015370625331813548,-0.20253170341833593,0.015370625331813548,-0.027124790176568547,0.015370625331813548
PDM,2026-07-28 16:18:26-04:00,"2.02,9.01",9.649999618530273,5693683.454465866,0.026943029964744625,0.049740985998479204,0.026943029964744625,0.049740985998479204,0.026943029964744625,0.049740985998479204,0.026943029964744625,0.049740985998479204,0.026943029964744625,0.049740985998479204
PCVX,2026-07-15 16:05:37-04:00,5.02,56.119998931884766,73454234.0057373,-0.001425481430506026,0.012116898042017654,0.0014255494044430606,0.031005019807265333,0.03421243799332507,0.036885241165750315,-0.008553092504847037,0.04401285224009133,-0.055951522619585026,0.04401285224009133
PDLB,2026-07-27 07:26:58-04:00,"2.02,7.01,9.01",20.170000076293945,1357790.5113220215,0.015865131066624016,0.024789290932510033,-0.0029746884340818847,0.024789290932510033,-0.0029746884340818847,0.024789290932510033,-0.0029746884340818847,0.024789290932510033,-0.0029746884340818847,0.024789290932510033
PED,2026-07-17 17:30:37-04:00,"5.02,9.01",12.0,377382.49044418335,-0.015833298365275028,0.002499977747599358,0.008333365122477288,0.015000025431315178,0.0258333683013916,0.04166666666666674,-0.04166666666666663,0.04166666666666674,-0.09833335876464844,0.04166666666666674
PESI,2026-07-28 09:15:10-04:00,"2.02,5.07,9.01",16.34000015258789,7889140.381336212,-0.02876378596326823,0.027539826116108168,-0.02876378596326823,0.027539826116108168,-0.02876378596326823,0.027539826116108168,-0.02876378596326823,0.027539826116108168,-0.02876378596326823,0.027539826116108168
PEGA,2026-07-21 16:08:31-04:00,"2.02,9.01",25.31999969482422,75491796.19750977,0.026461298750761975,0.08609795937799336,0.027251206254898408,0.08609795937799336,0.12954189281905837,0.17061610374771408,0.22235391532275917,0.23341231906176518,0.22235391532275917,0.23341231906176518
PCOR,2026-07-02 17:15:12-04:00,5.02,43.130001068115234,144472773.9074707,0.021098998953766435,0.036169661951318766,0.036865293605645943,0.059123560721302315,0.02063527399971221,0.059123560721302315,0.020867092253493702,0.059123560721302315,0.07280313730318344,0.08462781406884723
PEBK,2026-07-21 11:04:54-04:00,5.02,42.22999954223633,915306.0218811035,0.013971114349594194,0.021311899967670467,0.005683203435196793,0.021311899967670467,0.017049519974136285,0.0359933808723687,0.026284646516308685,0.03907178649691101,0.026284646516308685,0.03907178649691101
PEBK,2026-07-20 09:30:27-04:00,"2.02,9.01",43.099998474121094,846684.0162277222,-0.009976805577707193,0.0,-0.006496491628996126,0.0006961158945784085,-0.0018561025334016268,0.0006961158945784085,0.007656655283940106,0.015081242433667263,0.005568484616325531,0.01809750862201276
PGC,2026-07-27 16:52:34-04:00,"2.02,7.01,9.01",45.380001068115234,9456716.927719116,0.05156456803682219,0.05707360272425532,0.013882706888268759,0.05883645011241079,0.013882706888268759,0.05883645011241079,0.013882706888268759,0.05883645011241079,0.013882706888268759,0.05883645011241079
PHM,2026-07-22 07:31:32-04:00,"2.02,9.01",124.30000305175781,216307931.43615723,0.002976629992788027,0.015929168776565472,0.03580045727262959,0.03757037855422052,0.08407076984455797,0.09251809909619602,0.0644408230907334,0.09589700624530062,0.0644408230907334,0.09589700624530062
PEBO,2026-07-27 16:06:36-04:00,"7.01,9.01",40.959999084472656,15247411.4112854,0.03100587124390608,0.032470748554261464,0.02539064791926693,0.032470748554261464,0.02539064791926693,0.032470748554261464,0.02539064791926693,0.032470748554261464,0.02539064791926693,0.032470748554261464
PEBO,2026-07-27 13:35:38-04:00,"2.02,9.01",40.959999084472656,15247411.4112854,0.03100587124390608,0.032470748554261464,0.02539064791926693,0.032470748554261464,0.02539064791926693,0.032470748554261464,0.02539064791926693,0.032470748554261464,0.02539064791926693,0.032470748554261464
PEBO,2026-07-21 06:15:47-04:00,"2.02,8.01,9.01",39.66999816894531,11564505.295944214,0.01008322521658278,0.011091566970393707,0.003277062619503779,0.011091566970393707,0.024955929522623377,0.02974540861208097,0.05873460898918492,0.0660449424631695,0.05873460898918492,0.0660449424631695
PII,2026-07-27 19:24:21-04:00,"2.02,9.01",76.58000183105469,47691999.282073975,-0.06516068652195461,0.01828155513716867,-0.12144166661519296,0.01828155513716867,-0.12144166661519296,0.01828155513716867,-0.12144166661519296,0.01828155513716867,-0.12144166661519296,0.01828155513716867
PENG,2026-07-17 17:12:42-04:00,"1.01,2.03,3.02,8.01,9.01",58.91999816894531,422352667.2344208,-0.09657160223246553,0.0,-0.01391717108464563,0.0,-0.008655776262430415,0.04293962445042321,-0.10913096894608432,0.04293962445042321,-0.25831632516967373,0.04293962445042321
PENG,2026-07-07 16:09:58-04:00,"2.02,9.01",67.8499984741211,229977631.25152588,0.15652178313066045,0.17907150772469183,0.19955786617580662,0.32439208004736186,0.13795137539939062,0.32439208004736186,0.07369196923279331,0.32439208004736186,-0.1274870730392259,0.32439208004736186
PENG,2026-07-01 16:05:08-04:00,5.02,69.30999755859375,229977631.25152588,-0.11311494176958814,0.00548268498337845,-0.02308467076150844,0.018756356911696637,0.13215991898377477,0.1542346388393545,0.13042852739801414,0.2964940668824163,-0.1284085705479603,0.2964940668824163
PFLT,2026-07-06 16:05:17-04:00,"7.01,9.01",7.349999904632568,7283841.624498367,-0.021768687005188192,0.012244918878320687,-0.029931944632133778,0.012244918878320687,-0.02312926238091484,0.012244918878320687,-0.02312926238091484,0.012244918878320687,-0.027210858756485212,0.012244918878320687
PFLT,2026-07-02 16:05:18-04:00,"7.01,9.01",7.510000228881836,6981832.017803192,-0.027962720605434588,0.011983977764023601,-0.04260987508771641,0.011983977764023601,-0.05992014279462887,0.011983977764023601,-0.05193080312073717,0.011983977764023601,-0.05992014279462887,0.011983977764023601
PFSA,2026-07-27 06:08:35-04:00,"5.02,7.01,8.01,9.01",1.0199999809265137,254784.99761223793,0.01960782480441492,0.07843141608951454,-0.028431357653587175,0.07843141608951454,-0.028431357653587175,0.07843141608951454,-0.028431357653587175,0.07843141608951454,-0.028431357653587175,0.07843141608951454
PFSA,2026-07-06 16:16:24-04:00,"3.03,5.03,8.01,9.01",2.890000104904175,420248.4090652466,-0.02768171599332392,0.04152245024332313,-0.16955017015578633,0.04152245024332313,-0.2664360523857573,0.04152245024332313,-0.3044982984421367,0.04152245024332313,-0.3079585026290803,0.04152245024332313
PHIO,2026-07-21 07:07:31-04:00,"5.02,8.01,9.01",1.1200000047683716,419601.00533366203,-0.05357148369051945,0.008928562875609058,-0.04464281437804518,0.008928562875609058,-0.06250004656612851,0.008928562875609058,-0.12142855090146176,0.008928562875609058,-0.12142855090146176,0.008928562875609058
PJT,2026-07-28 06:50:14-04:00,"2.02,9.01",171.6199951171875,56914856.79016113,-0.03810740864820039,0.004632316697145145,-0.03810740864820039,0.004632316697145145,-0.03810740864820039,0.004632316697145145,-0.03810740864820039,0.004632316697145145,-0.03810740864820039,0.004632316697145145
PJT,2026-07-16 06:50:16-04:00,"5.02,9.01",163.63999938964844,76438112.5,0.018210680387765743,0.02779274118402575,0.004522155316085019,0.029393776439344155,0.003666622499105099,0.034160329740530626,0.03318264455404174,0.034160329740530626,0.008799819400985287,0.09062577539946393
PKBK,2026-07-22 08:33:46-04:00,"2.02,9.01",32.33000183105469,1661831.0459136963,0.006495486315467591,0.023198266548799973,0.027837849063068854,0.03526134627537836,0.055675816118623045,0.06712026124480186,0.04732442600195674,0.06712026124480186,0.04732442600195674,0.06712026124480186
PLBC,2026-07-16 09:00:07-04:00,8.01,61.38999938964844,2540069.507789612,-0.0006515868370262634,0.027366025767693092,-0.0030949442677632444,0.027366025767693092,-0.00618995067426753,0.027366025767693092,-0.0009773181167984646,0.027366025767693092,0.005212570418728024,0.027366025767693092
PLBC,2026-07-15 09:05:57-04:00,"7.01,9.01",61.02000045776367,2540069.507789612,0.015404762695136798,0.044575568670895516,0.005408030381544027,0.044575568670895516,0.006719105937993186,0.044575568670895516,-0.005899714972974257,0.044575568670895516,0.011307745354518284,0.044575568670895516
PLBC,2026-07-15 09:00:15-04:00,"2.02,9.01",61.02000045776367,2540069.507789612,0.015404762695136798,0.044575568670895516,0.005408030381544027,0.044575568670895516,0.006719105937993186,0.044575568670895516,-0.005899714972974257,0.044575568670895516,0.011307745354518284,0.044575568670895516
PLUG,2026-07-13 07:15:41-04:00,"1.01,2.02,7.01,9.01",2.25,121790955.46855927,0.008888880411783928,0.04888884226481127,-0.017777760823567745,0.04888884226481127,-0.03555552164713538,0.04888884226481127,0.008888880411783928,0.04888884226481127,-0.1288888719346788,0.04888884226481127
PKG,2026-07-22 18:04:21-04:00,"2.02,9.01",231.0,124827030.18722534,0.012554086131967068,0.01523811373359707,0.1012554086131967,0.10168833546824274,0.09627708005698721,0.12038959982075226,0.07978351807697504,0.12038959982075226,0.07978351807697504,0.12038959982075226
PLCE,2026-07-17 16:30:32-04:00,"5.02,9.01",2.950000047683716,609108.4960341454,-0.10508472466735963,0.016949136104436047,-0.094915243004698,0.016949136104436047,-0.10508472466735963,0.016949136104436047,-0.1932203132302832,0.016949136104436047,-0.17966100434673427,0.016949136104436047
PLCE,2026-07-10 16:31:04-04:00,"5.02,9.01",2.990000009536743,990210.00623703,0.0,0.030100305646238334,0.0066889568102752595,0.030100305646238334,-0.0066889568102751484,0.030100305646238334,-0.11705682391847072,0.030100305646238334,-0.2040133421907031,0.030100305646238334
PLCE,2026-07-07 16:30:29-04:00,"1.01,2.03,5.02,9.01",3.140000104904175,1053930.0094127655,-0.01910833732279482,0.009554130696656893,-0.035031888483889495,0.009554130696656893,-0.04777072941276517,0.009554130696656893,-0.04777072941276517,0.009554130696656893,-0.13375798161215757,0.009554130696656893
PLPC,2026-07-27 16:23:19-04:00,"8.01,9.01",302.5299987792969,23934104.568481445,-0.01791562307739414,0.0,-0.06286976197539806,0.0,-0.06286976197539806,0.0,-0.06286976197539806,0.0,-0.06286976197539806,0.0
PLUS,2026-07-06 16:41:34-04:00,"5.02,9.01",83.55999755859375,17482556.398773193,0.003231262330657847,0.012326457747615649,0.022498862347311688,0.027405468913777264,0.07264241110787295,0.07515556441816829,0.04786979555851634,0.0989708534476903,0.06857352231150582,0.1051938866963662
PINE,2026-07-23 16:10:29-04:00,"2.02,7.01,9.01",21.1299991607666,2596780.5676460266,-0.030288661385125093,0.014197877724775765,-0.023189767656402793,0.014197877724775765,-0.03786082673140645,0.02016093762482285,-0.03786082673140645,0.02016093762482285,-0.03786082673140645,0.02016093762482285
PKE,2026-07-28 16:45:40-04:00,5.07,33.84000015258789,9758934.000778198,-0.02216312046744018,0.015070872317776818,-0.02216312046744018,0.015070872317776818,-0.02216312046744018,0.015070872317776818,-0.02216312046744018,0.015070872317776818,-0.02216312046744018,0.015070872317776818
PKE,2026-07-20 16:37:08-04:00,"2.02,9.01",36.65999984741211,8026681.134414673,-0.04364425752265899,0.082651358208087,-0.08647021773430497,0.082651358208087,-0.06601195251003644,0.082651358208087,-0.06273865920986654,0.082651358208087,-0.09738133414302863,0.082651358208087
PKE,2026-07-09 16:57:30-04:00,5.02,35.81999969482422,10143094.005584717,-0.06058063058160401,0.03880512008628756,-0.06728084500124498,0.03880512008628756,-0.06309319767693244,0.03880512008628756,-0.09436072297352993,0.03880512008628756,-0.04410938106696083,0.10804017210653294
PLRX,2026-07-13 16:25:14-04:00,5.02,1.149999976158142,545933.4910154343,-0.05217386436822857,0.008695644061371466,-0.026086932184114286,0.008695644061371466,0.0,0.008695644061371466,-0.05217386436822857,0.008695644061371466,-0.0695651524909715,0.008695644061371466
PMTS,2026-07-06 16:06:11-04:00,8.01,20.360000610351562,720807.4998855591,-0.05795679124763076,0.0,-0.08005898915771636,0.0,-0.04027503291956236,0.0,-0.07858547806998806,0.0,-0.008349708801458133,0.0
PRK,2026-07-27 16:15:15-04:00,"2.02,7.01,8.01,9.01",197.6999969482422,15954894.686889648,0.04688924843477782,0.0526050041265107,0.07516439473816439,0.08295401825204363,0.07516439473816439,0.08295401825204363,0.07516439473816439,0.08295401825204363,0.07516439473816439,0.08295401825204363
PNNT,2026-07-06 16:05:17-04:00,"7.01,9.01",3.450000047683716,2205049.0219831467,-0.02318845246925283,0.011594191681209676,-0.02028983544211682,0.011594191681209676,-0.002898547920302419,0.014492739601511984,-0.02318845246925283,0.014492739601511984,-0.031884096230160086,0.014492739601511984
PNNT,2026-07-02 16:05:17-04:00,"7.01,9.01",3.4700000286102295,2151100.0,-0.01152736643320651,0.02017289125811139,-0.028818484791540033,0.02017289125811139,-0.020172891258111503,0.02017289125811139,-0.014409208041508248,0.02017289125811139,-0.06916426730776304,0.02017289125811139
PNR,2026-07-28 06:53:55-04:00,"2.02,9.01",66.55000305175781,233109389.0953064,0.0006009509286077908,0.014274934705913456,0.0006009509286077908,0.014274934705913456,0.0006009509286077908,0.014274934705913456,0.0006009509286077908,0.014274934705913456,0.0006009509286077908,0.014274934705913456
PNR,2026-07-14 17:20:51-04:00,"2.02,5.02,9.01",57.9900016784668,147477306.51435852,0.10932919415558673,0.15312986396088712,0.13278152336730598,0.15312986396088712,0.0712191262955515,0.15312986396088712,0.08673906938624287,0.15312986396088712,0.14830133489403274,0.16399375834238872
PMN,2026-07-28 06:05:27-04:00,"7.01,8.01,9.01",14.600000381469727,1685400.453710556,-0.036986297790676304,0.0,-0.036986297790676304,0.0,-0.036986297790676304,0.0,-0.036986297790676304,0.0,-0.036986297790676304,0.0
PRGS,2026-07-22 16:21:29-04:00,"1.01,2.02,7.01,9.01",38.16999816894531,21160654.872894287,-0.032748233166460694,0.0023578767855723104,-0.008383539695439812,0.0023578767855723104,0.057636910360906235,0.08147762010850257,0.11894160684610777,0.13282692566766707,0.11894160684610777,0.13282692566766707
PROF,2026-07-24 11:58:37-04:00,"7.01,9.01",7.139999866485596,387421.50259017944,0.026610652769378795,0.08963590410230227,0.015406181452570333,0.08963590410230227,0.014005589146010688,0.08963590410230227,0.014005589146010688,0.08963590410230227,0.014005589146010688,0.08963590410230227
PROF,2026-07-16 16:45:18-04:00,"7.01,9.01",6.699999809265137,493281.99820518494,0.022388074572778693,0.04029850576311089,0.016417930842668182,0.04029850576311089,0.04328357762816637,0.05223886439305958,0.08358215456100448,0.11029855842870906,0.080597011526222,0.161194094222171
PROF,2026-07-15 08:00:32-04:00,"7.01,9.01",6.96999979019165,493281.99820518494,-0.027259624978851926,0.03299856900959286,-0.017216626853841288,0.03299856900959286,-0.0086083134269207,0.03299856900959286,-0.017216626853841288,0.03299856900959286,0.03873744462753992,0.11621240229541341
PRGO,2026-07-06 16:48:51-04:00,"5.02,9.01",11.1899995803833,34231083.88128281,0.0,0.0357462544418512,-0.059874812130840005,0.0357462544418512,-0.08668448165583098,0.0357462544418512,-0.1152815022544299,0.0357462544418512,-0.06434310458927017,0.0357462544418512
PRGO,2026-07-06 16:45:07-04:00,5.02,11.1899995803833,34231083.88128281,0.0,0.0357462544418512,-0.059874812130840005,0.0357462544418512,-0.08668448165583098,0.0357462544418512,-0.1152815022544299,0.0357462544418512,-0.06434310458927017,0.0357462544418512
POWL,2026-07-06 16:13:58-04:00,5.02,237.47000122070312,223617858.86993408,-0.014401811392449448,0.002231855714711184,-0.023666126619354855,0.006653479693994102,-0.022234382246832385,0.027498205018443356,-0.013559612600121507,0.027498205018443356,0.02914051515296001,0.045732094809981305
PSEC,2026-07-07 17:13:05-04:00,5.07,2.190000057220459,13673335.067403316,0.013698616715036138,0.018264822286715,0.0091324111433575,0.022831027858393638,0.0273972334300725,0.03652964457343,0.03652964457343,0.054794466860145,-0.0273972334300725,0.06849308357518114
POOL,2026-07-23 09:29:29-04:00,"2.02,7.01,9.01",183.3300018310547,152514413.51242065,0.0024000569301894092,0.016854831762551203,0.0069819383980394,0.03158235546993837,0.055200976469271135,0.07456498135827605,0.055200976469271135,0.07456498135827605,0.055200976469271135,0.07456498135827605
PRMB,2026-07-16 16:30:28-04:00,5.02,25.290000915527344,58542368.63632202,-0.018584468315086422,0.011862365606968295,-0.03875055018219742,0.011862365606968295,-0.06168451232966221,0.011862365606968295,-0.10241202288757945,0.011862365606968295,-0.08975881279505826,0.011862365606968295
PRMB,2026-07-07 16:30:20-04:00,5.02,24.15999984741211,78534849.67861176,-0.020695364369116787,0.01241718704285022,-0.02152319789105339,0.01241718704285022,-0.01531452542307854,0.01241718704285022,0.031870880075611785,0.033112551411967006,-0.017798025988888466,0.05918875472712215
PRAX,2026-07-07 17:05:03-04:00,8.01,323.4700012207031,198981418.13354492,0.02943082504635841,0.04096206742510122,0.029832732123743932,0.05209140272645829,-0.02754506949171487,0.0607165550336739,-0.015611920035586757,0.0607165550336739,-0.03515007597081554,0.0607165550336739
PRAX,2026-07-02 16:30:20-04:00,"4.01,9.01",319.0400085449219,200644883.8317871,-0.01736462009949391,0.01814812522652165,0.01538993082561313,0.026861762089734675,0.04413235392163406,0.06670009468828297,-0.014042160438625162,0.0754450105377662,-0.04579367940646062,0.0754450105377662
PRME,2026-07-08 08:02:02-04:00,8.01,4.579999923706055,17124681.040930748,-0.07641919442421186,0.03275111307121037,-0.1746724815813836,0.03275111307121037,-0.24235805973499513,0.03275111307121037,-0.29694321348270625,0.03275111307121037,-0.35152836723041725,0.03275111307121037
PSNL,2026-07-20 17:26:43-04:00,"1.01,9.01",13.300000190734863,80016755.35283089,0.010526269747421768,0.03383457163997772,-0.06240600840624455,0.03383457163997772,-0.11428574706506733,0.03383457163997772,-0.106766921498479,0.03383457163997772,-0.1180451598483615,0.03383457163997772
PSNL,2026-07-20 09:18:31-04:00,"2.02,7.01,9.01",13.300000190734863,80016755.35283089,0.010526269747421768,0.03383457163997772,-0.06240600840624455,0.03383457163997772,-0.11428574706506733,0.03383457163997772,-0.106766921498479,0.03383457163997772,-0.1180451598483615,0.03383457163997772
PRVA,2026-07-07 16:09:10-04:00,5.02,27.139999389648438,26172639.548301697,0.002579207678645723,0.011238036552503106,0.02321300966408746,0.02468681250411131,0.027634488462297435,0.030213696140943158,0.0353721817763728,0.0467944173295769,-0.0652173393596368,0.061901265400048366
PSTL,2026-07-07 17:13:02-04:00,"1.01,2.03,8.01,9.01",24.670000076293945,10051823.891830444,-0.019456811542435837,0.004053521733298204,-0.01824080914259385,0.004053521733298204,-0.03323873904695196,0.004053521733298204,-0.030806656932771515,0.004053521733298204,-0.027158495104252833,0.004053521733298204
PSBD,2026-07-15 16:52:32-04:00,"1.01,9.01",10.210000038146973,1961513.9846801758,-0.017629804554677553,0.0009794543432393166,-0.037218424389926286,0.001762943093104763,-0.042115602700215304,0.001762943093104763,-0.07443684877985268,0.001762943093104763,-0.04603332666726512,0.0029382696238104966
PSBD,2026-07-14 16:15:16-04:00,8.01,10.109999656677246,2340634.9894046783,0.01384770999772389,0.02967361037808991,-0.00791295019018301,0.02967361037808991,-0.04055389330713988,0.02967361037808991,-0.044510368402231326,0.02967361037808991,-0.036597418212048316,0.02967361037808991
PSMT,2026-07-08 16:06:35-04:00,"2.02,9.01",189.86000061035156,73687351.4968872,-0.008427294313557376,0.037554012745661725,0.03391974307754819,0.04798272717299712,0.02475506653920201,0.04798272717299712,-0.00426628861260836,0.04798272717299712,-0.01680186680265039,0.04798272717299712
PUSA,2026-07-20 16:00:33-04:00,"1.01,9.01",3.549999952316284,761506.9961667061,-0.03943658263833194,0.06760563739730463,-0.050704244838019386,0.06760563739730463,-0.09295772623623222,0.06760563739730463,-0.1943662159122711,0.06760563739730463,-0.21549292303129552,0.06760563739730463
PVLA,2026-07-14 16:48:25-04:00,"8.01,9.01",146.77000427246094,33650772.524261475,0.03542956187825008,0.05385977072414727,0.006813381282892328,0.05385977072414727,-0.1541187033325332,0.07705932567527962,-0.031273499101075686,0.07705932567527962,-0.02841178747398687,0.07705932567527962
PYXS,2026-07-02 16:20:52-04:00,"1.01,3.02,7.01",2.6500000953674316,1822590.0793075562,-0.0716981322199216,0.015094324684347349,0.15849049915491853,0.20754714434831922,-0.003773581171086837,0.20754714434831922,-0.07924529456209528,0.20754714434831922,-0.1509434267820169,0.20754714434831922
PSIX,2026-07-27 16:08:11-04:00,"5.02,5.07,7.01,9.01",29.299999237060547,11943664.175701141,-0.04778155819060437,0.0,-0.13174057349873758,0.0,-0.13174057349873758,0.0,-0.13174057349873758,0.0,-0.13174057349873758,0.0
PVH,2026-07-14 16:23:20-04:00,"5.02,8.01,9.01",75.75,68380487.70523071,0.03854783061313949,0.061254117355094895,0.05386141031095293,0.06917488929068694,0.01980198019801982,0.06917488929068694,0.05716174034395638,0.07590759075907583,0.16620457211736794,0.177161691999278
PYPL,2026-07-28 07:02:42-04:00,"2.02,9.01",58.099998474121094,1006744037.9575729,0.004302926102680571,0.023580082316047912,0.004302926102680571,0.023580082316047912,0.004302926102680571,0.023580082316047912,0.004302926102680571,0.023580082316047912,0.004302926102680571,0.023580082316047912
QRVO,2026-07-28 16:07:09-04:00,"2.02,9.01",86.40499877929688,95066933.19244385,0.035819700994483394,0.06926683287895141,0.035819700994483394,0.06926683287895141,0.035819700994483394,0.06926683287895141,0.035819700994483394,0.06926683287895141,0.035819700994483394,0.06926683287895141
QCRH,2026-07-22 16:05:52-04:00,"2.02,9.01",93.94000244140625,7837230.002975464,0.03715134951104959,0.05684475408888101,0.06610601365851632,0.07962524518992442,0.09942512343148291,0.10006380298262707,0.09580583102085427,0.11017668943086045,0.09580583102085427,0.11017668943086045
QCRH,2026-07-22 16:05:44-04:00,"7.01,9.01",93.94000244140625,7837230.002975464,0.03715134951104959,0.05684475408888101,0.06610601365851632,0.07962524518992442,0.09942512343148291,0.10006380298262707,0.09580583102085427,0.11017668943086045,0.09580583102085427,0.11017668943086045
QCLS,2026-07-02 17:00:37-04:00,"1.02,8.01",3.799999952316284,972889.0262365341,0.013157882353605599,0.0447368627439908,-0.03421049411937427,0.050000015685433,-0.02105261176576878,0.050000015685433,-0.09736839215841286,0.050000015685433,-0.09210523921697067,0.050000015685433
R,2026-07-23 06:55:24-04:00,"2.02,7.01,9.01",270.4700012207031,91966909.27124023,-0.010315408482751587,0.0024772190065827093,-0.006618140780282777,0.0036972677024686984,-0.045217624620589425,0.0036972677024686984,-0.045217624620589425,0.0036972677024686984,-0.045217624620589425,0.0036972677024686984
QUBT,2026-07-22 17:00:36-04:00,"5.02,8.01,9.01",7.760000228881836,71709542.49434471,0.01288658526843589,0.04123707285899503,-0.04252582355796708,0.04123707285899503,-0.005154695555459998,0.05283503032463033,-0.05927835368289103,0.05283503032463033,-0.05927835368289103,0.05283503032463033
QTTB,2026-07-15 17:18:59-04:00,"1.01,9.01",15.989999771118164,4740207.503604889,-0.04878047180338685,0.0,-0.05878671631260235,0.0,-0.03627266616686731,0.0006254051923064718,-0.03814882210186488,0.0006254051923064718,-0.0844277327779478,0.038774286936093194
QTTB,2026-07-13 08:39:54-04:00,"8.01,9.01",21.25,4740207.503604889,-0.13129416073069855,0.1091764562270221,-0.2611764795639936,0.1091764562270221,-0.2917646969065947,0.1091764562270221,-0.27482353659237135,0.1091764562270221,-0.26070588055778954,0.1091764562270221
QTTB,2026-07-13 07:09:59-04:00,"7.01,8.01,9.01",21.25,4740207.503604889,-0.13129416073069855,0.1091764562270221,-0.2611764795639936,0.1091764562270221,-0.2917646969065947,0.1091764562270221,-0.27482353659237135,0.1091764562270221,-0.26070588055778954,0.1091764562270221
RAMP,2026-07-20 16:30:22-04:00,5.02,37.79999923706055,37627105.832862854,0.0031745749816607383,0.004232800281520621,-0.0037036876315906797,0.004232800281520621,-0.0034391817655852197,0.004232800281520621,-0.001322731165865343,0.005026519715375155,-0.001587237031870803,0.005026519715375155
QBTS,2026-07-27 07:01:47-04:00,"7.01,9.01",18.649999618530273,287967791.2305832,-0.054423560879859445,0.012868620698506916,-0.1324396441756679,0.012868620698506916,-0.1324396441756679,0.012868620698506916,-0.1324396441756679,0.012868620698506916,-0.1324396441756679,0.012868620698506916
QBTS,2026-07-24 07:00:52-04:00,"7.01,9.01",17.860000610351562,287967791.2305832,0.09238519384898236,0.09406496348057569,-0.012598005250868627,0.09406496348057569,-0.0940649634805758,0.09406496348057569,-0.0940649634805758,0.09406496348057569,-0.0940649634805758,0.09406496348057569
QBTS,2026-07-14 07:00:54-04:00,"3.01,7.01,9.01",19.03499984741211,369136726.1396408,-0.04018909355297118,0.01759921168934686,-0.11111109997753466,0.01759921168934686,-0.12161810100420634,0.01759921168934686,-0.08852111791172224,0.01759921168934686,-0.14998684345271884,0.02653013250136116
QBTS,2026-07-07 07:02:12-04:00,"7.01,9.01",20.520000457763672,511674137.18805313,0.005847901033519065,0.04727092064890748,0.0311890533806638,0.04727092064890748,-0.09064330257594311,0.05458084341616165,-0.1096491203609462,0.05458084341616165,-0.15448343107100593,0.05458084341616165
RBB,2026-07-20 16:29:56-04:00,"2.02,7.01,8.01,9.01",26.559999465942383,5168398.044204712,0.0026355307316168197,0.0064006054108523,-0.004141517515615201,0.00997745867189792,-0.010542122926467501,0.00997745867189792,0.0,0.013177725470910895,-0.007530077545644387,0.020143066949159127
RC,2026-07-23 16:12:26-04:00,5.07,1.4900000095367432,1942748.4458327293,-0.013422805905036084,0.026845611810072167,-0.013422805905036084,0.026845611810072167,-0.03355701476259032,0.026845611810072167,-0.03355701476259032,0.026845611810072167,-0.03355701476259032,0.026845611810072167
RAIL,2026-07-02 16:30:17-04:00,8.01,9.079999923706055,2343706.0579299927,-0.05616742656025009,0.0044052821794189345,-0.11013215951568467,0.0044052821794189345,-0.09251103079800904,0.0044052821794189345,-0.13656385259219816,0.0044052821794189345,-0.17841408581178375,0.0044052821794189345
RBBN,2026-07-28 16:09:55-04:00,"2.02,9.01",2.2699999809265137,1499536.5076303482,-0.035242257435351254,0.026431693076513385,-0.035242257435351254,0.026431693076513385,-0.035242257435351254,0.026431693076513385,-0.035242257435351254,0.026431693076513385,-0.035242257435351254,0.026431693076513385
RCAT,2026-07-22 09:00:29-04:00,"5.02,8.01,9.01",7.755000114440918,58309045.55196762,0.03546094319433801,0.046421618486745864,-0.014829174243489063,0.046421618486745864,-0.03932950363312404,0.046421618486745864,-0.12701484448468203,0.046421618486745864,-0.12701484448468203,0.046421618486745864
RCKY,2026-07-28 16:13:17-04:00,"2.02,9.01",49.5,1997533.5216522217,-0.008080838906644572,0.024848475600733888,-0.008080838906644572,0.024848475600733888,-0.008080838906644572,0.024848475600733888,-0.008080838906644572,0.024848475600733888,-0.008080838906644572,0.024848475600733888
QS,2026-07-22 16:18:31-04:00,"2.02,9.01",5.519999980926514,160161243.7425375,-0.07336960347966737,0.039855034592721994,-0.11503618736210486,0.039855034592721994,-0.06340578004382924,0.039855034592721994,-0.10144926534683552,0.039855034592721994,-0.10144926534683552,0.039855034592721994
QS,2026-07-22 16:02:55-04:00,"1.01,1.02",5.519999980926514,160161243.7425375,-0.07336960347966737,0.039855034592721994,-0.11503618736210486,0.039855034592721994,-0.06340578004382924,0.039855034592721994,-0.10144926534683552,0.039855034592721994,-0.10144926534683552,0.039855034592721994
QXO,2026-07-23 17:07:12-04:00,"8.01,9.01",13.65999984741211,364545452.32219696,0.0007320811854716336,0.028550537897453987,0.034407047751018105,0.038799395233638956,-0.019033691931635954,0.10248906206758268,-0.019033691931635954,0.10248906206758268,-0.019033691931635954,0.10248906206758268
QXO,2026-07-09 06:03:01-04:00,"7.01,9.01",14.520000457763672,535600823.4462738,0.03236909769539231,0.0365013578692972,-0.04338843626578981,0.0365013578692972,0.05509636445175148,0.05922862462565659,-0.00826452034781,0.07988979413508712,-0.05853996933004513,0.07988979413508712
QXO,2026-07-01 16:05:39-04:00,"1.01,2.01,2.03,3.03,5.02,5.03,7.01,8.01,9.01",16.510000228881836,474161759.91973877,-0.018170874636595835,0.022410595200205163,-0.04239853419508677,0.022410595200205163,-0.1120533225816327,0.022410595200205163,-0.09206544135018557,0.022410595200205163,-0.12780136772260153,0.022410595200205163
RCL,2026-07-28 06:32:13-04:00,"2.02,9.01",316.5899963378906,681259698.3184814,0.0220789990689243,0.038788334822148496,0.0220789990689243,0.038788334822148496,0.0220789990689243,0.038788334822148496,0.0220789990689243,0.038788334822148496,0.0220789990689243,0.038788334822148496
RCL,2026-07-20 16:30:21-04:00,"5.02,7.01,9.01",287.3900146484375,641453639.112854,0.0017745197190330853,0.006506820076804143,-0.005358601435076826,0.007237504666994354,0.021399469651051106,0.045060652873742946,0.12216842465634148,0.12940592932333583,0.12592633730889746,0.14433340879811785
RDW,2026-07-14 16:07:16-04:00,5.02,9.90999984741211,168333244.64087486,-0.05549951556038524,0.0393542229392263,-0.14732593951837814,0.0393542229392263,-0.13218965551089035,0.0393542229392263,-0.09283552880519907,0.0393542229392263,-0.21493437642786506,0.0393542229392263
RDW,2026-07-01 16:21:36-04:00,"1.01,2.03,9.01",11.920000076293945,338039121.3775158,-0.051174467514508715,0.06963086563705034,-0.046979900673860486,0.06963086563705034,-0.11241611946402863,0.06963086563705034,-0.14597313422661895,0.06963086563705034,-0.29110740308884864,0.06963086563705034
RELL,2026-07-22 16:25:43-04:00,"2.02,9.01",21.18000030517578,2050368.0877685547,0.030217156771807918,0.09301224197211555,-0.15203027263017788,0.09301224197211555,-0.11425873661118724,0.09301224197211555,-0.21199243184245553,0.09301224197211555,-0.21199243184245553,0.09301224197211555
RGA,2026-07-09 17:07:31-04:00,"5.02,9.01",230.39999389648438,75354303.44924927,0.0032986535840207054,0.005729198607582475,0.03302951741296756,0.03559033170250614,0.016623272276541146,0.036935807252878705,0.04943576254939397,0.06032990244573755,0.03697918618994778,0.06336808372518976
RGA,2026-07-01 17:18:22-04:00,"5.02,7.01,9.01",217.66000366210938,71642474.0524292,0.01534501645546027,0.0164935967908173,0.029495534599510487,0.03519251830024128,0.045759401302500224,0.06932829221723247,0.0620233381092703,0.06932829221723247,0.11086092629807309,0.12239271773147542
REFI,2026-07-13 16:30:15-04:00,"1.01,3.02,7.01,9.01",10.779999732971191,1631641.4331912994,-0.0027829066525332236,0.014842286769520152,-0.005565813305066336,0.014842286769520152,-0.014842286769520152,0.014842286769520152,-0.03710571692380049,0.014842286769520152,-0.06400738381030757,0.014842286769520152
REXR,2026-07-23 17:06:48-04:00,"2.02,7.01,9.01",36.540000915527344,89505413.08670044,0.06732345437428,0.08565947386410455,0.05938692158114289,0.08565947386410455,0.05883956369218413,0.08565947386410455,0.05883956369218413,0.08565947386410455,0.05883956369218413,0.08565947386410455
REZI,2026-07-13 07:14:35-04:00,"7.01,9.01",35.90999984741211,45018439.23282623,0.02645504781331587,0.04149266735722845,-0.011695855492340756,0.04149266735722845,-0.0022277364716610792,0.06209968119498721,-0.03564463338167123,0.06209968119498721,0.02060712006714538,0.06209968119498721
REZI,2026-07-01 16:12:10-04:00,"1.01,2.03,7.01,9.01",31.1299991607666,31364111.09189987,-0.015097954578387363,0.028911006835636188,0.030838452222998747,0.03180211364624341,0.020237747674250794,0.06167684317556099,0.09026660911330353,0.0934790180922409,0.15097985213605591,0.2251847227068544
RFL,2026-07-08 16:45:51-04:00,"7.01,9.01",2.4100000858306885,1040243.9954638481,-0.05809132776686976,0.04979248186114482,-0.07468882172058466,0.04979248186114482,-0.004149373488428698,0.07468872279171723,-0.024896339859439842,0.07468872279171723,-0.13278014948745454,0.07468872279171723
RES,2026-07-07 16:27:42-04:00,"1.01,2.03,9.01",5.550000190734863,8935387.830495834,0.014414400172383157,0.03603600043095767,0.0036036000430956783,0.03603600043095767,0.04144144345390233,0.05045040060334083,0.061261200732628085,0.06666664375557274,0.07747744388486,0.09549544410033883
RGLD,2026-07-21 09:05:12-04:00,"2.02,9.01",197.55999755859375,112689894.59762573,0.018728472332283808,0.032952064416250204,0.010528456452515211,0.032952064416250204,0.01751370093452742,0.032952064416250204,-0.010528456452515322,0.032952064416250204,-0.010528456452515322,0.032952064416250204
RGP,2026-07-22 17:16:43-04:00,"2.02,9.01",3.880000114440918,2570126.9822359085,-0.03092786609233189,0.028350487590559137,-0.028350549038644646,0.028350487590559137,0.020618536429497514,0.03092780464424627,0.04896908546814216,0.05412371957551665,0.04896908546814216,0.05412371957551665
RGP,2026-07-16 16:02:46-04:00,"1.01,1.02,2.03,5.02,9.01",4.679999828338623,1797978.5043478012,-0.008547000709448138,0.014957302185677035,-0.0555555046114129,0.014957302185677035,-0.01495720029739156,0.014957302185677035,-0.19444441897237308,0.014957302185677035,-0.13034181176322668,0.014957302185677035
RIGL,2026-07-01 16:11:51-04:00,5.02,39.18000030517578,10864986.518669128,-0.011740660563800187,0.029351748772880715,0.027565033382982218,0.029351748772880715,0.09571209726368002,0.09903014389723408,0.08601324414588074,0.12276675180769714,0.034711602852435464,0.12276675180769714
RGNX,2026-07-20 07:34:30-04:00,"8.01,9.01",10.1899995803833,29383402.123260498,0.01472037079308186,0.029440647996923586,0.0009813767707200771,0.030422024767643663,-0.04514230197148539,0.030422024767643663,-0.05789982563388696,0.03140340153836374,-0.05593716568168672,0.03140340153836374
RICK,2026-07-09 10:33:44-04:00,"2.02,9.01",26.440000534057617,1197481.9833755493,0.010589968745885914,0.02496217224209052,0.0022692687114396204,0.02874433485365757,-0.0018911173751593457,0.02874433485365757,-0.009833593934573726,0.02874433485365757,-0.013993980021172692,0.02874433485365757
RHI,2026-07-23 16:01:20-04:00,"2.02,9.01",36.79999923706055,86321782.87010193,-0.041032563935830546,0.043750017492667936,0.07989137234669919,0.08423919437738481,0.09048918206772982,0.1250000647876588,0.09048918206772982,0.1250000647876588,0.09048918206772982,0.1250000647876588
RJF,2026-07-22 16:15:23-04:00,"2.02,9.01",169.35000610351562,209427348.88839722,-0.01895486624255016,0.0,-0.00029526454062978047,0.00029517443854243375,0.04623552577541412,0.05273098526092035,0.028402700828092264,0.05273098526092035,0.028402700828092264,0.05273098526092035
RH,2026-07-23 15:17:27-04:00,"7.01,9.01",167.38999938964844,120170987.42675781,0.04253536736453212,0.06153296546576592,0.07276425102444639,0.10717487607874188,0.052273134786456676,0.10717487607874188,0.052273134786456676,0.10717487607874188,0.052273134786456676,0.10717487607874188
RH,2026-07-08 17:21:33-04:00,"7.01,9.01",159.0,147923065.7737732,0.058679256799086144,0.074905683409493,0.03993714530512982,0.074905683409493,0.09779876133181009,0.09817610446761993,0.19000004222557987,0.21666664747322129,0.044528313402859565,0.21666664747322129
RITM,2026-07-28 06:45:21-04:00,"2.02,9.01",9.789999961853027,52460443.99814606,0.020428989790034713,0.02962205954882724,0.020428989790034713,0.02962205954882724,0.020428989790034713,0.02962205954882724,0.020428989790034713,0.02962205954882724,0.020428989790034713,0.02962205954882724
RILY,2026-07-02 16:30:42-04:00,5.02,7.940000057220459,10099846.376800537,-0.04030228833189686,0.02518895272808197,-0.06045340247031672,0.02518895272808197,-0.07682621273531143,0.02518895272808197,-0.09697732687373128,0.02518895272808197,-0.13602014054444833,0.02518895272808197
RGEN,2026-07-28 07:13:43-04:00,"2.02,9.01",144.24000549316406,185177202.78701782,-0.020868064690746646,0.038061494906384885,-0.020868064690746646,0.038061494906384885,-0.020868064690746646,0.038061494906384885,-0.020868064690746646,0.038061494906384885,-0.020868064690746646,0.038061494906384885
RGEN,2026-07-22 08:56:58-04:00,"1.01,2.02,7.01,8.01,9.01",144.22999572753906,126565961.21139526,-0.0459681745851811,0.028704149707313276,-0.08507238006753304,0.028704149707313276,0.007696045505322102,0.06773905957064019,-0.020800111550077438,0.06773905957064019,-0.020800111550077438,0.06773905957064019
RMD,2026-07-07 17:24:32-04:00,"2.02,7.01,9.01",212.52999877929688,310097037.67089844,-0.03147792066922994,0.009269285428025187,-0.019197298520156614,0.009269285428025187,-0.06601420439411199,0.009269285428025187,-0.06568480466409343,0.009269285428025187,-0.09231635641969771,0.009269285428025187
RMBS,2026-07-27 16:06:16-04:00,"2.02,9.01",91.12000274658203,268260172.6070404,-0.036984225691415906,0.015144833316740991,-0.09119847385320667,0.015144833316740991,-0.09119847385320667,0.015144833316740991,-0.09119847385320667,0.015144833316740991,-0.09119847385320667,0.015144833316740991
RLMD,2026-07-28 08:35:34-04:00,"7.01,9.01",5.230000019073486,8236258.372783661,-0.017208442114658773,0.02294452870391006,-0.017208442114658773,0.02294452870391006,-0.017208442114658773,0.02294452870391006,-0.017208442114658773,0.02294452870391006,-0.017208442114658773,0.02294452870391006
RLI,2026-07-28 06:56:25-04:00,"7.01,9.01",63.90999984741211,60534101.65119171,0.027225812589909637,0.030198662104310214,0.027225812589909637,0.030198662104310214,0.027225812589909637,0.030198662104310214,0.027225812589909637,0.030198662104310214,0.027225812589909637,0.030198662104310214
RLI,2026-07-22 16:16:00-04:00,"2.02,9.01",57.0,45215165.06690979,0.07298245346337029,0.0898245426646449,0.08631575734991781,0.09175437793397068,0.14210523638808947,0.1738597133703399,0.15175441273471768,0.1738597133703399,0.15175441273471768,0.1738597133703399
RLI,2026-07-15 16:10:26-04:00,"5.02,9.01",58.349998474121094,50182326.2386322,0.021079749598950093,0.024335938659404865,0.055184255439719276,0.05552702250547226,0.03170526713276356,0.06358188511033736,0.04815769403211356,0.06461012093146334,0.12510716782615594,0.14670103533566925
ROCK,2026-07-16 07:44:44-04:00,"8.01,9.01",44.34000015258789,12021068.758583069,-0.02616147594542595,0.03157423367300538,-0.016914749603496038,0.03157423367300538,0.002706335847357133,0.03157423367300538,0.019170015137482732,0.03157423367300538,-0.027965757198907593,0.07194403734170485
RMBI,2026-07-27 17:06:37-04:00,"2.02,9.01",15.5,880014.009475708,-0.0019354666433026857,0.028387069702148438,0.0,0.028387069702148438,0.0,0.028387069702148438,0.0,0.028387069702148438,0.0,0.028387069702148438
RMBI,2026-07-17 14:35:42-04:00,5.02,15.279999732971191,548668.0018901825,0.009162326293806311,0.04842936765212813,0.004253961727326505,0.04842936765212813,0.00523559719267741,0.04842936765212813,0.007853395789016115,0.049738298156918326,0.0143979234864835,0.049738298156918326
RNR,2026-07-22 16:32:32-04:00,"2.02,9.01",323.6700134277344,111356115.2633667,-0.019340715870865388,0.0025952244664091406,0.016776322953975464,0.018321106156796496,0.03265664525021128,0.03772357941278437,0.02762063692324146,0.03800162907496207,0.02762063692324146,0.03800162907496207
RNST,2026-07-28 16:37:35-04:00,"2.02,7.01,9.01",42.83000183105469,22730990.551757812,0.023348119478130203,0.023348119478130203,0.023348119478130203,0.023348119478130203,0.023348119478130203,0.023348119478130203,0.023348119478130203,0.023348119478130203,0.023348119478130203,0.023348119478130203
ROP,2026-07-23 07:00:56-04:00,"2.02,9.01",362.4700012207031,283095848.1338501,0.013435581153713905,0.02430545294486164,0.034623521258873025,0.05059728053666879,0.1258035311886414,0.13184541723170962,0.1258035311886414,0.13184541723170962,0.1258035311886414,0.13184541723170962
ROG,2026-07-28 16:07:09-04:00,"2.02,7.01,9.01",120.06999969482422,29681075.67138672,-0.027317388087228167,0.08370113640298871,-0.027317388087228167,0.08370113640298871,-0.027317388087228167,0.08370113640298871,-0.027317388087228167,0.08370113640298871,-0.027317388087228167,0.08370113640298871
RS,2026-07-22 16:10:15-04:00,"2.02,9.01",398.760009765625,96286495.34454346,-0.008501390724787061,0.038118119463351086,0.02274545236361991,0.038118119463351086,0.03904598361252942,0.046895328597379216,0.012187745091136293,0.046895328597379216,0.012187745091136293,0.046895328597379216
ROL,2026-07-22 16:06:26-04:00,"2.02,9.01",37.33000183105469,220014643.1991577,0.0565228152198749,0.06589871320140661,0.032949356600703306,0.06589871320140661,0.04500392199501402,0.07554244726766313,0.03803905971855648,0.07554244726766313,0.03803905971855648,0.07554244726766313
RPM,2026-07-22 06:52:14-04:00,"2.02,5.02,8.01,9.01",106.9800033569336,102032997.42393494,-0.020658129038317652,0.0,0.00018691944698945306,0.011403940484448816,0.04477466008438258,0.06842399948709477,0.012993076706221185,0.06842399948709477,0.012993076706221185,0.06842399948709477
RRC,2026-07-22 11:00:17-04:00,"2.02,9.01",39.29999923706055,101506805.59768677,-0.010941483804668417,0.00788807580939288,-0.008396896253530461,0.020101804856585304,-0.02646312813529539,0.020101804856585304,0.015521644330626971,0.020101804856585304,0.015521644330626971,0.020101804856585304
RRC,2026-07-10 07:00:14-04:00,2.02,35.84000015258789,108941328.27129364,0.011160756812943928,0.018973222719885552,0.0172990772668844,0.018973222719885552,0.01088167935234452,0.029017882564162045,0.02315842669709056,0.03487723199436821,0.056919668159656656,0.11858258878085182
RWT,2026-07-28 07:00:24-04:00,"2.02,7.01,9.01",4.610000133514404,7658406.660199165,0.015184315140324145,0.021691952654312452,0.015184315140324145,0.021691952654312452,0.015184315140324145,0.021691952654312452,0.015184315140324145,0.021691952654312452,0.015184315140324145,0.021691952654312452
RWT,2026-07-07 09:31:50-04:00,"2.02,7.01,9.01",4.71999979019165,14769574.931049347,0.006355976936840424,0.02966109100548686,0.0762712181179539,0.08686447933774599,0.0741526264888912,0.09533904790364889,0.07203393383500245,0.10169492381566325,0.0762712181179539,0.1165254693184068
RRGB,2026-07-24 16:30:43-04:00,5.02,7.320000171661377,805813.5048627853,0.0013660863128652778,0.04234971796581011,0.027322377674172005,0.04234971796581011,0.02459013990675496,0.05874314457031349,0.02459013990675496,0.05874314457031349,0.02459013990675496,0.05874314457031349
RRGB,2026-07-23 16:30:03-04:00,5.02,7.130000114440918,805813.5048627853,0.012622675218258328,0.06311357672403384,0.02805046368233044,0.0701262260834068,0.051893391251101706,0.0869565042928051,0.051893391251101706,0.0869565042928051,0.051893391251101706,0.0869565042928051
RWAY,2026-07-15 16:49:20-04:00,"1.01,2.03,9.01",5.650000095367432,4636622.362923622,0.021238917439571958,0.027433580593791307,-0.003539819573261993,0.027433580593791307,-0.008849591131132817,0.027433580593791307,-0.031858460555313606,0.027433580593791307,-0.019469049850918796,0.027433580593791307
RWAY,2026-07-14 08:30:16-04:00,7.01,5.769999980926514,4636622.362923622,-0.025996550409579933,0.013864804847574463,0.0,0.013864804847574463,-0.022530349197686372,0.013864804847574463,-0.04679375768094174,0.013864804847574463,-0.03986135525715451,0.013864804847574463
RPT,2026-07-28 16:15:18-04:00,"2.02,9.01",12.25,3677998.3689308167,-0.008163296446508261,0.013877557248485273,-0.008163296446508261,0.013877557248485273,-0.008163296446508261,0.013877557248485273,-0.008163296446508261,0.013877557248485273,-0.008163296446508261,0.013877557248485273
RPT,2026-07-21 06:30:25-04:00,8.01,12.210000038146973,3386883.9544296265,-0.004914039265294323,0.07780506194079528,-0.05323502182633244,0.07780506194079528,-0.027027020694107784,0.07780506194079528,-0.004914039265294323,0.07780506194079528,-0.004914039265294323,0.07780506194079528
RPT,2026-07-13 17:28:49-04:00,"2.02,7.01,8.01,9.01",13.720000267028809,592814.9882793427,-0.06997084689961663,0.0379008377528236,-0.16326535577229784,0.0379008377528236,-0.20626821199901602,0.0379008377528236,-0.1056851152364553,0.0379008377528236,-0.10204085604640978,0.0379008377528236
RXT,2026-07-09 08:13:03-04:00,"1.01,2.02,2.03,8.01,9.01",4.440000057220459,78437070.59073448,0.2027027215695245,0.2331080707372879,0.018018000602490147,0.2331080707372879,0.0022521963774337905,0.2331080707372879,-0.06531530588190437,0.2331080707372879,-0.1126126111613186,0.2331080707372879
RTB,2026-07-27 17:30:53-04:00,9.01,17.5,1444969.965171814,0.07314289637974336,0.08571428571428563,-0.035999952043805794,0.1428571428571428,-0.035999952043805794,0.1428571428571428,-0.035999952043805794,0.1428571428571428,-0.035999952043805794,0.1428571428571428
RTB,2026-07-17 14:03:29-04:00,"8.01,9.01",16.31999969482422,2482675.9724617004,-0.08700981022348231,0.05514703648038077,-0.017769547402055497,0.05514703648038077,-0.062499970782036285,0.05514703648038077,0.035539211675965854,0.0674019854190675,0.03370105114546096,0.2254902189944814
RTB,2026-07-13 14:37:52-04:00,"8.01,9.01",15.15999984741211,2064034.4950675964,0.005936685586659385,0.10290234047783864,0.1312664769886438,0.15435357362403535,0.07585749538952569,0.26517153682227157,0.05738791873285609,0.26517153682227157,0.2387863374452046,0.26517153682227157
SABS,2026-07-07 08:15:15-04:00,"7.01,9.01",3.869999885559082,1881917.9957032204,-0.025839769403022017,0.007751992427776466,0.023255854069589743,0.0387597157114028,-0.03617567716423087,0.0387597157114028,-0.06459948511442493,0.0387597157114028,-0.07493539287563367,0.0387597157114028
SAFT,2026-07-24 08:00:31-04:00,"1.01,9.01",103.1500015258789,8214882.016372681,-0.0014542076942313242,0.00339310197715581,-0.0011633809482002322,0.00339310197715581,-0.00048476055276902574,0.00339310197715581,-0.00048476055276902574,0.00339310197715581,-0.00048476055276902574,0.00339310197715581
SAFT,2026-07-23 17:07:20-04:00,"7.01,9.01",103.01000213623047,7732968.548965454,0.001844430716159584,0.003980157501332959,-9.709868967133772e-05,0.004756798889504976,0.0008736660132440122,0.004756798889504976,0.0008736660132440122,0.004756798889504976,0.0008736660132440122,0.004756798889504976
SANM,2026-07-27 16:03:48-04:00,"2.02,9.01",184.16000366210938,145264985.43014526,-0.06369467176950083,0.0031494451537852353,-0.11028451973674946,0.0031494451537852353,-0.11028451973674946,0.0031494451537852353,-0.11028451973674946,0.0031494451537852353,-0.11028451973674946,0.0031494451537852353
SAR,2026-07-07 16:05:37-04:00,"2.02,9.01",19.510000228881836,1768926.533317566,-0.0784213566733103,0.009226053463049944,-0.10558684991160794,0.009226053463049944,-0.023577703045862708,0.009226053463049944,0.00512559611976271,0.01793953753786215,-0.0071757759100991025,0.027678062626535382
RYN,2026-07-17 08:52:46-04:00,"5.02,8.01,9.01",21.75,45144434.537792206,-0.022528725108881154,0.0036781574117725757,-0.02298850574712641,0.0036781574117725757,-0.020229909611844454,0.0036781574117725757,-0.0032183767735273205,0.008275876100035884,0.0197701289735992,0.025747101882408474
RYAM,2026-07-22 16:30:20-04:00,"5.02,9.01",9.0,6236750.144958496,-0.06222226884629989,0.014444457160101898,-0.06888887617323136,0.014444457160101898,-0.026666641235351562,0.014444457160101898,-0.07444445292154944,0.014444457160101898,-0.07444445292154944,0.014444457160101898
RXST,2026-07-15 16:23:33-04:00,"5.02,7.01,9.01",5.059999942779541,5254571.914958954,0.10079056020733557,0.17193673822082634,0.09683799476214161,0.17193673822082634,0.03754941884763907,0.17193673822082634,0.06126481151880281,0.17193673822082634,0.2114624869093591,0.23023714921488203
RXST,2026-07-06 16:15:17-04:00,"1.01,7.01,9.01",5.5,7626089.181351662,0.021818161010742188,0.043636322021484375,-0.02909088134765625,0.07272729006680567,-0.10000003467906604,0.07272729006680567,-0.10545453158291906,0.07272729006680567,-0.045454545454545414,0.0781817869706587
RXST,2026-07-06 16:15:17-04:00,"2.02,9.01",5.5,7626089.181351662,0.021818161010742188,0.043636322021484375,-0.02909088134765625,0.07272729006680567,-0.10000003467906604,0.07272729006680567,-0.10545453158291906,0.07272729006680567,-0.045454545454545414,0.0781817869706587
SATL,2026-07-28 16:34:57-04:00,5.02,3.5,17227136.515295506,-0.054285730634416884,0.011428560529436416,-0.054285730634416884,0.011428560529436416,-0.054285730634416884,0.011428560529436416,-0.054285730634416884,0.011428560529436416,-0.054285730634416884,0.011428560529436416
SBSI,2026-07-23 17:51:02-04:00,"2.02,9.01",34.5,4221049.0604400635,-0.008405823638473753,0.008985547051913567,-0.059130461319633176,0.008985547051913567,-0.061449244402457026,0.008985547051913567,-0.061449244402457026,0.008985547051913567,-0.061449244402457026,0.008985547051913567
SBCF,2026-07-28 16:06:10-04:00,"2.02,7.01,9.01",32.83000183105469,32674860.906600952,0.038684025958996004,0.046603676331495425,0.038684025958996004,0.046603676331495425,0.038684025958996004,0.046603676331495425,0.038684025958996004,0.046603676331495425,0.038684025958996004,0.046603676331495425
SDST,2026-07-24 16:05:30-04:00,5.02,1.6299999952316284,305797.9974448681,-0.11656437948895193,0.0,-0.20245401465074864,0.0,-0.4036809780954027,0.0,-0.4036809780954027,0.0,-0.4036809780954027,0.0
SBRA,2026-07-21 09:05:09-04:00,"7.01,9.01",22.3700008392334,57986016.69044495,-0.017434120803119124,0.008046418912575959,-0.015198933385446534,0.008046418912575959,0.0008939897033872768,0.008046418912575959,-0.014304943682059257,0.017881073022971927,-0.014304943682059257,0.017881073022971927
SFNC,2026-07-16 16:30:53-04:00,"2.02,7.01,9.01",22.190000534057617,24124463.853263855,0.0342496715002496,0.05993690363660642,0.018927447777629558,0.05993690363660642,0.04146011961026819,0.05993690363660642,0.044614679913986155,0.05993690363660642,0.05723292112885803,0.06264080018903284
SEIC,2026-07-22 16:03:39-04:00,"2.02,7.01,9.01",102.29000091552734,81737383.14628601,-0.05435524009023407,0.0,-0.030012705712648025,0.0,0.008309692702251903,0.014273135901898604,0.005767878899305634,0.021311958995640756,0.005767878899305634,0.021311958995640756
SEVN,2026-07-28 16:30:54-04:00,"2.02,9.01",8.010000228881836,1539762.9624843597,-0.043695427149642585,0.011235973784791575,-0.043695427149642585,0.011235973784791575,-0.043695427149642585,0.011235973784791575,-0.043695427149642585,0.011235973784791575,-0.043695427149642585,0.011235973784791575
SDEV,2026-07-17 16:15:27-04:00,"5.02,9.01",1.2200000286102295,301648.0041027069,0.01639342660450316,0.04098356651125812,-0.01639342660450327,0.04098356651125812,-0.07377051743279484,0.04098356651125812,-0.08196723073504641,0.04098356651125812,-0.07377051743279484,0.04098356651125812
SDOT,2026-07-24 08:00:37-04:00,"1.01,9.01",18.510000228881836,9468122.280883789,-0.09022150489702219,0.07725555307905929,-0.19178823051529015,0.07725555307905929,-0.2290653548724616,0.07725555307905929,-0.2290653548724616,0.07725555307905929,-0.2290653548724616,0.07725555307905929
SDOT,2026-07-17 08:30:41-04:00,"1.01,2.01,2.03,3.02,3.03,5.03,8.01,9.01",32.380001068115234,24438694.2360878,-0.19271159581928987,0.09635573900450067,-0.32489191200561063,0.09635573900450067,-0.40982087770314235,0.09635573900450067,-0.4799258926161577,0.09635573900450067,-0.5592958620432098,0.09635573900450067
SDOT,2026-07-16 08:31:01-04:00,"1.01,1.02,9.01",21.940000534057617,24438694.2360878,0.15314487790404474,0.41157696260214505,0.19143111911374544,0.6180491857734052,-0.07566088454898989,0.6180491857734052,-0.20145852181875512,0.6180491857734052,-0.3495897853050528,0.6180491857734052
SDOT,2026-07-08 16:30:55-04:00,"1.01,3.02,9.01",25.25,107657735.43710709,0.05782174591970923,0.4138614163540377,-0.07049507669883204,0.4138614163540377,-0.35089111328125,0.4138614163540377,-0.4356435643564357,0.4138614163540377,-0.24316829265934403,0.4138614163540377
SDOT,2026-07-06 16:06:48-04:00,"5.02,9.01",44.02000045776367,97041950.99983215,-0.09132213575555914,0.26942300061380053,-0.5386188265620435,0.26942300061380053,-0.4668332787530637,0.26942300061380053,-0.6276692589911642,0.26942300061380053,-0.5034075333250893,0.26942300061380053
SEZL,2026-07-14 16:27:06-04:00,"2.02,9.01",187.52000427246094,110441586.31515503,0.005492740805403962,0.030663395205801303,-0.03775598160059579,0.04367535332127237,-0.08404441876359059,0.04367535332127237,-0.07081910450471962,0.04367535332127237,-0.18568689489589774,0.04367535332127237
SCLX,2026-07-22 17:30:55-04:00,"1.01,2.01,9.01",7.019999980926514,653072.0149993896,0.052706536547632465,0.058404536827078024,-0.025641001257505125,0.058404536827078024,-0.028490001397228015,0.058404536827078024,-0.06552707113914569,0.058404536827078024,-0.06552707113914569,0.058404536827078024
SCLX,2026-07-06 06:15:40-04:00,"1.01,3.02,7.01,9.01",7.940000057220459,415740.0101661682,0.25062975234435436,0.3134760485718098,0.14987406154214056,0.3134760485718098,0.19395459369240542,0.3134760485718098,0.10327458006951606,0.3134760485718098,-0.01259444633651241,0.3134760485718098
SFBS,2026-07-20 17:00:32-04:00,"8.01,9.01",88.0999984741211,24055405.449676514,-0.003291724410330543,0.02224743607740698,-0.01691257536408708,0.02224743607740698,-0.0055618373695370815,0.02224743607740698,0.020544894657631207,0.02304198427305515,0.017366615275780095,0.02304198427305515
SFBS,2026-07-20 16:04:15-04:00,"2.02,7.01,9.01",88.0999984741211,24055405.449676514,-0.003291724410330543,0.02224743607740698,-0.01691257536408708,0.02224743607740698,-0.0055618373695370815,0.02224743607740698,0.020544894657631207,0.02304198427305515,0.017366615275780095,0.02304198427305515
SFST,2026-07-21 08:30:36-04:00,"2.02,7.01,9.01",61.349998474121094,6863017.391395569,-0.016462890735999713,0.0014669951886934207,-0.013039922688800165,0.0014669951886934207,0.003912007896267999,0.01988592096245534,0.0001630340094416205,0.028198914424804045,0.0001630340094416205,0.028198914424804045
SGRY,2026-07-24 09:01:47-04:00,"1.01,7.01,9.01",15.869999885559082,19211125.373458862,-0.044108368891804584,0.006931295366759294,-0.018273469687729027,0.006931295366759294,0.03402646287000932,0.037807147581732536,0.03402646287000932,0.037807147581732536,0.03402646287000932,0.037807147581732536
SGI,2026-07-27 16:05:53-04:00,"1.01,2.03,7.01,9.01",73.33999633789062,113321035.81619263,-0.01690752557522146,0.004363339789988707,-0.06735744557788448,0.004363339789988707,-0.06735744557788448,0.004363339789988707,-0.06735744557788448,0.004363339789988707,-0.06735744557788448,0.004363339789988707
SGMT,2026-07-20 21:35:30-04:00,"7.01,9.01",7.059999942779541,8631469.003152847,0.0014164630259045907,0.022662868089077692,-0.001416395485230093,0.026203958113164783,0.0014164630259045907,0.026203958113164783,0.029745048137251873,0.07507085185608187,-0.002832858511134684,0.07507085185608187
SHEN,2026-07-22 16:05:16-04:00,5.02,11.569999694824219,4552330.630016327,-0.007778751509228798,0.027657792302422157,-0.012964530897729865,0.027657792302422157,0.023336254527686284,0.06050136399334516,0.09853071507276945,0.1339671764579431,0.09853071507276945,0.1339671764579431
SF,2026-07-22 07:00:18-04:00,"2.02,9.01",78.95999908447266,82796122.31826782,0.007598764957927662,0.019630231379557106,0.02355623900605308,0.024569433433387022,0.07193516174055703,0.07446805118535349,0.037487324199510175,0.07446805118535349,0.037487324199510175,0.07446805118535349
SIGI,2026-07-23 16:18:25-04:00,"2.02,7.01,9.01",95.8499984741211,43012962.745666504,0.0050078598286382725,0.03484615566464444,-0.03202920963690048,0.03484615566464444,0.008659382830128903,0.03484615566464444,0.008659382830128903,0.03484615566464444,0.008659382830128903,0.03484615566464444
SHBI,2026-07-24 16:00:40-04:00,"7.01,9.01",24.0,4295406.084442139,-0.004166682561238644,0.005000034968058342,0.018333355585734123,0.022916634877522712,0.022500038146972656,0.031666676203409905,0.022500038146972656,0.031666676203409905,0.022500038146972656,0.031666676203409905
SHBI,2026-07-23 16:11:11-04:00,"3.01,9.01",23.06999969482422,4008600.1267433167,0.023407062101023612,0.03684440367203057,0.03597745707349387,0.04551370430424195,0.06371916949062295,0.07325533404479279,0.06371916949062295,0.07325533404479279,0.06371916949062295,0.07325533404479279
SHBI,2026-07-23 16:00:46-04:00,"2.02,9.01",23.06999969482422,4008600.1267433167,0.023407062101023612,0.03684440367203057,0.03597745707349387,0.04551370430424195,0.06371916949062295,0.07325533404479279,0.06371916949062295,0.07325533404479279,0.06371916949062295,0.07325533404479279
SHW,2026-07-28 07:05:57-04:00,"2.02,9.01",352.0,700728502.8213501,-0.023068167946555418,0.0,-0.023068167946555418,0.0,-0.023068167946555418,0.0,-0.023068167946555418,0.0,-0.023068167946555418,0.0
SITC,2026-07-01 16:05:16-04:00,2.01,4.449999809265137,5872013.05805707,0.008988755857864295,0.03370788804420255,-0.04494377928932192,0.03370788804420255,-0.060674155617795655,0.03370788804420255,-0.03595502343145751,0.03370788804420255,0.006741620470609444,0.03370788804420255
SKWD,2026-07-15 17:26:53-04:00,"8.01,9.01",58.099998474121094,38290112.50305176,0.006368377905325406,0.02771085460645395,0.019105002401092586,0.04475047086234363,0.034595562633719545,0.05283992728832265,0.009466489951850843,0.05283992728832265,0.0760757676372632,0.10077458710332898
SILO,2026-07-10 18:29:27-04:00,"1.01,3.02,8.01,9.01",5.599999904632568,1105719.5304393768,-0.057142803620318094,0.014285700905079413,-0.08392853539208911,0.014285700905079413,-0.146428519426559,0.014285700905079413,-0.16071430548113252,0.014285700905079413,-0.21428568387518077,0.014285700905079413
SIDU,2026-07-24 09:15:26-04:00,"5.02,8.01,9.01",1.8600000143051147,12025204.514998198,-0.005376338917391199,0.0747311494063474,-0.04569894488884085,0.0747311494063474,-0.0967742286950729,0.0747311494063474,-0.0967742286950729,0.0747311494063474,-0.0967742286950729,0.0747311494063474
SIDU,2026-07-21 16:05:32-04:00,"7.01,9.01",2.0,12331561.300432682,-0.004999995231628418,0.07500004768371582,-0.014999985694885254,0.07500004768371582,-0.07499998807907104,0.07500004768371582,-0.1600000262260437,0.07500004768371582,-0.1600000262260437,0.07500004768371582
SIG,2026-07-02 17:00:01-04:00,5.02,83.2300033569336,80763645.44677734,-0.01646044324552942,0.008290217279610879,0.0027633752044045057,0.020905896835153426,0.0036044143970144216,0.020905896835153426,0.016460351579132393,0.03183940633907967,0.08662740350438813,0.11870715913644014
SKYX,2026-07-10 17:00:14-04:00,5.07,1.2699999809265137,1478427.9961049557,-0.07874017743599027,0.007874008357040552,-0.015748016714081325,0.007874008357040552,-0.0708661690789496,0.027559029249642375,-0.0393700417852032,0.027559029249642375,-0.08661418579303093,0.07480317325746988
SKIL,2026-07-10 16:22:04-04:00,"2.01,7.01,9.01",7.159999847412109,1324488.0460739136,-0.01117317394007622,0.0335195884175985,-0.03910610879026677,0.0335195884175985,-0.07960889762172796,0.0335195884175985,-0.12849163350561632,0.0335195884175985,-0.08240219110674707,0.0335195884175985
SKIL,2026-07-08 16:16:01-04:00,"7.01,9.01",7.840000152587891,1324488.0460739136,-0.014030629001721917,0.05229589788678424,-0.09183676696627929,0.05229589788678424,-0.1224489820743292,0.05229589788678424,-0.15943877240708848,0.05229589788678424,-0.20663269526359607,0.05229589788678424
SKYW,2026-07-23 16:03:11-04:00,"2.02,8.01,9.01",100.04000091552734,37216739.49661255,0.03608557154452452,0.05737702730147243,0.1024590154557774,0.10435828014657522,0.09616156196065062,0.14224305874961662,0.09616156196065062,0.14224305874961662,0.09616156196065062,0.14224305874961662
SLM,2026-07-23 16:32:16-04:00,"2.02,9.01",23.0,63396594.827747345,0.05608699632727587,0.06608697642450756,0.10521739462147583,0.10782606705375342,0.11695654495902685,0.12608693993609887,0.11695654495902685,0.12608693993609887,0.11695654495902685,0.12608693993609887
SKYT,2026-07-28 17:20:05-04:00,"8.01,9.01",31.399999618530273,20101073.47650528,-0.02611464027981414,0.010828030468740701,-0.02611464027981414,0.010828030468740701,-0.02611464027981414,0.010828030468740701,-0.02611464027981414,0.010828030468740701,-0.02611464027981414,0.010828030468740701
SLDE,2026-07-28 16:28:08-04:00,"2.02,9.01",21.5,18180515.75565338,0.029767413472020277,0.06976744186046502,0.029767413472020277,0.06976744186046502,0.029767413472020277,0.06976744186046502,0.029767413472020277,0.06976744186046502,0.029767413472020277,0.06976744186046502
SLDE,2026-07-27 16:10:52-04:00,"7.01,9.01",20.950000762939453,18180515.75565338,0.021479658195854068,0.024343594413389624,0.05680184168843039,0.09785198865896927,0.05680184168843039,0.09785198865896927,0.05680184168843039,0.09785198865896927,0.05680184168843039,0.09785198865896927
SLS,2026-07-27 16:35:10-04:00,"2.02,8.01,9.01",10.350000381469727,84709230.91630936,-0.025120794135170432,0.007729460942753619,-0.024154588481715478,0.03381636858893611,-0.024154588481715478,0.03381636858893611,-0.024154588481715478,0.03381636858893611,-0.024154588481715478,0.03381636858893611
SKYQ,2026-07-21 16:02:23-04:00,5.02,4.300000190734863,19160746.003115177,-0.039534899710060856,0.09999995564305708,0.3116278177470799,0.45813946576941444,-0.10465122468410648,0.627906904535209,0.04883721600744484,0.627906904535209,0.04883721600744484,0.627906904535209
SKYQ,2026-07-02 14:25:17-04:00,"1.01,1.02,2.03,9.01",2.299999952316284,46885718.97468567,-0.0782609002125968,0.09565218833533962,0.304347853128762,0.43478261770958726,0.4434782617709587,0.908695633695346,0.7347826488076634,0.908695633695346,1.0608695084296,1.2086956647934222
SLG,2026-07-23 13:45:25-04:00,"2.02,7.01,9.01",54.70000076293945,48836328.41377258,-0.0016453409750016856,0.01718461816450012,-0.015722131597011524,0.01718461816450012,-0.016087770673514412,0.01718461816450012,-0.016087770673514412,0.01718461816450012,-0.016087770673514412,0.01718461816450012
SLP,2026-07-09 16:05:09-04:00,"2.02,7.01,9.01",18.3700008392334,8138528.883361816,-0.007076813400987314,0.001633030915970668,-0.006532435152485583,0.001633030915970668,-0.006532435152485583,0.001633030915970668,-0.007621191649488934,0.001633030915970668,-0.0016331347455049716,0.001633030915970668
SLDP,2026-07-01 19:05:14-04:00,"5.02,7.01,9.01",2.5999999046325684,11292010.767543316,-0.030769202554013275,0.04038462420187083,0.0076923006385032355,0.04423077452112256,-0.08461530702353648,0.04423077452112256,-0.10769230063850332,0.04423077452112256,-0.11153845095775494,0.04423077452112256
SLNH,2026-07-24 17:00:38-04:00,"5.02,9.01",1.2699999809265137,13644373.785042763,-0.03149603342816265,0.03149603342816265,-0.0393700417852032,0.03149603342816265,-0.10236220250711214,0.03149603342816265,-0.10236220250711214,0.03149603342816265,-0.10236220250711214,0.03149603342816265
SLNH,2026-07-16 07:30:37-04:00,"7.01,9.01",1.059999942779541,16194591.583383083,0.0660377888969812,0.11320755777939628,0.2830189506792906,0.33962267333818863,0.22641511555879235,0.3490566271146718,0.1886793004528604,0.3490566271146718,0.07547174267346413,0.3490566271146718
SLNH,2026-07-14 07:30:25-04:00,"7.01,9.01",1.159999966621399,17894847.589439154,-0.043103408409496224,0.008620681681899223,-0.05172409009139556,0.008620681681899223,0.17241383917124886,0.2241379292626442,0.12068964631322143,0.23275861094454342,-0.017241363363798556,0.23275861094454342
SMID,2026-07-22 18:04:59-04:00,5.07,30.110000610351562,382427.4959564209,-0.008967135579228347,0.012952486939318053,0.005645967215141878,0.06276982236256323,-0.027565589733688278,0.06276982236256323,-0.02856195924671956,0.06276982236256323,-0.02856195924671956,0.06276982236256323
SLN,2026-07-16 17:20:16-04:00,5.02,10.8100004196167,5521025.930786133,-0.028677188490589423,0.03515255744828871,-0.029602279008041132,0.03515255744828871,0.09435702724288353,0.10083248442207027,0.019426459759047665,0.10083248442207027,0.06845511030464912,0.1276594918777565
SMBK,2026-07-20 17:00:11-04:00,"2.02,7.01,9.01",48.25,3844021.0584640503,0.007253854385929515,0.02922279476501788,0.005181347150259086,0.02922279476501788,0.03647664915094717,0.03875645454683463,0.10072540125080964,0.10362694300518127,0.09761656133622076,0.10507771388236731
SM,2026-07-16 16:15:15-04:00,2.02,30.920000076293945,104841218.09425354,0.01293659823878679,0.017464392200720713,0.011642969258191194,0.03072447479286433,0.07341521813757779,0.08861577504389762,0.07341521813757779,0.10608022893118463,0.0258731964775738,0.10608022893118463
SMMT,2026-07-23 16:34:53-04:00,"1.01,9.01",13.720000267028809,48084609.65394974,-0.004373208341758472,0.05102039326831065,-0.04482512484131784,0.05102039326831065,-0.06705539784170722,0.05102039326831065,-0.06705539784170722,0.05102039326831065,-0.06705539784170722,0.05102039326831065
SMMT,2026-07-23 16:07:41-04:00,"2.02,7.01,9.01",13.720000267028809,48084609.65394974,-0.004373208341758472,0.05102039326831065,-0.04482512484131784,0.05102039326831065,-0.06705539784170722,0.05102039326831065,-0.06705539784170722,0.05102039326831065,-0.06705539784170722,0.05102039326831065
SMMT,2026-07-22 07:10:49-04:00,"8.01,9.01",14.729999542236328,44267795.405483246,0.016972166175780012,0.03394433235156025,-0.07264085051436264,0.03394433235156025,-0.14799724502710299,0.03394433235156025,-0.13102507885132286,0.03394433235156025,-0.13102507885132286,0.03394433235156025
SMG,2026-07-01 16:05:14-04:00,"5.02,9.01",68.4800033569336,55052999.14741516,0.005402965815568095,0.016939193572591993,-0.020443946513579614,0.016939193572591993,-0.0476051690482342,0.016939193572591993,-0.04380840906743688,0.016939193572591993,0.03650700755619751,0.10017512623650382
SMPL,2026-07-09 07:02:25-04:00,"2.02,9.01",12.829999923706055,28532822.58167267,-0.004676497762990728,0.013250200881126606,0.037412353761884676,0.04832423142992437,-0.07404519212114857,0.04832423142992437,-0.13639906550322856,0.04832423142992437,-0.20342943664829938,0.04832423142992437
SMCI,2026-07-21 16:10:55-04:00,"2.02,9.01",28.889999389648438,744906230.7295799,0.05780547288250637,0.11734162205843135,0.07995851236046447,0.12807202634504722,0.031844932354813116,0.12807202634504722,-0.11041878484261902,0.12807202634504722,-0.11041878484261902,0.12807202634504722
SNA,2026-07-23 06:31:34-04:00,"2.02,9.01",399.05999755859375,146057885.4598999,0.012679791483862779,0.016513798371692312,0.02094927058659435,0.021976617719956293,0.03951783969866929,0.054753686756857656,0.03951783969866929,0.054753686756857656,0.03951783969866929,0.054753686756857656
SMTC,2026-07-06 17:02:13-04:00,"1.01,2.03,9.01",130.0,559328341.5031433,-0.027692295954777624,0.012538499098557754,-0.008923105093149086,0.012538499098557754,0.047153883713942246,0.0740769606370193,0.08738462007962733,0.1384615384615384,0.06030766413762012,0.1384615384615384
SN,2026-07-13 06:02:33-04:00,8.01,152.6999969482422,212299881.4933777,-0.018402079991829967,4.586630202796371e-05,-0.017354249832647994,0.002455795726879373,0.011984295138361745,0.02727576049876146,-0.03195802044238094,0.02727576049876146,0.04675834664272149,0.047740724889423714
SMBC,2026-07-27 16:17:06-04:00,"7.01,9.01",77.80000305175781,6780675.200653076,0.013496084590957524,0.01670945207416552,0.006555199059525174,0.020436970122390097,0.006555199059525174,0.020436970122390097,0.006555199059525174,0.020436970122390097,0.006555199059525174,0.020436970122390097
SMBC,2026-07-22 17:07:03-04:00,"2.02,8.01,9.01",75.20999908447266,6615183.031082153,0.03337325045585149,0.036431297661526196,0.03217654831011596,0.05212070491508092,0.04839781191275039,0.05212070491508092,0.04121790336201592,0.05557772046348486,0.04121790336201592,0.05557772046348486
SNWV,2026-07-13 16:38:21-04:00,"2.02,9.01",13.0,1126471.0207939148,-0.07999999706561745,0.0,-0.44076923223642206,0.0,-0.5084615487318773,0.0,-0.5334615340599647,0.0,-0.510769220498892,0.0
SON,2026-07-22 16:44:59-04:00,"2.02,9.01",57.65999984741211,61693743.80912781,-0.02323968359580275,0.00017340134512067173,0.009885530633586992,0.016649307787255374,0.05029485836894376,0.05220253779914463,0.022892814747093038,0.05220253779914463,0.022892814747093038,0.05220253779914463
SND,2026-07-20 16:09:23-04:00,"7.01,8.01,9.01",4.739999771118164,1416456.022644043,0.03586499673054666,0.041139278708314464,0.016877722448569,0.06645571148332574,-0.016877621850007518,0.06645571148332574,-0.12869191690558823,0.06645571148332574,-0.1223628590111161,0.06645571148332574
SOLV,2026-07-20 16:15:25-04:00,5.02,77.4800033569336,69402626.3092041,0.014455279667812126,0.02278006341220018,0.002064997751455744,0.02278006341220018,0.006840458909833647,0.02278006341220018,0.11215790443346774,0.12558073446015583,0.14287557066598366,0.14416620656929435
SNDX,2026-07-14 08:30:27-04:00,"8.01,9.01",23.959999084472656,48773578.30581665,-0.018363883285543503,0.009808039204135754,-0.05217028579980476,0.018781334730145094,-0.06969942540722218,0.018781334730145094,-0.07971619033365862,0.018781334730145094,-0.19782971420019524,0.018781334730145094
SOTK,2026-07-08 07:10:15-04:00,"2.02,7.01,9.01",5.539999961853027,295667.9988384247,-0.0036101048852397177,0.005415200363704464,0.0,0.05415165935028621,-0.03610104885239751,0.05415165935028621,0.005415200363704464,0.05415165935028621,-0.05234656387182135,0.07039708829802005
SNX,2026-07-16 16:03:35-04:00,"5.02,9.01",239.47999572753906,218712821.12960815,0.013111739793167931,0.01983464207759611,-0.003925181468917849,0.031610186484349656,0.05511941366184114,0.05770839974434461,0.014364466772915696,0.06914987937540906,0.038416557175444455,0.07841996982266664
SNX,2026-07-02 16:10:58-04:00,"1.01,9.01",244.55999755859375,298594271.50268555,-0.023061823053449948,0.021753383126135173,-0.036350995577347,0.021753383126135173,0.02289829145984479,0.04264805380557557,0.02760058908809393,0.046491638987129935,-0.024615653960409545,0.05466959130952809
SPRO,2026-07-14 06:30:09-04:00,"1.01,2.03,7.01,8.01,9.01",1.7100000381469727,986680.9853315353,-0.005847947508874518,0.0,-0.08187133483727582,0.0,-0.15789472216567724,0.0,-0.25730996924260974,0.0,-0.30409354931360544,0.0
SPRB,2026-07-27 08:05:15-04:00,5.02,42.15999984741211,3038795.090866089,-0.013282765069207891,0.02675517922517301,-0.016840585556032406,0.02675517922517301,-0.016840585556032406,0.02675517922517301,-0.016840585556032406,0.02675517922517301,-0.016840585556032406,0.02675517922517301
SPH,2026-07-23 07:32:47-04:00,"7.01,8.01,9.01",18.309999465942383,2452560.519886017,0.013653741523314222,0.022392127764653047,0.0,0.022392127764653047,-0.00491535528197562,0.03167667616729797,-0.00491535528197562,0.03167667616729797,-0.00491535528197562,0.03167667616729797
SPH,2026-07-22 16:27:41-04:00,"7.01,8.01,9.01",18.719999313354492,2452560.519886017,-0.02029910121286793,0.0,-0.008547000709448138,0.0,0.0010684005607524139,0.008547000709448138,-0.026709402689096717,0.009081200989824234,-0.026709402689096717,0.009081200989824234
SPRY,2026-07-17 16:02:07-04:00,5.02,7.0,10966074.87976551,-0.07999999182564876,0.02014282771519249,-0.09142855235508507,0.02014282771519249,-0.1428571428571429,0.02014282771519249,-0.17714282444545204,0.02014282771519249,-0.1671428680419922,0.02014282771519249
SPRY,2026-07-07 16:38:54-04:00,5.02,7.599999904632568,12730686.12112999,0.06578953725149184,0.07105269019293403,0.03684213333182762,0.08684214901726062,0.018421035295047794,0.08684214901726062,-0.006578909805936672,0.08684214901726062,-0.20263157647072105,0.08684214901726062
SPOK,2026-07-22 16:30:30-04:00,5.07,10.649999618530273,1346330.9630393982,-0.01314548306695229,0.0028169659831074334,-0.0056337528724402786,0.006572831080363439,0.022535280130423274,0.036619751858411265,0.029108021663899475,0.036619751858411265,0.029108021663899475,0.036619751858411265
SOUN,2026-07-24 06:03:55-04:00,8.01,6.480000019073486,228138676.63578987,-0.01080249559495916,0.03858024680002159,-0.03703707519273092,0.03858024680002159,-0.12037040239389918,0.03858024680002159,-0.12037040239389918,0.03858024680002159,-0.12037040239389918,0.03858024680002159
SOUN,2026-07-13 17:20:16-04:00,9.01,6.40500020980835,185147204.24695015,0.04449646183862299,0.06947692119397053,0.014832129130327276,0.06947692119397053,-0.02107731841680538,0.06947692119397053,0.023419143421817612,0.06947692119397053,-0.025761191769753666,0.06947692119397053
SOUN,2026-07-02 17:14:19-04:00,"1.01,9.01",6.579999923706055,164041218.7286377,0.057750777940266396,0.07750763446735554,0.009118532443044058,0.07750763446735554,0.015197554071740171,0.07750763446735554,-0.013677834898393137,0.07750763446735554,-0.0410334322275252,0.07750763446735554
SPFI,2026-07-17 07:30:40-04:00,"2.02,7.01,8.01,9.01",46.02000045776367,6009763.983154297,-0.038896151623687536,0.010430237667573783,-0.04650150735249314,0.010430237667573783,-0.03846154802601853,0.010430237667573783,-0.03302912739339714,0.010430237667573783,-0.01999135103197014,0.010430237667573783
SRFM,2026-07-02 08:00:17-04:00,"7.01,8.01,9.01",1.0099999904632568,6903894.8625564575,-0.03960392300071269,0.025742597162063507,-0.09702969397204653,0.025742597162063507,-0.05940594351556927,0.025742597162063507,-0.15841581003185135,0.025742597162063507,-0.27623761079087217,0.025742597162063507
SOC,2026-07-13 17:22:44-04:00,"4.01,9.01",4.349999904632568,70546339.59450722,0.00919539373102718,0.05977016886941677,-0.04367817503124927,0.05977016886941677,0.0,0.05977016886941677,-0.03678157492410894,0.05977016886941677,-0.048275871896762856,0.10344834390066615
SOC,2026-07-02 16:51:49-04:00,"1.01,2.03,7.01,9.01",4.269999980926514,45896133.439445496,-0.07494143669137998,0.070257656223635,-0.009367672606955812,0.070257656223635,-0.030444991808339594,0.070257656223635,0.03747069042782347,0.070257656223635,-0.018735345213911736,0.07962532883059081
SR,2026-07-08 16:32:04-04:00,"7.01,9.01",79.69000244140625,59053920.752716064,0.011168269072432624,0.017819025291025525,0.0130505820512683,0.01907386869744432,0.02133262512436418,0.03902623309163844,0.028359824791041266,0.03902623309163844,0.03526160713396709,0.058476545237166944
SRCE,2026-07-23 16:08:24-04:00,"2.02,9.01",85.81999969482422,9281659.915161133,0.00023300679489057785,0.011419288748758749,0.011302740901333541,0.023421138934724306,0.05220232315153206,0.06571893975418619,0.05220232315153206,0.06571893975418619,0.05220232315153206,0.06571893975418619
SPXC,2026-07-27 06:47:07-04:00,"5.02,9.01",214.8000030517578,97607096.32873535,-0.04897581062848522,0.0,-0.12639668887123534,0.0,-0.12639668887123534,0.0,-0.12639668887123534,0.0,-0.12639668887123534,0.0
SRBK,2026-07-28 16:00:38-04:00,"2.02,9.01",19.530000686645508,450513.002204895,-0.009728649635303843,0.0015360357522868906,-0.009728649635303843,0.0015360357522868906,-0.009728649635303843,0.0015360357522868906,-0.009728649635303843,0.0015360357522868906,-0.009728649635303843,0.0015360357522868906
SRBK,2026-07-10 16:29:33-04:00,8.01,18.959999084472656,510115.4923439026,0.009493687440269571,0.010548563955535384,0.016877722448569,0.021097127911070768,0.06276374427845677,0.06276374427845677,0.010021125697902589,0.06540093556662141,0.016350284190935982,0.06540093556662141
SRPT,2026-07-27 09:08:03-04:00,"5.02,7.01,9.01",15.739999771118164,54003145.91598511,-0.019695010829111403,0.015247762046257884,-0.012706468371881607,0.015247762046257884,-0.012706468371881607,0.015247762046257884,-0.012706468371881607,0.015247762046257884,-0.012706468371881607,0.015247762046257884
SSD,2026-07-27 16:20:03-04:00,"2.02,7.01,9.01",198.0,55535371.53015137,0.0014141352489740466,0.05717175416272102,-0.043030324608388626,0.05717175416272102,-0.043030324608388626,0.05717175416272102,-0.043030324608388626,0.05717175416272102,-0.043030324608388626,0.05717175416272102
SSII,2026-07-14 08:35:22-04:00,"5.02,9.01",3.549999952316284,253738.4978055954,-0.008450696279642567,0.09014082747635133,0.016901392559285133,0.09014082747635133,0.05633804235778106,0.09014082747635133,0.008450696279642456,0.09014082747635133,0.08450702995658976,0.16788731384125977
SSNC,2026-07-23 16:10:26-04:00,"2.02,9.01",72.25,123704142.31643677,0.022560515618241794,0.04442905307228595,0.03861592962667615,0.053010405966154917,0.0838753987348615,0.10726643598615926,0.0838753987348615,0.10726643598615926,0.0838753987348615,0.10726643598615926
SSB,2026-07-23 16:25:00-04:00,"2.02,7.01,8.01,9.01",103.80999755859375,72509447.46246338,0.02109625751768407,0.032655808393936336,0.013004586603073909,0.03458244920253306,0.01830268346559283,0.03458244920253306,0.01830268346559283,0.03458244920253306,0.01830268346559283,0.03458244920253306
SSB,2026-07-13 08:58:31-04:00,"5.02,9.01",100.30000305175781,81459397.56164551,0.0037886065987642326,0.007876303709832833,0.00847456080018727,0.01944164395723824,0.028813552360084316,0.04027909434906052,0.01974073446954261,0.04027909434906052,0.0628115177535169,0.07078761972177894
SSB,2026-07-06 09:39:50-04:00,"7.01,9.01",100.38999938964844,78696045.84960938,-0.0055782205598010615,0.009363506794713539,-0.027691989204091327,0.009363506794713539,-0.007072408494763538,0.009363506794713539,0.002888743074912714,0.009363506794713539,0.018826570386883734,0.039346518301199396
SRXH,2026-07-28 09:57:16-04:00,3.02,1.4600000381469727,4599330.606949329,-0.006849308357518069,0.08904109029793172,-0.006849308357518069,0.08904109029793172,-0.006849308357518069,0.08904109029793172,-0.006849308357518069,0.08904109029793172,-0.006849308357518069,0.08904109029793172
SRXH,2026-07-21 16:07:22-04:00,"1.01,9.01",1.8600000143051147,21863450.106215477,0.05913979218231891,0.10752684243884003,-0.0322580975953628,0.10752684243884003,-0.14516127895159403,0.10752684243884003,-0.22043008788608665,0.10752684243884003,-0.22043008788608665,0.10752684243884003
SRXH,2026-07-16 10:42:40-04:00,"3.01,9.01",2.3499999046325684,22590624.054282904,-0.00851063052687262,0.10000006087283109,-0.07659567474185358,0.10000006087283109,-0.1617020814652983,0.10000006087283109,-0.23404254239843414,0.10000006087283109,-0.38297867807342356,0.10000006087283109
SRXH,2026-07-15 15:45:14-04:00,"7.01,9.01",2.25,22590624.054282904,0.07111114925808382,0.10666667090521909,0.03555552164713549,0.14888890584309888,-0.10222223069932723,0.14888890584309888,-0.2000000211927626,0.14888890584309888,-0.35555553436279297,0.14888890584309888
SRXH,2026-07-10 16:50:56-04:00,"7.01,9.01",2.1700000762939453,7330500.129461288,0.2626727710610395,0.29032251330529446,0.06451606523659481,0.3317972365419859,0.11059907884732856,0.3317972365419859,0.0,0.3317972365419859,-0.26728111637023655,0.3317972365419859
STIM,2026-07-20 16:10:04-04:00,"5.02,7.01,9.01",1.9800000190734863,2908477.495443821,-0.05050506205987393,0.022727311040634524,-0.02525256113329255,0.022727311040634524,-0.126262625046329,0.022727311040634524,-0.05555556224519009,0.022727311040634524,-0.08080806317177147,0.022727311040634524
STAG,2026-07-28 16:07:48-04:00,"2.02,9.01",40.099998474121094,73211893.20373535,-0.029675777356374722,0.006234414202318295,-0.029675777356374722,0.006234414202318295,-0.029675777356374722,0.006234414202318295,-0.029675777356374722,0.006234414202318295,-0.029675777356374722,0.006234414202318295
STAG,2026-07-22 16:15:20-04:00,"1.01,2.03,9.01",41.29999923706055,64292137.97607422,-0.019370441933148186,0.0,-0.004600451094887381,0.001937090376091355,-0.014043535764450055,0.001937090376091355,-0.05786923568520974,0.001937090376091355,-0.05786923568520974,0.001937090376091355
STWD,2026-07-10 12:37:34-04:00,"1.01,2.03,9.01",16.649999618530273,71114039.68362808,-0.011411443748392647,0.003003071805090629,-0.0024023428885965314,0.003003071805090629,0.026426459107418143,0.028228302190472565,-0.003002957249614635,0.03243248816212341,-0.004204185971650953,0.03243248816212341
STBA,2026-07-27 16:00:35-04:00,"7.01,9.01",52.38999938964844,14758901.85623169,0.018515007291540098,0.02118726137207938,0.010689089135619723,0.02118726137207938,0.010689089135619723,0.02118726137207938,0.010689089135619723,0.02118726137207938,0.010689089135619723,0.02118726137207938
STBA,2026-07-23 07:20:09-04:00,"2.02,7.01,8.01,9.01",51.31999969482422,13444992.088317871,0.009158246755611943,0.01558844976262197,0.015783347196175246,0.02844893010823424,0.031761517494311775,0.04247857206038996,0.031761517494311775,0.04247857206038996,0.031761517494311775,0.04247857206038996
STC,2026-07-22 16:30:31-04:00,"2.02,9.01",63.959999084472656,12610677.000808716,0.004534098181338875,0.05222020036107211,0.054096296654147835,0.0708254978758529,0.08661665095102022,0.09662289546023595,0.09818634879908017,0.10553471070387599,0.09818634879908017,0.10553471070387599
STC,2026-07-16 19:30:41-04:00,"7.01,9.01",72.44000244140625,12846060.56098938,-0.006074025767215385,0.017807853010093133,-0.03658201872677158,0.017807853010093133,-0.03768640619720831,0.017807853010093133,-0.06929878662720113,0.017807853010093133,-0.03037002351589113,0.017807853010093133
SSTK,2026-07-22 16:45:45-04:00,"5.02,8.01,9.01",6.960000038146973,9075719.967126846,-0.17241376475403358,0.020114923235383886,-0.1982758774248985,0.020114923235383886,-0.1408045996698588,0.020114923235383886,-0.18103451465171227,0.020114923235383886,-0.18103451465171227,0.020114923235383886
SSTK,2026-07-13 17:09:48-04:00,"5.02,7.01,8.01,9.01",7.840000152587891,11198617.052650452,-0.029336736555746867,0.006377514403644646,0.005102035851341613,0.056122394364757966,-0.054846976633520006,0.056122394364757966,-0.07270410211321576,0.056122394364757966,-0.23724491037164586,0.056122394364757966
SSTK,2026-07-09 06:03:55-04:00,1.02,8.6899995803833,10945343.360996246,-0.02301493888637396,0.02761803640753402,-0.050632865550022665,0.02761803640753402,-0.09321052992578571,0.02761803640753402,-0.14729571861667834,0.02761803640753402,-0.3578826014787988,0.02761803640753402
STRL,2026-07-10 16:02:29-04:00,5.02,668.989990234375,515107065.6982422,-0.013378394800639182,0.012197543010813439,0.01588963218879913,0.06080807376733599,-0.0413160361917434,0.06080807376733599,-0.028057250190954397,0.06080807376733599,-0.05136098574438275,0.10309576039264523
STRL,2026-07-08 09:07:06-04:00,"1.01,2.03,7.01,9.01",706.72998046875,547657261.529541,0.0006225891833744335,0.012791362065189382,-0.03458181075776068,0.012791362065189382,-0.03835974997633662,0.012791362065189382,-0.0925105863479121,0.012791362065189382,0.015012871506712377,0.044189495800351475
STLD,2026-07-21 09:42:18-04:00,"2.02,9.01",235.8300018310547,243469043.24569702,0.011915352316397732,0.024254764772468906,0.020099247154141686,0.044947592598164166,0.06123055730521876,0.06364751893437592,0.07000803281451629,0.12602292215222488,0.07000803281451629,0.12602292215222488
SVC,2026-07-06 17:22:01-04:00,"5.03,9.01",8.800000190734863,17137608.640708923,-0.010227289845135212,0.013636350336153846,-0.026136419423354318,0.013636350336153846,0.003409060491018634,0.013636350336153846,-0.029545479914373063,0.025000029802321633,0.004545450112051208,0.025000029802321633
STRS,2026-07-01 16:32:39-04:00,"3.01,8.01,9.01",28.510000228881836,887128.5035133362,-0.032269381582184176,0.010522596795935257,-0.017537705927251457,0.010522596795935257,-0.0385829664201609,0.010522596795935257,-0.08628554795061716,0.010522596795935257,-0.27323749045907564,0.010522596795935257
STX,2026-07-28 16:07:21-04:00,"2.02,7.01,9.01",786.8499755859375,4544179423.007202,-0.028493338763162512,0.03573742897589538,-0.028493338763162512,0.03573742897589538,-0.028493338763162512,0.03573742897589538,-0.028493338763162512,0.03573742897589538,-0.028493338763162512,0.03573742897589538
SUIG,2026-07-09 09:01:18-04:00,"1.01,5.02,8.01,9.01",1.149999976158142,371828.4969449043,0.08695654427396815,0.10434783239671108,0.03478267990573958,0.10434783239671108,0.04347832396711104,0.10434783239671108,-0.01739128812274282,0.10434783239671108,-0.13913040864219683,0.10434783239671108
STXS,2026-07-15 17:37:16-04:00,"8.01,9.01",1.6299999952316284,1073794.0033376217,0.01226992698467555,0.030674817461689097,-0.04907978107323607,0.15337423357751256,-0.0981594890119386,0.15337423357751256,-0.13496934310049902,0.15337423357751256,-0.18404905103920155,0.15337423357751256
STXS,2026-07-09 08:13:39-04:00,"3.02,7.01,8.01,9.01",1.7400000095367432,1073188.0086779594,-0.022988483697581663,0.0057471209243953325,-0.057471277755039685,0.0057471209243953325,-0.06896551960383057,0.0057471209243953325,-0.10919543458568404,0.08045976145262146,-0.25862071564213596,0.08045976145262146
SWBI,2026-07-15 06:50:09-04:00,"7.01,9.01",14.970000267028809,7714948.027563095,0.018704056645068023,0.026052062972063306,-0.00734807003269311,0.026052062972063306,0.01469601265399012,0.026052062972063306,-0.03607214109690893,0.026052062972063306,-0.03139614286206638,0.026052062972063306
SUI,2026-07-27 16:32:29-04:00,"2.02,9.01",123.0,265722808.417511,0.008861758844639134,0.03617883697757884,0.040162621474847615,0.04170735677083326,0.040162621474847615,0.04170735677083326,0.040162621474847615,0.04170735677083326,0.040162621474847615,0.04170735677083326
SUPN,2026-07-22 17:07:10-04:00,"2.02,9.01",46.40999984741211,28975654.161834717,0.016806696441744817,0.02434822391360658,-0.004524867165763724,0.02434822391360658,0.02844213960707065,0.04395606382750494,0.003447529582808917,0.04395606382750494,0.003447529582808917,0.04395606382750494
SVCO,2026-07-06 17:29:24-04:00,"8.01,9.01",10.859999656677246,7217033.437871933,-0.0828728956705731,0.007826891421189863,0.010128969965844226,0.02117868353423291,0.0,0.07688766708510664,-0.05893180569807255,0.07688766708510664,-0.1878453062932408,0.07688766708510664
SXI,2026-07-02 17:14:00-04:00,"1.01,1.02,2.01,7.01,9.01",328.9700012207031,91251862.9486084,-0.027935685343055794,0.02580779464045757,-0.056023323121845214,0.02580779464045757,-0.058789543928400856,0.02580779464045757,-0.06514269567517206,0.02580779464045757,-0.08800198224642664,0.02580779464045757
TCBI,2026-07-22 16:07:20-04:00,"2.02,9.01",98.58000183105469,48479348.92959595,0.0009129269245182758,0.022012559633182383,0.006796491747824707,0.022012559633182383,0.001318698021945286,0.022012559633182383,-0.0016230843897080405,0.022012559633182383,-0.0016230843897080405,0.022012559633182383
SWKS,2026-07-28 16:04:34-04:00,"2.02,8.01,9.01",58.59000015258789,331252862.9119873,0.04437614724952765,0.0937020253314389,0.04437614724952765,0.0937020253314389,0.04437614724952765,0.0937020253314389,0.04437614724952765,0.0937020253314389,0.04437614724952765,0.0937020253314389
SWKS,2026-07-28 16:03:36-04:00,"8.01,9.01",58.59000015258789,331252862.9119873,0.04437614724952765,0.0937020253314389,0.04437614724952765,0.0937020253314389,0.04437614724952765,0.0937020253314389,0.04437614724952765,0.0937020253314389,0.04437614724952765,0.0937020253314389
TCMD,2026-07-13 09:23:16-04:00,"7.01,8.01,9.01",29.0,6955176.516246796,-0.047586177957469,0.013793090294147436,-0.013793090294147325,0.013793090294147436,-0.0089655251338564,0.0431034482758621,-0.019655161890490325,0.0431034482758621,-0.04344828375454601,0.0431034482758621
TEX,2026-07-21 10:09:14-04:00,"8.01,9.01",64.80000305175781,69949119.02160645,0.03503081074322312,0.04336415781260561,0.05740730580424991,0.07037032938025534,0.0657406528736324,0.1033950097639762,-0.003703788300324029,0.1033950097639762,-0.003703788300324029,0.1033950097639762
TENX,2026-07-02 08:00:40-04:00,"8.01,9.01",15.470000267028809,10993487.968444824,0.05106657713101348,0.07369103578830805,0.12346469688229877,0.13833227578436014,0.18422749700073449,0.2540400312647355,0.032966985546502015,0.2540400312647355,0.013574662865038611,0.2540400312647355
TDY,2026-07-22 07:21:21-04:00,"2.02,9.01",650.8200073242188,218753966.7175293,0.0006145529860870358,0.02880980883960338,0.006960401049044718,0.02880980883960338,-0.0017670391216009218,0.02880980883960338,-0.029916154265647643,0.02880980883960338,-0.029916154265647643,0.02880980883960338
TFSL,2026-07-07 12:15:58-04:00,8.01,17.809999465942383,15468994.06785965,-0.025828135781379546,0.0,-0.012914067890689718,0.0016844855443638451,-0.008422213533308298,0.0016844855443638451,0.0028074759072731492,0.008422213533308298,0.0258282428756349,0.04042679631068857
SXT,2026-07-24 07:10:26-04:00,"2.02,7.01,9.01",129.6999969482422,59019825.831604004,-0.036777153086363645,0.010331506317809325,-0.03955279394081357,0.010331506317809325,-0.05474170116560917,0.010331506317809325,-0.05474170116560917,0.010331506317809325,-0.05474170116560917,0.010331506317809325
TALO,2026-07-27 16:30:09-04:00,"1.01,2.03,7.01,9.01",14.270000457763672,28052721.379327774,-0.042046276259458226,0.008409241885748875,-0.001401573729648331,0.008409241885748875,-0.001401573729648331,0.008409241885748875,-0.001401573729648331,0.008409241885748875,-0.001401573729648331,0.008409241885748875
TALO,2026-07-13 17:15:07-04:00,"1.01,2.03,8.01,9.01",14.369999885559082,22388560.339069366,-0.014613781476644938,0.01600560179139454,-0.027139898846810673,0.01600560179139454,0.03827419590222658,0.0417536803234555,0.027835809004185474,0.0417536803234555,-0.04871258280026791,0.10299238049388926
TALO,2026-07-01 19:38:44-04:00,"7.01,8.01,9.01",13.550000190734863,24929856.779670715,0.0029520266634666115,0.021402210905600016,-0.025830286091733656,0.021402210905600016,0.05018445327893284,0.06162361818399997,-0.0036900509248001256,0.06162361818399997,0.10110700120106664,0.10479705212586676
TCBK,2026-07-22 19:34:19-04:00,"2.02,7.01,9.01",59.0,29753712.64190674,0.00474574202198097,0.004915269754700802,-0.014915272340936148,0.014745744608216427,-0.01661016173281915,0.014745744608216427,-0.018474578857421875,0.014745744608216427,-0.018474578857421875,0.014745744608216427
TCBK,2026-07-15 16:16:09-04:00,"1.01,5.02,9.01",59.52000045776367,10790715.62614441,0.035282232156756965,0.03679433148296152,0.016801075139601496,0.03679433148296152,0.008736566763514642,0.03679433148296152,-0.004032286233551119,0.03679433148296152,-0.0270497412293208,0.03679433148296152
TCBK,2026-07-13 07:12:16-04:00,"7.01,9.01",58.88999938964844,10651442.029190063,-0.0013584312648419195,0.01732043586916676,0.009169653950145351,0.017660059879541334,0.027678741467294987,0.047885884259661005,0.019527959548273577,0.047885884259661005,-0.014773288179685262,0.047885884259661005
TFIN,2026-07-21 16:13:52-04:00,"2.02,9.01",80.08999633789062,25936980.75027466,0.012361162922112534,0.042826825596357754,-0.0022473802473642612,0.042826825596357754,-0.058808831312736065,0.042826825596357754,-0.05244096816439936,0.042826825596357754,-0.05244096816439936,0.042826825596357754
TDW,2026-07-02 17:44:02-04:00,8.01,68.16000366210938,56416986.27471924,0.00044012291204653664,0.027875495809877693,0.043867337193699285,0.05355037705952226,0.03667840178520665,0.08993540088123075,0.09081564670532405,0.1071008660526438,0.10666074314059704,0.12896116217521914
TARS,2026-07-13 16:11:59-04:00,5.02,57.650001525878906,107331025.90560913,-0.026712937983809804,0.02792709025222795,-0.002601934465024658,0.02792709025222795,0.03816126435408007,0.0398959093874105,-0.006765016375075539,0.04830875583172234,0.022549856073758923,0.06444059070701402
TARS,2026-07-08 16:13:40-04:00,"1.01,3.02,8.01,9.01",67.04000091552734,94465184.7316742,-0.04325777873322234,0.017571619745246014,-0.1327565841935654,0.017571619745246014,-0.16303699516573622,0.017571619745246014,-0.1394690059834527,0.017571619745246014,-0.12619330204264978,0.017571619745246014
THC,2026-07-23 16:07:58-04:00,"2.02,9.01",235.00999450683594,230471261.2800598,-0.007701789714909757,0.05025323643007562,0.035530429763372284,0.05876351278745773,0.0962086768173338,0.11773966561298921,0.0962086768173338,0.11773966561298921,0.0962086768173338,0.11773966561298921
THG,2026-07-28 16:52:25-04:00,"2.02,9.01",226.50999450683594,65135283.04519653,0.02573838670451578,0.03818820080812091,0.02573838670451578,0.03818820080812091,0.02573838670451578,0.03818820080812091,0.02573838670451578,0.03818820080812091,0.02573838670451578,0.03818820080812091
THG,2026-07-15 17:13:55-04:00,"5.02,9.01",205.64999389648438,69714926.1505127,0.006564581296292893,0.02246540487767823,0.03685875057633181,0.03992223174098308,0.04575737389443346,0.050328258743957965,0.0412351628398131,0.050328258743957965,0.12978362865812132,0.14349628320669483
TIC,2026-07-01 17:01:09-04:00,5.07,8.15999984741211,10744460.520458221,-0.006127474469343364,0.02389702187139897,0.0024510365364791564,0.02389702187139897,-0.02818627737431012,0.02389702187139897,-0.07720583938534753,0.02389702187139897,-0.16053921167596574,0.02389702187139897
THFF,2026-07-28 09:01:57-04:00,"2.02,9.01",79.61000061035156,6616293.17779541,0.0013817436189953458,0.01683201014466995,0.0013817436189953458,0.01683201014466995,0.0013817436189953458,0.01683201014466995,0.0013817436189953458,0.01683201014466995,0.0013817436189953458,0.01683201014466995
THRM,2026-07-23 06:10:23-04:00,"2.01,7.01,8.01,9.01",46.619998931884766,11714365.511322021,-0.0842985927759844,0.03710852813969345,-0.09759758346859748,0.03710852813969345,-0.08000857202262335,0.03710852813969345,-0.08000857202262335,0.03710852813969345,-0.08000857202262335,0.03710852813969345
THRM,2026-07-02 08:16:23-04:00,"1.01,2.03,9.01",34.040000915527344,10256877.183532715,0.021739067093619946,0.0235017395870758,0.01292592875660814,0.027026972508853664,0.04817859416978898,0.060223242712236225,0.06110452292639712,0.0784370768840783,0.04494708396435332,0.10663916438856935
TLRY,2026-07-28 16:05:18-04:00,"2.02,9.01",4.03000020980835,15262609.093117714,-0.009925607491099497,0.002481327921606491,-0.009925607491099497,0.002481327921606491,-0.009925607491099497,0.002481327921606491,-0.009925607491099497,0.002481327921606491,-0.009925607491099497,0.002481327921606491
TCBX,2026-07-22 16:20:23-04:00,"2.02,7.01,9.01",43.0,3898278.966331482,-0.014186060705850267,0.0,-0.005813953488372103,0.008604626322901598,0.015116314555323473,0.016744214434956328,0.03186044027638979,0.03232556720112645,0.03186044027638979,0.03232556720112645
TCBX,2026-07-13 08:05:42-04:00,"8.01,9.01",40.630001068115234,4744973.582649231,-0.009106638859342597,0.008614286608910726,-0.0019690334469980586,0.008614286608910726,-0.00024617612521593557,0.03937973005313822,-0.01378295246293959,0.03937973005313822,0.07432932262789538,0.07605217994967761
TCBX,2026-07-02 16:20:20-04:00,"8.01,9.01",40.56999969482422,4204333.143234253,-0.0029578243230816703,0.011584945137751212,-0.003697350924506959,0.011584945137751212,-0.020211971924881,0.011584945137751212,0.0019719455670810238,0.011584945137751212,-0.01306381028552217,0.0409169302415322
TGLS,2026-07-20 17:00:23-04:00,"5.03,9.01",46.02000045776367,8817750.364112854,-0.018904800591717397,0.015210794349771906,-0.01738372944595623,0.015210794349771906,-0.01564539794744091,0.015210794349771906,0.026075635615014692,0.04476317585397793,-0.024771824822007682,0.04476317585397793
TGLS,2026-07-07 16:30:30-04:00,"3.03,5.03,8.01,9.01",42.709999084472656,13079723.104476929,0.028798866040797844,0.03137438963502692,0.01006790715039152,0.04354953524285543,0.0030438087310213913,0.04354953524285543,0.06930459255263188,0.07796773360890374,0.05876848958170511,0.11449308111613177
TMHC,2026-07-22 16:54:36-04:00,5.07,72.45999908447266,162984888.4999199,-0.00013803665963074696,0.0002760733192614939,-0.00013803665963074696,0.0002760733192614939,-0.00013803665963074696,0.0002760733192614939,-0.00013803665963074696,0.0002760733192614939,-0.00013803665963074696,0.0002760733192614939
TMHC,2026-07-07 06:38:46-04:00,8.01,71.7699966430664,222557396.22603607,0.0022293948668428154,0.0027867435835533527,0.00041809126508174366,0.0027867435835533527,0.0013934249434757184,0.0027867435835533527,0.0012540611884486186,0.0027867435835533527,0.009474715577285409,0.009892806842367152
TMP,2026-07-28 09:55:35-04:00,"7.01,9.01",100.1500015258789,9741446.895217896,-0.00708935670149935,0.014478251883675686,-0.00708935670149935,0.014478251883675686,-0.00708935670149935,0.014478251883675686,-0.00708935670149935,0.014478251883675686,-0.00708935670149935,0.014478251883675686
TMP,2026-07-24 09:02:02-04:00,"2.02,8.01,9.01",101.62999725341797,9044259.396362305,-0.01918721835030457,0.0038374436700610026,-0.0037390265048461435,0.0038374436700610026,-0.021548704823349474,0.0038374436700610026,-0.021548704823349474,0.0038374436700610026,-0.021548704823349474,0.0038374436700610026
TH,2026-07-27 16:15:52-04:00,"1.01,2.03,8.01,9.01",16.079999923706055,11138655.264854431,-0.08084578338948423,0.0011193811650034302,-0.10696519124313464,0.0011193811650034302,-0.10696519124313464,0.0011193811650034302,-0.10696519124313464,0.0011193811650034302,-0.10696519124313464,0.0011193811650034302
TKR,2026-07-06 16:15:33-04:00,"1.01,2.03,9.01",143.27000427246094,140701852.4154663,-0.03636495120052596,0.0,-0.04215822129407776,0.0,-0.04159982226658454,0.0,-0.02561595630279989,0.0,-0.02903611040729903,0.0
TNXP,2026-07-21 16:05:30-04:00,5.02,11.380000114440918,7278640.968513489,-0.06942003109916828,0.014938495130436769,-0.06678385072399218,0.014938495130436769,-0.08875221605667405,0.014938495130436769,-0.1643233626321411,0.014938495130436769,-0.1643233626321411,0.014938495130436769
TNXP,2026-07-13 07:05:37-04:00,"7.01,8.01,9.01",11.619999885559082,5183977.957344055,-0.04819272559876098,0.0,-0.0008606049036423702,0.018932897521128034,0.06970743783081601,0.0981067430766076,-0.00516346527825251,0.0981067430766076,-0.14457834093988464,0.0981067430766076
TNL,2026-07-22 06:32:30-04:00,"2.02,7.01,9.01",75.0,51596683.01963806,-0.020666707356770786,0.00813334147135425,-0.01266662597656254,0.00813334147135425,0.045999959309895866,0.047066650390624964,0.03613332112630219,0.047599995930989625,0.03613332112630219,0.047599995930989625
TMQ,2026-07-16 07:37:49-04:00,"7.01,9.01",2.9000000953674316,5443587.514257431,0.02758617968111432,0.031034452141253555,0.02758617968111432,0.04827581444195017,0.09655171109720051,0.13103443569859352,0.04137926952167148,0.13103443569859352,0.006896544920278691,0.13103443569859352
TMQ,2026-07-08 07:00:18-04:00,"2.02,9.01",3.140000104904175,5275635.940730572,0.03503181255440824,0.04140123301884602,0.028662392089970457,0.04140123301884602,0.022292971625532454,0.07961783173495451,-0.05414014987720306,0.07961783173495451,0.0063694204644377805,0.07961783173495451
TOI,2026-07-07 17:00:11-04:00,"1.01,2.03,3.02,7.01,9.01",5.710000038146973,8764494.723963737,-0.010507870819386644,0.04290716005644546,0.02451836524523543,0.07005255563837798,0.09457092088361341,0.10683014526079826,-0.008756600770722489,0.16812610012845375,-0.07355517924484023,0.16812610012845375
TOP,2026-07-23 07:00:56-04:00,"8.01,9.01",2.109999895095825,1461484.9694252014,0.03791477066447935,0.06635076391689432,0.014218109620800279,0.06635076391689432,0.0,0.13744086004252432,0.0,0.13744086004252432,0.0,0.13744086004252432
TOP,2026-07-20 17:15:13-04:00,"1.01,3.02,9.01",2.1500000953674316,1018700.953745842,0.037209265189536156,0.1581394879478859,0.05581389778430412,0.1581394879478859,0.018604632594767967,0.1581394879478859,0.05116273963561224,0.1581394879478859,-0.018604743487125486,0.1581394879478859
TOP,2026-07-13 06:08:09-04:00,"3.02,7.01,9.01",1.840000033378601,602403.0011415482,0.016304331981279674,0.05434783805858867,0.14130427529208056,0.14130427529208056,0.5271738542416382,0.5652174251066033,0.21195651011960503,0.5652174251066033,0.22826084210088493,0.5652174251066033
TREX,2026-07-14 10:00:14-04:00,7.01,44.029998779296875,68664253.74469757,-0.009311829633865343,0.034067682071009076,0.040427041638509076,0.04178969347264827,-0.019304985184800172,0.05609814420127868,-0.02816256866108713,0.05609814420127868,-0.03724731853546115,0.05609814420127868
TREX,2026-07-13 16:07:16-04:00,"8.01,9.01",48.380001068115234,68664253.74469757,-0.08701948752011335,0.00930137976445855,-0.09838780552172288,0.00930137976445855,-0.06717651773972177,0.00930137976445855,-0.11306327201195787,0.00930137976445855,-0.09011989487583982,0.00930137976445855
TRGP,2026-07-17 06:00:11-04:00,"5.02,9.01",285.1000061035156,302148593.76068115,-0.009645738130926285,0.004033650900964414,-0.017116817882636748,0.004033650900964414,0.0016835512398261088,0.015994379028312133,-0.06124163830687068,0.0208348029261336,-0.07165903976993748,0.0208348029261336
TRGP,2026-07-06 16:30:14-04:00,"1.01,9.01",264.6300048828125,364294766.3391113,0.03468991613345773,0.04220981258380996,0.049994256980075535,0.05430221385345568,0.032951672372014906,0.05430221385345568,0.0641272754698321,0.06869966496744007,0.05891242886381853,0.08169895596971921
TONX,2026-07-01 16:00:15-04:00,"7.01,9.01",2.990000009536743,1057486.9990110397,-0.03678926245651348,0.021739149502721933,0.13712377408795118,0.18729095016501507,0.0635451694362692,0.18729095016501507,0.07357860465168198,0.18729095016501507,0.09030099667737002,0.2006688637855656
TPC,2026-07-06 09:03:11-04:00,"1.01,2.03,8.01,9.01",78.13999938964844,44211025.58441162,-0.04184792255705594,0.0,-0.033913508402586,0.0,-0.02879447168639304,0.0,-0.0047351260490418046,0.0005119134353697152,0.11057076346474881,0.1325825529981255
TRIP,2026-07-01 16:05:24-04:00,5.07,13.899999618530273,46137017.54961014,0.02805757942632159,0.029496461319311607,-0.0014388132833250689,0.029496461319311607,-0.049640258943853044,0.029496461319311607,0.005755390352630396,0.029496461319311607,0.048920886607022984,0.08992806002193032
TRAK,2026-07-08 17:15:56-04:00,"1.01,2.03,8.01,9.01",9.0,582756.0002803802,-0.0077777438693575895,0.005555576748318192,-0.010000016954210045,0.0077777438693575895,-0.023333337571885826,0.014444457160101898,0.011111153496636383,0.017777760823567634,-0.1088888380262587,0.017777760823567634
TRU,2026-07-28 06:15:32-04:00,"2.02,7.01,9.01",84.86000061035156,150871577.07633972,-0.013316017502834288,0.0076007145702015055,-0.013316017502834288,0.0076007145702015055,-0.013316017502834288,0.0076007145702015055,-0.013316017502834288,0.0076007145702015055,-0.013316017502834288,0.0076007145702015055
TRIN,2026-07-14 16:30:15-04:00,"3.01,7.01,9.01",17.510000228881836,17839048.06585312,0.011993094330534193,0.012564209621860334,0.022272951716194367,0.023986297590172345,0.010279857385660174,0.027127377227913252,0.004854316582615148,0.034780082487653186,0.0034265828188519976,0.034780082487653186
TRIN,2026-07-09 16:30:15-04:00,"7.01,9.01",17.55500030517578,18686620.309829712,0.0025633765600492353,0.009968626261370739,0.00028477132894888513,0.013101654129195062,0.009398974953595651,0.013101654129195062,0.012816882800246399,0.0244944629849424,-0.016804333304794583,0.032127551479398386
TSCO,2026-07-23 07:03:12-04:00,"2.02,9.01",30.469999313354492,269545354.36496735,0.01805057948157307,0.019363313616134636,0.04364948978266425,0.057761741665365074,0.0173941811154954,0.06334106517943128,0.0173941811154954,0.06334106517943128,0.0173941811154954,0.06334106517943128
TRMK,2026-07-28 16:40:22-04:00,"2.02,9.01",46.77000045776367,26973931.706619263,0.0034209930691917467,0.01689118896290731,0.0034209930691917467,0.01689118896290731,0.0034209930691917467,0.01689118896290731,0.0034209930691917467,0.01689118896290731,0.0034209930691917467,0.01689118896290731
TRST,2026-07-21 16:00:34-04:00,"2.02,9.01",55.4900016784668,5436865.519523621,0.008109514049930322,0.011353347168169936,0.017300397466832207,0.01820144694508352,0.03460079493366419,0.04397186074794868,0.00901063227385035,0.06289417477390069,0.00901063227385035,0.06289417477390069
TRST,2026-07-10 16:55:26-04:00,"8.01,9.01",54.5,4858991.4529800415,0.003302757893133501,0.00935776736758176,0.0016513789465668616,0.013211031572534448,0.017247681224018097,0.028807333849985683,0.017247681224018097,0.028807333849985683,0.05339449261306628,0.06293578541606948
TWIN,2026-07-06 16:31:22-04:00,"1.01,2.03,9.01",22.559999465942383,3820970.1135635376,-0.03014185821246762,0.019503570233760925,-0.058067353588373005,0.019503570233760925,0.002659635403874816,0.05585107529740818,0.00886528225505434,0.05585107529740818,0.024822756495912923,0.05895389872299783
TVTX,2026-07-09 17:10:23-04:00,5.02,58.0,93562184.91744995,-0.024310342196760537,0.008362079488819951,-0.029482742835735487,0.008362079488819951,-0.021724108991951763,0.008362079488819951,-0.022241395095298988,0.008362079488819951,-0.011034472235317838,0.034482758620689724
TTC,2026-07-22 17:22:08-04:00,"5.02,7.01,9.01",93.54000091552734,54319424.81918335,-0.02095359274416364,0.02277097747028556,0.00235194802811467,0.02277097747028556,0.019136208018041723,0.0331408856508415,-0.01282878518165076,0.0331408856508415,-0.01282878518165076,0.0331408856508415
TSLA,2026-07-22 16:35:52-04:00,"2.02,9.01",341.0,12424760413.824463,-0.06249266146215171,0.0032550890075147,-0.08202346399033178,0.0032550890075147,-0.09841641512784094,0.0032550890075147,-0.1251612688439333,0.0032550890075147,-0.1251612688439333,0.0032550890075147
TSLA,2026-07-02 09:01:26-04:00,"2.02,9.01",397.5,19240851783.42285,0.056025129594143186,0.05660377358490565,0.013584890305621045,0.05660377358490565,0.02276726488797176,0.05660377358490565,-0.006893057193396279,0.05660377358490565,-0.0702641325176887,0.05660377358490565
TVRD,2026-07-17 16:07:52-04:00,"8.01,9.01",3.1600000858306885,6354535.870361328,-0.07278481418554295,0.0028480456580619595,-0.09493676664125794,0.0028480456580619595,-0.18987345783360055,0.0028480456580619595,-0.19620256554982907,0.0028480456580619595,-0.32278479532331406,0.0028480456580619595
TVRD,2026-07-07 07:02:35-04:00,"7.01,9.01",3.2300000190734863,277216.0029411316,0.5479876069580432,0.7616099144335655,0.17647056652535253,0.7616099144335655,0.02476777809091235,0.7616099144335655,-0.09287924165472239,0.7616099144335655,-0.1455108439117122,0.7616099144335655
TWO,2026-07-28 16:17:41-04:00,"2.02,9.01",12.119999885559082,18265732.195949554,-0.0016501241153628055,0.0016502028013631875,-0.0016501241153628055,0.0016502028013631875,-0.0016501241153628055,0.0016502028013631875,-0.0016501241153628055,0.0016502028013631875,-0.0016501241153628055,0.0016502028013631875
TWO,2026-07-06 16:08:43-04:00,"5.07,8.01,9.01",12.069999694824219,20538994.306087494,0.0008285193980679395,0.001657038796135879,0.0,0.0024855581942038185,0.0008285193980679395,0.0024855581942038185,0.0033139985803132266,0.004142517978381166,0.0024855581942038185,0.005799556774517045
TRTX,2026-07-28 16:32:22-04:00,"2.02,9.01",8.350000381469727,4702457.010269165,-0.016766507416387855,0.008383196601950083,-0.016766507416387855,0.008383196601950083,-0.016766507416387855,0.008383196601950083,-0.016766507416387855,0.008383196601950083,-0.016766507416387855,0.008383196601950083
TRNR,2026-07-09 17:15:45-04:00,"1.01,8.01,9.01",2.430000066757202,298984.60764837265,0.06172833449713644,0.06172833449713644,0.2386830896182055,0.3045267445297901,0.259259201117251,0.60905348905958,0.27160486801667827,0.60905348905958,0.3045267445297901,0.60905348905958
U,2026-07-27 16:54:39-04:00,5.02,30.1200008392334,204464446.2108612,0.05677287638867745,0.05810092799600808,0.06374502067719101,0.09063736915078979,0.06374502067719101,0.09063736915078979,0.06374502067719101,0.09063736915078979,0.06374502067719101,0.09063736915078979
U,2026-07-16 17:04:35-04:00,5.02,29.020000457763672,191230927.0685196,-0.001033793458727561,0.02308752810907344,0.027222570493356635,0.05616813008459243,0.008614748313455545,0.05702959177087519,-0.013783584156466189,0.05702959177087519,0.10406617540061869,0.1319778758078134
TXT,2026-07-28 06:34:22-04:00,"2.02,9.01",88.70999908447266,131463812.43896484,-0.034494392855081824,0.016796278651189045,-0.034494392855081824,0.016796278651189045,-0.034494392855081824,0.016796278651189045,-0.034494392855081824,0.016796278651189045,-0.034494392855081824,0.016796278651189045
UBSI,2026-07-23 08:00:07-04:00,"2.02,9.01",47.599998474121094,48388847.19467163,0.004201696835099522,0.010084104460519328,0.00714286057745861,0.016176480723677056,0.026890811660215563,0.035084076411273646,0.026890811660215563,0.035084076411273646,0.026890811660215563,0.035084076411273646
UCB,2026-07-21 07:35:58-04:00,"2.02,7.01,9.01",35.36000061035156,31547994.624900818,-0.010463770517482707,0.0,-0.013291889496334863,0.0,-0.005373372118965047,0.008484141173140225,0.006504511828797854,0.010463770517482596,0.006504511828797854,0.010463770517482596
UCB,2026-07-10 09:08:00-04:00,"8.01,9.01",35.689998626708984,31788134.235572815,-0.004202793974595109,0.0011207878135754967,-0.0022414687429422875,0.002801969533938964,0.03922671840147407,0.04174843753991464,0.009526482646974532,0.04174843753991464,-0.014569920923855784,0.04174843753991464
TTRX,2026-07-28 08:05:26-04:00,"7.01,9.01",7.650000095367432,827529.4862270355,-0.02875820448185784,0.015032649631965933,-0.02875820448185784,0.015032649631965933,-0.02875820448185784,0.015032649631965933,-0.02875820448185784,0.015032649631965933,-0.02875820448185784,0.015032649631965933
TTRX,2026-07-07 08:05:25-04:00,"7.01,9.01",9.430000305175781,339725.00166893005,-0.025450765326142433,0.23966057285990638,-0.0657475997343061,0.23966057285990638,0.004241777365698862,0.23966057285990638,0.01590663983838314,0.23966057285990638,0.02014841720408178,0.23966057285990638
UAL,2026-07-15 16:00:02-04:00,"2.02,7.01,9.01",116.63999938964844,567043556.4727783,0.018604236799558027,0.04698219637868006,-0.010545230915426584,0.04698219637868006,0.009087770611629686,0.04698219637868006,-0.011059678688937202,0.04698219637868006,0.02383400886354603,0.06893004936213054
TXNM,2026-07-21 16:20:34-04:00,"1.01,2.03,9.01",58.06999969482422,50729358.23993683,0.003960729179353306,0.006027182296546307,0.003960729179353306,0.006027182296546307,0.0015498562607347832,0.008265878160132134,-0.006543844844364655,0.008265878160132134,-0.006543844844364655,0.008265878160132134
TXNM,2026-07-17 17:45:04-04:00,"1.01,2.03,7.01",57.529998779296875,56036924.003601074,0.004693211602515124,0.0073005734843456516,0.009734075876471904,0.010603174401093263,0.013384329464661393,0.015470179185345545,0.010950827072535141,0.017729888395734417,0.0027811550635681304,0.017729888395734417
TXNM,2026-07-06 07:28:23-04:00,8.01,57.0,84707686.43569946,-0.007543865003083905,0.003333309240508564,-0.010526289019668345,0.003333309240508564,-0.002280720493249677,0.003333309240508564,0.0,0.007543865003083905,0.0191228096945244,0.019999989292077913
UFCS,2026-07-17 13:17:02-04:00,8.01,51.09000015258789,8130108.197021484,0.005480500654934772,0.027598352773555268,0.008025050815963608,0.027598352773555268,-0.03268745309561305,0.027598352773555268,0.007046400651328444,0.027598352773555268,0.026423927776259903,0.039733779080719955
UEC,2026-07-23 16:41:05-04:00,"5.07,7.01,9.01",9.84000015258789,83696889.56689835,-0.03353657709235558,0.0030487533034542214,0.007113790014099619,0.028455256974518672,-0.0813008311310306,0.028455256974518672,-0.0813008311310306,0.028455256974518672,-0.0813008311310306,0.028455256974518672
TZOO,2026-07-28 14:23:40-04:00,"2.02,7.01,9.01",7.590000152587891,720550.0,-0.01712781447001588,0.013175217736783873,-0.01712781447001588,0.013175217736783873,-0.01712781447001588,0.013175217736783873,-0.01712781447001588,0.013175217736783873,-0.01712781447001588,0.013175217736783873
UDR,2026-07-27 16:19:30-04:00,"2.02,9.01",38.47999954223633,100579953.15132141,0.01351352557041774,0.03248440787084683,0.03222457622707986,0.033004170292925794,0.03222457622707986,0.033004170292925794,0.03222457622707986,0.033004170292925794,0.03222457622707986,0.033004170292925794
UCTT,2026-07-08 16:09:13-04:00,"5.02,9.01",115.5,204702811.65924072,-0.0806060394683441,0.0010389848188920858,-0.07991344897778008,0.0010389848188920858,-0.10155847062280166,0.0010389848188920858,-0.19826841147947105,0.0010389848188920858,-0.1293506704883658,0.0010389848188920858
ULCC,2026-07-17 16:01:28-04:00,5.02,6.230000019073486,29215542.660570145,-0.00321026980181105,0.019261618810866077,-0.011235982575773296,0.021669302027506943,-0.1171749625744063,0.021669302027506943,-0.020866791981206334,0.021669302027506943,0.04333868059388335,0.08828253435810707
ULCC,2026-07-07 16:02:47-04:00,1.01,7.159999847412109,26177415.170693398,0.0,0.01256985398127064,0.07541899069288438,0.0789106241985007,-0.08240219110674707,0.0789106241985007,-0.0865921646329606,0.0789106241985007,-0.1689944223370775,0.0789106241985007
UNFI,2026-07-09 07:01:43-04:00,"5.02,7.01,9.01",47.93000030517578,28668452.18849182,0.019611905293634546,0.02962650031095393,0.021906931574694033,0.037763433377144384,0.012309621298378648,0.05278528610866018,0.024410560431792128,0.06217399380893651,0.03630289698916678,0.06217399380893651
UHT,2026-07-27 16:25:15-04:00,"2.02,9.01",44.83000183105469,3491189.932823181,0.008699517593556694,0.01962965017789431,-0.003122980116603946,0.01962965017789431,-0.003122980116603946,0.01962965017789431,-0.003122980116603946,0.01962965017789431,-0.003122980116603946,0.01962965017789431
ULTA,2026-07-14 16:30:25-04:00,"5.02,7.01,9.01",465.4200134277344,256190663.8534546,0.0015469923938173924,0.019466282706384952,0.02887708206796935,0.03508655859467291,0.04868714814742203,0.05912936319818329,0.03888955150990281,0.06278200416329982,0.09168059318270294,0.11045937471292655
UMH,2026-07-09 16:35:54-04:00,"7.01,9.01",15.279999732971191,7093993.429756165,0.0,0.005890062445072397,0.008507861041411102,0.008507861041411102,0.0,0.020942451183951105,0.026832451215781816,0.05562823577550735,0.017015722082822204,0.05562823577550735
UMH,2026-07-06 16:05:39-04:00,"7.01,9.01",15.520000457763672,7925321.792268753,-0.007087667983703971,0.01288658526843589,-0.023195914931270267,0.01288658526843589,-0.015463963770208755,0.01288658526843589,-0.009664985037391105,0.01288658526843589,-0.001933033876329593,0.039304038982665546
UMH,2026-07-01 16:30:28-04:00,"7.01,9.01",15.4399995803833,7925321.792268753,0.005181404116229027,0.005181404116229027,-0.001942987939540286,0.00971506323064708,-0.01813469822414593,0.018134759990618976,-0.01036268469951196,0.018134759990618976,0.016191710284605643,0.04468909320826353
UMBF,2026-07-28 16:05:28-04:00,"2.02,8.01,9.01",146.3000030517578,93823928.40194702,0.013465489949485487,0.02276146111819699,0.013465489949485487,0.02276146111819699,0.013465489949485487,0.02276146111819699,0.013465489949485487,0.02276146111819699,0.013465489949485487,0.02276146111819699
UGI,2026-07-07 17:00:42-04:00,"1.01,2.03,9.01",35.529998779296875,45878475.9519577,0.001688752472628341,0.009006465122950669,0.015198450157054344,0.023079080298252785,0.02195335268203391,0.026737990306180626,0.019420277655858298,0.0351815379382554,0.03658888534821214,0.05629046070120869
UMAC,2026-07-28 16:01:26-04:00,5.02,19.920000076293945,63264421.72050476,-0.133534128374712,0.002510001850855925,-0.133534128374712,0.002510001850855925,-0.133534128374712,0.002510001850855925,-0.133534128374712,0.002510001850855925,-0.133534128374712,0.002510001850855925
UNCY,2026-07-02 10:30:00-04:00,8.01,5.809999942779541,19969949.505329132,-0.07745263574819483,0.020654025256611863,-0.06540449538440507,0.020654025256611863,-0.09466432346203801,0.020654025256611863,-0.12392423361147198,0.020654025256611863,-0.06196215784163639,0.020654025256611863
UFPI,2026-07-22 16:00:22-04:00,"8.01,9.01",86.0,34849491.635894775,0.0020930268043695133,0.008604626322901598,0.02255816792332843,0.03011623648710038,0.05825583879337759,0.06872097281522538,0.019883710284565703,0.06872097281522538,0.019883710284565703,0.06872097281522538
UPWK,2026-07-16 16:22:31-04:00,5.02,9.34000015258789,24188476.257419586,-0.029978557644199877,0.016059916068493107,-0.001070688299621203,0.016059916068493107,-0.04068523642749933,0.016059916068493107,-0.0546038780032061,0.016059916068493107,0.02034256716052152,0.053533189703584894
UNTY,2026-07-14 06:00:30-04:00,"2.02,9.01",56.13999938964844,2921427.4795532227,0.008550045376823245,0.020840790815154664,0.0555753289242118,0.07071608948815111,0.017278254920714886,0.07071608948815111,0.02244392857016675,0.07071608948815111,0.047203447714456725,0.07249732346051085
URI,2026-07-22 16:23:15-04:00,"2.02,7.01,9.01",1096.0,480901512.9577637,0.03988135122034664,0.07451646345375229,0.041596684142620965,0.07451646345375229,-0.004324808608006436,0.07451646345375229,-0.03730840752594666,0.07451646345375229,-0.03730840752594666,0.07451646345375229
USCB,2026-07-28 13:46:36-04:00,"7.01,9.01",22.670000076293945,1097609.0143203735,-0.028672237156716185,0.02337894507551108,-0.028672237156716185,0.02337894507551108,-0.028672237156716185,0.02337894507551108,-0.028672237156716185,0.02337894507551108,-0.028672237156716185,0.02337894507551108
USCB,2026-07-23 16:00:18-04:00,"2.02,7.01,9.01",20.5,790911.9968414307,0.05707317445336324,0.06487804505883199,0.10560980075743132,0.11439021040753627,0.07414636379334993,0.15804876932283718,0.07414636379334993,0.15804876932283718,0.07414636379334993,0.15804876932283718
USCB,2026-07-20 16:34:03-04:00,"7.01,9.01",20.219999313354492,605465.9999847412,0.009891234902632329,0.018298756270927585,-0.001978190382642242,0.018298756270927585,0.07171121721956664,0.07962416740974976,0.12017806071688963,0.17408509284364082,0.08902083113426973,0.17408509284364082
UPBD,2026-07-21 17:42:34-04:00,8.01,21.969999313354492,18394143.90335083,-0.025034103516162975,0.010468887427099505,-0.04050975955686309,0.010468887427099505,-0.06190253734674689,0.010468887427099505,-0.046426881306046774,0.010468887427099505,-0.046426881306046774,0.010468887427099505
USAC,2026-07-06 06:55:08-04:00,"3.03,5.03,8.01,9.01",25.920000076293945,4316306.570148468,0.005401211004489204,0.013888912395521702,0.0424382861972199,0.04861111979834498,0.021604917603937457,0.053240708206198306,0.04552470299778255,0.053240708206198306,0.04050922970563042,0.057484558901714555
USGO,2026-07-14 17:18:11-04:00,"7.01,9.01",7.860000133514404,570131.509065628,-0.0012722937292578562,0.015903307617898044,0.00763358037663453,0.021628447400646067,0.03435114202800782,0.06679390412843289,0.009541960304217278,0.06679390412843289,-0.06743005099306187,0.06679390412843289
USGO,2026-07-06 06:45:29-04:00,"7.01,9.01",8.625,423845.5059528351,-0.06086952098901721,0.05159416751585155,-0.12231882067694178,0.05159416751585155,-0.09565215179885644,0.05159416751585155,-0.07826089167940442,0.05159416751585155,-0.0655071977256001,0.05159416751585155
UNM,2026-07-28 16:23:51-04:00,"2.02,9.01",83.5,109983761.75231934,0.0015568533343468527,0.017844285793647163,0.0015568533343468527,0.017844285793647163,0.0015568533343468527,0.017844285793647163,0.0015568533343468527,0.017844285793647163,0.0015568533343468527,0.017844285793647163
UNM,2026-07-06 06:55:28-04:00,"1.01,7.01,9.01",90.22000122070312,116284693.3670044,-0.011305744387718697,0.007537134737033657,-0.027488398618692345,0.007537134737033657,-0.03014853894813463,0.007537134737033657,-0.019397029221037254,0.007537134737033657,-0.020394634697288416,0.007537134737033657
UNM,2026-07-01 17:02:16-04:00,"8.01,9.01",91.77999877929688,116284693.3670044,0.006101520658551962,0.006319479611776924,-0.024733021064045402,0.006319479611776924,-0.04401831520222965,0.006319479611776924,-0.046633240752039895,0.006319479611776924,-0.02974499633742511,0.006319479611776924
UTMD,2026-07-23 15:13:28-04:00,"2.02,9.01",64.94999694824219,1303260.0288391113,0.03371828397700205,0.05866059071603069,0.0638953305753962,0.07775216765263426,0.09222487720726802,0.1316397760352661,0.09222487720726802,0.1316397760352661,0.09222487720726802,0.1316397760352661
UVSP,2026-07-27 16:42:16-04:00,"7.01,9.01",44.40999984741211,11247008.285713196,0.013060162869793057,0.02161673244249296,0.0045035073998340724,0.02161673244249296,0.0045035073998340724,0.02161673244249296,0.0045035073998340724,0.02161673244249296,0.0045035073998340724,0.02161673244249296
UVSP,2026-07-23 08:30:25-04:00,"2.02,9.01",44.599998474121094,8935321.99459076,-0.011210762715387124,0.010762407474343538,-0.00874438123298893,0.010762407474343538,0.00022426315185342105,0.01726458484545601,0.00022426315185342105,0.01726458484545601,0.00022426315185342105,0.01726458484545601
USPH,2026-07-06 16:22:02-04:00,"8.01,9.01",74.48999786376953,15680939.989089966,-0.036112161218359806,0.01248490175656336,-0.05651764270650239,0.01248490175656336,-0.026177970253246974,0.01248490175656336,-0.06027652023807317,0.01248490175656336,0.003356155284863993,0.028191683908511678
USAR,2026-07-23 08:32:44-04:00,"3.02,7.01,8.01,9.01",15.079999923706055,152712191.16430283,-0.061671108082288706,0.0019893722230084343,-0.009946924356045272,0.014588877197735606,-0.13328914052062268,0.014588877197735606,-0.13328914052062268,0.014588877197735606,-0.13328914052062268,0.014588877197735606
USAR,2026-07-20 09:00:39-04:00,"5.02,7.01,9.01",15.470000267028809,165333175.3446579,0.021331604266962012,0.03749185261928467,0.022624397010603925,0.06334844725241018,-0.08532647871453825,0.06334844725241018,-0.09114413853096304,0.06334844725241018,-0.15513901297853938,0.06334844725241018
USAR,2026-07-16 17:00:39-04:00,"1.01,8.01,9.01",15.430000305175781,165333175.3446579,0.014257894297040163,0.04990281545914077,-0.01296181198858215,0.04990281545914077,0.025275397403434763,0.06610501863836826,-0.08295532477832479,0.06610501863836826,-0.15294883756806754,0.06610501863836826
UTHR,2026-07-23 07:00:29-04:00,"5.02,7.01,9.01",533.9400024414062,190938573.35510254,-0.010244656165992239,0.007154375597917317,-0.011237217613524697,0.007154375597917317,-0.01730529683508586,0.007154375597917317,-0.01730529683508586,0.007154375597917317,-0.01730529683508586,0.007154375597917317
VABK,2026-07-23 16:30:15-04:00,"2.02,8.01,9.01",44.900001525878906,342162.00160980225,-0.0006682091976510929,0.0,0.023162518162291423,0.06570148881936899,0.019153602815773274,0.06570148881936899,0.019153602815773274,0.06570148881936899,0.019153602815773274,0.06570148881936899
UUUU,2026-07-28 16:49:28-04:00,"7.01,8.01,9.01",11.40999984741211,75671672.51853943,-0.05872042815547518,0.0035056934608197476,-0.05872042815547518,0.0035056934608197476,-0.05872042815547518,0.0035056934608197476,-0.05872042815547518,0.0035056934608197476,-0.05872042815547518,0.0035056934608197476
UUUU,2026-07-13 18:55:44-04:00,"7.01,9.01",13.489999771118164,90610968.50776672,-0.01927355324634561,0.008895469799488076,-0.060785745643956446,0.008895469799488076,-0.1482579713812866,0.008895469799488076,-0.08450699844259113,0.008895469799488076,-0.160118597780604,0.008895469799488076
VAC,2026-07-21 08:00:10-04:00,"5.02,9.01",98.30999755859375,36522698.85253906,-0.013325171306336148,0.014037279189128338,-0.04567183374298678,0.014037279189128338,0.005696319823978335,0.014037279189128338,0.0455701705644278,0.07211884999854101,0.0455701705644278,0.07211884999854101
VATE,2026-07-08 16:14:35-04:00,8.01,11.5,1615157.9830169678,-0.11652175239894702,0.0652173913043479,-0.13652171259341028,0.0652173913043479,-0.1730434583581012,0.0652173913043479,-0.18695648856784985,0.0652173913043479,-0.2660869930101477,0.0652173913043479
UVE,2026-07-23 16:15:24-04:00,"2.02,9.01",39.75,7443157.658576965,0.04679246818494498,0.059622614638610516,0.0903144692474942,0.11597485812205188,0.13257862786826857,0.13584909499066433,0.13257862786826857,0.13584909499066433,0.13257862786826857,0.13584909499066433
UVE,2026-07-08 16:16:39-04:00,"7.01,9.01",42.029998779296875,9816690.259933472,-0.005472270971124127,0.0,0.002855168928559193,0.006899855435403834,-0.01379962010950897,0.03283371658804324,-0.0906494805912409,0.03283371658804324,-0.10349746848586194,0.03283371658804324
UTL,2026-07-07 16:30:16-04:00,"1.01,2.03,7.01,8.01,9.01",52.77000045776367,8624901.421165466,-0.005116552120930429,0.021224159980464563,-0.0017055173736434392,0.021224159980464563,0.022740207552204073,0.03013075874161686,0.00852758686821753,0.03202574591716423,0.04851243795876026,0.05343944798865996
VELO,2026-07-14 16:03:09-04:00,"1.01,9.01",12.829999923706055,25596562.61949539,-0.12626655457462632,0.03429466380936019,-0.1936866462552116,0.03429466380936019,-0.2221356506950376,0.03429466380936019,-0.18082616590959943,0.03429466380936019,-0.34216682536461507,0.03429466380936019
VELO,2026-07-01 16:04:52-04:00,"5.02,9.01",16.420000076293945,73233496.86813354,-0.04811205591853651,0.0968331391717483,-0.08587087946776373,0.0968331391717483,-0.16260658123556926,0.0968331391717483,-0.1936662783434968,0.0968331391717483,-0.3550548049097152,0.0968331391717483
VENU,2026-07-27 17:00:14-04:00,"1.01,8.01,9.01",2.2699999809265137,877360.462474823,0.013215846538256804,0.03083697525593232,-0.07929518425975235,0.03083697525593232,-0.07929518425975235,0.03083697525593232,-0.07929518425975235,0.03083697525593232,-0.07929518425975235,0.03083697525593232
VENU,2026-07-23 06:02:21-04:00,"1.01,2.03,8.01,9.01",2.490000009536743,1046805.9997081757,-0.04819282068998332,0.04417666452792113,-0.09638554562953372,0.04417666452792113,-0.1606426079660339,0.04417666452792113,-0.1606426079660339,0.04417666452792113,-0.1606426079660339,0.04417666452792113
VC,2026-07-23 07:03:31-04:00,"1.01,2.02,7.01,9.01",99.83000183105469,43571530.920410156,0.039266734418969884,0.0667133718377142,0.057197225080050096,0.0667133718377142,0.06901732208027589,0.09075425615964883,0.06901732208027589,0.09075425615964883,0.06901732208027589,0.09075425615964883
VIR,2026-07-24 08:31:43-04:00,5.02,8.819999694824219,16107981.374263763,-0.002267517548905529,0.030045391438988656,0.003401438512873556,0.030045391438988656,-0.02040809044552383,0.030045391438988656,-0.02040809044552383,0.030045391438988656,-0.02040809044552383,0.030045391438988656
VANI,2026-07-16 08:30:30-04:00,"7.01,9.01",1.340000033378601,1151740.9939289093,-0.014925358528601551,0.029850717057203102,0.007462679264300887,0.029850717057203102,0.03731339632150399,0.10074625903021461,-0.04477616454795885,0.10074625903021461,-0.0597015230765604,0.10074625903021461
VANI,2026-07-07 07:46:22-04:00,"1.01,8.01,9.01",1.3600000143051147,261520.99837064743,0.17647059339140525,0.18749999452163202,0.14705876939024543,0.22132352638254948,0.04411760452090707,0.22132352638254948,0.03676467043408915,0.22132352638254948,0.022058802260453536,0.22132352638254948
VERU,2026-07-02 16:08:22-04:00,"1.01,9.01",2.990000009536743,802025.9850025177,-0.05351173422085642,0.0,-0.03678926245651348,0.0,-0.06020069103113168,0.0,-0.14381273089822644,0.0,-0.23076924917045882,0.0
VFF,2026-07-22 08:37:34-04:00,"7.01,9.01",1.9700000286102295,1278739.9821281433,-0.010152274434545583,0.017766540772783612,-0.02030460938141998,0.017766540772783612,0.04060909773818233,0.04060909773818233,-0.002538068608636368,0.04060909773818233,-0.002538068608636368,0.04060909773818233
VERA,2026-07-09 08:00:16-04:00,5.02,42.150001525878906,131665822.58987427,-0.0035587549335391877,0.0,-0.015421150708139875,0.0,0.0083036408410615,0.024673714428967486,-0.08659552535574422,0.024673714428967486,-0.1589561214802292,0.024673714428967486
VERA,2026-07-07 12:45:57-04:00,8.01,42.95000076293945,116216533.03813934,-0.012107111723554831,0.01722928639405419,-0.011641443332206847,0.01722928639405419,-0.03376020342683261,0.01722928639405419,-0.01047731676241892,0.01722928639405419,-0.160535514209192,0.01722928639405419
VEEE,2026-07-13 09:26:20-04:00,"1.01,5.02,7.01,9.01",19.290000915527344,423822.0073699951,0.9963709950130104,1.5292897148726516,0.3784343644683017,1.5292897148726516,1.0062207841466804,1.8766199608523881,0.36080864459007134,1.8766199608523881,-0.22757911294153288,1.8766199608523881
VCTR,2026-07-23 16:59:28-04:00,"5.02,7.01,9.01",96.48999786376953,44805341.39671326,0.007358266143554948,0.021090306841777817,0.0329567869787446,0.03855323145467637,0.010052868091806166,0.04777697909020828,0.010052868091806166,0.04777697909020828,0.010052868091806166,0.04777697909020828
VCTR,2026-07-13 08:28:23-04:00,"8.01,9.01",92.62999725341797,34137799.26338196,0.054733885837799034,0.05977548016468548,0.06930806422001656,0.10169498086638717,0.06358630642657292,0.10169498086638717,0.0571089395701363,0.10169498086638717,0.08463785166522686,0.10169498086638717
VIVK,2026-07-27 17:26:53-04:00,"3.02,7.01,9.01",1.9800000190734863,8907645.773267746,-0.02020200074126499,0.04040400148252998,0.21212124861012804,0.4040403760655684,0.21212124861012804,0.4040403760655684,0.21212124861012804,0.4040403760655684,0.21212124861012804,0.4040403760655684
VIVK,2026-07-21 17:28:53-04:00,"1.01,3.02,7.01,9.01",2.069999933242798,1992840.9441959858,-0.2125603633821761,0.04347833598569206,0.024154567115350467,0.26565220901731346,0.014492740269210325,0.8937199046924578,0.15942037331743575,0.8937199046924578,0.15942037331743575,0.8937199046924578
VIVK,2026-07-16 17:29:50-04:00,"5.03,7.01,9.01",4.110000133514404,905571.1980628967,-0.45012167468453046,0.017664205715200554,-0.5790754348238458,0.017664205715200554,-0.6034063400776978,1.343065645160074,-0.2919708050368388,1.343065645160074,-0.41605838992632227,1.343065645160074
VIVK,2026-07-10 17:29:37-04:00,"1.01,3.02,9.01",5.24399995803833,412645.1256084442,0.17086192136096812,0.28871089837521646,0.15026699334801252,0.28871089837521646,-0.18764297044818967,0.28871089837521646,-0.670099154668826,0.28871089837521646,-0.5995423490777192,0.8363844758769408
VOYA,2026-07-21 16:15:45-04:00,7.01,98.30000305175781,88330814.68544006,0.0022379815308120055,0.007527953619491656,-0.01536116062412951,0.007527953619491656,0.0072227778477160776,0.020549303971057142,0.005289894475309476,0.021464908899754498,0.005289894475309476,0.021464908899754498
VOYA,2026-07-08 17:15:26-04:00,7.01,96.30000305175781,102570575.79841614,0.0023883252362457696,0.025129782889463215,0.013084054692695357,0.02668743108391114,0.02076843132523143,0.03322945843025882,0.044548215474376374,0.07840078071758128,0.00508824349160375,0.07840078071758128
VICR,2026-07-21 07:20:05-04:00,"2.02,9.01",206.0,169404333.77685547,0.05509711700735731,0.10359221523247886,0.12320390719811902,0.1329126450621967,0.002135934181583643,0.14014560736498782,-0.1127669695511605,0.14014560736498782,-0.1127669695511605,0.14014560736498782
VOR,2026-07-07 16:04:11-04:00,"5.02,9.01",19.799999237060547,26529470.837306976,0.02575758830976338,0.028282898730765504,-0.002525214090259187,0.058080887383389124,-0.0893938696271287,0.058080887383389124,-0.08686865553686951,0.058080887383389124,-0.01464641511884035,0.058080887383389124
VMI,2026-07-28 08:15:13-04:00,5.02,477.239990234375,126179536.5234375,-0.04389821079152334,0.0059718509802919595,-0.04389821079152334,0.0059718509802919595,-0.04389821079152334,0.0059718509802919595,-0.04389821079152334,0.0059718509802919595,-0.04389821079152334,0.0059718509802919595
VMI,2026-07-21 07:10:09-04:00,"2.02,9.01",499.70001220703125,80786568.09082031,-0.02441467262157415,0.006463839083141298,-0.022213339668514465,0.006463839083141298,-0.009785900598320407,0.006463839083141298,-0.08687212848040538,0.006463839083141298,-0.08687212848040538,0.006463839083141298
VLY,2026-07-23 07:05:35-04:00,"2.02,7.01,9.01",14.510000228881836,113773495.81317902,-0.011716062964324703,0.006891759215576165,-0.011026867325172995,0.006891759215576165,-0.015851171073921422,0.006891759215576165,-0.015851171073921422,0.006891759215576165,-0.015851171073921422,0.006891759215576165
VERI,2026-07-16 16:14:15-04:00,8.01,1.0199999809265137,2956768.9655721188,0.0,0.018627503687306923,0.02941173720662249,0.05882359128509962,0.10784315329613703,0.1617646715082781,0.01960782480441492,0.1617646715082781,-0.020588204357450235,0.1617646715082781
VERI,2026-07-10 16:05:09-04:00,"5.02,5.03,5.07,9.01",1.149999976158142,3177650.809520483,-0.04347822030685711,0.03478267990573958,-0.0695651524909715,0.03478267990573958,-0.10434783239671108,0.03478267990573958,-0.08695654427396826,0.03478267990573958,-0.06086950842960004,0.03478267990573958
VISN,2026-07-08 17:08:32-04:00,"2.01,9.01",12.59000015258789,85419622.97272682,0.0007942993455627434,0.009531364901089079,-0.007942841958518243,0.009531364901089079,-0.0397140582954818,0.009531364901089079,-0.040508357641044546,0.009531364901089079,-0.05162832123325922,0.009531364901089079
VRA,2026-07-24 16:08:34-04:00,"5.02,9.01",3.700000047683716,360218.9971089363,0.010810800361494177,0.024324300813361788,-0.010810800361494066,0.024324300813361788,-0.062162166516044115,0.024324300813361788,-0.062162166516044115,0.024324300813361788,-0.062162166516044115,0.024324300813361788
VRSN,2026-07-23 16:08:53-04:00,"2.02,8.01,9.01",263.82000732421875,192284224.94659424,0.06132966502383952,0.06303541968435789,0.04169509398307936,0.07952384158251835,0.10272157285710093,0.11955112255221434,0.10272157285710093,0.11955112255221434,0.10272157285710093,0.11955112255221434
VRRM,2026-07-28 16:01:50-04:00,"7.01,9.01",5.75,12076085.61630249,-0.11304349484650988,0.04347826086956519,-0.11304349484650988,0.04347826086956519,-0.11304349484650988,0.04347826086956519,-0.11304349484650988,0.04347826086956519,-0.11304349484650988,0.04347826086956519
VRRM,2026-07-23 16:56:54-04:00,5.07,3.9100000858306885,12339605.657243729,0.03580565264218705,0.03964193554661777,0.07161124430775656,0.08312021497428401,0.3043477730638109,0.5345268205346565,0.3043477730638109,0.5345268205346565,0.3043477730638109,0.5345268205346565
VRNS,2026-07-28 16:10:19-04:00,"2.02,9.01",42.68000030517578,73328106.56414032,-0.0475632325394032,0.007263387326017057,-0.0475632325394032,0.007263387326017057,-0.0475632325394032,0.007263387326017057,-0.0475632325394032,0.007263387326017057,-0.0475632325394032,0.007263387326017057
VVV,2026-07-23 17:17:58-04:00,"5.02,9.01",38.41999816894531,66961994.0246582,0.014055204093263773,0.02030199456450288,0.029672130626678728,0.038261355824095844,0.03201466464222258,0.06298808170164505,0.03201466464222258,0.06298808170164505,0.03201466464222258,0.06298808170164505
WAB,2026-07-22 06:59:48-04:00,"2.02,7.01,9.01",293.5,218365205.9387207,0.01529809279173766,0.015843250073200643,0.030664395229982988,0.03223165742786405,0.04187396437792801,0.04293017411760003,-0.005928416471465026,0.044770066945272635,-0.005928416471465026,0.044770066945272635
WABC,2026-07-23 13:15:51-04:00,"8.01,9.01",60.52000045776367,12640849.034690857,-0.0004956837255447599,0.010740213256198894,-0.00826173159646526,0.010740213256198894,-0.0026437515895885166,0.010740213256198894,-0.0026437515895885166,0.010740213256198894,-0.0026437515895885166,0.010740213256198894
WABC,2026-07-16 13:47:12-04:00,"2.02,9.01",62.59000015258789,11335902.237510681,-0.019651694188172475,0.016296540266448556,-0.01901259983716075,0.016296540266448556,-0.038185003735770384,0.016296540266448556,-0.0335516611120229,0.016296540266448556,-0.03562868727911528,0.016296540266448556
WAL,2026-07-21 16:16:47-04:00,"2.02,9.01",78.48999786376953,64328646.7048645,0.06268321992923487,0.06994528784027665,0.057077379014703,0.06994528784027665,0.05440189054243749,0.08408712770735871,0.028156442153411954,0.08408712770735871,0.028156442153411954,0.08408712770735871
VST,2026-07-16 09:02:23-04:00,"1.01,2.03,9.01",150.36000061035156,564784739.3829346,0.0337855933122746,0.045823353030593816,0.05074491122532754,0.054602332272815746,0.10893857951796804,0.11605478104155331,0.08659220683432589,0.12902363539328676,-0.05021284265170478,0.12902363539328676
VST,2026-07-14 17:29:37-04:00,8.01,162.5,564784739.3829346,-0.013969257061298035,0.027323091947115463,-0.06116924579326921,0.027323091947115463,-0.0277538123497596,0.027323091947115463,0.026092341496394278,0.03267690805288459,-0.12116924579326926,0.04467688927283664
VYGR,2026-07-13 08:44:19-04:00,8.01,3.25,2407872.9954481125,-0.02769228128286505,0.02769228128286505,-0.015384600712702867,0.02769228128286505,-0.024615361140324477,0.02769228128286505,-0.0338461215679462,0.02769228128286505,-0.06461539635291469,0.02769228128286505
WCN,2026-07-28 08:40:03-04:00,"1.01,7.01,9.01",169.49000549316406,224486694.30999756,0.019588128844350017,0.029795195169619815,0.019588128844350017,0.029795195169619815,0.019588128844350017,0.029795195169619815,0.019588128844350017,0.029795195169619815,0.019588128844350017,0.029795195169619815
WCN,2026-07-22 16:09:41-04:00,"2.02,7.01,9.01",170.50999450683594,204899784.65652466,-0.014779127880218512,0.01014609724979354,-0.005278247173061135,0.01014609724979354,-0.007565499546603349,0.01014609724979354,0.013488963262300757,0.02363497102297596,0.013488963262300757,0.02363497102297596
WEN,2026-07-28 17:11:04-04:00,5.02,7.539999961853027,50741749.57809448,0.014588877197735606,0.03978782390618685,0.014588877197735606,0.03978782390618685,0.014588877197735606,0.03978782390618685,0.014588877197735606,0.03978782390618685,0.014588877197735606,0.03978782390618685
VWAV,2026-07-24 17:00:36-04:00,8.01,2.9600000381469727,1725422.9749321938,-0.12837841538637507,0.012837793210547677,-0.22635137420923168,0.012837793210547677,-0.29391895701538606,0.012837793210547677,-0.29391895701538606,0.012837793210547677,-0.29391895701538606,0.012837793210547677
VWAV,2026-07-24 07:01:34-04:00,"7.01,9.01",2.9600000381469727,1725422.9749321938,-0.12837841538637507,0.012837793210547677,-0.22635137420923168,0.012837793210547677,-0.29391895701538606,0.012837793210547677,-0.29391895701538606,0.012837793210547677,-0.29391895701538606,0.012837793210547677
VWAV,2026-07-21 06:09:00-04:00,"1.01,2.03,3.02,9.01",3.6600000858306885,1797447.5163936615,-0.0437158694203621,0.04644804204609265,-0.10382516544522746,0.04644804204609265,-0.2950820045894924,0.04644804204609265,-0.42896178547630914,0.04644804204609265,-0.42896178547630914,0.04644804204609265
VWAV,2026-07-02 08:30:47-04:00,"7.01,8.01,9.01",4.119999885559082,2540303.9180755615,0.0752427066481518,0.10436900900967627,0.026699062274240237,0.10436900900967627,0.0679612178606539,0.10436900900967627,0.031553426711631305,0.10436900900967627,-0.06310679555467391,0.10436900900967627
VYNE,2026-07-21 08:14:41-04:00,"7.01,8.01,9.01",43.720001220703125,885787.8785369694,0.05603835498252496,0.07387921893988425,-0.41788654958024374,0.07387921893988425,-0.3628774299062485,0.07387921893988425,-0.3628774299062485,0.07387921893988425,-0.3628774299062485,0.07387921893988425
VYNE,2026-07-17 20:41:06-04:00,5.07,43.720001220703125,885787.8785369694,0.05603835498252496,0.07387921893988425,-0.41788654958024374,0.07387921893988425,-0.3628774299062485,0.07387921893988425,-0.3628774299062485,0.07387921893988425,-0.3628774299062485,0.07387921893988425
WASH,2026-07-20 16:08:27-04:00,"2.02,9.01",37.75,4809989.377593994,0.04052976898799665,0.055629098652214326,0.017483439666545975,0.055629098652214326,0.016953626215852724,0.055629098652214326,0.047682098994981326,0.055629098652214326,0.039205285887055075,0.055629098652214326
WERN,2026-07-28 16:08:39-04:00,"2.02,9.01",37.20000076293945,69810955.72624207,-0.014784925424208173,0.01048385434542709,-0.014784925424208173,0.01048385434542709,-0.014784925424208173,0.01048385434542709,-0.014784925424208173,0.01048385434542709,-0.014784925424208173,0.01048385434542709
WEX,2026-07-22 16:55:18-04:00,"2.02,9.01",160.2100067138672,80488891.04385376,0.0702827166529374,0.08651145390128678,0.09949432940905978,0.11597269704538005,0.14150176155621552,0.1518007056130073,0.17601894867033474,0.19455712416649784,0.17601894867033474,0.19455712416649784
WAFD,2026-07-28 15:33:32-04:00,"7.01,9.01",36.54999923706055,24015615.145492554,0.002462384527128325,0.01039674626668452,0.002462384527128325,0.01039674626668452,0.002462384527128325,0.01039674626668452,0.002462384527128325,0.01039674626668452,0.002462384527128325,0.01039674626668452
WAFD,2026-07-17 13:03:27-04:00,"2.02,9.01",38.060001373291016,19807885.041999817,-0.0320546814682795,0.0007881970103640334,-0.025748804699835204,0.0007881970103640334,-0.035207569738246236,0.0007881970103640334,-0.04282714160013412,0.0007881970103640334,-0.037309562070564684,0.0007881970103640334
WAFD,2026-07-02 17:57:41-04:00,"7.01,9.01",38.61000061035156,22131815.383911133,-0.011655031230919155,0.0007769691484758035,-0.024864000758789806,0.0007769691484758035,-0.021756025364130238,0.0007769691484758035,-0.013468025111200266,0.0007769691484758035,-0.04584305697444424,0.022792050095935545
WDFC,2026-07-09 16:09:13-04:00,"2.02,9.01",292.0899963378906,31598810.64376831,-0.0930534869956291,0.023314723694665362,-0.1392036843845681,0.023314723694665362,-0.14615359299064223,0.023314723694665362,-0.15508919723274128,0.023314723694665362,-0.2080180604218591,0.023314723694665362
WBS,2026-07-21 16:19:29-04:00,"2.02,9.01",76.9000015258789,239604633.71696472,-0.0035111088049858408,0.0015604046138688599,-0.01872564906154972,0.0015604046138688599,0.0006501355184818092,0.0036410763815479807,-0.013654135642695131,0.0036410763815479807,-0.013654135642695131,0.0036410763815479807
WFRD,2026-07-21 16:30:11-04:00,"2.02,9.01",87.69000244140625,143176543.03512573,-0.006614229842703434,0.04550117177195445,-0.023834005121412538,0.04550117177195445,-0.02018478986408556,0.04550117177195445,-0.06135254570676263,0.04550117177195445,-0.06135254570676263,0.04550117177195445
WHR,2026-07-01 17:05:25-04:00,2.05,40.470001220703125,88629946.76265717,-0.058561963802699735,0.010625161655686055,-0.060044483120318626,0.010625161655686055,-0.06918712545838579,0.010625161655686055,0.006177415183079127,0.03434641333633959,-0.05510253212188032,0.03434641333633959
WHF,2026-07-28 08:00:19-04:00,"7.01,9.01",6.550000190734863,267290.9961938858,-0.019847345138219397,0.00458011177062656,-0.019847345138219397,0.00458011177062656,-0.019847345138219397,0.00458011177062656,-0.019847345138219397,0.00458011177062656,-0.019847345138219397,0.00458011177062656
WKC,2026-07-23 16:29:31-04:00,"2.02,9.01",40.0,38218786.19194031,-0.04650001525878911,0.030000019073486373,-0.005249977111816406,0.030000019073486373,0.006250000000000089,0.030000019073486373,0.006250000000000089,0.030000019073486373,0.006250000000000089,0.030000019073486373
WKC,2026-07-02 16:15:15-04:00,"5.07,9.01",33.09000015258789,31959303.537750244,0.002417588878468546,0.020852179617020017,0.000906581419115815,0.020852179617020017,0.03958904101692973,0.05530365693317485,0.0864309639517451,0.09761255748993158,0.07887581137250121,0.14475675108610497
WH,2026-07-22 16:31:23-04:00,"2.02,7.01,9.01",74.58100128173828,99564024.1569519,-0.014762444937492125,0.012389160185570347,-0.014092094291830781,0.012389160185570347,0.014601532139441487,0.017819583506939463,0.013394839599197184,0.028009772613746486,0.013394839599197184,0.028009772613746486
WINA,2026-07-15 11:29:55-04:00,"2.02,7.01,8.01,9.01",378.8999938964844,14982658.145141602,0.02652419760474456,0.0606756957568968,0.02428084548754228,0.0606756957568968,-0.05415674147326044,0.0606756957568968,-0.11409337863584246,0.0606756957568968,-0.11786752278045831,0.0606756957568968
WHLR,2026-07-22 16:06:54-04:00,"3.03,5.03,9.01",1.3650000095367432,271341.85523986816,-0.14652018042959014,0.0,-0.0915750909352907,0.0,-0.04761908920610103,0.10622709151168741,-0.3150183180573689,0.10622709151168741,-0.3150183180573689,0.10622709151168741
WMS,2026-07-16 16:08:32-04:00,"5.07,9.01",149.4199981689453,78041885.72387695,-0.012515025700061577,0.023691665026787545,-0.04269846714627046,0.023691665026787545,-0.05133180473120502,0.023691665026787545,-0.05072950022716627,0.023691665026787545,-0.07435417445119874,0.023691665026787545
WNC,2026-07-20 16:30:28-04:00,"1.01,2.03,3.02,8.01,9.01",13.449999809265137,12067270.213270187,0.004460997804279998,0.01784384940681094,0.03420074681563179,0.03940518516632974,-0.008178413251833105,0.0401486966179021,-0.010408876701395786,0.0401486966179021,-0.07806692978624152,0.0401486966179021
WNC,2026-07-14 16:04:36-04:00,"1.01,2.02,7.01,8.01,9.01",11.9399995803833,9385285.91222763,0.058626531619776046,0.08877725769423117,0.05025128999631545,0.08877725769423117,0.11139036215424003,0.1440536287668439,0.16499165295327156,0.17085427416635968,0.0385259676979155,0.1716918143031505
WNEB,2026-07-28 16:33:39-04:00,"2.02,7.01,9.01",13.739999771118164,667117.5012588501,-0.05895192717870512,0.02547309951237664,-0.05895192717870512,0.02547309951237664,-0.05895192717870512,0.02547309951237664,-0.05895192717870512,0.02547309951237664,-0.05895192717870512,0.02547309951237664
WLFC,2026-07-21 06:57:53-04:00,"7.01,9.01",64.4800033569336,24050044.498443604,0.028535921868756642,0.03799622860873719,0.04668105381716403,0.05319479104535363,0.09289698436601301,0.09972084321370245,0.07351112929586767,0.10220217113530894,0.07351112929586767,0.10220217113530894
WLFC,2026-07-17 16:22:48-04:00,"5.03,9.01",64.3499984741211,27918592.112731934,-0.01911421245380418,0.009583041426487027,0.03061385030949726,0.04009326949855718,0.07303814590651259,0.08531465414062733,0.09401714367080949,0.10442892587488761,0.07567992015633918,0.10442892587488761
WLFC,2026-07-14 17:19:23-04:00,"1.01,7.01,9.01",216.83999633789062,36846911.417388916,-0.04556350207933024,0.003135989421023,-0.09610771393584017,0.003135989421023,-0.7089097952504662,0.003135989421023,-0.688756691553327,0.003135989421023,-0.6807784431390547,0.003135989421023
WLFC,2026-07-10 16:14:55-04:00,8.01,223.0800018310547,39160522.4571228,-0.03119959950125073,0.0,-0.027344477557138203,0.0,-0.12139143629541116,0.0,-0.7170521857011303,0.0,-0.6844181417068708,0.0
WRLD,2026-07-24 07:35:10-04:00,"2.02,7.01,9.01",204.6699981689453,18148873.516845703,-0.043191461459796465,0.00644944220466126,-0.07338644846257658,0.00644944220466126,-0.09336981864130944,0.00644944220466126,-0.09336981864130944,0.00644944220466126,-0.09336981864130944,0.00644944220466126
WRLD,2026-07-01 16:05:52-04:00,"1.01,2.03,9.01",220.25,22295095.388031006,-0.05570944051060589,0.003450599349992922,-0.08463109825039017,0.003450599349992922,-0.11709418064078458,0.003450599349992922,-0.09293984663202326,0.003450599349992922,-0.12799093049446653,0.003450599349992922
WSBC,2026-07-21 16:24:18-04:00,"2.02,9.01",40.93000030517578,34313096.60987854,-0.000488650320414119,0.006596639524811598,-0.020767126014743953,0.006596639524811598,0.001221579200775702,0.019056896493554243,0.023699027937228223,0.0312728749023492,0.023699027937228223,0.0312728749023492
WSBC,2026-07-02 16:26:10-04:00,"2.02,9.01",39.63999938964844,50952230.97305298,0.012865846218041321,0.0141271791602815,-0.00832487440561358,0.017406721796934255,-0.01942483525781158,0.017406721796934255,-0.013370302408109436,0.017406721796934255,0.02245205356589519,0.041120108305069625
WRAP,2026-07-13 17:09:50-04:00,"1.01,8.01,9.01",2.0899999141693115,830372.9974448681,0.04784696036262437,0.08133975276334549,0.09090912202069457,0.1315789984023672,-0.01913873851469783,0.1315789984023672,-0.1004784342401035,0.1315789984023672,-0.1722487607081602,0.1315789984023672
WRB,2026-07-20 16:13:03-04:00,"2.02,9.01",71.4800033569336,136865476.75170898,0.009513154354235498,0.04672630359588026,0.012311096979440883,0.04672630359588026,0.05567984807814086,0.05903740057532114,0.0656126831526902,0.0835197721172114,0.058337968286354513,0.0835197721172114
WPC,2026-07-28 16:08:36-04:00,"2.02,7.01,9.01",77.08999633789062,96575430.40466309,-0.0308729714162429,0.0003892386835755435,-0.0308729714162429,0.0003892386835755435,-0.0308729714162429,0.0003892386835755435,-0.0308729714162429,0.0003892386835755435,-0.0308729714162429,0.0003892386835755435
WPC,2026-07-02 16:15:30-04:00,"1.01,9.01",71.0,131874286.013031,-0.0063379851865096315,0.0036620019187389996,0.0033802516023877516,0.018873187857614493,-0.0005633931764414957,0.018873187857614493,0.021549278581646236,0.024084494147502244,0.058732368576694505,0.0781690570670115
WST,2026-07-23 07:14:59-04:00,"2.02,7.01,9.01",351.7900085449219,240842687.22839355,-0.0670570390428763,0.0,-0.05838712881551045,0.0,-0.04073457671272629,0.0,-0.04073457671272629,0.0,-0.04073457671272629,0.0
WST,2026-07-14 16:29:25-04:00,"1.01,9.01",357.3800048828125,254518210.7421875,0.00453297636984118,0.009401716116334669,0.014158591665621945,0.024959378779686237,-0.014158591665622056,0.024959378779686237,0.002882082839622324,0.024959378779686237,-0.05573902612225412,0.08008281024723862
WTBA,2026-07-23 07:17:41-04:00,"2.02,7.01,9.01",27.06999969482422,1465579.0033340454,0.007388280945481274,0.02659775503583739,0.023642386289749684,0.031030667235230736,0.03287770224166664,0.05060956241884784,0.03287770224166664,0.05060956241884784,0.03287770224166664,0.05060956241884784
WULF,2026-07-06 08:08:19-04:00,"8.01,9.01",21.639999389648438,709874920.5477715,-0.06469499343886154,0.011552680547652239,0.05499078408601332,0.058225520536962616,0.015249534797302733,0.13585954791957966,-0.10304988933146897,0.13585954791957966,-0.08179291129101063,0.13585954791957966
WYNN,2026-07-22 16:41:47-04:00,"1.01,7.01,9.01",92.87999725341797,118718159.79995728,0.04188199294445272,0.050387601674951155,0.043496996500811846,0.05803186422305884,0.06610679986236212,0.08537898944526456,0.06599919319643299,0.08537898944526456,0.06599919319643299,0.08537898944526456
WS,2026-07-15 07:24:02-04:00,"7.01,9.01",34.66999816894531,8978327.900123596,0.012979543891136647,0.016729214354969546,0.01903673772618064,0.027112849467878952,0.03288154786713626,0.04614947716528928,0.037784869987804504,0.05566773599960917,0.02942026281031973,0.11032595803150613
WS,2026-07-10 16:30:15-04:00,"2.02,9.01",33.189998626708984,11743025.95653534,-0.011750509363823602,0.027417893493969725,0.022597168756628205,0.027417893493969725,0.058150056795201355,0.062066931561523875,0.06176568654956527,0.0816511904579924,0.10756251408673867,0.1078638740338409
XIFR,2026-07-28 07:34:59-04:00,"2.02,9.01",12.020000457763672,10693560.983896255,-0.07820303646082427,0.0116472033541406,-0.07820303646082427,0.0116472033541406,-0.07820303646082427,0.0116472033541406,-0.07820303646082427,0.0116472033541406,-0.07820303646082427,0.0116472033541406
WSFS,2026-07-23 16:09:22-04:00,"2.02,7.01,9.01",81.01000213623047,37895074.93400574,-0.014442732594578955,0.015923970886434713,-0.004937680722514326,0.015923970886434713,-0.004567371149550303,0.015923970886434713,-0.004567371149550303,0.015923970886434713,-0.004567371149550303,0.015923970886434713
WSBF,2026-07-23 16:00:09-04:00,"2.02,9.01",19.579999923706055,1400547.5545883179,0.024514787748041833,0.039836603150398275,0.02757920927637736,0.043922401108405396,0.05056178626025143,0.058733382176265225,0.05056178626025143,0.058733382176265225,0.05056178626025143,0.058733382176265225
XFOR,2026-07-01 16:13:51-04:00,"5.02,7.01,9.01",4.150000095367432,2666523.0553865433,-0.004819272401665575,0.03734933238777871,-0.02891563440999334,0.03734933238777871,-0.045783145266081404,0.03734933238777871,0.06265054122165226,0.06987950727440917,-0.07951810952799898,0.07951805207774032
WU,2026-07-23 16:34:53-04:00,"5.02,9.01",8.319999694824219,61468372.80044556,-0.01201916243550094,0.0,-0.01802880096541193,0.003605851892539258,-0.02764417676354103,0.008413539791603863,-0.02764417676354103,0.008413539791603863,-0.02764417676354103,0.008413539791603863
WTFC,2026-07-20 16:56:56-04:00,"2.02,9.01",162.08999633789062,109988012.31765747,-0.019495365127420117,0.0,-0.021963092350083313,0.0,-0.02116103864072605,0.0,-0.006231072426767903,0.0,-0.017767843106244796,0.0
XPO,2026-07-27 07:00:35-04:00,"5.02,8.01,9.01",208.5,195988295.75271606,-0.018081555263601667,0.0016786863477966651,-0.043740983775479636,0.0016786863477966651,-0.043740983775479636,0.0016786863477966651,-0.043740983775479636,0.0016786863477966651,-0.043740983775479636,0.0016786863477966651
XERS,2026-07-17 16:20:39-04:00,"3.02,8.01",8.800000190734863,13916088.823699951,-0.022727250560256596,0.011363571094088698,-0.0022727792420651483,0.011363571094088698,-0.044318219871559594,0.011363571094088698,-0.06704547043181619,0.011363571094088698,-0.04772728036257834,0.011363571094088698
XRX,2026-07-02 16:05:30-04:00,"5.02,9.01",2.7799999713897705,10306777.376842499,0.035971274849026624,0.08273382066205759,-0.039568307995641594,0.08273382066205759,0.0,0.08273382066205759,-0.003597118908694741,0.08273382066205759,-0.061151107209889366,0.08273382066205759
YHC,2026-07-15 16:38:13-04:00,"5.03,7.01,9.01",2.0899999141693115,3020720.77581203,-0.14832533756478794,0.014354053886023399,-0.15311002219346248,0.014354053886023399,-0.11004780349745236,0.014354053886023399,-0.12440185738347576,0.07177038350599663,-0.2296650332901936,0.07177038350599663
YHC,2026-07-02 16:06:21-04:00,8.01,4.199999809265137,926960.0,-0.07142850655276467,0.023809615716916754,-0.04761900436850974,0.023809615716916754,-0.30952375546063715,0.023809615716916754,-0.3880952262013402,0.023809615716916754,-0.5571428336253772,0.023809615716916754
XYL,2026-07-28 07:06:22-04:00,"2.02,9.01",123.0999984741211,256766085.45951843,-0.007879782556675208,0.01031685043219488,-0.007879782556675208,0.01031685043219488,-0.007879782556675208,0.01031685043219488,-0.007879782556675208,0.01031685043219488,-0.007879782556675208,0.01031685043219488
YEXT,2026-07-07 16:16:11-04:00,5.02,5.019999980926514,6068141.441118717,-0.017928317316702413,0.019920299803290353,0.007968119921316186,0.022908416014395527,0.03784861711999277,0.046812775778344085,0.08764941412195992,0.12131478253138406,-0.011952179881974279,0.12131478253138406
XRN,2026-07-17 16:40:21-04:00,"5.02,9.01",37.650001525878906,2636187.0140075684,-0.016201874784315118,0.008764887197430626,0.00717122528881764,0.00903054817552107,-0.0074369875868843804,0.00903054817552107,-0.00903054817552107,0.00903054817552107,-0.018857977965336836,0.00903054817552107
XRN,2026-07-06 16:30:27-04:00,"7.01,9.01",37.599998474121094,3160909.546279907,-0.0010637527248200662,0.012234120155258266,-0.02686165857768197,0.012234120155258266,-0.03404252210749048,0.012234120155258266,-0.021010562044937564,0.012234120155258266,0.008510630526872509,0.022074517679194994
XRN,2026-07-02 17:26:58-04:00,"1.01,2.01,9.01",37.959999084472656,3260208.11920166,-0.01659634532698573,0.009483683325451464,-0.01053734775629267,0.009483683325451464,-0.04109582708688364,0.009483683325451464,-0.03213902622313003,0.009483683325451464,-0.024235990282772013,0.012381486618511905
XMAX,2026-07-28 16:30:20-04:00,5.07,8.4399995803833,4227768.113708496,-0.013033135325375311,0.003554583902496411,-0.013033135325375311,0.003554583902496411,-0.013033135325375311,0.003554583902496411,-0.013033135325375311,0.003554583902496411,-0.013033135325375311,0.003554583902496411
XMAX,2026-07-23 16:30:42-04:00,"1.01,2.01,9.01",8.489999771118164,4958066.096496582,-0.007067075095395503,0.0035336498768310243,-0.00588930413225186,0.004711420839974778,-0.018845683359899223,0.004711420839974778,-0.018845683359899223,0.004711420839974778,-0.018845683359899223,0.004711420839974778
XMAX,2026-07-10 16:30:33-04:00,"1.01,2.01,9.01",8.579999923706055,10347062.72597313,-0.004662000257425358,0.01048952836692063,0.003496472405355666,0.01748247317763174,-0.005827528109495161,0.01748247317763174,-0.012820472920206383,0.01748247317763174,-0.01631705647641568,0.01748247317763174
XMAX,2026-07-07 16:30:30-04:00,"1.01,3.02,9.01",8.699999809265137,9688921.941757202,-0.00804594211021381,0.026436839190008277,0.012643748593467397,0.03333332967940872,-0.01839078746205447,0.03333332967940872,-0.00804594211021381,0.03333332967940872,-0.011494187354914032,0.03333332967940872
XMAX,2026-07-06 16:30:42-04:00,"1.01,5.02,9.01",8.930000305175781,9220171.958446503,-0.023516240870143923,0.004479278889816252,-0.03359464507083887,0.004479278889816252,-0.03695407753959301,0.006718864937508062,-0.03583433791296342,0.006718864937508062,-0.03471449149190109,0.006718864937508062
ZION,2026-07-20 16:05:38-04:00,"2.02,9.01",68.0199966430664,122735469.49005127,0.015142700081217875,0.026903880055413554,0.03013824100161555,0.03249054429485132,0.018671042857077103,0.03249054429485132,0.022052338636110447,0.03249054429485132,0.01323142561446522,0.03249054429485132
ZCSH,2026-07-02 16:38:53-04:00,5.02,29.649999618530273,1748119.9756622314,0.06441820816140664,0.06441820816140664,0.2381449918202725,0.24519388343841753,0.2563237935665934,0.28161890350417584,0.18988193029345068,0.34569990014241747,0.26981457032967016,0.41652615650461544
ZSQR,2026-07-22 17:30:42-04:00,"1.02,7.01,9.01",5.050000190734863,3358060.3987693787,-0.0574257328514729,0.031683136904758546,0.041584164399093515,0.0554454895833274,-0.04554455651218847,0.08910886975623145,0.04752470535713771,0.08910886975623145,0.04752470535713771,0.08910886975623145
ZSQR,2026-07-10 16:00:56-04:00,"1.01,9.01",8.279999732971191,5547503.531551361,-0.1304347776009539,0.061594232527689696,-0.3236714872908496,0.061594232527689696,-0.3417874414218778,0.061594232527689696,-0.45350238631666207,0.061594232527689696,-0.4190821137800299,0.061594232527689696
ZSQR,2026-07-07 17:08:43-04:00,"1.01,9.01",8.510000228881836,5578640.547847748,-0.17273798207899205,0.001762560428322013,-0.002350229991274655,0.014101043752245523,-0.1539365904093314,0.03290243542190607,-0.3924794433321357,0.03290243542190607,-0.41480612395614125,0.03290243542190607
ZURA,2026-07-01 07:00:31-04:00,"7.01,9.01",5.090000152587891,7139989.821767807,0.015717076877764136,0.05992137901676742,0.0530451813030377,0.06679757673049735,0.07858538438882023,0.08447933505856575,0.003929269219441034,0.10019641193632989,0.07072684594993839,0.10019641193632989
ZUMZ,2026-07-01 16:05:28-04:00,5.02,17.280000686645508,4249160.923576355,0.015624915491103009,0.04513881645269158,0.026041599404483362,0.04513881645269158,0.022569408226345677,0.04513881645269158,0.0480324010836124,0.05787036807080859,0.08159721014952259,0.110532394184927
ZWS,2026-07-28 16:07:42-04:00,"2.02,9.01",54.439998626708984,46029865.3421402,-0.053085956329002704,0.010286579489667158,-0.053085956329002704,0.010286579489667158,-0.053085956329002704,0.010286579489667158,-0.053085956329002704,0.010286579489667158,-0.053085956329002704,0.010286579489667158
ZWS,2026-07-20 07:19:39-04:00,"2.02,8.01,9.01",48.2400016784668,40596592.90351868,-0.020107818966683677,0.0,-0.015754604265897365,0.0,0.0029021431338576154,0.008706429401572624,0.02218075575444778,0.03337472511683104,0.06861520405110721,0.14013263031354128
