ticker,et,verdict,entry_date,entry,exit_date,ret,why
XLO,2025-06-02 02:08:42-04:00,POSITIVE,2025-06-03,9.82800006866455,2025-07-10,0.017094039487045798,time
INDV,2025-06-02 06:06:09-04:00,SILENT,2025-06-03,12.380000114440918,2025-07-10,0.21405489450998672,time
ARVN,2025-06-02 06:12:38-04:00,POSITIVE,2025-06-03,7.400000095367432,2025-06-12,0.008108100271120522,trail
VERA,2025-06-02 06:36:56-04:00,POSITIVE,2025-06-03,33.0,2025-06-06,-0.3787878787878788,stop
RVPH,2025-06-02 07:05:26-04:00,POSITIVE,2025-06-03,17.398000717163086,2025-06-13,-0.17634214662552894,stop
KYMR,2025-06-02 07:05:27-04:00,POSITIVE,2025-06-03,44.95000076293945,2025-06-04,-0.04716349045387935,trail
KYMR,2025-06-02 08:30:21-04:00,POSITIVE,2025-06-03,44.95000076293945,2025-06-04,-0.04716349045387935,trail
TRVI,2025-06-02 09:31:48-04:00,MIXED,2025-06-03,6.210000038146973,2025-06-09,0.021739090372849823,trail
VSTM,2025-06-02 09:40:22-04:00,SILENT,2025-06-03,6.03000020980835,2025-06-09,0.006633492613808523,trail
VSTM,2025-06-02 12:01:30-04:00,POSITIVE,2025-06-03,6.03000020980835,2025-06-09,0.006633492613808523,trail
RAPP,2025-06-02 16:07:20-04:00,MIXED,2025-06-03,9.640000343322754,2025-06-05,0.27697095240700365,trail
VTGN,2025-06-02 16:35:10-04:00,POSITIVE,2025-06-03,2.4100000858306885,2025-06-20,-0.17012451088331315,stop
KURA,2025-06-03 06:04:07-04:00,POSITIVE,2025-06-04,6.460000038146973,2025-06-12,0.00928791678409202,trail
IXHL,2025-06-03 07:45:07-04:00,SILENT,2025-06-04,5.699999809265137,2025-06-06,-0.10526314468595088,trail
SGMT,2025-06-04 06:03:02-04:00,POSITIVE,2025-06-05,4.070000171661377,2025-06-06,0.14742011777057207,trail
ZURA,2025-06-04 06:30:40-04:00,POSITIVE,2025-06-05,1.2100000381469727,2025-06-11,0.03305781867105084,trail
ZBIO,2025-06-04 06:56:12-04:00,POSITIVE,2025-06-05,9.420000076293945,2025-06-12,0.19957538208222125,trail
CRVS,2025-06-04 07:00:11-04:00,MIXED,2025-06-05,3.809999942779541,2025-06-13,0.08530191364391326,trail
STOK,2025-06-04 07:00:32-04:00,POSITIVE,2025-06-05,10.890000343322754,2025-06-25,0.02571163674415078,trail
SION,2025-06-04 07:13:27-04:00,POSITIVE,2025-06-05,15.920000076293945,2025-06-09,0.004396965734218439,trail
CGEM,2025-06-04 16:04:09-04:00,SILENT,2025-06-05,8.970000267028809,2025-06-20,-0.15496101470944246,stop
COGT,2025-06-05 08:15:25-04:00,NEGATIVE,2025-06-06,6.110000133514404,2025-06-12,0.14108019144348116,trail
TVRD,2025-06-09 06:05:53-04:00,POSITIVE,2025-06-10,26.510000228881836,2025-06-26,-0.07016222535996619,trail
AXSM,2025-06-09 07:05:59-04:00,POSITIVE,2025-06-10,110.12000274658203,2025-07-17,0.005811835939754317,time
NAMS,2025-06-09 07:28:48-04:00,POSITIVE,2025-06-10,20.899999618530273,2025-06-20,-0.15023920798852375,stop
MBX,2025-06-09 07:59:27-04:00,POSITIVE,2025-06-10,11.399999618530273,2025-06-20,-0.17280696309430854,stop
INSM,2025-06-10 07:00:27-04:00,POSITIVE,2025-06-11,92.0,2025-07-01,0.058043438455332774,trail
UNCY,2025-06-10 09:29:20-04:00,SILENT,2025-06-11,5.849999904632568,2025-06-17,0.027350483223523625,trail
NVAX,2025-06-11 07:01:14-04:00,MIXED,2025-06-12,7.090000152587891,2025-07-21,-0.018335699808619488,time
COGT,2025-06-11 08:15:24-04:00,POSITIVE,2025-06-12,7.130000114440918,2025-06-20,-0.028050530559911135,trail
HRMY,2025-06-11 08:30:15-04:00,POSITIVE,2025-06-12,35.220001220703125,2025-07-21,-0.005110741026038701,time
NAMS,2025-06-11 09:00:41-04:00,POSITIVE,2025-06-12,20.420000076293945,2025-07-16,0.02252688945905934,trail
TELO,2025-06-11 09:30:42-04:00,POSITIVE,2025-06-12,1.9500000476837158,2025-06-24,-0.1538461867639056,stop
NUVB,2025-06-11 16:24:16-04:00,POSITIVE,2025-06-12,2.200000047683716,2025-06-12,-0.1818182212262106,stop
ENGN,2025-06-12 08:05:52-04:00,SILENT,2025-06-13,3.2799999713897705,2025-07-10,0.07896343451270327,trail
ELVN,2025-06-13 06:05:38-04:00,POSITIVE,2025-06-16,23.3799991607666,2025-07-01,-0.17792985443698828,stop
TNXP,2025-06-13 07:05:15-04:00,POSITIVE,2025-06-16,32.0,2025-06-18,0.04406249523162842,trail
ALEC,2025-06-13 16:06:01-04:00,SILENT,2025-06-16,1.5299999713897705,2025-07-11,0.045751669124871386,trail
JSPR,2025-06-16 06:19:34-04:00,POSITIVE,2025-06-17,5.610000133514404,2025-06-23,-0.1515151309096463,stop
NTLA,2025-06-16 07:00:17-04:00,POSITIVE,2025-06-17,10.029999732971191,2025-07-07,0.015453707953349216,trail
PRTA,2025-06-16 07:30:24-04:00,MIXED,2025-06-17,5.610000133514404,2025-06-25,0.0409982198929828,trail
GOSS,2025-06-16 07:31:12-04:00,SILENT,2025-06-17,1.2799999713897705,2025-06-23,-0.023437478172126713,trail
TNXP,2025-06-16 07:32:15-04:00,POSITIVE,2025-06-17,36.650001525878906,2025-06-23,-0.15907234893122912,stop
MBX,2025-06-16 08:02:57-04:00,SILENT,2025-06-17,10.5,2025-06-26,0.013333366030738425,trail
MIST,2025-06-16 08:06:13-04:00,SILENT,2025-06-17,1.690000057220459,2025-07-11,-0.13609468123437052,trail
ALDX,2025-06-17 07:03:05-04:00,POSITIVE,2025-06-18,3.069999933242798,2025-06-30,0.1970684144069128,trail
DYN,2025-06-17 07:04:28-04:00,POSITIVE,2025-06-18,10.789999961853027,2025-07-01,-0.22057461750279628,stop
MLYS,2025-06-17 07:07:35-04:00,POSITIVE,2025-06-18,13.770000457763672,2025-07-21,-0.017066129450930223,trail
SYRE,2025-06-17 07:35:45-04:00,POSITIVE,2025-06-18,15.489999771118164,2025-06-27,-0.02646868001745062,trail
LYEL,2025-06-17 08:49:17-04:00,SILENT,2025-06-18,9.800000190734863,2025-07-25,0.13367341229042884,time
BMEA,2025-06-17 12:53:15-04:00,POSITIVE,2025-06-18,2.059999942779541,2025-06-20,-0.131067955546739,trail
MIRA,2025-06-17 16:01:31-04:00,SILENT,2025-06-18,1.3200000524520874,2025-07-03,-0.1515151816185063,stop
SRRK,2025-06-18 07:10:13-04:00,POSITIVE,2025-06-20,36.560001373291016,2025-07-21,0.1001094012563668,trail
RFL,2025-06-18 07:13:55-04:00,POSITIVE,2025-06-20,1.5499999523162842,2025-06-26,0.0064516069489635175,trail
IXHL,2025-06-18 07:30:21-04:00,POSITIVE,2025-06-20,6.659999847412109,2025-07-10,-0.03603600249501826,trail
CMPS,2025-06-23 06:32:31-04:00,POSITIVE,2025-06-24,2.5,2025-06-26,0.03400001525878915,trail
LRMR,2025-06-23 07:02:41-04:00,POSITIVE,2025-06-24,2.559999942779541,2025-06-26,0.121093730354914,trail
AVBP,2025-06-23 07:06:57-04:00,MIXED,2025-06-24,24.030000686645508,2025-07-02,-0.1677070566579364,stop
OCGN,2025-06-23 08:58:46-04:00,SILENT,2025-06-24,1.0700000524520874,2025-07-02,-0.15607481039874838,stop
SANA,2025-06-23 10:10:46-04:00,POSITIVE,2025-06-24,2.640000104904175,2025-06-30,0.022727250149756628,trail
SCLX,2025-06-23 17:01:16-04:00,SILENT,2025-06-24,3.100872039794922,2025-06-30,0.17369467937874816,trail
LRMR,2025-06-23 17:13:27-04:00,POSITIVE,2025-06-24,2.559999942779541,2025-06-26,0.121093730354914,trail
LIMN,2025-06-24 06:03:41-04:00,POSITIVE,2025-06-25,30.25,2025-06-25,-0.36495870795131713,stop
RVMD,2025-06-24 07:05:20-04:00,POSITIVE,2025-06-25,40.16999816894531,2025-07-31,-0.08476472328866613,time
IXHL,2025-06-24 07:30:07-04:00,SILENT,2025-06-25,6.539999961853027,2025-07-10,-0.018348606461624728,trail
NKTR,2025-06-24 07:45:13-04:00,POSITIVE,2025-06-25,24.8799991607666,2025-06-26,0.08922834789334955,trail
OSTX,2025-06-24 08:02:11-04:00,POSITIVE,2025-06-25,1.7799999713897705,2025-07-02,0.0488764122450176,trail
INM,2025-06-24 14:35:40-04:00,POSITIVE,2025-06-25,3.619999885559082,2025-06-26,-0.08287291762440252,trail
ASMB,2025-06-25 16:05:30-04:00,MIXED,2025-06-26,17.209999084472656,2025-07-22,0.02091810746674394,trail
MAIA,2025-06-25 21:55:20-04:00,SILENT,2025-06-26,1.659999966621399,2025-07-02,0.0963855958119908,trail
TBPH,2025-06-26 06:05:20-04:00,POSITIVE,2025-06-27,10.949999809265137,2025-07-29,-0.004566227543908896,trail
IRD,2025-06-26 07:06:15-04:00,MIXED,2025-06-27,1.0199999809265137,2025-07-30,0.05882359128509962,trail
CRSP,2025-06-26 07:08:02-04:00,SILENT,2025-06-27,46.720001220703125,2025-07-01,-0.0025685518717164513,trail
ALT,2025-06-26 07:30:26-04:00,MIXED,2025-06-27,3.640000104904175,2025-07-07,0.18956038431763855,trail
CLRB,2025-06-26 09:26:31-04:00,POSITIVE,2025-06-27,7.03000020980835,2025-06-30,0.011379789661234652,trail
INMB,2025-06-26 16:00:41-04:00,SILENT,2025-06-27,9.300000190734863,2025-06-27,-0.4612903090181595,stop
EWTX,2025-06-26 16:01:51-04:00,POSITIVE,2025-06-27,13.15999984741211,2025-07-21,0.013677834898393026,stall
CRNX,2025-06-26 16:16:14-04:00,POSITIVE,2025-06-27,30.1200008392334,2025-07-21,0.019256305031391863,trail
AUPH,2025-06-30 06:03:53-04:00,POSITIVE,2025-07-01,8.479999542236328,2025-08-06,0.33903303716945854,time
TRAW,2025-06-30 06:31:41-04:00,POSITIVE,2025-07-01,1.4600000381469727,2025-07-10,0.0,trail
ACRS,2025-06-30 06:59:26-04:00,POSITIVE,2025-07-01,1.440000057220459,2025-07-15,0.05208328159319242,trail
CELC,2025-06-30 07:10:54-04:00,POSITIVE,2025-07-01,13.600000381469727,2025-07-29,1.5220586966890814,trail
ALLR,2025-06-30 08:00:28-04:00,SILENT,2025-07-01,1.0099999904632568,2025-07-15,-0.009900980750178201,trail
INMB,2025-06-30 08:01:08-04:00,MIXED,2025-07-01,2.0899999141693115,2025-07-07,0.07177038350599663,trail
TYRA,2025-06-30 08:07:00-04:00,SILENT,2025-07-01,9.529999732971191,2025-07-07,-0.006295851796805474,trail
UNCY,2025-06-30 09:25:36-04:00,SILENT,2025-07-01,5.0,2025-07-11,-0.03400001525878904,trail
ARCT,2025-06-30 16:05:54-04:00,MIXED,2025-07-01,13.020000457763672,2025-07-10,0.06758825881928976,trail
CRNX,2025-06-30 16:26:17-04:00,POSITIVE,2025-07-01,28.75,2025-07-21,0.06782611349354628,trail
HURA,2025-06-30 17:00:28-04:00,POSITIVE,2025-07-01,2.240000009536743,2025-07-03,-0.04017853294024065,trail
PCSA,2025-07-01 09:00:33-04:00,POSITIVE,2025-07-02,4.75,2025-07-10,0.13157894736842102,trail
ALLR,2025-07-01 16:05:48-04:00,POSITIVE,2025-07-02,1.0399999618530273,2025-07-24,-0.06057689045307779,trail
TNXP,2025-07-02 07:06:11-04:00,POSITIVE,2025-07-03,35.34000015258789,2025-07-11,0.0998867788357487,trail
FDMT,2025-07-02 16:12:32-04:00,SILENT,2025-07-03,4.309999942779541,2025-07-29,-0.008352616104594368,trail
ICU,2025-07-02 16:59:10-04:00,SILENT,2025-07-03,5.550000190734863,2025-07-09,0.2612612179159486,trail
COGT,2025-07-07 07:15:14-04:00,POSITIVE,2025-07-08,9.649999618530273,2025-07-25,0.22694306949528786,trail
JSPR,2025-07-07 07:35:46-04:00,POSITIVE,2025-07-08,3.109999895095825,2025-07-10,0.09646308709139673,trail
CTXR,2025-07-08 17:00:27-04:00,POSITIVE,2025-07-09,1.9500000476837158,2025-07-10,-0.23589744969154136,stop
KALA,2025-07-09 08:08:52-04:00,POSITIVE,2025-07-10,337.5,2025-07-14,-0.17629629629629628,stop
MAIA,2025-07-09 16:05:59-04:00,POSITIVE,2025-07-10,1.9500000476837158,2025-07-18,-0.1533333422995019,stop
TNXP,2025-07-09 16:16:38-04:00,POSITIVE,2025-07-10,39.06999969482422,2025-07-11,-0.0051190367161929595,trail
RYTM,2025-07-09 16:39:20-04:00,POSITIVE,2025-07-10,91.80000305175781,2025-08-14,0.03812636038831796,time
STOK,2025-07-10 07:00:20-04:00,POSITIVE,2025-07-11,11.920000076293945,2025-07-21,0.028523502551318858,trail
TNXP,2025-07-10 07:05:51-04:00,POSITIVE,2025-07-11,42.25,2025-07-18,0.07692307692307687,trail
MIST,2025-07-11 06:12:11-04:00,SILENT,2025-07-14,1.5549999475479126,2025-07-17,0.022508094541019208,trail
CAPR,2025-07-11 06:35:49-04:00,SILENT,2025-07-14,7.389999866485596,2025-07-21,-0.1623815738762403,stop
CORT,2025-07-14 08:05:30-04:00,POSITIVE,2025-07-15,72.66000366210938,2025-08-19,-0.03564552486577688,time
OSTX,2025-07-14 08:06:17-04:00,POSITIVE,2025-07-15,1.559999942779541,2025-07-24,0.07692308280124727,trail
ATRA,2025-07-14 16:03:33-04:00,POSITIVE,2025-07-15,9.289999961853027,2025-07-23,0.29278797397177425,trail
KAPA,2025-07-15 09:11:08-04:00,POSITIVE,2025-07-16,1.0700000524520874,2025-07-18,-0.14859816009940496,trail
TNXP,2025-07-16 07:00:50-04:00,POSITIVE,2025-07-17,46.29999923706055,2025-07-18,-0.01727860151712901,trail
ALLR,2025-07-16 07:20:57-04:00,POSITIVE,2025-07-17,1.0,2025-07-24,-0.023000001907348633,trail
QNCX,2025-07-16 16:30:25-04:00,POSITIVE,2025-07-17,330.0,2025-07-22,0.06666666666666665,trail
FBIO,2025-07-16 17:25:41-04:00,MIXED,2025-07-17,1.940000057220459,2025-08-20,0.04123707285899503,trail
ALDX,2025-07-17 07:01:40-04:00,POSITIVE,2025-07-18,5.170000076293945,2025-07-25,-0.00870407652415417,trail
PRAX,2025-07-17 08:02:09-04:00,POSITIVE,2025-07-18,55.529998779296875,2025-07-28,-0.0004501658874691561,trail
DMAC,2025-07-17 08:05:13-04:00,SILENT,2025-07-18,4.039999961853027,2025-07-22,0.07673265982838107,trail
RZLT,2025-07-18 06:04:28-04:00,SILENT,2025-07-21,5.400000095367432,2025-07-29,0.12592589191285075,trail
CTOR,2025-07-18 08:01:46-04:00,POSITIVE,2025-07-21,1.5199999809265137,2025-07-24,0.19078945098161015,trail
AVBP,2025-07-21 08:08:42-04:00,SILENT,2025-07-22,21.399999618530273,2025-08-08,-0.16635511819634696,stop
ALKS,2025-07-21 17:16:35-04:00,MIXED,2025-07-22,26.809999465942383,2025-08-26,0.0682581111585161,time
ACET,2025-07-23 16:01:30-04:00,MIXED,2025-07-24,12.800000190734863,2025-07-29,-0.15500001378357386,stop
VKTX,2025-07-23 16:05:34-04:00,POSITIVE,2025-07-24,31.5,2025-07-29,0.016507951040116486,trail
BIVI,2025-07-23 16:49:55-04:00,SILENT,2025-07-24,8.0600004196167,2025-07-29,-0.16203475988883898,stop
KRYS,2025-07-24 16:45:59-04:00,SILENT,2025-07-25,150.44000244140625,2025-08-29,-0.01914387686834962,time
IXHL,2025-07-25 07:30:47-04:00,SILENT,2025-07-28,35.25,2025-07-29,-0.30212764875263187,stop
INMB,2025-07-25 16:47:50-04:00,SILENT,2025-07-28,2.9600000381469727,2025-07-29,-0.047297332128352965,trail
CELC,2025-07-28 07:21:34-04:00,POSITIVE,2025-07-29,35.0,2025-07-31,0.10457142421177457,trail
MAIA,2025-07-28 08:15:28-04:00,SILENT,2025-07-29,1.7000000476837158,2025-09-03,-0.1294117779055265,time
MIRA,2025-07-28 16:01:37-04:00,POSITIVE,2025-07-29,1.7699999809265137,2025-08-05,-0.15254236374916852,stop
DYN,2025-07-28 16:15:34-04:00,SILENT,2025-07-29,9.5,2025-08-07,0.16315791481419617,trail
MRK,2025-07-29 06:42:43-04:00,POSITIVE,2025-07-30,82.91000366210938,2025-09-04,0.0010854701955798074,time
BHC,2025-07-29 07:01:46-04:00,SILENT,2025-07-30,6.849999904632568,2025-07-31,-0.19708028079235163,stop
ALKS,2025-07-29 07:05:36-04:00,POSITIVE,2025-07-30,27.399999618530273,2025-09-04,0.05000003132506925,trail
EYPT,2025-07-29 07:05:40-04:00,MIXED,2025-07-30,10.039999961853027,2025-08-06,-0.05278881822559012,trail
QURE,2025-07-29 07:08:28-04:00,POSITIVE,2025-07-30,14.859999656677246,2025-07-31,-0.07267832763513982,trail
EYPT,2025-07-29 09:35:49-04:00,MIXED,2025-07-30,10.039999961853027,2025-08-06,-0.05278881822559012,trail
ACRS,2025-07-29 16:15:18-04:00,MIXED,2025-07-30,1.6449999809265137,2025-07-31,-0.11246197259853064,trail
INMB,2025-07-29 16:34:30-04:00,POSITIVE,2025-07-30,2.990000009536743,2025-08-01,-0.18060199335473992,stop
COYA,2025-07-29 17:10:44-04:00,SILENT,2025-07-30,6.210000038146973,2025-08-25,-0.011272169280415079,trail
MDGL,2025-07-30 06:30:43-04:00,POSITIVE,2025-07-31,291.0,2025-09-05,0.47079037800687296,time
VRDN,2025-07-30 07:10:19-04:00,POSITIVE,2025-07-31,17.549999237060547,2025-08-19,-0.029059734683989813,trail
ANIK,2025-07-30 07:15:28-04:00,SILENT,2025-07-31,8.100000381469727,2025-08-06,-0.004938266662867674,trail
WVE,2025-07-30 07:35:14-04:00,POSITIVE,2025-07-31,8.029999732971191,2025-08-06,0.04234124083365143,trail
IXHL,2025-07-30 08:00:36-04:00,POSITIVE,2025-07-31,20.43000030517578,2025-07-31,-0.19236418240190367,stop
NAMS,2025-07-30 08:25:54-04:00,POSITIVE,2025-07-31,22.43000030517578,2025-08-11,0.05617477537845095,trail
BHC,2025-07-30 16:12:13-04:00,SILENT,2025-07-31,5.769999980926514,2025-08-18,0.37088386023564013,trail
AGIO,2025-07-31 06:38:35-04:00,SILENT,2025-08-01,37.27000045776367,2025-08-04,-0.28226456475860495,stop
BMY,2025-07-31 07:06:45-04:00,MIXED,2025-08-01,43.61000061035156,2025-09-02,0.07865169129031413,stall
GRI,2025-07-31 09:02:46-04:00,POSITIVE,2025-08-01,36.400001525878906,2025-08-19,0.061538400271136995,trail
DFTX,2025-07-31 16:10:41-04:00,SILENT,2025-08-01,8.510000228881836,2025-08-14,0.1225617148296465,trail
RARE,2025-07-31 16:15:39-04:00,SILENT,2025-08-01,27.139999389648438,2025-09-08,0.15033161442377274,time
SNGX,2025-07-31 16:18:24-04:00,POSITIVE,2025-08-01,2.6600000858306885,2025-08-05,0.018796973948468798,trail
BTAI,2025-08-01 07:12:14-04:00,SILENT,2025-08-04,1.7200000286102295,2025-08-05,0.31395346097136434,trail
ALLO,2025-08-01 09:24:48-04:00,SILENT,2025-08-04,1.1100000143051147,2025-08-18,-0.027027000903735332,trail
OCGN,2025-08-01 12:23:27-04:00,POSITIVE,2025-08-04,1.0,2025-09-09,0.009999990463256836,time
DYN,2025-08-04 07:35:30-04:00,SILENT,2025-08-05,10.289999961853027,2025-08-07,0.07385813719138001,trail
AXSM,2025-08-04 07:43:21-04:00,POSITIVE,2025-08-05,106.12000274658203,2025-09-10,0.16811153294533088,time
FLNA,2025-08-04 07:45:28-04:00,POSITIVE,2025-08-05,2.2899999618530273,2025-08-06,0.008733616270600209,trail
PRAX,2025-08-04 08:51:47-04:00,POSITIVE,2025-08-05,53.04999923706055,2025-08-11,-0.16588123211343797,stop
SNDX,2025-08-04 16:02:22-04:00,SILENT,2025-08-05,12.40999984741211,2025-09-03,0.2739726522167203,trail
VRTX,2025-08-04 16:06:07-04:00,POSITIVE,2025-08-05,408.2200012207031,2025-09-10,-0.05151633608449058,time
CRSP,2025-08-04 16:21:40-04:00,POSITIVE,2025-08-05,54.29999923706055,2025-08-19,-0.013996286044411055,trail
IDYA,2025-08-05 06:04:10-04:00,SILENT,2025-08-06,24.0,2025-09-08,-0.0320833524068197,trail
PFE,2025-08-05 07:08:22-04:00,MIXED,2025-08-06,24.68000030517578,2025-09-11,-0.005672584599566544,time
FHTX,2025-08-05 07:30:12-04:00,POSITIVE,2025-08-06,5.010000228881836,2025-08-25,0.041916078186823524,trail
VERA,2025-08-05 07:30:27-04:00,POSITIVE,2025-08-06,20.09000015258789,2025-08-25,0.06022892360788701,trail
HRMY,2025-08-05 08:00:19-04:00,POSITIVE,2025-08-06,35.22999954223633,2025-09-09,-0.06698838038650046,trail
WVE,2025-08-05 08:00:23-04:00,POSITIVE,2025-08-06,8.720000267028809,2025-08-29,0.08142202022992517,trail
COGT,2025-08-05 08:41:10-04:00,POSITIVE,2025-08-06,11.050000190734863,2025-09-11,0.14434391307668704,time
CRBP,2025-08-05 09:00:29-04:00,SILENT,2025-08-06,9.050000190734863,2025-08-19,-0.012707156761819438,trail
CVKD,2025-08-05 09:12:16-04:00,SILENT,2025-08-06,11.199999809265137,2025-08-20,0.12321429803055173,trail
BMEA,2025-08-05 12:06:31-04:00,POSITIVE,2025-08-06,1.6100000143051147,2025-08-26,0.1055900345181231,trail
BBIO,2025-08-05 16:04:41-04:00,POSITIVE,2025-08-06,44.5,2025-08-25,0.05191014322002285,trail
RARE,2025-08-05 16:07:20-04:00,POSITIVE,2025-08-06,28.479999542236328,2025-09-11,0.06906604609970635,time
NAMS,2025-08-06 07:00:27-04:00,POSITIVE,2025-08-07,23.729999542236328,2025-08-11,-0.001685588240636804,trail
VRDN,2025-08-06 07:03:47-04:00,POSITIVE,2025-08-07,17.219999313354492,2025-08-19,-0.010452869047884117,trail
EYPT,2025-08-06 07:05:27-04:00,SILENT,2025-08-07,10.8100004196167,2025-08-29,0.0416281028489629,trail
UPB,2025-08-06 07:05:28-04:00,SILENT,2025-08-07,17.059999465942383,2025-08-14,-0.015240342146603525,trail
RPRX,2025-08-06 07:10:16-04:00,POSITIVE,2025-08-07,37.130001068115234,2025-09-12,-0.0282789982993622,time
SRRK,2025-08-06 07:15:15-04:00,POSITIVE,2025-08-07,34.61000061035156,2025-09-12,-0.09014737891394986,time
LNTH,2025-08-06 07:39:52-04:00,SILENT,2025-08-07,53.650001525878906,2025-08-27,0.02527491061236664,trail
DTIL,2025-08-06 08:00:17-04:00,POSITIVE,2025-08-07,4.570000171661377,2025-08-21,-0.004376363276862416,trail
DMAC,2025-08-06 08:00:34-04:00,SILENT,2025-08-07,4.769999980926514,2025-08-14,0.2338784305159789,trail
PRTA,2025-08-06 09:05:13-04:00,POSITIVE,2025-08-07,7.980000019073486,2025-08-28,0.008771951315045712,trail
ELDN,2025-08-06 16:03:27-04:00,POSITIVE,2025-08-07,2.799999952316284,2025-09-12,-0.13928566897401928,time
RVMD,2025-08-06 16:05:29-04:00,POSITIVE,2025-08-07,34.18000030517578,2025-09-12,0.32194258936469544,time
GPCR,2025-08-06 16:06:44-04:00,POSITIVE,2025-08-07,17.690000534057617,2025-08-19,0.05935552319735882,trail
NAGE,2025-08-06 16:06:45-04:00,SILENT,2025-08-07,11.199999809265137,2025-08-07,-0.16517852315184944,stop
TVTX,2025-08-06 16:06:53-04:00,SILENT,2025-08-07,17.40999984741211,2025-08-19,0.004037969932472629,trail
NMRA,2025-08-06 16:07:21-04:00,SILENT,2025-08-07,1.659999966621399,2025-08-11,-0.15060241266680596,stop
ARQT,2025-08-06 16:08:41-04:00,MIXED,2025-08-07,16.270000457763672,2025-08-07,-0.15580828087050125,stop
VIR,2025-08-06 16:09:36-04:00,POSITIVE,2025-08-07,4.820000171661377,2025-08-28,0.03941909760450679,trail
IMNM,2025-08-06 16:10:28-04:00,SILENT,2025-08-07,10.710000038146973,2025-09-09,-0.1909430503277354,stop
ACAD,2025-08-06 16:18:59-04:00,SILENT,2025-08-07,24.059999465942383,2025-09-09,0.015378256336087803,trail
INVA,2025-08-06 16:21:37-04:00,POSITIVE,2025-08-07,18.260000228881836,2025-08-27,0.08433729402384649,stall
BIOA,2025-08-06 16:35:10-04:00,POSITIVE,2025-08-07,4.409999847412109,2025-09-02,0.05215420114094926,trail
ZLAB,2025-08-07 06:18:53-04:00,POSITIVE,2025-08-08,34.0099983215332,2025-08-20,-0.020582092995840795,trail
AVTX,2025-08-07 07:02:06-04:00,SILENT,2025-08-08,8.760000228881836,2025-08-12,-0.028538812039724193,trail
GLUE,2025-08-07 07:03:17-04:00,POSITIVE,2025-08-08,4.199999809265137,2025-08-21,0.023809615716916754,trail
AMLX,2025-08-07 07:03:26-04:00,POSITIVE,2025-08-08,7.820000171661377,2025-08-19,-0.024296681975659484,trail
CGEM,2025-08-07 07:04:20-04:00,SILENT,2025-08-08,7.039999961853027,2025-08-25,0.0703124841251832,trail
CCCC,2025-08-07 07:04:42-04:00,POSITIVE,2025-08-08,2.6700000762939453,2025-08-11,-0.1760299682322879,trail
RGNX,2025-08-07 07:15:29-04:00,POSITIVE,2025-08-08,7.820000171661377,2025-08-19,0.024296681975659373,trail
ACRS,2025-08-07 07:15:40-04:00,POSITIVE,2025-08-08,1.5700000524520874,2025-08-19,0.11146493405714386,trail
DTIL,2025-08-07 07:30:16-04:00,POSITIVE,2025-08-08,4.53000020980835,2025-08-21,0.004415006622562556,trail
NUVB,2025-08-07 07:30:18-04:00,POSITIVE,2025-08-08,2.4200000762939453,2025-08-19,0.1053718462740103,trail
SLN,2025-08-07 07:35:07-04:00,POSITIVE,2025-08-08,5.25,2025-08-11,-0.15714282081240705,stop
ACHV,2025-08-07 07:36:27-04:00,POSITIVE,2025-08-08,2.5899999141693115,2025-08-26,0.20077220006136276,trail
IMCR,2025-08-07 07:40:52-04:00,SILENT,2025-08-08,32.15999984741211,2025-09-15,0.06281095980559281,trail
NTLA,2025-08-07 07:45:29-04:00,POSITIVE,2025-08-08,11.510000228881836,2025-09-04,-0.019548251693786822,trail
EWTX,2025-08-07 08:01:44-04:00,POSITIVE,2025-08-08,12.989999771118164,2025-08-28,0.07236339881603415,trail
REPL,2025-08-07 08:05:39-04:00,POSITIVE,2025-08-08,5.389999866485596,2025-08-11,-0.16697590309111687,stop
RLYB,2025-08-07 08:08:49-04:00,SILENT,2025-08-08,4.144000053405762,2025-08-11,-0.05405404783422274,trail
MBX,2025-08-07 08:10:10-04:00,SILENT,2025-08-08,11.1899995803833,2025-08-11,-0.03306522783143917,trail
IRON,2025-08-07 08:37:52-04:00,POSITIVE,2025-08-08,56.540000915527344,2025-08-19,0.021223925424626255,trail
CYTK,2025-08-07 16:01:47-04:00,POSITIVE,2025-08-08,35.849998474121094,2025-08-29,-0.01757314589211889,trail
RCKT,2025-08-07 16:02:20-04:00,MIXED,2025-08-08,3.119999885559082,2025-08-21,0.15384616560249453,trail
ATYR,2025-08-07 16:03:29-04:00,POSITIVE,2025-08-08,5.239999771118164,2025-08-12,-0.01908395209933933,trail
IOVA,2025-08-07 16:06:34-04:00,SILENT,2025-08-08,1.909999966621399,2025-08-11,0.020942451183951105,trail
DNTH,2025-08-07 16:07:01-04:00,SILENT,2025-08-08,19.0,2025-08-11,-0.048421056647049765,trail
ARWR,2025-08-07 16:07:19-04:00,SILENT,2025-08-08,15.550000190734863,2025-08-14,0.16655943197073197,trail
TRVI,2025-08-07 16:08:42-04:00,POSITIVE,2025-08-08,7.210000038146973,2025-08-28,-0.0013869942897262177,trail
ZYME,2025-08-07 16:09:02-04:00,MIXED,2025-08-08,12.4399995803833,2025-08-19,0.08360128592713201,trail
SGHT,2025-08-07 16:09:30-04:00,POSITIVE,2025-08-08,3.819999933242798,2025-08-25,0.07120420919895043,stall
KURA,2025-08-07 16:10:49-04:00,POSITIVE,2025-08-08,5.699999809265137,2025-08-19,0.23508775393461767,trail
RLAY,2025-08-07 16:10:54-04:00,SILENT,2025-08-08,3.180000066757202,2025-08-14,0.04088046329977146,trail
ALEC,2025-08-07 16:11:01-04:00,SILENT,2025-08-08,1.6299999952316284,2025-08-12,0.22085890512776207,trail
AVIR,2025-08-07 16:11:03-04:00,POSITIVE,2025-08-08,3.640000104904175,2025-09-15,-0.17032969948059462,stop
INMB,2025-08-07 16:17:46-04:00,POSITIVE,2025-08-08,2.4200000762939453,2025-08-27,-0.19834710906644748,stop
CRNX,2025-08-07 16:38:34-04:00,SILENT,2025-08-08,27.729999542236328,2025-09-11,0.1968986359396212,trail
VTGN,2025-08-07 16:56:33-04:00,POSITIVE,2025-08-08,2.7699999809265137,2025-08-19,0.12274365216984151,trail
TECX,2025-08-07 17:08:54-04:00,SILENT,2025-08-08,21.0,2025-09-02,-0.24380951835995623,trail
ATYR,2025-08-07 21:33:53-04:00,POSITIVE,2025-08-08,5.239999771118164,2025-08-12,-0.01908395209933933,trail
IXHL,2025-08-08 08:00:39-04:00,POSITIVE,2025-08-11,12.510000228881836,2025-08-12,-0.011990453194260065,trail
KALA,2025-08-08 08:01:13-04:00,POSITIVE,2025-08-11,366.0,2025-08-19,0.05327868852459017,trail
REVB,2025-08-08 08:10:23-04:00,POSITIVE,2025-08-11,9.520000457763672,2025-08-19,0.03781508816878909,trail
CGON,2025-08-08 08:15:27-04:00,SILENT,2025-08-11,24.75,2025-09-16,0.3943433665265941,time
STOK,2025-08-11 07:00:19-04:00,POSITIVE,2025-08-12,13.15999984741211,2025-08-14,0.17781156380849406,trail
KYMR,2025-08-11 07:10:28-04:00,POSITIVE,2025-08-12,37.81999969482422,2025-09-02,0.0534109062417607,trail
ROIV,2025-08-11 07:17:14-04:00,SILENT,2025-08-12,11.300000190734863,2025-09-17,0.3469026557634969,time
BTAI,2025-08-11 07:30:54-04:00,SILENT,2025-08-12,5.619999885559082,2025-08-13,-0.08185054226228183,trail
AGEN,2025-08-11 07:31:27-04:00,POSITIVE,2025-08-12,4.269999980926514,2025-08-13,0.04215452673130127,trail
AVBP,2025-08-11 08:00:12-04:00,POSITIVE,2025-08-12,17.559999465942383,2025-08-26,0.10193627391612692,trail
IOBTQ,2025-08-11 08:00:33-04:00,MIXED,2025-08-12,1.1100000143051147,2025-08-13,0.09909911070945099,trail
FDMT,2025-08-11 08:05:46-04:00,POSITIVE,2025-08-12,5.525000095367432,2025-08-19,0.14932122986873386,trail
ZYME,2025-08-11 08:30:50-04:00,SILENT,2025-08-12,12.510000228881836,2025-08-19,0.07753791331794346,trail
GYRE,2025-08-11 16:00:57-04:00,POSITIVE,2025-08-12,6.679999828338623,2025-08-19,0.10179645548657201,trail
ARCT,2025-08-11 16:01:46-04:00,POSITIVE,2025-08-12,12.220000267028809,2025-08-18,0.46317502209956785,trail
DNLI,2025-08-11 16:03:55-04:00,SILENT,2025-08-12,14.020000457763672,2025-09-02,0.058487850788202955,trail
XENE,2025-08-11 16:04:21-04:00,SILENT,2025-08-12,36.0,2025-09-12,0.005277739630805023,trail
QNCX,2025-08-11 16:05:35-04:00,SILENT,2025-08-12,316.0,2025-08-13,0.08860759493670889,trail
BHVN,2025-08-11 16:05:57-04:00,POSITIVE,2025-08-12,13.65999984741211,2025-08-20,0.06808201431656458,trail
CAPR,2025-08-11 16:06:21-04:00,POSITIVE,2025-08-12,7.849999904632568,2025-08-14,-0.012738841509227883,trail
SEPN,2025-08-11 16:06:39-04:00,SILENT,2025-08-12,11.0,2025-08-19,-0.008181832053444582,trail
OLMA,2025-08-11 16:08:25-04:00,POSITIVE,2025-08-12,4.929999828338623,2025-08-13,0.04056801076394634,trail
TNXP,2025-08-11 16:49:37-04:00,POSITIVE,2025-08-12,45.650001525878906,2025-08-15,-0.009419502536752722,trail
GKOS,2025-08-12 07:00:14-04:00,POSITIVE,2025-08-13,90.02999877929688,2025-09-18,-0.09141392690356909,time
ALT,2025-08-12 07:10:10-04:00,POSITIVE,2025-08-13,3.640000104904175,2025-09-18,0.008241750144279303,time
CLYM,2025-08-12 07:10:31-04:00,POSITIVE,2025-08-13,1.649999976158142,2025-08-20,0.20000002889922208,trail
ZBIO,2025-08-12 07:13:47-04:00,POSITIVE,2025-08-13,16.200000762939453,2025-08-19,-0.037407461217835,trail
TCRX,2025-08-12 07:15:31-04:00,SILENT,2025-08-13,1.7400000095367432,2025-08-26,0.01724136277318622,trail
MREO,2025-08-12 07:40:38-04:00,SILENT,2025-08-13,1.659999966621399,2025-08-29,0.0,trail
TSHA,2025-08-12 08:10:37-04:00,POSITIVE,2025-08-13,3.059999942779541,2025-09-12,-0.00653594160147164,trail
AUTL,2025-08-12 08:11:30-04:00,MIXED,2025-08-13,2.1500000953674316,2025-08-13,-0.15116280617102662,stop
INSM,2025-08-12 11:55:42-04:00,POSITIVE,2025-08-13,121.16000366210938,2025-09-18,0.18702544550348077,time
STOK,2025-08-12 16:01:38-04:00,POSITIVE,2025-08-13,14.890000343322754,2025-08-14,0.0409670680062002,trail
GANX,2025-08-12 16:03:31-04:00,POSITIVE,2025-08-13,1.4800000190734863,2025-08-14,0.01351350045186761,trail
KYTX,2025-08-12 16:06:25-04:00,SILENT,2025-08-13,3.0399999618530273,2025-08-19,0.0756579019603969,trail
MLYS,2025-08-12 16:06:28-04:00,POSITIVE,2025-08-13,13.109999656677246,2025-08-20,0.08771934418921723,trail
ERAS,2025-08-12 16:08:33-04:00,POSITIVE,2025-08-13,1.5499999523162842,2025-08-14,0.0,trail
ZVRA,2025-08-12 16:10:35-04:00,SILENT,2025-08-13,10.34000015258789,2025-08-14,-0.1670212970044297,stop
AARD,2025-08-12 16:11:02-04:00,POSITIVE,2025-08-13,10.039999961853027,2025-08-14,0.07569723423998576,trail
TBPH,2025-08-12 16:11:52-04:00,POSITIVE,2025-08-13,11.989999771118164,2025-08-28,0.13511258686271055,stall
ANVS,2025-08-12 16:16:48-04:00,SILENT,2025-08-13,2.6700000762939453,2025-08-14,-0.026217292007923665,trail
SPRO,2025-08-12 16:17:42-04:00,MIXED,2025-08-13,2.1500000953674316,2025-08-20,-0.16279075698893541,stop
SPRY,2025-08-13 07:02:11-04:00,SILENT,2025-08-14,15.680000305175781,2025-08-25,-0.15051024007777314,stop
AURA,2025-08-13 07:05:35-04:00,POSITIVE,2025-08-14,7.119999885559082,2025-09-15,-0.16432585605330718,stop
SGMT,2025-08-13 07:36:20-04:00,POSITIVE,2025-08-14,9.40999984741211,2025-08-15,-0.1859723728349768,stop
CTMX,2025-08-13 08:07:39-04:00,SILENT,2025-08-14,1.7999999523162842,2025-08-20,0.047222244665947155,trail
KOD,2025-08-13 16:00:37-04:00,POSITIVE,2025-08-14,9.4399995803833,2025-08-18,0.001059346326944377,trail
ACRV,2025-08-13 16:15:31-04:00,SILENT,2025-08-14,1.3700000047683716,2025-09-09,0.13138682257037337,trail
ELVN,2025-08-13 16:15:34-04:00,POSITIVE,2025-08-14,19.940000534057617,2025-09-19,-0.051654997946778525,time
ICU,2025-08-13 16:15:40-04:00,POSITIVE,2025-08-14,7.699999809265137,2025-08-15,0.02597406377356548,trail
LTRN,2025-08-13 16:15:50-04:00,POSITIVE,2025-08-14,4.519999980926514,2025-09-09,-0.15044249328023562,stop
VSTM,2025-08-13 17:20:21-04:00,POSITIVE,2025-08-14,8.260000228881836,2025-09-08,0.22397086882960604,trail
PLX,2025-08-14 06:58:16-04:00,SILENT,2025-08-15,1.5199999809265137,2025-08-29,0.0,trail
LRMR,2025-08-14 07:02:46-04:00,SILENT,2025-08-15,4.320000171661377,2025-08-19,-0.16087966297327605,stop
PVLA,2025-08-14 07:30:14-04:00,SILENT,2025-08-15,47.119998931884766,2025-08-25,0.042657092143318254,trail
CLRB,2025-08-14 07:30:37-04:00,POSITIVE,2025-08-15,4.400000095367432,2025-08-19,0.022727250560256484,trail
CADL,2025-08-14 08:07:27-04:00,POSITIVE,2025-08-15,6.090000152587891,2025-09-03,-0.2016420580071997,stop
MGTX,2025-08-14 08:08:01-04:00,POSITIVE,2025-08-15,8.229999542236328,2025-09-22,-0.09902790105889137,time
ZURA,2025-08-14 08:20:38-04:00,SILENT,2025-08-15,1.7300000190734863,2025-08-29,0.14450866892700343,trail
ADIL,2025-08-14 08:35:55-04:00,SILENT,2025-08-15,9.75,2025-09-22,-0.1282051282051282,time
ICU,2025-08-14 09:07:28-04:00,POSITIVE,2025-08-15,8.5,2025-08-28,-0.049411773681640625,trail
FBRX,2025-08-14 16:07:56-04:00,POSITIVE,2025-08-15,10.989999771118164,2025-08-19,0.053685183337165876,trail
ANNX,2025-08-14 16:09:13-04:00,POSITIVE,2025-08-15,2.450000047683716,2025-08-21,-0.15510208450819352,stop
FBIO,2025-08-14 16:10:37-04:00,MIXED,2025-08-15,2.0299999713897705,2025-08-20,-0.004926103745908295,trail
TYRA,2025-08-14 16:11:54-04:00,POSITIVE,2025-08-15,11.25,2025-09-04,0.05688891940646701,trail
HURA,2025-08-14 16:20:29-04:00,SILENT,2025-08-15,2.7899999618530273,2025-08-19,0.0215053561289984,trail
IOBTQ,2025-08-14 16:31:42-04:00,SILENT,2025-08-15,1.399999976158142,2025-08-19,0.4017857211280844,trail
TNXP,2025-08-15 17:23:40-04:00,POSITIVE,2025-08-18,53.5099983215332,2025-08-18,-0.263875899360712,stop
TNXP,2025-08-18 07:01:21-04:00,POSITIVE,2025-08-19,36.900001525878906,2025-08-28,-0.16964774735416122,stop
NAMS,2025-08-18 08:00:29-04:00,POSITIVE,2025-08-19,25.190000534057617,2025-09-12,-0.03969829213175169,trail
RARE,2025-08-18 08:30:28-04:00,SILENT,2025-08-19,29.670000076293945,2025-09-15,-0.023929928884246054,trail
SNGX,2025-08-18 09:00:15-04:00,POSITIVE,2025-08-19,4.110000133514404,2025-08-19,-0.15815086964769165,stop
OSTX,2025-08-19 06:50:35-04:00,POSITIVE,2025-08-20,2.109999895095825,2025-08-25,-0.09478670067201278,trail
VKTX,2025-08-19 07:09:43-04:00,MIXED,2025-08-20,24.604999542236328,2025-08-21,-0.0014224689316506556,trail
CLDX,2025-08-19 16:04:53-04:00,POSITIVE,2025-08-20,21.959999084472656,2025-09-22,0.09972680443352622,trail
IOVA,2025-08-19 16:47:37-04:00,SILENT,2025-08-20,2.5999999046325684,2025-08-29,-0.16153840510802653,stop
RZLT,2025-08-20 06:06:33-04:00,SILENT,2025-08-21,6.650000095367432,2025-09-15,0.08721803238921733,trail
RCKT,2025-08-20 07:11:02-04:00,NEGATIVE,2025-08-21,3.759999990463257,2025-09-03,-0.15425529924924142,stop
SEPN,2025-08-21 08:33:01-04:00,SILENT,2025-08-22,11.84000015258789,2025-08-29,-0.011824353168792268,trail
IONS,2025-08-21 14:01:34-04:00,POSITIVE,2025-08-22,43.68000030517578,2025-09-22,0.3976648079333127,stall
GYRE,2025-08-22 07:05:42-04:00,POSITIVE,2025-08-25,8.1899995803833,2025-09-30,-0.12087909912589168,time
IXHL,2025-08-22 09:13:40-04:00,SILENT,2025-08-25,18.0,2025-08-26,-0.016666624281141518,trail
TBPH,2025-08-25 06:04:02-04:00,MIXED,2025-08-26,13.800000190734863,2025-10-01,0.036231883557196864,time
STTK,2025-08-26 06:35:19-04:00,SILENT,2025-08-27,1.0,2025-09-04,0.19000005722045898,trail
IXHL,2025-08-26 08:00:30-04:00,POSITIVE,2025-08-27,20.43000030517578,2025-09-04,-0.17767993215328548,stop
BTAI,2025-08-27 07:01:35-04:00,POSITIVE,2025-08-28,3.9100000858306885,2025-08-29,-0.02813302585670774,trail
ALLR,2025-08-27 08:00:43-04:00,POSITIVE,2025-08-28,1.559999942779541,2025-08-29,-0.05128200425668883,trail
IOVA,2025-08-29 16:06:17-04:00,SILENT,2025-09-02,2.2100000381469727,2025-09-09,0.031674177391187275,trail
RZLT,2025-09-02 06:03:48-04:00,MIXED,2025-09-03,7.170000076293945,2025-09-15,0.008368192767238325,trail
ZYME,2025-09-02 06:58:56-04:00,SILENT,2025-09-03,13.65999984741211,2025-10-08,0.20204979939327883,time
UTHR,2025-09-02 07:00:49-04:00,MIXED,2025-09-03,402.6099853515625,2025-10-08,0.10280424270226529,time
OLMA,2025-09-02 07:05:30-04:00,POSITIVE,2025-09-03,6.429999828338623,2025-09-08,0.16951791317069498,trail
IONS,2025-09-02 07:05:42-04:00,POSITIVE,2025-09-03,58.97999954223633,2025-09-22,0.03509663802797869,stall
ZBIO,2025-09-02 07:15:16-04:00,POSITIVE,2025-09-03,17.520000457763672,2025-09-10,0.12785386487393313,trail
COYA,2025-09-02 08:30:25-04:00,SILENT,2025-09-03,6.519999980926514,2025-09-16,-0.1763803832410461,stop
NAMS,2025-09-02 08:30:37-04:00,POSITIVE,2025-09-03,24.6299991607666,2025-09-08,-0.018270356107345287,trail
UPB,2025-09-02 08:38:15-04:00,POSITIVE,2025-09-03,20.940000534057617,2025-09-10,-0.1872015270447729,stop
SVRA,2025-09-02 09:13:41-04:00,MIXED,2025-09-03,3.359999895095825,2025-09-11,0.06696433037975758,trail
VOR,2025-09-02 10:43:08-04:00,MIXED,2025-09-03,40.400001525878906,2025-09-15,-0.22524757289895636,stop
CYTK,2025-09-02 17:20:58-04:00,POSITIVE,2025-09-03,49.900001525878906,2025-09-15,-0.01362726020806082,trail
AARD,2025-09-02 20:56:36-04:00,POSITIVE,2025-09-03,9.0,2025-09-11,-0.16666666666666663,stop
SEPN,2025-09-03 07:00:21-04:00,POSITIVE,2025-09-04,14.199999809265137,2025-09-11,-0.037323925358462295,trail
PVLA,2025-09-03 07:31:18-04:00,POSITIVE,2025-09-04,53.86000061035156,2025-09-08,-0.01930933723991568,trail
KAPA,2025-09-03 08:15:58-04:00,SILENT,2025-09-04,1.409999966621399,2025-09-09,0.21985820519673038,trail
ROIV,2025-09-03 13:38:54-04:00,POSITIVE,2025-09-04,12.579999923706055,2025-09-23,0.1701113160811778,trail
CGEM,2025-09-04 06:01:45-04:00,SILENT,2025-09-05,6.880000114440918,2025-10-02,-0.17223836091110822,stop
ZURA,2025-09-04 06:32:35-04:00,SILENT,2025-09-05,2.0799999237060547,2025-09-10,-0.01923075159625831,trail
MBX,2025-09-04 08:09:06-04:00,SILENT,2025-09-05,12.9399995803833,2025-09-05,-0.17210195943228512,stop
DFTX,2025-09-04 11:15:28-04:00,POSITIVE,2025-09-05,9.300000190734863,2025-09-24,0.02043006198780395,trail
CGON,2025-09-05 07:15:26-04:00,POSITIVE,2025-09-08,33.810001373291016,2025-09-25,0.054125937356603426,trail
ATOS,2025-09-08 04:36:48-04:00,POSITIVE,2025-09-09,11.699999809265137,2025-10-10,0.3461538680990148,trail
IDYA,2025-09-08 06:08:13-04:00,POSITIVE,2025-09-09,24.059999465942383,2025-10-10,0.08270988425976755,trail
RAPP,2025-09-08 06:12:16-04:00,POSITIVE,2025-09-09,31.920000076293945,2025-09-10,-0.2994987294201893,stop
VSTM,2025-09-08 07:01:09-04:00,POSITIVE,2025-09-09,10.15999984741211,2025-09-24,-0.1545275313389024,stop
GALT,2025-09-08 07:56:25-04:00,POSITIVE,2025-09-09,4.679999828338623,2025-09-12,0.1346154140062361,trail
DNTH,2025-09-08 08:01:42-04:00,POSITIVE,2025-09-09,31.729999542236328,2025-09-10,0.04727387398803229,trail
ALKS,2025-09-08 09:15:27-04:00,POSITIVE,2025-09-09,28.559999465942383,2025-10-14,0.10609246300087527,time
RARE,2025-09-08 16:15:17-04:00,POSITIVE,2025-09-09,31.530000686645508,2025-10-14,-0.0028544291350430795,time
XLO,2025-09-09 03:35:11-04:00,POSITIVE,2025-09-10,10.583999633789062,2025-10-01,0.08597891464218099,trail
TCRX,2025-09-09 07:00:22-04:00,NEGATIVE,2025-09-10,1.8600000143051147,2025-10-02,0.1505376819600006,trail
CGON,2025-09-09 07:00:36-04:00,POSITIVE,2025-09-10,33.779998779296875,2025-09-25,0.05506218702090426,trail
AVBP,2025-09-09 08:00:13-04:00,MIXED,2025-09-10,19.65999984741211,2025-10-14,-0.010172978865296334,trail
TVTX,2025-09-10 07:05:26-04:00,MIXED,2025-09-11,27.709999084472656,2025-09-12,-0.16293755102209384,stop
CELC,2025-09-10 07:58:20-04:00,POSITIVE,2025-09-11,58.939998626708984,2025-09-26,-0.15473361290090004,stop
CORT,2025-09-10 08:09:04-04:00,POSITIVE,2025-09-11,71.83999633789062,2025-10-10,0.017817462053743016,trail
GYRE,2025-09-10 09:00:50-04:00,POSITIVE,2025-09-11,8.229999542236328,2025-10-16,0.05710817656997058,time
PMVP,2025-09-10 12:04:39-04:00,POSITIVE,2025-09-11,1.2899999618530273,2025-09-15,-0.12403098554481051,trail
RVMD,2025-09-10 16:05:33-04:00,SILENT,2025-09-11,42.900001525878906,2025-09-19,0.011655011240462976,trail
CTOR,2025-09-10 16:45:59-04:00,POSITIVE,2025-09-11,1.840000033378601,2025-09-12,-0.005434777327093299,trail
ARWR,2025-09-11 07:31:06-04:00,POSITIVE,2025-09-12,29.649999618530273,2025-10-08,0.21416527700395593,trail
MAZE,2025-09-11 07:48:53-04:00,POSITIVE,2025-09-12,24.8799991607666,2025-09-29,-0.0012057387583911394,trail
KAPA,2025-09-11 08:00:39-04:00,POSITIVE,2025-09-12,1.8200000524520874,2025-09-16,-0.18681319976915323,stop
ENGN,2025-09-11 16:08:02-04:00,SILENT,2025-09-12,6.059999942779541,2025-09-22,0.06633662610639401,trail
NTHI,2025-09-11 17:00:29-04:00,SILENT,2025-09-12,9.850000381469727,2025-09-16,-0.15248738584228416,trail
ALXO,2025-09-12 08:32:27-04:00,SILENT,2025-09-15,1.059999942779541,2025-09-22,0.0660377888969812,trail
ATYR,2025-09-15 08:30:27-04:00,MIXED,2025-09-16,1.0800000429153442,2025-09-17,-0.1027778302077873,trail
APVO,2025-09-16 17:07:43-04:00,POSITIVE,2025-09-17,27.540000915527344,2025-09-19,0.14379081164953655,trail
XFOR,2025-09-17 07:03:30-04:00,SILENT,2025-09-18,3.0999999046325684,2025-09-19,-0.029032231270335718,trail
TNXP,2025-09-17 07:05:17-04:00,SILENT,2025-09-18,27.809999465942383,2025-09-25,-0.1513843640891992,stop
RLMD,2025-09-17 07:30:55-04:00,POSITIVE,2025-09-18,1.5299999713897705,2025-09-19,-0.01960782480441492,trail
ROIV,2025-09-17 07:45:44-04:00,POSITIVE,2025-09-18,15.039999961853027,2025-10-07,0.013962768529229397,trail
ELTX,2025-09-17 08:16:34-04:00,SILENT,2025-09-18,11.789999961853027,2025-10-16,-0.16030537314995064,stop
RZLT,2025-09-17 16:12:40-04:00,SILENT,2025-09-18,7.699999809265137,2025-09-22,-0.04415580313932255,trail
VVOS,2025-09-17 20:41:12-04:00,POSITIVE,2025-09-18,3.509999990463257,2025-10-01,-0.15954414367551928,stop
KAPA,2025-09-18 08:00:48-04:00,POSITIVE,2025-09-19,1.2899999618530273,2025-09-26,-0.1782945937014615,stop
CTNM,2025-09-18 08:16:26-04:00,POSITIVE,2025-09-19,12.5,2025-09-24,-0.17760002136230468,stop
NKTR,2025-09-18 08:56:13-04:00,POSITIVE,2025-09-19,58.7599983215332,2025-10-20,-0.05394823450469077,trail
ALLR,2025-09-19 18:13:10-04:00,POSITIVE,2025-09-22,1.559999942779541,2025-09-23,0.006410326948300238,trail
AVTX,2025-09-22 07:01:39-04:00,SILENT,2025-09-23,11.789999961853027,2025-09-30,0.06955044083777406,trail
IONS,2025-09-22 07:05:51-04:00,POSITIVE,2025-09-23,61.5099983215332,2025-10-28,0.17867016710061345,stall
MIRA,2025-09-22 07:30:50-04:00,POSITIVE,2025-09-23,1.3300000429153442,2025-10-17,0.015037579158775127,trail
MBX,2025-09-22 08:00:09-04:00,POSITIVE,2025-09-23,19.989999771118164,2025-09-25,-0.15507755962802217,stop
CERO,2025-09-22 16:10:46-04:00,POSITIVE,2025-09-23,5.489999771118164,2025-10-09,-0.22222219327035952,stop
PVLA,2025-09-24 06:01:02-04:00,SILENT,2025-09-25,60.029998779296875,2025-10-09,0.16724972713126118,trail
QURE,2025-09-24 07:06:10-04:00,POSITIVE,2025-09-25,50.43000030517578,2025-09-26,-0.024390234677632794,trail
ALLR,2025-09-24 07:58:49-04:00,POSITIVE,2025-09-25,1.600000023841858,2025-10-10,-0.012499987892806708,trail
MAIA,2025-09-24 08:25:30-04:00,SILENT,2025-09-25,1.5499999523162842,2025-10-03,0.06451614639885639,trail
WVE,2025-09-24 08:30:22-04:00,POSITIVE,2025-09-25,6.670000076293945,2025-10-10,0.11094449215198976,trail
HRMY,2025-09-24 08:39:11-04:00,NEGATIVE,2025-09-25,26.709999084472656,2025-10-30,0.07600152587895859,time
ICU,2025-09-24 17:00:28-04:00,SILENT,2025-09-25,6.510000228881836,2025-09-25,-0.17050692695675362,stop
IMUX,2025-09-25 07:01:02-04:00,MIXED,2025-09-26,9.100000381469727,2025-09-30,-0.07032970510924186,trail
NTLA,2025-09-25 16:19:06-04:00,POSITIVE,2025-09-26,16.530000686645508,2025-10-10,0.40471859339448146,trail
ORGO,2025-09-25 17:00:11-04:00,MIXED,2025-09-26,4.679999828338623,2025-09-26,-0.1570512653964662,stop
CRNX,2025-09-25 17:36:34-04:00,POSITIVE,2025-09-26,41.06999969482422,2025-09-29,0.05064528479450692,trail
HROW,2025-09-26 07:05:55-04:00,POSITIVE,2025-09-29,49.540000915527344,2025-10-06,-0.171780419438046,stop
SCLX,2025-09-26 16:10:51-04:00,SILENT,2025-09-29,18.511831283569336,2025-09-30,-0.35755127668954945,stop
ENTA,2025-09-29 06:51:36-04:00,POSITIVE,2025-09-30,14.989999771118164,2025-09-30,-0.24616408517183375,stop
LRMR,2025-09-29 07:00:16-04:00,POSITIVE,2025-09-30,3.3299999237060547,2025-10-07,0.3558558468255819,trail
CLYM,2025-09-29 07:48:40-04:00,POSITIVE,2025-09-30,1.9900000095367432,2025-10-07,-0.22613067614430438,stop
KALA,2025-09-29 08:08:47-04:00,MIXED,2025-09-30,89.0,2025-09-30,-0.1573033707865169,stop
ENTA,2025-09-29 08:20:18-04:00,MIXED,2025-09-30,14.989999771118164,2025-09-30,-0.24616408517183375,stop
TNXP,2025-09-29 08:24:51-04:00,SILENT,2025-09-30,24.940000534057617,2025-10-10,-0.16720128255809252,stop
OCUL,2025-09-30 06:32:59-04:00,MIXED,2025-10-01,12.050000190734863,2025-11-05,-0.12282161597379926,time
ENGN,2025-09-30 07:36:10-04:00,SILENT,2025-10-01,6.829999923706055,2025-10-03,0.09956080714080051,trail
ADCT,2025-09-30 09:16:20-04:00,MIXED,2025-10-01,3.940000057220459,2025-10-07,0.053299501293692986,trail
INMB,2025-09-30 16:05:40-04:00,MIXED,2025-10-01,2.0899999141693115,2025-10-22,-0.16267939145081134,stop
AVTX,2025-10-01 07:01:23-04:00,SILENT,2025-10-02,12.949999809265137,2025-10-07,0.03474902053227691,trail
PEPG,2025-10-01 16:05:30-04:00,POSITIVE,2025-10-02,4.800000190734863,2025-10-06,0.014583269175558522,trail
MGX,2025-10-01 16:47:28-04:00,SILENT,2025-10-02,2.450000047683716,2025-10-09,0.21224488604322,trail
TSHA,2025-10-02 08:10:17-04:00,POSITIVE,2025-10-03,5.050000190734863,2025-10-16,-0.03564362344104943,trail
CLRB,2025-10-06 07:15:48-04:00,POSITIVE,2025-10-07,5.329999923706055,2025-10-17,-0.1651032133278224,stop
ARVN,2025-10-06 07:37:20-04:00,POSITIVE,2025-10-07,9.699999809265137,2025-11-11,0.14329900728400724,time
BMEA,2025-10-06 12:15:56-04:00,MIXED,2025-10-07,1.9800000190734863,2025-10-07,-0.16161618655025423,stop
GANX,2025-10-06 17:01:14-04:00,POSITIVE,2025-10-07,2.2899999618530273,2025-10-07,-0.15764189861983746,stop
LXEO,2025-10-07 06:03:59-04:00,POSITIVE,2025-10-08,8.520000457763672,2025-10-17,-0.0023474714423807885,trail
ACET,2025-10-07 06:48:42-04:00,POSITIVE,2025-10-08,13.760000228881836,2025-10-10,-0.0023256207234534365,trail
KAPA,2025-10-07 08:00:47-04:00,POSITIVE,2025-10-08,1.2699999809265137,2025-10-22,-0.19685039665718373,stop
TNXP,2025-10-07 08:30:31-04:00,POSITIVE,2025-10-08,23.1200008392334,2025-10-14,-0.16608996596884273,stop
ZBIO,2025-10-08 06:01:10-04:00,SILENT,2025-10-09,26.209999084472656,2025-10-10,-0.01564287911993867,trail
AARD,2025-10-08 17:45:26-04:00,POSITIVE,2025-10-09,17.0,2025-10-14,-0.15882351819206686,stop
TSHA,2025-10-09 08:24:24-04:00,POSITIVE,2025-10-10,5.090000152587891,2025-10-16,-0.043222055095018974,trail
DWTX,2025-10-09 16:15:10-04:00,POSITIVE,2025-10-10,5.429999828338623,2025-10-15,0.08655622134202012,trail
AVTX,2025-10-10 07:01:40-04:00,MIXED,2025-10-13,13.789999961853027,2025-10-17,-0.013778069681573024,trail
TVRD,2025-10-14 06:11:33-04:00,MIXED,2025-10-15,6.909999847412109,2025-10-21,-0.19392180974542006,stop
ACRS,2025-10-14 06:59:22-04:00,POSITIVE,2025-10-15,1.850000023841858,2025-10-17,0.016216200542241266,trail
LRMR,2025-10-14 07:00:46-04:00,POSITIVE,2025-10-15,3.9200000762939453,2025-10-17,0.03826532970612728,trail
PTHS,2025-10-14 07:46:12-04:00,POSITIVE,2025-10-15,26.969999313354492,2025-10-21,0.058583610082767024,trail
CING,2025-10-14 08:15:33-04:00,SILENT,2025-10-15,4.170000076293945,2025-10-28,-0.15347724057429035,stop
EYPT,2025-10-14 16:08:51-04:00,MIXED,2025-10-15,13.119999885559082,2025-10-23,-0.15015246068692023,stop
QNRX,2025-10-15 16:15:33-04:00,SILENT,2025-10-16,18.0,2025-10-16,-0.255000008477105,stop
PRAX,2025-10-16 07:58:26-04:00,MIXED,2025-10-17,178.89999389648438,2025-10-20,-0.0791000640545052,trail
DNTH,2025-10-16 08:00:28-04:00,POSITIVE,2025-10-17,35.70000076293945,2025-11-13,-0.006722735947836345,trail
TSHA,2025-10-16 16:10:20-04:00,POSITIVE,2025-10-17,4.900000095367432,2025-10-22,-0.03979595262574265,trail
XENE,2025-10-16 17:16:25-04:00,SILENT,2025-10-17,41.70000076293945,2025-11-21,-0.0625899415491421,time
PLX,2025-10-17 08:08:41-04:00,POSITIVE,2025-10-20,1.8700000047683716,2025-10-29,0.18716578767346626,trail
QNCX,2025-10-17 16:11:02-04:00,SILENT,2025-10-20,368.0,2025-11-04,-0.15489130434782605,stop
XENE,2025-10-17 16:37:26-04:00,SILENT,2025-10-20,42.060001373291016,2025-11-24,-0.03376133945027182,time
OSTX,2025-10-17 17:06:25-04:00,SILENT,2025-10-20,1.8799999952316284,2025-11-24,-0.12765957986461252,time
LXEO,2025-10-17 17:26:14-04:00,POSITIVE,2025-10-20,9.680000305175781,2025-11-04,-0.15909090013453897,stop
VSTM,2025-10-20 06:01:00-04:00,POSITIVE,2025-10-21,8.0,2025-11-04,-0.05624997615814209,trail
DCTH,2025-10-20 06:01:41-04:00,POSITIVE,2025-10-21,11.399999618530273,2025-10-30,-0.19736842765702456,stop
FLGT,2025-10-20 06:04:52-04:00,POSITIVE,2025-10-21,23.979999542236328,2025-11-25,0.2808590800216282,time
ARVN,2025-10-20 06:06:41-04:00,POSITIVE,2025-10-21,9.720000267028809,2025-11-12,0.05246905979390637,trail
CELC,2025-10-20 06:30:36-04:00,POSITIVE,2025-10-21,71.06999969482422,2025-10-28,0.03053325141780383,trail
IRON,2025-10-20 06:38:05-04:00,POSITIVE,2025-10-21,85.63999938964844,2025-11-25,0.0698272232549364,time
SMMT,2025-10-20 07:28:51-04:00,SILENT,2025-10-21,19.989999771118164,2025-11-17,-0.15307651330559358,stop
CRMD,2025-10-20 08:10:42-04:00,SILENT,2025-10-21,12.25,2025-11-17,-0.1991836392149633,stop
ANRO,2025-10-20 16:01:59-04:00,POSITIVE,2025-10-21,10.84000015258789,2025-10-30,0.2610700999879998,trail
IDYA,2025-10-20 16:05:19-04:00,POSITIVE,2025-10-21,30.520000457763672,2025-10-31,0.013761470183304203,trail
NEUP,2025-10-20 16:15:43-04:00,MIXED,2025-10-21,4.900000095367432,2025-10-23,-0.23469389244597505,stop
OLMA,2025-10-20 17:13:29-04:00,MIXED,2025-10-21,7.659999847412109,2025-10-23,0.018276807586367294,trail
QTTB,2025-10-21 07:05:33-04:00,POSITIVE,2025-10-22,2.9000000953674316,2025-11-04,-0.1896552319475624,stop
PRAX,2025-10-21 08:02:31-04:00,SILENT,2025-10-22,189.7100067138672,2025-11-03,-0.1195773128172295,trail
ALEC,2025-10-21 16:08:27-04:00,MIXED,2025-10-22,1.5399999618530273,2025-10-23,-0.051948003693320643,trail
TNXP,2025-10-22 07:05:37-04:00,POSITIVE,2025-10-23,18.75,2025-10-28,0.0053333536783854996,trail
ARCT,2025-10-22 07:50:46-04:00,MIXED,2025-10-23,11.420000076293945,2025-10-29,-0.1803853245056385,stop
TTRX,2025-10-22 08:06:17-04:00,SILENT,2025-10-23,4.380000114440918,2025-10-24,0.029680390649375887,trail
NRIX,2025-10-22 09:04:11-04:00,SILENT,2025-10-23,10.539999961853027,2025-10-29,0.07874762112998468,trail
VKTX,2025-10-22 16:10:27-04:00,POSITIVE,2025-10-23,35.439998626708984,2025-11-03,0.0019751607657079173,trail
SLN,2025-10-23 07:45:25-04:00,SILENT,2025-10-24,7.420000076293945,2025-11-04,-0.15768194936169366,stop
MAIA,2025-10-23 09:15:34-04:00,SILENT,2025-10-24,1.4800000190734863,2025-10-31,-0.17567566696791181,stop
MIRA,2025-10-23 16:01:34-04:00,SILENT,2025-10-24,1.600000023841858,2025-10-29,0.0,trail
VSTM,2025-10-23 16:02:05-04:00,MIXED,2025-10-24,7.920000076293945,2025-11-04,-0.04671715681753108,trail
INBX,2025-10-23 16:05:56-04:00,POSITIVE,2025-10-24,49.130001068115234,2025-10-27,0.08670869588679664,trail
SGMT,2025-10-23 16:06:02-04:00,POSITIVE,2025-10-24,7.699999809265137,2025-10-27,0.08051946765155216,trail
CTOR,2025-10-23 17:09:05-04:00,POSITIVE,2025-10-24,1.690000057220459,2025-10-30,0.0,trail
CTXR,2025-10-23 17:12:30-04:00,POSITIVE,2025-10-24,1.9600000381469727,2025-10-24,-0.15306125800344395,stop
KURA,2025-10-24 07:24:52-04:00,SILENT,2025-10-27,9.800000190734863,2025-10-31,0.020408143405366452,trail
MAIA,2025-10-24 16:30:43-04:00,SILENT,2025-10-27,1.4299999475479126,2025-10-28,-0.03496500290228777,trail
CLDI,2025-10-24 17:16:07-04:00,SILENT,2025-10-27,1.5601999759674072,2025-10-31,-0.03852067702808992,trail
FATE,2025-10-27 07:00:13-04:00,POSITIVE,2025-10-28,1.5299999713897705,2025-10-30,-0.1633986958659308,stop
CABA,2025-10-27 07:02:07-04:00,POSITIVE,2025-10-28,2.7899999618530273,2025-11-03,-0.014336904085998858,trail
ZBIO,2025-10-27 07:19:24-04:00,POSITIVE,2025-10-28,32.0,2025-10-29,-0.1600000262260437,stop
BBIO,2025-10-27 16:11:32-04:00,POSITIVE,2025-10-28,63.02000045776367,2025-10-30,-0.004998391374498645,trail
MAIA,2025-10-27 16:30:30-04:00,SILENT,2025-10-28,1.5,2025-10-29,-0.16000000635782874,stop
ALDX,2025-10-28 07:00:28-04:00,POSITIVE,2025-10-29,5.110000133514404,2025-12-01,0.014677066008911277,trail
ALKS,2025-10-28 07:05:26-04:00,POSITIVE,2025-10-29,31.0,2025-11-06,-0.010967746857673877,trail
UNCY,2025-10-28 07:30:13-04:00,SILENT,2025-10-29,4.809999942779541,2025-11-13,0.027650706566602956,trail
ARQT,2025-10-28 08:32:02-04:00,POSITIVE,2025-10-29,25.834999084472656,2025-12-04,0.13694601247104088,time
VOR,2025-10-28 16:37:05-04:00,MIXED,2025-10-29,26.790000915527344,2025-11-03,-0.16722662547534206,stop
KYTX,2025-10-29 06:32:20-04:00,MIXED,2025-10-30,7.25,2025-11-20,0.015862037395608874,trail
AVTX,2025-10-29 07:04:33-04:00,SILENT,2025-10-30,17.93000030517578,2025-11-07,-0.21026215245938396,stop
KYTX,2025-10-29 08:00:15-04:00,POSITIVE,2025-10-30,7.25,2025-11-20,0.015862037395608874,trail
BBIO,2025-10-29 16:02:49-04:00,POSITIVE,2025-10-30,66.06999969482422,2025-12-05,0.09542909541847178,time
BBIO,2025-10-29 16:09:02-04:00,POSITIVE,2025-10-30,66.06999969482422,2025-12-05,0.09542909541847178,time
BHC,2025-10-29 16:09:41-04:00,POSITIVE,2025-10-30,6.300000190734863,2025-11-07,0.04126980066239483,trail
DFTX,2025-10-29 16:11:23-04:00,POSITIVE,2025-10-30,13.0,2025-11-03,-0.06884618905874396,trail
TECX,2025-10-29 19:28:46-04:00,POSITIVE,2025-10-30,23.440000534057617,2025-10-30,-0.2610921800253896,stop
AGIO,2025-10-30 06:32:30-04:00,SILENT,2025-10-31,42.86000061035156,2025-11-19,-0.4811012726456483,stop
MRK,2025-10-30 06:40:38-04:00,POSITIVE,2025-10-31,85.41999816894531,2025-12-08,0.14504799409083646,stall
PHAT,2025-10-30 07:00:14-04:00,SILENT,2025-10-31,14.430000305175781,2025-12-01,0.028828787507884535,trail
INSM,2025-10-30 07:00:36-04:00,SILENT,2025-10-31,194.57000732421875,2025-12-08,0.004985279978418022,trail
BMY,2025-10-30 07:09:00-04:00,POSITIVE,2025-10-31,45.470001220703125,2025-11-19,0.00593799099439507,trail
RNAC,2025-10-30 07:10:44-04:00,SILENT,2025-10-31,8.130000114440918,2025-11-06,-0.26445265253422234,stop
RARE,2025-10-30 08:30:24-04:00,SILENT,2025-10-31,34.9900016784668,2025-11-05,-0.18376684492934747,stop
INMB,2025-10-30 16:15:40-04:00,SILENT,2025-10-31,1.75,2025-11-03,0.0011428424290247374,trail
FDMT,2025-10-31 06:02:29-04:00,SILENT,2025-11-03,11.600000381469727,2025-11-10,-0.15689660246958892,stop
TCRX,2025-11-03 06:35:34-05:00,SILENT,2025-11-04,1.1699999570846558,2025-11-17,-0.17948716773083884,stop
CRBU,2025-11-03 07:02:57-05:00,POSITIVE,2025-11-04,2.4000000953674316,2025-11-07,-0.19583338714307996,stop
QURE,2025-11-03 07:06:14-05:00,SILENT,2025-11-04,30.809999465942383,2025-11-05,-0.1716974715960744,stop
AXSM,2025-11-03 07:06:30-05:00,POSITIVE,2025-11-04,134.00999450683594,2025-12-08,0.10044031986868407,stall
KPTI,2025-11-03 07:10:08-05:00,SILENT,2025-11-04,6.0,2025-11-06,-0.15166664123535156,stop
KYTX,2025-11-03 08:00:52-05:00,SILENT,2025-11-04,6.670000076293945,2025-11-07,-0.0704648068444933,trail
CGEM,2025-11-03 09:14:11-05:00,POSITIVE,2025-11-04,7.800000190734863,2025-11-19,0.05512812063930905,trail
DNTH,2025-11-03 13:04:56-05:00,MIXED,2025-11-04,33.88999938964844,2025-11-13,0.046326341785174696,trail
SNDX,2025-11-03 16:02:28-05:00,SILENT,2025-11-04,13.600000381469727,2025-11-05,0.04904410280777127,trail
XENE,2025-11-03 16:04:13-05:00,SILENT,2025-11-04,39.7400016784668,2025-12-10,0.08303973572423518,time
VRTX,2025-11-03 16:06:19-05:00,POSITIVE,2025-11-04,418.54998779296875,2025-12-10,0.03645922879150376,time
HURA,2025-11-03 16:10:06-05:00,POSITIVE,2025-11-04,2.5,2025-11-13,-0.19479999542236326,stop
NUVB,2025-11-03 16:15:31-05:00,POSITIVE,2025-11-04,5.150000095367432,2025-11-04,-0.2388349507371671,stop
IDYA,2025-11-04 06:02:13-05:00,POSITIVE,2025-11-05,30.6200008392334,2025-12-02,0.09144341126615108,trail
KURA,2025-11-04 06:35:25-05:00,SILENT,2025-11-05,9.970000267028809,2025-11-13,-0.046138417836177115,trail
PFE,2025-11-04 07:00:28-05:00,POSITIVE,2025-11-05,24.3799991607666,2025-11-20,-0.004101660277413655,trail
RLMD,2025-11-04 07:00:58-05:00,MIXED,2025-11-05,2.549999952316284,2025-11-06,-0.050980344491478924,trail
PHAT,2025-11-04 07:05:25-05:00,SILENT,2025-11-05,13.380000114440918,2025-11-21,0.05605381117975705,trail
CRVO,2025-11-04 07:08:34-05:00,SILENT,2025-11-05,7.539999961853027,2025-11-18,-0.003978744446017091,trail
KYMR,2025-11-04 07:10:25-05:00,POSITIVE,2025-11-05,59.06999969482422,2025-11-18,0.06500762099926605,trail
TSHA,2025-11-04 07:12:02-05:00,POSITIVE,2025-11-05,4.550000190734863,2025-11-07,-0.1883516651886462,stop
OCUL,2025-11-04 07:19:05-05:00,MIXED,2025-11-05,11.029999732971191,2025-12-02,0.010426176570858647,trail
DCTH,2025-11-04 08:02:41-05:00,SILENT,2025-11-05,8.930000305175781,2025-12-11,0.09406496348057569,time
HRMY,2025-11-04 08:05:15-05:00,NEGATIVE,2025-11-05,30.329999923706055,2025-12-11,0.291460542943486,time
BMEA,2025-11-04 11:03:19-05:00,POSITIVE,2025-11-05,1.25,2025-11-07,-0.007999992370605447,trail
SCLX,2025-11-04 13:21:50-05:00,SILENT,2025-11-05,12.154420852661133,2025-11-07,-0.16444670836826902,stop
STOK,2025-11-04 16:05:29-05:00,POSITIVE,2025-11-05,21.940000534057617,2025-11-17,0.15360067683925038,trail
CORT,2025-11-04 16:08:52-05:00,POSITIVE,2025-11-05,67.0,2025-11-10,0.05582086363835126,trail
VTGN,2025-11-04 16:10:25-05:00,POSITIVE,2025-11-05,4.150000095367432,2025-11-18,0.06024096247107802,trail
SYRE,2025-11-04 16:11:14-05:00,POSITIVE,2025-11-05,23.3700008392334,2025-11-21,-0.015404390133662127,trail
RARE,2025-11-04 16:12:51-05:00,POSITIVE,2025-11-05,28.899999618530273,2025-11-07,0.01591698954647547,trail
AARD,2025-11-04 16:19:58-05:00,MIXED,2025-11-05,9.800000190734863,2025-11-07,-0.04693877848919503,trail
PVLA,2025-11-05 06:05:45-05:00,MIXED,2025-11-06,78.36000061035156,2025-11-21,0.1485451671641611,trail
FHTX,2025-11-05 07:02:44-05:00,POSITIVE,2025-11-06,4.010000228881836,2025-11-14,0.05236896491858101,trail
LRMR,2025-11-05 07:03:12-05:00,POSITIVE,2025-11-06,3.190000057220459,2025-11-07,0.007836945611416679,trail
EYPT,2025-11-05 07:05:31-05:00,POSITIVE,2025-11-06,10.920000076293945,2025-11-07,-0.058608089638398475,trail
UPB,2025-11-05 07:05:32-05:00,POSITIVE,2025-11-06,24.0,2025-11-19,0.004166682561238533,trail
LXEO,2025-11-05 07:38:58-05:00,POSITIVE,2025-11-06,8.229999542236328,2025-11-14,0.07411915483361109,trail
VERA,2025-11-05 08:00:33-05:00,POSITIVE,2025-11-06,23.479999542236328,2025-11-07,0.016184032177329444,trail
NAMS,2025-11-05 08:00:41-05:00,POSITIVE,2025-11-06,38.380001068115234,2025-12-02,-0.009901017653460298,trail
MNKD,2025-11-05 08:03:50-05:00,SILENT,2025-11-06,6.130000114440918,2025-11-10,-0.19249596788684598,stop
XFOR,2025-11-05 08:05:51-05:00,SILENT,2025-11-06,3.619999885559082,2025-12-03,-0.15745855007251353,stop
RVMD,2025-11-05 16:00:25-05:00,POSITIVE,2025-11-06,59.72999954223633,2025-12-12,0.30671360538965065,time
CYTK,2025-11-05 16:00:37-05:00,POSITIVE,2025-11-06,58.849998474121094,2025-12-02,0.06338153702032523,trail
ACET,2025-11-05 16:02:55-05:00,POSITIVE,2025-11-06,11.039999961853027,2025-11-19,-0.17971016420734154,stop
DNTH,2025-11-05 16:03:41-05:00,POSITIVE,2025-11-06,33.849998474121094,2025-11-13,0.04756279713224898,trail
ZVRA,2025-11-05 16:08:02-05:00,MIXED,2025-11-06,9.5,2025-11-21,-0.1567368758352179,stop
TYRA,2025-11-05 16:08:59-05:00,POSITIVE,2025-11-06,14.729999542236328,2025-11-18,0.007467794553295937,trail
ADMA,2025-11-05 16:11:33-05:00,POSITIVE,2025-11-06,14.890000343322754,2025-11-17,0.02216251954984272,trail
VIR,2025-11-05 16:12:13-05:00,POSITIVE,2025-11-06,5.130000114440918,2025-11-07,-0.061403518556215175,trail
ACAD,2025-11-05 16:13:31-05:00,SILENT,2025-11-06,23.579999923706055,2025-12-12,0.1204410585995257,time
DYN,2025-11-05 16:16:03-05:00,POSITIVE,2025-11-06,21.059999465942383,2025-11-06,-0.18162388188928957,stop
NXTC,2025-11-05 16:16:39-05:00,POSITIVE,2025-11-06,9.520000457763672,2025-11-10,-0.1184874165084222,trail
CNTX,2025-11-05 16:21:13-05:00,POSITIVE,2025-11-06,1.1100000143051147,2025-11-13,-0.036036001204980406,trail
AARD,2025-11-05 18:11:48-05:00,SILENT,2025-11-06,10.5600004196167,2025-11-13,-0.03503795686845512,trail
ACRS,2025-11-06 07:01:23-05:00,POSITIVE,2025-11-07,2.259999990463257,2025-11-11,-0.07079649845391878,trail
AVTX,2025-11-06 07:02:40-05:00,SILENT,2025-11-07,15.329999923706055,2025-11-18,0.049576009958524736,trail
CGEM,2025-11-06 07:03:04-05:00,SILENT,2025-11-07,7.239999771118164,2025-11-11,0.0013812471267926618,trail
AMLX,2025-11-06 07:03:49-05:00,POSITIVE,2025-11-07,12.5600004196167,2025-11-20,0.07643312150273562,trail
ZLAB,2025-11-06 07:04:05-05:00,POSITIVE,2025-11-07,22.15999984741211,2025-12-08,-0.15252703899099196,stop
ALT,2025-11-06 07:04:53-05:00,SILENT,2025-11-07,3.9200000762939453,2025-11-14,0.007653053777012531,trail
NMRA,2025-11-06 07:05:27-05:00,SILENT,2025-11-07,2.5,2025-11-11,0.050000000000000044,trail
ACHV,2025-11-06 07:10:25-05:00,POSITIVE,2025-11-07,4.670000076293945,2025-11-20,-0.17130624789405435,stop
CLYM,2025-11-06 07:15:33-05:00,POSITIVE,2025-11-07,1.8899999856948853,2025-12-15,0.6296296015968748,time
IMCR,2025-11-06 07:31:02-05:00,SILENT,2025-11-07,31.670000076293945,2025-12-01,0.1765076801949097,trail
RGNX,2025-11-06 07:38:27-05:00,POSITIVE,2025-11-07,11.0,2025-11-17,-0.004545471884987551,trail
SLN,2025-11-06 07:38:36-05:00,SILENT,2025-11-07,6.380000114440918,2025-11-19,-0.05956114539571877,trail
EWTX,2025-11-06 08:00:47-05:00,POSITIVE,2025-11-07,17.049999237060547,2025-11-17,0.29442819251580965,trail
MBX,2025-11-06 08:06:38-05:00,POSITIVE,2025-11-07,21.90999984741211,2025-11-10,0.07393887953060596,trail
REPL,2025-11-06 08:20:39-05:00,POSITIVE,2025-11-07,8.21500015258789,2025-11-12,0.03712724278887558,trail
IRON,2025-11-06 08:33:01-05:00,POSITIVE,2025-11-07,87.0,2025-12-03,0.002068969025009082,trail
VERA,2025-11-06 09:59:49-05:00,MIXED,2025-11-07,24.989999771118164,2025-11-13,0.11648656761734144,trail
DNLI,2025-11-06 16:03:18-05:00,SILENT,2025-11-07,14.555000305175781,2025-11-11,0.042940569350434776,trail
INTS,2025-11-06 16:04:02-05:00,POSITIVE,2025-11-07,12.25,2025-11-10,-0.15918365789919486,stop
RCKT,2025-11-06 16:04:18-05:00,NEGATIVE,2025-11-07,3.259999990463257,2025-12-15,0.030674817461689097,time
NTLA,2025-11-06 16:06:45-05:00,NEGATIVE,2025-11-07,9.145000457763672,2025-11-11,0.025697063413238297,trail
ZYME,2025-11-06 16:08:50-05:00,POSITIVE,2025-11-07,17.010000228881836,2025-11-13,0.07983537821063336,trail
ALEC,2025-11-06 16:12:31-05:00,MIXED,2025-11-07,1.2699999809265137,2025-11-13,-0.059055062677804915,trail
IMNM,2025-11-06 16:12:42-05:00,SILENT,2025-11-07,15.449999809265137,2025-11-14,0.042718498979568365,trail
DFTX,2025-11-06 16:12:58-05:00,POSITIVE,2025-11-07,10.960000038146973,2025-11-11,0.049270069340650036,trail
GPCR,2025-11-06 16:15:14-05:00,SILENT,2025-11-07,33.70000076293945,2025-11-18,0.019881250853920562,trail
TECX,2025-11-06 16:15:50-05:00,POSITIVE,2025-11-07,18.610000610351562,2025-11-11,-0.006448191042328633,trail
RZLT,2025-11-06 16:16:25-05:00,SILENT,2025-11-07,9.449999809265137,2025-11-10,0.023280452007323094,trail
PTGX,2025-11-06 16:19:42-05:00,POSITIVE,2025-11-07,80.12000274658203,2025-12-02,0.042436267847349995,trail
CHRS,2025-11-06 16:28:57-05:00,POSITIVE,2025-11-07,1.350000023841858,2025-11-14,-0.192592582127031,stop
BIOA,2025-11-06 16:50:26-05:00,POSITIVE,2025-11-07,7.269999980926514,2025-12-02,0.1636863906936079,trail
ELDN,2025-11-06 18:44:31-05:00,POSITIVE,2025-11-07,2.0,2025-11-07,-0.2850000262260437,stop
GYRE,2025-11-06 21:55:26-05:00,POSITIVE,2025-11-07,7.269999980926514,2025-11-18,0.041265500897103236,trail
XLO,2025-11-07 04:05:24-05:00,POSITIVE,2025-11-10,11.619999885559082,2025-11-13,-0.2156626153016471,stop
RYTM,2025-11-07 08:09:16-05:00,POSITIVE,2025-11-10,100.0,2025-11-21,-0.014800033569335902,trail
ALXO,2025-11-07 08:17:25-05:00,MIXED,2025-11-10,1.2699999809265137,2025-11-19,0.15748035487198053,trail
MAIA,2025-11-07 09:15:37-05:00,SILENT,2025-11-10,1.1299999952316284,2025-11-19,-0.20265484363697206,stop
SMMT,2025-11-07 09:23:15-05:00,POSITIVE,2025-11-10,18.299999237060547,2025-12-16,-0.07814199221009599,time
SPRY,2025-11-10 06:02:51-05:00,SILENT,2025-11-11,8.729999542236328,2025-11-17,-0.16494841419137374,stop
IONS,2025-11-10 06:04:26-05:00,POSITIVE,2025-11-11,69.31999969482422,2025-12-16,0.11309873055106978,stall
NKTR,2025-11-10 06:31:01-05:00,POSITIVE,2025-11-11,57.0099983215332,2025-11-20,-0.03437991829816189,trail
GKOS,2025-11-10 07:00:32-05:00,POSITIVE,2025-11-11,88.81999969482422,2025-11-14,-0.000731844647935076,trail
LRMR,2025-11-10 07:01:20-05:00,POSITIVE,2025-11-11,3.4700000286102295,2025-12-01,-0.020172891258111503,trail
BHVN,2025-11-10 07:02:00-05:00,SILENT,2025-11-11,7.730000019073486,2025-11-12,0.002587319647757269,trail
OLMA,2025-11-10 07:05:25-05:00,POSITIVE,2025-11-11,8.640000343322754,2025-11-19,1.2187499206651173,trail
QURE,2025-11-10 07:06:08-05:00,POSITIVE,2025-11-11,26.489999771118164,2025-11-12,0.07153644673979098,trail
IRWD,2025-11-10 07:12:12-05:00,POSITIVE,2025-11-11,2.5,2025-11-14,0.24799995422363286,trail
ROIV,2025-11-10 07:21:35-05:00,POSITIVE,2025-11-11,21.264999389648438,2025-12-17,0.06654130995254803,time
AGEN,2025-11-10 07:32:25-05:00,POSITIVE,2025-11-11,4.179999828338623,2025-11-13,0.016746453238300596,trail
CABA,2025-11-10 07:33:40-05:00,POSITIVE,2025-11-11,2.450000047683716,2025-11-12,-0.02857140076751319,trail
WVE,2025-11-10 07:35:25-05:00,POSITIVE,2025-11-11,7.0,2025-12-02,-0.005714280264718208,trail
AVBP,2025-11-10 08:00:09-05:00,POSITIVE,2025-11-11,18.510000228881836,2025-12-02,0.10696917978136278,trail
BTAI,2025-11-10 08:00:35-05:00,POSITIVE,2025-11-11,1.899999976158142,2025-11-12,-0.12105264313663489,trail
COGT,2025-11-10 08:01:19-05:00,MIXED,2025-11-11,31.110000610351562,2025-11-14,0.02957242529398063,trail
MNKD,2025-11-10 08:05:14-05:00,NEGATIVE,2025-11-11,5.340000152587891,2025-12-17,0.10112358547243305,time
CRSP,2025-11-10 08:10:33-05:00,POSITIVE,2025-11-11,54.18000030517578,2025-12-10,0.004245100423418746,trail
FDMT,2025-11-10 08:17:13-05:00,POSITIVE,2025-11-11,10.319999694824219,2025-11-13,-0.013565832731434191,trail
ABOS,2025-11-10 08:25:49-05:00,POSITIVE,2025-11-11,1.8899999856948853,2025-11-17,-0.2063492003421874,stop
CVKD,2025-11-10 09:05:24-05:00,SILENT,2025-11-11,11.869999885559082,2025-11-13,-0.030328530762263828,trail
ANAB,2025-11-10 09:10:20-05:00,SILENT,2025-11-11,22.020000457763672,2025-11-21,0.0021193050875969455,trail
KMTS,2025-11-10 16:04:29-05:00,SILENT,2025-11-11,26.31999969482422,2025-12-02,-0.15007594610145758,stop
MLYS,2025-11-10 16:06:24-05:00,POSITIVE,2025-11-11,41.810001373291016,2025-11-14,-0.19564697528092678,trail
ANNX,2025-11-10 16:08:28-05:00,SILENT,2025-11-11,2.950000047683716,2025-11-21,0.41186437102714835,trail
ARCT,2025-11-10 16:09:10-05:00,POSITIVE,2025-11-11,8.850000381469727,2025-11-14,-0.17966102644662685,stop
TBPH,2025-11-10 16:11:07-05:00,POSITIVE,2025-11-11,15.569999694824219,2025-11-12,0.12010281797597111,trail
MREO,2025-11-10 16:20:51-05:00,SILENT,2025-11-11,1.7899999618530273,2025-12-04,0.06145252326778916,trail
TNXP,2025-11-10 16:26:47-05:00,SILENT,2025-11-11,17.149999618530273,2025-11-24,-0.17026239890634964,stop
PVLA,2025-11-10 16:30:33-05:00,SILENT,2025-11-11,76.11000061035156,2025-11-21,0.18249900510129913,trail
DTIL,2025-11-10 17:20:10-05:00,POSITIVE,2025-11-11,6.0,2025-11-17,-0.1549999713897705,stop
NTLA,2025-11-10 17:24:38-05:00,MIXED,2025-11-11,9.585000038146973,2025-11-20,-0.17057905293424747,stop
ATOS,2025-11-12 03:40:26-05:00,POSITIVE,2025-11-13,12.0,2025-12-02,-0.1500000158945719,stop
RZLT,2025-11-12 06:09:24-05:00,NEGATIVE,2025-11-13,10.0,2025-12-08,-0.011499977111816384,trail
ENGN,2025-11-12 06:16:39-05:00,POSITIVE,2025-11-13,9.25,2025-11-18,-0.2691891644452069,stop
HUMA,2025-11-12 07:06:03-05:00,POSITIVE,2025-11-13,1.2300000190734863,2025-12-01,0.024390220263873053,trail
IRD,2025-11-12 07:07:19-05:00,POSITIVE,2025-11-13,1.9600000381469727,2025-12-01,0.005102035851341613,trail
TTRX,2025-11-12 07:11:56-05:00,SILENT,2025-11-13,4.25,2025-11-17,-0.19999997756060428,stop
ZBIO,2025-11-12 07:12:52-05:00,POSITIVE,2025-11-13,35.220001220703125,2025-11-21,-0.03776268554678197,trail
TCRX,2025-11-12 07:15:30-05:00,SILENT,2025-11-13,1.1799999475479126,2025-11-17,-0.18644065998710724,stop
CRMD,2025-11-12 07:42:23-05:00,SILENT,2025-11-13,11.420000076293945,2025-11-20,-0.1646234765219915,stop
PEPG,2025-11-12 08:02:42-05:00,POSITIVE,2025-11-13,5.059999942779541,2025-11-20,-0.0019762356043001583,trail
AUTL,2025-11-12 08:13:31-05:00,POSITIVE,2025-11-13,1.350000023841858,2025-11-26,-0.02222220063700142,trail
LBRX,2025-11-12 08:17:16-05:00,POSITIVE,2025-11-13,14.800000190734863,2025-11-18,0.0442567381439114,trail
ALKS,2025-11-12 08:45:28-05:00,MIXED,2025-11-13,30.600000381469727,2025-12-19,-0.09084969450944769,time
QNCX,2025-11-12 16:05:30-05:00,POSITIVE,2025-11-13,340.0,2025-11-18,0.0052940817440256804,trail
CELC,2025-11-12 16:06:24-05:00,MIXED,2025-11-13,85.1500015258789,2025-11-18,0.016558966617121085,trail
GANX,2025-11-12 16:06:47-05:00,POSITIVE,2025-11-13,2.930000066757202,2025-12-01,0.07508533228591907,trail
KYTX,2025-11-12 16:09:16-05:00,SILENT,2025-11-13,7.230000019073486,2025-11-20,0.018672164825523474,trail
ERAS,2025-11-12 16:09:23-05:00,POSITIVE,2025-11-13,2.6500000953674316,2025-11-20,0.03773581171086837,trail
ELVN,2025-11-12 16:10:26-05:00,SILENT,2025-11-13,20.309999465942383,2025-11-20,0.0448055081900951,trail
ARMP,2025-11-12 16:10:31-05:00,POSITIVE,2025-11-13,6.340000152587891,2025-11-17,-0.08044167454375561,trail
AEMD,2025-11-12 16:16:00-05:00,POSITIVE,2025-11-13,4.28000020980835,2025-11-14,0.046728925107714536,trail
AVIR,2025-11-12 16:16:24-05:00,SILENT,2025-11-13,3.0,2025-12-19,0.03500000635782885,time
TENX,2025-11-12 16:38:12-05:00,SILENT,2025-11-13,6.869999885559082,2025-11-19,0.06259102071888711,trail
ANVS,2025-11-12 17:49:26-05:00,POSITIVE,2025-11-13,2.380000114440918,2025-11-18,0.252100788143665,trail
ELVN,2025-11-12 21:58:20-05:00,SILENT,2025-11-13,20.309999465942383,2025-11-20,0.0448055081900951,trail
XLO,2025-11-13 02:35:25-05:00,POSITIVE,2025-11-14,9.239999771118164,2025-11-20,0.10606066235779266,trail
ZURA,2025-11-13 06:30:47-05:00,SILENT,2025-11-14,4.110000133514404,2025-12-22,0.0,time
ALDX,2025-11-13 07:00:39-05:00,POSITIVE,2025-11-14,4.940000057220459,2025-12-01,0.04959511795976246,trail
TRAW,2025-11-13 07:01:02-05:00,POSITIVE,2025-11-14,1.75,2025-11-17,0.1428571428571428,trail
AURA,2025-11-13 07:05:33-05:00,SILENT,2025-11-14,5.400000095367432,2025-12-01,0.12777778611752222,trail
CLRB,2025-11-13 07:30:56-05:00,POSITIVE,2025-11-14,2.8399999141693115,2025-11-18,0.021126825004031735,trail
SGMT,2025-11-13 07:36:04-05:00,POSITIVE,2025-11-14,7.659999847412109,2025-11-21,-0.17493468700308712,stop
VANI,2025-11-13 08:00:18-05:00,SILENT,2025-11-14,1.3600000143051147,2025-11-18,0.0,trail
MGTX,2025-11-13 08:08:19-05:00,POSITIVE,2025-11-14,8.109999656677246,2025-12-09,0.03205921576923476,trail
CADL,2025-11-13 08:15:27-05:00,POSITIVE,2025-11-14,4.53000020980835,2025-11-18,-0.01766013175231118,trail
CING,2025-11-13 08:15:47-05:00,SILENT,2025-11-14,3.3399999141693115,2025-11-17,-0.04191612876745088,trail
LTRN,2025-11-13 08:30:56-05:00,POSITIVE,2025-11-14,3.369999885559082,2025-11-21,-0.1513353138819612,stop
KOD,2025-11-13 16:05:29-05:00,POSITIVE,2025-11-14,18.440000534057617,2025-11-17,0.0,trail
TRVI,2025-11-13 16:08:20-05:00,MIXED,2025-11-14,12.140000343322754,2025-12-08,0.058566677819052115,trail
RNAC,2025-11-13 16:08:56-05:00,POSITIVE,2025-11-14,7.5,2025-12-10,0.01466668446858721,trail
ACRV,2025-11-13 16:10:29-05:00,SILENT,2025-11-14,2.009999990463257,2025-11-20,0.09452739210046879,trail
ORIC,2025-11-13 16:25:15-05:00,POSITIVE,2025-11-14,12.4399995803833,2025-11-17,-0.09324757930388672,trail
VTGN,2025-11-13 16:34:55-05:00,SILENT,2025-11-14,3.7200000286102295,2025-11-18,0.18279571546434803,trail
SPRO,2025-11-13 17:18:44-05:00,SILENT,2025-11-14,2.390000104904175,2025-12-22,-0.04184106220160899,time
SRRK,2025-11-14 07:10:11-05:00,POSITIVE,2025-11-17,36.810001373291016,2025-12-02,0.07334954760966883,trail
AVXL,2025-11-14 07:42:01-05:00,SILENT,2025-11-17,3.5,2025-11-18,-0.017142840794154623,trail
CGON,2025-11-14 08:15:28-05:00,SILENT,2025-11-17,41.43000030517578,2025-12-02,-0.0019310120797825236,trail
FBIO,2025-11-14 08:35:15-05:00,MIXED,2025-11-17,2.6500000953674316,2025-12-18,0.24905653723027443,trail
FBRX,2025-11-14 09:05:06-05:00,POSITIVE,2025-11-17,14.045000076293945,2025-11-21,0.28942687874518325,trail
VRCA,2025-11-14 16:25:54-05:00,POSITIVE,2025-11-17,3.8399999141693115,2025-11-20,0.01614584313162304,trail
ZYME,2025-11-17 06:13:29-05:00,MIXED,2025-11-18,24.280000686645508,2025-12-01,0.06260290393035572,trail
JAZZ,2025-11-17 06:28:37-05:00,MIXED,2025-11-18,170.08999633789062,2025-12-24,-0.0034687303815245096,time
TNXP,2025-11-17 07:05:34-05:00,POSITIVE,2025-11-18,16.600000381469727,2025-11-20,-0.05963859650856396,trail
ENTA,2025-11-17 16:15:28-05:00,POSITIVE,2025-11-18,12.220000267028809,2025-11-19,-0.02700490315016102,trail
NUVB,2025-11-17 17:31:04-05:00,POSITIVE,2025-11-18,4.650000095367432,2025-11-21,0.40000002050912475,trail
ZYME,2025-11-18 06:03:57-05:00,POSITIVE,2025-11-19,23.0049991607666,2025-12-01,0.12149533485141872,trail
HROW,2025-11-18 08:00:40-05:00,POSITIVE,2025-11-19,39.5,2025-12-12,0.18354430379746844,trail
ARWR,2025-11-18 14:49:51-05:00,POSITIVE,2025-11-19,41.060001373291016,2025-11-28,0.2683877274522459,trail
INSM,2025-11-18 16:15:54-05:00,POSITIVE,2025-11-19,201.0800018310547,2025-12-18,-0.19922417542173954,stop
HURA,2025-11-18 17:03:56-05:00,SILENT,2025-11-19,1.909999966621399,2025-11-20,-0.18324608898343242,stop
TVRD,2025-11-19 06:44:08-05:00,POSITIVE,2025-11-20,3.930000066757202,2025-12-15,0.06615775726380413,trail
EYPT,2025-11-19 07:05:14-05:00,MIXED,2025-11-20,14.489999771118164,2025-12-09,0.17667353391164564,trail
IMA,2025-11-19 07:50:18-05:00,POSITIVE,2025-11-20,7.599999904632568,2025-12-02,-0.18552629804016785,stop
NERV,2025-11-19 08:40:06-05:00,POSITIVE,2025-11-20,4.300000190734863,2025-12-02,-0.2441860800372243,stop
TPST,2025-11-19 09:16:51-05:00,POSITIVE,2025-11-20,4.409999847412109,2025-11-20,-0.17006797903213944,stop
CTNM,2025-11-20 16:07:30-05:00,SILENT,2025-11-21,10.970000267028809,2025-12-12,0.048313556979952654,trail
TNXP,2025-11-24 07:06:15-05:00,POSITIVE,2025-11-25,14.010000228881836,2025-12-10,0.32690933967754776,trail
AVXL,2025-11-25 07:30:48-05:00,POSITIVE,2025-11-26,3.549999952316284,2025-12-02,0.019718291319166026,trail
PHGE,2025-11-25 17:00:25-05:00,NEGATIVE,2025-11-26,5.199999809265137,2025-11-28,-0.21153845095775503,stop
SCLX,2025-12-01 06:15:54-05:00,SILENT,2025-12-02,12.179327964782715,2025-12-12,-0.16078732116347483,stop
AVTX,2025-12-02 06:38:13-05:00,MIXED,2025-12-03,15.970000267028809,2025-12-05,0.07764551012587728,trail
FENC,2025-12-02 16:02:26-05:00,POSITIVE,2025-12-03,7.599999904632568,2026-01-09,0.01447370195983222,time
CAPR,2025-12-03 07:21:12-05:00,POSITIVE,2025-12-04,28.25,2025-12-04,-0.1840708234668833,stop
IXHL,2025-12-03 08:00:30-05:00,POSITIVE,2025-12-04,13.4399995803833,2025-12-05,-0.03794637582815863,trail
CLNN,2025-12-03 08:01:19-05:00,POSITIVE,2025-12-04,7.900000095367432,2025-12-04,-0.22658227091702,stop
TARA,2025-12-03 08:08:52-05:00,POSITIVE,2025-12-04,6.690000057220459,2025-12-05,-0.24215244719028517,stop
BDTX,2025-12-03 08:20:44-05:00,MIXED,2025-12-04,2.700000047683716,2026-01-12,-0.05370369569100808,time
CAPR,2025-12-03 09:29:14-05:00,POSITIVE,2025-12-04,28.25,2025-12-04,-0.1840708234668833,stop
GALT,2025-12-03 12:00:35-05:00,MIXED,2025-12-04,5.769999980926514,2025-12-05,-0.017331006059468135,trail
DNLI,2025-12-04 07:01:50-05:00,NEGATIVE,2025-12-05,20.3700008392334,2025-12-11,-0.15586652005894897,stop
MPLT,2025-12-04 07:03:20-05:00,SILENT,2025-12-05,18.100000381469727,2025-12-09,0.00359118965125349,trail
QURE,2025-12-04 07:06:12-05:00,SILENT,2025-12-05,22.549999237060547,2025-12-18,0.01108647487620007,trail
BIOA,2025-12-04 09:05:24-05:00,POSITIVE,2025-12-05,10.4399995803833,2025-12-16,0.14942533355537013,trail
STOK,2025-12-05 09:05:11-05:00,POSITIVE,2025-12-08,31.28499984741211,2025-12-12,0.03100531326303857,trail
ORIC,2025-12-08 06:02:30-05:00,POSITIVE,2025-12-09,10.399999618530273,2025-12-16,-0.15192307515962578,stop
IMMX,2025-12-08 06:15:37-05:00,POSITIVE,2025-12-09,6.300000190734863,2025-12-10,0.017460262436026275,trail
TBPH,2025-12-08 06:29:42-05:00,POSITIVE,2025-12-09,18.25,2026-01-15,0.09698632645280392,time
DYN,2025-12-08 06:36:58-05:00,POSITIVE,2025-12-09,21.40999984741211,2026-01-02,-0.15917791046169594,stop
WVE,2025-12-08 07:37:55-05:00,POSITIVE,2025-12-09,19.899999618530273,2025-12-10,-0.05427135399039862,trail
MIRM,2025-12-08 08:00:29-05:00,POSITIVE,2025-12-09,67.87000274658203,2026-01-05,0.08766755131068327,trail
GRI,2025-12-08 08:00:31-05:00,POSITIVE,2025-12-09,40.599998474121094,2025-12-10,-0.2068965031251392,stop
IRON,2025-12-08 08:40:17-05:00,POSITIVE,2025-12-09,92.0999984741211,2025-12-19,-0.22470141191847304,stop
KYMR,2025-12-08 08:45:23-05:00,POSITIVE,2025-12-09,90.72000122070312,2026-01-02,-0.20464067671517572,stop
GPCR,2025-12-08 08:47:01-05:00,POSITIVE,2025-12-09,67.86499786376953,2026-01-15,0.19133575508861456,time
CGEM,2025-12-08 10:34:15-05:00,POSITIVE,2025-12-09,12.4399995803833,2025-12-16,-0.19011252820679703,stop
COGT,2025-12-08 16:05:52-05:00,POSITIVE,2025-12-09,39.9900016784668,2026-01-05,-0.1765441629649287,stop
ASMB,2025-12-08 16:17:56-05:00,POSITIVE,2025-12-09,36.189998626708984,2026-01-06,-0.15998892588809244,stop
PRAX,2025-12-08 16:18:09-05:00,POSITIVE,2025-12-09,271.0,2025-12-30,0.05516609670491235,trail
NRIX,2025-12-09 06:05:19-05:00,POSITIVE,2025-12-10,20.06999969482422,2026-01-06,-0.15411063572586636,stop
TNXP,2025-12-09 07:33:55-05:00,SILENT,2025-12-10,19.600000381469727,2025-12-23,-0.15051024007777314,stop
FENC,2025-12-09 16:02:02-05:00,POSITIVE,2025-12-10,7.695000171661377,2026-01-16,-0.0448343416936301,time
APVO,2025-12-09 17:23:00-05:00,POSITIVE,2025-12-10,23.219999313354492,2025-12-11,-0.17054260127368503,stop
GRI,2025-12-10 16:05:59-05:00,POSITIVE,2025-12-11,15.62399959564209,2025-12-12,-0.0860214988130038,trail
FDMT,2025-12-10 16:06:12-05:00,SILENT,2025-12-11,10.920000076293945,2025-12-17,-0.17307695330751194,stop
AARD,2025-12-10 16:54:58-05:00,POSITIVE,2025-12-11,14.399999618530273,2025-12-12,-0.00937494991554022,trail
ROIV,2025-12-11 07:46:57-05:00,SILENT,2025-12-12,21.770000457763672,2026-01-21,0.04915019165480228,time
RYTM,2025-12-11 07:50:13-05:00,SILENT,2025-12-12,119.58000183105469,2026-01-05,-0.16825558152280362,stop
ELVN,2025-12-11 09:11:03-05:00,SILENT,2025-12-12,18.700000762939453,2025-12-17,-0.15989308036383643,stop
MAIA,2025-12-11 16:15:36-05:00,POSITIVE,2025-12-12,1.7300000190734863,2025-12-12,-0.22543351525727295,stop
PRAX,2025-12-11 16:23:48-05:00,SILENT,2025-12-12,263.9800109863281,2025-12-30,0.08322600313036954,trail
ANIX,2025-12-11 18:34:20-05:00,POSITIVE,2025-12-12,5.0,2025-12-12,-0.29600000381469727,stop
PVLA,2025-12-15 06:05:43-05:00,POSITIVE,2025-12-16,90.01000213623047,2025-12-17,0.004555005254797351,trail
KYTX,2025-12-15 06:30:11-05:00,POSITIVE,2025-12-16,10.699999809265137,2025-12-17,-0.3719626252354885,stop
IMNM,2025-12-15 07:05:25-05:00,POSITIVE,2025-12-16,22.8799991607666,2025-12-18,-0.1534090231765376,stop
KYTX,2025-12-15 08:00:19-05:00,POSITIVE,2025-12-16,10.699999809265137,2025-12-17,-0.3719626252354885,stop
ALDX,2025-12-15 19:49:49-05:00,NEGATIVE,2025-12-16,3.950000047683716,2025-12-19,0.24810120729734675,trail
TNXP,2025-12-16 07:05:37-05:00,POSITIVE,2025-12-17,18.440000534057617,2025-12-31,-0.1610629165407772,stop
GLUE,2025-12-16 07:30:38-05:00,POSITIVE,2025-12-17,19.06999969482422,2025-12-18,-0.23230201480830692,stop
NKTR,2025-12-16 08:00:21-05:00,MIXED,2025-12-17,50.08000183105469,2025-12-29,-0.1563498711016279,stop
DBVT,2025-12-16 16:21:29-05:00,POSITIVE,2025-12-17,25.299999237060547,2025-12-17,-0.17351776766924853,stop
INBX,2025-12-16 17:00:04-05:00,POSITIVE,2025-12-17,80.05000305175781,2025-12-23,-0.047845117864371955,trail
TRAW,2025-12-17 06:00:56-05:00,POSITIVE,2025-12-18,1.4199999570846558,2025-12-18,-0.16901409633101494,stop
VERU,2025-12-17 07:00:13-05:00,POSITIVE,2025-12-18,2.390000104904175,2026-01-21,0.029288673711419966,trail
SGMT,2025-12-17 07:05:40-05:00,POSITIVE,2025-12-18,6.449999809265137,2026-01-06,-0.1581395366029824,stop
INSM,2025-12-17 16:02:43-05:00,MIXED,2025-12-18,167.75,2026-01-12,-0.01472429937826003,trail
TENX,2025-12-17 17:00:18-05:00,SILENT,2025-12-18,12.010000228881836,2025-12-22,0.024146540909768754,trail
SGMT,2025-12-18 07:05:52-05:00,POSITIVE,2025-12-19,5.920000076293945,2026-01-12,0.009290511423954984,trail
PYXS,2025-12-18 07:25:28-05:00,POSITIVE,2025-12-19,1.75,2025-12-19,-0.2971428462437221,stop
OVID,2025-12-18 08:39:41-05:00,POSITIVE,2025-12-19,1.2999999523162842,2025-12-29,0.2384615948919735,trail
GANX,2025-12-18 09:00:45-05:00,POSITIVE,2025-12-19,2.380000114440918,2025-12-22,0.15546212931422398,trail
TVRD,2025-12-18 17:21:05-05:00,SILENT,2025-12-19,3.9200000762939453,2026-01-02,0.010204071702683226,trail
VSTM,2025-12-19 17:21:51-05:00,SILENT,2025-12-22,7.71999979019165,2026-01-08,-0.029792749394333407,trail
ENGN,2025-12-22 16:04:41-05:00,POSITIVE,2025-12-23,8.770000457763672,2025-12-29,0.030786714936866133,trail
TNXP,2025-12-29 07:45:44-05:00,POSITIVE,2025-12-30,16.149999618530273,2026-01-23,0.10340557992198418,trail
PRAX,2025-12-29 08:04:41-05:00,POSITIVE,2025-12-30,304.0,2026-02-05,-0.02215455707750824,time
RARE,2025-12-29 08:45:24-05:00,MIXED,2025-12-30,19.850000381469727,2026-01-06,0.1118387541910022,trail
CORT,2025-12-31 14:51:29-05:00,POSITIVE,2026-01-02,35.7599983215332,2026-01-30,0.029082801016271143,trail
CLYM,2025-12-31 16:12:49-05:00,SILENT,2026-01-02,4.099999904632568,2026-01-05,-0.15609753204200405,stop
IRWD,2026-01-02 07:05:39-05:00,POSITIVE,2026-01-05,4.519999980926514,2026-01-06,-0.10176992037346899,trail
NMRA,2026-01-05 06:44:27-05:00,POSITIVE,2026-01-06,1.6799999475479126,2026-01-08,0.2559523577221119,trail
PLX,2026-01-05 06:56:10-05:00,POSITIVE,2026-01-06,1.7899999618530273,2026-01-23,0.15642456835580676,stall
GYRE,2026-01-05 07:06:09-05:00,POSITIVE,2026-01-06,8.0,2026-02-11,-0.03125,time
ZBIO,2026-01-05 07:16:12-05:00,MIXED,2026-01-06,15.75,2026-01-15,0.2387301732623388,trail
JBIO,2026-01-05 07:17:43-05:00,MIXED,2026-01-06,12.9399995803833,2026-01-08,-0.010819118561694041,trail
TELO,2026-01-05 08:00:54-05:00,POSITIVE,2026-01-06,1.4700000286102295,2026-01-29,-0.18367345283780545,stop
GNLX,2026-01-05 08:15:29-05:00,POSITIVE,2026-01-06,3.6600000858306885,2026-01-08,-0.27459018876302,stop
MTVA,2026-01-05 08:32:38-05:00,POSITIVE,2026-01-06,8.5,2026-01-13,-0.16705883250517006,stop
CRNX,2026-01-05 16:01:16-05:00,POSITIVE,2026-01-06,47.400001525878906,2026-01-12,0.08881854322671545,trail
ALKS,2026-01-06 07:06:35-05:00,POSITIVE,2026-01-07,29.0,2026-02-12,0.13931037639749455,time
DNLI,2026-01-06 08:02:38-05:00,NEGATIVE,2026-01-07,17.479999542236328,2026-01-20,-0.017162428198906343,trail
MIST,2026-01-06 08:05:44-05:00,SILENT,2026-01-07,2.049999952316284,2026-01-09,-0.03414630969318089,trail
MLYS,2026-01-06 08:05:47-05:00,POSITIVE,2026-01-07,35.93000030517578,2026-02-02,-0.15474532197934476,stop
IONS,2026-01-07 06:02:27-05:00,POSITIVE,2026-01-08,83.16999816894531,2026-02-13,-0.04075988294195032,time
RZLT,2026-01-07 06:10:48-05:00,MIXED,2026-01-08,2.299999952316284,2026-01-12,0.060869612089853975,trail
EYPT,2026-01-07 07:05:26-05:00,MIXED,2026-01-08,17.5,2026-01-20,-0.17142857142857137,stop
GLUE,2026-01-07 07:06:15-05:00,POSITIVE,2026-01-08,23.360000610351562,2026-01-12,-0.007277400336137552,trail
RAPP,2026-01-07 07:30:35-05:00,MIXED,2026-01-08,29.790000915527344,2026-01-30,-0.150050388832759,stop
ACET,2026-01-07 08:30:12-05:00,POSITIVE,2026-01-08,8.34000015258789,2026-02-05,-0.23177458661535277,stop
SABS,2026-01-07 08:30:26-05:00,SILENT,2026-01-08,4.079999923706055,2026-01-12,-0.16421564960882995,stop
ELVN,2026-01-07 09:15:22-05:00,POSITIVE,2026-01-08,16.739999771118164,2026-01-09,0.39020308705633777,trail
AMLX,2026-01-08 07:03:58-05:00,POSITIVE,2026-01-09,11.880000114440918,2026-01-23,0.31565656261582276,trail
JSPR,2026-01-08 07:06:57-05:00,POSITIVE,2026-01-09,1.6699999570846558,2026-01-12,-0.15568862104472314,stop
CLYM,2026-01-08 07:07:49-05:00,POSITIVE,2026-01-09,4.599999904632568,2026-01-12,0.009782625484106244,trail
IVVD,2026-01-08 07:10:43-05:00,POSITIVE,2026-01-09,2.5299999713897705,2026-01-12,-0.07905140314047221,trail
IRD,2026-01-08 07:10:52-05:00,POSITIVE,2026-01-09,2.009999990463257,2026-01-15,0.019900478628265272,trail
CGEM,2026-01-08 07:15:24-05:00,POSITIVE,2026-01-09,11.170000076293945,2026-01-26,0.06535358435543825,trail
ACRV,2026-01-08 07:30:25-05:00,POSITIVE,2026-01-09,1.9500000476837158,2026-01-12,-0.1743589872125727,stop
GRI,2026-01-08 08:01:16-05:00,POSITIVE,2026-01-09,7.28000020980835,2026-01-09,-0.26923076671155355,stop
COYA,2026-01-08 08:10:31-05:00,POSITIVE,2026-01-09,5.150000095367432,2026-01-15,-0.23495145936703987,stop
CRMD,2026-01-08 08:15:51-05:00,SILENT,2026-01-09,7.610000133514404,2026-02-04,0.015768710046482504,trail
VYGR,2026-01-08 08:16:44-05:00,SILENT,2026-01-09,4.119999885559082,2026-02-12,-0.18446602222663055,stop
ACRV,2026-01-08 09:00:32-05:00,POSITIVE,2026-01-09,1.9500000476837158,2026-01-12,-0.1743589872125727,stop
AVIR,2026-01-08 09:05:09-05:00,POSITIVE,2026-01-09,3.619999885559082,2026-01-26,0.07458569830959916,trail
ANIK,2026-01-08 16:02:04-05:00,SILENT,2026-01-09,9.579999923706055,2026-02-09,0.05010443629784023,trail
VSTM,2026-01-08 16:16:07-05:00,POSITIVE,2026-01-09,8.119999885559082,2026-01-14,-0.16995075540520177,stop
LQDA,2026-01-09 06:30:35-05:00,SILENT,2026-01-12,37.0,2026-01-16,-0.019459492451435856,trail
INSM,2026-01-09 07:01:06-05:00,POSITIVE,2026-01-12,174.86000061035156,2026-02-09,-0.16275881627889222,stop
QURE,2026-01-09 07:06:11-05:00,SILENT,2026-01-12,25.09000015258789,2026-01-13,-0.15444400065499064,stop
MPLT,2026-01-09 07:06:54-05:00,POSITIVE,2026-01-12,18.010000228881836,2026-01-13,-0.031093806708804794,trail
IMCR,2026-01-09 07:11:43-05:00,SILENT,2026-01-12,33.0,2026-01-28,-0.012424237800366944,trail
PRLD,2026-01-09 07:30:29-05:00,POSITIVE,2026-01-12,2.609999895095825,2026-01-12,-0.19540230305048822,stop
IOVA,2026-01-09 07:35:49-05:00,SILENT,2026-01-12,2.4800000190734863,2026-01-28,0.10080645083760875,trail
NAMS,2026-01-09 08:00:27-05:00,POSITIVE,2026-01-12,34.099998474121094,2026-02-18,0.024926754453183708,time
SVRA,2026-01-09 08:00:33-05:00,MIXED,2026-01-12,5.800000190734863,2026-01-26,-0.00948281092535841,trail
NTLA,2026-01-09 08:07:15-05:00,MIXED,2026-01-12,10.40999984741211,2026-01-15,0.08933720641763276,trail
CGON,2026-01-09 08:45:31-05:00,POSITIVE,2026-01-12,55.310001373291016,2026-02-18,-0.03091670324918261,time
RYTM,2026-01-09 09:06:28-05:00,POSITIVE,2026-01-12,100.86000061035156,2026-01-16,0.006345423218079516,trail
LONA,2026-01-09 16:05:29-05:00,SILENT,2026-01-12,6.739999771118164,2026-01-26,-0.2091987975213523,stop
ZNTL,2026-01-09 17:18:32-05:00,POSITIVE,2026-01-12,3.8499999046325684,2026-01-12,-0.19220779944600186,stop
MBX,2026-01-12 06:02:55-05:00,POSITIVE,2026-01-13,36.41999816894531,2026-01-16,0.09006048212245488,trail
KURA,2026-01-12 06:05:14-05:00,POSITIVE,2026-01-13,9.020000457763672,2026-02-05,-0.18425726959885202,stop
IDYA,2026-01-12 06:05:20-05:00,POSITIVE,2026-01-13,36.560001373291016,2026-02-12,-0.15919040983473998,stop
IDYA,2026-01-12 06:11:07-05:00,SILENT,2026-01-13,36.560001373291016,2026-02-12,-0.15919040983473998,stop
ZURA,2026-01-12 06:45:55-05:00,MIXED,2026-01-13,5.139999866485596,2026-01-15,-0.15136184788690166,stop
NMRA,2026-01-12 07:00:19-05:00,POSITIVE,2026-01-13,2.240000009536743,2026-01-20,-0.1785714171674787,stop
ACRS,2026-01-12 07:00:20-05:00,POSITIVE,2026-01-13,2.640000104904175,2026-01-21,0.5265151703297482,trail
PVLA,2026-01-12 07:00:36-05:00,POSITIVE,2026-01-13,99.4800033569336,2026-01-23,-0.1558102078503768,stop
IONS,2026-01-12 07:00:46-05:00,POSITIVE,2026-01-13,82.23999786376953,2026-02-19,-0.022495118217118804,time
PASG,2026-01-12 07:01:26-05:00,POSITIVE,2026-01-13,18.0,2026-01-13,-0.259444448682997,stop
KPTI,2026-01-12 07:04:08-05:00,POSITIVE,2026-01-13,8.1899995803833,2026-01-15,-0.2075701949163683,stop
ANNX,2026-01-12 07:05:13-05:00,SILENT,2026-01-13,5.53000020980835,2026-01-15,0.11211570742066379,trail
AGIO,2026-01-12 07:11:20-05:00,SILENT,2026-01-13,28.0,2026-02-19,-0.017857142857142905,time
TCRX,2026-01-12 07:30:19-05:00,MIXED,2026-01-13,1.1799999475479126,2026-01-30,-0.15254233521108174,stop
STOK,2026-01-12 07:34:29-05:00,POSITIVE,2026-01-13,29.010000228881836,2026-01-16,-0.016890719312381397,trail
DYN,2026-01-12 07:35:31-05:00,POSITIVE,2026-01-13,17.239999771118164,2026-02-05,-0.041763301793117935,trail
RARE,2026-01-12 07:45:24-05:00,SILENT,2026-01-13,24.479999542236328,2026-02-13,-0.19914216058660317,stop
AVTX,2026-01-12 07:53:04-05:00,MIXED,2026-01-13,16.670000076293945,2026-02-05,-0.21775645457872939,stop
KYTX,2026-01-12 08:00:28-05:00,POSITIVE,2026-01-13,8.329999923706055,2026-01-15,0.02280918797092668,trail
DMRA,2026-01-12 08:00:32-05:00,POSITIVE,2026-01-13,22.110000610351562,2026-01-20,0.0031659743506042837,trail
ALKS,2026-01-12 08:00:38-05:00,MIXED,2026-01-13,29.530000686645508,2026-02-18,0.07924145269817484,trail
PTGX,2026-01-12 08:00:59-05:00,POSITIVE,2026-01-13,79.87999725341797,2026-01-20,-0.00012511901827227945,trail
TBPH,2026-01-12 08:01:57-05:00,POSITIVE,2026-01-13,19.6299991607666,2026-02-19,-0.0440651965409653,time
CABA,2026-01-12 08:02:10-05:00,SILENT,2026-01-13,2.200000047683716,2026-01-23,0.3090909327357263,trail
ERAS,2026-01-12 08:02:32-05:00,POSITIVE,2026-01-13,6.179999828338623,2026-01-21,0.4190939646225398,trail
NUVB,2026-01-12 08:07:18-05:00,SILENT,2026-01-13,6.539999961853027,2026-01-23,-0.1513761126747255,stop
RIGL,2026-01-12 08:15:09-05:00,POSITIVE,2026-01-13,39.81999969482422,2026-02-05,-0.17001508060392156,stop
ADPT,2026-01-12 08:15:41-05:00,SILENT,2026-01-13,18.28499984741211,2026-02-04,-0.07738578178763167,trail
HRMY,2026-01-12 08:20:14-05:00,SILENT,2026-01-13,38.29999923706055,2026-02-19,-0.1104438544777625,time
ADMA,2026-01-12 08:20:59-05:00,POSITIVE,2026-01-13,17.940000534057617,2026-02-19,-0.11538464809790883,time
DFTX,2026-01-12 08:24:42-05:00,SILENT,2026-01-13,13.920000076293945,2026-01-26,0.18103451465171227,trail
HTFL,2026-01-12 08:30:22-05:00,POSITIVE,2026-01-13,31.979999542236328,2026-01-20,0.06754221007912697,trail
SEPN,2026-01-12 08:30:27-05:00,POSITIVE,2026-01-13,24.84000015258789,2026-01-23,0.020531410054307253,trail
AARD,2026-01-12 08:30:30-05:00,POSITIVE,2026-01-13,14.899999618530273,2026-01-21,-0.006510011468414012,trail
NRIX,2026-01-12 08:34:04-05:00,POSITIVE,2026-01-13,18.3799991607666,2026-01-23,0.008161128004787743,trail
AUTL,2026-01-12 08:36:17-05:00,POSITIVE,2026-01-13,1.5199999809265137,2026-02-19,-0.013157882353605488,time
IRON,2026-01-12 08:37:00-05:00,SILENT,2026-01-13,79.24500274658203,2026-02-13,-0.4952363100053616,stop
ADCT,2026-01-12 08:37:42-05:00,MIXED,2026-01-13,3.8399999141693115,2026-01-28,-0.15364581441584313,stop
CRSP,2026-01-12 08:44:04-05:00,POSITIVE,2026-01-13,55.689998626708984,2026-01-23,-0.011456284862884969,trail
SYRE,2026-01-12 09:00:09-05:00,SILENT,2026-01-13,32.95000076293945,2026-02-19,0.09044004471126099,time
IRD,2026-01-12 09:00:51-05:00,POSITIVE,2026-01-13,2.049999952316284,2026-01-15,0.0,trail
JAZZ,2026-01-12 09:01:17-05:00,POSITIVE,2026-01-13,163.75,2026-02-19,0.021984770097805306,time
DNTH,2026-01-12 09:01:32-05:00,POSITIVE,2026-01-13,39.11000061035156,2026-01-15,0.08335459653944244,trail
BIOA,2026-01-12 09:10:44-05:00,POSITIVE,2026-01-13,17.850000381469727,2026-01-15,0.20056021552932246,trail
SRRK,2026-01-12 09:23:39-05:00,POSITIVE,2026-01-13,42.83000183105469,2026-01-26,0.01704411653111415,trail
LPCN,2026-01-12 09:30:22-05:00,POSITIVE,2026-01-13,9.050000190734863,2026-01-14,0.07845304123571739,trail
VOR,2026-01-12 09:55:05-05:00,MIXED,2026-01-13,14.15999984741211,2026-01-21,0.1970339650842048,trail
BMY,2026-01-12 10:20:51-05:00,POSITIVE,2026-01-13,55.939998626708984,2026-02-19,0.05881303175357089,stall
PTCT,2026-01-12 12:00:17-05:00,SILENT,2026-01-13,76.7300033569336,2026-02-19,-0.115860897042951,time
BBIO,2026-01-12 16:06:26-05:00,POSITIVE,2026-01-13,76.1500015258789,2026-02-05,-0.17478661991579514,stop
LRMR,2026-01-12 16:18:32-05:00,POSITIVE,2026-01-13,3.2300000190734863,2026-01-15,0.003095972261363933,trail
SNDX,2026-01-12 16:36:11-05:00,SILENT,2026-01-13,20.34000015258789,2026-01-29,-0.005408092897067451,trail
DCTH,2026-01-12 16:41:41-05:00,SILENT,2026-01-13,10.289999961853027,2026-01-27,-0.022351753458598633,trail
OLMA,2026-01-12 16:44:46-05:00,POSITIVE,2026-01-13,28.229999542236328,2026-02-02,-0.1837407140902596,stop
SABS,2026-01-12 16:47:55-05:00,SILENT,2026-01-13,3.7200000286102295,2026-01-30,0.14784944841028969,trail
QURE,2026-01-13 07:05:15-05:00,POSITIVE,2026-01-14,21.559999465942383,2026-01-28,0.05983306806501165,trail
KYMR,2026-01-13 07:08:20-05:00,POSITIVE,2026-01-14,73.87999725341797,2026-02-20,0.15863564775864836,time
FBIO,2026-01-13 09:19:40-05:00,POSITIVE,2026-01-14,3.7799999713897705,2026-01-30,-0.17989419891640646,stop
GKOS,2026-01-13 16:05:18-05:00,POSITIVE,2026-01-14,94.80999755859375,2026-01-26,0.25039559228437325,trail
TVTX,2026-01-13 16:32:02-05:00,MIXED,2026-01-14,29.049999237060547,2026-02-05,0.008950094172468726,trail
CRNX,2026-01-13 17:02:11-05:00,POSITIVE,2026-01-14,54.119998931884766,2026-02-05,-0.17812268255550612,stop
IXHL,2026-01-14 07:30:53-05:00,POSITIVE,2026-01-15,12.479999542236328,2026-01-20,-0.1538460891862804,stop
BMEA,2026-01-14 11:02:51-05:00,POSITIVE,2026-01-15,1.659999966621399,2026-01-15,-0.1686746849517443,stop
SANA,2026-01-14 12:45:29-05:00,SILENT,2026-01-15,4.75,2026-01-26,-0.029473656102230628,trail
ANNX,2026-01-14 16:05:15-05:00,POSITIVE,2026-01-15,6.690000057220459,2026-02-05,-0.18834083977651517,stop
IXHL,2026-01-15 07:30:52-05:00,POSITIVE,2026-01-16,11.520000457763672,2026-01-26,-0.1562500103480282,stop
OCGN,2026-01-15 08:31:02-05:00,POSITIVE,2026-01-16,1.6799999475479126,2026-01-20,-0.035714252769540544,trail
TVRD,2026-01-16 06:04:33-05:00,SILENT,2026-01-20,4.480000019073486,2026-01-26,-0.037946445439771104,trail
AGEN,2026-01-16 08:25:26-05:00,MIXED,2026-01-20,3.299999952316284,2026-02-02,-0.15151515370448654,stop
CRVS,2026-01-20 07:13:09-05:00,MIXED,2026-01-21,21.760000228881836,2026-01-26,-0.04871321023864039,trail
COYA,2026-01-20 08:20:20-05:00,SILENT,2026-01-21,4.480000019073486,2026-01-29,-0.006696475375139399,trail
BIOA,2026-01-20 09:05:25-05:00,POSITIVE,2026-01-21,20.1299991607666,2026-02-19,-0.048186753790085746,trail
LPCN,2026-01-20 09:31:25-05:00,POSITIVE,2026-01-21,10.390000343322754,2026-01-28,-0.1530317709382677,stop
MAIA,2026-01-20 16:30:35-05:00,SILENT,2026-01-21,2.200000047683716,2026-01-26,0.10454546094925932,trail
ENGN,2026-01-21 07:38:06-05:00,POSITIVE,2026-01-22,9.5,2026-01-27,0.1536842145417865,trail
PSTV,2026-01-22 07:30:35-05:00,SILENT,2026-01-23,7.0,2026-01-27,-0.2142857142857143,stop
IXHL,2026-01-22 07:30:48-05:00,SILENT,2026-01-23,10.739999771118164,2026-01-27,-0.15083798138576876,stop
MBX,2026-01-22 08:04:54-05:00,SILENT,2026-01-23,42.0,2026-01-26,-0.1533333006359282,stop
CORT,2026-01-22 08:10:37-05:00,POSITIVE,2026-01-23,41.77000045776367,2026-01-30,-0.11898494532526072,trail
NXTC,2026-01-23 07:20:30-05:00,POSITIVE,2026-01-26,11.600000381469727,2026-01-27,-0.04224144040333189,trail
BHC,2026-01-23 16:06:26-05:00,MIXED,2026-01-26,5.880000114440918,2026-03-03,-0.042517005975223565,time
MIRM,2026-01-26 16:10:15-05:00,POSITIVE,2026-01-27,96.91999816894531,2026-02-17,0.04209659418216938,stall
NTLA,2026-01-27 08:19:16-05:00,NEGATIVE,2026-01-28,14.970000267028809,2026-02-03,-0.16432865693162912,stop
INMB,2026-01-27 16:00:38-05:00,MIXED,2026-01-28,1.7899999618530273,2026-01-30,-0.15642456835580687,stop
CRDF,2026-01-27 16:01:24-05:00,POSITIVE,2026-01-28,2.0299999713897705,2026-01-28,-0.20197042975360557,stop
CALC,2026-01-28 07:06:11-05:00,NEGATIVE,2026-01-29,1.1299999952316284,2026-01-29,-0.15929204240010708,stop
GRI,2026-01-28 08:46:11-05:00,POSITIVE,2026-01-29,3.6700000762939453,2026-02-02,-0.2615803864277856,stop
IXHL,2026-01-29 08:04:16-05:00,SILENT,2026-01-30,9.300000190734863,2026-02-03,-0.16129031927272186,stop
PVLA,2026-01-29 16:08:29-05:00,POSITIVE,2026-01-30,80.37000274658203,2026-02-27,0.6336941466303698,trail
QNCX,2026-01-29 16:40:03-05:00,MIXED,2026-01-30,50.0,2026-01-30,-0.355999984741211,stop
ALXO,2026-01-30 08:22:28-05:00,SILENT,2026-02-02,1.659999966621399,2026-02-03,0.0,trail
SGMT,2026-02-02 07:05:54-05:00,POSITIVE,2026-02-03,6.800000190734863,2026-02-05,-0.2080882238475512,stop
MRK,2026-02-03 06:38:40-05:00,POSITIVE,2026-02-04,116.9000015258789,2026-03-12,-0.02224121847890237,time
PFE,2026-02-03 07:01:37-05:00,POSITIVE,2026-02-04,25.8799991607666,2026-03-12,0.028979908204053606,time
RLAY,2026-02-03 07:10:25-05:00,POSITIVE,2026-02-04,8.729999542236328,2026-02-19,-0.004581897359731246,trail
REPL,2026-02-03 08:05:37-05:00,POSITIVE,2026-02-04,7.460000038146973,2026-02-17,-0.02949065226592884,trail
RARE,2026-02-03 08:15:25-05:00,POSITIVE,2026-02-04,25.06999969482422,2026-02-13,-0.21798963777874147,stop
NERV,2026-02-03 09:00:15-05:00,SILENT,2026-02-04,4.849999904632568,2026-02-11,0.2082474739673943,trail
PRLD,2026-02-03 09:11:26-05:00,SILENT,2026-02-04,2.299999952316284,2026-02-11,-0.15217387473425403,stop
GANX,2026-02-03 16:25:21-05:00,MIXED,2026-02-04,1.7899999618530273,2026-02-25,0.3938547143745361,trail
VSTM,2026-02-04 07:30:33-05:00,SILENT,2026-02-05,6.769999980926514,2026-02-17,-0.15361890174048376,stop
GRI,2026-02-04 08:48:49-05:00,SILENT,2026-02-05,2.609999895095825,2026-02-05,-0.16091948458103145,stop
CPIX,2026-02-04 17:20:03-05:00,POSITIVE,2026-02-05,3.859999895095825,2026-03-03,0.16321240755025945,trail
BMY,2026-02-05 07:07:45-05:00,MIXED,2026-02-06,60.0,2026-03-16,-0.018833351135253862,time
OCUL,2026-02-05 07:13:48-05:00,POSITIVE,2026-02-06,9.079999923706055,2026-02-17,-0.31387664411668015,stop
LBRX,2026-02-05 08:15:20-05:00,POSITIVE,2026-02-06,24.030000686645508,2026-03-16,0.07240947654592267,time
AVXL,2026-02-09 07:31:17-05:00,SILENT,2026-02-10,4.340000152587891,2026-02-26,-0.02419355193130024,trail
ANIX,2026-02-09 08:02:40-05:00,POSITIVE,2026-02-10,3.0,2026-03-18,-0.08333333333333337,time
NKTR,2026-02-10 08:05:41-05:00,MIXED,2026-02-11,59.0,2026-02-12,0.05084745762711873,trail
AARD,2026-02-10 08:14:25-05:00,POSITIVE,2026-02-11,12.699999809265137,2026-03-02,-0.5866141670199141,stop
EVMN,2026-02-10 08:28:34-05:00,POSITIVE,2026-02-11,28.3799991607666,2026-02-11,-0.15010565354146865,stop
ZURA,2026-02-11 06:02:43-05:00,MIXED,2026-02-12,6.329999923706055,2026-02-26,-0.004739294365366686,trail
UPB,2026-02-11 06:38:51-05:00,POSITIVE,2026-02-12,14.859999656677246,2026-02-13,-0.42664867734803313,stop
NMRA,2026-02-11 07:00:26-05:00,POSITIVE,2026-02-12,2.950000047683716,2026-02-13,0.06440679801671312,trail
UPB,2026-02-11 09:17:02-05:00,POSITIVE,2026-02-12,14.859999656677246,2026-02-13,-0.42664867734803313,stop
VKTX,2026-02-11 16:06:25-05:00,POSITIVE,2026-02-12,33.744998931884766,2026-03-18,-0.014639190897540844,trail
PLX,2026-02-11 17:10:47-05:00,POSITIVE,2026-02-12,2.930000066757202,2026-02-27,-0.01706482975327095,trail
AGIO,2026-02-12 06:32:34-05:00,POSITIVE,2026-02-13,28.709999084472656,2026-03-02,-0.020550270430288786,trail
KPTI,2026-02-12 07:32:06-05:00,POSITIVE,2026-02-13,8.979999542236328,2026-02-18,0.017594654835723755,trail
AARD,2026-02-12 08:17:01-05:00,POSITIVE,2026-02-13,12.180000305175781,2026-03-02,-0.5689655280411561,stop
ANVS,2026-02-12 09:00:47-05:00,SILENT,2026-02-13,2.4600000381469727,2026-02-26,0.10569105139490365,trail
VRTX,2026-02-12 16:04:19-05:00,POSITIVE,2026-02-13,471.6499938964844,2026-03-23,-0.04384605733784874,time
BBIO,2026-02-12 16:05:57-05:00,POSITIVE,2026-02-13,77.55000305175781,2026-02-25,-0.18117346871515494,stop
RARE,2026-02-12 16:11:52-05:00,SILENT,2026-02-13,21.540000915527344,2026-03-03,0.015784504679113853,trail
RZLT,2026-02-12 16:13:20-05:00,MIXED,2026-02-13,3.609999895095825,2026-02-17,-0.05207755380153156,trail
CRSP,2026-02-12 16:35:28-05:00,POSITIVE,2026-02-13,49.7400016784668,2026-02-26,0.08061918347841934,trail
HIND,2026-02-12 21:16:02-05:00,MIXED,2026-02-13,2.569999933242798,2026-02-19,0.03501951553529015,trail
INMB,2026-02-13 16:00:31-05:00,POSITIVE,2026-02-17,1.4600000381469727,2026-02-23,-0.17123287223834538,stop
IRON,2026-02-13 16:28:52-05:00,POSITIVE,2026-02-17,55.66999816894531,2026-02-20,0.08604277120668868,trail
IDYA,2026-02-17 06:04:02-05:00,SILENT,2026-02-18,30.549999237060547,2026-03-06,0.04418986629079935,trail
CMPS,2026-02-17 06:33:23-05:00,POSITIVE,2026-02-18,8.260000228881836,2026-02-26,-0.15435836077937126,stop
IRON,2026-02-17 07:42:32-05:00,POSITIVE,2026-02-18,63.7599983215332,2026-03-04,-0.044542036188052414,trail
COGT,2026-02-17 08:12:20-05:00,POSITIVE,2026-02-18,38.0,2026-03-25,-0.06157895138389191,time
NAMS,2026-02-18 07:00:26-05:00,POSITIVE,2026-02-19,35.560001373291016,2026-03-03,-0.1507311699480821,stop
LPCN,2026-02-18 09:35:48-05:00,POSITIVE,2026-02-19,9.3100004196167,2026-02-24,-0.006444727917549242,trail
BHC,2026-02-18 16:12:11-05:00,MIXED,2026-02-19,5.710000038146973,2026-03-02,0.0017512700486641553,trail
INSM,2026-02-19 07:01:05-05:00,POSITIVE,2026-02-20,158.38999938964844,2026-03-27,-0.09975379198587475,time
TRAW,2026-02-19 08:42:35-05:00,MIXED,2026-02-20,1.5700000524520874,2026-03-06,-0.025477757787232713,trail
TVTX,2026-02-19 16:05:36-05:00,SILENT,2026-02-20,29.479999542236328,2026-03-27,-0.07734052967098237,time
PTCT,2026-02-19 16:14:13-05:00,SILENT,2026-02-20,68.44999694824219,2026-03-27,-0.03871430262426667,time
GRAL,2026-02-19 16:18:30-05:00,MIXED,2026-02-20,49.65999984741211,2026-02-23,-0.16431735546687365,trail
FENC,2026-02-20 16:02:24-05:00,POSITIVE,2026-02-23,8.729999542236328,2026-03-09,-0.16437566336627607,stop
AXSM,2026-02-23 07:18:03-05:00,POSITIVE,2026-02-24,175.00999450683594,2026-03-31,-0.08622362614439827,time
INMB,2026-02-23 16:05:29-05:00,SILENT,2026-02-24,1.2799999713897705,2026-02-26,0.03125006402842834,trail
VIR,2026-02-23 17:16:39-05:00,SILENT,2026-02-24,9.835000038146973,2026-02-26,-0.1143873915237893,trail
PVLA,2026-02-24 06:30:26-05:00,POSITIVE,2026-02-25,122.70999908447266,2026-02-27,0.07000247764138479,trail
LRMR,2026-02-24 07:02:51-05:00,POSITIVE,2026-02-25,3.6600000858306885,2026-02-26,0.42076494189068403,trail
PVLA,2026-02-24 07:55:29-05:00,POSITIVE,2026-02-25,122.70999908447266,2026-02-27,0.07000247764138479,trail
IOVA,2026-02-24 08:00:40-05:00,SILENT,2026-02-25,4.170000076293945,2026-02-26,-0.16067147818601546,stop
HRMY,2026-02-24 08:10:19-05:00,SILENT,2026-02-25,27.889999389648438,2026-04-01,-0.009143032138654195,time
CVKD,2026-02-24 08:35:37-05:00,MIXED,2026-02-25,8.220000267028809,2026-03-03,-0.057177646199602195,trail
TARA,2026-02-24 08:52:59-05:00,POSITIVE,2026-02-25,5.489999771118164,2026-03-03,0.04735887790918447,trail
TECX,2026-02-24 16:06:00-05:00,SILENT,2026-02-25,21.34000015258789,2026-03-02,0.0585754447545499,trail
CORT,2026-02-24 16:10:03-05:00,POSITIVE,2026-02-25,37.650001525878906,2026-03-12,-0.15112887678092657,stop
CYTK,2026-02-24 16:13:51-05:00,SILENT,2026-02-25,68.12000274658203,2026-04-01,-0.031855632866202854,time
CRDF,2026-02-24 17:09:22-05:00,POSITIVE,2026-02-25,1.7599999904632568,2026-03-02,0.0397727572905624,trail
BMEA,2026-02-25 01:05:19-05:00,MIXED,2026-02-26,1.399999976158142,2026-03-11,0.017857126131349377,trail
AVXL,2026-02-25 06:07:01-05:00,SILENT,2026-02-26,4.429999828338623,2026-03-05,0.05981949291003397,trail
ALKS,2026-02-25 07:05:28-05:00,POSITIVE,2026-02-26,31.059999465942383,2026-04-02,0.10463625123085696,time
IRWD,2026-02-25 07:11:47-05:00,POSITIVE,2026-02-26,3.490000009536743,2026-03-06,-0.0171919606348383,trail
IMCR,2026-02-25 07:30:36-05:00,SILENT,2026-02-26,31.8700008392334,2026-04-02,-0.06463763159852387,time
CRDF,2026-02-25 08:30:30-05:00,POSITIVE,2026-02-26,1.9600000381469727,2026-03-27,-0.20918371318926687,stop
ARQT,2026-02-25 16:04:18-05:00,POSITIVE,2026-02-26,27.690000534057617,2026-03-03,-0.17334781696754997,stop
RVMD,2026-02-25 16:05:29-05:00,POSITIVE,2026-02-26,95.47000122070312,2026-03-11,0.010998171246860533,stall
PTGX,2026-02-25 16:08:58-05:00,SILENT,2026-02-26,87.5,2026-03-18,0.035200020926339226,trail
ALEC,2026-02-25 16:10:26-05:00,SILENT,2026-02-26,2.119999885559082,2026-02-27,0.09198121801310943,trail
ADMA,2026-02-25 16:11:12-05:00,POSITIVE,2026-02-26,16.25,2026-03-23,-0.16492309570312502,stop
INVA,2026-02-25 16:57:53-05:00,POSITIVE,2026-02-26,25.0,2026-04-02,-0.08360000610351559,time
ZLAB,2026-02-26 07:04:12-05:00,POSITIVE,2026-02-27,18.950000762939453,2026-04-06,0.06860154009085617,time
PHAT,2026-02-26 07:05:13-05:00,SILENT,2026-02-27,13.529999732971191,2026-03-02,-0.15484104617158256,stop
LGND,2026-02-26 07:05:24-05:00,MIXED,2026-02-27,196.1699981689453,2026-03-12,0.0,trail
KYMR,2026-02-26 07:10:24-05:00,POSITIVE,2026-02-27,92.13999938964844,2026-03-12,-0.16594314105503583,stop
ACRS,2026-02-26 07:15:27-05:00,POSITIVE,2026-02-27,3.0799999237060547,2026-03-11,0.09090908387194263,trail
ANIK,2026-02-26 07:18:31-05:00,POSITIVE,2026-02-27,12.670000076293945,2026-03-20,0.08129437464632372,trail
VERA,2026-02-26 07:30:26-05:00,POSITIVE,2026-02-27,40.7599983215332,2026-03-11,-0.02477915513062301,trail
NTLA,2026-02-26 07:45:25-05:00,MIXED,2026-02-27,13.84000015258789,2026-03-03,-0.017341023733535632,trail
EWTX,2026-02-26 08:00:52-05:00,POSITIVE,2026-02-27,29.545000076293945,2026-03-30,0.005584667718823377,trail
IRON,2026-02-26 08:32:56-05:00,POSITIVE,2026-02-27,67.48999786376953,2026-04-06,-0.05156313287434877,time
FATE,2026-02-26 09:04:07-05:00,POSITIVE,2026-02-27,1.5499999523162842,2026-03-06,-0.18709675533838444,stop
SNDX,2026-02-26 16:02:29-05:00,POSITIVE,2026-02-27,20.0,2026-03-13,0.1499999999999999,trail
DNLI,2026-02-26 16:07:33-05:00,NEGATIVE,2026-02-27,21.139999389648438,2026-03-26,-0.06646162818646328,trail
DFTX,2026-02-26 16:10:27-05:00,SILENT,2026-02-27,17.010000228881836,2026-03-05,0.0017637087737698565,trail
RLAY,2026-02-26 16:10:34-05:00,SILENT,2026-02-27,9.640000343322754,2026-03-02,0.012448120465286205,trail
JANX,2026-02-26 16:10:46-05:00,POSITIVE,2026-02-27,13.579999923706055,2026-04-06,0.08652431497320645,time
GPCR,2026-02-26 16:11:24-05:00,POSITIVE,2026-02-27,64.12999725341797,2026-03-13,-0.1811944398807135,stop
RCKT,2026-02-26 16:21:19-05:00,NEGATIVE,2026-02-27,4.590000152587891,2026-03-02,0.02396506601753101,trail
TECX,2026-02-26 16:26:23-05:00,POSITIVE,2026-02-27,24.1200008392334,2026-03-09,0.3229684385212608,trail
ALXO,2026-02-27 08:05:25-05:00,POSITIVE,2026-03-02,2.0199999809265137,2026-03-03,0.0,trail
ACRV,2026-02-27 09:00:12-05:00,POSITIVE,2026-03-02,1.4900000095367432,2026-03-05,0.05033560215011956,trail
INMB,2026-02-27 09:14:34-05:00,POSITIVE,2026-03-02,1.25,2026-03-04,0.02399997711181645,trail
AARD,2026-02-27 16:27:19-05:00,POSITIVE,2026-03-02,5.980000019073486,2026-03-03,-0.20735790033449564,stop
RYTM,2026-03-02 06:01:48-05:00,POSITIVE,2026-03-03,90.91000366210938,2026-03-23,-0.08117923864839127,trail
ZYME,2026-03-02 06:03:58-05:00,POSITIVE,2026-03-03,23.799999237060547,2026-03-11,0.04369751885991202,trail
UTHR,2026-03-02 06:32:18-05:00,MIXED,2026-03-03,509.20001220703125,2026-04-02,0.08267866177666239,trail
GKOS,2026-03-02 07:00:12-05:00,POSITIVE,2026-03-03,118.5199966430664,2026-03-09,-0.15761053690739024,stop
SEPN,2026-03-02 07:00:43-05:00,POSITIVE,2026-03-03,28.510000228881836,2026-03-17,-0.1532795792406344,stop
EYPT,2026-03-02 07:05:30-05:00,MIXED,2026-03-03,17.75,2026-03-06,-0.15436618428834725,stop
QURE,2026-03-02 07:06:59-05:00,POSITIVE,2026-03-03,9.170000076293945,2026-03-06,0.09051253182121011,trail
DYN,2026-03-02 07:35:27-05:00,POSITIVE,2026-03-03,15.489999771118164,2026-03-12,0.16268563557130133,trail
NAMS,2026-03-02 08:00:35-05:00,POSITIVE,2026-03-03,32.0,2026-04-08,0.03978121280670166,time
TYRA,2026-03-02 16:09:19-05:00,POSITIVE,2026-03-03,31.399999618530273,2026-03-05,0.04936309437069131,trail
NUVB,2026-03-02 16:22:36-05:00,POSITIVE,2026-03-03,4.809999942779541,2026-03-30,-0.15904363317799286,stop
BHVN,2026-03-02 16:32:34-05:00,POSITIVE,2026-03-03,11.430000305175781,2026-03-06,-0.15135611983555752,stop
AMLX,2026-03-03 07:02:50-05:00,POSITIVE,2026-03-04,14.069999694824219,2026-03-05,-0.019189730628684898,trail
ROIV,2026-03-03 07:13:27-05:00,POSITIVE,2026-03-04,28.440000534057617,2026-04-09,-0.018108343436222585,time
SRRK,2026-03-03 07:14:35-05:00,POSITIVE,2026-03-04,45.790000915527344,2026-03-19,-0.1537453761687977,stop
TBPH,2026-03-03 08:35:05-05:00,MIXED,2026-03-04,13.369999885559082,2026-04-09,0.22513083776901266,time
IMNM,2026-03-03 16:05:29-05:00,POSITIVE,2026-03-04,22.0,2026-04-09,-0.02636363289572974,time
ARCT,2026-03-03 16:05:54-05:00,POSITIVE,2026-03-04,7.510000228881836,2026-03-17,-0.1531291691503257,stop
ELVN,2026-03-03 16:10:24-05:00,SILENT,2026-03-04,28.59000015258789,2026-03-13,-0.04004898396826451,trail
RIGL,2026-03-03 16:11:12-05:00,POSITIVE,2026-03-04,30.280000686645508,2026-03-13,-0.15686921705041135,stop
ROIV,2026-03-03 16:15:36-05:00,POSITIVE,2026-03-04,28.440000534057617,2026-04-09,-0.018108343436222585,time
ANAB,2026-03-03 16:16:36-05:00,SILENT,2026-03-04,37.38666534423828,2026-03-05,-0.010163978250510963,trail
SRRK,2026-03-03 16:30:41-05:00,POSITIVE,2026-03-04,45.790000915527344,2026-03-19,-0.1537453761687977,stop
DCTH,2026-03-03 16:48:16-05:00,MIXED,2026-03-04,8.899999618530273,2026-03-20,0.007865241741447981,trail
CPIX,2026-03-03 17:10:28-05:00,POSITIVE,2026-03-04,4.579999923706055,2026-03-04,-0.2074235425961347,stop
EYPT,2026-03-04 07:05:26-05:00,POSITIVE,2026-03-05,17.979999542236328,2026-03-06,-0.16518350327972742,stop
TCRX,2026-03-04 07:15:28-05:00,POSITIVE,2026-03-05,1.1200000047683716,2026-03-11,0.008928562875609058,trail
CRVO,2026-03-04 16:06:42-05:00,SILENT,2026-03-05,4.070000171661377,2026-03-10,0.11547905905856415,trail
VSTM,2026-03-04 16:15:33-05:00,POSITIVE,2026-03-05,5.949999809265137,2026-03-11,0.03529412518971298,trail
FENC,2026-03-04 16:23:57-05:00,POSITIVE,2026-03-05,8.199999809265137,2026-03-24,-0.2804877765117686,stop
PEPG,2026-03-04 17:02:16-05:00,MIXED,2026-03-05,5.510000228881836,2026-03-06,-0.04537204893197133,trail
KURA,2026-03-05 06:35:25-05:00,POSITIVE,2026-03-06,8.279999732971191,2026-03-13,0.030797116263844737,trail
ZURA,2026-03-05 07:00:42-05:00,SILENT,2026-03-06,6.550000190734863,2026-03-11,0.03816793781985406,trail
CLYM,2026-03-05 07:10:26-05:00,POSITIVE,2026-03-06,7.360000133514404,2026-03-11,-0.04891306073149537,trail
IVVD,2026-03-05 07:11:42-05:00,POSITIVE,2026-03-06,1.7000000476837158,2026-03-11,0.07058823611909548,trail
RGNX,2026-03-05 07:30:27-05:00,NEGATIVE,2026-03-06,8.460000038146973,2026-03-10,0.16666664787875662,trail
SLN,2026-03-05 07:40:32-05:00,POSITIVE,2026-03-06,5.440000057220459,2026-03-10,0.08235293189547055,trail
CRMD,2026-03-05 07:47:46-05:00,SILENT,2026-03-06,6.309999942779541,2026-03-12,-0.0015847467726398667,trail
CTNM,2026-03-05 16:06:46-05:00,SILENT,2026-03-06,14.710000038146973,2026-03-18,-0.18218900735729582,stop
AVIR,2026-03-05 16:11:16-05:00,SILENT,2026-03-06,4.820000171661377,2026-03-11,0.22821573972131537,trail
AVBP,2026-03-05 16:11:40-05:00,POSITIVE,2026-03-06,25.40999984741211,2026-03-24,-0.17001179538630307,stop
INTS,2026-03-06 08:04:30-05:00,POSITIVE,2026-03-09,7.843999862670898,2026-03-16,-0.22361036981020133,stop
NTHI,2026-03-06 17:01:00-05:00,SILENT,2026-03-09,9.40999984741211,2026-03-18,-0.15409137436531506,stop
ENGN,2026-03-09 07:04:29-04:00,POSITIVE,2026-03-10,6.980000019073486,2026-03-13,-0.005730653544946063,trail
IBIO,2026-03-09 07:04:38-04:00,POSITIVE,2026-03-10,2.5199999809265137,2026-03-16,-0.05555550299414003,trail
RLMD,2026-03-09 07:11:01-04:00,POSITIVE,2026-03-10,6.730000019073486,2026-03-11,-0.08098069461357515,trail
DNTH,2026-03-09 07:19:07-04:00,SILENT,2026-03-10,81.08000183105469,2026-03-12,-0.010730176701214789,trail
XENE,2026-03-09 07:36:58-04:00,POSITIVE,2026-03-10,63.2599983215332,2026-03-18,-0.15128042916129303,stop
MBX,2026-03-09 08:03:19-04:00,SILENT,2026-03-10,28.0,2026-03-17,0.015714304787772138,trail
DSGN,2026-03-09 16:06:00-04:00,SILENT,2026-03-10,10.539999961853027,2026-04-15,0.18026561910881034,time
ZVRA,2026-03-09 16:06:10-04:00,POSITIVE,2026-03-10,10.949999809265137,2026-03-20,-0.15981735438198552,stop
SEPN,2026-03-09 16:08:12-04:00,POSITIVE,2026-03-10,29.399999618530273,2026-03-13,-0.15102042828800477,stop
LRMR,2026-03-09 16:08:31-04:00,POSITIVE,2026-03-10,5.809999942779541,2026-03-12,-0.18158344900669732,stop
TRVI,2026-03-09 16:35:04-04:00,POSITIVE,2026-03-10,11.699999809265137,2026-04-15,0.17606841480334046,time
MLYS,2026-03-09 16:36:20-04:00,MIXED,2026-03-10,26.450000762939453,2026-03-11,0.006427223871091181,trail
CHRS,2026-03-09 16:40:39-04:00,SILENT,2026-03-10,1.8600000143051147,2026-03-11,-0.0430107754301452,trail
LPCN,2026-03-10 06:13:03-04:00,POSITIVE,2026-03-11,8.1899995803833,2026-03-12,-0.029304002858927092,trail
ZURA,2026-03-10 06:40:47-04:00,MIXED,2026-03-11,7.03000020980835,2026-03-18,-0.16073969853718162,stop
RAPP,2026-03-10 07:11:47-04:00,MIXED,2026-03-11,29.860000610351562,2026-04-07,0.046885451772058495,trail
IRD,2026-03-10 07:17:07-04:00,POSITIVE,2026-03-11,5.0,2026-03-30,-0.15000000000000002,stop
CGEM,2026-03-10 07:23:20-04:00,SILENT,2026-03-11,14.670000076293945,2026-03-24,-0.15473759004486232,stop
TENX,2026-03-10 07:32:44-04:00,SILENT,2026-03-11,14.739999771118164,2026-03-19,-0.03527812158506627,trail
SABS,2026-03-10 07:35:30-04:00,POSITIVE,2026-03-11,4.260000228881836,2026-03-13,-0.04460095000284314,trail
DMRA,2026-03-10 08:00:26-04:00,SILENT,2026-03-11,26.209999084472656,2026-03-11,-0.1613887710794415,stop
TNXP,2026-03-10 08:05:34-04:00,MIXED,2026-03-11,14.010000228881836,2026-03-23,0.07780157992723202,trail
TARA,2026-03-10 08:06:44-04:00,POSITIVE,2026-03-11,5.650000095367432,2026-03-30,-0.15044245845756765,stop
PRLD,2026-03-10 08:17:31-04:00,SILENT,2026-03-11,3.7249999046325684,2026-03-13,-0.169127487825931,stop
CAPR,2026-03-10 11:01:36-04:00,SILENT,2026-03-11,32.5,2026-03-30,-0.15384615384615385,stop
SGMT,2026-03-11 07:41:52-04:00,MIXED,2026-03-12,5.619999885559082,2026-03-19,-0.17437723114401726,stop
VRCA,2026-03-11 08:08:37-04:00,POSITIVE,2026-03-12,6.159999847412109,2026-03-23,-0.22077917051387563,stop
FHTX,2026-03-11 16:09:11-04:00,POSITIVE,2026-03-12,5.599999904632568,2026-03-12,-0.17946430920642287,stop
GYRE,2026-03-11 20:00:24-04:00,POSITIVE,2026-03-12,7.840000152587891,2026-03-20,-0.16071431178045636,stop
IXHL,2026-03-12 08:01:09-04:00,POSITIVE,2026-03-13,3.1500000953674316,2026-03-26,-0.0317460761979701,trail
WHWK,2026-03-12 08:02:47-04:00,SILENT,2026-03-13,3.9100000858306885,2026-03-27,-0.19437339482865845,stop
CVKD,2026-03-12 08:05:43-04:00,POSITIVE,2026-03-13,7.460000038146973,2026-03-23,-0.1823056469919565,stop
CADL,2026-03-12 08:10:26-04:00,POSITIVE,2026-03-13,5.039999961853027,2026-04-20,0.26626984479896487,time
RARE,2026-03-12 08:45:25-04:00,POSITIVE,2026-03-13,21.940000534057617,2026-03-24,-0.16636278622073652,stop
ERAS,2026-03-12 16:05:28-04:00,POSITIVE,2026-03-13,15.149999618530273,2026-03-27,-0.01551152888412044,trail
MLYS,2026-03-12 16:08:33-04:00,MIXED,2026-03-13,25.809999465942383,2026-03-16,-0.014335487777634381,trail
PSTV,2026-03-12 16:21:10-04:00,SILENT,2026-03-13,7.0,2026-03-19,-0.1785714285714286,stop
ACET,2026-03-12 16:22:04-04:00,POSITIVE,2026-03-13,6.980000019073486,2026-03-18,-0.02578794095225745,trail
TNXP,2026-03-13 06:01:04-04:00,POSITIVE,2026-03-16,13.449999809265137,2026-03-23,0.12267662420842362,trail
ABOS,2026-03-16 07:01:02-04:00,POSITIVE,2026-03-17,3.390000104904175,2026-03-18,-0.15044247040743763,stop
OLMA,2026-03-16 07:05:09-04:00,POSITIVE,2026-03-17,16.31999969482422,2026-03-24,-0.19669118248605133,stop
ANRO,2026-03-16 07:08:09-04:00,POSITIVE,2026-03-17,24.31999969482422,2026-03-20,-0.15419408088224917,stop
GPCR,2026-03-16 08:01:08-04:00,POSITIVE,2026-03-17,56.060001373291016,2026-03-24,-0.16607208607252433,stop
AGEN,2026-03-16 08:15:01-04:00,POSITIVE,2026-03-17,3.3399999141693115,2026-03-18,0.09281442789354677,trail
BMRN,2026-03-16 08:30:06-04:00,SILENT,2026-03-17,57.689998626708984,2026-04-22,-0.06898941995109864,time
RLAY,2026-03-16 08:30:08-04:00,POSITIVE,2026-03-17,10.0600004196167,2026-04-07,0.2226639838652722,trail
KYNB,2026-03-16 16:05:09-04:00,POSITIVE,2026-03-17,6.900000095367432,2026-03-24,-0.03768119207076481,trail
RYTM,2026-03-16 16:30:21-04:00,MIXED,2026-03-17,89.29000091552734,2026-03-23,-0.06450892683582465,trail
ANVS,2026-03-16 17:06:04-04:00,POSITIVE,2026-03-17,2.8499999046325684,2026-03-19,-0.19999998326887103,stop
FENC,2026-03-16 17:21:25-04:00,POSITIVE,2026-03-17,7.820000171661377,2026-03-24,-0.24552430104180378,stop
BCYC,2026-03-17 07:05:30-04:00,POSITIVE,2026-03-18,5.119999885559082,2026-03-20,-0.16113277884869526,stop
IXHL,2026-03-17 08:00:21-04:00,POSITIVE,2026-03-18,3.299999952316284,2026-03-24,-0.15818177076082185,stop
ALDX,2026-03-17 08:39:04-04:00,POSITIVE,2026-03-18,1.2000000476837158,2026-03-19,0.14166662527455398,trail
ANTX,2026-03-17 16:02:02-04:00,SILENT,2026-03-18,4.849999904632568,2026-03-19,-0.2164948397861528,stop
TRVI,2026-03-17 16:07:16-04:00,POSITIVE,2026-03-18,11.859999656677246,2026-04-21,0.2158516436529072,trail
AVBP,2026-03-17 17:05:10-04:00,POSITIVE,2026-03-18,24.75,2026-03-30,-0.16282831057153568,stop
PLX,2026-03-18 06:56:54-04:00,POSITIVE,2026-03-19,2.2200000286102295,2026-04-24,-0.045045108901980435,time
IXHL,2026-03-18 08:00:25-04:00,POSITIVE,2026-03-19,3.0299999713897705,2026-03-26,0.006600653833452208,trail
GANX,2026-03-18 08:51:17-04:00,POSITIVE,2026-03-19,1.9299999475479126,2026-03-24,-0.07253885466305676,trail
LRMR,2026-03-19 07:04:23-04:00,SILENT,2026-03-20,4.519999980926514,2026-03-23,-0.004424774559935729,trail
ARMP,2026-03-19 07:10:20-04:00,POSITIVE,2026-03-20,8.039999961853027,2026-03-26,-0.04228857639316819,trail
ACRV,2026-03-19 07:21:17-04:00,POSITIVE,2026-03-20,1.690000057220459,2026-03-26,-0.1597633674521124,stop
TSHA,2026-03-19 08:08:07-04:00,POSITIVE,2026-03-20,4.579999923706055,2026-04-21,0.32314411435096635,trail
TBPH,2026-03-19 08:38:02-04:00,NEGATIVE,2026-03-20,14.069999694824219,2026-04-27,0.16417907008143984,time
ZURA,2026-03-19 16:10:22-04:00,SILENT,2026-03-20,5.849999904632568,2026-04-02,-0.013675200856448466,trail
MIST,2026-03-20 07:25:07-04:00,SILENT,2026-03-23,1.3550000190734863,2026-03-24,-0.180811809092,stop
CV,2026-03-20 08:04:37-04:00,SILENT,2026-03-23,6.960000038146973,2026-03-24,0.020114923235383886,trail
RYTM,2026-03-20 09:20:12-04:00,POSITIVE,2026-03-23,90.41999816894531,2026-03-27,-0.16567126776036512,stop
XLO,2026-03-23 03:33:30-04:00,SILENT,2026-03-24,7.800000190734863,2026-03-27,0.0641025625350522,trail
INSM,2026-03-23 07:00:30-04:00,MIXED,2026-03-24,144.4199981689453,2026-04-13,0.028320152262473197,trail
AVTX,2026-03-23 07:01:12-04:00,SILENT,2026-03-24,13.5,2026-03-25,-0.0003703788474753722,trail
CABA,2026-03-23 07:32:24-04:00,POSITIVE,2026-03-24,2.759999990463257,2026-04-17,0.14492757128607558,trail
ACHV,2026-03-24 07:05:07-04:00,POSITIVE,2026-03-25,3.0299999713897705,2026-04-15,0.023102288417082395,trail
AMLX,2026-03-24 07:11:11-04:00,POSITIVE,2026-03-25,13.9399995803833,2026-04-23,0.2238163543383187,trail
RZLT,2026-03-24 07:30:12-04:00,MIXED,2026-03-25,2.9000000953674316,2026-03-26,0.08275862125664335,trail
BIOA,2026-03-24 09:10:30-04:00,POSITIVE,2026-03-25,16.280000686645508,2026-04-10,-0.010442264688194758,trail
OCGN,2026-03-24 12:02:11-04:00,POSITIVE,2026-03-25,1.9800000190734863,2026-04-07,-0.15151518617962167,stop
BMEA,2026-03-24 12:09:28-04:00,POSITIVE,2026-03-25,1.1399999856948853,2026-03-27,0.10964912418293271,trail
FENC,2026-03-24 16:22:46-04:00,POSITIVE,2026-03-25,5.929999828338623,2026-03-27,-0.004215787395271731,trail
MAZE,2026-03-25 07:08:00-04:00,POSITIVE,2026-03-26,31.110000610351562,2026-03-27,-0.0627450860176818,trail
IXHL,2026-03-25 08:00:06-04:00,POSITIVE,2026-03-26,3.0999999046325684,2026-03-27,0.03548391512852067,trail
PMN,2026-03-25 08:06:09-04:00,POSITIVE,2026-03-26,15.800000190734863,2026-03-30,-0.19493670167878663,stop
CORT,2026-03-25 13:31:52-04:00,POSITIVE,2026-03-26,38.7599983215332,2026-05-01,0.1916924826348103,time
AVXL,2026-03-25 16:06:00-04:00,SILENT,2026-03-26,2.7100000381469727,2026-03-27,0.01476013331733328,trail
CELC,2026-03-25 16:10:32-04:00,POSITIVE,2026-03-26,109.25,2026-03-27,-0.030663601593785783,trail
TNXP,2026-03-26 07:00:28-04:00,POSITIVE,2026-03-27,13.569999694824219,2026-04-02,-0.036845984616396654,trail
NVCR,2026-03-26 07:00:57-04:00,POSITIVE,2026-03-27,11.619999885559082,2026-04-28,0.0395869227777399,trail
UPB,2026-03-26 07:05:07-04:00,POSITIVE,2026-03-27,8.720000267028809,2026-04-15,0.12270638326354111,trail
MPLT,2026-03-26 07:10:11-04:00,POSITIVE,2026-03-27,19.309999465942383,2026-04-10,0.3713102161882442,trail
CGTX,2026-03-26 07:36:48-04:00,POSITIVE,2026-03-27,1.0700000524520874,2026-03-27,-0.36448600577708246,stop
WVE,2026-03-26 07:41:00-04:00,POSITIVE,2026-03-27,6.019999980926514,2026-04-01,0.1279069739810874,trail
DNTH,2026-03-26 08:00:19-04:00,POSITIVE,2026-03-27,81.91999816894531,2026-04-21,0.07470706644744585,trail
MGTX,2026-03-26 08:25:09-04:00,POSITIVE,2026-03-27,7.679999828338623,2026-04-10,0.15559898416298346,trail
GANX,2026-03-26 16:05:13-04:00,POSITIVE,2026-03-27,1.899999976158142,2026-04-22,0.06052638431004964,trail
KYTX,2026-03-26 16:06:36-04:00,POSITIVE,2026-03-27,8.029999732971191,2026-04-02,0.05877959374422881,trail
IMDX,2026-03-26 16:10:12-04:00,POSITIVE,2026-03-27,4.170000076293945,2026-03-27,-0.21079140787483397,stop
SPRO,2026-03-26 16:10:56-04:00,SILENT,2026-03-27,2.299999952316284,2026-04-15,0.1434783343331365,trail
IKT,2026-03-26 16:21:52-04:00,SILENT,2026-03-27,1.649999976158142,2026-04-09,0.012121200736670001,trail
LONA,2026-03-26 17:10:12-04:00,POSITIVE,2026-03-27,8.890000343322754,2026-04-02,0.06974126677337655,trail
KOD,2026-03-26 21:56:48-04:00,POSITIVE,2026-03-27,41.88999938964844,2026-03-30,-0.2038672962510878,trail
AUTL,2026-03-27 08:02:10-04:00,POSITIVE,2026-03-30,1.225000023841858,2026-04-02,0.0693876875782462,trail
VOR,2026-03-27 08:03:02-04:00,SILENT,2026-03-30,14.65999984741211,2026-04-02,0.14324695793502573,trail
BSX,2026-03-30 02:14:18-04:00,POSITIVE,2026-03-31,63.47999954223633,2026-05-06,-0.13390044204938178,time
NMRA,2026-03-30 06:58:50-04:00,POSITIVE,2026-03-31,1.909999966621399,2026-04-09,0.07329842311072454,trail
UTHR,2026-03-30 07:00:25-04:00,MIXED,2026-03-31,583.6199951171875,2026-05-06,-0.01476987627104287,time
AURA,2026-03-30 07:05:19-04:00,SILENT,2026-03-31,6.400000095367432,2026-04-07,0.004687458206900086,trail
UNCY,2026-03-30 07:29:20-04:00,SILENT,2026-03-31,6.21999979019165,2026-04-02,0.08762059399959443,trail
FTH,2026-03-30 07:35:21-04:00,POSITIVE,2026-03-31,23.90999984741211,2026-04-02,0.25637813079194616,trail
VRDN,2026-03-30 07:50:20-04:00,POSITIVE,2026-03-31,18.709999084472656,2026-04-06,-0.2720470041678271,stop
ANNX,2026-03-30 17:29:26-04:00,POSITIVE,2026-03-31,5.639999866485596,2026-04-01,-0.05141843416988101,trail
PEPG,2026-03-30 17:30:21-04:00,MIXED,2026-03-31,2.009999990463257,2026-03-31,-0.34328355287809775,stop
LXEO,2026-03-30 17:30:33-04:00,POSITIVE,2026-03-31,5.860000133514404,2026-04-10,0.015358306092180474,trail
BBIO,2026-03-30 17:30:36-04:00,POSITIVE,2026-03-31,70.22000122070312,2026-04-23,0.012959214139782071,trail
IMMX,2026-03-30 17:39:16-04:00,POSITIVE,2026-03-31,8.850000381469727,2026-04-02,-0.050847541643237903,trail
TNXP,2026-03-31 07:05:34-04:00,MIXED,2026-04-01,13.75,2026-04-02,-0.049454567649147685,trail
SRRK,2026-03-31 07:14:27-04:00,POSITIVE,2026-04-01,49.880001068115234,2026-05-07,-0.09783482284716061,time
PVLA,2026-03-31 08:00:11-04:00,POSITIVE,2026-04-01,125.83999633789062,2026-04-23,-0.006675114131719839,trail
INKT,2026-03-31 08:07:08-04:00,POSITIVE,2026-04-01,11.770000457763672,2026-04-15,0.05947321852510257,trail
MAIA,2026-03-31 09:25:17-04:00,POSITIVE,2026-04-01,1.409999966621399,2026-04-07,-0.1773049687363063,stop
LONA,2026-03-31 14:20:44-04:00,SILENT,2026-04-01,10.229999542236328,2026-04-06,0.04985339703840763,trail
FBIO,2026-03-31 16:15:24-04:00,MIXED,2026-04-01,2.75,2026-04-07,-0.19999998266046692,stop
ORIC,2026-03-31 16:16:15-04:00,POSITIVE,2026-04-01,10.25,2026-04-01,-0.2809756209210652,stop
KOD,2026-03-31 16:54:55-04:00,POSITIVE,2026-04-01,39.779998779296875,2026-04-02,-0.027652048966215093,trail
AXSM,2026-04-01 07:05:09-04:00,POSITIVE,2026-04-02,171.22000122070312,2026-05-01,0.15652378729522676,trail
FBRX,2026-04-01 08:00:07-04:00,POSITIVE,2026-04-02,24.459999084472656,2026-04-08,0.02575638150841808,trail
HURA,2026-04-01 08:00:08-04:00,SILENT,2026-04-02,1.600000023841858,2026-04-02,-0.16249999161809692,stop
ANRO,2026-04-01 16:55:20-04:00,MIXED,2026-04-02,20.0,2026-04-06,0.050000000000000044,trail
ROIV,2026-04-02 07:00:32-04:00,NEGATIVE,2026-04-06,28.05500030517578,2026-05-11,0.019426129758173705,time
PALI,2026-04-02 08:34:41-04:00,SILENT,2026-04-06,1.8899999856948853,2026-04-22,0.21164020062734368,trail
LPCN,2026-04-02 09:35:13-04:00,MIXED,2026-04-06,2.0899999141693115,2026-04-16,0.1483254516406678,trail
NERV,2026-04-02 16:15:13-04:00,SILENT,2026-04-06,5.25,2026-04-10,0.04342860267275861,trail
NTHI,2026-04-03 17:00:09-04:00,SILENT,2026-04-06,6.409999847412109,2026-04-07,-0.16396250646445398,stop
PRAX,2026-04-06 16:23:42-04:00,POSITIVE,2026-04-07,309.4100036621094,2026-04-16,0.015303271696196719,trail
PVLA,2026-04-07 07:30:15-04:00,POSITIVE,2026-04-08,124.0,2026-04-16,-0.02040321596207162,trail
ARTL,2026-04-07 08:00:10-04:00,POSITIVE,2026-04-08,6.800000190734863,2026-04-10,-0.18235297252562543,stop
IKT,2026-04-07 08:09:02-04:00,SILENT,2026-04-08,1.8300000429153442,2026-05-12,0.043715804278675385,trail
CRBP,2026-04-07 08:15:07-04:00,POSITIVE,2026-04-08,10.149999618530273,2026-04-23,-0.019704415446480272,trail
PLSE,2026-04-07 08:59:37-04:00,SILENT,2026-04-08,20.790000915527344,2026-04-24,0.09523806902565046,trail
INSM,2026-04-07 16:01:21-04:00,MIXED,2026-04-08,162.9499969482422,2026-04-24,-0.17404112391213822,stop
STOK,2026-04-07 16:05:24-04:00,POSITIVE,2026-04-08,34.630001068115234,2026-05-13,-0.11261915696184432,time
FENC,2026-04-07 16:27:27-04:00,POSITIVE,2026-04-08,6.590000152587891,2026-05-13,0.024279187209013564,trail
SUPN,2026-04-07 17:25:26-04:00,SILENT,2026-04-08,51.970001220703125,2026-05-13,-0.03752166090314879,time
IBIO,2026-04-08 09:00:47-04:00,SILENT,2026-04-09,2.2300000190734863,2026-04-22,-0.17040358384817844,stop
MAIA,2026-04-08 09:10:06-04:00,SILENT,2026-04-09,1.2400000095367432,2026-04-16,0.05645155863260798,trail
ZNTL,2026-04-09 08:01:56-04:00,SILENT,2026-04-10,4.519999980926514,2026-04-13,0.14159289141289055,trail
ENGN,2026-04-09 16:02:43-04:00,POSITIVE,2026-04-10,7.309999942779541,2026-04-20,0.04842682548888355,trail
CRDF,2026-04-09 16:10:09-04:00,POSITIVE,2026-04-10,1.6299999952316284,2026-04-21,0.01226992698467555,trail
REPL,2026-04-10 17:59:21-04:00,MIXED,2026-04-13,1.7100000381469727,2026-04-14,-0.023391859748531196,trail
IDYA,2026-04-13 06:05:15-04:00,POSITIVE,2026-04-14,33.369998931884766,2026-04-29,-0.1618219895527362,stop
ALLO,2026-04-13 07:45:15-04:00,POSITIVE,2026-04-14,3.0299999713897705,2026-04-14,-0.2607260624793597,stop
SYRE,2026-04-13 07:46:49-04:00,POSITIVE,2026-04-14,67.68000030517578,2026-04-23,0.00953009220091694,trail
RVMD,2026-04-13 08:25:24-04:00,MIXED,2026-04-14,136.5,2026-04-21,0.048864455450148725,trail
SEPN,2026-04-13 08:30:25-04:00,POSITIVE,2026-04-14,23.56999969482422,2026-04-23,0.058124771190991575,trail
RPRX,2026-04-13 09:53:04-04:00,SILENT,2026-04-14,48.400001525878906,2026-05-19,0.0704545400807235,time
EYPT,2026-04-13 16:05:14-04:00,MIXED,2026-04-14,14.520000457763672,2026-05-15,-0.15082647830679996,stop
EVMN,2026-04-13 16:09:03-04:00,POSITIVE,2026-04-14,27.170000076293945,2026-05-06,-0.18549874498987529,stop
TVTX,2026-04-13 20:44:53-04:00,POSITIVE,2026-04-14,41.529998779296875,2026-05-06,0.023356639759562814,trail
ALGS,2026-04-14 16:17:32-04:00,MIXED,2026-04-15,7.539999961853027,2026-04-16,-0.028514609240800626,trail
MGTX,2026-04-16 07:09:05-04:00,POSITIVE,2026-04-17,9.649999618530273,2026-04-23,-0.04766839961979519,trail
MGTX,2026-04-16 07:16:21-04:00,MIXED,2026-04-17,9.649999618530273,2026-04-23,-0.04766839961979519,trail
MAIA,2026-04-16 09:25:30-04:00,SILENT,2026-04-17,1.3600000143051147,2026-05-22,-0.0808823626088847,time
PRLD,2026-04-20 06:16:38-04:00,POSITIVE,2026-04-21,4.690000057220459,2026-04-23,-0.1705756807155363,stop
BCYC,2026-04-20 07:06:05-04:00,POSITIVE,2026-04-21,5.320000171661377,2026-04-30,-0.150375970849834,stop
KYTX,2026-04-20 08:00:17-04:00,POSITIVE,2026-04-21,11.25,2026-04-22,-0.23111114501953123,stop
NKTR,2026-04-20 08:02:01-04:00,POSITIVE,2026-04-21,103.0,2026-04-23,-0.151747546149689,stop
IONS,2026-04-21 07:00:40-04:00,POSITIVE,2026-04-22,75.22000122070312,2026-05-28,0.0015952554538709585,time
ERAS,2026-04-21 09:10:15-04:00,SILENT,2026-04-22,22.610000610351562,2026-04-27,-0.15966388823089162,stop
INBX,2026-04-21 16:04:25-04:00,SILENT,2026-04-22,147.5,2026-04-22,-0.3220338983050848,stop
RAPP,2026-04-21 16:50:43-04:00,POSITIVE,2026-04-22,37.380001068115234,2026-05-08,-0.007223126004508806,trail
KYTX,2026-04-21 18:45:14-04:00,POSITIVE,2026-04-22,11.079999923706055,2026-04-22,-0.21931410847546207,stop
KYTX,2026-04-22 07:00:13-04:00,POSITIVE,2026-04-23,10.170000076293945,2026-04-24,-0.15339237049299803,stop
IXHL,2026-04-22 08:00:44-04:00,POSITIVE,2026-04-23,4.150000095367432,2026-05-07,0.09879514168440262,trail
SABS,2026-04-22 08:13:57-04:00,SILENT,2026-04-23,3.990000009536743,2026-05-08,-0.05012532511420642,trail
FENC,2026-04-22 16:05:12-04:00,POSITIVE,2026-04-23,6.690000057220459,2026-05-13,0.00896860123562826,trail
DFTX,2026-04-22 16:22:38-04:00,SILENT,2026-04-23,22.854999542236328,2026-05-19,-0.15423319576165506,stop
GRCE,2026-04-23 14:36:20-04:00,POSITIVE,2026-04-24,2.2200000286102295,2026-04-27,-0.05405410920322551,trail
ALT,2026-04-24 16:05:27-04:00,SILENT,2026-04-27,2.859999895095825,2026-05-07,0.0472027955996599,trail
SGMT,2026-04-27 07:00:48-04:00,POSITIVE,2026-04-28,8.390000343322754,2026-04-29,-0.0524434464901774,trail
GRCE,2026-04-27 07:08:41-04:00,MIXED,2026-04-28,2.109999895095825,2026-05-04,0.056872099499422735,trail
SGMT,2026-04-27 07:23:01-04:00,POSITIVE,2026-04-28,8.390000343322754,2026-04-29,-0.0524434464901774,trail
CMPX,2026-04-27 07:30:23-04:00,MIXED,2026-04-28,1.9049999713897705,2026-04-29,-0.13910760612849649,trail
ORKA,2026-04-27 08:00:37-04:00,POSITIVE,2026-04-28,78.20999908447266,2026-04-29,-0.147807156296065,trail
CRMD,2026-04-27 08:05:12-04:00,POSITIVE,2026-04-28,7.889999866485596,2026-05-15,-0.048162185555653436,trail
MIRM,2026-04-27 08:07:58-04:00,POSITIVE,2026-04-28,93.33999633789062,2026-05-07,0.05629960455311567,trail
NTLA,2026-04-27 09:13:36-04:00,POSITIVE,2026-04-28,12.819999694824219,2026-04-29,-0.08307329217903725,trail
RLAY,2026-04-27 09:15:24-04:00,POSITIVE,2026-04-28,14.789999961853027,2026-04-29,-0.1521298178365985,stop
ERAS,2026-04-27 16:17:23-04:00,POSITIVE,2026-04-28,10.510000228881836,2026-04-28,-0.17221697242620004,stop
BMEA,2026-04-28 04:30:07-04:00,MIXED,2026-04-29,1.5,2026-05-07,0.03333330154418945,trail
ACRS,2026-04-28 06:45:19-04:00,POSITIVE,2026-04-29,4.28000020980835,2026-05-15,0.04906531565782757,trail
AVTX,2026-04-28 07:01:21-04:00,SILENT,2026-04-29,12.859999656677246,2026-05-07,0.6570762079980055,trail
PTCT,2026-04-28 16:29:29-04:00,POSITIVE,2026-04-29,69.05000305175781,2026-05-13,0.044170822412232136,trail
AGIO,2026-04-29 06:32:05-04:00,SILENT,2026-04-30,28.06999969482422,2026-06-01,-0.019950105879254387,trail
TNXP,2026-04-29 07:05:28-04:00,MIXED,2026-04-30,12.300000190734863,2026-05-05,0.03495929632792749,trail
VKTX,2026-04-29 16:05:17-04:00,POSITIVE,2026-04-30,30.479999542236328,2026-06-02,-0.04297898574857617,trail
OLMA,2026-04-29 16:34:49-04:00,SILENT,2026-04-30,14.34000015258789,2026-05-12,-0.0920501869441056,trail
AUTL,2026-04-29 17:28:25-04:00,SILENT,2026-04-30,1.399999976158142,2026-05-07,0.12142862799216392,trail
MRK,2026-04-30 06:53:18-04:00,POSITIVE,2026-05-01,112.33000183105469,2026-06-08,0.056618895278903736,time
INDV,2026-04-30 07:00:11-04:00,MIXED,2026-05-01,37.38999938964844,2026-05-15,-0.02059375422126508,trail
BMY,2026-04-30 07:01:58-04:00,MIXED,2026-05-01,60.02000045776367,2026-06-08,-0.07480842459550507,time
PHAT,2026-04-30 07:05:06-04:00,SILENT,2026-05-01,11.539999961853027,2026-05-07,0.0190641479857927,trail
BCYC,2026-04-30 07:05:31-04:00,POSITIVE,2026-05-01,4.679999828338623,2026-05-08,0.023504302895125173,trail
QURE,2026-04-30 07:07:07-04:00,POSITIVE,2026-05-01,19.850000381469727,2026-05-11,0.29370276129306516,trail
KYMR,2026-04-30 07:10:15-04:00,POSITIVE,2026-05-01,81.51000213623047,2026-05-12,0.004784681381760025,trail
SNDX,2026-04-30 16:02:19-04:00,SILENT,2026-05-01,20.829999923706055,2026-05-12,-0.03168506240179969,trail
OSTX,2026-04-30 16:06:12-04:00,POSITIVE,2026-05-01,1.690000057220459,2026-05-18,-0.04142014797751925,trail
CTNM,2026-04-30 16:07:33-04:00,POSITIVE,2026-05-01,13.210000038146973,2026-05-07,0.06775166551891254,trail
CORT,2026-04-30 16:11:14-04:00,POSITIVE,2026-05-01,48.47999954223633,2026-06-08,0.49793736452729664,time
COCP,2026-04-30 16:30:18-04:00,POSITIVE,2026-05-01,1.4500000476837158,2026-05-15,-0.17931033235384408,stop
AXSM,2026-04-30 17:19:05-04:00,POSITIVE,2026-05-01,207.22999572753906,2026-05-11,0.028784498960866323,trail
DBVT,2026-04-30 17:30:48-04:00,SILENT,2026-05-01,21.200000762939453,2026-06-02,-0.17924533054980407,stop
FLGT,2026-05-01 07:03:07-04:00,SILENT,2026-05-04,14.244999885559082,2026-06-08,0.28255532499406666,trail
ALDX,2026-05-01 08:00:22-04:00,MIXED,2026-05-04,1.5700000524520874,2026-05-07,0.07324833534103536,trail
CELC,2026-05-01 17:10:31-04:00,MIXED,2026-05-04,142.11500549316406,2026-06-02,-0.37388734533586143,stop
AURA,2026-05-04 06:18:17-04:00,SILENT,2026-05-05,8.479999542236328,2026-05-06,-0.04245279199417362,trail
GKOS,2026-05-04 07:00:12-04:00,POSITIVE,2026-05-05,137.10000610351562,2026-05-21,-0.02538301116996733,trail
AXSM,2026-05-04 07:07:33-04:00,POSITIVE,2026-05-05,226.10000610351562,2026-06-10,0.0840778150980348,time
MIRM,2026-05-04 08:00:06-04:00,POSITIVE,2026-05-05,106.94999694824219,2026-06-03,-0.15296868702360866,stop
CLNN,2026-05-04 08:02:35-04:00,POSITIVE,2026-05-05,7.289999961853027,2026-05-12,-0.19478739145740664,stop
PLSE,2026-05-04 09:16:42-04:00,SILENT,2026-05-05,20.040000915527344,2026-05-15,0.18463067298185587,trail
OCGN,2026-05-04 16:03:53-04:00,POSITIVE,2026-05-05,1.5520000457763672,2026-05-18,-0.15592789681637464,stop
VRTX,2026-05-04 16:05:36-04:00,POSITIVE,2026-05-05,431.989990234375,2026-06-10,0.004189906246697461,time
TVTX,2026-05-04 16:05:52-04:00,SILENT,2026-05-05,45.7400016784668,2026-06-10,0.020878836495692887,time
BHVN,2026-05-04 16:06:01-04:00,SILENT,2026-05-05,10.149999618530273,2026-05-15,-0.15566502296429052,stop
BMRN,2026-05-04 16:07:23-04:00,POSITIVE,2026-05-05,55.56999969482422,2026-06-10,0.007558070648715498,time
ORIC,2026-05-04 16:10:18-04:00,SILENT,2026-05-05,9.40999984741211,2026-05-18,-0.16950051180184655,stop
NUVB,2026-05-04 16:21:32-04:00,MIXED,2026-05-05,4.369999885559082,2026-05-07,0.08009151345499199,trail
RZLT,2026-05-04 16:30:42-04:00,MIXED,2026-05-05,3.3399999141693115,2026-05-19,-0.15269461184704802,stop
CRSP,2026-05-04 16:41:32-04:00,SILENT,2026-05-05,52.599998474121094,2026-06-02,-0.01425855554670774,trail
IDYA,2026-05-05 06:05:42-04:00,MIXED,2026-05-06,28.239999771118164,2026-06-09,-0.013456061042721346,trail
PFE,2026-05-05 07:01:20-04:00,MIXED,2026-05-06,26.559999465942383,2026-06-11,-0.028990909860612035,time
OCUL,2026-05-05 07:06:45-04:00,POSITIVE,2026-05-06,9.800000190734863,2026-05-19,-0.19081635979601097,stop
QURE,2026-05-05 07:06:49-04:00,NEGATIVE,2026-05-06,20.969999313354492,2026-05-11,0.22460663548146997,trail
DTIL,2026-05-05 07:19:27-04:00,SILENT,2026-05-06,7.460000038146973,2026-05-07,-0.03351206417179842,trail
CLYM,2026-05-05 07:45:12-04:00,POSITIVE,2026-05-06,11.479999542236328,2026-05-08,-0.013937269494084026,trail
VRDN,2026-05-05 07:56:52-04:00,POSITIVE,2026-05-06,18.5,2026-05-18,-0.1540540746740393,stop
COGT,2026-05-05 08:08:36-04:00,POSITIVE,2026-05-06,36.869998931884766,2026-05-18,-0.15080009837304764,stop
IRON,2026-05-05 08:32:37-04:00,SILENT,2026-05-06,68.55999755859375,2026-06-11,-0.022462091166371545,time
XNCR,2026-05-05 08:41:27-04:00,SILENT,2026-05-06,12.930000305175781,2026-05-15,-0.151585459542673,stop
OCGN,2026-05-05 11:37:19-04:00,POSITIVE,2026-05-06,1.5299999713897705,2026-05-19,-0.16993463746740245,stop
SCLX,2026-05-05 13:24:44-04:00,SILENT,2026-05-06,6.681196212768555,2026-05-07,-0.29822943808093416,stop
AVTX,2026-05-05 16:01:30-04:00,POSITIVE,2026-05-06,22.799999237060547,2026-05-06,-0.2241227576313607,stop
DNTH,2026-05-05 16:03:30-04:00,SILENT,2026-05-06,91.80999755859375,2026-06-10,-0.250081687125843,stop
CYTK,2026-05-05 16:05:32-04:00,POSITIVE,2026-05-06,78.37999725341797,2026-06-11,-0.13944884776962851,time
RARE,2026-05-05 16:06:15-04:00,POSITIVE,2026-05-06,25.90999984741211,2026-06-02,-0.17676572561475734,stop
TRVI,2026-05-05 16:07:38-04:00,POSITIVE,2026-05-06,14.140000343322754,2026-05-15,-0.0056577030950237805,trail
PTGX,2026-05-05 16:08:27-04:00,POSITIVE,2026-05-06,103.0,2026-06-11,0.03184464834268819,time
CTNM,2026-05-05 16:09:59-04:00,POSITIVE,2026-05-06,14.489999771118164,2026-05-07,-0.026570064524723325,trail
CYTK,2026-05-05 16:12:54-04:00,MIXED,2026-05-06,78.37999725341797,2026-06-11,-0.13944884776962851,time
ADPT,2026-05-05 16:15:23-04:00,SILENT,2026-05-06,14.63599967956543,2026-06-05,0.13931399304018433,trail
EYPT,2026-05-06 07:05:19-04:00,MIXED,2026-05-07,13.390000343322754,2026-05-12,-0.002987301032667533,trail
IMCR,2026-05-06 07:09:16-04:00,SILENT,2026-05-07,30.889999389648438,2026-06-12,-0.07533181321740146,time
TCRX,2026-05-06 07:15:16-04:00,SILENT,2026-05-07,1.2599999904632568,2026-05-15,-0.2063492003421874,stop
TSHA,2026-05-06 08:11:42-04:00,POSITIVE,2026-05-07,6.985000133514404,2026-05-15,-0.16893346923704078,stop
LXRX,2026-05-06 16:01:41-04:00,SILENT,2026-05-07,1.649999976158142,2026-05-12,0.3636363833403786,trail
ARQT,2026-05-06 16:03:23-04:00,POSITIVE,2026-05-07,22.81999969482422,2026-05-19,-0.1544697487147546,stop
RVMD,2026-05-06 16:05:17-04:00,MIXED,2026-05-07,148.8000030517578,2026-06-02,0.016760774494278374,trail
ZVRA,2026-05-06 16:05:48-04:00,SILENT,2026-05-07,10.859999656677246,2026-05-12,-0.008287219314803473,trail
MLYS,2026-05-06 16:07:55-04:00,POSITIVE,2026-05-07,29.18000030517578,2026-06-02,-0.012508559537383612,trail
VIR,2026-05-06 16:11:32-04:00,POSITIVE,2026-05-07,9.859999656677246,2026-06-09,-0.16430019695406473,stop
ACAD,2026-05-06 16:50:28-04:00,SILENT,2026-05-07,21.889999389648438,2026-06-12,-0.038373694655520096,time
AVTX,2026-05-06 19:38:51-04:00,POSITIVE,2026-05-07,22.299999237060547,2026-05-08,-0.05919281345223104,trail
GYRE,2026-05-06 20:30:16-04:00,POSITIVE,2026-05-07,7.900000095367432,2026-05-15,-0.1708860618146334,stop
TRDA,2026-05-07 03:11:40-04:00,POSITIVE,2026-05-08,6.630000114440918,2026-05-13,0.02262444838284594,trail
ZLAB,2026-05-07 06:05:13-04:00,POSITIVE,2026-05-08,19.43000030517578,2026-05-12,-0.006690739375881716,trail
INSM,2026-05-07 07:01:37-04:00,POSITIVE,2026-05-08,108.01000213623047,2026-05-15,0.0019442559051872088,trail
FHTX,2026-05-07 07:01:52-04:00,POSITIVE,2026-05-08,4.179999828338623,2026-05-13,-0.011961654533746202,trail
NAMS,2026-05-07 07:02:15-04:00,POSITIVE,2026-05-08,34.849998474121094,2026-05-11,0.07948351733273729,trail
AMLX,2026-05-07 07:02:56-04:00,POSITIVE,2026-05-08,15.199999809265137,2026-05-18,-0.16907892941272795,stop
CGEM,2026-05-07 07:03:38-04:00,SILENT,2026-05-08,14.609999656677246,2026-05-18,0.017111567821683105,trail
LGND,2026-05-07 07:03:45-04:00,POSITIVE,2026-05-08,212.1999969482422,2026-06-15,0.1906220430253276,time
CLYM,2026-05-07 07:05:16-04:00,POSITIVE,2026-05-08,11.90999984741211,2026-05-18,-0.19118383734207522,stop
GLUE,2026-05-07 07:05:23-04:00,POSITIVE,2026-05-08,19.65999984741211,2026-05-12,-0.03967450115459592,trail
BEAM,2026-05-07 07:06:11-04:00,POSITIVE,2026-05-08,31.709999084472656,2026-05-12,-0.03752755159465415,trail
NMRA,2026-05-07 07:10:17-04:00,POSITIVE,2026-05-08,1.9700000286102295,2026-05-19,-0.15228429805517008,stop
SRRK,2026-05-07 07:10:21-04:00,POSITIVE,2026-05-08,46.400001525878906,2026-05-18,0.004741323249378704,trail
ENGN,2026-05-07 07:11:10-04:00,POSITIVE,2026-05-08,1.7100000381469727,2026-05-08,-0.15204677465680272,stop
RAPP,2026-05-07 07:15:15-04:00,POSITIVE,2026-05-08,39.970001220703125,2026-05-19,-0.15424069870515988,stop
ACRS,2026-05-07 07:15:28-04:00,POSITIVE,2026-05-08,4.829999923706055,2026-06-10,-0.15527950555836156,stop
VERA,2026-05-07 07:30:17-04:00,POSITIVE,2026-05-08,35.83000183105469,2026-05-18,-0.05749375573588622,trail
ZURA,2026-05-07 07:35:43-04:00,SILENT,2026-05-08,4.420000076293945,2026-05-15,0.03393667257426891,trail
DCTH,2026-05-07 08:12:12-04:00,SILENT,2026-05-08,11.359999656677246,2026-06-15,0.026408468292384857,time
SLN,2026-05-07 08:15:17-04:00,SILENT,2026-05-08,6.849999904632568,2026-05-12,-0.05109487730005191,trail
CVKD,2026-05-07 08:35:37-04:00,SILENT,2026-05-08,5.840000152587891,2026-05-11,-0.06335622478233693,trail
TBPH,2026-05-07 08:36:15-04:00,NEGATIVE,2026-05-08,16.780000686645508,2026-06-15,-0.033969104818123874,time
LPCN,2026-05-07 09:05:14-04:00,POSITIVE,2026-05-08,2.4100000858306885,2026-06-08,-0.15352701692959814,stop
PVLA,2026-05-07 09:09:47-04:00,POSITIVE,2026-05-08,113.61000061035156,2026-05-14,0.03696854964948848,trail
WHWK,2026-05-07 09:12:52-04:00,POSITIVE,2026-05-08,3.890000104904175,2026-05-15,0.18766060693278308,trail
EWTX,2026-05-07 09:20:47-04:00,POSITIVE,2026-05-08,35.349998474121094,2026-06-02,0.04724192519739856,trail
HRMY,2026-05-07 09:24:33-04:00,POSITIVE,2026-05-08,31.90999984741211,2026-06-15,0.05656534985292905,time
MBX,2026-05-07 10:33:24-04:00,POSITIVE,2026-05-08,34.935001373291016,2026-05-12,0.02662087501409971,trail
KOD,2026-05-07 16:00:20-04:00,POSITIVE,2026-05-08,42.04999923706055,2026-05-15,-0.15291320860497748,stop
BBIO,2026-05-07 16:02:53-04:00,POSITIVE,2026-05-08,66.52999877929688,2026-06-15,-0.007966312776512496,time
XENE,2026-05-07 16:02:58-04:00,POSITIVE,2026-05-08,56.130001068115234,2026-06-15,-0.07945845028147414,time
DNLI,2026-05-07 16:03:26-04:00,SILENT,2026-05-08,19.440000534057617,2026-06-02,-0.026748994006078552,trail
ANNX,2026-05-07 16:05:41-04:00,POSITIVE,2026-05-08,5.614999771118164,2026-06-10,-0.16740865871773858,stop
LONA,2026-05-07 16:05:49-04:00,POSITIVE,2026-05-08,9.850000381469727,2026-05-14,-0.01725889032590877,trail
ARCT,2026-05-07 16:08:19-04:00,SILENT,2026-05-08,8.220000267028809,2026-05-11,0.04744517968116879,trail
PTCT,2026-05-07 16:09:45-04:00,POSITIVE,2026-05-08,74.06999969482422,2026-06-15,-0.030646640372877232,time
ZYME,2026-05-07 16:10:43-04:00,MIXED,2026-05-08,26.209999084472656,2026-06-15,-0.12590611798287066,time
FDMT,2026-05-07 16:10:56-04:00,SILENT,2026-05-08,9.079999923706055,2026-05-12,0.1277532882333603,trail
VSTM,2026-05-07 16:11:14-04:00,POSITIVE,2026-05-08,5.449999809265137,2026-05-12,-0.15229356931261429,stop
ALEC,2026-05-07 16:12:11-04:00,POSITIVE,2026-05-08,2.119999885559082,2026-05-11,-0.05424517798397732,trail
ELVN,2026-05-07 16:12:12-04:00,SILENT,2026-05-08,41.55500030517578,2026-05-15,-0.011671293629882507,trail
DFTX,2026-05-07 16:12:25-04:00,SILENT,2026-05-08,22.860000610351562,2026-05-19,-0.15441822363937463,stop
EVMN,2026-05-07 16:13:01-04:00,SILENT,2026-05-08,23.010000228881836,2026-05-12,-0.030856192297212814,trail
JANX,2026-05-07 16:16:20-04:00,NEGATIVE,2026-05-08,14.4399995803833,2026-06-15,-0.05955676465846671,time
TECX,2026-05-07 16:23:47-04:00,POSITIVE,2026-05-08,27.0,2026-05-11,-0.0007407576949508554,trail
CGTX,2026-05-07 16:24:55-04:00,POSITIVE,2026-05-08,1.1699999570846558,2026-05-27,0.008547000709448138,trail
GPCR,2026-05-07 16:42:51-04:00,POSITIVE,2026-05-08,38.15999984741211,2026-06-01,-0.009433978296411794,trail
RCKT,2026-05-07 16:45:57-04:00,NEGATIVE,2026-05-08,3.7699999809265137,2026-05-18,-0.20557031811362714,stop
ARTV,2026-05-08 06:37:29-04:00,POSITIVE,2026-05-11,11.680000305175781,2026-05-15,-0.17808218059586356,stop
ALXO,2026-05-08 08:06:18-04:00,POSITIVE,2026-05-11,2.059999942779541,2026-06-02,-0.17961159992065057,stop
CGON,2026-05-08 08:45:18-04:00,SILENT,2026-05-11,68.31999969482422,2026-05-14,-0.003659250601825481,trail
BIOA,2026-05-08 09:10:20-04:00,POSITIVE,2026-05-11,17.989999771118164,2026-05-18,-0.15175094924788013,stop
LXEO,2026-05-11 07:03:26-04:00,POSITIVE,2026-05-12,6.110000133514404,2026-05-15,-0.18003271368176887,stop
MBX,2026-05-11 07:04:22-04:00,POSITIVE,2026-05-12,40.08000183105469,2026-05-15,-0.20159684286227153,stop
DYN,2026-05-11 07:35:15-04:00,POSITIVE,2026-05-12,18.440000534057617,2026-06-17,-0.010846028044850797,time
NTLA,2026-05-11 07:36:17-04:00,MIXED,2026-05-12,14.34000015258789,2026-05-18,-0.15550909847851035,stop
AGEN,2026-05-11 08:52:03-04:00,POSITIVE,2026-05-12,3.25,2026-05-18,-0.05538463592529297,trail
BMEA,2026-05-11 12:58:18-04:00,POSITIVE,2026-05-12,1.5800000429153442,2026-05-15,-0.16455695151977123,stop
INBX,2026-05-11 16:02:50-04:00,SILENT,2026-05-12,125.0,2026-05-12,-0.20640002441406247,stop
SEPN,2026-05-11 16:05:14-04:00,POSITIVE,2026-05-12,24.459999084472656,2026-05-18,0.06295997437321832,trail
ERAS,2026-05-11 16:05:19-04:00,POSITIVE,2026-05-12,10.220000267028809,2026-06-02,0.30919762865434786,trail
AURA,2026-05-11 16:05:34-04:00,SILENT,2026-05-12,7.880000114440918,2026-06-05,-0.17385785097241502,stop
GANX,2026-05-11 16:05:35-04:00,POSITIVE,2026-05-12,1.7999999523162842,2026-05-27,-0.02777775202268362,trail
AVBP,2026-05-11 16:05:49-04:00,POSITIVE,2026-05-12,28.389999389648438,2026-06-02,-0.00281789099774421,trail
ANTX,2026-05-11 16:06:16-04:00,SILENT,2026-05-12,4.579999923706055,2026-05-15,-0.01746723254120064,trail
SANA,2026-05-11 16:08:24-04:00,POSITIVE,2026-05-12,3.5199999809265137,2026-05-15,-0.1605113807619235,stop
ABCL,2026-05-11 16:11:11-04:00,SILENT,2026-05-12,4.760000228881836,2026-05-15,-0.1596639059532916,stop
CHRS,2026-05-11 16:16:20-04:00,POSITIVE,2026-05-12,1.75,2026-05-18,-0.16571426391601562,stop
TNXP,2026-05-11 17:17:22-04:00,MIXED,2026-05-12,12.779999732971191,2026-05-18,0.09624417227000093,trail
PMN,2026-05-12 06:45:26-04:00,POSITIVE,2026-05-13,10.359999656677246,2026-06-01,0.003861000306814244,trail
OLMA,2026-05-12 07:05:16-04:00,POSITIVE,2026-05-13,13.510000228881836,2026-06-02,-0.21095487292272297,stop
ALKS,2026-05-12 07:07:58-04:00,MIXED,2026-05-13,38.5,2026-06-18,0.14233765044769675,time
PRLD,2026-05-12 07:11:58-04:00,SILENT,2026-05-13,4.572000026702881,2026-05-28,-0.16885390854718085,stop
ACHV,2026-05-12 07:20:21-04:00,SILENT,2026-05-13,5.980000019073486,2026-05-18,-0.21906353488314978,stop
IXHL,2026-05-12 07:30:21-04:00,POSITIVE,2026-05-13,3.7799999713897705,2026-05-18,-0.03439150185351525,trail
SGMT,2026-05-12 07:35:31-04:00,SILENT,2026-05-13,7.630000114440918,2026-05-18,-0.15268675548878308,stop
UNCY,2026-05-12 07:51:50-04:00,SILENT,2026-05-13,8.100000381469727,2026-06-05,-0.15308644315524422,stop
TENX,2026-05-12 08:00:07-04:00,SILENT,2026-05-13,12.170000076293945,2026-06-09,-0.1577650011715227,stop
PMVP,2026-05-12 08:00:17-04:00,SILENT,2026-05-13,1.399999976158142,2026-05-29,-0.16428573070740238,stop
CRBP,2026-05-12 08:15:16-04:00,SILENT,2026-05-13,11.449999809265137,2026-05-15,-0.03930129404028504,trail
DFTX,2026-05-12 08:15:16-04:00,SILENT,2026-05-13,21.190000534057617,2026-06-02,0.045304344515220585,trail
IMNM,2026-05-12 16:05:17-04:00,POSITIVE,2026-05-13,23.389999389648438,2026-05-18,-0.1526293197084978,stop
CAPR,2026-05-12 16:06:21-04:00,POSITIVE,2026-05-13,30.670000076293945,2026-06-08,-0.15226606014597222,stop
VRCA,2026-05-12 16:07:19-04:00,POSITIVE,2026-05-13,6.909999847412109,2026-05-14,-0.015918908698448475,trail
MAZE,2026-05-12 16:07:51-04:00,POSITIVE,2026-05-13,26.0,2026-06-18,-0.04019231062669015,time
KURA,2026-05-12 16:10:17-04:00,POSITIVE,2026-05-13,8.970000267028809,2026-05-15,0.02229652210828581,trail
PEPG,2026-05-12 16:10:18-04:00,MIXED,2026-05-13,1.6299999952316284,2026-05-14,-0.006134963492337775,trail
RZLT,2026-05-12 16:10:53-04:00,POSITIVE,2026-05-13,3.309999942779541,2026-06-04,0.2809667203672712,trail
ANAB,2026-05-12 16:17:24-04:00,SILENT,2026-05-13,65.0999984741211,2026-05-29,-0.1571428537944285,stop
AVIR,2026-05-12 16:17:39-04:00,POSITIVE,2026-05-13,5.25,2026-05-14,-0.20000003633045016,stop
IKT,2026-05-12 16:31:11-04:00,SILENT,2026-05-13,1.8899999856948853,2026-05-18,-0.16931213527239541,stop
GYRE,2026-05-12 17:03:02-04:00,POSITIVE,2026-05-13,7.369999885559082,2026-05-19,-0.15332430556139653,stop
PLX,2026-05-13 06:57:15-04:00,POSITIVE,2026-05-14,1.9500000476837158,2026-06-02,0.02051280044866699,trail
AVTX,2026-05-13 07:00:44-04:00,POSITIVE,2026-05-14,19.729999542236328,2026-05-18,-0.2133805971693128,stop
UPB,2026-05-13 07:05:16-04:00,POSITIVE,2026-05-14,9.449999809265137,2026-05-19,-0.15132268575280172,stop
ABEO,2026-05-13 07:30:50-04:00,SILENT,2026-05-14,5.679999828338623,2026-06-22,0.0088028507475304,time
ALT,2026-05-13 07:34:07-04:00,SILENT,2026-05-14,3.009999990463257,2026-06-22,-0.059800686819769466,time
FATE,2026-05-13 08:32:07-04:00,POSITIVE,2026-05-14,2.0199999809265137,2026-05-15,-0.15346531965676224,trail
BBIO,2026-05-13 16:01:37-04:00,POSITIVE,2026-05-14,68.9000015258789,2026-06-22,-0.037735826074612344,time
ACET,2026-05-13 16:04:12-04:00,POSITIVE,2026-05-14,8.149999618530273,2026-06-02,-0.004907971009235568,trail
AQST,2026-05-13 16:04:40-04:00,SILENT,2026-05-14,4.75,2026-05-18,-0.1621052591424239,stop
ACRV,2026-05-13 16:10:18-04:00,POSITIVE,2026-05-14,1.9700000286102295,2026-05-18,-0.17766498414153398,stop
LRMR,2026-05-14 07:02:34-04:00,SILENT,2026-05-15,3.8499999046325684,2026-05-18,-0.16623373567243638,stop
EYPT,2026-05-14 07:05:16-04:00,POSITIVE,2026-05-15,13.039999961853027,2026-06-23,0.043711633166540365,time
CABA,2026-05-14 07:06:42-04:00,POSITIVE,2026-05-15,3.5,2026-05-29,0.04571431023733963,trail
CYPH,2026-05-14 07:10:29-04:00,POSITIVE,2026-05-15,1.1699999570846558,2026-05-18,-0.18547004784979548,stop
RGNX,2026-05-14 07:15:16-04:00,MIXED,2026-05-15,6.25,2026-05-26,-0.027200012207031277,trail
IXHL,2026-05-14 07:30:31-04:00,POSITIVE,2026-05-15,3.8499999046325684,2026-05-27,-0.20519480036933202,stop
KPTI,2026-05-14 07:32:05-04:00,MIXED,2026-05-15,8.800000190734863,2026-05-18,-0.19602276637288085,stop
PYXS,2026-05-14 07:36:49-04:00,POSITIVE,2026-05-15,2.2100000381469727,2026-05-22,-0.2171945750172719,stop
AUTL,2026-05-14 07:53:38-04:00,SILENT,2026-05-15,1.5800000429153442,2026-05-19,0.025316430864913864,trail
MGTX,2026-05-14 08:06:12-04:00,MIXED,2026-05-15,9.880000114440918,2026-06-01,-0.011133568360638724,trail
CADL,2026-05-14 08:15:18-04:00,POSITIVE,2026-05-15,8.670000076293945,2026-06-05,-0.038638989065634566,trail
STRO,2026-05-14 16:15:18-04:00,POSITIVE,2026-05-15,43.849998474121094,2026-05-18,-0.23078675676254068,stop
CRDF,2026-05-14 16:15:18-04:00,POSITIVE,2026-05-15,1.649999976158142,2026-05-20,0.03636367445806554,trail
MPLT,2026-05-14 16:15:32-04:00,SILENT,2026-05-15,28.459999084472656,2026-06-02,-0.05256494837290959,trail
FBIO,2026-05-14 16:23:01-04:00,MIXED,2026-05-15,2.3499999046325684,2026-05-19,0.021276677771900232,trail
FBRX,2026-05-14 16:42:13-04:00,POSITIVE,2026-05-15,23.260000228881836,2026-05-19,-0.1818572442223778,stop
GYRE,2026-05-14 17:25:34-04:00,POSITIVE,2026-05-15,6.869999885559082,2026-05-28,-0.17467246422923055,stop
PVLA,2026-05-15 07:30:16-04:00,POSITIVE,2026-05-18,114.23999786376953,2026-06-24,0.04105394370716864,time
TNXP,2026-05-15 09:25:40-04:00,MIXED,2026-05-18,15.779999732971191,2026-05-22,-0.19201519545277446,stop
ANVS,2026-05-15 16:00:58-04:00,SILENT,2026-05-18,2.0899999141693115,2026-05-20,-0.16267939145081134,stop
HURA,2026-05-15 17:10:20-04:00,SILENT,2026-05-18,2.259999990463257,2026-05-20,0.03628319358945187,trail
TRDA,2026-05-18 14:32:23-04:00,POSITIVE,2026-05-19,5.860000133514404,2026-06-02,0.10921499179246097,trail
QNCX,2026-05-18 16:20:26-04:00,POSITIVE,2026-05-19,20.799999237060547,2026-05-27,0.10576927132860603,trail
NTHI,2026-05-18 17:00:15-04:00,POSITIVE,2026-05-19,5.260000228881836,2026-06-01,-0.1634981171278812,stop
IBRX,2026-05-18 17:20:47-04:00,SILENT,2026-05-19,7.960000038146973,2026-05-21,-0.08793967410935988,trail
DFTX,2026-05-19 07:30:21-04:00,POSITIVE,2026-05-20,20.149999618530273,2026-06-02,0.09925558500560805,trail
RLAY,2026-05-19 08:45:19-04:00,SILENT,2026-05-20,11.930000305175781,2026-05-22,0.12321871548626362,trail
LPCN,2026-05-19 09:00:16-04:00,POSITIVE,2026-05-20,2.2200000286102295,2026-06-18,0.03153150105435776,trail
PVLA,2026-05-20 16:35:15-04:00,POSITIVE,2026-05-21,114.20999908447266,2026-06-29,0.2567200764369011,time
IMMX,2026-05-21 06:04:26-04:00,POSITIVE,2026-05-22,8.710000038146973,2026-05-28,-0.020665936209809277,trail
PLX,2026-05-21 07:03:16-04:00,POSITIVE,2026-05-22,2.0299999713897705,2026-06-30,0.13793102233300925,time
CGTX,2026-05-21 07:34:37-04:00,POSITIVE,2026-05-22,1.25,2026-06-02,0.0,trail
FLGT,2026-05-21 17:04:12-04:00,POSITIVE,2026-05-22,17.329999923706055,2026-06-08,0.05424123128654901,trail
OLMA,2026-05-21 17:05:15-04:00,POSITIVE,2026-05-22,13.890000343322754,2026-06-02,-0.232541426643188,stop
BCYC,2026-05-21 17:05:25-04:00,MIXED,2026-05-22,4.449999809265137,2026-06-30,-0.0651685335467278,time
WHWK,2026-05-21 17:16:19-04:00,POSITIVE,2026-05-22,4.449999809265137,2026-05-27,0.035955130585879624,trail
BDTX,2026-05-21 17:19:10-04:00,MIXED,2026-05-22,3.009999990463257,2026-05-22,-0.25249169198378907,stop
DNLI,2026-05-21 18:17:45-04:00,MIXED,2026-05-22,18.520000457763672,2026-06-02,0.021598251006661906,trail
ASMB,2026-05-22 07:15:16-04:00,SILENT,2026-05-26,28.329999923706055,2026-06-03,-0.15284150848453715,stop
FENC,2026-05-22 16:05:17-04:00,POSITIVE,2026-05-26,9.970000267028809,2026-07-01,0.024072193048163992,trail
EDIT,2026-05-26 06:09:56-04:00,POSITIVE,2026-05-27,3.244999885559082,2026-05-28,0.03543914132278303,trail
OLMA,2026-05-26 07:05:16-04:00,POSITIVE,2026-05-27,13.579999923706055,2026-06-02,-0.2150220981368799,stop
CRBP,2026-05-26 08:56:06-04:00,POSITIVE,2026-05-27,8.119999885559082,2026-07-02,0.11822660734937607,time
TNXP,2026-05-27 07:05:55-04:00,POSITIVE,2026-05-28,12.289999961853027,2026-06-11,-0.1838893601217786,stop
TGTX,2026-05-27 16:34:57-04:00,POSITIVE,2026-05-28,39.0,2026-06-23,0.3512820708446014,trail
IMUX,2026-05-28 07:01:07-04:00,POSITIVE,2026-05-29,15.100000381469727,2026-06-05,-0.16556290972468624,stop
MNKD,2026-05-28 08:37:11-04:00,SILENT,2026-05-29,3.6600000858306885,2026-07-07,0.13661195351254718,trail
IONS,2026-05-28 12:41:22-04:00,POSITIVE,2026-05-29,77.54000091552734,2026-07-07,0.06977038907451827,time
MNPR,2026-05-29 16:56:34-04:00,SILENT,2026-06-01,64.63999938964844,2026-06-26,0.3258044207526143,trail
SMMT,2026-06-01 06:57:20-04:00,SILENT,2026-06-02,15.529999732971191,2026-06-10,-0.19188664478271666,stop
JBIO,2026-06-01 07:55:09-04:00,MIXED,2026-06-02,19.010000228881836,2026-06-04,-0.16201998351513014,stop
VYGR,2026-06-01 08:00:26-04:00,POSITIVE,2026-06-02,3.819999933242798,2026-07-09,-0.05759163153269253,time
NXTC,2026-06-01 08:10:58-04:00,POSITIVE,2026-06-02,3.6500000953674316,2026-06-03,-0.16164387319789852,stop
EWTX,2026-06-01 08:51:21-04:00,POSITIVE,2026-06-02,40.0,2026-06-09,-0.1715000152587891,stop
IDYA,2026-06-01 16:05:32-04:00,POSITIVE,2026-06-02,28.579999923706055,2026-06-09,-0.025192418309185505,trail
IMRX,2026-06-01 16:51:53-04:00,MIXED,2026-06-02,4.539999961853027,2026-07-09,0.17511015043477252,time
FLGT,2026-06-01 19:07:35-04:00,POSITIVE,2026-06-02,18.079999923706055,2026-06-08,0.010508879140452398,trail
GYRE,2026-06-02 06:09:32-04:00,POSITIVE,2026-06-03,5.559999942779541,2026-06-08,0.07014386160058628,trail
VERA,2026-06-02 07:05:16-04:00,SILENT,2026-06-03,31.260000228881836,2026-06-05,0.004478547300811986,trail
RZLT,2026-06-02 07:05:59-04:00,POSITIVE,2026-06-03,4.369999885559082,2026-06-09,-0.15102971732175952,stop
CELC,2026-06-02 08:10:25-04:00,POSITIVE,2026-06-03,86.6500015258789,2026-06-04,-0.01454128233170493,trail
INMB,2026-06-02 16:00:20-04:00,POSITIVE,2026-06-03,1.4199999570846558,2026-06-09,-0.15352108573137802,stop
CABA,2026-06-03 07:02:06-04:00,POSITIVE,2026-06-04,3.5199999809265137,2026-06-09,-0.1528408725307252,stop
DYN,2026-06-03 07:35:14-04:00,SILENT,2026-06-04,18.149999618530273,2026-07-10,0.24380172106954023,trail
CRDF,2026-06-03 08:30:20-04:00,POSITIVE,2026-06-04,1.399999976158142,2026-06-05,-0.007142850452539706,trail
ADCT,2026-06-03 16:17:06-04:00,POSITIVE,2026-06-04,1.3700000047683716,2026-06-05,-0.25912410061159585,trail
CGTX,2026-06-04 08:00:53-04:00,POSITIVE,2026-06-05,1.3300000429153442,2026-06-09,-0.15789476042922157,stop
ANTX,2026-06-04 16:15:49-04:00,POSITIVE,2026-06-05,4.190000057220459,2026-06-17,-0.025059670081040708,trail
CLYM,2026-06-05 07:12:49-04:00,POSITIVE,2026-06-08,11.050000190734863,2026-06-09,-0.0615384880939589,trail
EDSA,2026-06-05 09:25:18-04:00,POSITIVE,2026-06-08,5.739999771118164,2026-06-09,-0.2055748911830978,stop
NRIX,2026-06-08 06:11:32-04:00,POSITIVE,2026-06-09,16.0,2026-06-15,0.04999995231628418,trail
CGEM,2026-06-08 06:32:15-04:00,POSITIVE,2026-06-09,13.369999885559082,2026-06-16,-0.014958848988559592,trail
MTVA,2026-06-08 09:01:47-04:00,POSITIVE,2026-06-09,1.8200000524520874,2026-06-12,-0.05494506646146946,trail
VOR,2026-06-08 16:01:29-04:00,POSITIVE,2026-06-09,13.34000015258789,2026-06-15,0.008245851230811674,trail
STTK,2026-06-09 16:28:58-04:00,POSITIVE,2026-06-10,4.349999904632568,2026-06-15,0.05977016886941677,trail
HUMA,2026-06-10 16:34:18-04:00,MIXED,2026-06-11,1.0499999523162842,2026-06-22,-0.2095237895204357,stop
IOVA,2026-06-10 17:01:03-04:00,SILENT,2026-06-11,3.7799999713897705,2026-06-15,0.02910056464205768,trail
TECX,2026-06-10 17:08:54-04:00,SILENT,2026-06-11,27.56999969482422,2026-06-16,0.026478039547217502,trail
CCCC,2026-06-11 07:04:42-04:00,SILENT,2026-06-12,3.880000114440918,2026-06-15,-0.015463963770208755,trail
NRIX,2026-06-11 07:06:57-04:00,POSITIVE,2026-06-12,17.15999984741211,2026-06-15,-0.02097905673384104,trail
SLN,2026-06-11 07:35:16-04:00,POSITIVE,2026-06-12,6.699999809265137,2026-06-23,0.0537313647407236,trail
CRBU,2026-06-11 08:02:57-04:00,POSITIVE,2026-06-12,1.7400000095367432,2026-07-07,0.0057471209243953325,trail
ELVN,2026-06-11 08:09:27-04:00,POSITIVE,2026-06-12,39.76499938964844,2026-06-15,0.04161948458944775,trail
DNTH,2026-06-12 07:00:32-04:00,POSITIVE,2026-06-15,83.45999908447266,2026-07-01,0.07931946823869129,trail
MBX,2026-06-12 07:05:58-04:00,MIXED,2026-06-15,35.79999923706055,2026-06-23,0.17293301743092915,trail
LXEO,2026-06-15 07:05:59-04:00,SILENT,2026-06-16,4.690000057220459,2026-06-22,0.03518122811086166,trail
ALKS,2026-06-15 07:09:44-04:00,SILENT,2026-06-16,44.58000183105469,2026-07-13,0.13369221264412068,trail
SYRE,2026-06-15 08:01:32-04:00,POSITIVE,2026-06-16,83.54000091552734,2026-06-24,-0.022623885191951798,trail
NTLA,2026-06-15 08:52:21-04:00,POSITIVE,2026-06-16,14.779999732971191,2026-06-18,0.017591355451910262,trail
RYTM,2026-06-15 16:07:28-04:00,POSITIVE,2026-06-16,90.94000244140625,2026-07-13,0.14964812837383,trail
AVTX,2026-06-16 07:18:22-04:00,POSITIVE,2026-06-17,14.40999984741211,2026-07-01,0.1956974132328435,trail
IRD,2026-06-16 16:11:35-04:00,SILENT,2026-06-17,3.880000114440918,2026-06-24,-0.046391768414455026,trail
ELTX,2026-06-17 08:03:10-04:00,SILENT,2026-06-18,4.2129998207092285,2026-06-25,-0.1502492105249159,stop
NVCR,2026-06-18 07:00:03-04:00,MIXED,2026-06-22,14.329999923706055,2026-07-10,0.11723658856386754,trail
ENTA,2026-06-18 07:12:58-04:00,POSITIVE,2026-06-22,12.850000381469727,2026-06-25,0.036575820965130346,trail
GRCE,2026-06-18 08:01:22-04:00,POSITIVE,2026-06-22,2.299999952316284,2026-07-10,0.03043475421480002,trail
GRCE,2026-06-18 08:15:34-04:00,MIXED,2026-06-22,2.299999952316284,2026-07-10,0.03043475421480002,trail
CVKD,2026-06-18 09:02:06-04:00,SILENT,2026-06-22,3.619999885559082,2026-06-23,-0.18784526238558208,stop
MPLT,2026-06-22 07:08:42-04:00,MIXED,2026-06-23,28.329999923706055,2026-07-01,0.19731727004212396,trail
ABBV,2026-06-22 07:11:21-04:00,POSITIVE,2026-06-23,232.97000122070312,2026-07-15,0.04335324741638047,stall
DFTX,2026-06-22 08:01:50-04:00,MIXED,2026-06-23,36.41999816894531,2026-06-26,0.1762493919736754,trail
ALLR,2026-06-22 08:10:21-04:00,POSITIVE,2026-06-23,1.3200000524520874,2026-07-07,-0.21590914735288103,stop
TSHA,2026-06-22 08:14:24-04:00,POSITIVE,2026-06-23,6.46999979019165,2026-06-25,-0.06336937568895418,trail
SPRO,2026-06-22 16:05:06-04:00,POSITIVE,2026-06-23,2.1600000858306885,2026-07-14,-0.22685190244221187,stop
PRAX,2026-06-22 16:43:01-04:00,POSITIVE,2026-06-23,298.5,2026-06-30,0.08750417124685939,trail
NVCT,2026-06-23 07:00:41-04:00,POSITIVE,2026-06-24,17.56999969482422,2026-06-26,0.34945927696613244,trail
ARMP,2026-06-23 07:10:57-04:00,POSITIVE,2026-06-24,6.900000095367432,2026-06-26,-0.04782607523840643,trail
GALT,2026-06-23 07:51:12-04:00,POSITIVE,2026-06-24,3.1500000953674316,2026-06-30,0.3301587080529014,trail
PHAT,2026-06-23 08:00:06-04:00,POSITIVE,2026-06-24,10.859999656677246,2026-07-13,0.003959504844551542,trail
VSTM,2026-06-23 16:02:33-04:00,POSITIVE,2026-06-24,4.199999809265137,2026-06-25,-0.1833332803514245,stop
INMB,2026-06-23 16:05:25-04:00,POSITIVE,2026-06-24,1.4299999475479126,2026-06-26,-0.006993000580457598,trail
SLN,2026-06-23 16:35:22-04:00,POSITIVE,2026-06-24,7.5,2026-07-02,0.356000010172526,trail
NTHI,2026-06-23 17:00:27-04:00,POSITIVE,2026-06-24,4.820000171661377,2026-07-14,-0.2531120795807553,stop
ABSI,2026-06-24 06:32:11-04:00,SILENT,2026-06-25,11.0,2026-06-25,-0.15272730047052552,stop
CGTX,2026-06-24 07:39:06-04:00,POSITIVE,2026-06-25,1.0700000524520874,2026-06-26,0.009345785021542818,trail
ADCT,2026-06-24 09:00:38-04:00,POSITIVE,2026-06-25,1.0700000524520874,2026-07-08,0.1915887043521749,trail
IONS,2026-06-24 15:48:37-04:00,POSITIVE,2026-06-25,76.69000244140625,2026-07-09,-0.16416747380995778,trail
KYMR,2026-06-25 07:10:11-04:00,POSITIVE,2026-06-26,114.0,2026-07-30,-0.08495611893503285,time
IXHL,2026-06-25 07:31:00-04:00,SILENT,2026-06-26,3.1600000858306885,2026-07-07,0.15537972269656541,trail
ALXO,2026-06-26 16:02:14-04:00,POSITIVE,2026-06-29,2.0,2026-06-30,0.02499997615814209,trail
CAPR,2026-06-26 17:15:16-04:00,POSITIVE,2026-06-29,27.010000228881836,2026-07-02,-0.16586447627815482,stop
VRDN,2026-06-26 18:18:31-04:00,POSITIVE,2026-06-29,19.3700008392334,2026-07-30,-0.004130093972118831,time
LRMR,2026-06-29 06:33:36-04:00,POSITIVE,2026-06-30,3.119999885559082,2026-07-10,0.2339743736697848,trail
TNXP,2026-06-29 07:05:56-04:00,POSITIVE,2026-06-30,12.770000457763672,2026-07-21,-0.15505093382411583,stop
RGNX,2026-06-29 07:15:14-04:00,POSITIVE,2026-06-30,11.850000381469727,2026-07-10,0.1324894214585246,trail
REPL,2026-06-29 08:11:25-04:00,SILENT,2026-06-30,12.0,2026-07-13,-0.18416666984558105,stop
EVMN,2026-06-29 08:32:15-04:00,MIXED,2026-06-30,14.760000228881836,2026-07-02,-0.15243902202638726,stop
GANX,2026-06-29 16:21:05-04:00,POSITIVE,2026-06-30,1.9500000476837158,2026-07-01,-0.01538466146946782,trail
